[2026-01-29T16:42:38.398+0530] {local_task_job_runner.py:123} INFO - ::group::Pre task execution logs
[2026-01-29T16:42:38.410+0530] {taskinstance.py:2631} INFO - Dependencies all met for dep_context=non-requeueable deps ti=<TaskInstance: weather_system_pipeline_v4.process_weather_data scheduled__2026-01-28T00:00:00+00:00 [queued]>
[2026-01-29T16:42:38.417+0530] {taskinstance.py:2631} INFO - Dependencies all met for dep_context=requeueable deps ti=<TaskInstance: weather_system_pipeline_v4.process_weather_data scheduled__2026-01-28T00:00:00+00:00 [queued]>
[2026-01-29T16:42:38.417+0530] {taskinstance.py:2884} INFO - Starting attempt 1 of 4
[2026-01-29T16:42:38.429+0530] {taskinstance.py:2907} INFO - Executing <Task(BashOperator): process_weather_data> on 2026-01-28 00:00:00+00:00
[2026-01-29T16:42:38.433+0530] {standard_task_runner.py:72} INFO - Started process 47127 to run task
[2026-01-29T16:42:38.437+0530] {standard_task_runner.py:104} INFO - Running: ['airflow', 'tasks', 'run', 'weather_system_pipeline_v4', 'process_weather_data', 'scheduled__2026-01-28T00:00:00+00:00', '--job-id', '272', '--raw', '--subdir', 'DAGS_FOLDER/dag_2.py', '--cfg-path', '/tmp/tmp_ngsw4dp']
[2026-01-29T16:42:38.439+0530] {standard_task_runner.py:105} INFO - Job 272: Subtask process_weather_data
[2026-01-29T16:42:38.480+0530] {task_command.py:467} INFO - Running <TaskInstance: weather_system_pipeline_v4.process_weather_data scheduled__2026-01-28T00:00:00+00:00 [running]> on host Aishwarya92848DBDA
[2026-01-29T16:42:38.537+0530] {taskinstance.py:3157} INFO - Exporting env vars: AIRFLOW_CTX_DAG_OWNER='Aishwarya' AIRFLOW_CTX_DAG_ID='weather_system_pipeline_v4' AIRFLOW_CTX_TASK_ID='process_weather_data' AIRFLOW_CTX_EXECUTION_DATE='2026-01-28T00:00:00+00:00' AIRFLOW_CTX_TRY_NUMBER='1' AIRFLOW_CTX_DAG_RUN_ID='scheduled__2026-01-28T00:00:00+00:00'
[2026-01-29T16:42:38.538+0530] {taskinstance.py:740} INFO - ::endgroup::
[2026-01-29T16:42:38.547+0530] {subprocess.py:78} INFO - Tmp dir root location: /tmp
[2026-01-29T16:42:38.547+0530] {subprocess.py:88} INFO - Running command: ['/usr/bin/bash', '-c', '\n     export SPARK_HOME=/home/hp/.local/lib/python3.10/site-packages/pyspark\n     export PATH=$SPARK_HOME/bin:$PATH\n     export PYSPARK_PYTHON=/home/hp/Desktop/Bigdata_project/BigData-Project/airflow-venv/bin/python\n\n     spark-submit --master local[2]      /home/hp/Desktop/Bigdata_project/BigData-Project/pre_processing.py\n    ']
[2026-01-29T16:42:38.556+0530] {subprocess.py:99} INFO - Output:
[2026-01-29T16:42:40.811+0530] {subprocess.py:106} INFO - 26/01/29 16:42:40 INFO SparkContext: Running Spark version 3.5.1
[2026-01-29T16:42:40.814+0530] {subprocess.py:106} INFO - 26/01/29 16:42:40 INFO SparkContext: OS info Linux, 6.8.0-90-generic, amd64
[2026-01-29T16:42:40.814+0530] {subprocess.py:106} INFO - 26/01/29 16:42:40 INFO SparkContext: Java version 1.8.0_472
[2026-01-29T16:42:40.859+0530] {subprocess.py:106} INFO - 26/01/29 16:42:40 WARN NativeCodeLoader: Unable to load native-hadoop library for your platform... using builtin-java classes where applicable
[2026-01-29T16:42:40.918+0530] {subprocess.py:106} INFO - 26/01/29 16:42:40 INFO ResourceUtils: ==============================================================
[2026-01-29T16:42:40.918+0530] {subprocess.py:106} INFO - 26/01/29 16:42:40 INFO ResourceUtils: No custom resources configured for spark.driver.
[2026-01-29T16:42:40.918+0530] {subprocess.py:106} INFO - 26/01/29 16:42:40 INFO ResourceUtils: ==============================================================
[2026-01-29T16:42:40.919+0530] {subprocess.py:106} INFO - 26/01/29 16:42:40 INFO SparkContext: Submitted application: WeatherSpark
[2026-01-29T16:42:40.938+0530] {subprocess.py:106} INFO - 26/01/29 16:42:40 INFO ResourceProfile: Default ResourceProfile created, executor resources: Map(cores -> name: cores, amount: 1, script: , vendor: , memory -> name: memory, amount: 1024, script: , vendor: , offHeap -> name: offHeap, amount: 0, script: , vendor: ), task resources: Map(cpus -> name: cpus, amount: 1.0)
[2026-01-29T16:42:40.949+0530] {subprocess.py:106} INFO - 26/01/29 16:42:40 INFO ResourceProfile: Limiting resource is cpu
[2026-01-29T16:42:40.950+0530] {subprocess.py:106} INFO - 26/01/29 16:42:40 INFO ResourceProfileManager: Added ResourceProfile id: 0
[2026-01-29T16:42:40.996+0530] {subprocess.py:106} INFO - 26/01/29 16:42:40 INFO SecurityManager: Changing view acls to: hp
[2026-01-29T16:42:40.997+0530] {subprocess.py:106} INFO - 26/01/29 16:42:40 INFO SecurityManager: Changing modify acls to: hp
[2026-01-29T16:42:40.997+0530] {subprocess.py:106} INFO - 26/01/29 16:42:40 INFO SecurityManager: Changing view acls groups to:
[2026-01-29T16:42:40.998+0530] {subprocess.py:106} INFO - 26/01/29 16:42:40 INFO SecurityManager: Changing modify acls groups to:
[2026-01-29T16:42:40.998+0530] {subprocess.py:106} INFO - 26/01/29 16:42:40 INFO SecurityManager: SecurityManager: authentication disabled; ui acls disabled; users with view permissions: hp; groups with view permissions: EMPTY; users with modify permissions: hp; groups with modify permissions: EMPTY
[2026-01-29T16:42:41.194+0530] {subprocess.py:106} INFO - 26/01/29 16:42:41 INFO Utils: Successfully started service 'sparkDriver' on port 42787.
[2026-01-29T16:42:41.219+0530] {subprocess.py:106} INFO - 26/01/29 16:42:41 INFO SparkEnv: Registering MapOutputTracker
[2026-01-29T16:42:41.248+0530] {subprocess.py:106} INFO - 26/01/29 16:42:41 INFO SparkEnv: Registering BlockManagerMaster
[2026-01-29T16:42:41.261+0530] {subprocess.py:106} INFO - 26/01/29 16:42:41 INFO BlockManagerMasterEndpoint: Using org.apache.spark.storage.DefaultTopologyMapper for getting topology information
[2026-01-29T16:42:41.261+0530] {subprocess.py:106} INFO - 26/01/29 16:42:41 INFO BlockManagerMasterEndpoint: BlockManagerMasterEndpoint up
[2026-01-29T16:42:41.265+0530] {subprocess.py:106} INFO - 26/01/29 16:42:41 INFO SparkEnv: Registering BlockManagerMasterHeartbeat
[2026-01-29T16:42:41.312+0530] {subprocess.py:106} INFO - 26/01/29 16:42:41 INFO DiskBlockManager: Created local directory at /tmp/blockmgr-da1dcf0d-e3cb-4358-aefb-15858d57278c
[2026-01-29T16:42:41.324+0530] {subprocess.py:106} INFO - 26/01/29 16:42:41 INFO MemoryStore: MemoryStore started with capacity 366.3 MiB
[2026-01-29T16:42:41.337+0530] {subprocess.py:106} INFO - 26/01/29 16:42:41 INFO SparkEnv: Registering OutputCommitCoordinator
[2026-01-29T16:42:41.466+0530] {subprocess.py:106} INFO - 26/01/29 16:42:41 INFO JettyUtils: Start Jetty 0.0.0.0:4040 for SparkUI
[2026-01-29T16:42:41.529+0530] {subprocess.py:106} INFO - 26/01/29 16:42:41 INFO Utils: Successfully started service 'SparkUI' on port 4040.
[2026-01-29T16:42:41.617+0530] {subprocess.py:106} INFO - 26/01/29 16:42:41 INFO Executor: Starting executor ID driver on host Aishwarya92848DBDA
[2026-01-29T16:42:41.617+0530] {subprocess.py:106} INFO - 26/01/29 16:42:41 INFO Executor: OS info Linux, 6.8.0-90-generic, amd64
[2026-01-29T16:42:41.618+0530] {subprocess.py:106} INFO - 26/01/29 16:42:41 INFO Executor: Java version 1.8.0_472
[2026-01-29T16:42:41.624+0530] {subprocess.py:106} INFO - 26/01/29 16:42:41 INFO Executor: Starting executor with user classpath (userClassPathFirst = false): ''
[2026-01-29T16:42:41.625+0530] {subprocess.py:106} INFO - 26/01/29 16:42:41 INFO Executor: Created or updated repl class loader org.apache.spark.util.MutableURLClassLoader@2ebb0245 for default.
[2026-01-29T16:42:41.644+0530] {subprocess.py:106} INFO - 26/01/29 16:42:41 INFO Utils: Successfully started service 'org.apache.spark.network.netty.NettyBlockTransferService' on port 45083.
[2026-01-29T16:42:41.645+0530] {subprocess.py:106} INFO - 26/01/29 16:42:41 INFO NettyBlockTransferService: Server created on Aishwarya92848DBDA:45083
[2026-01-29T16:42:41.646+0530] {subprocess.py:106} INFO - 26/01/29 16:42:41 INFO BlockManager: Using org.apache.spark.storage.RandomBlockReplicationPolicy for block replication policy
[2026-01-29T16:42:41.650+0530] {subprocess.py:106} INFO - 26/01/29 16:42:41 INFO BlockManagerMaster: Registering BlockManager BlockManagerId(driver, Aishwarya92848DBDA, 45083, None)
[2026-01-29T16:42:41.654+0530] {subprocess.py:106} INFO - 26/01/29 16:42:41 INFO BlockManagerMasterEndpoint: Registering block manager Aishwarya92848DBDA:45083 with 366.3 MiB RAM, BlockManagerId(driver, Aishwarya92848DBDA, 45083, None)
[2026-01-29T16:42:41.656+0530] {subprocess.py:106} INFO - 26/01/29 16:42:41 INFO BlockManagerMaster: Registered BlockManager BlockManagerId(driver, Aishwarya92848DBDA, 45083, None)
[2026-01-29T16:42:41.657+0530] {subprocess.py:106} INFO - 26/01/29 16:42:41 INFO BlockManager: Initialized BlockManager: BlockManagerId(driver, Aishwarya92848DBDA, 45083, None)
[2026-01-29T16:42:42.045+0530] {subprocess.py:106} INFO - 26/01/29 16:42:42 INFO SharedState: Setting hive.metastore.warehouse.dir ('null') to the value of spark.sql.warehouse.dir.
[2026-01-29T16:42:42.051+0530] {subprocess.py:106} INFO - 26/01/29 16:42:42 INFO SharedState: Warehouse path is 'file:/tmp/airflowtmpz6r74elp/spark-warehouse'.
[2026-01-29T16:42:43.128+0530] {subprocess.py:106} INFO - 26/01/29 16:42:43 INFO InMemoryFileIndex: It took 55 ms to list leaf files for 1 paths.
[2026-01-29T16:42:43.186+0530] {subprocess.py:106} INFO - 26/01/29 16:42:43 INFO InMemoryFileIndex: It took 5 ms to list leaf files for 1 paths.
[2026-01-29T16:42:45.107+0530] {subprocess.py:106} INFO - 26/01/29 16:42:45 INFO FileSourceStrategy: Pushed Filters:
[2026-01-29T16:42:45.110+0530] {subprocess.py:106} INFO - 26/01/29 16:42:45 INFO FileSourceStrategy: Post-Scan Filters: (length(trim(value#0, None)) > 0)
[2026-01-29T16:42:45.669+0530] {subprocess.py:106} INFO - 26/01/29 16:42:45 INFO CodeGenerator: Code generated in 205.789035 ms
[2026-01-29T16:42:45.715+0530] {subprocess.py:106} INFO - 26/01/29 16:42:45 INFO MemoryStore: Block broadcast_0 stored as values in memory (estimated size 350.3 KiB, free 366.0 MiB)
[2026-01-29T16:42:45.755+0530] {subprocess.py:106} INFO - 26/01/29 16:42:45 INFO MemoryStore: Block broadcast_0_piece0 stored as bytes in memory (estimated size 34.3 KiB, free 365.9 MiB)
[2026-01-29T16:42:45.757+0530] {subprocess.py:106} INFO - 26/01/29 16:42:45 INFO BlockManagerInfo: Added broadcast_0_piece0 in memory on Aishwarya92848DBDA:45083 (size: 34.3 KiB, free: 366.3 MiB)
[2026-01-29T16:42:45.763+0530] {subprocess.py:106} INFO - 26/01/29 16:42:45 INFO SparkContext: Created broadcast 0 from csv at NativeMethodAccessorImpl.java:0
[2026-01-29T16:42:45.774+0530] {subprocess.py:106} INFO - 26/01/29 16:42:45 INFO FileSourceScanExec: Planning scan with bin packing, max size: 4194304 bytes, open cost is considered as scanning 4194304 bytes.
[2026-01-29T16:42:45.906+0530] {subprocess.py:106} INFO - 26/01/29 16:42:45 INFO SparkContext: Starting job: csv at NativeMethodAccessorImpl.java:0
[2026-01-29T16:42:45.923+0530] {subprocess.py:106} INFO - 26/01/29 16:42:45 INFO DAGScheduler: Got job 0 (csv at NativeMethodAccessorImpl.java:0) with 1 output partitions
[2026-01-29T16:42:45.924+0530] {subprocess.py:106} INFO - 26/01/29 16:42:45 INFO DAGScheduler: Final stage: ResultStage 0 (csv at NativeMethodAccessorImpl.java:0)
[2026-01-29T16:42:45.924+0530] {subprocess.py:106} INFO - 26/01/29 16:42:45 INFO DAGScheduler: Parents of final stage: List()
[2026-01-29T16:42:45.926+0530] {subprocess.py:106} INFO - 26/01/29 16:42:45 INFO DAGScheduler: Missing parents: List()
[2026-01-29T16:42:45.930+0530] {subprocess.py:106} INFO - 26/01/29 16:42:45 INFO DAGScheduler: Submitting ResultStage 0 (MapPartitionsRDD[3] at csv at NativeMethodAccessorImpl.java:0), which has no missing parents
[2026-01-29T16:42:46.001+0530] {subprocess.py:106} INFO - 26/01/29 16:42:46 INFO MemoryStore: Block broadcast_1 stored as values in memory (estimated size 13.5 KiB, free 365.9 MiB)
[2026-01-29T16:42:46.003+0530] {subprocess.py:106} INFO - 26/01/29 16:42:46 INFO MemoryStore: Block broadcast_1_piece0 stored as bytes in memory (estimated size 6.4 KiB, free 365.9 MiB)
[2026-01-29T16:42:46.004+0530] {subprocess.py:106} INFO - 26/01/29 16:42:46 INFO BlockManagerInfo: Added broadcast_1_piece0 in memory on Aishwarya92848DBDA:45083 (size: 6.4 KiB, free: 366.3 MiB)
[2026-01-29T16:42:46.004+0530] {subprocess.py:106} INFO - 26/01/29 16:42:46 INFO SparkContext: Created broadcast 1 from broadcast at DAGScheduler.scala:1585
[2026-01-29T16:42:46.018+0530] {subprocess.py:106} INFO - 26/01/29 16:42:46 INFO DAGScheduler: Submitting 1 missing tasks from ResultStage 0 (MapPartitionsRDD[3] at csv at NativeMethodAccessorImpl.java:0) (first 15 tasks are for partitions Vector(0))
[2026-01-29T16:42:46.019+0530] {subprocess.py:106} INFO - 26/01/29 16:42:46 INFO TaskSchedulerImpl: Adding task set 0.0 with 1 tasks resource profile 0
[2026-01-29T16:42:46.061+0530] {subprocess.py:106} INFO - 26/01/29 16:42:46 INFO TaskSetManager: Starting task 0.0 in stage 0.0 (TID 0) (Aishwarya92848DBDA, executor driver, partition 0, NODE_LOCAL, 8241 bytes)
[2026-01-29T16:42:46.074+0530] {subprocess.py:106} INFO - 26/01/29 16:42:46 INFO Executor: Running task 0.0 in stage 0.0 (TID 0)
[2026-01-29T16:42:46.320+0530] {subprocess.py:106} INFO - 26/01/29 16:42:46 INFO CodeGenerator: Code generated in 11.646041 ms
[2026-01-29T16:42:46.324+0530] {subprocess.py:106} INFO - 26/01/29 16:42:46 INFO FileScanRDD: Reading File path: hdfs://localhost:9000/weather/data/raw_data/weather_dataset.csv, range: 0-4194304, partition values: [empty row]
[2026-01-29T16:42:46.339+0530] {subprocess.py:106} INFO - 26/01/29 16:42:46 INFO CodeGenerator: Code generated in 9.829318 ms
[2026-01-29T16:42:46.438+0530] {subprocess.py:106} INFO - 26/01/29 16:42:46 INFO Executor: Finished task 0.0 in stage 0.0 (TID 0). 1802 bytes result sent to driver
[2026-01-29T16:42:46.449+0530] {subprocess.py:106} INFO - 26/01/29 16:42:46 INFO TaskSetManager: Finished task 0.0 in stage 0.0 (TID 0) in 397 ms on Aishwarya92848DBDA (executor driver) (1/1)
[2026-01-29T16:42:46.451+0530] {subprocess.py:106} INFO - 26/01/29 16:42:46 INFO TaskSchedulerImpl: Removed TaskSet 0.0, whose tasks have all completed, from pool
[2026-01-29T16:42:46.457+0530] {subprocess.py:106} INFO - 26/01/29 16:42:46 INFO DAGScheduler: ResultStage 0 (csv at NativeMethodAccessorImpl.java:0) finished in 0.514 s
[2026-01-29T16:42:46.463+0530] {subprocess.py:106} INFO - 26/01/29 16:42:46 INFO DAGScheduler: Job 0 is finished. Cancelling potential speculative or zombie tasks for this job
[2026-01-29T16:42:46.463+0530] {subprocess.py:106} INFO - 26/01/29 16:42:46 INFO TaskSchedulerImpl: Killing all running tasks in stage 0: Stage finished
[2026-01-29T16:42:46.466+0530] {subprocess.py:106} INFO - 26/01/29 16:42:46 INFO DAGScheduler: Job 0 finished: csv at NativeMethodAccessorImpl.java:0, took 0.559002 s
[2026-01-29T16:42:46.486+0530] {subprocess.py:106} INFO - 26/01/29 16:42:46 INFO CodeGenerator: Code generated in 10.978523 ms
[2026-01-29T16:42:46.546+0530] {subprocess.py:106} INFO - 26/01/29 16:42:46 INFO FileSourceStrategy: Pushed Filters:
[2026-01-29T16:42:46.546+0530] {subprocess.py:106} INFO - 26/01/29 16:42:46 INFO FileSourceStrategy: Post-Scan Filters:
[2026-01-29T16:42:46.552+0530] {subprocess.py:106} INFO - 26/01/29 16:42:46 INFO MemoryStore: Block broadcast_2 stored as values in memory (estimated size 350.3 KiB, free 365.6 MiB)
[2026-01-29T16:42:46.559+0530] {subprocess.py:106} INFO - 26/01/29 16:42:46 INFO MemoryStore: Block broadcast_2_piece0 stored as bytes in memory (estimated size 34.3 KiB, free 365.5 MiB)
[2026-01-29T16:42:46.560+0530] {subprocess.py:106} INFO - 26/01/29 16:42:46 INFO BlockManagerInfo: Added broadcast_2_piece0 in memory on Aishwarya92848DBDA:45083 (size: 34.3 KiB, free: 366.2 MiB)
[2026-01-29T16:42:46.560+0530] {subprocess.py:106} INFO - 26/01/29 16:42:46 INFO SparkContext: Created broadcast 2 from csv at NativeMethodAccessorImpl.java:0
[2026-01-29T16:42:46.561+0530] {subprocess.py:106} INFO - 26/01/29 16:42:46 INFO FileSourceScanExec: Planning scan with bin packing, max size: 4194304 bytes, open cost is considered as scanning 4194304 bytes.
[2026-01-29T16:42:46.619+0530] {subprocess.py:106} INFO - 26/01/29 16:42:46 INFO SparkContext: Starting job: csv at NativeMethodAccessorImpl.java:0
[2026-01-29T16:42:46.620+0530] {subprocess.py:106} INFO - 26/01/29 16:42:46 INFO DAGScheduler: Got job 1 (csv at NativeMethodAccessorImpl.java:0) with 2 output partitions
[2026-01-29T16:42:46.620+0530] {subprocess.py:106} INFO - 26/01/29 16:42:46 INFO DAGScheduler: Final stage: ResultStage 1 (csv at NativeMethodAccessorImpl.java:0)
[2026-01-29T16:42:46.620+0530] {subprocess.py:106} INFO - 26/01/29 16:42:46 INFO DAGScheduler: Parents of final stage: List()
[2026-01-29T16:42:46.623+0530] {subprocess.py:106} INFO - 26/01/29 16:42:46 INFO DAGScheduler: Missing parents: List()
[2026-01-29T16:42:46.624+0530] {subprocess.py:106} INFO - 26/01/29 16:42:46 INFO DAGScheduler: Submitting ResultStage 1 (MapPartitionsRDD[9] at csv at NativeMethodAccessorImpl.java:0), which has no missing parents
[2026-01-29T16:42:46.657+0530] {subprocess.py:106} INFO - 26/01/29 16:42:46 INFO MemoryStore: Block broadcast_3 stored as values in memory (estimated size 27.8 KiB, free 365.5 MiB)
[2026-01-29T16:42:46.659+0530] {subprocess.py:106} INFO - 26/01/29 16:42:46 INFO MemoryStore: Block broadcast_3_piece0 stored as bytes in memory (estimated size 12.8 KiB, free 365.5 MiB)
[2026-01-29T16:42:46.660+0530] {subprocess.py:106} INFO - 26/01/29 16:42:46 INFO BlockManagerInfo: Added broadcast_3_piece0 in memory on Aishwarya92848DBDA:45083 (size: 12.8 KiB, free: 366.2 MiB)
[2026-01-29T16:42:46.660+0530] {subprocess.py:106} INFO - 26/01/29 16:42:46 INFO SparkContext: Created broadcast 3 from broadcast at DAGScheduler.scala:1585
[2026-01-29T16:42:46.661+0530] {subprocess.py:106} INFO - 26/01/29 16:42:46 INFO DAGScheduler: Submitting 2 missing tasks from ResultStage 1 (MapPartitionsRDD[9] at csv at NativeMethodAccessorImpl.java:0) (first 15 tasks are for partitions Vector(0, 1))
[2026-01-29T16:42:46.661+0530] {subprocess.py:106} INFO - 26/01/29 16:42:46 INFO TaskSchedulerImpl: Adding task set 1.0 with 2 tasks resource profile 0
[2026-01-29T16:42:46.663+0530] {subprocess.py:106} INFO - 26/01/29 16:42:46 INFO TaskSetManager: Starting task 0.0 in stage 1.0 (TID 1) (Aishwarya92848DBDA, executor driver, partition 0, NODE_LOCAL, 8241 bytes)
[2026-01-29T16:42:46.663+0530] {subprocess.py:106} INFO - 26/01/29 16:42:46 INFO TaskSetManager: Starting task 1.0 in stage 1.0 (TID 2) (Aishwarya92848DBDA, executor driver, partition 1, NODE_LOCAL, 8241 bytes)
[2026-01-29T16:42:46.664+0530] {subprocess.py:106} INFO - 26/01/29 16:42:46 INFO Executor: Running task 0.0 in stage 1.0 (TID 1)
[2026-01-29T16:42:46.665+0530] {subprocess.py:106} INFO - 26/01/29 16:42:46 INFO Executor: Running task 1.0 in stage 1.0 (TID 2)
[2026-01-29T16:42:46.738+0530] {subprocess.py:106} INFO - 26/01/29 16:42:46 INFO CodeGenerator: Code generated in 6.660187 ms
[2026-01-29T16:42:46.741+0530] {subprocess.py:106} INFO - 26/01/29 16:42:46 INFO FileScanRDD: Reading File path: hdfs://localhost:9000/weather/data/raw_data/weather_dataset.csv, range: 4194304-6329103, partition values: [empty row]
[2026-01-29T16:42:46.741+0530] {subprocess.py:106} INFO - 26/01/29 16:42:46 INFO FileScanRDD: Reading File path: hdfs://localhost:9000/weather/data/raw_data/weather_dataset.csv, range: 0-4194304, partition values: [empty row]
[2026-01-29T16:42:46.977+0530] {subprocess.py:106} INFO - 26/01/29 16:42:46 INFO BlockManagerInfo: Removed broadcast_1_piece0 on Aishwarya92848DBDA:45083 in memory (size: 6.4 KiB, free: 366.2 MiB)
[2026-01-29T16:42:46.983+0530] {subprocess.py:106} INFO - 26/01/29 16:42:46 INFO BlockManagerInfo: Removed broadcast_0_piece0 on Aishwarya92848DBDA:45083 in memory (size: 34.3 KiB, free: 366.3 MiB)
[2026-01-29T16:42:47.065+0530] {subprocess.py:106} INFO - 26/01/29 16:42:47 INFO Executor: Finished task 1.0 in stage 1.0 (TID 2). 1805 bytes result sent to driver
[2026-01-29T16:42:47.068+0530] {subprocess.py:106} INFO - 26/01/29 16:42:47 INFO TaskSetManager: Finished task 1.0 in stage 1.0 (TID 2) in 404 ms on Aishwarya92848DBDA (executor driver) (1/2)
[2026-01-29T16:42:47.147+0530] {subprocess.py:106} INFO - 26/01/29 16:42:47 INFO Executor: Finished task 0.0 in stage 1.0 (TID 1). 1762 bytes result sent to driver
[2026-01-29T16:42:47.149+0530] {subprocess.py:106} INFO - 26/01/29 16:42:47 INFO TaskSetManager: Finished task 0.0 in stage 1.0 (TID 1) in 486 ms on Aishwarya92848DBDA (executor driver) (2/2)
[2026-01-29T16:42:47.149+0530] {subprocess.py:106} INFO - 26/01/29 16:42:47 INFO TaskSchedulerImpl: Removed TaskSet 1.0, whose tasks have all completed, from pool
[2026-01-29T16:42:47.150+0530] {subprocess.py:106} INFO - 26/01/29 16:42:47 INFO DAGScheduler: ResultStage 1 (csv at NativeMethodAccessorImpl.java:0) finished in 0.523 s
[2026-01-29T16:42:47.150+0530] {subprocess.py:106} INFO - 26/01/29 16:42:47 INFO DAGScheduler: Job 1 is finished. Cancelling potential speculative or zombie tasks for this job
[2026-01-29T16:42:47.151+0530] {subprocess.py:106} INFO - 26/01/29 16:42:47 INFO TaskSchedulerImpl: Killing all running tasks in stage 1: Stage finished
[2026-01-29T16:42:47.151+0530] {subprocess.py:106} INFO - 26/01/29 16:42:47 INFO DAGScheduler: Job 1 finished: csv at NativeMethodAccessorImpl.java:0, took 0.532175 s
[2026-01-29T16:42:47.192+0530] {subprocess.py:106} INFO - root
[2026-01-29T16:42:47.193+0530] {subprocess.py:106} INFO -  |-- city: string (nullable = true)
[2026-01-29T16:42:47.193+0530] {subprocess.py:106} INFO -  |-- date: date (nullable = true)
[2026-01-29T16:42:47.193+0530] {subprocess.py:106} INFO -  |-- temperature_2m_max: double (nullable = true)
[2026-01-29T16:42:47.193+0530] {subprocess.py:106} INFO -  |-- temperature_2m_min: double (nullable = true)
[2026-01-29T16:42:47.193+0530] {subprocess.py:106} INFO -  |-- apparent_temperature_max: double (nullable = true)
[2026-01-29T16:42:47.193+0530] {subprocess.py:106} INFO -  |-- apparent_temperature_min: double (nullable = true)
[2026-01-29T16:42:47.193+0530] {subprocess.py:106} INFO -  |-- precipitation_sum: double (nullable = true)
[2026-01-29T16:42:47.193+0530] {subprocess.py:106} INFO -  |-- rain_sum: double (nullable = true)
[2026-01-29T16:42:47.193+0530] {subprocess.py:106} INFO -  |-- weather_code: integer (nullable = true)
[2026-01-29T16:42:47.193+0530] {subprocess.py:106} INFO -  |-- wind_speed_10m_max: double (nullable = true)
[2026-01-29T16:42:47.194+0530] {subprocess.py:106} INFO -  |-- wind_gusts_10m_max: double (nullable = true)
[2026-01-29T16:42:47.194+0530] {subprocess.py:106} INFO -  |-- wind_direction_10m_dominant: integer (nullable = true)
[2026-01-29T16:42:47.194+0530] {subprocess.py:106} INFO - 
[2026-01-29T16:42:47.370+0530] {subprocess.py:106} INFO - 26/01/29 16:42:47 INFO FileSourceStrategy: Pushed Filters: Or(Or(Or(Or(IsNull(city),IsNull(date)),IsNull(temperature_2m_max)),Or(Or(IsNull(temperature_2m_min),IsNull(apparent_temperature_max)),IsNull(apparent_temperature_min))),Or(Or(Or(IsNull(precipitation_sum),IsNull(rain_sum)),IsNull(weather_code)),Or(Or(IsNull(wind_speed_10m_max),IsNull(wind_gusts_10m_max)),IsNull(wind_direction_10m_dominant))))
[2026-01-29T16:42:47.370+0530] {subprocess.py:106} INFO - 26/01/29 16:42:47 INFO FileSourceStrategy: Post-Scan Filters: ((((isnull(city#17) OR isnull(date#18)) OR isnull(temperature_2m_max#19)) OR ((isnull(temperature_2m_min#20) OR isnull(apparent_temperature_max#21)) OR isnull(apparent_temperature_min#22))) OR (((isnull(precipitation_sum#23) OR isnull(rain_sum#24)) OR isnull(weather_code#25)) OR ((isnull(wind_speed_10m_max#26) OR isnull(wind_gusts_10m_max#27)) OR isnull(wind_direction_10m_dominant#28))))
[2026-01-29T16:42:47.500+0530] {subprocess.py:106} INFO - 26/01/29 16:42:47 INFO CodeGenerator: Code generated in 18.606886 ms
[2026-01-29T16:42:47.504+0530] {subprocess.py:106} INFO - 26/01/29 16:42:47 INFO MemoryStore: Block broadcast_4 stored as values in memory (estimated size 350.2 KiB, free 365.5 MiB)
[2026-01-29T16:42:47.514+0530] {subprocess.py:106} INFO - 26/01/29 16:42:47 INFO MemoryStore: Block broadcast_4_piece0 stored as bytes in memory (estimated size 34.3 KiB, free 365.5 MiB)
[2026-01-29T16:42:47.515+0530] {subprocess.py:106} INFO - 26/01/29 16:42:47 INFO BlockManagerInfo: Added broadcast_4_piece0 in memory on Aishwarya92848DBDA:45083 (size: 34.3 KiB, free: 366.2 MiB)
[2026-01-29T16:42:47.516+0530] {subprocess.py:106} INFO - 26/01/29 16:42:47 INFO SparkContext: Created broadcast 4 from count at NativeMethodAccessorImpl.java:0
[2026-01-29T16:42:47.521+0530] {subprocess.py:106} INFO - 26/01/29 16:42:47 INFO FileSourceScanExec: Planning scan with bin packing, max size: 4194304 bytes, open cost is considered as scanning 4194304 bytes.
[2026-01-29T16:42:47.547+0530] {subprocess.py:106} INFO - 26/01/29 16:42:47 INFO DAGScheduler: Registering RDD 13 (count at NativeMethodAccessorImpl.java:0) as input to shuffle 0
[2026-01-29T16:42:47.550+0530] {subprocess.py:106} INFO - 26/01/29 16:42:47 INFO DAGScheduler: Got map stage job 2 (count at NativeMethodAccessorImpl.java:0) with 2 output partitions
[2026-01-29T16:42:47.551+0530] {subprocess.py:106} INFO - 26/01/29 16:42:47 INFO DAGScheduler: Final stage: ShuffleMapStage 2 (count at NativeMethodAccessorImpl.java:0)
[2026-01-29T16:42:47.551+0530] {subprocess.py:106} INFO - 26/01/29 16:42:47 INFO DAGScheduler: Parents of final stage: List()
[2026-01-29T16:42:47.552+0530] {subprocess.py:106} INFO - 26/01/29 16:42:47 INFO DAGScheduler: Missing parents: List()
[2026-01-29T16:42:47.554+0530] {subprocess.py:106} INFO - 26/01/29 16:42:47 INFO DAGScheduler: Submitting ShuffleMapStage 2 (MapPartitionsRDD[13] at count at NativeMethodAccessorImpl.java:0), which has no missing parents
[2026-01-29T16:42:47.567+0530] {subprocess.py:106} INFO - 26/01/29 16:42:47 INFO MemoryStore: Block broadcast_5 stored as values in memory (estimated size 22.8 KiB, free 365.5 MiB)
[2026-01-29T16:42:47.569+0530] {subprocess.py:106} INFO - 26/01/29 16:42:47 INFO MemoryStore: Block broadcast_5_piece0 stored as bytes in memory (estimated size 10.3 KiB, free 365.5 MiB)
[2026-01-29T16:42:47.569+0530] {subprocess.py:106} INFO - 26/01/29 16:42:47 INFO BlockManagerInfo: Added broadcast_5_piece0 in memory on Aishwarya92848DBDA:45083 (size: 10.3 KiB, free: 366.2 MiB)
[2026-01-29T16:42:47.570+0530] {subprocess.py:106} INFO - 26/01/29 16:42:47 INFO SparkContext: Created broadcast 5 from broadcast at DAGScheduler.scala:1585
[2026-01-29T16:42:47.571+0530] {subprocess.py:106} INFO - 26/01/29 16:42:47 INFO DAGScheduler: Submitting 2 missing tasks from ShuffleMapStage 2 (MapPartitionsRDD[13] at count at NativeMethodAccessorImpl.java:0) (first 15 tasks are for partitions Vector(0, 1))
[2026-01-29T16:42:47.571+0530] {subprocess.py:106} INFO - 26/01/29 16:42:47 INFO TaskSchedulerImpl: Adding task set 2.0 with 2 tasks resource profile 0
[2026-01-29T16:42:47.574+0530] {subprocess.py:106} INFO - 26/01/29 16:42:47 INFO TaskSetManager: Starting task 0.0 in stage 2.0 (TID 3) (Aishwarya92848DBDA, executor driver, partition 0, NODE_LOCAL, 8230 bytes)
[2026-01-29T16:42:47.574+0530] {subprocess.py:106} INFO - 26/01/29 16:42:47 INFO TaskSetManager: Starting task 1.0 in stage 2.0 (TID 4) (Aishwarya92848DBDA, executor driver, partition 1, NODE_LOCAL, 8230 bytes)
[2026-01-29T16:42:47.574+0530] {subprocess.py:106} INFO - 26/01/29 16:42:47 INFO Executor: Running task 1.0 in stage 2.0 (TID 4)
[2026-01-29T16:42:47.575+0530] {subprocess.py:106} INFO - 26/01/29 16:42:47 INFO Executor: Running task 0.0 in stage 2.0 (TID 3)
[2026-01-29T16:42:47.607+0530] {subprocess.py:106} INFO - 26/01/29 16:42:47 INFO CodeGenerator: Code generated in 16.118027 ms
[2026-01-29T16:42:47.616+0530] {subprocess.py:106} INFO - 26/01/29 16:42:47 INFO FileScanRDD: Reading File path: hdfs://localhost:9000/weather/data/raw_data/weather_dataset.csv, range: 0-4194304, partition values: [empty row]
[2026-01-29T16:42:47.616+0530] {subprocess.py:106} INFO - 26/01/29 16:42:47 INFO FileScanRDD: Reading File path: hdfs://localhost:9000/weather/data/raw_data/weather_dataset.csv, range: 4194304-6329103, partition values: [empty row]
[2026-01-29T16:42:47.638+0530] {subprocess.py:106} INFO - 26/01/29 16:42:47 INFO CodeGenerator: Code generated in 14.833226 ms
[2026-01-29T16:42:47.673+0530] {subprocess.py:106} INFO - 26/01/29 16:42:47 INFO CodeGenerator: Code generated in 8.797134 ms
[2026-01-29T16:42:47.859+0530] {subprocess.py:106} INFO - 26/01/29 16:42:47 INFO BlockManagerInfo: Removed broadcast_2_piece0 on Aishwarya92848DBDA:45083 in memory (size: 34.3 KiB, free: 366.2 MiB)
[2026-01-29T16:42:47.862+0530] {subprocess.py:106} INFO - 26/01/29 16:42:47 INFO BlockManagerInfo: Removed broadcast_3_piece0 on Aishwarya92848DBDA:45083 in memory (size: 12.8 KiB, free: 366.3 MiB)
[2026-01-29T16:42:47.879+0530] {subprocess.py:106} INFO - 26/01/29 16:42:47 INFO Executor: Finished task 1.0 in stage 2.0 (TID 4). 2076 bytes result sent to driver
[2026-01-29T16:42:47.882+0530] {subprocess.py:106} INFO - 26/01/29 16:42:47 INFO TaskSetManager: Finished task 1.0 in stage 2.0 (TID 4) in 308 ms on Aishwarya92848DBDA (executor driver) (1/2)
[2026-01-29T16:42:47.927+0530] {subprocess.py:106} INFO - 26/01/29 16:42:47 INFO Executor: Finished task 0.0 in stage 2.0 (TID 3). 1990 bytes result sent to driver
[2026-01-29T16:42:47.928+0530] {subprocess.py:106} INFO - 26/01/29 16:42:47 INFO TaskSetManager: Finished task 0.0 in stage 2.0 (TID 3) in 356 ms on Aishwarya92848DBDA (executor driver) (2/2)
[2026-01-29T16:42:47.929+0530] {subprocess.py:106} INFO - 26/01/29 16:42:47 INFO TaskSchedulerImpl: Removed TaskSet 2.0, whose tasks have all completed, from pool
[2026-01-29T16:42:47.930+0530] {subprocess.py:106} INFO - 26/01/29 16:42:47 INFO DAGScheduler: ShuffleMapStage 2 (count at NativeMethodAccessorImpl.java:0) finished in 0.372 s
[2026-01-29T16:42:47.930+0530] {subprocess.py:106} INFO - 26/01/29 16:42:47 INFO DAGScheduler: looking for newly runnable stages
[2026-01-29T16:42:47.931+0530] {subprocess.py:106} INFO - 26/01/29 16:42:47 INFO DAGScheduler: running: Set()
[2026-01-29T16:42:47.931+0530] {subprocess.py:106} INFO - 26/01/29 16:42:47 INFO DAGScheduler: waiting: Set()
[2026-01-29T16:42:47.931+0530] {subprocess.py:106} INFO - 26/01/29 16:42:47 INFO DAGScheduler: failed: Set()
[2026-01-29T16:42:47.962+0530] {subprocess.py:106} INFO - 26/01/29 16:42:47 INFO CodeGenerator: Code generated in 7.758918 ms
[2026-01-29T16:42:47.976+0530] {subprocess.py:106} INFO - 26/01/29 16:42:47 INFO SparkContext: Starting job: count at NativeMethodAccessorImpl.java:0
[2026-01-29T16:42:47.978+0530] {subprocess.py:106} INFO - 26/01/29 16:42:47 INFO DAGScheduler: Got job 3 (count at NativeMethodAccessorImpl.java:0) with 1 output partitions
[2026-01-29T16:42:47.978+0530] {subprocess.py:106} INFO - 26/01/29 16:42:47 INFO DAGScheduler: Final stage: ResultStage 4 (count at NativeMethodAccessorImpl.java:0)
[2026-01-29T16:42:47.978+0530] {subprocess.py:106} INFO - 26/01/29 16:42:47 INFO DAGScheduler: Parents of final stage: List(ShuffleMapStage 3)
[2026-01-29T16:42:47.978+0530] {subprocess.py:106} INFO - 26/01/29 16:42:47 INFO DAGScheduler: Missing parents: List()
[2026-01-29T16:42:47.979+0530] {subprocess.py:106} INFO - 26/01/29 16:42:47 INFO DAGScheduler: Submitting ResultStage 4 (MapPartitionsRDD[16] at count at NativeMethodAccessorImpl.java:0), which has no missing parents
[2026-01-29T16:42:47.985+0530] {subprocess.py:106} INFO - 26/01/29 16:42:47 INFO MemoryStore: Block broadcast_6 stored as values in memory (estimated size 12.5 KiB, free 365.9 MiB)
[2026-01-29T16:42:47.986+0530] {subprocess.py:106} INFO - 26/01/29 16:42:47 INFO MemoryStore: Block broadcast_6_piece0 stored as bytes in memory (estimated size 5.9 KiB, free 365.9 MiB)
[2026-01-29T16:42:47.987+0530] {subprocess.py:106} INFO - 26/01/29 16:42:47 INFO BlockManagerInfo: Added broadcast_6_piece0 in memory on Aishwarya92848DBDA:45083 (size: 5.9 KiB, free: 366.3 MiB)
[2026-01-29T16:42:47.987+0530] {subprocess.py:106} INFO - 26/01/29 16:42:47 INFO SparkContext: Created broadcast 6 from broadcast at DAGScheduler.scala:1585
[2026-01-29T16:42:47.988+0530] {subprocess.py:106} INFO - 26/01/29 16:42:47 INFO DAGScheduler: Submitting 1 missing tasks from ResultStage 4 (MapPartitionsRDD[16] at count at NativeMethodAccessorImpl.java:0) (first 15 tasks are for partitions Vector(0))
[2026-01-29T16:42:47.988+0530] {subprocess.py:106} INFO - 26/01/29 16:42:47 INFO TaskSchedulerImpl: Adding task set 4.0 with 1 tasks resource profile 0
[2026-01-29T16:42:47.990+0530] {subprocess.py:106} INFO - 26/01/29 16:42:47 INFO TaskSetManager: Starting task 0.0 in stage 4.0 (TID 5) (Aishwarya92848DBDA, executor driver, partition 0, NODE_LOCAL, 7615 bytes)
[2026-01-29T16:42:47.991+0530] {subprocess.py:106} INFO - 26/01/29 16:42:47 INFO Executor: Running task 0.0 in stage 4.0 (TID 5)
[2026-01-29T16:42:48.018+0530] {subprocess.py:106} INFO - 26/01/29 16:42:48 INFO ShuffleBlockFetcherIterator: Getting 2 (120.0 B) non-empty blocks including 2 (120.0 B) local and 0 (0.0 B) host-local and 0 (0.0 B) push-merged-local and 0 (0.0 B) remote blocks
[2026-01-29T16:42:48.021+0530] {subprocess.py:106} INFO - 26/01/29 16:42:48 INFO ShuffleBlockFetcherIterator: Started 0 remote fetches in 10 ms
[2026-01-29T16:42:48.033+0530] {subprocess.py:106} INFO - 26/01/29 16:42:48 INFO CodeGenerator: Code generated in 7.39317 ms
[2026-01-29T16:42:48.045+0530] {subprocess.py:106} INFO - 26/01/29 16:42:48 INFO Executor: Finished task 0.0 in stage 4.0 (TID 5). 3995 bytes result sent to driver
[2026-01-29T16:42:48.046+0530] {subprocess.py:106} INFO - 26/01/29 16:42:48 INFO TaskSetManager: Finished task 0.0 in stage 4.0 (TID 5) in 57 ms on Aishwarya92848DBDA (executor driver) (1/1)
[2026-01-29T16:42:48.047+0530] {subprocess.py:106} INFO - 26/01/29 16:42:48 INFO TaskSchedulerImpl: Removed TaskSet 4.0, whose tasks have all completed, from pool
[2026-01-29T16:42:48.048+0530] {subprocess.py:106} INFO - 26/01/29 16:42:48 INFO DAGScheduler: ResultStage 4 (count at NativeMethodAccessorImpl.java:0) finished in 0.064 s
[2026-01-29T16:42:48.049+0530] {subprocess.py:106} INFO - 26/01/29 16:42:48 INFO DAGScheduler: Job 3 is finished. Cancelling potential speculative or zombie tasks for this job
[2026-01-29T16:42:48.049+0530] {subprocess.py:106} INFO - 26/01/29 16:42:48 INFO TaskSchedulerImpl: Killing all running tasks in stage 4: Stage finished
[2026-01-29T16:42:48.049+0530] {subprocess.py:106} INFO - 26/01/29 16:42:48 INFO DAGScheduler: Job 3 finished: count at NativeMethodAccessorImpl.java:0, took 0.071774 s
[2026-01-29T16:42:48.374+0530] {subprocess.py:106} INFO - 26/01/29 16:42:48 INFO FileSourceStrategy: Pushed Filters:
[2026-01-29T16:42:48.375+0530] {subprocess.py:106} INFO - 26/01/29 16:42:48 INFO FileSourceStrategy: Post-Scan Filters:
[2026-01-29T16:42:48.390+0530] {subprocess.py:106} INFO - 26/01/29 16:42:48 INFO MemoryStore: Block broadcast_7 stored as values in memory (estimated size 350.2 KiB, free 365.5 MiB)
[2026-01-29T16:42:48.399+0530] {subprocess.py:106} INFO - 26/01/29 16:42:48 INFO MemoryStore: Block broadcast_7_piece0 stored as bytes in memory (estimated size 34.3 KiB, free 365.5 MiB)
[2026-01-29T16:42:48.399+0530] {subprocess.py:106} INFO - 26/01/29 16:42:48 INFO BlockManagerInfo: Added broadcast_7_piece0 in memory on Aishwarya92848DBDA:45083 (size: 34.3 KiB, free: 366.2 MiB)
[2026-01-29T16:42:48.400+0530] {subprocess.py:106} INFO - 26/01/29 16:42:48 INFO SparkContext: Created broadcast 7 from collect at StringIndexer.scala:204
[2026-01-29T16:42:48.401+0530] {subprocess.py:106} INFO - 26/01/29 16:42:48 INFO FileSourceScanExec: Planning scan with bin packing, max size: 4194304 bytes, open cost is considered as scanning 4194304 bytes.
[2026-01-29T16:42:48.406+0530] {subprocess.py:106} INFO - 26/01/29 16:42:48 INFO DAGScheduler: Registering RDD 20 (collect at StringIndexer.scala:204) as input to shuffle 1
[2026-01-29T16:42:48.407+0530] {subprocess.py:106} INFO - 26/01/29 16:42:48 INFO DAGScheduler: Got map stage job 4 (collect at StringIndexer.scala:204) with 2 output partitions
[2026-01-29T16:42:48.407+0530] {subprocess.py:106} INFO - 26/01/29 16:42:48 INFO DAGScheduler: Final stage: ShuffleMapStage 5 (collect at StringIndexer.scala:204)
[2026-01-29T16:42:48.407+0530] {subprocess.py:106} INFO - 26/01/29 16:42:48 INFO DAGScheduler: Parents of final stage: List()
[2026-01-29T16:42:48.408+0530] {subprocess.py:106} INFO - 26/01/29 16:42:48 INFO DAGScheduler: Missing parents: List()
[2026-01-29T16:42:48.409+0530] {subprocess.py:106} INFO - 26/01/29 16:42:48 INFO DAGScheduler: Submitting ShuffleMapStage 5 (MapPartitionsRDD[20] at collect at StringIndexer.scala:204), which has no missing parents
[2026-01-29T16:42:48.428+0530] {subprocess.py:106} INFO - 26/01/29 16:42:48 INFO MemoryStore: Block broadcast_8 stored as values in memory (estimated size 28.7 KiB, free 365.5 MiB)
[2026-01-29T16:42:48.430+0530] {subprocess.py:106} INFO - 26/01/29 16:42:48 INFO MemoryStore: Block broadcast_8_piece0 stored as bytes in memory (estimated size 13.8 KiB, free 365.5 MiB)
[2026-01-29T16:42:48.431+0530] {subprocess.py:106} INFO - 26/01/29 16:42:48 INFO BlockManagerInfo: Added broadcast_8_piece0 in memory on Aishwarya92848DBDA:45083 (size: 13.8 KiB, free: 366.2 MiB)
[2026-01-29T16:42:48.431+0530] {subprocess.py:106} INFO - 26/01/29 16:42:48 INFO SparkContext: Created broadcast 8 from broadcast at DAGScheduler.scala:1585
[2026-01-29T16:42:48.432+0530] {subprocess.py:106} INFO - 26/01/29 16:42:48 INFO DAGScheduler: Submitting 2 missing tasks from ShuffleMapStage 5 (MapPartitionsRDD[20] at collect at StringIndexer.scala:204) (first 15 tasks are for partitions Vector(0, 1))
[2026-01-29T16:42:48.432+0530] {subprocess.py:106} INFO - 26/01/29 16:42:48 INFO TaskSchedulerImpl: Adding task set 5.0 with 2 tasks resource profile 0
[2026-01-29T16:42:48.433+0530] {subprocess.py:106} INFO - 26/01/29 16:42:48 INFO TaskSetManager: Starting task 0.0 in stage 5.0 (TID 6) (Aishwarya92848DBDA, executor driver, partition 0, NODE_LOCAL, 8230 bytes)
[2026-01-29T16:42:48.434+0530] {subprocess.py:106} INFO - 26/01/29 16:42:48 INFO TaskSetManager: Starting task 1.0 in stage 5.0 (TID 7) (Aishwarya92848DBDA, executor driver, partition 1, NODE_LOCAL, 8230 bytes)
[2026-01-29T16:42:48.434+0530] {subprocess.py:106} INFO - 26/01/29 16:42:48 INFO Executor: Running task 0.0 in stage 5.0 (TID 6)
[2026-01-29T16:42:48.434+0530] {subprocess.py:106} INFO - 26/01/29 16:42:48 INFO Executor: Running task 1.0 in stage 5.0 (TID 7)
[2026-01-29T16:42:48.452+0530] {subprocess.py:106} INFO - 26/01/29 16:42:48 INFO FileScanRDD: Reading File path: hdfs://localhost:9000/weather/data/raw_data/weather_dataset.csv, range: 4194304-6329103, partition values: [empty row]
[2026-01-29T16:42:48.453+0530] {subprocess.py:106} INFO - 26/01/29 16:42:48 INFO FileScanRDD: Reading File path: hdfs://localhost:9000/weather/data/raw_data/weather_dataset.csv, range: 0-4194304, partition values: [empty row]
[2026-01-29T16:42:48.481+0530] {subprocess.py:106} INFO - 26/01/29 16:42:48 INFO CodeGenerator: Code generated in 7.619486 ms
[2026-01-29T16:42:48.496+0530] {subprocess.py:106} INFO - 26/01/29 16:42:48 INFO CodeGenerator: Code generated in 5.381058 ms
[2026-01-29T16:42:48.507+0530] {subprocess.py:106} INFO - 26/01/29 16:42:48 INFO CodeGenerator: Code generated in 6.32168 ms
[2026-01-29T16:42:48.526+0530] {subprocess.py:106} INFO - 26/01/29 16:42:48 INFO CodeGenerator: Code generated in 6.462616 ms
[2026-01-29T16:42:48.743+0530] {subprocess.py:106} INFO - 26/01/29 16:42:48 INFO CodeGenerator: Code generated in 30.611855 ms
[2026-01-29T16:42:48.744+0530] {subprocess.py:106} INFO - 26/01/29 16:42:48 INFO BlockManagerInfo: Removed broadcast_5_piece0 on Aishwarya92848DBDA:45083 in memory (size: 10.3 KiB, free: 366.2 MiB)
[2026-01-29T16:42:48.748+0530] {subprocess.py:106} INFO - 26/01/29 16:42:48 INFO BlockManagerInfo: Removed broadcast_6_piece0 on Aishwarya92848DBDA:45083 in memory (size: 5.9 KiB, free: 366.2 MiB)
[2026-01-29T16:42:48.755+0530] {subprocess.py:106} INFO - 26/01/29 16:42:48 INFO BlockManagerInfo: Removed broadcast_4_piece0 on Aishwarya92848DBDA:45083 in memory (size: 34.3 KiB, free: 366.3 MiB)
[2026-01-29T16:42:48.930+0530] {subprocess.py:106} INFO - 26/01/29 16:42:48 INFO Executor: Finished task 1.0 in stage 5.0 (TID 7). 2299 bytes result sent to driver
[2026-01-29T16:42:48.931+0530] {subprocess.py:106} INFO - 26/01/29 16:42:48 INFO Executor: Finished task 0.0 in stage 5.0 (TID 6). 2299 bytes result sent to driver
[2026-01-29T16:42:48.932+0530] {subprocess.py:106} INFO - 26/01/29 16:42:48 INFO TaskSetManager: Finished task 0.0 in stage 5.0 (TID 6) in 499 ms on Aishwarya92848DBDA (executor driver) (1/2)
[2026-01-29T16:42:48.932+0530] {subprocess.py:106} INFO - 26/01/29 16:42:48 INFO TaskSetManager: Finished task 1.0 in stage 5.0 (TID 7) in 499 ms on Aishwarya92848DBDA (executor driver) (2/2)
[2026-01-29T16:42:48.933+0530] {subprocess.py:106} INFO - 26/01/29 16:42:48 INFO TaskSchedulerImpl: Removed TaskSet 5.0, whose tasks have all completed, from pool
[2026-01-29T16:42:48.934+0530] {subprocess.py:106} INFO - 26/01/29 16:42:48 INFO DAGScheduler: ShuffleMapStage 5 (collect at StringIndexer.scala:204) finished in 0.524 s
[2026-01-29T16:42:48.934+0530] {subprocess.py:106} INFO - 26/01/29 16:42:48 INFO DAGScheduler: looking for newly runnable stages
[2026-01-29T16:42:48.935+0530] {subprocess.py:106} INFO - 26/01/29 16:42:48 INFO DAGScheduler: running: Set()
[2026-01-29T16:42:48.935+0530] {subprocess.py:106} INFO - 26/01/29 16:42:48 INFO DAGScheduler: waiting: Set()
[2026-01-29T16:42:48.935+0530] {subprocess.py:106} INFO - 26/01/29 16:42:48 INFO DAGScheduler: failed: Set()
[2026-01-29T16:42:48.964+0530] {subprocess.py:106} INFO - 26/01/29 16:42:48 INFO SparkContext: Starting job: collect at StringIndexer.scala:204
[2026-01-29T16:42:48.966+0530] {subprocess.py:106} INFO - 26/01/29 16:42:48 INFO DAGScheduler: Got job 5 (collect at StringIndexer.scala:204) with 1 output partitions
[2026-01-29T16:42:48.967+0530] {subprocess.py:106} INFO - 26/01/29 16:42:48 INFO DAGScheduler: Final stage: ResultStage 7 (collect at StringIndexer.scala:204)
[2026-01-29T16:42:48.967+0530] {subprocess.py:106} INFO - 26/01/29 16:42:48 INFO DAGScheduler: Parents of final stage: List(ShuffleMapStage 6)
[2026-01-29T16:42:48.967+0530] {subprocess.py:106} INFO - 26/01/29 16:42:48 INFO DAGScheduler: Missing parents: List()
[2026-01-29T16:42:48.967+0530] {subprocess.py:106} INFO - 26/01/29 16:42:48 INFO DAGScheduler: Submitting ResultStage 7 (MapPartitionsRDD[23] at collect at StringIndexer.scala:204), which has no missing parents
[2026-01-29T16:42:48.971+0530] {subprocess.py:106} INFO - 26/01/29 16:42:48 INFO MemoryStore: Block broadcast_9 stored as values in memory (estimated size 33.6 KiB, free 365.9 MiB)
[2026-01-29T16:42:48.973+0530] {subprocess.py:106} INFO - 26/01/29 16:42:48 INFO MemoryStore: Block broadcast_9_piece0 stored as bytes in memory (estimated size 16.1 KiB, free 365.8 MiB)
[2026-01-29T16:42:48.973+0530] {subprocess.py:106} INFO - 26/01/29 16:42:48 INFO BlockManagerInfo: Added broadcast_9_piece0 in memory on Aishwarya92848DBDA:45083 (size: 16.1 KiB, free: 366.2 MiB)
[2026-01-29T16:42:48.974+0530] {subprocess.py:106} INFO - 26/01/29 16:42:48 INFO SparkContext: Created broadcast 9 from broadcast at DAGScheduler.scala:1585
[2026-01-29T16:42:48.974+0530] {subprocess.py:106} INFO - 26/01/29 16:42:48 INFO DAGScheduler: Submitting 1 missing tasks from ResultStage 7 (MapPartitionsRDD[23] at collect at StringIndexer.scala:204) (first 15 tasks are for partitions Vector(0))
[2026-01-29T16:42:48.974+0530] {subprocess.py:106} INFO - 26/01/29 16:42:48 INFO TaskSchedulerImpl: Adding task set 7.0 with 1 tasks resource profile 0
[2026-01-29T16:42:48.976+0530] {subprocess.py:106} INFO - 26/01/29 16:42:48 INFO TaskSetManager: Starting task 0.0 in stage 7.0 (TID 8) (Aishwarya92848DBDA, executor driver, partition 0, NODE_LOCAL, 7615 bytes)
[2026-01-29T16:42:48.977+0530] {subprocess.py:106} INFO - 26/01/29 16:42:48 INFO Executor: Running task 0.0 in stage 7.0 (TID 8)
[2026-01-29T16:42:48.986+0530] {subprocess.py:106} INFO - 26/01/29 16:42:48 INFO ShuffleBlockFetcherIterator: Getting 2 (935.0 B) non-empty blocks including 2 (935.0 B) local and 0 (0.0 B) host-local and 0 (0.0 B) push-merged-local and 0 (0.0 B) remote blocks
[2026-01-29T16:42:48.986+0530] {subprocess.py:106} INFO - 26/01/29 16:42:48 INFO ShuffleBlockFetcherIterator: Started 0 remote fetches in 0 ms
[2026-01-29T16:42:49.006+0530] {subprocess.py:106} INFO - 26/01/29 16:42:49 INFO CodeGenerator: Code generated in 10.337557 ms
[2026-01-29T16:42:49.046+0530] {subprocess.py:106} INFO - 26/01/29 16:42:49 INFO Executor: Finished task 0.0 in stage 7.0 (TID 8). 5050 bytes result sent to driver
[2026-01-29T16:42:49.048+0530] {subprocess.py:106} INFO - 26/01/29 16:42:49 INFO TaskSetManager: Finished task 0.0 in stage 7.0 (TID 8) in 72 ms on Aishwarya92848DBDA (executor driver) (1/1)
[2026-01-29T16:42:49.048+0530] {subprocess.py:106} INFO - 26/01/29 16:42:49 INFO TaskSchedulerImpl: Removed TaskSet 7.0, whose tasks have all completed, from pool
[2026-01-29T16:42:49.049+0530] {subprocess.py:106} INFO - 26/01/29 16:42:49 INFO DAGScheduler: ResultStage 7 (collect at StringIndexer.scala:204) finished in 0.081 s
[2026-01-29T16:42:49.050+0530] {subprocess.py:106} INFO - 26/01/29 16:42:49 INFO DAGScheduler: Job 5 is finished. Cancelling potential speculative or zombie tasks for this job
[2026-01-29T16:42:49.050+0530] {subprocess.py:106} INFO - 26/01/29 16:42:49 INFO TaskSchedulerImpl: Killing all running tasks in stage 7: Stage finished
[2026-01-29T16:42:49.050+0530] {subprocess.py:106} INFO - 26/01/29 16:42:49 INFO DAGScheduler: Job 5 finished: collect at StringIndexer.scala:204, took 0.085388 s
[2026-01-29T16:42:49.061+0530] {subprocess.py:106} INFO - 26/01/29 16:42:49 INFO CodeGenerator: Code generated in 8.089773 ms
[2026-01-29T16:42:49.274+0530] {subprocess.py:106} INFO - 26/01/29 16:42:49 INFO FileSourceStrategy: Pushed Filters:
[2026-01-29T16:42:49.275+0530] {subprocess.py:106} INFO - 26/01/29 16:42:49 INFO FileSourceStrategy: Post-Scan Filters:
[2026-01-29T16:42:49.279+0530] {subprocess.py:106} INFO - 26/01/29 16:42:49 INFO MemoryStore: Block broadcast_10 stored as values in memory (estimated size 350.2 KiB, free 365.5 MiB)
[2026-01-29T16:42:49.286+0530] {subprocess.py:106} INFO - 26/01/29 16:42:49 INFO MemoryStore: Block broadcast_10_piece0 stored as bytes in memory (estimated size 34.3 KiB, free 365.5 MiB)
[2026-01-29T16:42:49.286+0530] {subprocess.py:106} INFO - 26/01/29 16:42:49 INFO BlockManagerInfo: Added broadcast_10_piece0 in memory on Aishwarya92848DBDA:45083 (size: 34.3 KiB, free: 366.2 MiB)
[2026-01-29T16:42:49.287+0530] {subprocess.py:106} INFO - 26/01/29 16:42:49 INFO SparkContext: Created broadcast 10 from approxQuantile at NativeMethodAccessorImpl.java:0
[2026-01-29T16:42:49.288+0530] {subprocess.py:106} INFO - 26/01/29 16:42:49 INFO FileSourceScanExec: Planning scan with bin packing, max size: 4194304 bytes, open cost is considered as scanning 4194304 bytes.
[2026-01-29T16:42:49.320+0530] {subprocess.py:106} INFO - 26/01/29 16:42:49 INFO SparkContext: Starting job: approxQuantile at NativeMethodAccessorImpl.java:0
[2026-01-29T16:42:49.321+0530] {subprocess.py:106} INFO - 26/01/29 16:42:49 INFO DAGScheduler: Got job 6 (approxQuantile at NativeMethodAccessorImpl.java:0) with 2 output partitions
[2026-01-29T16:42:49.322+0530] {subprocess.py:106} INFO - 26/01/29 16:42:49 INFO DAGScheduler: Final stage: ResultStage 8 (approxQuantile at NativeMethodAccessorImpl.java:0)
[2026-01-29T16:42:49.322+0530] {subprocess.py:106} INFO - 26/01/29 16:42:49 INFO DAGScheduler: Parents of final stage: List()
[2026-01-29T16:42:49.323+0530] {subprocess.py:106} INFO - 26/01/29 16:42:49 INFO DAGScheduler: Missing parents: List()
[2026-01-29T16:42:49.324+0530] {subprocess.py:106} INFO - 26/01/29 16:42:49 INFO DAGScheduler: Submitting ResultStage 8 (MapPartitionsRDD[29] at approxQuantile at NativeMethodAccessorImpl.java:0), which has no missing parents
[2026-01-29T16:42:49.331+0530] {subprocess.py:106} INFO - 26/01/29 16:42:49 INFO MemoryStore: Block broadcast_11 stored as values in memory (estimated size 20.0 KiB, free 365.4 MiB)
[2026-01-29T16:42:49.333+0530] {subprocess.py:106} INFO - 26/01/29 16:42:49 INFO MemoryStore: Block broadcast_11_piece0 stored as bytes in memory (estimated size 9.5 KiB, free 365.4 MiB)
[2026-01-29T16:42:49.333+0530] {subprocess.py:106} INFO - 26/01/29 16:42:49 INFO BlockManagerInfo: Added broadcast_11_piece0 in memory on Aishwarya92848DBDA:45083 (size: 9.5 KiB, free: 366.2 MiB)
[2026-01-29T16:42:49.334+0530] {subprocess.py:106} INFO - 26/01/29 16:42:49 INFO SparkContext: Created broadcast 11 from broadcast at DAGScheduler.scala:1585
[2026-01-29T16:42:49.334+0530] {subprocess.py:106} INFO - 26/01/29 16:42:49 INFO DAGScheduler: Submitting 2 missing tasks from ResultStage 8 (MapPartitionsRDD[29] at approxQuantile at NativeMethodAccessorImpl.java:0) (first 15 tasks are for partitions Vector(0, 1))
[2026-01-29T16:42:49.335+0530] {subprocess.py:106} INFO - 26/01/29 16:42:49 INFO TaskSchedulerImpl: Adding task set 8.0 with 2 tasks resource profile 0
[2026-01-29T16:42:49.336+0530] {subprocess.py:106} INFO - 26/01/29 16:42:49 INFO TaskSetManager: Starting task 0.0 in stage 8.0 (TID 9) (Aishwarya92848DBDA, executor driver, partition 0, NODE_LOCAL, 8241 bytes)
[2026-01-29T16:42:49.337+0530] {subprocess.py:106} INFO - 26/01/29 16:42:49 INFO TaskSetManager: Starting task 1.0 in stage 8.0 (TID 10) (Aishwarya92848DBDA, executor driver, partition 1, NODE_LOCAL, 8241 bytes)
[2026-01-29T16:42:49.338+0530] {subprocess.py:106} INFO - 26/01/29 16:42:49 INFO Executor: Running task 0.0 in stage 8.0 (TID 9)
[2026-01-29T16:42:49.338+0530] {subprocess.py:106} INFO - 26/01/29 16:42:49 INFO Executor: Running task 1.0 in stage 8.0 (TID 10)
[2026-01-29T16:42:49.363+0530] {subprocess.py:106} INFO - 26/01/29 16:42:49 INFO CodeGenerator: Code generated in 8.54542 ms
[2026-01-29T16:42:49.365+0530] {subprocess.py:106} INFO - 26/01/29 16:42:49 INFO FileScanRDD: Reading File path: hdfs://localhost:9000/weather/data/raw_data/weather_dataset.csv, range: 4194304-6329103, partition values: [empty row]
[2026-01-29T16:42:49.365+0530] {subprocess.py:106} INFO - 26/01/29 16:42:49 INFO FileScanRDD: Reading File path: hdfs://localhost:9000/weather/data/raw_data/weather_dataset.csv, range: 0-4194304, partition values: [empty row]
[2026-01-29T16:42:49.374+0530] {subprocess.py:106} INFO - 26/01/29 16:42:49 INFO CodeGenerator: Code generated in 7.434658 ms
[2026-01-29T16:42:49.489+0530] {subprocess.py:106} INFO - 26/01/29 16:42:49 INFO Executor: Finished task 1.0 in stage 8.0 (TID 10). 8136 bytes result sent to driver
[2026-01-29T16:42:49.490+0530] {subprocess.py:106} INFO - 26/01/29 16:42:49 INFO TaskSetManager: Finished task 1.0 in stage 8.0 (TID 10) in 154 ms on Aishwarya92848DBDA (executor driver) (1/2)
[2026-01-29T16:42:49.551+0530] {subprocess.py:106} INFO - 26/01/29 16:42:49 INFO Executor: Finished task 0.0 in stage 8.0 (TID 9). 7943 bytes result sent to driver
[2026-01-29T16:42:49.552+0530] {subprocess.py:106} INFO - 26/01/29 16:42:49 INFO TaskSetManager: Finished task 0.0 in stage 8.0 (TID 9) in 217 ms on Aishwarya92848DBDA (executor driver) (2/2)
[2026-01-29T16:42:49.553+0530] {subprocess.py:106} INFO - 26/01/29 16:42:49 INFO TaskSchedulerImpl: Removed TaskSet 8.0, whose tasks have all completed, from pool
[2026-01-29T16:42:49.553+0530] {subprocess.py:106} INFO - 26/01/29 16:42:49 INFO DAGScheduler: ResultStage 8 (approxQuantile at NativeMethodAccessorImpl.java:0) finished in 0.228 s
[2026-01-29T16:42:49.553+0530] {subprocess.py:106} INFO - 26/01/29 16:42:49 INFO DAGScheduler: Job 6 is finished. Cancelling potential speculative or zombie tasks for this job
[2026-01-29T16:42:49.553+0530] {subprocess.py:106} INFO - 26/01/29 16:42:49 INFO TaskSchedulerImpl: Killing all running tasks in stage 8: Stage finished
[2026-01-29T16:42:49.555+0530] {subprocess.py:106} INFO - 26/01/29 16:42:49 INFO DAGScheduler: Job 6 finished: approxQuantile at NativeMethodAccessorImpl.java:0, took 0.234076 s
[2026-01-29T16:42:49.646+0530] {subprocess.py:106} INFO - 26/01/29 16:42:49 INFO BlockManagerInfo: Removed broadcast_10_piece0 on Aishwarya92848DBDA:45083 in memory (size: 34.3 KiB, free: 366.2 MiB)
[2026-01-29T16:42:49.650+0530] {subprocess.py:106} INFO - 26/01/29 16:42:49 INFO BlockManagerInfo: Removed broadcast_7_piece0 on Aishwarya92848DBDA:45083 in memory (size: 34.3 KiB, free: 366.3 MiB)
[2026-01-29T16:42:49.652+0530] {subprocess.py:106} INFO - 26/01/29 16:42:49 INFO BlockManagerInfo: Removed broadcast_11_piece0 on Aishwarya92848DBDA:45083 in memory (size: 9.5 KiB, free: 366.3 MiB)
[2026-01-29T16:42:49.655+0530] {subprocess.py:106} INFO - 26/01/29 16:42:49 INFO BlockManagerInfo: Removed broadcast_9_piece0 on Aishwarya92848DBDA:45083 in memory (size: 16.1 KiB, free: 366.3 MiB)
[2026-01-29T16:42:49.658+0530] {subprocess.py:106} INFO - 26/01/29 16:42:49 INFO BlockManagerInfo: Removed broadcast_8_piece0 on Aishwarya92848DBDA:45083 in memory (size: 13.8 KiB, free: 366.3 MiB)
[2026-01-29T16:42:49.666+0530] {subprocess.py:106} INFO - 26/01/29 16:42:49 INFO FileSourceStrategy: Pushed Filters: Or(LessThan(temperature_2m_max,18.949999999999996),GreaterThan(temperature_2m_max,42.550000000000004))
[2026-01-29T16:42:49.666+0530] {subprocess.py:106} INFO - 26/01/29 16:42:49 INFO FileSourceStrategy: Post-Scan Filters: ((temperature_2m_max#19 < 18.949999999999996) OR (temperature_2m_max#19 > 42.550000000000004))
[2026-01-29T16:42:49.691+0530] {subprocess.py:106} INFO - 26/01/29 16:42:49 INFO CodeGenerator: Code generated in 10.098607 ms
[2026-01-29T16:42:49.694+0530] {subprocess.py:106} INFO - 26/01/29 16:42:49 INFO MemoryStore: Block broadcast_12 stored as values in memory (estimated size 350.2 KiB, free 366.0 MiB)
[2026-01-29T16:42:49.701+0530] {subprocess.py:106} INFO - 26/01/29 16:42:49 INFO MemoryStore: Block broadcast_12_piece0 stored as bytes in memory (estimated size 34.3 KiB, free 365.9 MiB)
[2026-01-29T16:42:49.702+0530] {subprocess.py:106} INFO - 26/01/29 16:42:49 INFO BlockManagerInfo: Added broadcast_12_piece0 in memory on Aishwarya92848DBDA:45083 (size: 34.3 KiB, free: 366.3 MiB)
[2026-01-29T16:42:49.703+0530] {subprocess.py:106} INFO - 26/01/29 16:42:49 INFO SparkContext: Created broadcast 12 from count at NativeMethodAccessorImpl.java:0
[2026-01-29T16:42:49.704+0530] {subprocess.py:106} INFO - 26/01/29 16:42:49 INFO FileSourceScanExec: Planning scan with bin packing, max size: 4194304 bytes, open cost is considered as scanning 4194304 bytes.
[2026-01-29T16:42:49.710+0530] {subprocess.py:106} INFO - 26/01/29 16:42:49 INFO DAGScheduler: Registering RDD 33 (count at NativeMethodAccessorImpl.java:0) as input to shuffle 2
[2026-01-29T16:42:49.710+0530] {subprocess.py:106} INFO - 26/01/29 16:42:49 INFO DAGScheduler: Got map stage job 7 (count at NativeMethodAccessorImpl.java:0) with 2 output partitions
[2026-01-29T16:42:49.710+0530] {subprocess.py:106} INFO - 26/01/29 16:42:49 INFO DAGScheduler: Final stage: ShuffleMapStage 9 (count at NativeMethodAccessorImpl.java:0)
[2026-01-29T16:42:49.711+0530] {subprocess.py:106} INFO - 26/01/29 16:42:49 INFO DAGScheduler: Parents of final stage: List()
[2026-01-29T16:42:49.712+0530] {subprocess.py:106} INFO - 26/01/29 16:42:49 INFO DAGScheduler: Missing parents: List()
[2026-01-29T16:42:49.713+0530] {subprocess.py:106} INFO - 26/01/29 16:42:49 INFO DAGScheduler: Submitting ShuffleMapStage 9 (MapPartitionsRDD[33] at count at NativeMethodAccessorImpl.java:0), which has no missing parents
[2026-01-29T16:42:49.719+0530] {subprocess.py:106} INFO - 26/01/29 16:42:49 INFO MemoryStore: Block broadcast_13 stored as values in memory (estimated size 20.0 KiB, free 365.9 MiB)
[2026-01-29T16:42:49.721+0530] {subprocess.py:106} INFO - 26/01/29 16:42:49 INFO MemoryStore: Block broadcast_13_piece0 stored as bytes in memory (estimated size 9.7 KiB, free 365.9 MiB)
[2026-01-29T16:42:49.722+0530] {subprocess.py:106} INFO - 26/01/29 16:42:49 INFO BlockManagerInfo: Added broadcast_13_piece0 in memory on Aishwarya92848DBDA:45083 (size: 9.7 KiB, free: 366.3 MiB)
[2026-01-29T16:42:49.723+0530] {subprocess.py:106} INFO - 26/01/29 16:42:49 INFO SparkContext: Created broadcast 13 from broadcast at DAGScheduler.scala:1585
[2026-01-29T16:42:49.723+0530] {subprocess.py:106} INFO - 26/01/29 16:42:49 INFO DAGScheduler: Submitting 2 missing tasks from ShuffleMapStage 9 (MapPartitionsRDD[33] at count at NativeMethodAccessorImpl.java:0) (first 15 tasks are for partitions Vector(0, 1))
[2026-01-29T16:42:49.724+0530] {subprocess.py:106} INFO - 26/01/29 16:42:49 INFO TaskSchedulerImpl: Adding task set 9.0 with 2 tasks resource profile 0
[2026-01-29T16:42:49.725+0530] {subprocess.py:106} INFO - 26/01/29 16:42:49 INFO TaskSetManager: Starting task 0.0 in stage 9.0 (TID 11) (Aishwarya92848DBDA, executor driver, partition 0, NODE_LOCAL, 8230 bytes)
[2026-01-29T16:42:49.726+0530] {subprocess.py:106} INFO - 26/01/29 16:42:49 INFO TaskSetManager: Starting task 1.0 in stage 9.0 (TID 12) (Aishwarya92848DBDA, executor driver, partition 1, NODE_LOCAL, 8230 bytes)
[2026-01-29T16:42:49.726+0530] {subprocess.py:106} INFO - 26/01/29 16:42:49 INFO Executor: Running task 0.0 in stage 9.0 (TID 11)
[2026-01-29T16:42:49.726+0530] {subprocess.py:106} INFO - 26/01/29 16:42:49 INFO Executor: Running task 1.0 in stage 9.0 (TID 12)
[2026-01-29T16:42:49.745+0530] {subprocess.py:106} INFO - 26/01/29 16:42:49 INFO CodeGenerator: Code generated in 13.727243 ms
[2026-01-29T16:42:49.746+0530] {subprocess.py:106} INFO - 26/01/29 16:42:49 INFO FileScanRDD: Reading File path: hdfs://localhost:9000/weather/data/raw_data/weather_dataset.csv, range: 0-4194304, partition values: [empty row]
[2026-01-29T16:42:49.747+0530] {subprocess.py:106} INFO - 26/01/29 16:42:49 INFO FileScanRDD: Reading File path: hdfs://localhost:9000/weather/data/raw_data/weather_dataset.csv, range: 4194304-6329103, partition values: [empty row]
[2026-01-29T16:42:49.760+0530] {subprocess.py:106} INFO - 26/01/29 16:42:49 INFO CodeGenerator: Code generated in 7.360118 ms
[2026-01-29T16:42:49.841+0530] {subprocess.py:106} INFO - 26/01/29 16:42:49 INFO Executor: Finished task 1.0 in stage 9.0 (TID 12). 1990 bytes result sent to driver
[2026-01-29T16:42:49.842+0530] {subprocess.py:106} INFO - 26/01/29 16:42:49 INFO TaskSetManager: Finished task 1.0 in stage 9.0 (TID 12) in 117 ms on Aishwarya92848DBDA (executor driver) (1/2)
[2026-01-29T16:42:49.857+0530] {subprocess.py:106} INFO - 26/01/29 16:42:49 INFO Executor: Finished task 0.0 in stage 9.0 (TID 11). 1990 bytes result sent to driver
[2026-01-29T16:42:49.858+0530] {subprocess.py:106} INFO - 26/01/29 16:42:49 INFO TaskSetManager: Finished task 0.0 in stage 9.0 (TID 11) in 133 ms on Aishwarya92848DBDA (executor driver) (2/2)
[2026-01-29T16:42:49.859+0530] {subprocess.py:106} INFO - 26/01/29 16:42:49 INFO TaskSchedulerImpl: Removed TaskSet 9.0, whose tasks have all completed, from pool
[2026-01-29T16:42:49.859+0530] {subprocess.py:106} INFO - 26/01/29 16:42:49 INFO DAGScheduler: ShuffleMapStage 9 (count at NativeMethodAccessorImpl.java:0) finished in 0.144 s
[2026-01-29T16:42:49.859+0530] {subprocess.py:106} INFO - 26/01/29 16:42:49 INFO DAGScheduler: looking for newly runnable stages
[2026-01-29T16:42:49.859+0530] {subprocess.py:106} INFO - 26/01/29 16:42:49 INFO DAGScheduler: running: Set()
[2026-01-29T16:42:49.859+0530] {subprocess.py:106} INFO - 26/01/29 16:42:49 INFO DAGScheduler: waiting: Set()
[2026-01-29T16:42:49.860+0530] {subprocess.py:106} INFO - 26/01/29 16:42:49 INFO DAGScheduler: failed: Set()
[2026-01-29T16:42:49.885+0530] {subprocess.py:106} INFO - 26/01/29 16:42:49 INFO SparkContext: Starting job: count at NativeMethodAccessorImpl.java:0
[2026-01-29T16:42:49.885+0530] {subprocess.py:106} INFO - 26/01/29 16:42:49 INFO DAGScheduler: Got job 8 (count at NativeMethodAccessorImpl.java:0) with 1 output partitions
[2026-01-29T16:42:49.886+0530] {subprocess.py:106} INFO - 26/01/29 16:42:49 INFO DAGScheduler: Final stage: ResultStage 11 (count at NativeMethodAccessorImpl.java:0)
[2026-01-29T16:42:49.886+0530] {subprocess.py:106} INFO - 26/01/29 16:42:49 INFO DAGScheduler: Parents of final stage: List(ShuffleMapStage 10)
[2026-01-29T16:42:49.886+0530] {subprocess.py:106} INFO - 26/01/29 16:42:49 INFO DAGScheduler: Missing parents: List()
[2026-01-29T16:42:49.886+0530] {subprocess.py:106} INFO - 26/01/29 16:42:49 INFO DAGScheduler: Submitting ResultStage 11 (MapPartitionsRDD[36] at count at NativeMethodAccessorImpl.java:0), which has no missing parents
[2026-01-29T16:42:49.888+0530] {subprocess.py:106} INFO - 26/01/29 16:42:49 INFO MemoryStore: Block broadcast_14 stored as values in memory (estimated size 12.5 KiB, free 365.9 MiB)
[2026-01-29T16:42:49.889+0530] {subprocess.py:106} INFO - 26/01/29 16:42:49 INFO MemoryStore: Block broadcast_14_piece0 stored as bytes in memory (estimated size 5.9 KiB, free 365.9 MiB)
[2026-01-29T16:42:49.890+0530] {subprocess.py:106} INFO - 26/01/29 16:42:49 INFO BlockManagerInfo: Added broadcast_14_piece0 in memory on Aishwarya92848DBDA:45083 (size: 5.9 KiB, free: 366.3 MiB)
[2026-01-29T16:42:49.890+0530] {subprocess.py:106} INFO - 26/01/29 16:42:49 INFO SparkContext: Created broadcast 14 from broadcast at DAGScheduler.scala:1585
[2026-01-29T16:42:49.891+0530] {subprocess.py:106} INFO - 26/01/29 16:42:49 INFO DAGScheduler: Submitting 1 missing tasks from ResultStage 11 (MapPartitionsRDD[36] at count at NativeMethodAccessorImpl.java:0) (first 15 tasks are for partitions Vector(0))
[2026-01-29T16:42:49.891+0530] {subprocess.py:106} INFO - 26/01/29 16:42:49 INFO TaskSchedulerImpl: Adding task set 11.0 with 1 tasks resource profile 0
[2026-01-29T16:42:49.892+0530] {subprocess.py:106} INFO - 26/01/29 16:42:49 INFO TaskSetManager: Starting task 0.0 in stage 11.0 (TID 13) (Aishwarya92848DBDA, executor driver, partition 0, NODE_LOCAL, 7615 bytes)
[2026-01-29T16:42:49.893+0530] {subprocess.py:106} INFO - 26/01/29 16:42:49 INFO Executor: Running task 0.0 in stage 11.0 (TID 13)
[2026-01-29T16:42:49.896+0530] {subprocess.py:106} INFO - 26/01/29 16:42:49 INFO ShuffleBlockFetcherIterator: Getting 2 (120.0 B) non-empty blocks including 2 (120.0 B) local and 0 (0.0 B) host-local and 0 (0.0 B) push-merged-local and 0 (0.0 B) remote blocks
[2026-01-29T16:42:49.896+0530] {subprocess.py:106} INFO - 26/01/29 16:42:49 INFO ShuffleBlockFetcherIterator: Started 0 remote fetches in 0 ms
[2026-01-29T16:42:49.898+0530] {subprocess.py:106} INFO - 26/01/29 16:42:49 INFO Executor: Finished task 0.0 in stage 11.0 (TID 13). 3995 bytes result sent to driver
[2026-01-29T16:42:49.899+0530] {subprocess.py:106} INFO - 26/01/29 16:42:49 INFO TaskSetManager: Finished task 0.0 in stage 11.0 (TID 13) in 7 ms on Aishwarya92848DBDA (executor driver) (1/1)
[2026-01-29T16:42:49.900+0530] {subprocess.py:106} INFO - 26/01/29 16:42:49 INFO TaskSchedulerImpl: Removed TaskSet 11.0, whose tasks have all completed, from pool
[2026-01-29T16:42:49.900+0530] {subprocess.py:106} INFO - 26/01/29 16:42:49 INFO DAGScheduler: ResultStage 11 (count at NativeMethodAccessorImpl.java:0) finished in 0.013 s
[2026-01-29T16:42:49.900+0530] {subprocess.py:106} INFO - 26/01/29 16:42:49 INFO DAGScheduler: Job 8 is finished. Cancelling potential speculative or zombie tasks for this job
[2026-01-29T16:42:49.900+0530] {subprocess.py:106} INFO - 26/01/29 16:42:49 INFO TaskSchedulerImpl: Killing all running tasks in stage 11: Stage finished
[2026-01-29T16:42:49.901+0530] {subprocess.py:106} INFO - 26/01/29 16:42:49 INFO DAGScheduler: Job 8 finished: count at NativeMethodAccessorImpl.java:0, took 0.015863 s
[2026-01-29T16:42:49.902+0530] {subprocess.py:106} INFO - temperature_2m_max: Outliers = 1742
[2026-01-29T16:42:49.932+0530] {subprocess.py:106} INFO - 26/01/29 16:42:49 INFO FileSourceStrategy: Pushed Filters:
[2026-01-29T16:42:49.933+0530] {subprocess.py:106} INFO - 26/01/29 16:42:49 INFO FileSourceStrategy: Post-Scan Filters:
[2026-01-29T16:42:49.936+0530] {subprocess.py:106} INFO - 26/01/29 16:42:49 INFO MemoryStore: Block broadcast_15 stored as values in memory (estimated size 350.2 KiB, free 365.5 MiB)
[2026-01-29T16:42:49.942+0530] {subprocess.py:106} INFO - 26/01/29 16:42:49 INFO MemoryStore: Block broadcast_15_piece0 stored as bytes in memory (estimated size 34.3 KiB, free 365.5 MiB)
[2026-01-29T16:42:49.942+0530] {subprocess.py:106} INFO - 26/01/29 16:42:49 INFO BlockManagerInfo: Added broadcast_15_piece0 in memory on Aishwarya92848DBDA:45083 (size: 34.3 KiB, free: 366.2 MiB)
[2026-01-29T16:42:49.943+0530] {subprocess.py:106} INFO - 26/01/29 16:42:49 INFO SparkContext: Created broadcast 15 from approxQuantile at NativeMethodAccessorImpl.java:0
[2026-01-29T16:42:49.944+0530] {subprocess.py:106} INFO - 26/01/29 16:42:49 INFO FileSourceScanExec: Planning scan with bin packing, max size: 4194304 bytes, open cost is considered as scanning 4194304 bytes.
[2026-01-29T16:42:49.964+0530] {subprocess.py:106} INFO - 26/01/29 16:42:49 INFO SparkContext: Starting job: approxQuantile at NativeMethodAccessorImpl.java:0
[2026-01-29T16:42:49.965+0530] {subprocess.py:106} INFO - 26/01/29 16:42:49 INFO DAGScheduler: Got job 9 (approxQuantile at NativeMethodAccessorImpl.java:0) with 2 output partitions
[2026-01-29T16:42:49.966+0530] {subprocess.py:106} INFO - 26/01/29 16:42:49 INFO DAGScheduler: Final stage: ResultStage 12 (approxQuantile at NativeMethodAccessorImpl.java:0)
[2026-01-29T16:42:49.966+0530] {subprocess.py:106} INFO - 26/01/29 16:42:49 INFO DAGScheduler: Parents of final stage: List()
[2026-01-29T16:42:49.967+0530] {subprocess.py:106} INFO - 26/01/29 16:42:49 INFO DAGScheduler: Missing parents: List()
[2026-01-29T16:42:49.967+0530] {subprocess.py:106} INFO - 26/01/29 16:42:49 INFO DAGScheduler: Submitting ResultStage 12 (MapPartitionsRDD[42] at approxQuantile at NativeMethodAccessorImpl.java:0), which has no missing parents
[2026-01-29T16:42:49.971+0530] {subprocess.py:106} INFO - 26/01/29 16:42:49 INFO MemoryStore: Block broadcast_16 stored as values in memory (estimated size 20.0 KiB, free 365.5 MiB)
[2026-01-29T16:42:49.973+0530] {subprocess.py:106} INFO - 26/01/29 16:42:49 INFO MemoryStore: Block broadcast_16_piece0 stored as bytes in memory (estimated size 9.5 KiB, free 365.5 MiB)
[2026-01-29T16:42:49.973+0530] {subprocess.py:106} INFO - 26/01/29 16:42:49 INFO BlockManagerInfo: Added broadcast_16_piece0 in memory on Aishwarya92848DBDA:45083 (size: 9.5 KiB, free: 366.2 MiB)
[2026-01-29T16:42:49.974+0530] {subprocess.py:106} INFO - 26/01/29 16:42:49 INFO SparkContext: Created broadcast 16 from broadcast at DAGScheduler.scala:1585
[2026-01-29T16:42:49.974+0530] {subprocess.py:106} INFO - 26/01/29 16:42:49 INFO DAGScheduler: Submitting 2 missing tasks from ResultStage 12 (MapPartitionsRDD[42] at approxQuantile at NativeMethodAccessorImpl.java:0) (first 15 tasks are for partitions Vector(0, 1))
[2026-01-29T16:42:49.975+0530] {subprocess.py:106} INFO - 26/01/29 16:42:49 INFO TaskSchedulerImpl: Adding task set 12.0 with 2 tasks resource profile 0
[2026-01-29T16:42:49.976+0530] {subprocess.py:106} INFO - 26/01/29 16:42:49 INFO TaskSetManager: Starting task 0.0 in stage 12.0 (TID 14) (Aishwarya92848DBDA, executor driver, partition 0, NODE_LOCAL, 8241 bytes)
[2026-01-29T16:42:49.976+0530] {subprocess.py:106} INFO - 26/01/29 16:42:49 INFO TaskSetManager: Starting task 1.0 in stage 12.0 (TID 15) (Aishwarya92848DBDA, executor driver, partition 1, NODE_LOCAL, 8241 bytes)
[2026-01-29T16:42:49.976+0530] {subprocess.py:106} INFO - 26/01/29 16:42:49 INFO Executor: Running task 1.0 in stage 12.0 (TID 15)
[2026-01-29T16:42:49.977+0530] {subprocess.py:106} INFO - 26/01/29 16:42:49 INFO Executor: Running task 0.0 in stage 12.0 (TID 14)
[2026-01-29T16:42:49.981+0530] {subprocess.py:106} INFO - 26/01/29 16:42:49 INFO FileScanRDD: Reading File path: hdfs://localhost:9000/weather/data/raw_data/weather_dataset.csv, range: 4194304-6329103, partition values: [empty row]
[2026-01-29T16:42:49.983+0530] {subprocess.py:106} INFO - 26/01/29 16:42:49 INFO FileScanRDD: Reading File path: hdfs://localhost:9000/weather/data/raw_data/weather_dataset.csv, range: 0-4194304, partition values: [empty row]
[2026-01-29T16:42:50.047+0530] {subprocess.py:106} INFO - 26/01/29 16:42:50 INFO Executor: Finished task 1.0 in stage 12.0 (TID 15). 8093 bytes result sent to driver
[2026-01-29T16:42:50.049+0530] {subprocess.py:106} INFO - 26/01/29 16:42:50 INFO TaskSetManager: Finished task 1.0 in stage 12.0 (TID 15) in 72 ms on Aishwarya92848DBDA (executor driver) (1/2)
[2026-01-29T16:42:50.103+0530] {subprocess.py:106} INFO - 26/01/29 16:42:50 INFO BlockManagerInfo: Removed broadcast_13_piece0 on Aishwarya92848DBDA:45083 in memory (size: 9.7 KiB, free: 366.2 MiB)
[2026-01-29T16:42:50.106+0530] {subprocess.py:106} INFO - 26/01/29 16:42:50 INFO BlockManagerInfo: Removed broadcast_14_piece0 on Aishwarya92848DBDA:45083 in memory (size: 5.9 KiB, free: 366.2 MiB)
[2026-01-29T16:42:50.109+0530] {subprocess.py:106} INFO - 26/01/29 16:42:50 INFO BlockManagerInfo: Removed broadcast_12_piece0 on Aishwarya92848DBDA:45083 in memory (size: 34.3 KiB, free: 366.3 MiB)
[2026-01-29T16:42:50.114+0530] {subprocess.py:106} INFO - 26/01/29 16:42:50 INFO Executor: Finished task 0.0 in stage 12.0 (TID 14). 6116 bytes result sent to driver
[2026-01-29T16:42:50.116+0530] {subprocess.py:106} INFO - 26/01/29 16:42:50 INFO TaskSetManager: Finished task 0.0 in stage 12.0 (TID 14) in 140 ms on Aishwarya92848DBDA (executor driver) (2/2)
[2026-01-29T16:42:50.116+0530] {subprocess.py:106} INFO - 26/01/29 16:42:50 INFO TaskSchedulerImpl: Removed TaskSet 12.0, whose tasks have all completed, from pool
[2026-01-29T16:42:50.116+0530] {subprocess.py:106} INFO - 26/01/29 16:42:50 INFO DAGScheduler: ResultStage 12 (approxQuantile at NativeMethodAccessorImpl.java:0) finished in 0.148 s
[2026-01-29T16:42:50.117+0530] {subprocess.py:106} INFO - 26/01/29 16:42:50 INFO DAGScheduler: Job 9 is finished. Cancelling potential speculative or zombie tasks for this job
[2026-01-29T16:42:50.117+0530] {subprocess.py:106} INFO - 26/01/29 16:42:50 INFO TaskSchedulerImpl: Killing all running tasks in stage 12: Stage finished
[2026-01-29T16:42:50.117+0530] {subprocess.py:106} INFO - 26/01/29 16:42:50 INFO DAGScheduler: Job 9 finished: approxQuantile at NativeMethodAccessorImpl.java:0, took 0.152834 s
[2026-01-29T16:42:50.190+0530] {subprocess.py:106} INFO - 26/01/29 16:42:50 INFO FileSourceStrategy: Pushed Filters: Or(LessThan(temperature_2m_min,7.3000000000000025),GreaterThan(temperature_2m_min,36.1))
[2026-01-29T16:42:50.190+0530] {subprocess.py:106} INFO - 26/01/29 16:42:50 INFO FileSourceStrategy: Post-Scan Filters: ((temperature_2m_min#20 < 7.3000000000000025) OR (temperature_2m_min#20 > 36.1))
[2026-01-29T16:42:50.216+0530] {subprocess.py:106} INFO - 26/01/29 16:42:50 INFO CodeGenerator: Code generated in 11.881567 ms
[2026-01-29T16:42:50.219+0530] {subprocess.py:106} INFO - 26/01/29 16:42:50 INFO MemoryStore: Block broadcast_17 stored as values in memory (estimated size 350.2 KiB, free 365.6 MiB)
[2026-01-29T16:42:50.225+0530] {subprocess.py:106} INFO - 26/01/29 16:42:50 INFO MemoryStore: Block broadcast_17_piece0 stored as bytes in memory (estimated size 34.3 KiB, free 365.5 MiB)
[2026-01-29T16:42:50.225+0530] {subprocess.py:106} INFO - 26/01/29 16:42:50 INFO BlockManagerInfo: Added broadcast_17_piece0 in memory on Aishwarya92848DBDA:45083 (size: 34.3 KiB, free: 366.2 MiB)
[2026-01-29T16:42:50.226+0530] {subprocess.py:106} INFO - 26/01/29 16:42:50 INFO SparkContext: Created broadcast 17 from count at NativeMethodAccessorImpl.java:0
[2026-01-29T16:42:50.227+0530] {subprocess.py:106} INFO - 26/01/29 16:42:50 INFO FileSourceScanExec: Planning scan with bin packing, max size: 4194304 bytes, open cost is considered as scanning 4194304 bytes.
[2026-01-29T16:42:50.232+0530] {subprocess.py:106} INFO - 26/01/29 16:42:50 INFO DAGScheduler: Registering RDD 46 (count at NativeMethodAccessorImpl.java:0) as input to shuffle 3
[2026-01-29T16:42:50.233+0530] {subprocess.py:106} INFO - 26/01/29 16:42:50 INFO DAGScheduler: Got map stage job 10 (count at NativeMethodAccessorImpl.java:0) with 2 output partitions
[2026-01-29T16:42:50.233+0530] {subprocess.py:106} INFO - 26/01/29 16:42:50 INFO DAGScheduler: Final stage: ShuffleMapStage 13 (count at NativeMethodAccessorImpl.java:0)
[2026-01-29T16:42:50.233+0530] {subprocess.py:106} INFO - 26/01/29 16:42:50 INFO DAGScheduler: Parents of final stage: List()
[2026-01-29T16:42:50.233+0530] {subprocess.py:106} INFO - 26/01/29 16:42:50 INFO DAGScheduler: Missing parents: List()
[2026-01-29T16:42:50.233+0530] {subprocess.py:106} INFO - 26/01/29 16:42:50 INFO DAGScheduler: Submitting ShuffleMapStage 13 (MapPartitionsRDD[46] at count at NativeMethodAccessorImpl.java:0), which has no missing parents
[2026-01-29T16:42:50.236+0530] {subprocess.py:106} INFO - 26/01/29 16:42:50 INFO MemoryStore: Block broadcast_18 stored as values in memory (estimated size 20.0 KiB, free 365.5 MiB)
[2026-01-29T16:42:50.237+0530] {subprocess.py:106} INFO - 26/01/29 16:42:50 INFO MemoryStore: Block broadcast_18_piece0 stored as bytes in memory (estimated size 9.7 KiB, free 365.5 MiB)
[2026-01-29T16:42:50.238+0530] {subprocess.py:106} INFO - 26/01/29 16:42:50 INFO BlockManagerInfo: Added broadcast_18_piece0 in memory on Aishwarya92848DBDA:45083 (size: 9.7 KiB, free: 366.2 MiB)
[2026-01-29T16:42:50.238+0530] {subprocess.py:106} INFO - 26/01/29 16:42:50 INFO SparkContext: Created broadcast 18 from broadcast at DAGScheduler.scala:1585
[2026-01-29T16:42:50.239+0530] {subprocess.py:106} INFO - 26/01/29 16:42:50 INFO DAGScheduler: Submitting 2 missing tasks from ShuffleMapStage 13 (MapPartitionsRDD[46] at count at NativeMethodAccessorImpl.java:0) (first 15 tasks are for partitions Vector(0, 1))
[2026-01-29T16:42:50.239+0530] {subprocess.py:106} INFO - 26/01/29 16:42:50 INFO TaskSchedulerImpl: Adding task set 13.0 with 2 tasks resource profile 0
[2026-01-29T16:42:50.240+0530] {subprocess.py:106} INFO - 26/01/29 16:42:50 INFO TaskSetManager: Starting task 0.0 in stage 13.0 (TID 16) (Aishwarya92848DBDA, executor driver, partition 0, NODE_LOCAL, 8230 bytes)
[2026-01-29T16:42:50.240+0530] {subprocess.py:106} INFO - 26/01/29 16:42:50 INFO TaskSetManager: Starting task 1.0 in stage 13.0 (TID 17) (Aishwarya92848DBDA, executor driver, partition 1, NODE_LOCAL, 8230 bytes)
[2026-01-29T16:42:50.241+0530] {subprocess.py:106} INFO - 26/01/29 16:42:50 INFO Executor: Running task 0.0 in stage 13.0 (TID 16)
[2026-01-29T16:42:50.241+0530] {subprocess.py:106} INFO - 26/01/29 16:42:50 INFO Executor: Running task 1.0 in stage 13.0 (TID 17)
[2026-01-29T16:42:50.260+0530] {subprocess.py:106} INFO - 26/01/29 16:42:50 INFO CodeGenerator: Code generated in 13.581911 ms
[2026-01-29T16:42:50.261+0530] {subprocess.py:106} INFO - 26/01/29 16:42:50 INFO FileScanRDD: Reading File path: hdfs://localhost:9000/weather/data/raw_data/weather_dataset.csv, range: 4194304-6329103, partition values: [empty row]
[2026-01-29T16:42:50.262+0530] {subprocess.py:106} INFO - 26/01/29 16:42:50 INFO FileScanRDD: Reading File path: hdfs://localhost:9000/weather/data/raw_data/weather_dataset.csv, range: 0-4194304, partition values: [empty row]
[2026-01-29T16:42:50.274+0530] {subprocess.py:106} INFO - 26/01/29 16:42:50 INFO CodeGenerator: Code generated in 8.211953 ms
[2026-01-29T16:42:50.326+0530] {subprocess.py:106} INFO - 26/01/29 16:42:50 INFO Executor: Finished task 1.0 in stage 13.0 (TID 17). 1990 bytes result sent to driver
[2026-01-29T16:42:50.327+0530] {subprocess.py:106} INFO - 26/01/29 16:42:50 INFO TaskSetManager: Finished task 1.0 in stage 13.0 (TID 17) in 87 ms on Aishwarya92848DBDA (executor driver) (1/2)
[2026-01-29T16:42:50.356+0530] {subprocess.py:106} INFO - 26/01/29 16:42:50 INFO Executor: Finished task 0.0 in stage 13.0 (TID 16). 1990 bytes result sent to driver
[2026-01-29T16:42:50.356+0530] {subprocess.py:106} INFO - 26/01/29 16:42:50 INFO TaskSetManager: Finished task 0.0 in stage 13.0 (TID 16) in 116 ms on Aishwarya92848DBDA (executor driver) (2/2)
[2026-01-29T16:42:50.357+0530] {subprocess.py:106} INFO - 26/01/29 16:42:50 INFO TaskSchedulerImpl: Removed TaskSet 13.0, whose tasks have all completed, from pool
[2026-01-29T16:42:50.357+0530] {subprocess.py:106} INFO - 26/01/29 16:42:50 INFO DAGScheduler: ShuffleMapStage 13 (count at NativeMethodAccessorImpl.java:0) finished in 0.123 s
[2026-01-29T16:42:50.358+0530] {subprocess.py:106} INFO - 26/01/29 16:42:50 INFO DAGScheduler: looking for newly runnable stages
[2026-01-29T16:42:50.358+0530] {subprocess.py:106} INFO - 26/01/29 16:42:50 INFO DAGScheduler: running: Set()
[2026-01-29T16:42:50.358+0530] {subprocess.py:106} INFO - 26/01/29 16:42:50 INFO DAGScheduler: waiting: Set()
[2026-01-29T16:42:50.358+0530] {subprocess.py:106} INFO - 26/01/29 16:42:50 INFO DAGScheduler: failed: Set()
[2026-01-29T16:42:50.371+0530] {subprocess.py:106} INFO - 26/01/29 16:42:50 INFO SparkContext: Starting job: count at NativeMethodAccessorImpl.java:0
[2026-01-29T16:42:50.372+0530] {subprocess.py:106} INFO - 26/01/29 16:42:50 INFO DAGScheduler: Got job 11 (count at NativeMethodAccessorImpl.java:0) with 1 output partitions
[2026-01-29T16:42:50.372+0530] {subprocess.py:106} INFO - 26/01/29 16:42:50 INFO DAGScheduler: Final stage: ResultStage 15 (count at NativeMethodAccessorImpl.java:0)
[2026-01-29T16:42:50.373+0530] {subprocess.py:106} INFO - 26/01/29 16:42:50 INFO DAGScheduler: Parents of final stage: List(ShuffleMapStage 14)
[2026-01-29T16:42:50.373+0530] {subprocess.py:106} INFO - 26/01/29 16:42:50 INFO DAGScheduler: Missing parents: List()
[2026-01-29T16:42:50.373+0530] {subprocess.py:106} INFO - 26/01/29 16:42:50 INFO DAGScheduler: Submitting ResultStage 15 (MapPartitionsRDD[49] at count at NativeMethodAccessorImpl.java:0), which has no missing parents
[2026-01-29T16:42:50.374+0530] {subprocess.py:106} INFO - 26/01/29 16:42:50 INFO MemoryStore: Block broadcast_19 stored as values in memory (estimated size 12.5 KiB, free 365.5 MiB)
[2026-01-29T16:42:50.376+0530] {subprocess.py:106} INFO - 26/01/29 16:42:50 INFO MemoryStore: Block broadcast_19_piece0 stored as bytes in memory (estimated size 5.9 KiB, free 365.5 MiB)
[2026-01-29T16:42:50.377+0530] {subprocess.py:106} INFO - 26/01/29 16:42:50 INFO BlockManagerInfo: Added broadcast_19_piece0 in memory on Aishwarya92848DBDA:45083 (size: 5.9 KiB, free: 366.2 MiB)
[2026-01-29T16:42:50.378+0530] {subprocess.py:106} INFO - 26/01/29 16:42:50 INFO SparkContext: Created broadcast 19 from broadcast at DAGScheduler.scala:1585
[2026-01-29T16:42:50.378+0530] {subprocess.py:106} INFO - 26/01/29 16:42:50 INFO DAGScheduler: Submitting 1 missing tasks from ResultStage 15 (MapPartitionsRDD[49] at count at NativeMethodAccessorImpl.java:0) (first 15 tasks are for partitions Vector(0))
[2026-01-29T16:42:50.378+0530] {subprocess.py:106} INFO - 26/01/29 16:42:50 INFO TaskSchedulerImpl: Adding task set 15.0 with 1 tasks resource profile 0
[2026-01-29T16:42:50.379+0530] {subprocess.py:106} INFO - 26/01/29 16:42:50 INFO TaskSetManager: Starting task 0.0 in stage 15.0 (TID 18) (Aishwarya92848DBDA, executor driver, partition 0, NODE_LOCAL, 7615 bytes)
[2026-01-29T16:42:50.380+0530] {subprocess.py:106} INFO - 26/01/29 16:42:50 INFO Executor: Running task 0.0 in stage 15.0 (TID 18)
[2026-01-29T16:42:50.382+0530] {subprocess.py:106} INFO - 26/01/29 16:42:50 INFO ShuffleBlockFetcherIterator: Getting 2 (120.0 B) non-empty blocks including 2 (120.0 B) local and 0 (0.0 B) host-local and 0 (0.0 B) push-merged-local and 0 (0.0 B) remote blocks
[2026-01-29T16:42:50.383+0530] {subprocess.py:106} INFO - 26/01/29 16:42:50 INFO ShuffleBlockFetcherIterator: Started 0 remote fetches in 0 ms
[2026-01-29T16:42:50.385+0530] {subprocess.py:106} INFO - 26/01/29 16:42:50 INFO Executor: Finished task 0.0 in stage 15.0 (TID 18). 3995 bytes result sent to driver
[2026-01-29T16:42:50.386+0530] {subprocess.py:106} INFO - 26/01/29 16:42:50 INFO TaskSetManager: Finished task 0.0 in stage 15.0 (TID 18) in 7 ms on Aishwarya92848DBDA (executor driver) (1/1)
[2026-01-29T16:42:50.386+0530] {subprocess.py:106} INFO - 26/01/29 16:42:50 INFO TaskSchedulerImpl: Removed TaskSet 15.0, whose tasks have all completed, from pool
[2026-01-29T16:42:50.387+0530] {subprocess.py:106} INFO - 26/01/29 16:42:50 INFO DAGScheduler: ResultStage 15 (count at NativeMethodAccessorImpl.java:0) finished in 0.013 s
[2026-01-29T16:42:50.387+0530] {subprocess.py:106} INFO - 26/01/29 16:42:50 INFO DAGScheduler: Job 11 is finished. Cancelling potential speculative or zombie tasks for this job
[2026-01-29T16:42:50.387+0530] {subprocess.py:106} INFO - 26/01/29 16:42:50 INFO TaskSchedulerImpl: Killing all running tasks in stage 15: Stage finished
[2026-01-29T16:42:50.387+0530] {subprocess.py:106} INFO - 26/01/29 16:42:50 INFO DAGScheduler: Job 11 finished: count at NativeMethodAccessorImpl.java:0, took 0.016333 s
[2026-01-29T16:42:50.389+0530] {subprocess.py:106} INFO - temperature_2m_min: Outliers = 1423
[2026-01-29T16:42:50.415+0530] {subprocess.py:106} INFO - 26/01/29 16:42:50 INFO FileSourceStrategy: Pushed Filters:
[2026-01-29T16:42:50.415+0530] {subprocess.py:106} INFO - 26/01/29 16:42:50 INFO FileSourceStrategy: Post-Scan Filters:
[2026-01-29T16:42:50.418+0530] {subprocess.py:106} INFO - 26/01/29 16:42:50 INFO MemoryStore: Block broadcast_20 stored as values in memory (estimated size 350.2 KiB, free 365.1 MiB)
[2026-01-29T16:42:50.424+0530] {subprocess.py:106} INFO - 26/01/29 16:42:50 INFO MemoryStore: Block broadcast_20_piece0 stored as bytes in memory (estimated size 34.3 KiB, free 365.1 MiB)
[2026-01-29T16:42:50.424+0530] {subprocess.py:106} INFO - 26/01/29 16:42:50 INFO BlockManagerInfo: Added broadcast_20_piece0 in memory on Aishwarya92848DBDA:45083 (size: 34.3 KiB, free: 366.2 MiB)
[2026-01-29T16:42:50.425+0530] {subprocess.py:106} INFO - 26/01/29 16:42:50 INFO SparkContext: Created broadcast 20 from approxQuantile at NativeMethodAccessorImpl.java:0
[2026-01-29T16:42:50.426+0530] {subprocess.py:106} INFO - 26/01/29 16:42:50 INFO FileSourceScanExec: Planning scan with bin packing, max size: 4194304 bytes, open cost is considered as scanning 4194304 bytes.
[2026-01-29T16:42:50.438+0530] {subprocess.py:106} INFO - 26/01/29 16:42:50 INFO SparkContext: Starting job: approxQuantile at NativeMethodAccessorImpl.java:0
[2026-01-29T16:42:50.439+0530] {subprocess.py:106} INFO - 26/01/29 16:42:50 INFO DAGScheduler: Got job 12 (approxQuantile at NativeMethodAccessorImpl.java:0) with 2 output partitions
[2026-01-29T16:42:50.439+0530] {subprocess.py:106} INFO - 26/01/29 16:42:50 INFO DAGScheduler: Final stage: ResultStage 16 (approxQuantile at NativeMethodAccessorImpl.java:0)
[2026-01-29T16:42:50.439+0530] {subprocess.py:106} INFO - 26/01/29 16:42:50 INFO DAGScheduler: Parents of final stage: List()
[2026-01-29T16:42:50.439+0530] {subprocess.py:106} INFO - 26/01/29 16:42:50 INFO DAGScheduler: Missing parents: List()
[2026-01-29T16:42:50.440+0530] {subprocess.py:106} INFO - 26/01/29 16:42:50 INFO DAGScheduler: Submitting ResultStage 16 (MapPartitionsRDD[55] at approxQuantile at NativeMethodAccessorImpl.java:0), which has no missing parents
[2026-01-29T16:42:50.444+0530] {subprocess.py:106} INFO - 26/01/29 16:42:50 INFO MemoryStore: Block broadcast_21 stored as values in memory (estimated size 20.0 KiB, free 365.1 MiB)
[2026-01-29T16:42:50.446+0530] {subprocess.py:106} INFO - 26/01/29 16:42:50 INFO MemoryStore: Block broadcast_21_piece0 stored as bytes in memory (estimated size 9.5 KiB, free 365.1 MiB)
[2026-01-29T16:42:50.446+0530] {subprocess.py:106} INFO - 26/01/29 16:42:50 INFO BlockManagerInfo: Added broadcast_21_piece0 in memory on Aishwarya92848DBDA:45083 (size: 9.5 KiB, free: 366.2 MiB)
[2026-01-29T16:42:50.447+0530] {subprocess.py:106} INFO - 26/01/29 16:42:50 INFO SparkContext: Created broadcast 21 from broadcast at DAGScheduler.scala:1585
[2026-01-29T16:42:50.448+0530] {subprocess.py:106} INFO - 26/01/29 16:42:50 INFO DAGScheduler: Submitting 2 missing tasks from ResultStage 16 (MapPartitionsRDD[55] at approxQuantile at NativeMethodAccessorImpl.java:0) (first 15 tasks are for partitions Vector(0, 1))
[2026-01-29T16:42:50.448+0530] {subprocess.py:106} INFO - 26/01/29 16:42:50 INFO TaskSchedulerImpl: Adding task set 16.0 with 2 tasks resource profile 0
[2026-01-29T16:42:50.449+0530] {subprocess.py:106} INFO - 26/01/29 16:42:50 INFO TaskSetManager: Starting task 0.0 in stage 16.0 (TID 19) (Aishwarya92848DBDA, executor driver, partition 0, NODE_LOCAL, 8241 bytes)
[2026-01-29T16:42:50.450+0530] {subprocess.py:106} INFO - 26/01/29 16:42:50 INFO TaskSetManager: Starting task 1.0 in stage 16.0 (TID 20) (Aishwarya92848DBDA, executor driver, partition 1, NODE_LOCAL, 8241 bytes)
[2026-01-29T16:42:50.450+0530] {subprocess.py:106} INFO - 26/01/29 16:42:50 INFO Executor: Running task 1.0 in stage 16.0 (TID 20)
[2026-01-29T16:42:50.451+0530] {subprocess.py:106} INFO - 26/01/29 16:42:50 INFO Executor: Running task 0.0 in stage 16.0 (TID 19)
[2026-01-29T16:42:50.455+0530] {subprocess.py:106} INFO - 26/01/29 16:42:50 INFO FileScanRDD: Reading File path: hdfs://localhost:9000/weather/data/raw_data/weather_dataset.csv, range: 4194304-6329103, partition values: [empty row]
[2026-01-29T16:42:50.457+0530] {subprocess.py:106} INFO - 26/01/29 16:42:50 INFO FileScanRDD: Reading File path: hdfs://localhost:9000/weather/data/raw_data/weather_dataset.csv, range: 0-4194304, partition values: [empty row]
[2026-01-29T16:42:50.520+0530] {subprocess.py:106} INFO - 26/01/29 16:42:50 INFO Executor: Finished task 1.0 in stage 16.0 (TID 20). 8093 bytes result sent to driver
[2026-01-29T16:42:50.524+0530] {subprocess.py:106} INFO - 26/01/29 16:42:50 INFO TaskSetManager: Finished task 1.0 in stage 16.0 (TID 20) in 75 ms on Aishwarya92848DBDA (executor driver) (1/2)
[2026-01-29T16:42:50.525+0530] {subprocess.py:106} INFO - 26/01/29 16:42:50 INFO BlockManagerInfo: Removed broadcast_16_piece0 on Aishwarya92848DBDA:45083 in memory (size: 9.5 KiB, free: 366.2 MiB)
[2026-01-29T16:42:50.529+0530] {subprocess.py:106} INFO - 26/01/29 16:42:50 INFO BlockManagerInfo: Removed broadcast_17_piece0 on Aishwarya92848DBDA:45083 in memory (size: 34.3 KiB, free: 366.2 MiB)
[2026-01-29T16:42:50.532+0530] {subprocess.py:106} INFO - 26/01/29 16:42:50 INFO BlockManagerInfo: Removed broadcast_19_piece0 on Aishwarya92848DBDA:45083 in memory (size: 5.9 KiB, free: 366.2 MiB)
[2026-01-29T16:42:50.534+0530] {subprocess.py:106} INFO - 26/01/29 16:42:50 INFO BlockManagerInfo: Removed broadcast_15_piece0 on Aishwarya92848DBDA:45083 in memory (size: 34.3 KiB, free: 366.2 MiB)
[2026-01-29T16:42:50.537+0530] {subprocess.py:106} INFO - 26/01/29 16:42:50 INFO BlockManagerInfo: Removed broadcast_18_piece0 on Aishwarya92848DBDA:45083 in memory (size: 9.7 KiB, free: 366.3 MiB)
[2026-01-29T16:42:50.568+0530] {subprocess.py:106} INFO - 26/01/29 16:42:50 INFO Executor: Finished task 0.0 in stage 16.0 (TID 19). 6026 bytes result sent to driver
[2026-01-29T16:42:50.569+0530] {subprocess.py:106} INFO - 26/01/29 16:42:50 INFO TaskSetManager: Finished task 0.0 in stage 16.0 (TID 19) in 120 ms on Aishwarya92848DBDA (executor driver) (2/2)
[2026-01-29T16:42:50.569+0530] {subprocess.py:106} INFO - 26/01/29 16:42:50 INFO TaskSchedulerImpl: Removed TaskSet 16.0, whose tasks have all completed, from pool
[2026-01-29T16:42:50.570+0530] {subprocess.py:106} INFO - 26/01/29 16:42:50 INFO DAGScheduler: ResultStage 16 (approxQuantile at NativeMethodAccessorImpl.java:0) finished in 0.129 s
[2026-01-29T16:42:50.570+0530] {subprocess.py:106} INFO - 26/01/29 16:42:50 INFO DAGScheduler: Job 12 is finished. Cancelling potential speculative or zombie tasks for this job
[2026-01-29T16:42:50.570+0530] {subprocess.py:106} INFO - 26/01/29 16:42:50 INFO TaskSchedulerImpl: Killing all running tasks in stage 16: Stage finished
[2026-01-29T16:42:50.571+0530] {subprocess.py:106} INFO - 26/01/29 16:42:50 INFO DAGScheduler: Job 12 finished: approxQuantile at NativeMethodAccessorImpl.java:0, took 0.132799 s
[2026-01-29T16:42:50.643+0530] {subprocess.py:106} INFO - 26/01/29 16:42:50 INFO FileSourceStrategy: Pushed Filters: Or(LessThan(apparent_temperature_max,17.0),GreaterThan(apparent_temperature_max,49.8))
[2026-01-29T16:42:50.644+0530] {subprocess.py:106} INFO - 26/01/29 16:42:50 INFO FileSourceStrategy: Post-Scan Filters: ((apparent_temperature_max#21 < 17.0) OR (apparent_temperature_max#21 > 49.8))
[2026-01-29T16:42:50.663+0530] {subprocess.py:106} INFO - 26/01/29 16:42:50 INFO CodeGenerator: Code generated in 8.312943 ms
[2026-01-29T16:42:50.665+0530] {subprocess.py:106} INFO - 26/01/29 16:42:50 INFO MemoryStore: Block broadcast_22 stored as values in memory (estimated size 350.2 KiB, free 365.6 MiB)
[2026-01-29T16:42:50.671+0530] {subprocess.py:106} INFO - 26/01/29 16:42:50 INFO MemoryStore: Block broadcast_22_piece0 stored as bytes in memory (estimated size 34.3 KiB, free 365.5 MiB)
[2026-01-29T16:42:50.671+0530] {subprocess.py:106} INFO - 26/01/29 16:42:50 INFO BlockManagerInfo: Added broadcast_22_piece0 in memory on Aishwarya92848DBDA:45083 (size: 34.3 KiB, free: 366.2 MiB)
[2026-01-29T16:42:50.672+0530] {subprocess.py:106} INFO - 26/01/29 16:42:50 INFO SparkContext: Created broadcast 22 from count at NativeMethodAccessorImpl.java:0
[2026-01-29T16:42:50.672+0530] {subprocess.py:106} INFO - 26/01/29 16:42:50 INFO FileSourceScanExec: Planning scan with bin packing, max size: 4194304 bytes, open cost is considered as scanning 4194304 bytes.
[2026-01-29T16:42:50.676+0530] {subprocess.py:106} INFO - 26/01/29 16:42:50 INFO DAGScheduler: Registering RDD 59 (count at NativeMethodAccessorImpl.java:0) as input to shuffle 4
[2026-01-29T16:42:50.676+0530] {subprocess.py:106} INFO - 26/01/29 16:42:50 INFO DAGScheduler: Got map stage job 13 (count at NativeMethodAccessorImpl.java:0) with 2 output partitions
[2026-01-29T16:42:50.676+0530] {subprocess.py:106} INFO - 26/01/29 16:42:50 INFO DAGScheduler: Final stage: ShuffleMapStage 17 (count at NativeMethodAccessorImpl.java:0)
[2026-01-29T16:42:50.677+0530] {subprocess.py:106} INFO - 26/01/29 16:42:50 INFO DAGScheduler: Parents of final stage: List()
[2026-01-29T16:42:50.677+0530] {subprocess.py:106} INFO - 26/01/29 16:42:50 INFO DAGScheduler: Missing parents: List()
[2026-01-29T16:42:50.677+0530] {subprocess.py:106} INFO - 26/01/29 16:42:50 INFO DAGScheduler: Submitting ShuffleMapStage 17 (MapPartitionsRDD[59] at count at NativeMethodAccessorImpl.java:0), which has no missing parents
[2026-01-29T16:42:50.679+0530] {subprocess.py:106} INFO - 26/01/29 16:42:50 INFO MemoryStore: Block broadcast_23 stored as values in memory (estimated size 20.0 KiB, free 365.5 MiB)
[2026-01-29T16:42:50.681+0530] {subprocess.py:106} INFO - 26/01/29 16:42:50 INFO MemoryStore: Block broadcast_23_piece0 stored as bytes in memory (estimated size 9.7 KiB, free 365.5 MiB)
[2026-01-29T16:42:50.681+0530] {subprocess.py:106} INFO - 26/01/29 16:42:50 INFO BlockManagerInfo: Added broadcast_23_piece0 in memory on Aishwarya92848DBDA:45083 (size: 9.7 KiB, free: 366.2 MiB)
[2026-01-29T16:42:50.681+0530] {subprocess.py:106} INFO - 26/01/29 16:42:50 INFO SparkContext: Created broadcast 23 from broadcast at DAGScheduler.scala:1585
[2026-01-29T16:42:50.682+0530] {subprocess.py:106} INFO - 26/01/29 16:42:50 INFO DAGScheduler: Submitting 2 missing tasks from ShuffleMapStage 17 (MapPartitionsRDD[59] at count at NativeMethodAccessorImpl.java:0) (first 15 tasks are for partitions Vector(0, 1))
[2026-01-29T16:42:50.682+0530] {subprocess.py:106} INFO - 26/01/29 16:42:50 INFO TaskSchedulerImpl: Adding task set 17.0 with 2 tasks resource profile 0
[2026-01-29T16:42:50.683+0530] {subprocess.py:106} INFO - 26/01/29 16:42:50 INFO TaskSetManager: Starting task 0.0 in stage 17.0 (TID 21) (Aishwarya92848DBDA, executor driver, partition 0, NODE_LOCAL, 8230 bytes)
[2026-01-29T16:42:50.683+0530] {subprocess.py:106} INFO - 26/01/29 16:42:50 INFO TaskSetManager: Starting task 1.0 in stage 17.0 (TID 22) (Aishwarya92848DBDA, executor driver, partition 1, NODE_LOCAL, 8230 bytes)
[2026-01-29T16:42:50.684+0530] {subprocess.py:106} INFO - 26/01/29 16:42:50 INFO Executor: Running task 1.0 in stage 17.0 (TID 22)
[2026-01-29T16:42:50.684+0530] {subprocess.py:106} INFO - 26/01/29 16:42:50 INFO Executor: Running task 0.0 in stage 17.0 (TID 21)
[2026-01-29T16:42:50.696+0530] {subprocess.py:106} INFO - 26/01/29 16:42:50 INFO CodeGenerator: Code generated in 8.383857 ms
[2026-01-29T16:42:50.697+0530] {subprocess.py:106} INFO - 26/01/29 16:42:50 INFO FileScanRDD: Reading File path: hdfs://localhost:9000/weather/data/raw_data/weather_dataset.csv, range: 4194304-6329103, partition values: [empty row]
[2026-01-29T16:42:50.698+0530] {subprocess.py:106} INFO - 26/01/29 16:42:50 INFO FileScanRDD: Reading File path: hdfs://localhost:9000/weather/data/raw_data/weather_dataset.csv, range: 0-4194304, partition values: [empty row]
[2026-01-29T16:42:50.707+0530] {subprocess.py:106} INFO - 26/01/29 16:42:50 INFO CodeGenerator: Code generated in 5.979307 ms
[2026-01-29T16:42:50.745+0530] {subprocess.py:106} INFO - 26/01/29 16:42:50 INFO Executor: Finished task 1.0 in stage 17.0 (TID 22). 1990 bytes result sent to driver
[2026-01-29T16:42:50.746+0530] {subprocess.py:106} INFO - 26/01/29 16:42:50 INFO TaskSetManager: Finished task 1.0 in stage 17.0 (TID 22) in 63 ms on Aishwarya92848DBDA (executor driver) (1/2)
[2026-01-29T16:42:50.771+0530] {subprocess.py:106} INFO - 26/01/29 16:42:50 INFO Executor: Finished task 0.0 in stage 17.0 (TID 21). 1990 bytes result sent to driver
[2026-01-29T16:42:50.771+0530] {subprocess.py:106} INFO - 26/01/29 16:42:50 INFO TaskSetManager: Finished task 0.0 in stage 17.0 (TID 21) in 89 ms on Aishwarya92848DBDA (executor driver) (2/2)
[2026-01-29T16:42:50.772+0530] {subprocess.py:106} INFO - 26/01/29 16:42:50 INFO TaskSchedulerImpl: Removed TaskSet 17.0, whose tasks have all completed, from pool
[2026-01-29T16:42:50.772+0530] {subprocess.py:106} INFO - 26/01/29 16:42:50 INFO DAGScheduler: ShuffleMapStage 17 (count at NativeMethodAccessorImpl.java:0) finished in 0.095 s
[2026-01-29T16:42:50.772+0530] {subprocess.py:106} INFO - 26/01/29 16:42:50 INFO DAGScheduler: looking for newly runnable stages
[2026-01-29T16:42:50.773+0530] {subprocess.py:106} INFO - 26/01/29 16:42:50 INFO DAGScheduler: running: Set()
[2026-01-29T16:42:50.773+0530] {subprocess.py:106} INFO - 26/01/29 16:42:50 INFO DAGScheduler: waiting: Set()
[2026-01-29T16:42:50.773+0530] {subprocess.py:106} INFO - 26/01/29 16:42:50 INFO DAGScheduler: failed: Set()
[2026-01-29T16:42:50.786+0530] {subprocess.py:106} INFO - 26/01/29 16:42:50 INFO SparkContext: Starting job: count at NativeMethodAccessorImpl.java:0
[2026-01-29T16:42:50.787+0530] {subprocess.py:106} INFO - 26/01/29 16:42:50 INFO DAGScheduler: Got job 14 (count at NativeMethodAccessorImpl.java:0) with 1 output partitions
[2026-01-29T16:42:50.787+0530] {subprocess.py:106} INFO - 26/01/29 16:42:50 INFO DAGScheduler: Final stage: ResultStage 19 (count at NativeMethodAccessorImpl.java:0)
[2026-01-29T16:42:50.788+0530] {subprocess.py:106} INFO - 26/01/29 16:42:50 INFO DAGScheduler: Parents of final stage: List(ShuffleMapStage 18)
[2026-01-29T16:42:50.788+0530] {subprocess.py:106} INFO - 26/01/29 16:42:50 INFO DAGScheduler: Missing parents: List()
[2026-01-29T16:42:50.788+0530] {subprocess.py:106} INFO - 26/01/29 16:42:50 INFO DAGScheduler: Submitting ResultStage 19 (MapPartitionsRDD[62] at count at NativeMethodAccessorImpl.java:0), which has no missing parents
[2026-01-29T16:42:50.789+0530] {subprocess.py:106} INFO - 26/01/29 16:42:50 INFO MemoryStore: Block broadcast_24 stored as values in memory (estimated size 12.5 KiB, free 365.5 MiB)
[2026-01-29T16:42:50.791+0530] {subprocess.py:106} INFO - 26/01/29 16:42:50 INFO MemoryStore: Block broadcast_24_piece0 stored as bytes in memory (estimated size 5.9 KiB, free 365.5 MiB)
[2026-01-29T16:42:50.791+0530] {subprocess.py:106} INFO - 26/01/29 16:42:50 INFO BlockManagerInfo: Added broadcast_24_piece0 in memory on Aishwarya92848DBDA:45083 (size: 5.9 KiB, free: 366.2 MiB)
[2026-01-29T16:42:50.792+0530] {subprocess.py:106} INFO - 26/01/29 16:42:50 INFO SparkContext: Created broadcast 24 from broadcast at DAGScheduler.scala:1585
[2026-01-29T16:42:50.792+0530] {subprocess.py:106} INFO - 26/01/29 16:42:50 INFO DAGScheduler: Submitting 1 missing tasks from ResultStage 19 (MapPartitionsRDD[62] at count at NativeMethodAccessorImpl.java:0) (first 15 tasks are for partitions Vector(0))
[2026-01-29T16:42:50.793+0530] {subprocess.py:106} INFO - 26/01/29 16:42:50 INFO TaskSchedulerImpl: Adding task set 19.0 with 1 tasks resource profile 0
[2026-01-29T16:42:50.794+0530] {subprocess.py:106} INFO - 26/01/29 16:42:50 INFO TaskSetManager: Starting task 0.0 in stage 19.0 (TID 23) (Aishwarya92848DBDA, executor driver, partition 0, NODE_LOCAL, 7615 bytes)
[2026-01-29T16:42:50.794+0530] {subprocess.py:106} INFO - 26/01/29 16:42:50 INFO Executor: Running task 0.0 in stage 19.0 (TID 23)
[2026-01-29T16:42:50.797+0530] {subprocess.py:106} INFO - 26/01/29 16:42:50 INFO ShuffleBlockFetcherIterator: Getting 2 (120.0 B) non-empty blocks including 2 (120.0 B) local and 0 (0.0 B) host-local and 0 (0.0 B) push-merged-local and 0 (0.0 B) remote blocks
[2026-01-29T16:42:50.798+0530] {subprocess.py:106} INFO - 26/01/29 16:42:50 INFO ShuffleBlockFetcherIterator: Started 0 remote fetches in 0 ms
[2026-01-29T16:42:50.800+0530] {subprocess.py:106} INFO - 26/01/29 16:42:50 INFO Executor: Finished task 0.0 in stage 19.0 (TID 23). 3995 bytes result sent to driver
[2026-01-29T16:42:50.801+0530] {subprocess.py:106} INFO - 26/01/29 16:42:50 INFO TaskSetManager: Finished task 0.0 in stage 19.0 (TID 23) in 7 ms on Aishwarya92848DBDA (executor driver) (1/1)
[2026-01-29T16:42:50.801+0530] {subprocess.py:106} INFO - 26/01/29 16:42:50 INFO TaskSchedulerImpl: Removed TaskSet 19.0, whose tasks have all completed, from pool
[2026-01-29T16:42:50.801+0530] {subprocess.py:106} INFO - 26/01/29 16:42:50 INFO DAGScheduler: ResultStage 19 (count at NativeMethodAccessorImpl.java:0) finished in 0.013 s
[2026-01-29T16:42:50.802+0530] {subprocess.py:106} INFO - 26/01/29 16:42:50 INFO DAGScheduler: Job 14 is finished. Cancelling potential speculative or zombie tasks for this job
[2026-01-29T16:42:50.802+0530] {subprocess.py:106} INFO - 26/01/29 16:42:50 INFO TaskSchedulerImpl: Killing all running tasks in stage 19: Stage finished
[2026-01-29T16:42:50.802+0530] {subprocess.py:106} INFO - 26/01/29 16:42:50 INFO DAGScheduler: Job 14 finished: count at NativeMethodAccessorImpl.java:0, took 0.016087 s
[2026-01-29T16:42:50.803+0530] {subprocess.py:106} INFO - apparent_temperature_max: Outliers = 894
[2026-01-29T16:42:50.828+0530] {subprocess.py:106} INFO - 26/01/29 16:42:50 INFO FileSourceStrategy: Pushed Filters:
[2026-01-29T16:42:50.828+0530] {subprocess.py:106} INFO - 26/01/29 16:42:50 INFO FileSourceStrategy: Post-Scan Filters:
[2026-01-29T16:42:50.831+0530] {subprocess.py:106} INFO - 26/01/29 16:42:50 INFO MemoryStore: Block broadcast_25 stored as values in memory (estimated size 350.2 KiB, free 365.1 MiB)
[2026-01-29T16:42:50.837+0530] {subprocess.py:106} INFO - 26/01/29 16:42:50 INFO MemoryStore: Block broadcast_25_piece0 stored as bytes in memory (estimated size 34.3 KiB, free 365.1 MiB)
[2026-01-29T16:42:50.838+0530] {subprocess.py:106} INFO - 26/01/29 16:42:50 INFO BlockManagerInfo: Added broadcast_25_piece0 in memory on Aishwarya92848DBDA:45083 (size: 34.3 KiB, free: 366.2 MiB)
[2026-01-29T16:42:50.838+0530] {subprocess.py:106} INFO - 26/01/29 16:42:50 INFO SparkContext: Created broadcast 25 from approxQuantile at NativeMethodAccessorImpl.java:0
[2026-01-29T16:42:50.839+0530] {subprocess.py:106} INFO - 26/01/29 16:42:50 INFO FileSourceScanExec: Planning scan with bin packing, max size: 4194304 bytes, open cost is considered as scanning 4194304 bytes.
[2026-01-29T16:42:50.851+0530] {subprocess.py:106} INFO - 26/01/29 16:42:50 INFO SparkContext: Starting job: approxQuantile at NativeMethodAccessorImpl.java:0
[2026-01-29T16:42:50.851+0530] {subprocess.py:106} INFO - 26/01/29 16:42:50 INFO DAGScheduler: Got job 15 (approxQuantile at NativeMethodAccessorImpl.java:0) with 2 output partitions
[2026-01-29T16:42:50.852+0530] {subprocess.py:106} INFO - 26/01/29 16:42:50 INFO DAGScheduler: Final stage: ResultStage 20 (approxQuantile at NativeMethodAccessorImpl.java:0)
[2026-01-29T16:42:50.852+0530] {subprocess.py:106} INFO - 26/01/29 16:42:50 INFO DAGScheduler: Parents of final stage: List()
[2026-01-29T16:42:50.853+0530] {subprocess.py:106} INFO - 26/01/29 16:42:50 INFO DAGScheduler: Missing parents: List()
[2026-01-29T16:42:50.853+0530] {subprocess.py:106} INFO - 26/01/29 16:42:50 INFO DAGScheduler: Submitting ResultStage 20 (MapPartitionsRDD[68] at approxQuantile at NativeMethodAccessorImpl.java:0), which has no missing parents
[2026-01-29T16:42:50.856+0530] {subprocess.py:106} INFO - 26/01/29 16:42:50 INFO MemoryStore: Block broadcast_26 stored as values in memory (estimated size 20.0 KiB, free 365.1 MiB)
[2026-01-29T16:42:50.857+0530] {subprocess.py:106} INFO - 26/01/29 16:42:50 INFO MemoryStore: Block broadcast_26_piece0 stored as bytes in memory (estimated size 9.5 KiB, free 365.1 MiB)
[2026-01-29T16:42:50.858+0530] {subprocess.py:106} INFO - 26/01/29 16:42:50 INFO BlockManagerInfo: Added broadcast_26_piece0 in memory on Aishwarya92848DBDA:45083 (size: 9.5 KiB, free: 366.2 MiB)
[2026-01-29T16:42:50.858+0530] {subprocess.py:106} INFO - 26/01/29 16:42:50 INFO SparkContext: Created broadcast 26 from broadcast at DAGScheduler.scala:1585
[2026-01-29T16:42:50.859+0530] {subprocess.py:106} INFO - 26/01/29 16:42:50 INFO DAGScheduler: Submitting 2 missing tasks from ResultStage 20 (MapPartitionsRDD[68] at approxQuantile at NativeMethodAccessorImpl.java:0) (first 15 tasks are for partitions Vector(0, 1))
[2026-01-29T16:42:50.860+0530] {subprocess.py:106} INFO - 26/01/29 16:42:50 INFO TaskSchedulerImpl: Adding task set 20.0 with 2 tasks resource profile 0
[2026-01-29T16:42:50.860+0530] {subprocess.py:106} INFO - 26/01/29 16:42:50 INFO TaskSetManager: Starting task 0.0 in stage 20.0 (TID 24) (Aishwarya92848DBDA, executor driver, partition 0, NODE_LOCAL, 8241 bytes)
[2026-01-29T16:42:50.861+0530] {subprocess.py:106} INFO - 26/01/29 16:42:50 INFO TaskSetManager: Starting task 1.0 in stage 20.0 (TID 25) (Aishwarya92848DBDA, executor driver, partition 1, NODE_LOCAL, 8241 bytes)
[2026-01-29T16:42:50.861+0530] {subprocess.py:106} INFO - 26/01/29 16:42:50 INFO Executor: Running task 0.0 in stage 20.0 (TID 24)
[2026-01-29T16:42:50.862+0530] {subprocess.py:106} INFO - 26/01/29 16:42:50 INFO Executor: Running task 1.0 in stage 20.0 (TID 25)
[2026-01-29T16:42:50.866+0530] {subprocess.py:106} INFO - 26/01/29 16:42:50 INFO FileScanRDD: Reading File path: hdfs://localhost:9000/weather/data/raw_data/weather_dataset.csv, range: 0-4194304, partition values: [empty row]
[2026-01-29T16:42:50.867+0530] {subprocess.py:106} INFO - 26/01/29 16:42:50 INFO FileScanRDD: Reading File path: hdfs://localhost:9000/weather/data/raw_data/weather_dataset.csv, range: 4194304-6329103, partition values: [empty row]
[2026-01-29T16:42:50.928+0530] {subprocess.py:106} INFO - 26/01/29 16:42:50 INFO BlockManagerInfo: Removed broadcast_21_piece0 on Aishwarya92848DBDA:45083 in memory (size: 9.5 KiB, free: 366.2 MiB)
[2026-01-29T16:42:50.932+0530] {subprocess.py:106} INFO - 26/01/29 16:42:50 INFO BlockManagerInfo: Removed broadcast_24_piece0 on Aishwarya92848DBDA:45083 in memory (size: 5.9 KiB, free: 366.2 MiB)
[2026-01-29T16:42:50.936+0530] {subprocess.py:106} INFO - 26/01/29 16:42:50 INFO BlockManagerInfo: Removed broadcast_23_piece0 on Aishwarya92848DBDA:45083 in memory (size: 9.7 KiB, free: 366.2 MiB)
[2026-01-29T16:42:50.939+0530] {subprocess.py:106} INFO - 26/01/29 16:42:50 INFO BlockManagerInfo: Removed broadcast_20_piece0 on Aishwarya92848DBDA:45083 in memory (size: 34.3 KiB, free: 366.2 MiB)
[2026-01-29T16:42:50.942+0530] {subprocess.py:106} INFO - 26/01/29 16:42:50 INFO BlockManagerInfo: Removed broadcast_22_piece0 on Aishwarya92848DBDA:45083 in memory (size: 34.3 KiB, free: 366.3 MiB)
[2026-01-29T16:42:50.956+0530] {subprocess.py:106} INFO - 26/01/29 16:42:50 INFO Executor: Finished task 1.0 in stage 20.0 (TID 25). 8136 bytes result sent to driver
[2026-01-29T16:42:50.957+0530] {subprocess.py:106} INFO - 26/01/29 16:42:50 INFO TaskSetManager: Finished task 1.0 in stage 20.0 (TID 25) in 97 ms on Aishwarya92848DBDA (executor driver) (1/2)
[2026-01-29T16:42:50.992+0530] {subprocess.py:106} INFO - 26/01/29 16:42:50 INFO Executor: Finished task 0.0 in stage 20.0 (TID 24). 6086 bytes result sent to driver
[2026-01-29T16:42:50.993+0530] {subprocess.py:106} INFO - 26/01/29 16:42:50 INFO TaskSetManager: Finished task 0.0 in stage 20.0 (TID 24) in 133 ms on Aishwarya92848DBDA (executor driver) (2/2)
[2026-01-29T16:42:50.993+0530] {subprocess.py:106} INFO - 26/01/29 16:42:50 INFO TaskSchedulerImpl: Removed TaskSet 20.0, whose tasks have all completed, from pool
[2026-01-29T16:42:50.993+0530] {subprocess.py:106} INFO - 26/01/29 16:42:50 INFO DAGScheduler: ResultStage 20 (approxQuantile at NativeMethodAccessorImpl.java:0) finished in 0.140 s
[2026-01-29T16:42:50.994+0530] {subprocess.py:106} INFO - 26/01/29 16:42:50 INFO DAGScheduler: Job 15 is finished. Cancelling potential speculative or zombie tasks for this job
[2026-01-29T16:42:50.994+0530] {subprocess.py:106} INFO - 26/01/29 16:42:50 INFO TaskSchedulerImpl: Killing all running tasks in stage 20: Stage finished
[2026-01-29T16:42:50.995+0530] {subprocess.py:106} INFO - 26/01/29 16:42:50 INFO DAGScheduler: Job 15 finished: approxQuantile at NativeMethodAccessorImpl.java:0, took 0.143968 s
[2026-01-29T16:42:51.084+0530] {subprocess.py:106} INFO - 26/01/29 16:42:51 INFO FileSourceStrategy: Pushed Filters: Or(LessThan(apparent_temperature_min,1.9999999999999964),GreaterThan(apparent_temperature_min,45.2))
[2026-01-29T16:42:51.085+0530] {subprocess.py:106} INFO - 26/01/29 16:42:51 INFO FileSourceStrategy: Post-Scan Filters: ((apparent_temperature_min#22 < 1.9999999999999964) OR (apparent_temperature_min#22 > 45.2))
[2026-01-29T16:42:51.106+0530] {subprocess.py:106} INFO - 26/01/29 16:42:51 INFO CodeGenerator: Code generated in 9.501614 ms
[2026-01-29T16:42:51.108+0530] {subprocess.py:106} INFO - 26/01/29 16:42:51 INFO MemoryStore: Block broadcast_27 stored as values in memory (estimated size 350.2 KiB, free 365.6 MiB)
[2026-01-29T16:42:51.114+0530] {subprocess.py:106} INFO - 26/01/29 16:42:51 INFO MemoryStore: Block broadcast_27_piece0 stored as bytes in memory (estimated size 34.3 KiB, free 365.5 MiB)
[2026-01-29T16:42:51.114+0530] {subprocess.py:106} INFO - 26/01/29 16:42:51 INFO BlockManagerInfo: Added broadcast_27_piece0 in memory on Aishwarya92848DBDA:45083 (size: 34.3 KiB, free: 366.2 MiB)
[2026-01-29T16:42:51.115+0530] {subprocess.py:106} INFO - 26/01/29 16:42:51 INFO SparkContext: Created broadcast 27 from count at NativeMethodAccessorImpl.java:0
[2026-01-29T16:42:51.116+0530] {subprocess.py:106} INFO - 26/01/29 16:42:51 INFO FileSourceScanExec: Planning scan with bin packing, max size: 4194304 bytes, open cost is considered as scanning 4194304 bytes.
[2026-01-29T16:42:51.120+0530] {subprocess.py:106} INFO - 26/01/29 16:42:51 INFO DAGScheduler: Registering RDD 72 (count at NativeMethodAccessorImpl.java:0) as input to shuffle 5
[2026-01-29T16:42:51.120+0530] {subprocess.py:106} INFO - 26/01/29 16:42:51 INFO DAGScheduler: Got map stage job 16 (count at NativeMethodAccessorImpl.java:0) with 2 output partitions
[2026-01-29T16:42:51.120+0530] {subprocess.py:106} INFO - 26/01/29 16:42:51 INFO DAGScheduler: Final stage: ShuffleMapStage 21 (count at NativeMethodAccessorImpl.java:0)
[2026-01-29T16:42:51.121+0530] {subprocess.py:106} INFO - 26/01/29 16:42:51 INFO DAGScheduler: Parents of final stage: List()
[2026-01-29T16:42:51.121+0530] {subprocess.py:106} INFO - 26/01/29 16:42:51 INFO DAGScheduler: Missing parents: List()
[2026-01-29T16:42:51.121+0530] {subprocess.py:106} INFO - 26/01/29 16:42:51 INFO DAGScheduler: Submitting ShuffleMapStage 21 (MapPartitionsRDD[72] at count at NativeMethodAccessorImpl.java:0), which has no missing parents
[2026-01-29T16:42:51.123+0530] {subprocess.py:106} INFO - 26/01/29 16:42:51 INFO MemoryStore: Block broadcast_28 stored as values in memory (estimated size 20.0 KiB, free 365.5 MiB)
[2026-01-29T16:42:51.125+0530] {subprocess.py:106} INFO - 26/01/29 16:42:51 INFO MemoryStore: Block broadcast_28_piece0 stored as bytes in memory (estimated size 9.7 KiB, free 365.5 MiB)
[2026-01-29T16:42:51.125+0530] {subprocess.py:106} INFO - 26/01/29 16:42:51 INFO BlockManagerInfo: Added broadcast_28_piece0 in memory on Aishwarya92848DBDA:45083 (size: 9.7 KiB, free: 366.2 MiB)
[2026-01-29T16:42:51.126+0530] {subprocess.py:106} INFO - 26/01/29 16:42:51 INFO SparkContext: Created broadcast 28 from broadcast at DAGScheduler.scala:1585
[2026-01-29T16:42:51.126+0530] {subprocess.py:106} INFO - 26/01/29 16:42:51 INFO DAGScheduler: Submitting 2 missing tasks from ShuffleMapStage 21 (MapPartitionsRDD[72] at count at NativeMethodAccessorImpl.java:0) (first 15 tasks are for partitions Vector(0, 1))
[2026-01-29T16:42:51.127+0530] {subprocess.py:106} INFO - 26/01/29 16:42:51 INFO TaskSchedulerImpl: Adding task set 21.0 with 2 tasks resource profile 0
[2026-01-29T16:42:51.127+0530] {subprocess.py:106} INFO - 26/01/29 16:42:51 INFO TaskSetManager: Starting task 0.0 in stage 21.0 (TID 26) (Aishwarya92848DBDA, executor driver, partition 0, NODE_LOCAL, 8230 bytes)
[2026-01-29T16:42:51.128+0530] {subprocess.py:106} INFO - 26/01/29 16:42:51 INFO TaskSetManager: Starting task 1.0 in stage 21.0 (TID 27) (Aishwarya92848DBDA, executor driver, partition 1, NODE_LOCAL, 8230 bytes)
[2026-01-29T16:42:51.128+0530] {subprocess.py:106} INFO - 26/01/29 16:42:51 INFO Executor: Running task 0.0 in stage 21.0 (TID 26)
[2026-01-29T16:42:51.129+0530] {subprocess.py:106} INFO - 26/01/29 16:42:51 INFO Executor: Running task 1.0 in stage 21.0 (TID 27)
[2026-01-29T16:42:51.144+0530] {subprocess.py:106} INFO - 26/01/29 16:42:51 INFO CodeGenerator: Code generated in 11.961449 ms
[2026-01-29T16:42:51.145+0530] {subprocess.py:106} INFO - 26/01/29 16:42:51 INFO FileScanRDD: Reading File path: hdfs://localhost:9000/weather/data/raw_data/weather_dataset.csv, range: 0-4194304, partition values: [empty row]
[2026-01-29T16:42:51.145+0530] {subprocess.py:106} INFO - 26/01/29 16:42:51 INFO FileScanRDD: Reading File path: hdfs://localhost:9000/weather/data/raw_data/weather_dataset.csv, range: 4194304-6329103, partition values: [empty row]
[2026-01-29T16:42:51.155+0530] {subprocess.py:106} INFO - 26/01/29 16:42:51 INFO CodeGenerator: Code generated in 6.796476 ms
[2026-01-29T16:42:51.202+0530] {subprocess.py:106} INFO - 26/01/29 16:42:51 INFO Executor: Finished task 1.0 in stage 21.0 (TID 27). 1990 bytes result sent to driver
[2026-01-29T16:42:51.203+0530] {subprocess.py:106} INFO - 26/01/29 16:42:51 INFO TaskSetManager: Finished task 1.0 in stage 21.0 (TID 27) in 76 ms on Aishwarya92848DBDA (executor driver) (1/2)
[2026-01-29T16:42:51.233+0530] {subprocess.py:106} INFO - 26/01/29 16:42:51 INFO Executor: Finished task 0.0 in stage 21.0 (TID 26). 1990 bytes result sent to driver
[2026-01-29T16:42:51.234+0530] {subprocess.py:106} INFO - 26/01/29 16:42:51 INFO TaskSetManager: Finished task 0.0 in stage 21.0 (TID 26) in 107 ms on Aishwarya92848DBDA (executor driver) (2/2)
[2026-01-29T16:42:51.234+0530] {subprocess.py:106} INFO - 26/01/29 16:42:51 INFO TaskSchedulerImpl: Removed TaskSet 21.0, whose tasks have all completed, from pool
[2026-01-29T16:42:51.234+0530] {subprocess.py:106} INFO - 26/01/29 16:42:51 INFO DAGScheduler: ShuffleMapStage 21 (count at NativeMethodAccessorImpl.java:0) finished in 0.113 s
[2026-01-29T16:42:51.235+0530] {subprocess.py:106} INFO - 26/01/29 16:42:51 INFO DAGScheduler: looking for newly runnable stages
[2026-01-29T16:42:51.235+0530] {subprocess.py:106} INFO - 26/01/29 16:42:51 INFO DAGScheduler: running: Set()
[2026-01-29T16:42:51.235+0530] {subprocess.py:106} INFO - 26/01/29 16:42:51 INFO DAGScheduler: waiting: Set()
[2026-01-29T16:42:51.235+0530] {subprocess.py:106} INFO - 26/01/29 16:42:51 INFO DAGScheduler: failed: Set()
[2026-01-29T16:42:51.251+0530] {subprocess.py:106} INFO - 26/01/29 16:42:51 INFO SparkContext: Starting job: count at NativeMethodAccessorImpl.java:0
[2026-01-29T16:42:51.252+0530] {subprocess.py:106} INFO - 26/01/29 16:42:51 INFO DAGScheduler: Got job 17 (count at NativeMethodAccessorImpl.java:0) with 1 output partitions
[2026-01-29T16:42:51.253+0530] {subprocess.py:106} INFO - 26/01/29 16:42:51 INFO DAGScheduler: Final stage: ResultStage 23 (count at NativeMethodAccessorImpl.java:0)
[2026-01-29T16:42:51.253+0530] {subprocess.py:106} INFO - 26/01/29 16:42:51 INFO DAGScheduler: Parents of final stage: List(ShuffleMapStage 22)
[2026-01-29T16:42:51.253+0530] {subprocess.py:106} INFO - 26/01/29 16:42:51 INFO DAGScheduler: Missing parents: List()
[2026-01-29T16:42:51.253+0530] {subprocess.py:106} INFO - 26/01/29 16:42:51 INFO DAGScheduler: Submitting ResultStage 23 (MapPartitionsRDD[75] at count at NativeMethodAccessorImpl.java:0), which has no missing parents
[2026-01-29T16:42:51.254+0530] {subprocess.py:106} INFO - 26/01/29 16:42:51 INFO MemoryStore: Block broadcast_29 stored as values in memory (estimated size 12.5 KiB, free 365.5 MiB)
[2026-01-29T16:42:51.255+0530] {subprocess.py:106} INFO - 26/01/29 16:42:51 INFO MemoryStore: Block broadcast_29_piece0 stored as bytes in memory (estimated size 6.0 KiB, free 365.5 MiB)
[2026-01-29T16:42:51.255+0530] {subprocess.py:106} INFO - 26/01/29 16:42:51 INFO BlockManagerInfo: Added broadcast_29_piece0 in memory on Aishwarya92848DBDA:45083 (size: 6.0 KiB, free: 366.2 MiB)
[2026-01-29T16:42:51.256+0530] {subprocess.py:106} INFO - 26/01/29 16:42:51 INFO SparkContext: Created broadcast 29 from broadcast at DAGScheduler.scala:1585
[2026-01-29T16:42:51.256+0530] {subprocess.py:106} INFO - 26/01/29 16:42:51 INFO DAGScheduler: Submitting 1 missing tasks from ResultStage 23 (MapPartitionsRDD[75] at count at NativeMethodAccessorImpl.java:0) (first 15 tasks are for partitions Vector(0))
[2026-01-29T16:42:51.256+0530] {subprocess.py:106} INFO - 26/01/29 16:42:51 INFO TaskSchedulerImpl: Adding task set 23.0 with 1 tasks resource profile 0
[2026-01-29T16:42:51.257+0530] {subprocess.py:106} INFO - 26/01/29 16:42:51 INFO TaskSetManager: Starting task 0.0 in stage 23.0 (TID 28) (Aishwarya92848DBDA, executor driver, partition 0, NODE_LOCAL, 7615 bytes)
[2026-01-29T16:42:51.257+0530] {subprocess.py:106} INFO - 26/01/29 16:42:51 INFO Executor: Running task 0.0 in stage 23.0 (TID 28)
[2026-01-29T16:42:51.260+0530] {subprocess.py:106} INFO - 26/01/29 16:42:51 INFO ShuffleBlockFetcherIterator: Getting 2 (120.0 B) non-empty blocks including 2 (120.0 B) local and 0 (0.0 B) host-local and 0 (0.0 B) push-merged-local and 0 (0.0 B) remote blocks
[2026-01-29T16:42:51.261+0530] {subprocess.py:106} INFO - 26/01/29 16:42:51 INFO ShuffleBlockFetcherIterator: Started 0 remote fetches in 0 ms
[2026-01-29T16:42:51.263+0530] {subprocess.py:106} INFO - 26/01/29 16:42:51 INFO Executor: Finished task 0.0 in stage 23.0 (TID 28). 3995 bytes result sent to driver
[2026-01-29T16:42:51.264+0530] {subprocess.py:106} INFO - 26/01/29 16:42:51 INFO TaskSetManager: Finished task 0.0 in stage 23.0 (TID 28) in 7 ms on Aishwarya92848DBDA (executor driver) (1/1)
[2026-01-29T16:42:51.265+0530] {subprocess.py:106} INFO - 26/01/29 16:42:51 INFO TaskSchedulerImpl: Removed TaskSet 23.0, whose tasks have all completed, from pool
[2026-01-29T16:42:51.265+0530] {subprocess.py:106} INFO - 26/01/29 16:42:51 INFO DAGScheduler: ResultStage 23 (count at NativeMethodAccessorImpl.java:0) finished in 0.012 s
[2026-01-29T16:42:51.265+0530] {subprocess.py:106} INFO - 26/01/29 16:42:51 INFO DAGScheduler: Job 17 is finished. Cancelling potential speculative or zombie tasks for this job
[2026-01-29T16:42:51.266+0530] {subprocess.py:106} INFO - 26/01/29 16:42:51 INFO TaskSchedulerImpl: Killing all running tasks in stage 23: Stage finished
[2026-01-29T16:42:51.266+0530] {subprocess.py:106} INFO - 26/01/29 16:42:51 INFO DAGScheduler: Job 17 finished: count at NativeMethodAccessorImpl.java:0, took 0.014139 s
[2026-01-29T16:42:51.267+0530] {subprocess.py:106} INFO - apparent_temperature_min: Outliers = 184
[2026-01-29T16:42:51.291+0530] {subprocess.py:106} INFO - 26/01/29 16:42:51 INFO FileSourceStrategy: Pushed Filters:
[2026-01-29T16:42:51.291+0530] {subprocess.py:106} INFO - 26/01/29 16:42:51 INFO FileSourceStrategy: Post-Scan Filters:
[2026-01-29T16:42:51.294+0530] {subprocess.py:106} INFO - 26/01/29 16:42:51 INFO MemoryStore: Block broadcast_30 stored as values in memory (estimated size 350.2 KiB, free 365.1 MiB)
[2026-01-29T16:42:51.300+0530] {subprocess.py:106} INFO - 26/01/29 16:42:51 INFO MemoryStore: Block broadcast_30_piece0 stored as bytes in memory (estimated size 34.3 KiB, free 365.1 MiB)
[2026-01-29T16:42:51.301+0530] {subprocess.py:106} INFO - 26/01/29 16:42:51 INFO BlockManagerInfo: Added broadcast_30_piece0 in memory on Aishwarya92848DBDA:45083 (size: 34.3 KiB, free: 366.2 MiB)
[2026-01-29T16:42:51.302+0530] {subprocess.py:106} INFO - 26/01/29 16:42:51 INFO SparkContext: Created broadcast 30 from approxQuantile at NativeMethodAccessorImpl.java:0
[2026-01-29T16:42:51.303+0530] {subprocess.py:106} INFO - 26/01/29 16:42:51 INFO FileSourceScanExec: Planning scan with bin packing, max size: 4194304 bytes, open cost is considered as scanning 4194304 bytes.
[2026-01-29T16:42:51.313+0530] {subprocess.py:106} INFO - 26/01/29 16:42:51 INFO SparkContext: Starting job: approxQuantile at NativeMethodAccessorImpl.java:0
[2026-01-29T16:42:51.314+0530] {subprocess.py:106} INFO - 26/01/29 16:42:51 INFO DAGScheduler: Got job 18 (approxQuantile at NativeMethodAccessorImpl.java:0) with 2 output partitions
[2026-01-29T16:42:51.314+0530] {subprocess.py:106} INFO - 26/01/29 16:42:51 INFO DAGScheduler: Final stage: ResultStage 24 (approxQuantile at NativeMethodAccessorImpl.java:0)
[2026-01-29T16:42:51.315+0530] {subprocess.py:106} INFO - 26/01/29 16:42:51 INFO DAGScheduler: Parents of final stage: List()
[2026-01-29T16:42:51.315+0530] {subprocess.py:106} INFO - 26/01/29 16:42:51 INFO DAGScheduler: Missing parents: List()
[2026-01-29T16:42:51.315+0530] {subprocess.py:106} INFO - 26/01/29 16:42:51 INFO DAGScheduler: Submitting ResultStage 24 (MapPartitionsRDD[81] at approxQuantile at NativeMethodAccessorImpl.java:0), which has no missing parents
[2026-01-29T16:42:51.317+0530] {subprocess.py:106} INFO - 26/01/29 16:42:51 INFO MemoryStore: Block broadcast_31 stored as values in memory (estimated size 20.0 KiB, free 365.1 MiB)
[2026-01-29T16:42:51.318+0530] {subprocess.py:106} INFO - 26/01/29 16:42:51 INFO MemoryStore: Block broadcast_31_piece0 stored as bytes in memory (estimated size 9.5 KiB, free 365.1 MiB)
[2026-01-29T16:42:51.319+0530] {subprocess.py:106} INFO - 26/01/29 16:42:51 INFO BlockManagerInfo: Added broadcast_31_piece0 in memory on Aishwarya92848DBDA:45083 (size: 9.5 KiB, free: 366.2 MiB)
[2026-01-29T16:42:51.319+0530] {subprocess.py:106} INFO - 26/01/29 16:42:51 INFO SparkContext: Created broadcast 31 from broadcast at DAGScheduler.scala:1585
[2026-01-29T16:42:51.320+0530] {subprocess.py:106} INFO - 26/01/29 16:42:51 INFO DAGScheduler: Submitting 2 missing tasks from ResultStage 24 (MapPartitionsRDD[81] at approxQuantile at NativeMethodAccessorImpl.java:0) (first 15 tasks are for partitions Vector(0, 1))
[2026-01-29T16:42:51.320+0530] {subprocess.py:106} INFO - 26/01/29 16:42:51 INFO TaskSchedulerImpl: Adding task set 24.0 with 2 tasks resource profile 0
[2026-01-29T16:42:51.320+0530] {subprocess.py:106} INFO - 26/01/29 16:42:51 INFO TaskSetManager: Starting task 0.0 in stage 24.0 (TID 29) (Aishwarya92848DBDA, executor driver, partition 0, NODE_LOCAL, 8241 bytes)
[2026-01-29T16:42:51.321+0530] {subprocess.py:106} INFO - 26/01/29 16:42:51 INFO TaskSetManager: Starting task 1.0 in stage 24.0 (TID 30) (Aishwarya92848DBDA, executor driver, partition 1, NODE_LOCAL, 8241 bytes)
[2026-01-29T16:42:51.321+0530] {subprocess.py:106} INFO - 26/01/29 16:42:51 INFO Executor: Running task 1.0 in stage 24.0 (TID 30)
[2026-01-29T16:42:51.321+0530] {subprocess.py:106} INFO - 26/01/29 16:42:51 INFO Executor: Running task 0.0 in stage 24.0 (TID 29)
[2026-01-29T16:42:51.325+0530] {subprocess.py:106} INFO - 26/01/29 16:42:51 INFO FileScanRDD: Reading File path: hdfs://localhost:9000/weather/data/raw_data/weather_dataset.csv, range: 4194304-6329103, partition values: [empty row]
[2026-01-29T16:42:51.326+0530] {subprocess.py:106} INFO - 26/01/29 16:42:51 INFO FileScanRDD: Reading File path: hdfs://localhost:9000/weather/data/raw_data/weather_dataset.csv, range: 0-4194304, partition values: [empty row]
[2026-01-29T16:42:51.372+0530] {subprocess.py:106} INFO - 26/01/29 16:42:51 INFO BlockManagerInfo: Removed broadcast_29_piece0 on Aishwarya92848DBDA:45083 in memory (size: 6.0 KiB, free: 366.2 MiB)
[2026-01-29T16:42:51.377+0530] {subprocess.py:106} INFO - 26/01/29 16:42:51 INFO BlockManagerInfo: Removed broadcast_26_piece0 on Aishwarya92848DBDA:45083 in memory (size: 9.5 KiB, free: 366.2 MiB)
[2026-01-29T16:42:51.380+0530] {subprocess.py:106} INFO - 26/01/29 16:42:51 INFO BlockManagerInfo: Removed broadcast_28_piece0 on Aishwarya92848DBDA:45083 in memory (size: 9.7 KiB, free: 366.2 MiB)
[2026-01-29T16:42:51.384+0530] {subprocess.py:106} INFO - 26/01/29 16:42:51 INFO BlockManagerInfo: Removed broadcast_25_piece0 on Aishwarya92848DBDA:45083 in memory (size: 34.3 KiB, free: 366.2 MiB)
[2026-01-29T16:42:51.387+0530] {subprocess.py:106} INFO - 26/01/29 16:42:51 INFO BlockManagerInfo: Removed broadcast_27_piece0 on Aishwarya92848DBDA:45083 in memory (size: 34.3 KiB, free: 366.3 MiB)
[2026-01-29T16:42:51.407+0530] {subprocess.py:106} INFO - 26/01/29 16:42:51 INFO Executor: Finished task 1.0 in stage 24.0 (TID 30). 8136 bytes result sent to driver
[2026-01-29T16:42:51.409+0530] {subprocess.py:106} INFO - 26/01/29 16:42:51 INFO TaskSetManager: Finished task 1.0 in stage 24.0 (TID 30) in 89 ms on Aishwarya92848DBDA (executor driver) (1/2)
[2026-01-29T16:42:51.448+0530] {subprocess.py:106} INFO - 26/01/29 16:42:51 INFO Executor: Finished task 0.0 in stage 24.0 (TID 29). 7231 bytes result sent to driver
[2026-01-29T16:42:51.449+0530] {subprocess.py:106} INFO - 26/01/29 16:42:51 INFO TaskSetManager: Finished task 0.0 in stage 24.0 (TID 29) in 129 ms on Aishwarya92848DBDA (executor driver) (2/2)
[2026-01-29T16:42:51.449+0530] {subprocess.py:106} INFO - 26/01/29 16:42:51 INFO TaskSchedulerImpl: Removed TaskSet 24.0, whose tasks have all completed, from pool
[2026-01-29T16:42:51.450+0530] {subprocess.py:106} INFO - 26/01/29 16:42:51 INFO DAGScheduler: ResultStage 24 (approxQuantile at NativeMethodAccessorImpl.java:0) finished in 0.134 s
[2026-01-29T16:42:51.450+0530] {subprocess.py:106} INFO - 26/01/29 16:42:51 INFO DAGScheduler: Job 18 is finished. Cancelling potential speculative or zombie tasks for this job
[2026-01-29T16:42:51.450+0530] {subprocess.py:106} INFO - 26/01/29 16:42:51 INFO TaskSchedulerImpl: Killing all running tasks in stage 24: Stage finished
[2026-01-29T16:42:51.450+0530] {subprocess.py:106} INFO - 26/01/29 16:42:51 INFO DAGScheduler: Job 18 finished: approxQuantile at NativeMethodAccessorImpl.java:0, took 0.137419 s
[2026-01-29T16:42:51.518+0530] {subprocess.py:106} INFO - 26/01/29 16:42:51 INFO FileSourceStrategy: Pushed Filters: Or(LessThan(precipitation_sum,-2.4000000000000004),GreaterThan(precipitation_sum,4.0))
[2026-01-29T16:42:51.518+0530] {subprocess.py:106} INFO - 26/01/29 16:42:51 INFO FileSourceStrategy: Post-Scan Filters: ((precipitation_sum#23 < -2.4000000000000004) OR (precipitation_sum#23 > 4.0))
[2026-01-29T16:42:51.537+0530] {subprocess.py:106} INFO - 26/01/29 16:42:51 INFO CodeGenerator: Code generated in 8.633578 ms
[2026-01-29T16:42:51.539+0530] {subprocess.py:106} INFO - 26/01/29 16:42:51 INFO MemoryStore: Block broadcast_32 stored as values in memory (estimated size 350.2 KiB, free 365.6 MiB)
[2026-01-29T16:42:51.544+0530] {subprocess.py:106} INFO - 26/01/29 16:42:51 INFO MemoryStore: Block broadcast_32_piece0 stored as bytes in memory (estimated size 34.3 KiB, free 365.5 MiB)
[2026-01-29T16:42:51.545+0530] {subprocess.py:106} INFO - 26/01/29 16:42:51 INFO BlockManagerInfo: Added broadcast_32_piece0 in memory on Aishwarya92848DBDA:45083 (size: 34.3 KiB, free: 366.2 MiB)
[2026-01-29T16:42:51.545+0530] {subprocess.py:106} INFO - 26/01/29 16:42:51 INFO SparkContext: Created broadcast 32 from count at NativeMethodAccessorImpl.java:0
[2026-01-29T16:42:51.546+0530] {subprocess.py:106} INFO - 26/01/29 16:42:51 INFO FileSourceScanExec: Planning scan with bin packing, max size: 4194304 bytes, open cost is considered as scanning 4194304 bytes.
[2026-01-29T16:42:51.549+0530] {subprocess.py:106} INFO - 26/01/29 16:42:51 INFO DAGScheduler: Registering RDD 85 (count at NativeMethodAccessorImpl.java:0) as input to shuffle 6
[2026-01-29T16:42:51.550+0530] {subprocess.py:106} INFO - 26/01/29 16:42:51 INFO DAGScheduler: Got map stage job 19 (count at NativeMethodAccessorImpl.java:0) with 2 output partitions
[2026-01-29T16:42:51.550+0530] {subprocess.py:106} INFO - 26/01/29 16:42:51 INFO DAGScheduler: Final stage: ShuffleMapStage 25 (count at NativeMethodAccessorImpl.java:0)
[2026-01-29T16:42:51.550+0530] {subprocess.py:106} INFO - 26/01/29 16:42:51 INFO DAGScheduler: Parents of final stage: List()
[2026-01-29T16:42:51.551+0530] {subprocess.py:106} INFO - 26/01/29 16:42:51 INFO DAGScheduler: Missing parents: List()
[2026-01-29T16:42:51.551+0530] {subprocess.py:106} INFO - 26/01/29 16:42:51 INFO DAGScheduler: Submitting ShuffleMapStage 25 (MapPartitionsRDD[85] at count at NativeMethodAccessorImpl.java:0), which has no missing parents
[2026-01-29T16:42:51.552+0530] {subprocess.py:106} INFO - 26/01/29 16:42:51 INFO MemoryStore: Block broadcast_33 stored as values in memory (estimated size 20.0 KiB, free 365.5 MiB)
[2026-01-29T16:42:51.553+0530] {subprocess.py:106} INFO - 26/01/29 16:42:51 INFO MemoryStore: Block broadcast_33_piece0 stored as bytes in memory (estimated size 9.7 KiB, free 365.5 MiB)
[2026-01-29T16:42:51.553+0530] {subprocess.py:106} INFO - 26/01/29 16:42:51 INFO BlockManagerInfo: Added broadcast_33_piece0 in memory on Aishwarya92848DBDA:45083 (size: 9.7 KiB, free: 366.2 MiB)
[2026-01-29T16:42:51.554+0530] {subprocess.py:106} INFO - 26/01/29 16:42:51 INFO SparkContext: Created broadcast 33 from broadcast at DAGScheduler.scala:1585
[2026-01-29T16:42:51.556+0530] {subprocess.py:106} INFO - 26/01/29 16:42:51 INFO DAGScheduler: Submitting 2 missing tasks from ShuffleMapStage 25 (MapPartitionsRDD[85] at count at NativeMethodAccessorImpl.java:0) (first 15 tasks are for partitions Vector(0, 1))
[2026-01-29T16:42:51.557+0530] {subprocess.py:106} INFO - 26/01/29 16:42:51 INFO TaskSchedulerImpl: Adding task set 25.0 with 2 tasks resource profile 0
[2026-01-29T16:42:51.557+0530] {subprocess.py:106} INFO - 26/01/29 16:42:51 INFO TaskSetManager: Starting task 0.0 in stage 25.0 (TID 31) (Aishwarya92848DBDA, executor driver, partition 0, NODE_LOCAL, 8230 bytes)
[2026-01-29T16:42:51.557+0530] {subprocess.py:106} INFO - 26/01/29 16:42:51 INFO TaskSetManager: Starting task 1.0 in stage 25.0 (TID 32) (Aishwarya92848DBDA, executor driver, partition 1, NODE_LOCAL, 8230 bytes)
[2026-01-29T16:42:51.558+0530] {subprocess.py:106} INFO - 26/01/29 16:42:51 INFO Executor: Running task 0.0 in stage 25.0 (TID 31)
[2026-01-29T16:42:51.558+0530] {subprocess.py:106} INFO - 26/01/29 16:42:51 INFO Executor: Running task 1.0 in stage 25.0 (TID 32)
[2026-01-29T16:42:51.570+0530] {subprocess.py:106} INFO - 26/01/29 16:42:51 INFO CodeGenerator: Code generated in 9.45714 ms
[2026-01-29T16:42:51.571+0530] {subprocess.py:106} INFO - 26/01/29 16:42:51 INFO FileScanRDD: Reading File path: hdfs://localhost:9000/weather/data/raw_data/weather_dataset.csv, range: 4194304-6329103, partition values: [empty row]
[2026-01-29T16:42:51.572+0530] {subprocess.py:106} INFO - 26/01/29 16:42:51 INFO FileScanRDD: Reading File path: hdfs://localhost:9000/weather/data/raw_data/weather_dataset.csv, range: 0-4194304, partition values: [empty row]
[2026-01-29T16:42:51.579+0530] {subprocess.py:106} INFO - 26/01/29 16:42:51 INFO CodeGenerator: Code generated in 5.63601 ms
[2026-01-29T16:42:51.626+0530] {subprocess.py:106} INFO - 26/01/29 16:42:51 INFO Executor: Finished task 1.0 in stage 25.0 (TID 32). 1990 bytes result sent to driver
[2026-01-29T16:42:51.627+0530] {subprocess.py:106} INFO - 26/01/29 16:42:51 INFO TaskSetManager: Finished task 1.0 in stage 25.0 (TID 32) in 70 ms on Aishwarya92848DBDA (executor driver) (1/2)
[2026-01-29T16:42:51.653+0530] {subprocess.py:106} INFO - 26/01/29 16:42:51 INFO Executor: Finished task 0.0 in stage 25.0 (TID 31). 1990 bytes result sent to driver
[2026-01-29T16:42:51.654+0530] {subprocess.py:106} INFO - 26/01/29 16:42:51 INFO TaskSetManager: Finished task 0.0 in stage 25.0 (TID 31) in 97 ms on Aishwarya92848DBDA (executor driver) (2/2)
[2026-01-29T16:42:51.655+0530] {subprocess.py:106} INFO - 26/01/29 16:42:51 INFO TaskSchedulerImpl: Removed TaskSet 25.0, whose tasks have all completed, from pool
[2026-01-29T16:42:51.655+0530] {subprocess.py:106} INFO - 26/01/29 16:42:51 INFO DAGScheduler: ShuffleMapStage 25 (count at NativeMethodAccessorImpl.java:0) finished in 0.105 s
[2026-01-29T16:42:51.655+0530] {subprocess.py:106} INFO - 26/01/29 16:42:51 INFO DAGScheduler: looking for newly runnable stages
[2026-01-29T16:42:51.656+0530] {subprocess.py:106} INFO - 26/01/29 16:42:51 INFO DAGScheduler: running: Set()
[2026-01-29T16:42:51.656+0530] {subprocess.py:106} INFO - 26/01/29 16:42:51 INFO DAGScheduler: waiting: Set()
[2026-01-29T16:42:51.656+0530] {subprocess.py:106} INFO - 26/01/29 16:42:51 INFO DAGScheduler: failed: Set()
[2026-01-29T16:42:51.667+0530] {subprocess.py:106} INFO - 26/01/29 16:42:51 INFO SparkContext: Starting job: count at NativeMethodAccessorImpl.java:0
[2026-01-29T16:42:51.668+0530] {subprocess.py:106} INFO - 26/01/29 16:42:51 INFO DAGScheduler: Got job 20 (count at NativeMethodAccessorImpl.java:0) with 1 output partitions
[2026-01-29T16:42:51.668+0530] {subprocess.py:106} INFO - 26/01/29 16:42:51 INFO DAGScheduler: Final stage: ResultStage 27 (count at NativeMethodAccessorImpl.java:0)
[2026-01-29T16:42:51.669+0530] {subprocess.py:106} INFO - 26/01/29 16:42:51 INFO DAGScheduler: Parents of final stage: List(ShuffleMapStage 26)
[2026-01-29T16:42:51.669+0530] {subprocess.py:106} INFO - 26/01/29 16:42:51 INFO DAGScheduler: Missing parents: List()
[2026-01-29T16:42:51.669+0530] {subprocess.py:106} INFO - 26/01/29 16:42:51 INFO DAGScheduler: Submitting ResultStage 27 (MapPartitionsRDD[88] at count at NativeMethodAccessorImpl.java:0), which has no missing parents
[2026-01-29T16:42:51.670+0530] {subprocess.py:106} INFO - 26/01/29 16:42:51 INFO MemoryStore: Block broadcast_34 stored as values in memory (estimated size 12.5 KiB, free 365.5 MiB)
[2026-01-29T16:42:51.671+0530] {subprocess.py:106} INFO - 26/01/29 16:42:51 INFO MemoryStore: Block broadcast_34_piece0 stored as bytes in memory (estimated size 5.9 KiB, free 365.5 MiB)
[2026-01-29T16:42:51.671+0530] {subprocess.py:106} INFO - 26/01/29 16:42:51 INFO BlockManagerInfo: Added broadcast_34_piece0 in memory on Aishwarya92848DBDA:45083 (size: 5.9 KiB, free: 366.2 MiB)
[2026-01-29T16:42:51.672+0530] {subprocess.py:106} INFO - 26/01/29 16:42:51 INFO SparkContext: Created broadcast 34 from broadcast at DAGScheduler.scala:1585
[2026-01-29T16:42:51.672+0530] {subprocess.py:106} INFO - 26/01/29 16:42:51 INFO DAGScheduler: Submitting 1 missing tasks from ResultStage 27 (MapPartitionsRDD[88] at count at NativeMethodAccessorImpl.java:0) (first 15 tasks are for partitions Vector(0))
[2026-01-29T16:42:51.672+0530] {subprocess.py:106} INFO - 26/01/29 16:42:51 INFO TaskSchedulerImpl: Adding task set 27.0 with 1 tasks resource profile 0
[2026-01-29T16:42:51.673+0530] {subprocess.py:106} INFO - 26/01/29 16:42:51 INFO TaskSetManager: Starting task 0.0 in stage 27.0 (TID 33) (Aishwarya92848DBDA, executor driver, partition 0, NODE_LOCAL, 7615 bytes)
[2026-01-29T16:42:51.673+0530] {subprocess.py:106} INFO - 26/01/29 16:42:51 INFO Executor: Running task 0.0 in stage 27.0 (TID 33)
[2026-01-29T16:42:51.676+0530] {subprocess.py:106} INFO - 26/01/29 16:42:51 INFO ShuffleBlockFetcherIterator: Getting 2 (120.0 B) non-empty blocks including 2 (120.0 B) local and 0 (0.0 B) host-local and 0 (0.0 B) push-merged-local and 0 (0.0 B) remote blocks
[2026-01-29T16:42:51.676+0530] {subprocess.py:106} INFO - 26/01/29 16:42:51 INFO ShuffleBlockFetcherIterator: Started 0 remote fetches in 0 ms
[2026-01-29T16:42:51.677+0530] {subprocess.py:106} INFO - 26/01/29 16:42:51 INFO Executor: Finished task 0.0 in stage 27.0 (TID 33). 3995 bytes result sent to driver
[2026-01-29T16:42:51.678+0530] {subprocess.py:106} INFO - 26/01/29 16:42:51 INFO TaskSetManager: Finished task 0.0 in stage 27.0 (TID 33) in 5 ms on Aishwarya92848DBDA (executor driver) (1/1)
[2026-01-29T16:42:51.679+0530] {subprocess.py:106} INFO - 26/01/29 16:42:51 INFO TaskSchedulerImpl: Removed TaskSet 27.0, whose tasks have all completed, from pool
[2026-01-29T16:42:51.679+0530] {subprocess.py:106} INFO - 26/01/29 16:42:51 INFO DAGScheduler: ResultStage 27 (count at NativeMethodAccessorImpl.java:0) finished in 0.010 s
[2026-01-29T16:42:51.679+0530] {subprocess.py:106} INFO - 26/01/29 16:42:51 INFO DAGScheduler: Job 20 is finished. Cancelling potential speculative or zombie tasks for this job
[2026-01-29T16:42:51.679+0530] {subprocess.py:106} INFO - 26/01/29 16:42:51 INFO TaskSchedulerImpl: Killing all running tasks in stage 27: Stage finished
[2026-01-29T16:42:51.680+0530] {subprocess.py:106} INFO - 26/01/29 16:42:51 INFO DAGScheduler: Job 20 finished: count at NativeMethodAccessorImpl.java:0, took 0.012400 s
[2026-01-29T16:42:51.681+0530] {subprocess.py:106} INFO - precipitation_sum: Outliers = 18134
[2026-01-29T16:42:51.702+0530] {subprocess.py:106} INFO - 26/01/29 16:42:51 INFO FileSourceStrategy: Pushed Filters:
[2026-01-29T16:42:51.703+0530] {subprocess.py:106} INFO - 26/01/29 16:42:51 INFO FileSourceStrategy: Post-Scan Filters:
[2026-01-29T16:42:51.705+0530] {subprocess.py:106} INFO - 26/01/29 16:42:51 INFO MemoryStore: Block broadcast_35 stored as values in memory (estimated size 350.2 KiB, free 365.1 MiB)
[2026-01-29T16:42:51.710+0530] {subprocess.py:106} INFO - 26/01/29 16:42:51 INFO MemoryStore: Block broadcast_35_piece0 stored as bytes in memory (estimated size 34.3 KiB, free 365.1 MiB)
[2026-01-29T16:42:51.711+0530] {subprocess.py:106} INFO - 26/01/29 16:42:51 INFO BlockManagerInfo: Added broadcast_35_piece0 in memory on Aishwarya92848DBDA:45083 (size: 34.3 KiB, free: 366.2 MiB)
[2026-01-29T16:42:51.711+0530] {subprocess.py:106} INFO - 26/01/29 16:42:51 INFO SparkContext: Created broadcast 35 from approxQuantile at NativeMethodAccessorImpl.java:0
[2026-01-29T16:42:51.712+0530] {subprocess.py:106} INFO - 26/01/29 16:42:51 INFO FileSourceScanExec: Planning scan with bin packing, max size: 4194304 bytes, open cost is considered as scanning 4194304 bytes.
[2026-01-29T16:42:51.721+0530] {subprocess.py:106} INFO - 26/01/29 16:42:51 INFO SparkContext: Starting job: approxQuantile at NativeMethodAccessorImpl.java:0
[2026-01-29T16:42:51.722+0530] {subprocess.py:106} INFO - 26/01/29 16:42:51 INFO DAGScheduler: Got job 21 (approxQuantile at NativeMethodAccessorImpl.java:0) with 2 output partitions
[2026-01-29T16:42:51.723+0530] {subprocess.py:106} INFO - 26/01/29 16:42:51 INFO DAGScheduler: Final stage: ResultStage 28 (approxQuantile at NativeMethodAccessorImpl.java:0)
[2026-01-29T16:42:51.723+0530] {subprocess.py:106} INFO - 26/01/29 16:42:51 INFO DAGScheduler: Parents of final stage: List()
[2026-01-29T16:42:51.723+0530] {subprocess.py:106} INFO - 26/01/29 16:42:51 INFO DAGScheduler: Missing parents: List()
[2026-01-29T16:42:51.723+0530] {subprocess.py:106} INFO - 26/01/29 16:42:51 INFO DAGScheduler: Submitting ResultStage 28 (MapPartitionsRDD[94] at approxQuantile at NativeMethodAccessorImpl.java:0), which has no missing parents
[2026-01-29T16:42:51.726+0530] {subprocess.py:106} INFO - 26/01/29 16:42:51 INFO MemoryStore: Block broadcast_36 stored as values in memory (estimated size 20.0 KiB, free 365.1 MiB)
[2026-01-29T16:42:51.726+0530] {subprocess.py:106} INFO - 26/01/29 16:42:51 INFO MemoryStore: Block broadcast_36_piece0 stored as bytes in memory (estimated size 9.5 KiB, free 365.1 MiB)
[2026-01-29T16:42:51.727+0530] {subprocess.py:106} INFO - 26/01/29 16:42:51 INFO BlockManagerInfo: Added broadcast_36_piece0 in memory on Aishwarya92848DBDA:45083 (size: 9.5 KiB, free: 366.2 MiB)
[2026-01-29T16:42:51.727+0530] {subprocess.py:106} INFO - 26/01/29 16:42:51 INFO SparkContext: Created broadcast 36 from broadcast at DAGScheduler.scala:1585
[2026-01-29T16:42:51.727+0530] {subprocess.py:106} INFO - 26/01/29 16:42:51 INFO DAGScheduler: Submitting 2 missing tasks from ResultStage 28 (MapPartitionsRDD[94] at approxQuantile at NativeMethodAccessorImpl.java:0) (first 15 tasks are for partitions Vector(0, 1))
[2026-01-29T16:42:51.727+0530] {subprocess.py:106} INFO - 26/01/29 16:42:51 INFO TaskSchedulerImpl: Adding task set 28.0 with 2 tasks resource profile 0
[2026-01-29T16:42:51.728+0530] {subprocess.py:106} INFO - 26/01/29 16:42:51 INFO TaskSetManager: Starting task 0.0 in stage 28.0 (TID 34) (Aishwarya92848DBDA, executor driver, partition 0, NODE_LOCAL, 8241 bytes)
[2026-01-29T16:42:51.728+0530] {subprocess.py:106} INFO - 26/01/29 16:42:51 INFO TaskSetManager: Starting task 1.0 in stage 28.0 (TID 35) (Aishwarya92848DBDA, executor driver, partition 1, NODE_LOCAL, 8241 bytes)
[2026-01-29T16:42:51.728+0530] {subprocess.py:106} INFO - 26/01/29 16:42:51 INFO Executor: Running task 0.0 in stage 28.0 (TID 34)
[2026-01-29T16:42:51.729+0530] {subprocess.py:106} INFO - 26/01/29 16:42:51 INFO Executor: Running task 1.0 in stage 28.0 (TID 35)
[2026-01-29T16:42:51.732+0530] {subprocess.py:106} INFO - 26/01/29 16:42:51 INFO FileScanRDD: Reading File path: hdfs://localhost:9000/weather/data/raw_data/weather_dataset.csv, range: 0-4194304, partition values: [empty row]
[2026-01-29T16:42:51.733+0530] {subprocess.py:106} INFO - 26/01/29 16:42:51 INFO FileScanRDD: Reading File path: hdfs://localhost:9000/weather/data/raw_data/weather_dataset.csv, range: 4194304-6329103, partition values: [empty row]
[2026-01-29T16:42:51.751+0530] {subprocess.py:106} INFO - 26/01/29 16:42:51 INFO BlockManagerInfo: Removed broadcast_32_piece0 on Aishwarya92848DBDA:45083 in memory (size: 34.3 KiB, free: 366.2 MiB)
[2026-01-29T16:42:51.755+0530] {subprocess.py:106} INFO - 26/01/29 16:42:51 INFO BlockManagerInfo: Removed broadcast_30_piece0 on Aishwarya92848DBDA:45083 in memory (size: 34.3 KiB, free: 366.2 MiB)
[2026-01-29T16:42:51.758+0530] {subprocess.py:106} INFO - 26/01/29 16:42:51 INFO BlockManagerInfo: Removed broadcast_34_piece0 on Aishwarya92848DBDA:45083 in memory (size: 5.9 KiB, free: 366.2 MiB)
[2026-01-29T16:42:51.760+0530] {subprocess.py:106} INFO - 26/01/29 16:42:51 INFO BlockManagerInfo: Removed broadcast_33_piece0 on Aishwarya92848DBDA:45083 in memory (size: 9.7 KiB, free: 366.2 MiB)
[2026-01-29T16:42:51.763+0530] {subprocess.py:106} INFO - 26/01/29 16:42:51 INFO BlockManagerInfo: Removed broadcast_31_piece0 on Aishwarya92848DBDA:45083 in memory (size: 9.5 KiB, free: 366.3 MiB)
[2026-01-29T16:42:51.815+0530] {subprocess.py:106} INFO - 26/01/29 16:42:51 INFO Executor: Finished task 1.0 in stage 28.0 (TID 35). 8136 bytes result sent to driver
[2026-01-29T16:42:51.816+0530] {subprocess.py:106} INFO - 26/01/29 16:42:51 INFO TaskSetManager: Finished task 1.0 in stage 28.0 (TID 35) in 88 ms on Aishwarya92848DBDA (executor driver) (1/2)
[2026-01-29T16:42:51.855+0530] {subprocess.py:106} INFO - 26/01/29 16:42:51 INFO Executor: Finished task 0.0 in stage 28.0 (TID 34). 7231 bytes result sent to driver
[2026-01-29T16:42:51.857+0530] {subprocess.py:106} INFO - 26/01/29 16:42:51 INFO TaskSetManager: Finished task 0.0 in stage 28.0 (TID 34) in 128 ms on Aishwarya92848DBDA (executor driver) (2/2)
[2026-01-29T16:42:51.857+0530] {subprocess.py:106} INFO - 26/01/29 16:42:51 INFO TaskSchedulerImpl: Removed TaskSet 28.0, whose tasks have all completed, from pool
[2026-01-29T16:42:51.857+0530] {subprocess.py:106} INFO - 26/01/29 16:42:51 INFO DAGScheduler: ResultStage 28 (approxQuantile at NativeMethodAccessorImpl.java:0) finished in 0.134 s
[2026-01-29T16:42:51.858+0530] {subprocess.py:106} INFO - 26/01/29 16:42:51 INFO DAGScheduler: Job 21 is finished. Cancelling potential speculative or zombie tasks for this job
[2026-01-29T16:42:51.858+0530] {subprocess.py:106} INFO - 26/01/29 16:42:51 INFO TaskSchedulerImpl: Killing all running tasks in stage 28: Stage finished
[2026-01-29T16:42:51.858+0530] {subprocess.py:106} INFO - 26/01/29 16:42:51 INFO DAGScheduler: Job 21 finished: approxQuantile at NativeMethodAccessorImpl.java:0, took 0.136357 s
[2026-01-29T16:42:51.925+0530] {subprocess.py:106} INFO - 26/01/29 16:42:51 INFO FileSourceStrategy: Pushed Filters: Or(LessThan(rain_sum,-2.4000000000000004),GreaterThan(rain_sum,4.0))
[2026-01-29T16:42:51.926+0530] {subprocess.py:106} INFO - 26/01/29 16:42:51 INFO FileSourceStrategy: Post-Scan Filters: ((rain_sum#24 < -2.4000000000000004) OR (rain_sum#24 > 4.0))
[2026-01-29T16:42:51.936+0530] {subprocess.py:106} INFO - 26/01/29 16:42:51 INFO MemoryStore: Block broadcast_37 stored as values in memory (estimated size 350.2 KiB, free 365.6 MiB)
[2026-01-29T16:42:51.941+0530] {subprocess.py:106} INFO - 26/01/29 16:42:51 INFO MemoryStore: Block broadcast_37_piece0 stored as bytes in memory (estimated size 34.3 KiB, free 365.5 MiB)
[2026-01-29T16:42:51.942+0530] {subprocess.py:106} INFO - 26/01/29 16:42:51 INFO BlockManagerInfo: Added broadcast_37_piece0 in memory on Aishwarya92848DBDA:45083 (size: 34.3 KiB, free: 366.2 MiB)
[2026-01-29T16:42:51.942+0530] {subprocess.py:106} INFO - 26/01/29 16:42:51 INFO SparkContext: Created broadcast 37 from count at NativeMethodAccessorImpl.java:0
[2026-01-29T16:42:51.943+0530] {subprocess.py:106} INFO - 26/01/29 16:42:51 INFO FileSourceScanExec: Planning scan with bin packing, max size: 4194304 bytes, open cost is considered as scanning 4194304 bytes.
[2026-01-29T16:42:51.946+0530] {subprocess.py:106} INFO - 26/01/29 16:42:51 INFO DAGScheduler: Registering RDD 98 (count at NativeMethodAccessorImpl.java:0) as input to shuffle 7
[2026-01-29T16:42:51.947+0530] {subprocess.py:106} INFO - 26/01/29 16:42:51 INFO DAGScheduler: Got map stage job 22 (count at NativeMethodAccessorImpl.java:0) with 2 output partitions
[2026-01-29T16:42:51.947+0530] {subprocess.py:106} INFO - 26/01/29 16:42:51 INFO DAGScheduler: Final stage: ShuffleMapStage 29 (count at NativeMethodAccessorImpl.java:0)
[2026-01-29T16:42:51.948+0530] {subprocess.py:106} INFO - 26/01/29 16:42:51 INFO DAGScheduler: Parents of final stage: List()
[2026-01-29T16:42:51.948+0530] {subprocess.py:106} INFO - 26/01/29 16:42:51 INFO DAGScheduler: Missing parents: List()
[2026-01-29T16:42:51.948+0530] {subprocess.py:106} INFO - 26/01/29 16:42:51 INFO DAGScheduler: Submitting ShuffleMapStage 29 (MapPartitionsRDD[98] at count at NativeMethodAccessorImpl.java:0), which has no missing parents
[2026-01-29T16:42:51.950+0530] {subprocess.py:106} INFO - 26/01/29 16:42:51 INFO MemoryStore: Block broadcast_38 stored as values in memory (estimated size 20.0 KiB, free 365.5 MiB)
[2026-01-29T16:42:51.951+0530] {subprocess.py:106} INFO - 26/01/29 16:42:51 INFO MemoryStore: Block broadcast_38_piece0 stored as bytes in memory (estimated size 9.7 KiB, free 365.5 MiB)
[2026-01-29T16:42:51.951+0530] {subprocess.py:106} INFO - 26/01/29 16:42:51 INFO BlockManagerInfo: Added broadcast_38_piece0 in memory on Aishwarya92848DBDA:45083 (size: 9.7 KiB, free: 366.2 MiB)
[2026-01-29T16:42:51.951+0530] {subprocess.py:106} INFO - 26/01/29 16:42:51 INFO SparkContext: Created broadcast 38 from broadcast at DAGScheduler.scala:1585
[2026-01-29T16:42:51.952+0530] {subprocess.py:106} INFO - 26/01/29 16:42:51 INFO DAGScheduler: Submitting 2 missing tasks from ShuffleMapStage 29 (MapPartitionsRDD[98] at count at NativeMethodAccessorImpl.java:0) (first 15 tasks are for partitions Vector(0, 1))
[2026-01-29T16:42:51.952+0530] {subprocess.py:106} INFO - 26/01/29 16:42:51 INFO TaskSchedulerImpl: Adding task set 29.0 with 2 tasks resource profile 0
[2026-01-29T16:42:51.952+0530] {subprocess.py:106} INFO - 26/01/29 16:42:51 INFO TaskSetManager: Starting task 0.0 in stage 29.0 (TID 36) (Aishwarya92848DBDA, executor driver, partition 0, NODE_LOCAL, 8230 bytes)
[2026-01-29T16:42:51.953+0530] {subprocess.py:106} INFO - 26/01/29 16:42:51 INFO TaskSetManager: Starting task 1.0 in stage 29.0 (TID 37) (Aishwarya92848DBDA, executor driver, partition 1, NODE_LOCAL, 8230 bytes)
[2026-01-29T16:42:51.953+0530] {subprocess.py:106} INFO - 26/01/29 16:42:51 INFO Executor: Running task 1.0 in stage 29.0 (TID 37)
[2026-01-29T16:42:51.953+0530] {subprocess.py:106} INFO - 26/01/29 16:42:51 INFO Executor: Running task 0.0 in stage 29.0 (TID 36)
[2026-01-29T16:42:51.956+0530] {subprocess.py:106} INFO - 26/01/29 16:42:51 INFO FileScanRDD: Reading File path: hdfs://localhost:9000/weather/data/raw_data/weather_dataset.csv, range: 4194304-6329103, partition values: [empty row]
[2026-01-29T16:42:51.956+0530] {subprocess.py:106} INFO - 26/01/29 16:42:51 INFO FileScanRDD: Reading File path: hdfs://localhost:9000/weather/data/raw_data/weather_dataset.csv, range: 0-4194304, partition values: [empty row]
[2026-01-29T16:42:51.998+0530] {subprocess.py:106} INFO - 26/01/29 16:42:51 INFO Executor: Finished task 1.0 in stage 29.0 (TID 37). 1990 bytes result sent to driver
[2026-01-29T16:42:51.999+0530] {subprocess.py:106} INFO - 26/01/29 16:42:51 INFO TaskSetManager: Finished task 1.0 in stage 29.0 (TID 37) in 47 ms on Aishwarya92848DBDA (executor driver) (1/2)
[2026-01-29T16:42:52.032+0530] {subprocess.py:106} INFO - 26/01/29 16:42:52 INFO Executor: Finished task 0.0 in stage 29.0 (TID 36). 1990 bytes result sent to driver
[2026-01-29T16:42:52.033+0530] {subprocess.py:106} INFO - 26/01/29 16:42:52 INFO TaskSetManager: Finished task 0.0 in stage 29.0 (TID 36) in 81 ms on Aishwarya92848DBDA (executor driver) (2/2)
[2026-01-29T16:42:52.034+0530] {subprocess.py:106} INFO - 26/01/29 16:42:52 INFO TaskSchedulerImpl: Removed TaskSet 29.0, whose tasks have all completed, from pool
[2026-01-29T16:42:52.034+0530] {subprocess.py:106} INFO - 26/01/29 16:42:52 INFO DAGScheduler: ShuffleMapStage 29 (count at NativeMethodAccessorImpl.java:0) finished in 0.086 s
[2026-01-29T16:42:52.035+0530] {subprocess.py:106} INFO - 26/01/29 16:42:52 INFO DAGScheduler: looking for newly runnable stages
[2026-01-29T16:42:52.035+0530] {subprocess.py:106} INFO - 26/01/29 16:42:52 INFO DAGScheduler: running: Set()
[2026-01-29T16:42:52.035+0530] {subprocess.py:106} INFO - 26/01/29 16:42:52 INFO DAGScheduler: waiting: Set()
[2026-01-29T16:42:52.035+0530] {subprocess.py:106} INFO - 26/01/29 16:42:52 INFO DAGScheduler: failed: Set()
[2026-01-29T16:42:52.045+0530] {subprocess.py:106} INFO - 26/01/29 16:42:52 INFO SparkContext: Starting job: count at NativeMethodAccessorImpl.java:0
[2026-01-29T16:42:52.046+0530] {subprocess.py:106} INFO - 26/01/29 16:42:52 INFO DAGScheduler: Got job 23 (count at NativeMethodAccessorImpl.java:0) with 1 output partitions
[2026-01-29T16:42:52.047+0530] {subprocess.py:106} INFO - 26/01/29 16:42:52 INFO DAGScheduler: Final stage: ResultStage 31 (count at NativeMethodAccessorImpl.java:0)
[2026-01-29T16:42:52.047+0530] {subprocess.py:106} INFO - 26/01/29 16:42:52 INFO DAGScheduler: Parents of final stage: List(ShuffleMapStage 30)
[2026-01-29T16:42:52.048+0530] {subprocess.py:106} INFO - 26/01/29 16:42:52 INFO DAGScheduler: Missing parents: List()
[2026-01-29T16:42:52.048+0530] {subprocess.py:106} INFO - 26/01/29 16:42:52 INFO DAGScheduler: Submitting ResultStage 31 (MapPartitionsRDD[101] at count at NativeMethodAccessorImpl.java:0), which has no missing parents
[2026-01-29T16:42:52.048+0530] {subprocess.py:106} INFO - 26/01/29 16:42:52 INFO MemoryStore: Block broadcast_39 stored as values in memory (estimated size 12.5 KiB, free 365.5 MiB)
[2026-01-29T16:42:52.049+0530] {subprocess.py:106} INFO - 26/01/29 16:42:52 INFO MemoryStore: Block broadcast_39_piece0 stored as bytes in memory (estimated size 5.9 KiB, free 365.5 MiB)
[2026-01-29T16:42:52.049+0530] {subprocess.py:106} INFO - 26/01/29 16:42:52 INFO BlockManagerInfo: Added broadcast_39_piece0 in memory on Aishwarya92848DBDA:45083 (size: 5.9 KiB, free: 366.2 MiB)
[2026-01-29T16:42:52.049+0530] {subprocess.py:106} INFO - 26/01/29 16:42:52 INFO SparkContext: Created broadcast 39 from broadcast at DAGScheduler.scala:1585
[2026-01-29T16:42:52.050+0530] {subprocess.py:106} INFO - 26/01/29 16:42:52 INFO DAGScheduler: Submitting 1 missing tasks from ResultStage 31 (MapPartitionsRDD[101] at count at NativeMethodAccessorImpl.java:0) (first 15 tasks are for partitions Vector(0))
[2026-01-29T16:42:52.050+0530] {subprocess.py:106} INFO - 26/01/29 16:42:52 INFO TaskSchedulerImpl: Adding task set 31.0 with 1 tasks resource profile 0
[2026-01-29T16:42:52.051+0530] {subprocess.py:106} INFO - 26/01/29 16:42:52 INFO TaskSetManager: Starting task 0.0 in stage 31.0 (TID 38) (Aishwarya92848DBDA, executor driver, partition 0, NODE_LOCAL, 7615 bytes)
[2026-01-29T16:42:52.051+0530] {subprocess.py:106} INFO - 26/01/29 16:42:52 INFO Executor: Running task 0.0 in stage 31.0 (TID 38)
[2026-01-29T16:42:52.053+0530] {subprocess.py:106} INFO - 26/01/29 16:42:52 INFO ShuffleBlockFetcherIterator: Getting 2 (120.0 B) non-empty blocks including 2 (120.0 B) local and 0 (0.0 B) host-local and 0 (0.0 B) push-merged-local and 0 (0.0 B) remote blocks
[2026-01-29T16:42:52.054+0530] {subprocess.py:106} INFO - 26/01/29 16:42:52 INFO ShuffleBlockFetcherIterator: Started 0 remote fetches in 0 ms
[2026-01-29T16:42:52.055+0530] {subprocess.py:106} INFO - 26/01/29 16:42:52 INFO Executor: Finished task 0.0 in stage 31.0 (TID 38). 3995 bytes result sent to driver
[2026-01-29T16:42:52.056+0530] {subprocess.py:106} INFO - 26/01/29 16:42:52 INFO TaskSetManager: Finished task 0.0 in stage 31.0 (TID 38) in 6 ms on Aishwarya92848DBDA (executor driver) (1/1)
[2026-01-29T16:42:52.056+0530] {subprocess.py:106} INFO - 26/01/29 16:42:52 INFO TaskSchedulerImpl: Removed TaskSet 31.0, whose tasks have all completed, from pool
[2026-01-29T16:42:52.057+0530] {subprocess.py:106} INFO - 26/01/29 16:42:52 INFO DAGScheduler: ResultStage 31 (count at NativeMethodAccessorImpl.java:0) finished in 0.009 s
[2026-01-29T16:42:52.057+0530] {subprocess.py:106} INFO - 26/01/29 16:42:52 INFO DAGScheduler: Job 23 is finished. Cancelling potential speculative or zombie tasks for this job
[2026-01-29T16:42:52.057+0530] {subprocess.py:106} INFO - 26/01/29 16:42:52 INFO TaskSchedulerImpl: Killing all running tasks in stage 31: Stage finished
[2026-01-29T16:42:52.058+0530] {subprocess.py:106} INFO - 26/01/29 16:42:52 INFO DAGScheduler: Job 23 finished: count at NativeMethodAccessorImpl.java:0, took 0.011326 s
[2026-01-29T16:42:52.058+0530] {subprocess.py:106} INFO - rain_sum: Outliers = 18134
[2026-01-29T16:42:52.077+0530] {subprocess.py:106} INFO - 26/01/29 16:42:52 INFO FileSourceStrategy: Pushed Filters:
[2026-01-29T16:42:52.077+0530] {subprocess.py:106} INFO - 26/01/29 16:42:52 INFO FileSourceStrategy: Post-Scan Filters:
[2026-01-29T16:42:52.080+0530] {subprocess.py:106} INFO - 26/01/29 16:42:52 INFO MemoryStore: Block broadcast_40 stored as values in memory (estimated size 350.2 KiB, free 365.1 MiB)
[2026-01-29T16:42:52.094+0530] {subprocess.py:106} INFO - 26/01/29 16:42:52 INFO BlockManagerInfo: Removed broadcast_35_piece0 on Aishwarya92848DBDA:45083 in memory (size: 34.3 KiB, free: 366.2 MiB)
[2026-01-29T16:42:52.096+0530] {subprocess.py:106} INFO - 26/01/29 16:42:52 INFO BlockManagerInfo: Removed broadcast_36_piece0 on Aishwarya92848DBDA:45083 in memory (size: 9.5 KiB, free: 366.3 MiB)
[2026-01-29T16:42:52.098+0530] {subprocess.py:106} INFO - 26/01/29 16:42:52 INFO BlockManagerInfo: Removed broadcast_38_piece0 on Aishwarya92848DBDA:45083 in memory (size: 9.7 KiB, free: 366.3 MiB)
[2026-01-29T16:42:52.099+0530] {subprocess.py:106} INFO - 26/01/29 16:42:52 INFO MemoryStore: Block broadcast_40_piece0 stored as bytes in memory (estimated size 34.3 KiB, free 365.5 MiB)
[2026-01-29T16:42:52.099+0530] {subprocess.py:106} INFO - 26/01/29 16:42:52 INFO BlockManagerInfo: Added broadcast_40_piece0 in memory on Aishwarya92848DBDA:45083 (size: 34.3 KiB, free: 366.2 MiB)
[2026-01-29T16:42:52.099+0530] {subprocess.py:106} INFO - 26/01/29 16:42:52 INFO SparkContext: Created broadcast 40 from approxQuantile at NativeMethodAccessorImpl.java:0
[2026-01-29T16:42:52.100+0530] {subprocess.py:106} INFO - 26/01/29 16:42:52 INFO FileSourceScanExec: Planning scan with bin packing, max size: 4194304 bytes, open cost is considered as scanning 4194304 bytes.
[2026-01-29T16:42:52.101+0530] {subprocess.py:106} INFO - 26/01/29 16:42:52 INFO BlockManagerInfo: Removed broadcast_39_piece0 on Aishwarya92848DBDA:45083 in memory (size: 5.9 KiB, free: 366.2 MiB)
[2026-01-29T16:42:52.110+0530] {subprocess.py:106} INFO - 26/01/29 16:42:52 INFO SparkContext: Starting job: approxQuantile at NativeMethodAccessorImpl.java:0
[2026-01-29T16:42:52.110+0530] {subprocess.py:106} INFO - 26/01/29 16:42:52 INFO DAGScheduler: Got job 24 (approxQuantile at NativeMethodAccessorImpl.java:0) with 2 output partitions
[2026-01-29T16:42:52.110+0530] {subprocess.py:106} INFO - 26/01/29 16:42:52 INFO DAGScheduler: Final stage: ResultStage 32 (approxQuantile at NativeMethodAccessorImpl.java:0)
[2026-01-29T16:42:52.110+0530] {subprocess.py:106} INFO - 26/01/29 16:42:52 INFO DAGScheduler: Parents of final stage: List()
[2026-01-29T16:42:52.111+0530] {subprocess.py:106} INFO - 26/01/29 16:42:52 INFO DAGScheduler: Missing parents: List()
[2026-01-29T16:42:52.111+0530] {subprocess.py:106} INFO - 26/01/29 16:42:52 INFO DAGScheduler: Submitting ResultStage 32 (MapPartitionsRDD[107] at approxQuantile at NativeMethodAccessorImpl.java:0), which has no missing parents
[2026-01-29T16:42:52.113+0530] {subprocess.py:106} INFO - 26/01/29 16:42:52 INFO MemoryStore: Block broadcast_41 stored as values in memory (estimated size 20.0 KiB, free 365.5 MiB)
[2026-01-29T16:42:52.114+0530] {subprocess.py:106} INFO - 26/01/29 16:42:52 INFO MemoryStore: Block broadcast_41_piece0 stored as bytes in memory (estimated size 9.5 KiB, free 365.5 MiB)
[2026-01-29T16:42:52.115+0530] {subprocess.py:106} INFO - 26/01/29 16:42:52 INFO BlockManagerInfo: Added broadcast_41_piece0 in memory on Aishwarya92848DBDA:45083 (size: 9.5 KiB, free: 366.2 MiB)
[2026-01-29T16:42:52.115+0530] {subprocess.py:106} INFO - 26/01/29 16:42:52 INFO SparkContext: Created broadcast 41 from broadcast at DAGScheduler.scala:1585
[2026-01-29T16:42:52.116+0530] {subprocess.py:106} INFO - 26/01/29 16:42:52 INFO DAGScheduler: Submitting 2 missing tasks from ResultStage 32 (MapPartitionsRDD[107] at approxQuantile at NativeMethodAccessorImpl.java:0) (first 15 tasks are for partitions Vector(0, 1))
[2026-01-29T16:42:52.116+0530] {subprocess.py:106} INFO - 26/01/29 16:42:52 INFO TaskSchedulerImpl: Adding task set 32.0 with 2 tasks resource profile 0
[2026-01-29T16:42:52.117+0530] {subprocess.py:106} INFO - 26/01/29 16:42:52 INFO TaskSetManager: Starting task 0.0 in stage 32.0 (TID 39) (Aishwarya92848DBDA, executor driver, partition 0, NODE_LOCAL, 8241 bytes)
[2026-01-29T16:42:52.117+0530] {subprocess.py:106} INFO - 26/01/29 16:42:52 INFO TaskSetManager: Starting task 1.0 in stage 32.0 (TID 40) (Aishwarya92848DBDA, executor driver, partition 1, NODE_LOCAL, 8241 bytes)
[2026-01-29T16:42:52.117+0530] {subprocess.py:106} INFO - 26/01/29 16:42:52 INFO Executor: Running task 0.0 in stage 32.0 (TID 39)
[2026-01-29T16:42:52.117+0530] {subprocess.py:106} INFO - 26/01/29 16:42:52 INFO Executor: Running task 1.0 in stage 32.0 (TID 40)
[2026-01-29T16:42:52.121+0530] {subprocess.py:106} INFO - 26/01/29 16:42:52 INFO FileScanRDD: Reading File path: hdfs://localhost:9000/weather/data/raw_data/weather_dataset.csv, range: 0-4194304, partition values: [empty row]
[2026-01-29T16:42:52.121+0530] {subprocess.py:106} INFO - 26/01/29 16:42:52 INFO FileScanRDD: Reading File path: hdfs://localhost:9000/weather/data/raw_data/weather_dataset.csv, range: 4194304-6329103, partition values: [empty row]
[2026-01-29T16:42:52.174+0530] {subprocess.py:106} INFO - 26/01/29 16:42:52 INFO Executor: Finished task 1.0 in stage 32.0 (TID 40). 8093 bytes result sent to driver
[2026-01-29T16:42:52.176+0530] {subprocess.py:106} INFO - 26/01/29 16:42:52 INFO TaskSetManager: Finished task 1.0 in stage 32.0 (TID 40) in 59 ms on Aishwarya92848DBDA (executor driver) (1/2)
[2026-01-29T16:42:52.215+0530] {subprocess.py:106} INFO - 26/01/29 16:42:52 INFO Executor: Finished task 0.0 in stage 32.0 (TID 39). 5893 bytes result sent to driver
[2026-01-29T16:42:52.216+0530] {subprocess.py:106} INFO - 26/01/29 16:42:52 INFO TaskSetManager: Finished task 0.0 in stage 32.0 (TID 39) in 99 ms on Aishwarya92848DBDA (executor driver) (2/2)
[2026-01-29T16:42:52.216+0530] {subprocess.py:106} INFO - 26/01/29 16:42:52 INFO TaskSchedulerImpl: Removed TaskSet 32.0, whose tasks have all completed, from pool
[2026-01-29T16:42:52.216+0530] {subprocess.py:106} INFO - 26/01/29 16:42:52 INFO DAGScheduler: ResultStage 32 (approxQuantile at NativeMethodAccessorImpl.java:0) finished in 0.105 s
[2026-01-29T16:42:52.217+0530] {subprocess.py:106} INFO - 26/01/29 16:42:52 INFO DAGScheduler: Job 24 is finished. Cancelling potential speculative or zombie tasks for this job
[2026-01-29T16:42:52.217+0530] {subprocess.py:106} INFO - 26/01/29 16:42:52 INFO TaskSchedulerImpl: Killing all running tasks in stage 32: Stage finished
[2026-01-29T16:42:52.217+0530] {subprocess.py:106} INFO - 26/01/29 16:42:52 INFO DAGScheduler: Job 24 finished: approxQuantile at NativeMethodAccessorImpl.java:0, took 0.106832 s
[2026-01-29T16:42:52.276+0530] {subprocess.py:106} INFO - 26/01/29 16:42:52 INFO FileSourceStrategy: Pushed Filters: Or(LessThan(wind_speed_10m_max,0.9000000000000039),GreaterThan(wind_speed_10m_max,28.899999999999995))
[2026-01-29T16:42:52.276+0530] {subprocess.py:106} INFO - 26/01/29 16:42:52 INFO FileSourceStrategy: Post-Scan Filters: ((wind_speed_10m_max#26 < 0.9000000000000039) OR (wind_speed_10m_max#26 > 28.899999999999995))
[2026-01-29T16:42:52.294+0530] {subprocess.py:106} INFO - 26/01/29 16:42:52 INFO CodeGenerator: Code generated in 9.746366 ms
[2026-01-29T16:42:52.296+0530] {subprocess.py:106} INFO - 26/01/29 16:42:52 INFO MemoryStore: Block broadcast_42 stored as values in memory (estimated size 350.2 KiB, free 365.2 MiB)
[2026-01-29T16:42:52.302+0530] {subprocess.py:106} INFO - 26/01/29 16:42:52 INFO MemoryStore: Block broadcast_42_piece0 stored as bytes in memory (estimated size 34.3 KiB, free 365.1 MiB)
[2026-01-29T16:42:52.302+0530] {subprocess.py:106} INFO - 26/01/29 16:42:52 INFO BlockManagerInfo: Added broadcast_42_piece0 in memory on Aishwarya92848DBDA:45083 (size: 34.3 KiB, free: 366.2 MiB)
[2026-01-29T16:42:52.303+0530] {subprocess.py:106} INFO - 26/01/29 16:42:52 INFO SparkContext: Created broadcast 42 from count at NativeMethodAccessorImpl.java:0
[2026-01-29T16:42:52.303+0530] {subprocess.py:106} INFO - 26/01/29 16:42:52 INFO FileSourceScanExec: Planning scan with bin packing, max size: 4194304 bytes, open cost is considered as scanning 4194304 bytes.
[2026-01-29T16:42:52.306+0530] {subprocess.py:106} INFO - 26/01/29 16:42:52 INFO DAGScheduler: Registering RDD 111 (count at NativeMethodAccessorImpl.java:0) as input to shuffle 8
[2026-01-29T16:42:52.307+0530] {subprocess.py:106} INFO - 26/01/29 16:42:52 INFO DAGScheduler: Got map stage job 25 (count at NativeMethodAccessorImpl.java:0) with 2 output partitions
[2026-01-29T16:42:52.307+0530] {subprocess.py:106} INFO - 26/01/29 16:42:52 INFO DAGScheduler: Final stage: ShuffleMapStage 33 (count at NativeMethodAccessorImpl.java:0)
[2026-01-29T16:42:52.307+0530] {subprocess.py:106} INFO - 26/01/29 16:42:52 INFO DAGScheduler: Parents of final stage: List()
[2026-01-29T16:42:52.308+0530] {subprocess.py:106} INFO - 26/01/29 16:42:52 INFO DAGScheduler: Missing parents: List()
[2026-01-29T16:42:52.308+0530] {subprocess.py:106} INFO - 26/01/29 16:42:52 INFO DAGScheduler: Submitting ShuffleMapStage 33 (MapPartitionsRDD[111] at count at NativeMethodAccessorImpl.java:0), which has no missing parents
[2026-01-29T16:42:52.310+0530] {subprocess.py:106} INFO - 26/01/29 16:42:52 INFO MemoryStore: Block broadcast_43 stored as values in memory (estimated size 20.0 KiB, free 365.1 MiB)
[2026-01-29T16:42:52.311+0530] {subprocess.py:106} INFO - 26/01/29 16:42:52 INFO MemoryStore: Block broadcast_43_piece0 stored as bytes in memory (estimated size 9.7 KiB, free 365.1 MiB)
[2026-01-29T16:42:52.311+0530] {subprocess.py:106} INFO - 26/01/29 16:42:52 INFO BlockManagerInfo: Added broadcast_43_piece0 in memory on Aishwarya92848DBDA:45083 (size: 9.7 KiB, free: 366.2 MiB)
[2026-01-29T16:42:52.311+0530] {subprocess.py:106} INFO - 26/01/29 16:42:52 INFO SparkContext: Created broadcast 43 from broadcast at DAGScheduler.scala:1585
[2026-01-29T16:42:52.312+0530] {subprocess.py:106} INFO - 26/01/29 16:42:52 INFO DAGScheduler: Submitting 2 missing tasks from ShuffleMapStage 33 (MapPartitionsRDD[111] at count at NativeMethodAccessorImpl.java:0) (first 15 tasks are for partitions Vector(0, 1))
[2026-01-29T16:42:52.312+0530] {subprocess.py:106} INFO - 26/01/29 16:42:52 INFO TaskSchedulerImpl: Adding task set 33.0 with 2 tasks resource profile 0
[2026-01-29T16:42:52.313+0530] {subprocess.py:106} INFO - 26/01/29 16:42:52 INFO TaskSetManager: Starting task 0.0 in stage 33.0 (TID 41) (Aishwarya92848DBDA, executor driver, partition 0, NODE_LOCAL, 8230 bytes)
[2026-01-29T16:42:52.313+0530] {subprocess.py:106} INFO - 26/01/29 16:42:52 INFO TaskSetManager: Starting task 1.0 in stage 33.0 (TID 42) (Aishwarya92848DBDA, executor driver, partition 1, NODE_LOCAL, 8230 bytes)
[2026-01-29T16:42:52.314+0530] {subprocess.py:106} INFO - 26/01/29 16:42:52 INFO Executor: Running task 0.0 in stage 33.0 (TID 41)
[2026-01-29T16:42:52.314+0530] {subprocess.py:106} INFO - 26/01/29 16:42:52 INFO Executor: Running task 1.0 in stage 33.0 (TID 42)
[2026-01-29T16:42:52.329+0530] {subprocess.py:106} INFO - 26/01/29 16:42:52 INFO CodeGenerator: Code generated in 10.931859 ms
[2026-01-29T16:42:52.330+0530] {subprocess.py:106} INFO - 26/01/29 16:42:52 INFO FileScanRDD: Reading File path: hdfs://localhost:9000/weather/data/raw_data/weather_dataset.csv, range: 4194304-6329103, partition values: [empty row]
[2026-01-29T16:42:52.330+0530] {subprocess.py:106} INFO - 26/01/29 16:42:52 INFO FileScanRDD: Reading File path: hdfs://localhost:9000/weather/data/raw_data/weather_dataset.csv, range: 0-4194304, partition values: [empty row]
[2026-01-29T16:42:52.339+0530] {subprocess.py:106} INFO - 26/01/29 16:42:52 INFO CodeGenerator: Code generated in 6.131294 ms
[2026-01-29T16:42:52.384+0530] {subprocess.py:106} INFO - 26/01/29 16:42:52 INFO Executor: Finished task 1.0 in stage 33.0 (TID 42). 1990 bytes result sent to driver
[2026-01-29T16:42:52.385+0530] {subprocess.py:106} INFO - 26/01/29 16:42:52 INFO TaskSetManager: Finished task 1.0 in stage 33.0 (TID 42) in 72 ms on Aishwarya92848DBDA (executor driver) (1/2)
[2026-01-29T16:42:52.406+0530] {subprocess.py:106} INFO - 26/01/29 16:42:52 INFO BlockManagerInfo: Removed broadcast_40_piece0 on Aishwarya92848DBDA:45083 in memory (size: 34.3 KiB, free: 366.2 MiB)
[2026-01-29T16:42:52.408+0530] {subprocess.py:106} INFO - 26/01/29 16:42:52 INFO BlockManagerInfo: Removed broadcast_37_piece0 on Aishwarya92848DBDA:45083 in memory (size: 34.3 KiB, free: 366.2 MiB)
[2026-01-29T16:42:52.411+0530] {subprocess.py:106} INFO - 26/01/29 16:42:52 INFO BlockManagerInfo: Removed broadcast_41_piece0 on Aishwarya92848DBDA:45083 in memory (size: 9.5 KiB, free: 366.3 MiB)
[2026-01-29T16:42:52.420+0530] {subprocess.py:106} INFO - 26/01/29 16:42:52 INFO Executor: Finished task 0.0 in stage 33.0 (TID 41). 2033 bytes result sent to driver
[2026-01-29T16:42:52.421+0530] {subprocess.py:106} INFO - 26/01/29 16:42:52 INFO TaskSetManager: Finished task 0.0 in stage 33.0 (TID 41) in 108 ms on Aishwarya92848DBDA (executor driver) (2/2)
[2026-01-29T16:42:52.421+0530] {subprocess.py:106} INFO - 26/01/29 16:42:52 INFO TaskSchedulerImpl: Removed TaskSet 33.0, whose tasks have all completed, from pool
[2026-01-29T16:42:52.421+0530] {subprocess.py:106} INFO - 26/01/29 16:42:52 INFO DAGScheduler: ShuffleMapStage 33 (count at NativeMethodAccessorImpl.java:0) finished in 0.114 s
[2026-01-29T16:42:52.421+0530] {subprocess.py:106} INFO - 26/01/29 16:42:52 INFO DAGScheduler: looking for newly runnable stages
[2026-01-29T16:42:52.421+0530] {subprocess.py:106} INFO - 26/01/29 16:42:52 INFO DAGScheduler: running: Set()
[2026-01-29T16:42:52.421+0530] {subprocess.py:106} INFO - 26/01/29 16:42:52 INFO DAGScheduler: waiting: Set()
[2026-01-29T16:42:52.422+0530] {subprocess.py:106} INFO - 26/01/29 16:42:52 INFO DAGScheduler: failed: Set()
[2026-01-29T16:42:52.433+0530] {subprocess.py:106} INFO - 26/01/29 16:42:52 INFO SparkContext: Starting job: count at NativeMethodAccessorImpl.java:0
[2026-01-29T16:42:52.434+0530] {subprocess.py:106} INFO - 26/01/29 16:42:52 INFO DAGScheduler: Got job 26 (count at NativeMethodAccessorImpl.java:0) with 1 output partitions
[2026-01-29T16:42:52.434+0530] {subprocess.py:106} INFO - 26/01/29 16:42:52 INFO DAGScheduler: Final stage: ResultStage 35 (count at NativeMethodAccessorImpl.java:0)
[2026-01-29T16:42:52.435+0530] {subprocess.py:106} INFO - 26/01/29 16:42:52 INFO DAGScheduler: Parents of final stage: List(ShuffleMapStage 34)
[2026-01-29T16:42:52.435+0530] {subprocess.py:106} INFO - 26/01/29 16:42:52 INFO DAGScheduler: Missing parents: List()
[2026-01-29T16:42:52.435+0530] {subprocess.py:106} INFO - 26/01/29 16:42:52 INFO DAGScheduler: Submitting ResultStage 35 (MapPartitionsRDD[114] at count at NativeMethodAccessorImpl.java:0), which has no missing parents
[2026-01-29T16:42:52.435+0530] {subprocess.py:106} INFO - 26/01/29 16:42:52 INFO MemoryStore: Block broadcast_44 stored as values in memory (estimated size 12.5 KiB, free 365.9 MiB)
[2026-01-29T16:42:52.436+0530] {subprocess.py:106} INFO - 26/01/29 16:42:52 INFO MemoryStore: Block broadcast_44_piece0 stored as bytes in memory (estimated size 5.9 KiB, free 365.9 MiB)
[2026-01-29T16:42:52.437+0530] {subprocess.py:106} INFO - 26/01/29 16:42:52 INFO BlockManagerInfo: Added broadcast_44_piece0 in memory on Aishwarya92848DBDA:45083 (size: 5.9 KiB, free: 366.3 MiB)
[2026-01-29T16:42:52.437+0530] {subprocess.py:106} INFO - 26/01/29 16:42:52 INFO SparkContext: Created broadcast 44 from broadcast at DAGScheduler.scala:1585
[2026-01-29T16:42:52.437+0530] {subprocess.py:106} INFO - 26/01/29 16:42:52 INFO DAGScheduler: Submitting 1 missing tasks from ResultStage 35 (MapPartitionsRDD[114] at count at NativeMethodAccessorImpl.java:0) (first 15 tasks are for partitions Vector(0))
[2026-01-29T16:42:52.437+0530] {subprocess.py:106} INFO - 26/01/29 16:42:52 INFO TaskSchedulerImpl: Adding task set 35.0 with 1 tasks resource profile 0
[2026-01-29T16:42:52.438+0530] {subprocess.py:106} INFO - 26/01/29 16:42:52 INFO TaskSetManager: Starting task 0.0 in stage 35.0 (TID 43) (Aishwarya92848DBDA, executor driver, partition 0, NODE_LOCAL, 7615 bytes)
[2026-01-29T16:42:52.439+0530] {subprocess.py:106} INFO - 26/01/29 16:42:52 INFO Executor: Running task 0.0 in stage 35.0 (TID 43)
[2026-01-29T16:42:52.441+0530] {subprocess.py:106} INFO - 26/01/29 16:42:52 INFO ShuffleBlockFetcherIterator: Getting 2 (120.0 B) non-empty blocks including 2 (120.0 B) local and 0 (0.0 B) host-local and 0 (0.0 B) push-merged-local and 0 (0.0 B) remote blocks
[2026-01-29T16:42:52.441+0530] {subprocess.py:106} INFO - 26/01/29 16:42:52 INFO ShuffleBlockFetcherIterator: Started 0 remote fetches in 0 ms
[2026-01-29T16:42:52.442+0530] {subprocess.py:106} INFO - 26/01/29 16:42:52 INFO Executor: Finished task 0.0 in stage 35.0 (TID 43). 3995 bytes result sent to driver
[2026-01-29T16:42:52.443+0530] {subprocess.py:106} INFO - 26/01/29 16:42:52 INFO TaskSetManager: Finished task 0.0 in stage 35.0 (TID 43) in 5 ms on Aishwarya92848DBDA (executor driver) (1/1)
[2026-01-29T16:42:52.443+0530] {subprocess.py:106} INFO - 26/01/29 16:42:52 INFO TaskSchedulerImpl: Removed TaskSet 35.0, whose tasks have all completed, from pool
[2026-01-29T16:42:52.444+0530] {subprocess.py:106} INFO - 26/01/29 16:42:52 INFO DAGScheduler: ResultStage 35 (count at NativeMethodAccessorImpl.java:0) finished in 0.010 s
[2026-01-29T16:42:52.444+0530] {subprocess.py:106} INFO - 26/01/29 16:42:52 INFO DAGScheduler: Job 26 is finished. Cancelling potential speculative or zombie tasks for this job
[2026-01-29T16:42:52.444+0530] {subprocess.py:106} INFO - 26/01/29 16:42:52 INFO TaskSchedulerImpl: Killing all running tasks in stage 35: Stage finished
[2026-01-29T16:42:52.445+0530] {subprocess.py:106} INFO - 26/01/29 16:42:52 INFO DAGScheduler: Job 26 finished: count at NativeMethodAccessorImpl.java:0, took 0.011056 s
[2026-01-29T16:42:52.445+0530] {subprocess.py:106} INFO - wind_speed_10m_max: Outliers = 1430
[2026-01-29T16:42:52.462+0530] {subprocess.py:106} INFO - 26/01/29 16:42:52 INFO FileSourceStrategy: Pushed Filters:
[2026-01-29T16:42:52.462+0530] {subprocess.py:106} INFO - 26/01/29 16:42:52 INFO FileSourceStrategy: Post-Scan Filters:
[2026-01-29T16:42:52.464+0530] {subprocess.py:106} INFO - 26/01/29 16:42:52 INFO MemoryStore: Block broadcast_45 stored as values in memory (estimated size 350.2 KiB, free 365.5 MiB)
[2026-01-29T16:42:52.470+0530] {subprocess.py:106} INFO - 26/01/29 16:42:52 INFO MemoryStore: Block broadcast_45_piece0 stored as bytes in memory (estimated size 34.3 KiB, free 365.5 MiB)
[2026-01-29T16:42:52.470+0530] {subprocess.py:106} INFO - 26/01/29 16:42:52 INFO BlockManagerInfo: Added broadcast_45_piece0 in memory on Aishwarya92848DBDA:45083 (size: 34.3 KiB, free: 366.2 MiB)
[2026-01-29T16:42:52.470+0530] {subprocess.py:106} INFO - 26/01/29 16:42:52 INFO SparkContext: Created broadcast 45 from approxQuantile at NativeMethodAccessorImpl.java:0
[2026-01-29T16:42:52.471+0530] {subprocess.py:106} INFO - 26/01/29 16:42:52 INFO FileSourceScanExec: Planning scan with bin packing, max size: 4194304 bytes, open cost is considered as scanning 4194304 bytes.
[2026-01-29T16:42:52.480+0530] {subprocess.py:106} INFO - 26/01/29 16:42:52 INFO SparkContext: Starting job: approxQuantile at NativeMethodAccessorImpl.java:0
[2026-01-29T16:42:52.481+0530] {subprocess.py:106} INFO - 26/01/29 16:42:52 INFO DAGScheduler: Got job 27 (approxQuantile at NativeMethodAccessorImpl.java:0) with 2 output partitions
[2026-01-29T16:42:52.482+0530] {subprocess.py:106} INFO - 26/01/29 16:42:52 INFO DAGScheduler: Final stage: ResultStage 36 (approxQuantile at NativeMethodAccessorImpl.java:0)
[2026-01-29T16:42:52.482+0530] {subprocess.py:106} INFO - 26/01/29 16:42:52 INFO DAGScheduler: Parents of final stage: List()
[2026-01-29T16:42:52.482+0530] {subprocess.py:106} INFO - 26/01/29 16:42:52 INFO DAGScheduler: Missing parents: List()
[2026-01-29T16:42:52.482+0530] {subprocess.py:106} INFO - 26/01/29 16:42:52 INFO DAGScheduler: Submitting ResultStage 36 (MapPartitionsRDD[120] at approxQuantile at NativeMethodAccessorImpl.java:0), which has no missing parents
[2026-01-29T16:42:52.486+0530] {subprocess.py:106} INFO - 26/01/29 16:42:52 INFO MemoryStore: Block broadcast_46 stored as values in memory (estimated size 20.0 KiB, free 365.5 MiB)
[2026-01-29T16:42:52.487+0530] {subprocess.py:106} INFO - 26/01/29 16:42:52 INFO MemoryStore: Block broadcast_46_piece0 stored as bytes in memory (estimated size 9.5 KiB, free 365.5 MiB)
[2026-01-29T16:42:52.488+0530] {subprocess.py:106} INFO - 26/01/29 16:42:52 INFO BlockManagerInfo: Added broadcast_46_piece0 in memory on Aishwarya92848DBDA:45083 (size: 9.5 KiB, free: 366.2 MiB)
[2026-01-29T16:42:52.488+0530] {subprocess.py:106} INFO - 26/01/29 16:42:52 INFO SparkContext: Created broadcast 46 from broadcast at DAGScheduler.scala:1585
[2026-01-29T16:42:52.488+0530] {subprocess.py:106} INFO - 26/01/29 16:42:52 INFO DAGScheduler: Submitting 2 missing tasks from ResultStage 36 (MapPartitionsRDD[120] at approxQuantile at NativeMethodAccessorImpl.java:0) (first 15 tasks are for partitions Vector(0, 1))
[2026-01-29T16:42:52.489+0530] {subprocess.py:106} INFO - 26/01/29 16:42:52 INFO TaskSchedulerImpl: Adding task set 36.0 with 2 tasks resource profile 0
[2026-01-29T16:42:52.489+0530] {subprocess.py:106} INFO - 26/01/29 16:42:52 INFO TaskSetManager: Starting task 0.0 in stage 36.0 (TID 44) (Aishwarya92848DBDA, executor driver, partition 0, NODE_LOCAL, 8241 bytes)
[2026-01-29T16:42:52.490+0530] {subprocess.py:106} INFO - 26/01/29 16:42:52 INFO TaskSetManager: Starting task 1.0 in stage 36.0 (TID 45) (Aishwarya92848DBDA, executor driver, partition 1, NODE_LOCAL, 8241 bytes)
[2026-01-29T16:42:52.490+0530] {subprocess.py:106} INFO - 26/01/29 16:42:52 INFO Executor: Running task 0.0 in stage 36.0 (TID 44)
[2026-01-29T16:42:52.490+0530] {subprocess.py:106} INFO - 26/01/29 16:42:52 INFO Executor: Running task 1.0 in stage 36.0 (TID 45)
[2026-01-29T16:42:52.493+0530] {subprocess.py:106} INFO - 26/01/29 16:42:52 INFO FileScanRDD: Reading File path: hdfs://localhost:9000/weather/data/raw_data/weather_dataset.csv, range: 0-4194304, partition values: [empty row]
[2026-01-29T16:42:52.494+0530] {subprocess.py:106} INFO - 26/01/29 16:42:52 INFO FileScanRDD: Reading File path: hdfs://localhost:9000/weather/data/raw_data/weather_dataset.csv, range: 4194304-6329103, partition values: [empty row]
[2026-01-29T16:42:52.547+0530] {subprocess.py:106} INFO - 26/01/29 16:42:52 INFO Executor: Finished task 1.0 in stage 36.0 (TID 45). 8093 bytes result sent to driver
[2026-01-29T16:42:52.548+0530] {subprocess.py:106} INFO - 26/01/29 16:42:52 INFO TaskSetManager: Finished task 1.0 in stage 36.0 (TID 45) in 58 ms on Aishwarya92848DBDA (executor driver) (1/2)
[2026-01-29T16:42:52.589+0530] {subprocess.py:106} INFO - 26/01/29 16:42:52 INFO Executor: Finished task 0.0 in stage 36.0 (TID 44). 6163 bytes result sent to driver
[2026-01-29T16:42:52.589+0530] {subprocess.py:106} INFO - 26/01/29 16:42:52 INFO TaskSetManager: Finished task 0.0 in stage 36.0 (TID 44) in 100 ms on Aishwarya92848DBDA (executor driver) (2/2)
[2026-01-29T16:42:52.590+0530] {subprocess.py:106} INFO - 26/01/29 16:42:52 INFO TaskSchedulerImpl: Removed TaskSet 36.0, whose tasks have all completed, from pool
[2026-01-29T16:42:52.590+0530] {subprocess.py:106} INFO - 26/01/29 16:42:52 INFO DAGScheduler: ResultStage 36 (approxQuantile at NativeMethodAccessorImpl.java:0) finished in 0.108 s
[2026-01-29T16:42:52.590+0530] {subprocess.py:106} INFO - 26/01/29 16:42:52 INFO DAGScheduler: Job 27 is finished. Cancelling potential speculative or zombie tasks for this job
[2026-01-29T16:42:52.590+0530] {subprocess.py:106} INFO - 26/01/29 16:42:52 INFO TaskSchedulerImpl: Killing all running tasks in stage 36: Stage finished
[2026-01-29T16:42:52.591+0530] {subprocess.py:106} INFO - 26/01/29 16:42:52 INFO DAGScheduler: Job 27 finished: approxQuantile at NativeMethodAccessorImpl.java:0, took 0.110476 s
[2026-01-29T16:42:52.655+0530] {subprocess.py:106} INFO - 26/01/29 16:42:52 INFO FileSourceStrategy: Pushed Filters: Or(LessThan(wind_gusts_10m_max,7.900000000000006),GreaterThan(wind_gusts_10m_max,55.099999999999994))
[2026-01-29T16:42:52.656+0530] {subprocess.py:106} INFO - 26/01/29 16:42:52 INFO FileSourceStrategy: Post-Scan Filters: ((wind_gusts_10m_max#27 < 7.900000000000006) OR (wind_gusts_10m_max#27 > 55.099999999999994))
[2026-01-29T16:42:52.673+0530] {subprocess.py:106} INFO - 26/01/29 16:42:52 INFO CodeGenerator: Code generated in 8.331088 ms
[2026-01-29T16:42:52.675+0530] {subprocess.py:106} INFO - 26/01/29 16:42:52 INFO MemoryStore: Block broadcast_47 stored as values in memory (estimated size 350.2 KiB, free 365.1 MiB)
[2026-01-29T16:42:52.680+0530] {subprocess.py:106} INFO - 26/01/29 16:42:52 INFO MemoryStore: Block broadcast_47_piece0 stored as bytes in memory (estimated size 34.3 KiB, free 365.1 MiB)
[2026-01-29T16:42:52.681+0530] {subprocess.py:106} INFO - 26/01/29 16:42:52 INFO BlockManagerInfo: Added broadcast_47_piece0 in memory on Aishwarya92848DBDA:45083 (size: 34.3 KiB, free: 366.2 MiB)
[2026-01-29T16:42:52.681+0530] {subprocess.py:106} INFO - 26/01/29 16:42:52 INFO SparkContext: Created broadcast 47 from count at NativeMethodAccessorImpl.java:0
[2026-01-29T16:42:52.683+0530] {subprocess.py:106} INFO - 26/01/29 16:42:52 INFO FileSourceScanExec: Planning scan with bin packing, max size: 4194304 bytes, open cost is considered as scanning 4194304 bytes.
[2026-01-29T16:42:52.686+0530] {subprocess.py:106} INFO - 26/01/29 16:42:52 INFO DAGScheduler: Registering RDD 124 (count at NativeMethodAccessorImpl.java:0) as input to shuffle 9
[2026-01-29T16:42:52.686+0530] {subprocess.py:106} INFO - 26/01/29 16:42:52 INFO DAGScheduler: Got map stage job 28 (count at NativeMethodAccessorImpl.java:0) with 2 output partitions
[2026-01-29T16:42:52.687+0530] {subprocess.py:106} INFO - 26/01/29 16:42:52 INFO DAGScheduler: Final stage: ShuffleMapStage 37 (count at NativeMethodAccessorImpl.java:0)
[2026-01-29T16:42:52.687+0530] {subprocess.py:106} INFO - 26/01/29 16:42:52 INFO DAGScheduler: Parents of final stage: List()
[2026-01-29T16:42:52.687+0530] {subprocess.py:106} INFO - 26/01/29 16:42:52 INFO DAGScheduler: Missing parents: List()
[2026-01-29T16:42:52.687+0530] {subprocess.py:106} INFO - 26/01/29 16:42:52 INFO DAGScheduler: Submitting ShuffleMapStage 37 (MapPartitionsRDD[124] at count at NativeMethodAccessorImpl.java:0), which has no missing parents
[2026-01-29T16:42:52.689+0530] {subprocess.py:106} INFO - 26/01/29 16:42:52 INFO MemoryStore: Block broadcast_48 stored as values in memory (estimated size 20.0 KiB, free 365.1 MiB)
[2026-01-29T16:42:52.690+0530] {subprocess.py:106} INFO - 26/01/29 16:42:52 INFO MemoryStore: Block broadcast_48_piece0 stored as bytes in memory (estimated size 9.7 KiB, free 365.1 MiB)
[2026-01-29T16:42:52.690+0530] {subprocess.py:106} INFO - 26/01/29 16:42:52 INFO BlockManagerInfo: Added broadcast_48_piece0 in memory on Aishwarya92848DBDA:45083 (size: 9.7 KiB, free: 366.2 MiB)
[2026-01-29T16:42:52.690+0530] {subprocess.py:106} INFO - 26/01/29 16:42:52 INFO SparkContext: Created broadcast 48 from broadcast at DAGScheduler.scala:1585
[2026-01-29T16:42:52.691+0530] {subprocess.py:106} INFO - 26/01/29 16:42:52 INFO DAGScheduler: Submitting 2 missing tasks from ShuffleMapStage 37 (MapPartitionsRDD[124] at count at NativeMethodAccessorImpl.java:0) (first 15 tasks are for partitions Vector(0, 1))
[2026-01-29T16:42:52.691+0530] {subprocess.py:106} INFO - 26/01/29 16:42:52 INFO TaskSchedulerImpl: Adding task set 37.0 with 2 tasks resource profile 0
[2026-01-29T16:42:52.692+0530] {subprocess.py:106} INFO - 26/01/29 16:42:52 INFO TaskSetManager: Starting task 0.0 in stage 37.0 (TID 46) (Aishwarya92848DBDA, executor driver, partition 0, NODE_LOCAL, 8230 bytes)
[2026-01-29T16:42:52.692+0530] {subprocess.py:106} INFO - 26/01/29 16:42:52 INFO TaskSetManager: Starting task 1.0 in stage 37.0 (TID 47) (Aishwarya92848DBDA, executor driver, partition 1, NODE_LOCAL, 8230 bytes)
[2026-01-29T16:42:52.693+0530] {subprocess.py:106} INFO - 26/01/29 16:42:52 INFO Executor: Running task 0.0 in stage 37.0 (TID 46)
[2026-01-29T16:42:52.693+0530] {subprocess.py:106} INFO - 26/01/29 16:42:52 INFO Executor: Running task 1.0 in stage 37.0 (TID 47)
[2026-01-29T16:42:52.707+0530] {subprocess.py:106} INFO - 26/01/29 16:42:52 INFO CodeGenerator: Code generated in 10.194299 ms
[2026-01-29T16:42:52.708+0530] {subprocess.py:106} INFO - 26/01/29 16:42:52 INFO FileScanRDD: Reading File path: hdfs://localhost:9000/weather/data/raw_data/weather_dataset.csv, range: 4194304-6329103, partition values: [empty row]
[2026-01-29T16:42:52.708+0530] {subprocess.py:106} INFO - 26/01/29 16:42:52 INFO FileScanRDD: Reading File path: hdfs://localhost:9000/weather/data/raw_data/weather_dataset.csv, range: 0-4194304, partition values: [empty row]
[2026-01-29T16:42:52.718+0530] {subprocess.py:106} INFO - 26/01/29 16:42:52 INFO CodeGenerator: Code generated in 7.506535 ms
[2026-01-29T16:42:52.773+0530] {subprocess.py:106} INFO - 26/01/29 16:42:52 INFO BlockManagerInfo: Removed broadcast_43_piece0 on Aishwarya92848DBDA:45083 in memory (size: 9.7 KiB, free: 366.2 MiB)
[2026-01-29T16:42:52.775+0530] {subprocess.py:106} INFO - 26/01/29 16:42:52 INFO BlockManagerInfo: Removed broadcast_44_piece0 on Aishwarya92848DBDA:45083 in memory (size: 5.9 KiB, free: 366.2 MiB)
[2026-01-29T16:42:52.776+0530] {subprocess.py:106} INFO - 26/01/29 16:42:52 INFO BlockManagerInfo: Removed broadcast_46_piece0 on Aishwarya92848DBDA:45083 in memory (size: 9.5 KiB, free: 366.2 MiB)
[2026-01-29T16:42:52.778+0530] {subprocess.py:106} INFO - 26/01/29 16:42:52 INFO BlockManagerInfo: Removed broadcast_45_piece0 on Aishwarya92848DBDA:45083 in memory (size: 34.3 KiB, free: 366.2 MiB)
[2026-01-29T16:42:52.780+0530] {subprocess.py:106} INFO - 26/01/29 16:42:52 INFO BlockManagerInfo: Removed broadcast_42_piece0 on Aishwarya92848DBDA:45083 in memory (size: 34.3 KiB, free: 366.3 MiB)
[2026-01-29T16:42:52.781+0530] {subprocess.py:106} INFO - 26/01/29 16:42:52 INFO Executor: Finished task 1.0 in stage 37.0 (TID 47). 2033 bytes result sent to driver
[2026-01-29T16:42:52.782+0530] {subprocess.py:106} INFO - 26/01/29 16:42:52 INFO TaskSetManager: Finished task 1.0 in stage 37.0 (TID 47) in 90 ms on Aishwarya92848DBDA (executor driver) (1/2)
[2026-01-29T16:42:52.809+0530] {subprocess.py:106} INFO - 26/01/29 16:42:52 INFO Executor: Finished task 0.0 in stage 37.0 (TID 46). 2033 bytes result sent to driver
[2026-01-29T16:42:52.810+0530] {subprocess.py:106} INFO - 26/01/29 16:42:52 INFO TaskSetManager: Finished task 0.0 in stage 37.0 (TID 46) in 119 ms on Aishwarya92848DBDA (executor driver) (2/2)
[2026-01-29T16:42:52.810+0530] {subprocess.py:106} INFO - 26/01/29 16:42:52 INFO TaskSchedulerImpl: Removed TaskSet 37.0, whose tasks have all completed, from pool
[2026-01-29T16:42:52.810+0530] {subprocess.py:106} INFO - 26/01/29 16:42:52 INFO DAGScheduler: ShuffleMapStage 37 (count at NativeMethodAccessorImpl.java:0) finished in 0.123 s
[2026-01-29T16:42:52.811+0530] {subprocess.py:106} INFO - 26/01/29 16:42:52 INFO DAGScheduler: looking for newly runnable stages
[2026-01-29T16:42:52.811+0530] {subprocess.py:106} INFO - 26/01/29 16:42:52 INFO DAGScheduler: running: Set()
[2026-01-29T16:42:52.811+0530] {subprocess.py:106} INFO - 26/01/29 16:42:52 INFO DAGScheduler: waiting: Set()
[2026-01-29T16:42:52.811+0530] {subprocess.py:106} INFO - 26/01/29 16:42:52 INFO DAGScheduler: failed: Set()
[2026-01-29T16:42:52.823+0530] {subprocess.py:106} INFO - 26/01/29 16:42:52 INFO SparkContext: Starting job: count at NativeMethodAccessorImpl.java:0
[2026-01-29T16:42:52.824+0530] {subprocess.py:106} INFO - 26/01/29 16:42:52 INFO DAGScheduler: Got job 29 (count at NativeMethodAccessorImpl.java:0) with 1 output partitions
[2026-01-29T16:42:52.824+0530] {subprocess.py:106} INFO - 26/01/29 16:42:52 INFO DAGScheduler: Final stage: ResultStage 39 (count at NativeMethodAccessorImpl.java:0)
[2026-01-29T16:42:52.825+0530] {subprocess.py:106} INFO - 26/01/29 16:42:52 INFO DAGScheduler: Parents of final stage: List(ShuffleMapStage 38)
[2026-01-29T16:42:52.825+0530] {subprocess.py:106} INFO - 26/01/29 16:42:52 INFO DAGScheduler: Missing parents: List()
[2026-01-29T16:42:52.825+0530] {subprocess.py:106} INFO - 26/01/29 16:42:52 INFO DAGScheduler: Submitting ResultStage 39 (MapPartitionsRDD[127] at count at NativeMethodAccessorImpl.java:0), which has no missing parents
[2026-01-29T16:42:52.826+0530] {subprocess.py:106} INFO - 26/01/29 16:42:52 INFO MemoryStore: Block broadcast_49 stored as values in memory (estimated size 12.5 KiB, free 365.9 MiB)
[2026-01-29T16:42:52.827+0530] {subprocess.py:106} INFO - 26/01/29 16:42:52 INFO MemoryStore: Block broadcast_49_piece0 stored as bytes in memory (estimated size 6.0 KiB, free 365.9 MiB)
[2026-01-29T16:42:52.827+0530] {subprocess.py:106} INFO - 26/01/29 16:42:52 INFO BlockManagerInfo: Added broadcast_49_piece0 in memory on Aishwarya92848DBDA:45083 (size: 6.0 KiB, free: 366.3 MiB)
[2026-01-29T16:42:52.827+0530] {subprocess.py:106} INFO - 26/01/29 16:42:52 INFO SparkContext: Created broadcast 49 from broadcast at DAGScheduler.scala:1585
[2026-01-29T16:42:52.828+0530] {subprocess.py:106} INFO - 26/01/29 16:42:52 INFO DAGScheduler: Submitting 1 missing tasks from ResultStage 39 (MapPartitionsRDD[127] at count at NativeMethodAccessorImpl.java:0) (first 15 tasks are for partitions Vector(0))
[2026-01-29T16:42:52.828+0530] {subprocess.py:106} INFO - 26/01/29 16:42:52 INFO TaskSchedulerImpl: Adding task set 39.0 with 1 tasks resource profile 0
[2026-01-29T16:42:52.829+0530] {subprocess.py:106} INFO - 26/01/29 16:42:52 INFO TaskSetManager: Starting task 0.0 in stage 39.0 (TID 48) (Aishwarya92848DBDA, executor driver, partition 0, NODE_LOCAL, 7615 bytes)
[2026-01-29T16:42:52.829+0530] {subprocess.py:106} INFO - 26/01/29 16:42:52 INFO Executor: Running task 0.0 in stage 39.0 (TID 48)
[2026-01-29T16:42:52.831+0530] {subprocess.py:106} INFO - 26/01/29 16:42:52 INFO ShuffleBlockFetcherIterator: Getting 2 (120.0 B) non-empty blocks including 2 (120.0 B) local and 0 (0.0 B) host-local and 0 (0.0 B) push-merged-local and 0 (0.0 B) remote blocks
[2026-01-29T16:42:52.832+0530] {subprocess.py:106} INFO - 26/01/29 16:42:52 INFO ShuffleBlockFetcherIterator: Started 0 remote fetches in 0 ms
[2026-01-29T16:42:52.834+0530] {subprocess.py:106} INFO - 26/01/29 16:42:52 INFO Executor: Finished task 0.0 in stage 39.0 (TID 48). 3995 bytes result sent to driver
[2026-01-29T16:42:52.835+0530] {subprocess.py:106} INFO - 26/01/29 16:42:52 INFO TaskSetManager: Finished task 0.0 in stage 39.0 (TID 48) in 6 ms on Aishwarya92848DBDA (executor driver) (1/1)
[2026-01-29T16:42:52.835+0530] {subprocess.py:106} INFO - 26/01/29 16:42:52 INFO TaskSchedulerImpl: Removed TaskSet 39.0, whose tasks have all completed, from pool
[2026-01-29T16:42:52.836+0530] {subprocess.py:106} INFO - 26/01/29 16:42:52 INFO DAGScheduler: ResultStage 39 (count at NativeMethodAccessorImpl.java:0) finished in 0.010 s
[2026-01-29T16:42:52.836+0530] {subprocess.py:106} INFO - 26/01/29 16:42:52 INFO DAGScheduler: Job 29 is finished. Cancelling potential speculative or zombie tasks for this job
[2026-01-29T16:42:52.836+0530] {subprocess.py:106} INFO - 26/01/29 16:42:52 INFO TaskSchedulerImpl: Killing all running tasks in stage 39: Stage finished
[2026-01-29T16:42:52.836+0530] {subprocess.py:106} INFO - 26/01/29 16:42:52 INFO DAGScheduler: Job 29 finished: count at NativeMethodAccessorImpl.java:0, took 0.012480 s
[2026-01-29T16:42:52.837+0530] {subprocess.py:106} INFO - wind_gusts_10m_max: Outliers = 2477
[2026-01-29T16:42:52.856+0530] {subprocess.py:106} INFO - 26/01/29 16:42:52 INFO FileSourceStrategy: Pushed Filters:
[2026-01-29T16:42:52.856+0530] {subprocess.py:106} INFO - 26/01/29 16:42:52 INFO FileSourceStrategy: Post-Scan Filters:
[2026-01-29T16:42:52.858+0530] {subprocess.py:106} INFO - 26/01/29 16:42:52 INFO MemoryStore: Block broadcast_50 stored as values in memory (estimated size 350.2 KiB, free 365.5 MiB)
[2026-01-29T16:42:52.864+0530] {subprocess.py:106} INFO - 26/01/29 16:42:52 INFO MemoryStore: Block broadcast_50_piece0 stored as bytes in memory (estimated size 34.3 KiB, free 365.5 MiB)
[2026-01-29T16:42:52.865+0530] {subprocess.py:106} INFO - 26/01/29 16:42:52 INFO BlockManagerInfo: Added broadcast_50_piece0 in memory on Aishwarya92848DBDA:45083 (size: 34.3 KiB, free: 366.2 MiB)
[2026-01-29T16:42:52.865+0530] {subprocess.py:106} INFO - 26/01/29 16:42:52 INFO SparkContext: Created broadcast 50 from approxQuantile at NativeMethodAccessorImpl.java:0
[2026-01-29T16:42:52.866+0530] {subprocess.py:106} INFO - 26/01/29 16:42:52 INFO FileSourceScanExec: Planning scan with bin packing, max size: 4194304 bytes, open cost is considered as scanning 4194304 bytes.
[2026-01-29T16:42:52.876+0530] {subprocess.py:106} INFO - 26/01/29 16:42:52 INFO SparkContext: Starting job: approxQuantile at NativeMethodAccessorImpl.java:0
[2026-01-29T16:42:52.877+0530] {subprocess.py:106} INFO - 26/01/29 16:42:52 INFO DAGScheduler: Got job 30 (approxQuantile at NativeMethodAccessorImpl.java:0) with 2 output partitions
[2026-01-29T16:42:52.877+0530] {subprocess.py:106} INFO - 26/01/29 16:42:52 INFO DAGScheduler: Final stage: ResultStage 40 (approxQuantile at NativeMethodAccessorImpl.java:0)
[2026-01-29T16:42:52.877+0530] {subprocess.py:106} INFO - 26/01/29 16:42:52 INFO DAGScheduler: Parents of final stage: List()
[2026-01-29T16:42:52.877+0530] {subprocess.py:106} INFO - 26/01/29 16:42:52 INFO DAGScheduler: Missing parents: List()
[2026-01-29T16:42:52.878+0530] {subprocess.py:106} INFO - 26/01/29 16:42:52 INFO DAGScheduler: Submitting ResultStage 40 (MapPartitionsRDD[133] at approxQuantile at NativeMethodAccessorImpl.java:0), which has no missing parents
[2026-01-29T16:42:52.881+0530] {subprocess.py:106} INFO - 26/01/29 16:42:52 INFO MemoryStore: Block broadcast_51 stored as values in memory (estimated size 20.0 KiB, free 365.5 MiB)
[2026-01-29T16:42:52.882+0530] {subprocess.py:106} INFO - 26/01/29 16:42:52 INFO MemoryStore: Block broadcast_51_piece0 stored as bytes in memory (estimated size 9.5 KiB, free 365.5 MiB)
[2026-01-29T16:42:52.883+0530] {subprocess.py:106} INFO - 26/01/29 16:42:52 INFO BlockManagerInfo: Added broadcast_51_piece0 in memory on Aishwarya92848DBDA:45083 (size: 9.5 KiB, free: 366.2 MiB)
[2026-01-29T16:42:52.883+0530] {subprocess.py:106} INFO - 26/01/29 16:42:52 INFO SparkContext: Created broadcast 51 from broadcast at DAGScheduler.scala:1585
[2026-01-29T16:42:52.883+0530] {subprocess.py:106} INFO - 26/01/29 16:42:52 INFO DAGScheduler: Submitting 2 missing tasks from ResultStage 40 (MapPartitionsRDD[133] at approxQuantile at NativeMethodAccessorImpl.java:0) (first 15 tasks are for partitions Vector(0, 1))
[2026-01-29T16:42:52.883+0530] {subprocess.py:106} INFO - 26/01/29 16:42:52 INFO TaskSchedulerImpl: Adding task set 40.0 with 2 tasks resource profile 0
[2026-01-29T16:42:52.884+0530] {subprocess.py:106} INFO - 26/01/29 16:42:52 INFO TaskSetManager: Starting task 0.0 in stage 40.0 (TID 49) (Aishwarya92848DBDA, executor driver, partition 0, NODE_LOCAL, 8241 bytes)
[2026-01-29T16:42:52.884+0530] {subprocess.py:106} INFO - 26/01/29 16:42:52 INFO TaskSetManager: Starting task 1.0 in stage 40.0 (TID 50) (Aishwarya92848DBDA, executor driver, partition 1, NODE_LOCAL, 8241 bytes)
[2026-01-29T16:42:52.885+0530] {subprocess.py:106} INFO - 26/01/29 16:42:52 INFO Executor: Running task 0.0 in stage 40.0 (TID 49)
[2026-01-29T16:42:52.885+0530] {subprocess.py:106} INFO - 26/01/29 16:42:52 INFO Executor: Running task 1.0 in stage 40.0 (TID 50)
[2026-01-29T16:42:52.888+0530] {subprocess.py:106} INFO - 26/01/29 16:42:52 INFO FileScanRDD: Reading File path: hdfs://localhost:9000/weather/data/raw_data/weather_dataset.csv, range: 4194304-6329103, partition values: [empty row]
[2026-01-29T16:42:52.889+0530] {subprocess.py:106} INFO - 26/01/29 16:42:52 INFO FileScanRDD: Reading File path: hdfs://localhost:9000/weather/data/raw_data/weather_dataset.csv, range: 0-4194304, partition values: [empty row]
[2026-01-29T16:42:52.940+0530] {subprocess.py:106} INFO - 26/01/29 16:42:52 INFO Executor: Finished task 1.0 in stage 40.0 (TID 50). 8093 bytes result sent to driver
[2026-01-29T16:42:52.941+0530] {subprocess.py:106} INFO - 26/01/29 16:42:52 INFO TaskSetManager: Finished task 1.0 in stage 40.0 (TID 50) in 57 ms on Aishwarya92848DBDA (executor driver) (1/2)
[2026-01-29T16:42:52.977+0530] {subprocess.py:106} INFO - 26/01/29 16:42:52 INFO Executor: Finished task 0.0 in stage 40.0 (TID 49). 7943 bytes result sent to driver
[2026-01-29T16:42:52.978+0530] {subprocess.py:106} INFO - 26/01/29 16:42:52 INFO TaskSetManager: Finished task 0.0 in stage 40.0 (TID 49) in 94 ms on Aishwarya92848DBDA (executor driver) (2/2)
[2026-01-29T16:42:52.978+0530] {subprocess.py:106} INFO - 26/01/29 16:42:52 INFO TaskSchedulerImpl: Removed TaskSet 40.0, whose tasks have all completed, from pool
[2026-01-29T16:42:52.978+0530] {subprocess.py:106} INFO - 26/01/29 16:42:52 INFO DAGScheduler: ResultStage 40 (approxQuantile at NativeMethodAccessorImpl.java:0) finished in 0.100 s
[2026-01-29T16:42:52.978+0530] {subprocess.py:106} INFO - 26/01/29 16:42:52 INFO DAGScheduler: Job 30 is finished. Cancelling potential speculative or zombie tasks for this job
[2026-01-29T16:42:52.979+0530] {subprocess.py:106} INFO - 26/01/29 16:42:52 INFO TaskSchedulerImpl: Killing all running tasks in stage 40: Stage finished
[2026-01-29T16:42:52.979+0530] {subprocess.py:106} INFO - 26/01/29 16:42:52 INFO DAGScheduler: Job 30 finished: approxQuantile at NativeMethodAccessorImpl.java:0, took 0.102997 s
[2026-01-29T16:42:53.057+0530] {subprocess.py:106} INFO - 26/01/29 16:42:53 INFO FileSourceStrategy: Pushed Filters: Or(LessThan(temperature_2m_max,18.949999999999996),GreaterThan(temperature_2m_max,42.550000000000004))
[2026-01-29T16:42:53.058+0530] {subprocess.py:106} INFO - 26/01/29 16:42:53 INFO FileSourceStrategy: Post-Scan Filters: ((temperature_2m_max#19 < 18.949999999999996) OR (temperature_2m_max#19 > 42.550000000000004))
[2026-01-29T16:42:53.083+0530] {subprocess.py:106} INFO - 26/01/29 16:42:53 INFO CodeGenerator: Code generated in 9.735004 ms
[2026-01-29T16:42:53.085+0530] {subprocess.py:106} INFO - 26/01/29 16:42:53 INFO MemoryStore: Block broadcast_52 stored as values in memory (estimated size 350.2 KiB, free 365.1 MiB)
[2026-01-29T16:42:53.092+0530] {subprocess.py:106} INFO - 26/01/29 16:42:53 INFO MemoryStore: Block broadcast_52_piece0 stored as bytes in memory (estimated size 34.3 KiB, free 365.1 MiB)
[2026-01-29T16:42:53.093+0530] {subprocess.py:106} INFO - 26/01/29 16:42:53 INFO BlockManagerInfo: Added broadcast_52_piece0 in memory on Aishwarya92848DBDA:45083 (size: 34.3 KiB, free: 366.2 MiB)
[2026-01-29T16:42:53.094+0530] {subprocess.py:106} INFO - 26/01/29 16:42:53 INFO SparkContext: Created broadcast 52 from showString at NativeMethodAccessorImpl.java:0
[2026-01-29T16:42:53.095+0530] {subprocess.py:106} INFO - 26/01/29 16:42:53 INFO FileSourceScanExec: Planning scan with bin packing, max size: 4194304 bytes, open cost is considered as scanning 4194304 bytes.
[2026-01-29T16:42:53.102+0530] {subprocess.py:106} INFO - 26/01/29 16:42:53 INFO SparkContext: Starting job: showString at NativeMethodAccessorImpl.java:0
[2026-01-29T16:42:53.103+0530] {subprocess.py:106} INFO - 26/01/29 16:42:53 INFO DAGScheduler: Got job 31 (showString at NativeMethodAccessorImpl.java:0) with 1 output partitions
[2026-01-29T16:42:53.103+0530] {subprocess.py:106} INFO - 26/01/29 16:42:53 INFO DAGScheduler: Final stage: ResultStage 41 (showString at NativeMethodAccessorImpl.java:0)
[2026-01-29T16:42:53.104+0530] {subprocess.py:106} INFO - 26/01/29 16:42:53 INFO DAGScheduler: Parents of final stage: List()
[2026-01-29T16:42:53.104+0530] {subprocess.py:106} INFO - 26/01/29 16:42:53 INFO DAGScheduler: Missing parents: List()
[2026-01-29T16:42:53.105+0530] {subprocess.py:106} INFO - 26/01/29 16:42:53 INFO DAGScheduler: Submitting ResultStage 41 (MapPartitionsRDD[137] at showString at NativeMethodAccessorImpl.java:0), which has no missing parents
[2026-01-29T16:42:53.105+0530] {subprocess.py:106} INFO - 26/01/29 16:42:53 INFO MemoryStore: Block broadcast_53 stored as values in memory (estimated size 18.4 KiB, free 365.1 MiB)
[2026-01-29T16:42:53.105+0530] {subprocess.py:106} INFO - 26/01/29 16:42:53 INFO MemoryStore: Block broadcast_53_piece0 stored as bytes in memory (estimated size 8.8 KiB, free 365.1 MiB)
[2026-01-29T16:42:53.106+0530] {subprocess.py:106} INFO - 26/01/29 16:42:53 INFO BlockManagerInfo: Added broadcast_53_piece0 in memory on Aishwarya92848DBDA:45083 (size: 8.8 KiB, free: 366.2 MiB)
[2026-01-29T16:42:53.106+0530] {subprocess.py:106} INFO - 26/01/29 16:42:53 INFO SparkContext: Created broadcast 53 from broadcast at DAGScheduler.scala:1585
[2026-01-29T16:42:53.106+0530] {subprocess.py:106} INFO - 26/01/29 16:42:53 INFO DAGScheduler: Submitting 1 missing tasks from ResultStage 41 (MapPartitionsRDD[137] at showString at NativeMethodAccessorImpl.java:0) (first 15 tasks are for partitions Vector(0))
[2026-01-29T16:42:53.107+0530] {subprocess.py:106} INFO - 26/01/29 16:42:53 INFO TaskSchedulerImpl: Adding task set 41.0 with 1 tasks resource profile 0
[2026-01-29T16:42:53.107+0530] {subprocess.py:106} INFO - 26/01/29 16:42:53 INFO TaskSetManager: Starting task 0.0 in stage 41.0 (TID 51) (Aishwarya92848DBDA, executor driver, partition 0, NODE_LOCAL, 8241 bytes)
[2026-01-29T16:42:53.108+0530] {subprocess.py:106} INFO - 26/01/29 16:42:53 INFO Executor: Running task 0.0 in stage 41.0 (TID 51)
[2026-01-29T16:42:53.121+0530] {subprocess.py:106} INFO - 26/01/29 16:42:53 INFO CodeGenerator: Code generated in 10.976243 ms
[2026-01-29T16:42:53.122+0530] {subprocess.py:106} INFO - 26/01/29 16:42:53 INFO FileScanRDD: Reading File path: hdfs://localhost:9000/weather/data/raw_data/weather_dataset.csv, range: 0-4194304, partition values: [empty row]
[2026-01-29T16:42:53.129+0530] {subprocess.py:106} INFO - 26/01/29 16:42:53 INFO CodeGenerator: Code generated in 5.774982 ms
[2026-01-29T16:42:53.139+0530] {subprocess.py:106} INFO - 26/01/29 16:42:53 INFO CodeGenerator: Code generated in 7.282362 ms
[2026-01-29T16:42:53.147+0530] {subprocess.py:106} INFO - 26/01/29 16:42:53 INFO Executor: Finished task 0.0 in stage 41.0 (TID 51). 1742 bytes result sent to driver
[2026-01-29T16:42:53.148+0530] {subprocess.py:106} INFO - 26/01/29 16:42:53 INFO TaskSetManager: Finished task 0.0 in stage 41.0 (TID 51) in 41 ms on Aishwarya92848DBDA (executor driver) (1/1)
[2026-01-29T16:42:53.148+0530] {subprocess.py:106} INFO - 26/01/29 16:42:53 INFO TaskSchedulerImpl: Removed TaskSet 41.0, whose tasks have all completed, from pool
[2026-01-29T16:42:53.148+0530] {subprocess.py:106} INFO - 26/01/29 16:42:53 INFO DAGScheduler: ResultStage 41 (showString at NativeMethodAccessorImpl.java:0) finished in 0.045 s
[2026-01-29T16:42:53.148+0530] {subprocess.py:106} INFO - 26/01/29 16:42:53 INFO DAGScheduler: Job 31 is finished. Cancelling potential speculative or zombie tasks for this job
[2026-01-29T16:42:53.149+0530] {subprocess.py:106} INFO - 26/01/29 16:42:53 INFO TaskSchedulerImpl: Killing all running tasks in stage 41: Stage finished
[2026-01-29T16:42:53.149+0530] {subprocess.py:106} INFO - 26/01/29 16:42:53 INFO DAGScheduler: Job 31 finished: showString at NativeMethodAccessorImpl.java:0, took 0.046356 s
[2026-01-29T16:42:53.156+0530] {subprocess.py:106} INFO - 26/01/29 16:42:53 INFO CodeGenerator: Code generated in 5.115379 ms
[2026-01-29T16:42:53.160+0530] {subprocess.py:106} INFO - +-----+----------+------------------+
[2026-01-29T16:42:53.161+0530] {subprocess.py:106} INFO - | city|      date|temperature_2m_max|
[2026-01-29T16:42:53.161+0530] {subprocess.py:106} INFO - +-----+----------+------------------+
[2026-01-29T16:42:53.161+0530] {subprocess.py:106} INFO - |Delhi|2000-01-13|              18.9|
[2026-01-29T16:42:53.161+0530] {subprocess.py:106} INFO - |Delhi|2000-01-14|              18.1|
[2026-01-29T16:42:53.161+0530] {subprocess.py:106} INFO - |Delhi|2000-01-15|              15.8|
[2026-01-29T16:42:53.161+0530] {subprocess.py:106} INFO - |Delhi|2000-01-16|              15.8|
[2026-01-29T16:42:53.161+0530] {subprocess.py:106} INFO - |Delhi|2000-01-17|              17.4|
[2026-01-29T16:42:53.161+0530] {subprocess.py:106} INFO - |Delhi|2000-01-27|              18.7|
[2026-01-29T16:42:53.161+0530] {subprocess.py:106} INFO - |Delhi|2000-02-05|              15.7|
[2026-01-29T16:42:53.161+0530] {subprocess.py:106} INFO - |Delhi|2000-02-06|              16.9|
[2026-01-29T16:42:53.162+0530] {subprocess.py:106} INFO - |Delhi|2000-02-07|              18.0|
[2026-01-29T16:42:53.162+0530] {subprocess.py:106} INFO - |Delhi|2000-02-08|              17.9|
[2026-01-29T16:42:53.162+0530] {subprocess.py:106} INFO - +-----+----------+------------------+
[2026-01-29T16:42:53.162+0530] {subprocess.py:106} INFO - only showing top 10 rows
[2026-01-29T16:42:53.162+0530] {subprocess.py:106} INFO - 
[2026-01-29T16:42:53.162+0530] {subprocess.py:106} INFO - Lower: 18.949999999999996 Upper: 42.550000000000004
[2026-01-29T16:42:53.179+0530] {subprocess.py:106} INFO - 26/01/29 16:42:53 INFO FileSourceStrategy: Pushed Filters:
[2026-01-29T16:42:53.180+0530] {subprocess.py:106} INFO - 26/01/29 16:42:53 INFO FileSourceStrategy: Post-Scan Filters:
[2026-01-29T16:42:53.182+0530] {subprocess.py:106} INFO - 26/01/29 16:42:53 INFO MemoryStore: Block broadcast_54 stored as values in memory (estimated size 350.2 KiB, free 364.7 MiB)
[2026-01-29T16:42:53.188+0530] {subprocess.py:106} INFO - 26/01/29 16:42:53 INFO MemoryStore: Block broadcast_54_piece0 stored as bytes in memory (estimated size 34.3 KiB, free 364.7 MiB)
[2026-01-29T16:42:53.188+0530] {subprocess.py:106} INFO - 26/01/29 16:42:53 INFO BlockManagerInfo: Added broadcast_54_piece0 in memory on Aishwarya92848DBDA:45083 (size: 34.3 KiB, free: 366.1 MiB)
[2026-01-29T16:42:53.188+0530] {subprocess.py:106} INFO - 26/01/29 16:42:53 INFO SparkContext: Created broadcast 54 from approxQuantile at NativeMethodAccessorImpl.java:0
[2026-01-29T16:42:53.189+0530] {subprocess.py:106} INFO - 26/01/29 16:42:53 INFO FileSourceScanExec: Planning scan with bin packing, max size: 4194304 bytes, open cost is considered as scanning 4194304 bytes.
[2026-01-29T16:42:53.201+0530] {subprocess.py:106} INFO - 26/01/29 16:42:53 INFO SparkContext: Starting job: approxQuantile at NativeMethodAccessorImpl.java:0
[2026-01-29T16:42:53.201+0530] {subprocess.py:106} INFO - 26/01/29 16:42:53 INFO DAGScheduler: Got job 32 (approxQuantile at NativeMethodAccessorImpl.java:0) with 2 output partitions
[2026-01-29T16:42:53.202+0530] {subprocess.py:106} INFO - 26/01/29 16:42:53 INFO DAGScheduler: Final stage: ResultStage 42 (approxQuantile at NativeMethodAccessorImpl.java:0)
[2026-01-29T16:42:53.202+0530] {subprocess.py:106} INFO - 26/01/29 16:42:53 INFO DAGScheduler: Parents of final stage: List()
[2026-01-29T16:42:53.202+0530] {subprocess.py:106} INFO - 26/01/29 16:42:53 INFO DAGScheduler: Missing parents: List()
[2026-01-29T16:42:53.213+0530] {subprocess.py:106} INFO - 26/01/29 16:42:53 INFO DAGScheduler: Submitting ResultStage 42 (MapPartitionsRDD[143] at approxQuantile at NativeMethodAccessorImpl.java:0), which has no missing parents
[2026-01-29T16:42:53.217+0530] {subprocess.py:106} INFO - 26/01/29 16:42:53 INFO MemoryStore: Block broadcast_55 stored as values in memory (estimated size 20.0 KiB, free 365.1 MiB)
[2026-01-29T16:42:53.218+0530] {subprocess.py:106} INFO - 26/01/29 16:42:53 INFO BlockManagerInfo: Removed broadcast_47_piece0 on Aishwarya92848DBDA:45083 in memory (size: 34.3 KiB, free: 366.2 MiB)
[2026-01-29T16:42:53.218+0530] {subprocess.py:106} INFO - 26/01/29 16:42:53 INFO MemoryStore: Block broadcast_55_piece0 stored as bytes in memory (estimated size 9.5 KiB, free 365.0 MiB)
[2026-01-29T16:42:53.218+0530] {subprocess.py:106} INFO - 26/01/29 16:42:53 INFO BlockManagerInfo: Added broadcast_55_piece0 in memory on Aishwarya92848DBDA:45083 (size: 9.5 KiB, free: 366.2 MiB)
[2026-01-29T16:42:53.218+0530] {subprocess.py:106} INFO - 26/01/29 16:42:53 INFO BlockManagerInfo: Removed broadcast_53_piece0 on Aishwarya92848DBDA:45083 in memory (size: 8.8 KiB, free: 366.2 MiB)
[2026-01-29T16:42:53.219+0530] {subprocess.py:106} INFO - 26/01/29 16:42:53 INFO SparkContext: Created broadcast 55 from broadcast at DAGScheduler.scala:1585
[2026-01-29T16:42:53.219+0530] {subprocess.py:106} INFO - 26/01/29 16:42:53 INFO DAGScheduler: Submitting 2 missing tasks from ResultStage 42 (MapPartitionsRDD[143] at approxQuantile at NativeMethodAccessorImpl.java:0) (first 15 tasks are for partitions Vector(0, 1))
[2026-01-29T16:42:53.219+0530] {subprocess.py:106} INFO - 26/01/29 16:42:53 INFO TaskSchedulerImpl: Adding task set 42.0 with 2 tasks resource profile 0
[2026-01-29T16:42:53.219+0530] {subprocess.py:106} INFO - 26/01/29 16:42:53 INFO BlockManagerInfo: Removed broadcast_49_piece0 on Aishwarya92848DBDA:45083 in memory (size: 6.0 KiB, free: 366.2 MiB)
[2026-01-29T16:42:53.220+0530] {subprocess.py:106} INFO - 26/01/29 16:42:53 INFO TaskSetManager: Starting task 0.0 in stage 42.0 (TID 52) (Aishwarya92848DBDA, executor driver, partition 0, NODE_LOCAL, 8241 bytes)
[2026-01-29T16:42:53.220+0530] {subprocess.py:106} INFO - 26/01/29 16:42:53 INFO TaskSetManager: Starting task 1.0 in stage 42.0 (TID 53) (Aishwarya92848DBDA, executor driver, partition 1, NODE_LOCAL, 8241 bytes)
[2026-01-29T16:42:53.221+0530] {subprocess.py:106} INFO - 26/01/29 16:42:53 INFO Executor: Running task 1.0 in stage 42.0 (TID 53)
[2026-01-29T16:42:53.221+0530] {subprocess.py:106} INFO - 26/01/29 16:42:53 INFO BlockManagerInfo: Removed broadcast_50_piece0 on Aishwarya92848DBDA:45083 in memory (size: 34.3 KiB, free: 366.2 MiB)
[2026-01-29T16:42:53.221+0530] {subprocess.py:106} INFO - 26/01/29 16:42:53 INFO Executor: Running task 0.0 in stage 42.0 (TID 52)
[2026-01-29T16:42:53.222+0530] {subprocess.py:106} INFO - 26/01/29 16:42:53 INFO BlockManagerInfo: Removed broadcast_51_piece0 on Aishwarya92848DBDA:45083 in memory (size: 9.5 KiB, free: 366.2 MiB)
[2026-01-29T16:42:53.223+0530] {subprocess.py:106} INFO - 26/01/29 16:42:53 INFO BlockManagerInfo: Removed broadcast_48_piece0 on Aishwarya92848DBDA:45083 in memory (size: 9.7 KiB, free: 366.2 MiB)
[2026-01-29T16:42:53.224+0530] {subprocess.py:106} INFO - 26/01/29 16:42:53 INFO BlockManagerInfo: Removed broadcast_52_piece0 on Aishwarya92848DBDA:45083 in memory (size: 34.3 KiB, free: 366.3 MiB)
[2026-01-29T16:42:53.225+0530] {subprocess.py:106} INFO - 26/01/29 16:42:53 INFO FileScanRDD: Reading File path: hdfs://localhost:9000/weather/data/raw_data/weather_dataset.csv, range: 0-4194304, partition values: [empty row]
[2026-01-29T16:42:53.225+0530] {subprocess.py:106} INFO - 26/01/29 16:42:53 INFO FileScanRDD: Reading File path: hdfs://localhost:9000/weather/data/raw_data/weather_dataset.csv, range: 4194304-6329103, partition values: [empty row]
[2026-01-29T16:42:53.292+0530] {subprocess.py:106} INFO - 26/01/29 16:42:53 INFO Executor: Finished task 1.0 in stage 42.0 (TID 53). 8093 bytes result sent to driver
[2026-01-29T16:42:53.293+0530] {subprocess.py:106} INFO - 26/01/29 16:42:53 INFO TaskSetManager: Finished task 1.0 in stage 42.0 (TID 53) in 73 ms on Aishwarya92848DBDA (executor driver) (1/2)
[2026-01-29T16:42:53.340+0530] {subprocess.py:106} INFO - 26/01/29 16:42:53 INFO Executor: Finished task 0.0 in stage 42.0 (TID 52). 7943 bytes result sent to driver
[2026-01-29T16:42:53.341+0530] {subprocess.py:106} INFO - 26/01/29 16:42:53 INFO TaskSetManager: Finished task 0.0 in stage 42.0 (TID 52) in 120 ms on Aishwarya92848DBDA (executor driver) (2/2)
[2026-01-29T16:42:53.341+0530] {subprocess.py:106} INFO - 26/01/29 16:42:53 INFO TaskSchedulerImpl: Removed TaskSet 42.0, whose tasks have all completed, from pool
[2026-01-29T16:42:53.341+0530] {subprocess.py:106} INFO - 26/01/29 16:42:53 INFO DAGScheduler: ResultStage 42 (approxQuantile at NativeMethodAccessorImpl.java:0) finished in 0.127 s
[2026-01-29T16:42:53.341+0530] {subprocess.py:106} INFO - 26/01/29 16:42:53 INFO DAGScheduler: Job 32 is finished. Cancelling potential speculative or zombie tasks for this job
[2026-01-29T16:42:53.341+0530] {subprocess.py:106} INFO - 26/01/29 16:42:53 INFO TaskSchedulerImpl: Killing all running tasks in stage 42: Stage finished
[2026-01-29T16:42:53.342+0530] {subprocess.py:106} INFO - 26/01/29 16:42:53 INFO DAGScheduler: Job 32 finished: approxQuantile at NativeMethodAccessorImpl.java:0, took 0.140790 s
[2026-01-29T16:42:53.425+0530] {subprocess.py:106} INFO - 26/01/29 16:42:53 INFO FileSourceStrategy: Pushed Filters:
[2026-01-29T16:42:53.425+0530] {subprocess.py:106} INFO - 26/01/29 16:42:53 INFO FileSourceStrategy: Post-Scan Filters:
[2026-01-29T16:42:53.427+0530] {subprocess.py:106} INFO - 26/01/29 16:42:53 INFO MemoryStore: Block broadcast_56 stored as values in memory (estimated size 350.2 KiB, free 365.6 MiB)
[2026-01-29T16:42:53.435+0530] {subprocess.py:106} INFO - 26/01/29 16:42:53 INFO MemoryStore: Block broadcast_56_piece0 stored as bytes in memory (estimated size 34.3 KiB, free 365.5 MiB)
[2026-01-29T16:42:53.435+0530] {subprocess.py:106} INFO - 26/01/29 16:42:53 INFO BlockManagerInfo: Added broadcast_56_piece0 in memory on Aishwarya92848DBDA:45083 (size: 34.3 KiB, free: 366.2 MiB)
[2026-01-29T16:42:53.435+0530] {subprocess.py:106} INFO - 26/01/29 16:42:53 INFO SparkContext: Created broadcast 56 from approxQuantile at NativeMethodAccessorImpl.java:0
[2026-01-29T16:42:53.436+0530] {subprocess.py:106} INFO - 26/01/29 16:42:53 INFO FileSourceScanExec: Planning scan with bin packing, max size: 4194304 bytes, open cost is considered as scanning 4194304 bytes.
[2026-01-29T16:42:53.446+0530] {subprocess.py:106} INFO - 26/01/29 16:42:53 INFO SparkContext: Starting job: approxQuantile at NativeMethodAccessorImpl.java:0
[2026-01-29T16:42:53.446+0530] {subprocess.py:106} INFO - 26/01/29 16:42:53 INFO DAGScheduler: Got job 33 (approxQuantile at NativeMethodAccessorImpl.java:0) with 2 output partitions
[2026-01-29T16:42:53.447+0530] {subprocess.py:106} INFO - 26/01/29 16:42:53 INFO DAGScheduler: Final stage: ResultStage 43 (approxQuantile at NativeMethodAccessorImpl.java:0)
[2026-01-29T16:42:53.447+0530] {subprocess.py:106} INFO - 26/01/29 16:42:53 INFO DAGScheduler: Parents of final stage: List()
[2026-01-29T16:42:53.447+0530] {subprocess.py:106} INFO - 26/01/29 16:42:53 INFO DAGScheduler: Missing parents: List()
[2026-01-29T16:42:53.447+0530] {subprocess.py:106} INFO - 26/01/29 16:42:53 INFO DAGScheduler: Submitting ResultStage 43 (MapPartitionsRDD[149] at approxQuantile at NativeMethodAccessorImpl.java:0), which has no missing parents
[2026-01-29T16:42:53.451+0530] {subprocess.py:106} INFO - 26/01/29 16:42:53 INFO MemoryStore: Block broadcast_57 stored as values in memory (estimated size 20.0 KiB, free 365.5 MiB)
[2026-01-29T16:42:53.452+0530] {subprocess.py:106} INFO - 26/01/29 16:42:53 INFO MemoryStore: Block broadcast_57_piece0 stored as bytes in memory (estimated size 9.5 KiB, free 365.5 MiB)
[2026-01-29T16:42:53.452+0530] {subprocess.py:106} INFO - 26/01/29 16:42:53 INFO BlockManagerInfo: Added broadcast_57_piece0 in memory on Aishwarya92848DBDA:45083 (size: 9.5 KiB, free: 366.2 MiB)
[2026-01-29T16:42:53.453+0530] {subprocess.py:106} INFO - 26/01/29 16:42:53 INFO SparkContext: Created broadcast 57 from broadcast at DAGScheduler.scala:1585
[2026-01-29T16:42:53.453+0530] {subprocess.py:106} INFO - 26/01/29 16:42:53 INFO DAGScheduler: Submitting 2 missing tasks from ResultStage 43 (MapPartitionsRDD[149] at approxQuantile at NativeMethodAccessorImpl.java:0) (first 15 tasks are for partitions Vector(0, 1))
[2026-01-29T16:42:53.453+0530] {subprocess.py:106} INFO - 26/01/29 16:42:53 INFO TaskSchedulerImpl: Adding task set 43.0 with 2 tasks resource profile 0
[2026-01-29T16:42:53.454+0530] {subprocess.py:106} INFO - 26/01/29 16:42:53 INFO TaskSetManager: Starting task 0.0 in stage 43.0 (TID 54) (Aishwarya92848DBDA, executor driver, partition 0, NODE_LOCAL, 8241 bytes)
[2026-01-29T16:42:53.454+0530] {subprocess.py:106} INFO - 26/01/29 16:42:53 INFO TaskSetManager: Starting task 1.0 in stage 43.0 (TID 55) (Aishwarya92848DBDA, executor driver, partition 1, NODE_LOCAL, 8241 bytes)
[2026-01-29T16:42:53.455+0530] {subprocess.py:106} INFO - 26/01/29 16:42:53 INFO Executor: Running task 1.0 in stage 43.0 (TID 55)
[2026-01-29T16:42:53.455+0530] {subprocess.py:106} INFO - 26/01/29 16:42:53 INFO Executor: Running task 0.0 in stage 43.0 (TID 54)
[2026-01-29T16:42:53.458+0530] {subprocess.py:106} INFO - 26/01/29 16:42:53 INFO FileScanRDD: Reading File path: hdfs://localhost:9000/weather/data/raw_data/weather_dataset.csv, range: 0-4194304, partition values: [empty row]
[2026-01-29T16:42:53.458+0530] {subprocess.py:106} INFO - 26/01/29 16:42:53 INFO FileScanRDD: Reading File path: hdfs://localhost:9000/weather/data/raw_data/weather_dataset.csv, range: 4194304-6329103, partition values: [empty row]
[2026-01-29T16:42:53.521+0530] {subprocess.py:106} INFO - 26/01/29 16:42:53 INFO Executor: Finished task 1.0 in stage 43.0 (TID 55). 8093 bytes result sent to driver
[2026-01-29T16:42:53.522+0530] {subprocess.py:106} INFO - 26/01/29 16:42:53 INFO TaskSetManager: Finished task 1.0 in stage 43.0 (TID 55) in 68 ms on Aishwarya92848DBDA (executor driver) (1/2)
[2026-01-29T16:42:53.539+0530] {subprocess.py:106} INFO - 26/01/29 16:42:53 INFO BlockManagerInfo: Removed broadcast_55_piece0 on Aishwarya92848DBDA:45083 in memory (size: 9.5 KiB, free: 366.2 MiB)
[2026-01-29T16:42:53.540+0530] {subprocess.py:106} INFO - 26/01/29 16:42:53 INFO BlockManagerInfo: Removed broadcast_54_piece0 on Aishwarya92848DBDA:45083 in memory (size: 34.3 KiB, free: 366.3 MiB)
[2026-01-29T16:42:53.571+0530] {subprocess.py:106} INFO - 26/01/29 16:42:53 INFO Executor: Finished task 0.0 in stage 43.0 (TID 54). 6116 bytes result sent to driver
[2026-01-29T16:42:53.572+0530] {subprocess.py:106} INFO - 26/01/29 16:42:53 INFO TaskSetManager: Finished task 0.0 in stage 43.0 (TID 54) in 118 ms on Aishwarya92848DBDA (executor driver) (2/2)
[2026-01-29T16:42:53.573+0530] {subprocess.py:106} INFO - 26/01/29 16:42:53 INFO TaskSchedulerImpl: Removed TaskSet 43.0, whose tasks have all completed, from pool
[2026-01-29T16:42:53.573+0530] {subprocess.py:106} INFO - 26/01/29 16:42:53 INFO DAGScheduler: ResultStage 43 (approxQuantile at NativeMethodAccessorImpl.java:0) finished in 0.125 s
[2026-01-29T16:42:53.573+0530] {subprocess.py:106} INFO - 26/01/29 16:42:53 INFO DAGScheduler: Job 33 is finished. Cancelling potential speculative or zombie tasks for this job
[2026-01-29T16:42:53.574+0530] {subprocess.py:106} INFO - 26/01/29 16:42:53 INFO TaskSchedulerImpl: Killing all running tasks in stage 43: Stage finished
[2026-01-29T16:42:53.574+0530] {subprocess.py:106} INFO - 26/01/29 16:42:53 INFO DAGScheduler: Job 33 finished: approxQuantile at NativeMethodAccessorImpl.java:0, took 0.128002 s
[2026-01-29T16:42:53.643+0530] {subprocess.py:106} INFO - 26/01/29 16:42:53 INFO FileSourceStrategy: Pushed Filters:
[2026-01-29T16:42:53.644+0530] {subprocess.py:106} INFO - 26/01/29 16:42:53 INFO FileSourceStrategy: Post-Scan Filters:
[2026-01-29T16:42:53.646+0530] {subprocess.py:106} INFO - 26/01/29 16:42:53 INFO MemoryStore: Block broadcast_58 stored as values in memory (estimated size 350.2 KiB, free 365.6 MiB)
[2026-01-29T16:42:53.653+0530] {subprocess.py:106} INFO - 26/01/29 16:42:53 INFO MemoryStore: Block broadcast_58_piece0 stored as bytes in memory (estimated size 34.3 KiB, free 365.5 MiB)
[2026-01-29T16:42:53.653+0530] {subprocess.py:106} INFO - 26/01/29 16:42:53 INFO BlockManagerInfo: Added broadcast_58_piece0 in memory on Aishwarya92848DBDA:45083 (size: 34.3 KiB, free: 366.2 MiB)
[2026-01-29T16:42:53.654+0530] {subprocess.py:106} INFO - 26/01/29 16:42:53 INFO SparkContext: Created broadcast 58 from approxQuantile at NativeMethodAccessorImpl.java:0
[2026-01-29T16:42:53.654+0530] {subprocess.py:106} INFO - 26/01/29 16:42:53 INFO FileSourceScanExec: Planning scan with bin packing, max size: 4194304 bytes, open cost is considered as scanning 4194304 bytes.
[2026-01-29T16:42:53.666+0530] {subprocess.py:106} INFO - 26/01/29 16:42:53 INFO SparkContext: Starting job: approxQuantile at NativeMethodAccessorImpl.java:0
[2026-01-29T16:42:53.667+0530] {subprocess.py:106} INFO - 26/01/29 16:42:53 INFO DAGScheduler: Got job 34 (approxQuantile at NativeMethodAccessorImpl.java:0) with 2 output partitions
[2026-01-29T16:42:53.667+0530] {subprocess.py:106} INFO - 26/01/29 16:42:53 INFO DAGScheduler: Final stage: ResultStage 44 (approxQuantile at NativeMethodAccessorImpl.java:0)
[2026-01-29T16:42:53.667+0530] {subprocess.py:106} INFO - 26/01/29 16:42:53 INFO DAGScheduler: Parents of final stage: List()
[2026-01-29T16:42:53.667+0530] {subprocess.py:106} INFO - 26/01/29 16:42:53 INFO DAGScheduler: Missing parents: List()
[2026-01-29T16:42:53.667+0530] {subprocess.py:106} INFO - 26/01/29 16:42:53 INFO DAGScheduler: Submitting ResultStage 44 (MapPartitionsRDD[155] at approxQuantile at NativeMethodAccessorImpl.java:0), which has no missing parents
[2026-01-29T16:42:53.670+0530] {subprocess.py:106} INFO - 26/01/29 16:42:53 INFO MemoryStore: Block broadcast_59 stored as values in memory (estimated size 20.0 KiB, free 365.5 MiB)
[2026-01-29T16:42:53.671+0530] {subprocess.py:106} INFO - 26/01/29 16:42:53 INFO MemoryStore: Block broadcast_59_piece0 stored as bytes in memory (estimated size 9.5 KiB, free 365.5 MiB)
[2026-01-29T16:42:53.672+0530] {subprocess.py:106} INFO - 26/01/29 16:42:53 INFO BlockManagerInfo: Added broadcast_59_piece0 in memory on Aishwarya92848DBDA:45083 (size: 9.5 KiB, free: 366.2 MiB)
[2026-01-29T16:42:53.672+0530] {subprocess.py:106} INFO - 26/01/29 16:42:53 INFO SparkContext: Created broadcast 59 from broadcast at DAGScheduler.scala:1585
[2026-01-29T16:42:53.672+0530] {subprocess.py:106} INFO - 26/01/29 16:42:53 INFO DAGScheduler: Submitting 2 missing tasks from ResultStage 44 (MapPartitionsRDD[155] at approxQuantile at NativeMethodAccessorImpl.java:0) (first 15 tasks are for partitions Vector(0, 1))
[2026-01-29T16:42:53.672+0530] {subprocess.py:106} INFO - 26/01/29 16:42:53 INFO TaskSchedulerImpl: Adding task set 44.0 with 2 tasks resource profile 0
[2026-01-29T16:42:53.673+0530] {subprocess.py:106} INFO - 26/01/29 16:42:53 INFO TaskSetManager: Starting task 0.0 in stage 44.0 (TID 56) (Aishwarya92848DBDA, executor driver, partition 0, NODE_LOCAL, 8241 bytes)
[2026-01-29T16:42:53.674+0530] {subprocess.py:106} INFO - 26/01/29 16:42:53 INFO TaskSetManager: Starting task 1.0 in stage 44.0 (TID 57) (Aishwarya92848DBDA, executor driver, partition 1, NODE_LOCAL, 8241 bytes)
[2026-01-29T16:42:53.674+0530] {subprocess.py:106} INFO - 26/01/29 16:42:53 INFO Executor: Running task 1.0 in stage 44.0 (TID 57)
[2026-01-29T16:42:53.674+0530] {subprocess.py:106} INFO - 26/01/29 16:42:53 INFO Executor: Running task 0.0 in stage 44.0 (TID 56)
[2026-01-29T16:42:53.677+0530] {subprocess.py:106} INFO - 26/01/29 16:42:53 INFO FileScanRDD: Reading File path: hdfs://localhost:9000/weather/data/raw_data/weather_dataset.csv, range: 4194304-6329103, partition values: [empty row]
[2026-01-29T16:42:53.677+0530] {subprocess.py:106} INFO - 26/01/29 16:42:53 INFO FileScanRDD: Reading File path: hdfs://localhost:9000/weather/data/raw_data/weather_dataset.csv, range: 0-4194304, partition values: [empty row]
[2026-01-29T16:42:53.729+0530] {subprocess.py:106} INFO - 26/01/29 16:42:53 INFO Executor: Finished task 1.0 in stage 44.0 (TID 57). 8093 bytes result sent to driver
[2026-01-29T16:42:53.730+0530] {subprocess.py:106} INFO - 26/01/29 16:42:53 INFO TaskSetManager: Finished task 1.0 in stage 44.0 (TID 57) in 56 ms on Aishwarya92848DBDA (executor driver) (1/2)
[2026-01-29T16:42:53.771+0530] {subprocess.py:106} INFO - 26/01/29 16:42:53 INFO Executor: Finished task 0.0 in stage 44.0 (TID 56). 5983 bytes result sent to driver
[2026-01-29T16:42:53.772+0530] {subprocess.py:106} INFO - 26/01/29 16:42:53 INFO TaskSetManager: Finished task 0.0 in stage 44.0 (TID 56) in 99 ms on Aishwarya92848DBDA (executor driver) (2/2)
[2026-01-29T16:42:53.772+0530] {subprocess.py:106} INFO - 26/01/29 16:42:53 INFO TaskSchedulerImpl: Removed TaskSet 44.0, whose tasks have all completed, from pool
[2026-01-29T16:42:53.773+0530] {subprocess.py:106} INFO - 26/01/29 16:42:53 INFO DAGScheduler: ResultStage 44 (approxQuantile at NativeMethodAccessorImpl.java:0) finished in 0.104 s
[2026-01-29T16:42:53.773+0530] {subprocess.py:106} INFO - 26/01/29 16:42:53 INFO DAGScheduler: Job 34 is finished. Cancelling potential speculative or zombie tasks for this job
[2026-01-29T16:42:53.773+0530] {subprocess.py:106} INFO - 26/01/29 16:42:53 INFO TaskSchedulerImpl: Killing all running tasks in stage 44: Stage finished
[2026-01-29T16:42:53.773+0530] {subprocess.py:106} INFO - 26/01/29 16:42:53 INFO DAGScheduler: Job 34 finished: approxQuantile at NativeMethodAccessorImpl.java:0, took 0.107079 s
[2026-01-29T16:42:53.843+0530] {subprocess.py:106} INFO - 26/01/29 16:42:53 INFO FileSourceStrategy: Pushed Filters:
[2026-01-29T16:42:53.843+0530] {subprocess.py:106} INFO - 26/01/29 16:42:53 INFO FileSourceStrategy: Post-Scan Filters:
[2026-01-29T16:42:53.845+0530] {subprocess.py:106} INFO - 26/01/29 16:42:53 INFO MemoryStore: Block broadcast_60 stored as values in memory (estimated size 350.2 KiB, free 365.1 MiB)
[2026-01-29T16:42:53.850+0530] {subprocess.py:106} INFO - 26/01/29 16:42:53 INFO MemoryStore: Block broadcast_60_piece0 stored as bytes in memory (estimated size 34.3 KiB, free 365.1 MiB)
[2026-01-29T16:42:53.851+0530] {subprocess.py:106} INFO - 26/01/29 16:42:53 INFO BlockManagerInfo: Added broadcast_60_piece0 in memory on Aishwarya92848DBDA:45083 (size: 34.3 KiB, free: 366.2 MiB)
[2026-01-29T16:42:53.851+0530] {subprocess.py:106} INFO - 26/01/29 16:42:53 INFO SparkContext: Created broadcast 60 from approxQuantile at NativeMethodAccessorImpl.java:0
[2026-01-29T16:42:53.852+0530] {subprocess.py:106} INFO - 26/01/29 16:42:53 INFO FileSourceScanExec: Planning scan with bin packing, max size: 4194304 bytes, open cost is considered as scanning 4194304 bytes.
[2026-01-29T16:42:53.861+0530] {subprocess.py:106} INFO - 26/01/29 16:42:53 INFO SparkContext: Starting job: approxQuantile at NativeMethodAccessorImpl.java:0
[2026-01-29T16:42:53.862+0530] {subprocess.py:106} INFO - 26/01/29 16:42:53 INFO DAGScheduler: Got job 35 (approxQuantile at NativeMethodAccessorImpl.java:0) with 2 output partitions
[2026-01-29T16:42:53.862+0530] {subprocess.py:106} INFO - 26/01/29 16:42:53 INFO DAGScheduler: Final stage: ResultStage 45 (approxQuantile at NativeMethodAccessorImpl.java:0)
[2026-01-29T16:42:53.862+0530] {subprocess.py:106} INFO - 26/01/29 16:42:53 INFO DAGScheduler: Parents of final stage: List()
[2026-01-29T16:42:53.862+0530] {subprocess.py:106} INFO - 26/01/29 16:42:53 INFO DAGScheduler: Missing parents: List()
[2026-01-29T16:42:53.863+0530] {subprocess.py:106} INFO - 26/01/29 16:42:53 INFO DAGScheduler: Submitting ResultStage 45 (MapPartitionsRDD[161] at approxQuantile at NativeMethodAccessorImpl.java:0), which has no missing parents
[2026-01-29T16:42:53.865+0530] {subprocess.py:106} INFO - 26/01/29 16:42:53 INFO MemoryStore: Block broadcast_61 stored as values in memory (estimated size 20.0 KiB, free 365.1 MiB)
[2026-01-29T16:42:53.866+0530] {subprocess.py:106} INFO - 26/01/29 16:42:53 INFO MemoryStore: Block broadcast_61_piece0 stored as bytes in memory (estimated size 9.5 KiB, free 365.1 MiB)
[2026-01-29T16:42:53.866+0530] {subprocess.py:106} INFO - 26/01/29 16:42:53 INFO BlockManagerInfo: Added broadcast_61_piece0 in memory on Aishwarya92848DBDA:45083 (size: 9.5 KiB, free: 366.2 MiB)
[2026-01-29T16:42:53.867+0530] {subprocess.py:106} INFO - 26/01/29 16:42:53 INFO SparkContext: Created broadcast 61 from broadcast at DAGScheduler.scala:1585
[2026-01-29T16:42:53.867+0530] {subprocess.py:106} INFO - 26/01/29 16:42:53 INFO DAGScheduler: Submitting 2 missing tasks from ResultStage 45 (MapPartitionsRDD[161] at approxQuantile at NativeMethodAccessorImpl.java:0) (first 15 tasks are for partitions Vector(0, 1))
[2026-01-29T16:42:53.867+0530] {subprocess.py:106} INFO - 26/01/29 16:42:53 INFO TaskSchedulerImpl: Adding task set 45.0 with 2 tasks resource profile 0
[2026-01-29T16:42:53.868+0530] {subprocess.py:106} INFO - 26/01/29 16:42:53 INFO TaskSetManager: Starting task 0.0 in stage 45.0 (TID 58) (Aishwarya92848DBDA, executor driver, partition 0, NODE_LOCAL, 8241 bytes)
[2026-01-29T16:42:53.868+0530] {subprocess.py:106} INFO - 26/01/29 16:42:53 INFO TaskSetManager: Starting task 1.0 in stage 45.0 (TID 59) (Aishwarya92848DBDA, executor driver, partition 1, NODE_LOCAL, 8241 bytes)
[2026-01-29T16:42:53.868+0530] {subprocess.py:106} INFO - 26/01/29 16:42:53 INFO Executor: Running task 0.0 in stage 45.0 (TID 58)
[2026-01-29T16:42:53.869+0530] {subprocess.py:106} INFO - 26/01/29 16:42:53 INFO Executor: Running task 1.0 in stage 45.0 (TID 59)
[2026-01-29T16:42:53.872+0530] {subprocess.py:106} INFO - 26/01/29 16:42:53 INFO FileScanRDD: Reading File path: hdfs://localhost:9000/weather/data/raw_data/weather_dataset.csv, range: 4194304-6329103, partition values: [empty row]
[2026-01-29T16:42:53.872+0530] {subprocess.py:106} INFO - 26/01/29 16:42:53 INFO FileScanRDD: Reading File path: hdfs://localhost:9000/weather/data/raw_data/weather_dataset.csv, range: 0-4194304, partition values: [empty row]
[2026-01-29T16:42:53.903+0530] {subprocess.py:106} INFO - 26/01/29 16:42:53 INFO BlockManagerInfo: Removed broadcast_59_piece0 on Aishwarya92848DBDA:45083 in memory (size: 9.5 KiB, free: 366.2 MiB)
[2026-01-29T16:42:53.905+0530] {subprocess.py:106} INFO - 26/01/29 16:42:53 INFO BlockManagerInfo: Removed broadcast_57_piece0 on Aishwarya92848DBDA:45083 in memory (size: 9.5 KiB, free: 366.2 MiB)
[2026-01-29T16:42:53.906+0530] {subprocess.py:106} INFO - 26/01/29 16:42:53 INFO BlockManagerInfo: Removed broadcast_56_piece0 on Aishwarya92848DBDA:45083 in memory (size: 34.3 KiB, free: 366.2 MiB)
[2026-01-29T16:42:53.907+0530] {subprocess.py:106} INFO - 26/01/29 16:42:53 INFO BlockManagerInfo: Removed broadcast_58_piece0 on Aishwarya92848DBDA:45083 in memory (size: 34.3 KiB, free: 366.3 MiB)
[2026-01-29T16:42:53.935+0530] {subprocess.py:106} INFO - 26/01/29 16:42:53 INFO Executor: Finished task 1.0 in stage 45.0 (TID 59). 8136 bytes result sent to driver
[2026-01-29T16:42:53.935+0530] {subprocess.py:106} INFO - 26/01/29 16:42:53 INFO TaskSetManager: Finished task 1.0 in stage 45.0 (TID 59) in 67 ms on Aishwarya92848DBDA (executor driver) (1/2)
[2026-01-29T16:42:53.976+0530] {subprocess.py:106} INFO - 26/01/29 16:42:53 INFO Executor: Finished task 0.0 in stage 45.0 (TID 58). 6086 bytes result sent to driver
[2026-01-29T16:42:53.977+0530] {subprocess.py:106} INFO - 26/01/29 16:42:53 INFO TaskSetManager: Finished task 0.0 in stage 45.0 (TID 58) in 110 ms on Aishwarya92848DBDA (executor driver) (2/2)
[2026-01-29T16:42:53.977+0530] {subprocess.py:106} INFO - 26/01/29 16:42:53 INFO TaskSchedulerImpl: Removed TaskSet 45.0, whose tasks have all completed, from pool
[2026-01-29T16:42:53.977+0530] {subprocess.py:106} INFO - 26/01/29 16:42:53 INFO DAGScheduler: ResultStage 45 (approxQuantile at NativeMethodAccessorImpl.java:0) finished in 0.115 s
[2026-01-29T16:42:53.977+0530] {subprocess.py:106} INFO - 26/01/29 16:42:53 INFO DAGScheduler: Job 35 is finished. Cancelling potential speculative or zombie tasks for this job
[2026-01-29T16:42:53.978+0530] {subprocess.py:106} INFO - 26/01/29 16:42:53 INFO TaskSchedulerImpl: Killing all running tasks in stage 45: Stage finished
[2026-01-29T16:42:53.978+0530] {subprocess.py:106} INFO - 26/01/29 16:42:53 INFO DAGScheduler: Job 35 finished: approxQuantile at NativeMethodAccessorImpl.java:0, took 0.116747 s
[2026-01-29T16:42:54.042+0530] {subprocess.py:106} INFO - 26/01/29 16:42:54 INFO FileSourceStrategy: Pushed Filters:
[2026-01-29T16:42:54.042+0530] {subprocess.py:106} INFO - 26/01/29 16:42:54 INFO FileSourceStrategy: Post-Scan Filters:
[2026-01-29T16:42:54.044+0530] {subprocess.py:106} INFO - 26/01/29 16:42:54 INFO MemoryStore: Block broadcast_62 stored as values in memory (estimated size 350.2 KiB, free 365.6 MiB)
[2026-01-29T16:42:54.049+0530] {subprocess.py:106} INFO - 26/01/29 16:42:54 INFO MemoryStore: Block broadcast_62_piece0 stored as bytes in memory (estimated size 34.3 KiB, free 365.5 MiB)
[2026-01-29T16:42:54.050+0530] {subprocess.py:106} INFO - 26/01/29 16:42:54 INFO BlockManagerInfo: Added broadcast_62_piece0 in memory on Aishwarya92848DBDA:45083 (size: 34.3 KiB, free: 366.2 MiB)
[2026-01-29T16:42:54.050+0530] {subprocess.py:106} INFO - 26/01/29 16:42:54 INFO SparkContext: Created broadcast 62 from approxQuantile at NativeMethodAccessorImpl.java:0
[2026-01-29T16:42:54.050+0530] {subprocess.py:106} INFO - 26/01/29 16:42:54 INFO FileSourceScanExec: Planning scan with bin packing, max size: 4194304 bytes, open cost is considered as scanning 4194304 bytes.
[2026-01-29T16:42:54.059+0530] {subprocess.py:106} INFO - 26/01/29 16:42:54 INFO SparkContext: Starting job: approxQuantile at NativeMethodAccessorImpl.java:0
[2026-01-29T16:42:54.060+0530] {subprocess.py:106} INFO - 26/01/29 16:42:54 INFO DAGScheduler: Got job 36 (approxQuantile at NativeMethodAccessorImpl.java:0) with 2 output partitions
[2026-01-29T16:42:54.060+0530] {subprocess.py:106} INFO - 26/01/29 16:42:54 INFO DAGScheduler: Final stage: ResultStage 46 (approxQuantile at NativeMethodAccessorImpl.java:0)
[2026-01-29T16:42:54.060+0530] {subprocess.py:106} INFO - 26/01/29 16:42:54 INFO DAGScheduler: Parents of final stage: List()
[2026-01-29T16:42:54.060+0530] {subprocess.py:106} INFO - 26/01/29 16:42:54 INFO DAGScheduler: Missing parents: List()
[2026-01-29T16:42:54.061+0530] {subprocess.py:106} INFO - 26/01/29 16:42:54 INFO DAGScheduler: Submitting ResultStage 46 (MapPartitionsRDD[167] at approxQuantile at NativeMethodAccessorImpl.java:0), which has no missing parents
[2026-01-29T16:42:54.065+0530] {subprocess.py:106} INFO - 26/01/29 16:42:54 INFO MemoryStore: Block broadcast_63 stored as values in memory (estimated size 20.0 KiB, free 365.5 MiB)
[2026-01-29T16:42:54.066+0530] {subprocess.py:106} INFO - 26/01/29 16:42:54 INFO MemoryStore: Block broadcast_63_piece0 stored as bytes in memory (estimated size 9.5 KiB, free 365.5 MiB)
[2026-01-29T16:42:54.066+0530] {subprocess.py:106} INFO - 26/01/29 16:42:54 INFO BlockManagerInfo: Added broadcast_63_piece0 in memory on Aishwarya92848DBDA:45083 (size: 9.5 KiB, free: 366.2 MiB)
[2026-01-29T16:42:54.067+0530] {subprocess.py:106} INFO - 26/01/29 16:42:54 INFO SparkContext: Created broadcast 63 from broadcast at DAGScheduler.scala:1585
[2026-01-29T16:42:54.067+0530] {subprocess.py:106} INFO - 26/01/29 16:42:54 INFO DAGScheduler: Submitting 2 missing tasks from ResultStage 46 (MapPartitionsRDD[167] at approxQuantile at NativeMethodAccessorImpl.java:0) (first 15 tasks are for partitions Vector(0, 1))
[2026-01-29T16:42:54.067+0530] {subprocess.py:106} INFO - 26/01/29 16:42:54 INFO TaskSchedulerImpl: Adding task set 46.0 with 2 tasks resource profile 0
[2026-01-29T16:42:54.068+0530] {subprocess.py:106} INFO - 26/01/29 16:42:54 INFO TaskSetManager: Starting task 0.0 in stage 46.0 (TID 60) (Aishwarya92848DBDA, executor driver, partition 0, NODE_LOCAL, 8241 bytes)
[2026-01-29T16:42:54.068+0530] {subprocess.py:106} INFO - 26/01/29 16:42:54 INFO TaskSetManager: Starting task 1.0 in stage 46.0 (TID 61) (Aishwarya92848DBDA, executor driver, partition 1, NODE_LOCAL, 8241 bytes)
[2026-01-29T16:42:54.069+0530] {subprocess.py:106} INFO - 26/01/29 16:42:54 INFO Executor: Running task 0.0 in stage 46.0 (TID 60)
[2026-01-29T16:42:54.069+0530] {subprocess.py:106} INFO - 26/01/29 16:42:54 INFO Executor: Running task 1.0 in stage 46.0 (TID 61)
[2026-01-29T16:42:54.072+0530] {subprocess.py:106} INFO - 26/01/29 16:42:54 INFO FileScanRDD: Reading File path: hdfs://localhost:9000/weather/data/raw_data/weather_dataset.csv, range: 4194304-6329103, partition values: [empty row]
[2026-01-29T16:42:54.072+0530] {subprocess.py:106} INFO - 26/01/29 16:42:54 INFO FileScanRDD: Reading File path: hdfs://localhost:9000/weather/data/raw_data/weather_dataset.csv, range: 0-4194304, partition values: [empty row]
[2026-01-29T16:42:54.125+0530] {subprocess.py:106} INFO - 26/01/29 16:42:54 INFO Executor: Finished task 1.0 in stage 46.0 (TID 61). 8093 bytes result sent to driver
[2026-01-29T16:42:54.126+0530] {subprocess.py:106} INFO - 26/01/29 16:42:54 INFO TaskSetManager: Finished task 1.0 in stage 46.0 (TID 61) in 58 ms on Aishwarya92848DBDA (executor driver) (1/2)
[2026-01-29T16:42:54.167+0530] {subprocess.py:106} INFO - 26/01/29 16:42:54 INFO Executor: Finished task 0.0 in stage 46.0 (TID 60). 5893 bytes result sent to driver
[2026-01-29T16:42:54.168+0530] {subprocess.py:106} INFO - 26/01/29 16:42:54 INFO TaskSetManager: Finished task 0.0 in stage 46.0 (TID 60) in 100 ms on Aishwarya92848DBDA (executor driver) (2/2)
[2026-01-29T16:42:54.169+0530] {subprocess.py:106} INFO - 26/01/29 16:42:54 INFO TaskSchedulerImpl: Removed TaskSet 46.0, whose tasks have all completed, from pool
[2026-01-29T16:42:54.169+0530] {subprocess.py:106} INFO - 26/01/29 16:42:54 INFO DAGScheduler: ResultStage 46 (approxQuantile at NativeMethodAccessorImpl.java:0) finished in 0.107 s
[2026-01-29T16:42:54.169+0530] {subprocess.py:106} INFO - 26/01/29 16:42:54 INFO DAGScheduler: Job 36 is finished. Cancelling potential speculative or zombie tasks for this job
[2026-01-29T16:42:54.169+0530] {subprocess.py:106} INFO - 26/01/29 16:42:54 INFO TaskSchedulerImpl: Killing all running tasks in stage 46: Stage finished
[2026-01-29T16:42:54.170+0530] {subprocess.py:106} INFO - 26/01/29 16:42:54 INFO DAGScheduler: Job 36 finished: approxQuantile at NativeMethodAccessorImpl.java:0, took 0.110596 s
[2026-01-29T16:42:54.199+0530] {subprocess.py:106} INFO - 26/01/29 16:42:54 INFO BlockManagerInfo: Removed broadcast_62_piece0 on Aishwarya92848DBDA:45083 in memory (size: 34.3 KiB, free: 366.2 MiB)
[2026-01-29T16:42:54.200+0530] {subprocess.py:106} INFO - 26/01/29 16:42:54 INFO BlockManagerInfo: Removed broadcast_60_piece0 on Aishwarya92848DBDA:45083 in memory (size: 34.3 KiB, free: 366.3 MiB)
[2026-01-29T16:42:54.201+0530] {subprocess.py:106} INFO - 26/01/29 16:42:54 INFO BlockManagerInfo: Removed broadcast_63_piece0 on Aishwarya92848DBDA:45083 in memory (size: 9.5 KiB, free: 366.3 MiB)
[2026-01-29T16:42:54.202+0530] {subprocess.py:106} INFO - 26/01/29 16:42:54 INFO BlockManagerInfo: Removed broadcast_61_piece0 on Aishwarya92848DBDA:45083 in memory (size: 9.5 KiB, free: 366.3 MiB)
[2026-01-29T16:42:54.249+0530] {subprocess.py:106} INFO - 26/01/29 16:42:54 INFO FileSourceStrategy: Pushed Filters:
[2026-01-29T16:42:54.250+0530] {subprocess.py:106} INFO - 26/01/29 16:42:54 INFO FileSourceStrategy: Post-Scan Filters:
[2026-01-29T16:42:54.252+0530] {subprocess.py:106} INFO - 26/01/29 16:42:54 INFO MemoryStore: Block broadcast_64 stored as values in memory (estimated size 350.2 KiB, free 366.0 MiB)
[2026-01-29T16:42:54.257+0530] {subprocess.py:106} INFO - 26/01/29 16:42:54 INFO MemoryStore: Block broadcast_64_piece0 stored as bytes in memory (estimated size 34.3 KiB, free 365.9 MiB)
[2026-01-29T16:42:54.257+0530] {subprocess.py:106} INFO - 26/01/29 16:42:54 INFO BlockManagerInfo: Added broadcast_64_piece0 in memory on Aishwarya92848DBDA:45083 (size: 34.3 KiB, free: 366.3 MiB)
[2026-01-29T16:42:54.258+0530] {subprocess.py:106} INFO - 26/01/29 16:42:54 INFO SparkContext: Created broadcast 64 from approxQuantile at NativeMethodAccessorImpl.java:0
[2026-01-29T16:42:54.259+0530] {subprocess.py:106} INFO - 26/01/29 16:42:54 INFO FileSourceScanExec: Planning scan with bin packing, max size: 4194304 bytes, open cost is considered as scanning 4194304 bytes.
[2026-01-29T16:42:54.268+0530] {subprocess.py:106} INFO - 26/01/29 16:42:54 INFO SparkContext: Starting job: approxQuantile at NativeMethodAccessorImpl.java:0
[2026-01-29T16:42:54.269+0530] {subprocess.py:106} INFO - 26/01/29 16:42:54 INFO DAGScheduler: Got job 37 (approxQuantile at NativeMethodAccessorImpl.java:0) with 2 output partitions
[2026-01-29T16:42:54.269+0530] {subprocess.py:106} INFO - 26/01/29 16:42:54 INFO DAGScheduler: Final stage: ResultStage 47 (approxQuantile at NativeMethodAccessorImpl.java:0)
[2026-01-29T16:42:54.269+0530] {subprocess.py:106} INFO - 26/01/29 16:42:54 INFO DAGScheduler: Parents of final stage: List()
[2026-01-29T16:42:54.269+0530] {subprocess.py:106} INFO - 26/01/29 16:42:54 INFO DAGScheduler: Missing parents: List()
[2026-01-29T16:42:54.269+0530] {subprocess.py:106} INFO - 26/01/29 16:42:54 INFO DAGScheduler: Submitting ResultStage 47 (MapPartitionsRDD[173] at approxQuantile at NativeMethodAccessorImpl.java:0), which has no missing parents
[2026-01-29T16:42:54.272+0530] {subprocess.py:106} INFO - 26/01/29 16:42:54 INFO MemoryStore: Block broadcast_65 stored as values in memory (estimated size 20.0 KiB, free 365.9 MiB)
[2026-01-29T16:42:54.273+0530] {subprocess.py:106} INFO - 26/01/29 16:42:54 INFO MemoryStore: Block broadcast_65_piece0 stored as bytes in memory (estimated size 9.5 KiB, free 365.9 MiB)
[2026-01-29T16:42:54.273+0530] {subprocess.py:106} INFO - 26/01/29 16:42:54 INFO BlockManagerInfo: Added broadcast_65_piece0 in memory on Aishwarya92848DBDA:45083 (size: 9.5 KiB, free: 366.3 MiB)
[2026-01-29T16:42:54.274+0530] {subprocess.py:106} INFO - 26/01/29 16:42:54 INFO SparkContext: Created broadcast 65 from broadcast at DAGScheduler.scala:1585
[2026-01-29T16:42:54.274+0530] {subprocess.py:106} INFO - 26/01/29 16:42:54 INFO DAGScheduler: Submitting 2 missing tasks from ResultStage 47 (MapPartitionsRDD[173] at approxQuantile at NativeMethodAccessorImpl.java:0) (first 15 tasks are for partitions Vector(0, 1))
[2026-01-29T16:42:54.274+0530] {subprocess.py:106} INFO - 26/01/29 16:42:54 INFO TaskSchedulerImpl: Adding task set 47.0 with 2 tasks resource profile 0
[2026-01-29T16:42:54.275+0530] {subprocess.py:106} INFO - 26/01/29 16:42:54 INFO TaskSetManager: Starting task 0.0 in stage 47.0 (TID 62) (Aishwarya92848DBDA, executor driver, partition 0, NODE_LOCAL, 8241 bytes)
[2026-01-29T16:42:54.275+0530] {subprocess.py:106} INFO - 26/01/29 16:42:54 INFO TaskSetManager: Starting task 1.0 in stage 47.0 (TID 63) (Aishwarya92848DBDA, executor driver, partition 1, NODE_LOCAL, 8241 bytes)
[2026-01-29T16:42:54.276+0530] {subprocess.py:106} INFO - 26/01/29 16:42:54 INFO Executor: Running task 0.0 in stage 47.0 (TID 62)
[2026-01-29T16:42:54.276+0530] {subprocess.py:106} INFO - 26/01/29 16:42:54 INFO Executor: Running task 1.0 in stage 47.0 (TID 63)
[2026-01-29T16:42:54.279+0530] {subprocess.py:106} INFO - 26/01/29 16:42:54 INFO FileScanRDD: Reading File path: hdfs://localhost:9000/weather/data/raw_data/weather_dataset.csv, range: 4194304-6329103, partition values: [empty row]
[2026-01-29T16:42:54.279+0530] {subprocess.py:106} INFO - 26/01/29 16:42:54 INFO FileScanRDD: Reading File path: hdfs://localhost:9000/weather/data/raw_data/weather_dataset.csv, range: 0-4194304, partition values: [empty row]
[2026-01-29T16:42:54.333+0530] {subprocess.py:106} INFO - 26/01/29 16:42:54 INFO Executor: Finished task 1.0 in stage 47.0 (TID 63). 8093 bytes result sent to driver
[2026-01-29T16:42:54.334+0530] {subprocess.py:106} INFO - 26/01/29 16:42:54 INFO TaskSetManager: Finished task 1.0 in stage 47.0 (TID 63) in 59 ms on Aishwarya92848DBDA (executor driver) (1/2)
[2026-01-29T16:42:54.384+0530] {subprocess.py:106} INFO - 26/01/29 16:42:54 INFO Executor: Finished task 0.0 in stage 47.0 (TID 62). 6163 bytes result sent to driver
[2026-01-29T16:42:54.385+0530] {subprocess.py:106} INFO - 26/01/29 16:42:54 INFO TaskSetManager: Finished task 0.0 in stage 47.0 (TID 62) in 109 ms on Aishwarya92848DBDA (executor driver) (2/2)
[2026-01-29T16:42:54.385+0530] {subprocess.py:106} INFO - 26/01/29 16:42:54 INFO TaskSchedulerImpl: Removed TaskSet 47.0, whose tasks have all completed, from pool
[2026-01-29T16:42:54.385+0530] {subprocess.py:106} INFO - 26/01/29 16:42:54 INFO DAGScheduler: ResultStage 47 (approxQuantile at NativeMethodAccessorImpl.java:0) finished in 0.115 s
[2026-01-29T16:42:54.386+0530] {subprocess.py:106} INFO - 26/01/29 16:42:54 INFO DAGScheduler: Job 37 is finished. Cancelling potential speculative or zombie tasks for this job
[2026-01-29T16:42:54.386+0530] {subprocess.py:106} INFO - 26/01/29 16:42:54 INFO TaskSchedulerImpl: Killing all running tasks in stage 47: Stage finished
[2026-01-29T16:42:54.386+0530] {subprocess.py:106} INFO - 26/01/29 16:42:54 INFO DAGScheduler: Job 37 finished: approxQuantile at NativeMethodAccessorImpl.java:0, took 0.117574 s
[2026-01-29T16:42:54.483+0530] {subprocess.py:106} INFO - 26/01/29 16:42:54 INFO FileSourceStrategy: Pushed Filters:
[2026-01-29T16:42:54.483+0530] {subprocess.py:106} INFO - 26/01/29 16:42:54 INFO FileSourceStrategy: Post-Scan Filters:
[2026-01-29T16:42:54.496+0530] {subprocess.py:106} INFO - 26/01/29 16:42:54 INFO CodeGenerator: Code generated in 6.48477 ms
[2026-01-29T16:42:54.497+0530] {subprocess.py:106} INFO - 26/01/29 16:42:54 INFO MemoryStore: Block broadcast_66 stored as values in memory (estimated size 350.2 KiB, free 365.6 MiB)
[2026-01-29T16:42:54.502+0530] {subprocess.py:106} INFO - 26/01/29 16:42:54 INFO MemoryStore: Block broadcast_66_piece0 stored as bytes in memory (estimated size 34.3 KiB, free 365.5 MiB)
[2026-01-29T16:42:54.503+0530] {subprocess.py:106} INFO - 26/01/29 16:42:54 INFO BlockManagerInfo: Added broadcast_66_piece0 in memory on Aishwarya92848DBDA:45083 (size: 34.3 KiB, free: 366.2 MiB)
[2026-01-29T16:42:54.503+0530] {subprocess.py:106} INFO - 26/01/29 16:42:54 INFO SparkContext: Created broadcast 66 from approxQuantile at NativeMethodAccessorImpl.java:0
[2026-01-29T16:42:54.504+0530] {subprocess.py:106} INFO - 26/01/29 16:42:54 INFO FileSourceScanExec: Planning scan with bin packing, max size: 4194304 bytes, open cost is considered as scanning 4194304 bytes.
[2026-01-29T16:42:54.514+0530] {subprocess.py:106} INFO - 26/01/29 16:42:54 INFO SparkContext: Starting job: approxQuantile at NativeMethodAccessorImpl.java:0
[2026-01-29T16:42:54.514+0530] {subprocess.py:106} INFO - 26/01/29 16:42:54 INFO DAGScheduler: Got job 38 (approxQuantile at NativeMethodAccessorImpl.java:0) with 2 output partitions
[2026-01-29T16:42:54.514+0530] {subprocess.py:106} INFO - 26/01/29 16:42:54 INFO DAGScheduler: Final stage: ResultStage 48 (approxQuantile at NativeMethodAccessorImpl.java:0)
[2026-01-29T16:42:54.515+0530] {subprocess.py:106} INFO - 26/01/29 16:42:54 INFO DAGScheduler: Parents of final stage: List()
[2026-01-29T16:42:54.515+0530] {subprocess.py:106} INFO - 26/01/29 16:42:54 INFO DAGScheduler: Missing parents: List()
[2026-01-29T16:42:54.515+0530] {subprocess.py:106} INFO - 26/01/29 16:42:54 INFO DAGScheduler: Submitting ResultStage 48 (MapPartitionsRDD[180] at approxQuantile at NativeMethodAccessorImpl.java:0), which has no missing parents
[2026-01-29T16:42:54.530+0530] {subprocess.py:106} INFO - 26/01/29 16:42:54 INFO MemoryStore: Block broadcast_67 stored as values in memory (estimated size 32.9 KiB, free 365.5 MiB)
[2026-01-29T16:42:54.531+0530] {subprocess.py:106} INFO - 26/01/29 16:42:54 INFO MemoryStore: Block broadcast_67_piece0 stored as bytes in memory (estimated size 15.2 KiB, free 365.5 MiB)
[2026-01-29T16:42:54.531+0530] {subprocess.py:106} INFO - 26/01/29 16:42:54 INFO BlockManagerInfo: Added broadcast_67_piece0 in memory on Aishwarya92848DBDA:45083 (size: 15.2 KiB, free: 366.2 MiB)
[2026-01-29T16:42:54.532+0530] {subprocess.py:106} INFO - 26/01/29 16:42:54 INFO SparkContext: Created broadcast 67 from broadcast at DAGScheduler.scala:1585
[2026-01-29T16:42:54.532+0530] {subprocess.py:106} INFO - 26/01/29 16:42:54 INFO DAGScheduler: Submitting 2 missing tasks from ResultStage 48 (MapPartitionsRDD[180] at approxQuantile at NativeMethodAccessorImpl.java:0) (first 15 tasks are for partitions Vector(0, 1))
[2026-01-29T16:42:54.532+0530] {subprocess.py:106} INFO - 26/01/29 16:42:54 INFO TaskSchedulerImpl: Adding task set 48.0 with 2 tasks resource profile 0
[2026-01-29T16:42:54.533+0530] {subprocess.py:106} INFO - 26/01/29 16:42:54 INFO TaskSetManager: Starting task 0.0 in stage 48.0 (TID 64) (Aishwarya92848DBDA, executor driver, partition 0, NODE_LOCAL, 8241 bytes)
[2026-01-29T16:42:54.533+0530] {subprocess.py:106} INFO - 26/01/29 16:42:54 INFO TaskSetManager: Starting task 1.0 in stage 48.0 (TID 65) (Aishwarya92848DBDA, executor driver, partition 1, NODE_LOCAL, 8241 bytes)
[2026-01-29T16:42:54.534+0530] {subprocess.py:106} INFO - 26/01/29 16:42:54 INFO Executor: Running task 0.0 in stage 48.0 (TID 64)
[2026-01-29T16:42:54.534+0530] {subprocess.py:106} INFO - 26/01/29 16:42:54 INFO Executor: Running task 1.0 in stage 48.0 (TID 65)
[2026-01-29T16:42:54.545+0530] {subprocess.py:106} INFO - 26/01/29 16:42:54 INFO CodeGenerator: Code generated in 8.619102 ms
[2026-01-29T16:42:54.548+0530] {subprocess.py:106} INFO - 26/01/29 16:42:54 INFO FileScanRDD: Reading File path: hdfs://localhost:9000/weather/data/raw_data/weather_dataset.csv, range: 4194304-6329103, partition values: [empty row]
[2026-01-29T16:42:54.548+0530] {subprocess.py:106} INFO - 26/01/29 16:42:54 INFO FileScanRDD: Reading File path: hdfs://localhost:9000/weather/data/raw_data/weather_dataset.csv, range: 0-4194304, partition values: [empty row]
[2026-01-29T16:42:54.600+0530] {subprocess.py:106} INFO - 26/01/29 16:42:54 INFO BlockManagerInfo: Removed broadcast_64_piece0 on Aishwarya92848DBDA:45083 in memory (size: 34.3 KiB, free: 366.2 MiB)
[2026-01-29T16:42:54.601+0530] {subprocess.py:106} INFO - 26/01/29 16:42:54 INFO BlockManagerInfo: Removed broadcast_65_piece0 on Aishwarya92848DBDA:45083 in memory (size: 9.5 KiB, free: 366.3 MiB)
[2026-01-29T16:42:54.629+0530] {subprocess.py:106} INFO - 26/01/29 16:42:54 INFO Executor: Finished task 1.0 in stage 48.0 (TID 65). 8204 bytes result sent to driver
[2026-01-29T16:42:54.630+0530] {subprocess.py:106} INFO - 26/01/29 16:42:54 INFO TaskSetManager: Finished task 1.0 in stage 48.0 (TID 65) in 97 ms on Aishwarya92848DBDA (executor driver) (1/2)
[2026-01-29T16:42:54.672+0530] {subprocess.py:106} INFO - 26/01/29 16:42:54 INFO Executor: Finished task 0.0 in stage 48.0 (TID 64). 8054 bytes result sent to driver
[2026-01-29T16:42:54.673+0530] {subprocess.py:106} INFO - 26/01/29 16:42:54 INFO TaskSetManager: Finished task 0.0 in stage 48.0 (TID 64) in 140 ms on Aishwarya92848DBDA (executor driver) (2/2)
[2026-01-29T16:42:54.673+0530] {subprocess.py:106} INFO - 26/01/29 16:42:54 INFO TaskSchedulerImpl: Removed TaskSet 48.0, whose tasks have all completed, from pool
[2026-01-29T16:42:54.674+0530] {subprocess.py:106} INFO - 26/01/29 16:42:54 INFO DAGScheduler: ResultStage 48 (approxQuantile at NativeMethodAccessorImpl.java:0) finished in 0.158 s
[2026-01-29T16:42:54.674+0530] {subprocess.py:106} INFO - 26/01/29 16:42:54 INFO DAGScheduler: Job 38 is finished. Cancelling potential speculative or zombie tasks for this job
[2026-01-29T16:42:54.674+0530] {subprocess.py:106} INFO - 26/01/29 16:42:54 INFO TaskSchedulerImpl: Killing all running tasks in stage 48: Stage finished
[2026-01-29T16:42:54.674+0530] {subprocess.py:106} INFO - 26/01/29 16:42:54 INFO DAGScheduler: Job 38 finished: approxQuantile at NativeMethodAccessorImpl.java:0, took 0.160642 s
[2026-01-29T16:42:54.739+0530] {subprocess.py:106} INFO - 26/01/29 16:42:54 INFO FileSourceStrategy: Pushed Filters:
[2026-01-29T16:42:54.740+0530] {subprocess.py:106} INFO - 26/01/29 16:42:54 INFO FileSourceStrategy: Post-Scan Filters: (CASE WHEN (temperature_2m_max#19 < 18.949999999999996) THEN false WHEN (temperature_2m_max#19 > 42.550000000000004) THEN false ELSE (temperature_2m_max#19 < 18.949999999999996) END OR CASE WHEN (temperature_2m_max#19 < 18.949999999999996) THEN false WHEN (temperature_2m_max#19 > 42.550000000000004) THEN false ELSE (temperature_2m_max#19 > 42.550000000000004) END)
[2026-01-29T16:42:54.761+0530] {subprocess.py:106} INFO - 26/01/29 16:42:54 INFO CodeGenerator: Code generated in 9.495844 ms
[2026-01-29T16:42:54.762+0530] {subprocess.py:106} INFO - 26/01/29 16:42:54 INFO MemoryStore: Block broadcast_68 stored as values in memory (estimated size 350.2 KiB, free 365.5 MiB)
[2026-01-29T16:42:54.767+0530] {subprocess.py:106} INFO - 26/01/29 16:42:54 INFO MemoryStore: Block broadcast_68_piece0 stored as bytes in memory (estimated size 34.3 KiB, free 365.5 MiB)
[2026-01-29T16:42:54.768+0530] {subprocess.py:106} INFO - 26/01/29 16:42:54 INFO BlockManagerInfo: Added broadcast_68_piece0 in memory on Aishwarya92848DBDA:45083 (size: 34.3 KiB, free: 366.2 MiB)
[2026-01-29T16:42:54.768+0530] {subprocess.py:106} INFO - 26/01/29 16:42:54 INFO SparkContext: Created broadcast 68 from count at NativeMethodAccessorImpl.java:0
[2026-01-29T16:42:54.769+0530] {subprocess.py:106} INFO - 26/01/29 16:42:54 INFO FileSourceScanExec: Planning scan with bin packing, max size: 4194304 bytes, open cost is considered as scanning 4194304 bytes.
[2026-01-29T16:42:54.772+0530] {subprocess.py:106} INFO - 26/01/29 16:42:54 INFO DAGScheduler: Registering RDD 184 (count at NativeMethodAccessorImpl.java:0) as input to shuffle 10
[2026-01-29T16:42:54.772+0530] {subprocess.py:106} INFO - 26/01/29 16:42:54 INFO DAGScheduler: Got map stage job 39 (count at NativeMethodAccessorImpl.java:0) with 2 output partitions
[2026-01-29T16:42:54.773+0530] {subprocess.py:106} INFO - 26/01/29 16:42:54 INFO DAGScheduler: Final stage: ShuffleMapStage 49 (count at NativeMethodAccessorImpl.java:0)
[2026-01-29T16:42:54.773+0530] {subprocess.py:106} INFO - 26/01/29 16:42:54 INFO DAGScheduler: Parents of final stage: List()
[2026-01-29T16:42:54.773+0530] {subprocess.py:106} INFO - 26/01/29 16:42:54 INFO DAGScheduler: Missing parents: List()
[2026-01-29T16:42:54.773+0530] {subprocess.py:106} INFO - 26/01/29 16:42:54 INFO DAGScheduler: Submitting ShuffleMapStage 49 (MapPartitionsRDD[184] at count at NativeMethodAccessorImpl.java:0), which has no missing parents
[2026-01-29T16:42:54.775+0530] {subprocess.py:106} INFO - 26/01/29 16:42:54 INFO MemoryStore: Block broadcast_69 stored as values in memory (estimated size 22.1 KiB, free 365.5 MiB)
[2026-01-29T16:42:54.776+0530] {subprocess.py:106} INFO - 26/01/29 16:42:54 INFO MemoryStore: Block broadcast_69_piece0 stored as bytes in memory (estimated size 10.0 KiB, free 365.5 MiB)
[2026-01-29T16:42:54.776+0530] {subprocess.py:106} INFO - 26/01/29 16:42:54 INFO BlockManagerInfo: Added broadcast_69_piece0 in memory on Aishwarya92848DBDA:45083 (size: 10.0 KiB, free: 366.2 MiB)
[2026-01-29T16:42:54.777+0530] {subprocess.py:106} INFO - 26/01/29 16:42:54 INFO SparkContext: Created broadcast 69 from broadcast at DAGScheduler.scala:1585
[2026-01-29T16:42:54.780+0530] {subprocess.py:106} INFO - 26/01/29 16:42:54 INFO DAGScheduler: Submitting 2 missing tasks from ShuffleMapStage 49 (MapPartitionsRDD[184] at count at NativeMethodAccessorImpl.java:0) (first 15 tasks are for partitions Vector(0, 1))
[2026-01-29T16:42:54.781+0530] {subprocess.py:106} INFO - 26/01/29 16:42:54 INFO TaskSchedulerImpl: Adding task set 49.0 with 2 tasks resource profile 0
[2026-01-29T16:42:54.781+0530] {subprocess.py:106} INFO - 26/01/29 16:42:54 INFO TaskSetManager: Starting task 0.0 in stage 49.0 (TID 66) (Aishwarya92848DBDA, executor driver, partition 0, NODE_LOCAL, 8230 bytes)
[2026-01-29T16:42:54.782+0530] {subprocess.py:106} INFO - 26/01/29 16:42:54 INFO TaskSetManager: Starting task 1.0 in stage 49.0 (TID 67) (Aishwarya92848DBDA, executor driver, partition 1, NODE_LOCAL, 8230 bytes)
[2026-01-29T16:42:54.782+0530] {subprocess.py:106} INFO - 26/01/29 16:42:54 INFO Executor: Running task 0.0 in stage 49.0 (TID 66)
[2026-01-29T16:42:54.783+0530] {subprocess.py:106} INFO - 26/01/29 16:42:54 INFO Executor: Running task 1.0 in stage 49.0 (TID 67)
[2026-01-29T16:42:54.797+0530] {subprocess.py:106} INFO - 26/01/29 16:42:54 INFO CodeGenerator: Code generated in 10.943842 ms
[2026-01-29T16:42:54.798+0530] {subprocess.py:106} INFO - 26/01/29 16:42:54 INFO FileScanRDD: Reading File path: hdfs://localhost:9000/weather/data/raw_data/weather_dataset.csv, range: 4194304-6329103, partition values: [empty row]
[2026-01-29T16:42:54.798+0530] {subprocess.py:106} INFO - 26/01/29 16:42:54 INFO FileScanRDD: Reading File path: hdfs://localhost:9000/weather/data/raw_data/weather_dataset.csv, range: 0-4194304, partition values: [empty row]
[2026-01-29T16:42:54.859+0530] {subprocess.py:106} INFO - 26/01/29 16:42:54 INFO Executor: Finished task 1.0 in stage 49.0 (TID 67). 1990 bytes result sent to driver
[2026-01-29T16:42:54.860+0530] {subprocess.py:106} INFO - 26/01/29 16:42:54 INFO TaskSetManager: Finished task 1.0 in stage 49.0 (TID 67) in 78 ms on Aishwarya92848DBDA (executor driver) (1/2)
[2026-01-29T16:42:54.892+0530] {subprocess.py:106} INFO - 26/01/29 16:42:54 INFO Executor: Finished task 0.0 in stage 49.0 (TID 66). 1990 bytes result sent to driver
[2026-01-29T16:42:54.893+0530] {subprocess.py:106} INFO - 26/01/29 16:42:54 INFO TaskSetManager: Finished task 0.0 in stage 49.0 (TID 66) in 112 ms on Aishwarya92848DBDA (executor driver) (2/2)
[2026-01-29T16:42:54.893+0530] {subprocess.py:106} INFO - 26/01/29 16:42:54 INFO TaskSchedulerImpl: Removed TaskSet 49.0, whose tasks have all completed, from pool
[2026-01-29T16:42:54.893+0530] {subprocess.py:106} INFO - 26/01/29 16:42:54 INFO DAGScheduler: ShuffleMapStage 49 (count at NativeMethodAccessorImpl.java:0) finished in 0.120 s
[2026-01-29T16:42:54.894+0530] {subprocess.py:106} INFO - 26/01/29 16:42:54 INFO DAGScheduler: looking for newly runnable stages
[2026-01-29T16:42:54.894+0530] {subprocess.py:106} INFO - 26/01/29 16:42:54 INFO DAGScheduler: running: Set()
[2026-01-29T16:42:54.894+0530] {subprocess.py:106} INFO - 26/01/29 16:42:54 INFO DAGScheduler: waiting: Set()
[2026-01-29T16:42:54.894+0530] {subprocess.py:106} INFO - 26/01/29 16:42:54 INFO DAGScheduler: failed: Set()
[2026-01-29T16:42:54.904+0530] {subprocess.py:106} INFO - 26/01/29 16:42:54 INFO SparkContext: Starting job: count at NativeMethodAccessorImpl.java:0
[2026-01-29T16:42:54.905+0530] {subprocess.py:106} INFO - 26/01/29 16:42:54 INFO DAGScheduler: Got job 40 (count at NativeMethodAccessorImpl.java:0) with 1 output partitions
[2026-01-29T16:42:54.905+0530] {subprocess.py:106} INFO - 26/01/29 16:42:54 INFO DAGScheduler: Final stage: ResultStage 51 (count at NativeMethodAccessorImpl.java:0)
[2026-01-29T16:42:54.905+0530] {subprocess.py:106} INFO - 26/01/29 16:42:54 INFO DAGScheduler: Parents of final stage: List(ShuffleMapStage 50)
[2026-01-29T16:42:54.905+0530] {subprocess.py:106} INFO - 26/01/29 16:42:54 INFO DAGScheduler: Missing parents: List()
[2026-01-29T16:42:54.905+0530] {subprocess.py:106} INFO - 26/01/29 16:42:54 INFO DAGScheduler: Submitting ResultStage 51 (MapPartitionsRDD[187] at count at NativeMethodAccessorImpl.java:0), which has no missing parents
[2026-01-29T16:42:54.906+0530] {subprocess.py:106} INFO - 26/01/29 16:42:54 INFO MemoryStore: Block broadcast_70 stored as values in memory (estimated size 12.5 KiB, free 365.5 MiB)
[2026-01-29T16:42:54.907+0530] {subprocess.py:106} INFO - 26/01/29 16:42:54 INFO MemoryStore: Block broadcast_70_piece0 stored as bytes in memory (estimated size 5.9 KiB, free 365.5 MiB)
[2026-01-29T16:42:54.907+0530] {subprocess.py:106} INFO - 26/01/29 16:42:54 INFO BlockManagerInfo: Added broadcast_70_piece0 in memory on Aishwarya92848DBDA:45083 (size: 5.9 KiB, free: 366.2 MiB)
[2026-01-29T16:42:54.907+0530] {subprocess.py:106} INFO - 26/01/29 16:42:54 INFO SparkContext: Created broadcast 70 from broadcast at DAGScheduler.scala:1585
[2026-01-29T16:42:54.908+0530] {subprocess.py:106} INFO - 26/01/29 16:42:54 INFO DAGScheduler: Submitting 1 missing tasks from ResultStage 51 (MapPartitionsRDD[187] at count at NativeMethodAccessorImpl.java:0) (first 15 tasks are for partitions Vector(0))
[2026-01-29T16:42:54.908+0530] {subprocess.py:106} INFO - 26/01/29 16:42:54 INFO TaskSchedulerImpl: Adding task set 51.0 with 1 tasks resource profile 0
[2026-01-29T16:42:54.908+0530] {subprocess.py:106} INFO - 26/01/29 16:42:54 INFO TaskSetManager: Starting task 0.0 in stage 51.0 (TID 68) (Aishwarya92848DBDA, executor driver, partition 0, NODE_LOCAL, 7615 bytes)
[2026-01-29T16:42:54.909+0530] {subprocess.py:106} INFO - 26/01/29 16:42:54 INFO Executor: Running task 0.0 in stage 51.0 (TID 68)
[2026-01-29T16:42:54.911+0530] {subprocess.py:106} INFO - 26/01/29 16:42:54 INFO ShuffleBlockFetcherIterator: Getting 2 (120.0 B) non-empty blocks including 2 (120.0 B) local and 0 (0.0 B) host-local and 0 (0.0 B) push-merged-local and 0 (0.0 B) remote blocks
[2026-01-29T16:42:54.911+0530] {subprocess.py:106} INFO - 26/01/29 16:42:54 INFO ShuffleBlockFetcherIterator: Started 0 remote fetches in 0 ms
[2026-01-29T16:42:54.912+0530] {subprocess.py:106} INFO - 26/01/29 16:42:54 INFO Executor: Finished task 0.0 in stage 51.0 (TID 68). 3988 bytes result sent to driver
[2026-01-29T16:42:54.913+0530] {subprocess.py:106} INFO - 26/01/29 16:42:54 INFO TaskSetManager: Finished task 0.0 in stage 51.0 (TID 68) in 5 ms on Aishwarya92848DBDA (executor driver) (1/1)
[2026-01-29T16:42:54.913+0530] {subprocess.py:106} INFO - 26/01/29 16:42:54 INFO TaskSchedulerImpl: Removed TaskSet 51.0, whose tasks have all completed, from pool
[2026-01-29T16:42:54.914+0530] {subprocess.py:106} INFO - 26/01/29 16:42:54 INFO DAGScheduler: ResultStage 51 (count at NativeMethodAccessorImpl.java:0) finished in 0.008 s
[2026-01-29T16:42:54.914+0530] {subprocess.py:106} INFO - 26/01/29 16:42:54 INFO DAGScheduler: Job 40 is finished. Cancelling potential speculative or zombie tasks for this job
[2026-01-29T16:42:54.914+0530] {subprocess.py:106} INFO - 26/01/29 16:42:54 INFO TaskSchedulerImpl: Killing all running tasks in stage 51: Stage finished
[2026-01-29T16:42:54.915+0530] {subprocess.py:106} INFO - 26/01/29 16:42:54 INFO DAGScheduler: Job 40 finished: count at NativeMethodAccessorImpl.java:0, took 0.009853 s
[2026-01-29T16:42:54.915+0530] {subprocess.py:106} INFO - temperature_2m_max: Outliers after handling = 0
[2026-01-29T16:42:54.933+0530] {subprocess.py:106} INFO - 26/01/29 16:42:54 INFO FileSourceStrategy: Pushed Filters:
[2026-01-29T16:42:54.933+0530] {subprocess.py:106} INFO - 26/01/29 16:42:54 INFO FileSourceStrategy: Post-Scan Filters:
[2026-01-29T16:42:54.942+0530] {subprocess.py:106} INFO - 26/01/29 16:42:54 INFO CodeGenerator: Code generated in 6.06538 ms
[2026-01-29T16:42:54.943+0530] {subprocess.py:106} INFO - 26/01/29 16:42:54 INFO MemoryStore: Block broadcast_71 stored as values in memory (estimated size 350.2 KiB, free 365.1 MiB)
[2026-01-29T16:42:54.948+0530] {subprocess.py:106} INFO - 26/01/29 16:42:54 INFO MemoryStore: Block broadcast_71_piece0 stored as bytes in memory (estimated size 34.3 KiB, free 365.1 MiB)
[2026-01-29T16:42:54.949+0530] {subprocess.py:106} INFO - 26/01/29 16:42:54 INFO BlockManagerInfo: Added broadcast_71_piece0 in memory on Aishwarya92848DBDA:45083 (size: 34.3 KiB, free: 366.2 MiB)
[2026-01-29T16:42:54.949+0530] {subprocess.py:106} INFO - 26/01/29 16:42:54 INFO SparkContext: Created broadcast 71 from approxQuantile at <unknown>:0
[2026-01-29T16:42:54.949+0530] {subprocess.py:106} INFO - 26/01/29 16:42:54 INFO FileSourceScanExec: Planning scan with bin packing, max size: 4194304 bytes, open cost is considered as scanning 4194304 bytes.
[2026-01-29T16:42:54.959+0530] {subprocess.py:106} INFO - 26/01/29 16:42:54 INFO SparkContext: Starting job: approxQuantile at <unknown>:0
[2026-01-29T16:42:54.960+0530] {subprocess.py:106} INFO - 26/01/29 16:42:54 INFO DAGScheduler: Got job 41 (approxQuantile at <unknown>:0) with 2 output partitions
[2026-01-29T16:42:54.960+0530] {subprocess.py:106} INFO - 26/01/29 16:42:54 INFO DAGScheduler: Final stage: ResultStage 52 (approxQuantile at <unknown>:0)
[2026-01-29T16:42:54.960+0530] {subprocess.py:106} INFO - 26/01/29 16:42:54 INFO DAGScheduler: Parents of final stage: List()
[2026-01-29T16:42:54.960+0530] {subprocess.py:106} INFO - 26/01/29 16:42:54 INFO DAGScheduler: Missing parents: List()
[2026-01-29T16:42:54.960+0530] {subprocess.py:106} INFO - 26/01/29 16:42:54 INFO DAGScheduler: Submitting ResultStage 52 (MapPartitionsRDD[194] at approxQuantile at <unknown>:0), which has no missing parents
[2026-01-29T16:42:54.965+0530] {subprocess.py:106} INFO - 26/01/29 16:42:54 INFO MemoryStore: Block broadcast_72 stored as values in memory (estimated size 32.8 KiB, free 365.0 MiB)
[2026-01-29T16:42:54.966+0530] {subprocess.py:106} INFO - 26/01/29 16:42:54 INFO MemoryStore: Block broadcast_72_piece0 stored as bytes in memory (estimated size 15.2 KiB, free 365.0 MiB)
[2026-01-29T16:42:54.966+0530] {subprocess.py:106} INFO - 26/01/29 16:42:54 INFO BlockManagerInfo: Added broadcast_72_piece0 in memory on Aishwarya92848DBDA:45083 (size: 15.2 KiB, free: 366.2 MiB)
[2026-01-29T16:42:54.967+0530] {subprocess.py:106} INFO - 26/01/29 16:42:54 INFO SparkContext: Created broadcast 72 from broadcast at DAGScheduler.scala:1585
[2026-01-29T16:42:54.967+0530] {subprocess.py:106} INFO - 26/01/29 16:42:54 INFO DAGScheduler: Submitting 2 missing tasks from ResultStage 52 (MapPartitionsRDD[194] at approxQuantile at <unknown>:0) (first 15 tasks are for partitions Vector(0, 1))
[2026-01-29T16:42:54.967+0530] {subprocess.py:106} INFO - 26/01/29 16:42:54 INFO TaskSchedulerImpl: Adding task set 52.0 with 2 tasks resource profile 0
[2026-01-29T16:42:54.968+0530] {subprocess.py:106} INFO - 26/01/29 16:42:54 INFO TaskSetManager: Starting task 0.0 in stage 52.0 (TID 69) (Aishwarya92848DBDA, executor driver, partition 0, NODE_LOCAL, 8241 bytes)
[2026-01-29T16:42:54.968+0530] {subprocess.py:106} INFO - 26/01/29 16:42:54 INFO TaskSetManager: Starting task 1.0 in stage 52.0 (TID 70) (Aishwarya92848DBDA, executor driver, partition 1, NODE_LOCAL, 8241 bytes)
[2026-01-29T16:42:54.968+0530] {subprocess.py:106} INFO - 26/01/29 16:42:54 INFO Executor: Running task 0.0 in stage 52.0 (TID 69)
[2026-01-29T16:42:54.968+0530] {subprocess.py:106} INFO - 26/01/29 16:42:54 INFO Executor: Running task 1.0 in stage 52.0 (TID 70)
[2026-01-29T16:42:54.977+0530] {subprocess.py:106} INFO - 26/01/29 16:42:54 INFO CodeGenerator: Code generated in 6.045883 ms
[2026-01-29T16:42:54.979+0530] {subprocess.py:106} INFO - 26/01/29 16:42:54 INFO FileScanRDD: Reading File path: hdfs://localhost:9000/weather/data/raw_data/weather_dataset.csv, range: 4194304-6329103, partition values: [empty row]
[2026-01-29T16:42:54.979+0530] {subprocess.py:106} INFO - 26/01/29 16:42:54 INFO FileScanRDD: Reading File path: hdfs://localhost:9000/weather/data/raw_data/weather_dataset.csv, range: 0-4194304, partition values: [empty row]
[2026-01-29T16:42:55.002+0530] {subprocess.py:106} INFO - 26/01/29 16:42:55 INFO BlockManagerInfo: Removed broadcast_68_piece0 on Aishwarya92848DBDA:45083 in memory (size: 34.3 KiB, free: 366.2 MiB)
[2026-01-29T16:42:55.004+0530] {subprocess.py:106} INFO - 26/01/29 16:42:55 INFO BlockManagerInfo: Removed broadcast_70_piece0 on Aishwarya92848DBDA:45083 in memory (size: 5.9 KiB, free: 366.2 MiB)
[2026-01-29T16:42:55.004+0530] {subprocess.py:106} INFO - 26/01/29 16:42:55 INFO BlockManagerInfo: Removed broadcast_66_piece0 on Aishwarya92848DBDA:45083 in memory (size: 34.3 KiB, free: 366.2 MiB)
[2026-01-29T16:42:55.005+0530] {subprocess.py:106} INFO - 26/01/29 16:42:55 INFO BlockManagerInfo: Removed broadcast_69_piece0 on Aishwarya92848DBDA:45083 in memory (size: 10.0 KiB, free: 366.2 MiB)
[2026-01-29T16:42:55.006+0530] {subprocess.py:106} INFO - 26/01/29 16:42:55 INFO BlockManagerInfo: Removed broadcast_67_piece0 on Aishwarya92848DBDA:45083 in memory (size: 15.2 KiB, free: 366.3 MiB)
[2026-01-29T16:42:55.039+0530] {subprocess.py:106} INFO - 26/01/29 16:42:55 INFO Executor: Finished task 1.0 in stage 52.0 (TID 70). 8204 bytes result sent to driver
[2026-01-29T16:42:55.040+0530] {subprocess.py:106} INFO - 26/01/29 16:42:55 INFO TaskSetManager: Finished task 1.0 in stage 52.0 (TID 70) in 73 ms on Aishwarya92848DBDA (executor driver) (1/2)
[2026-01-29T16:42:55.081+0530] {subprocess.py:106} INFO - 26/01/29 16:42:55 INFO Executor: Finished task 0.0 in stage 52.0 (TID 69). 6184 bytes result sent to driver
[2026-01-29T16:42:55.081+0530] {subprocess.py:106} INFO - 26/01/29 16:42:55 INFO TaskSetManager: Finished task 0.0 in stage 52.0 (TID 69) in 114 ms on Aishwarya92848DBDA (executor driver) (2/2)
[2026-01-29T16:42:55.082+0530] {subprocess.py:106} INFO - 26/01/29 16:42:55 INFO TaskSchedulerImpl: Removed TaskSet 52.0, whose tasks have all completed, from pool
[2026-01-29T16:42:55.082+0530] {subprocess.py:106} INFO - 26/01/29 16:42:55 INFO DAGScheduler: ResultStage 52 (approxQuantile at <unknown>:0) finished in 0.121 s
[2026-01-29T16:42:55.082+0530] {subprocess.py:106} INFO - 26/01/29 16:42:55 INFO DAGScheduler: Job 41 is finished. Cancelling potential speculative or zombie tasks for this job
[2026-01-29T16:42:55.083+0530] {subprocess.py:106} INFO - 26/01/29 16:42:55 INFO TaskSchedulerImpl: Killing all running tasks in stage 52: Stage finished
[2026-01-29T16:42:55.083+0530] {subprocess.py:106} INFO - 26/01/29 16:42:55 INFO DAGScheduler: Job 41 finished: approxQuantile at <unknown>:0, took 0.123710 s
[2026-01-29T16:42:55.147+0530] {subprocess.py:106} INFO - 26/01/29 16:42:55 INFO FileSourceStrategy: Pushed Filters:
[2026-01-29T16:42:55.147+0530] {subprocess.py:106} INFO - 26/01/29 16:42:55 INFO FileSourceStrategy: Post-Scan Filters: (CASE WHEN (temperature_2m_min#20 < 7.3000000000000025) THEN false WHEN (temperature_2m_min#20 > 36.1) THEN false ELSE (temperature_2m_min#20 < 7.3000000000000025) END OR CASE WHEN (temperature_2m_min#20 < 7.3000000000000025) THEN false WHEN (temperature_2m_min#20 > 36.1) THEN false ELSE (temperature_2m_min#20 > 36.1) END)
[2026-01-29T16:42:55.169+0530] {subprocess.py:106} INFO - 26/01/29 16:42:55 INFO CodeGenerator: Code generated in 10.194702 ms
[2026-01-29T16:42:55.171+0530] {subprocess.py:106} INFO - 26/01/29 16:42:55 INFO MemoryStore: Block broadcast_73 stored as values in memory (estimated size 350.2 KiB, free 365.5 MiB)
[2026-01-29T16:42:55.177+0530] {subprocess.py:106} INFO - 26/01/29 16:42:55 INFO MemoryStore: Block broadcast_73_piece0 stored as bytes in memory (estimated size 34.3 KiB, free 365.5 MiB)
[2026-01-29T16:42:55.178+0530] {subprocess.py:106} INFO - 26/01/29 16:42:55 INFO BlockManagerInfo: Added broadcast_73_piece0 in memory on Aishwarya92848DBDA:45083 (size: 34.3 KiB, free: 366.2 MiB)
[2026-01-29T16:42:55.178+0530] {subprocess.py:106} INFO - 26/01/29 16:42:55 INFO SparkContext: Created broadcast 73 from count at NativeMethodAccessorImpl.java:0
[2026-01-29T16:42:55.179+0530] {subprocess.py:106} INFO - 26/01/29 16:42:55 INFO FileSourceScanExec: Planning scan with bin packing, max size: 4194304 bytes, open cost is considered as scanning 4194304 bytes.
[2026-01-29T16:42:55.183+0530] {subprocess.py:106} INFO - 26/01/29 16:42:55 INFO DAGScheduler: Registering RDD 198 (count at NativeMethodAccessorImpl.java:0) as input to shuffle 11
[2026-01-29T16:42:55.183+0530] {subprocess.py:106} INFO - 26/01/29 16:42:55 INFO DAGScheduler: Got map stage job 42 (count at NativeMethodAccessorImpl.java:0) with 2 output partitions
[2026-01-29T16:42:55.183+0530] {subprocess.py:106} INFO - 26/01/29 16:42:55 INFO DAGScheduler: Final stage: ShuffleMapStage 53 (count at NativeMethodAccessorImpl.java:0)
[2026-01-29T16:42:55.184+0530] {subprocess.py:106} INFO - 26/01/29 16:42:55 INFO DAGScheduler: Parents of final stage: List()
[2026-01-29T16:42:55.184+0530] {subprocess.py:106} INFO - 26/01/29 16:42:55 INFO DAGScheduler: Missing parents: List()
[2026-01-29T16:42:55.184+0530] {subprocess.py:106} INFO - 26/01/29 16:42:55 INFO DAGScheduler: Submitting ShuffleMapStage 53 (MapPartitionsRDD[198] at count at NativeMethodAccessorImpl.java:0), which has no missing parents
[2026-01-29T16:42:55.186+0530] {subprocess.py:106} INFO - 26/01/29 16:42:55 INFO MemoryStore: Block broadcast_74 stored as values in memory (estimated size 22.1 KiB, free 365.5 MiB)
[2026-01-29T16:42:55.187+0530] {subprocess.py:106} INFO - 26/01/29 16:42:55 INFO MemoryStore: Block broadcast_74_piece0 stored as bytes in memory (estimated size 10.0 KiB, free 365.5 MiB)
[2026-01-29T16:42:55.188+0530] {subprocess.py:106} INFO - 26/01/29 16:42:55 INFO BlockManagerInfo: Added broadcast_74_piece0 in memory on Aishwarya92848DBDA:45083 (size: 10.0 KiB, free: 366.2 MiB)
[2026-01-29T16:42:55.188+0530] {subprocess.py:106} INFO - 26/01/29 16:42:55 INFO SparkContext: Created broadcast 74 from broadcast at DAGScheduler.scala:1585
[2026-01-29T16:42:55.189+0530] {subprocess.py:106} INFO - 26/01/29 16:42:55 INFO DAGScheduler: Submitting 2 missing tasks from ShuffleMapStage 53 (MapPartitionsRDD[198] at count at NativeMethodAccessorImpl.java:0) (first 15 tasks are for partitions Vector(0, 1))
[2026-01-29T16:42:55.189+0530] {subprocess.py:106} INFO - 26/01/29 16:42:55 INFO TaskSchedulerImpl: Adding task set 53.0 with 2 tasks resource profile 0
[2026-01-29T16:42:55.190+0530] {subprocess.py:106} INFO - 26/01/29 16:42:55 INFO TaskSetManager: Starting task 0.0 in stage 53.0 (TID 71) (Aishwarya92848DBDA, executor driver, partition 0, NODE_LOCAL, 8230 bytes)
[2026-01-29T16:42:55.191+0530] {subprocess.py:106} INFO - 26/01/29 16:42:55 INFO TaskSetManager: Starting task 1.0 in stage 53.0 (TID 72) (Aishwarya92848DBDA, executor driver, partition 1, NODE_LOCAL, 8230 bytes)
[2026-01-29T16:42:55.191+0530] {subprocess.py:106} INFO - 26/01/29 16:42:55 INFO Executor: Running task 1.0 in stage 53.0 (TID 72)
[2026-01-29T16:42:55.192+0530] {subprocess.py:106} INFO - 26/01/29 16:42:55 INFO Executor: Running task 0.0 in stage 53.0 (TID 71)
[2026-01-29T16:42:55.210+0530] {subprocess.py:106} INFO - 26/01/29 16:42:55 INFO CodeGenerator: Code generated in 12.886705 ms
[2026-01-29T16:42:55.211+0530] {subprocess.py:106} INFO - 26/01/29 16:42:55 INFO FileScanRDD: Reading File path: hdfs://localhost:9000/weather/data/raw_data/weather_dataset.csv, range: 0-4194304, partition values: [empty row]
[2026-01-29T16:42:55.211+0530] {subprocess.py:106} INFO - 26/01/29 16:42:55 INFO FileScanRDD: Reading File path: hdfs://localhost:9000/weather/data/raw_data/weather_dataset.csv, range: 4194304-6329103, partition values: [empty row]
[2026-01-29T16:42:55.278+0530] {subprocess.py:106} INFO - 26/01/29 16:42:55 INFO Executor: Finished task 1.0 in stage 53.0 (TID 72). 1990 bytes result sent to driver
[2026-01-29T16:42:55.279+0530] {subprocess.py:106} INFO - 26/01/29 16:42:55 INFO TaskSetManager: Finished task 1.0 in stage 53.0 (TID 72) in 88 ms on Aishwarya92848DBDA (executor driver) (1/2)
[2026-01-29T16:42:55.314+0530] {subprocess.py:106} INFO - 26/01/29 16:42:55 INFO Executor: Finished task 0.0 in stage 53.0 (TID 71). 1990 bytes result sent to driver
[2026-01-29T16:42:55.315+0530] {subprocess.py:106} INFO - 26/01/29 16:42:55 INFO TaskSetManager: Finished task 0.0 in stage 53.0 (TID 71) in 125 ms on Aishwarya92848DBDA (executor driver) (2/2)
[2026-01-29T16:42:55.315+0530] {subprocess.py:106} INFO - 26/01/29 16:42:55 INFO TaskSchedulerImpl: Removed TaskSet 53.0, whose tasks have all completed, from pool
[2026-01-29T16:42:55.316+0530] {subprocess.py:106} INFO - 26/01/29 16:42:55 INFO DAGScheduler: ShuffleMapStage 53 (count at NativeMethodAccessorImpl.java:0) finished in 0.131 s
[2026-01-29T16:42:55.316+0530] {subprocess.py:106} INFO - 26/01/29 16:42:55 INFO DAGScheduler: looking for newly runnable stages
[2026-01-29T16:42:55.316+0530] {subprocess.py:106} INFO - 26/01/29 16:42:55 INFO DAGScheduler: running: Set()
[2026-01-29T16:42:55.316+0530] {subprocess.py:106} INFO - 26/01/29 16:42:55 INFO DAGScheduler: waiting: Set()
[2026-01-29T16:42:55.319+0530] {subprocess.py:106} INFO - 26/01/29 16:42:55 INFO DAGScheduler: failed: Set()
[2026-01-29T16:42:55.328+0530] {subprocess.py:106} INFO - 26/01/29 16:42:55 INFO SparkContext: Starting job: count at NativeMethodAccessorImpl.java:0
[2026-01-29T16:42:55.328+0530] {subprocess.py:106} INFO - 26/01/29 16:42:55 INFO DAGScheduler: Got job 43 (count at NativeMethodAccessorImpl.java:0) with 1 output partitions
[2026-01-29T16:42:55.329+0530] {subprocess.py:106} INFO - 26/01/29 16:42:55 INFO DAGScheduler: Final stage: ResultStage 55 (count at NativeMethodAccessorImpl.java:0)
[2026-01-29T16:42:55.329+0530] {subprocess.py:106} INFO - 26/01/29 16:42:55 INFO DAGScheduler: Parents of final stage: List(ShuffleMapStage 54)
[2026-01-29T16:42:55.329+0530] {subprocess.py:106} INFO - 26/01/29 16:42:55 INFO DAGScheduler: Missing parents: List()
[2026-01-29T16:42:55.330+0530] {subprocess.py:106} INFO - 26/01/29 16:42:55 INFO DAGScheduler: Submitting ResultStage 55 (MapPartitionsRDD[201] at count at NativeMethodAccessorImpl.java:0), which has no missing parents
[2026-01-29T16:42:55.330+0530] {subprocess.py:106} INFO - 26/01/29 16:42:55 INFO MemoryStore: Block broadcast_75 stored as values in memory (estimated size 12.5 KiB, free 365.5 MiB)
[2026-01-29T16:42:55.331+0530] {subprocess.py:106} INFO - 26/01/29 16:42:55 INFO MemoryStore: Block broadcast_75_piece0 stored as bytes in memory (estimated size 5.9 KiB, free 365.5 MiB)
[2026-01-29T16:42:55.331+0530] {subprocess.py:106} INFO - 26/01/29 16:42:55 INFO BlockManagerInfo: Added broadcast_75_piece0 in memory on Aishwarya92848DBDA:45083 (size: 5.9 KiB, free: 366.2 MiB)
[2026-01-29T16:42:55.331+0530] {subprocess.py:106} INFO - 26/01/29 16:42:55 INFO SparkContext: Created broadcast 75 from broadcast at DAGScheduler.scala:1585
[2026-01-29T16:42:55.332+0530] {subprocess.py:106} INFO - 26/01/29 16:42:55 INFO DAGScheduler: Submitting 1 missing tasks from ResultStage 55 (MapPartitionsRDD[201] at count at NativeMethodAccessorImpl.java:0) (first 15 tasks are for partitions Vector(0))
[2026-01-29T16:42:55.332+0530] {subprocess.py:106} INFO - 26/01/29 16:42:55 INFO TaskSchedulerImpl: Adding task set 55.0 with 1 tasks resource profile 0
[2026-01-29T16:42:55.333+0530] {subprocess.py:106} INFO - 26/01/29 16:42:55 INFO TaskSetManager: Starting task 0.0 in stage 55.0 (TID 73) (Aishwarya92848DBDA, executor driver, partition 0, NODE_LOCAL, 7615 bytes)
[2026-01-29T16:42:55.333+0530] {subprocess.py:106} INFO - 26/01/29 16:42:55 INFO Executor: Running task 0.0 in stage 55.0 (TID 73)
[2026-01-29T16:42:55.336+0530] {subprocess.py:106} INFO - 26/01/29 16:42:55 INFO ShuffleBlockFetcherIterator: Getting 2 (120.0 B) non-empty blocks including 2 (120.0 B) local and 0 (0.0 B) host-local and 0 (0.0 B) push-merged-local and 0 (0.0 B) remote blocks
[2026-01-29T16:42:55.336+0530] {subprocess.py:106} INFO - 26/01/29 16:42:55 INFO ShuffleBlockFetcherIterator: Started 0 remote fetches in 0 ms
[2026-01-29T16:42:55.338+0530] {subprocess.py:106} INFO - 26/01/29 16:42:55 INFO Executor: Finished task 0.0 in stage 55.0 (TID 73). 3988 bytes result sent to driver
[2026-01-29T16:42:55.339+0530] {subprocess.py:106} INFO - 26/01/29 16:42:55 INFO TaskSetManager: Finished task 0.0 in stage 55.0 (TID 73) in 6 ms on Aishwarya92848DBDA (executor driver) (1/1)
[2026-01-29T16:42:55.339+0530] {subprocess.py:106} INFO - 26/01/29 16:42:55 INFO TaskSchedulerImpl: Removed TaskSet 55.0, whose tasks have all completed, from pool
[2026-01-29T16:42:55.339+0530] {subprocess.py:106} INFO - 26/01/29 16:42:55 INFO DAGScheduler: ResultStage 55 (count at NativeMethodAccessorImpl.java:0) finished in 0.010 s
[2026-01-29T16:42:55.339+0530] {subprocess.py:106} INFO - 26/01/29 16:42:55 INFO DAGScheduler: Job 43 is finished. Cancelling potential speculative or zombie tasks for this job
[2026-01-29T16:42:55.340+0530] {subprocess.py:106} INFO - 26/01/29 16:42:55 INFO TaskSchedulerImpl: Killing all running tasks in stage 55: Stage finished
[2026-01-29T16:42:55.340+0530] {subprocess.py:106} INFO - 26/01/29 16:42:55 INFO DAGScheduler: Job 43 finished: count at NativeMethodAccessorImpl.java:0, took 0.011915 s
[2026-01-29T16:42:55.341+0530] {subprocess.py:106} INFO - temperature_2m_min: Outliers after handling = 0
[2026-01-29T16:42:55.360+0530] {subprocess.py:106} INFO - 26/01/29 16:42:55 INFO FileSourceStrategy: Pushed Filters:
[2026-01-29T16:42:55.360+0530] {subprocess.py:106} INFO - 26/01/29 16:42:55 INFO FileSourceStrategy: Post-Scan Filters:
[2026-01-29T16:42:55.370+0530] {subprocess.py:106} INFO - 26/01/29 16:42:55 INFO CodeGenerator: Code generated in 7.301439 ms
[2026-01-29T16:42:55.371+0530] {subprocess.py:106} INFO - 26/01/29 16:42:55 INFO MemoryStore: Block broadcast_76 stored as values in memory (estimated size 350.2 KiB, free 365.1 MiB)
[2026-01-29T16:42:55.381+0530] {subprocess.py:106} INFO - 26/01/29 16:42:55 INFO BlockManagerInfo: Removed broadcast_74_piece0 on Aishwarya92848DBDA:45083 in memory (size: 10.0 KiB, free: 366.2 MiB)
[2026-01-29T16:42:55.382+0530] {subprocess.py:106} INFO - 26/01/29 16:42:55 INFO BlockManagerInfo: Removed broadcast_75_piece0 on Aishwarya92848DBDA:45083 in memory (size: 5.9 KiB, free: 366.2 MiB)
[2026-01-29T16:42:55.383+0530] {subprocess.py:106} INFO - 26/01/29 16:42:55 INFO BlockManagerInfo: Removed broadcast_71_piece0 on Aishwarya92848DBDA:45083 in memory (size: 34.3 KiB, free: 366.3 MiB)
[2026-01-29T16:42:55.384+0530] {subprocess.py:106} INFO - 26/01/29 16:42:55 INFO BlockManagerInfo: Removed broadcast_72_piece0 on Aishwarya92848DBDA:45083 in memory (size: 15.2 KiB, free: 366.3 MiB)
[2026-01-29T16:42:55.385+0530] {subprocess.py:106} INFO - 26/01/29 16:42:55 INFO MemoryStore: Block broadcast_76_piece0 stored as bytes in memory (estimated size 34.3 KiB, free 365.5 MiB)
[2026-01-29T16:42:55.385+0530] {subprocess.py:106} INFO - 26/01/29 16:42:55 INFO BlockManagerInfo: Added broadcast_76_piece0 in memory on Aishwarya92848DBDA:45083 (size: 34.3 KiB, free: 366.2 MiB)
[2026-01-29T16:42:55.385+0530] {subprocess.py:106} INFO - 26/01/29 16:42:55 INFO SparkContext: Created broadcast 76 from approxQuantile at <unknown>:0
[2026-01-29T16:42:55.386+0530] {subprocess.py:106} INFO - 26/01/29 16:42:55 INFO FileSourceScanExec: Planning scan with bin packing, max size: 4194304 bytes, open cost is considered as scanning 4194304 bytes.
[2026-01-29T16:42:55.397+0530] {subprocess.py:106} INFO - 26/01/29 16:42:55 INFO SparkContext: Starting job: approxQuantile at <unknown>:0
[2026-01-29T16:42:55.398+0530] {subprocess.py:106} INFO - 26/01/29 16:42:55 INFO DAGScheduler: Got job 44 (approxQuantile at <unknown>:0) with 2 output partitions
[2026-01-29T16:42:55.398+0530] {subprocess.py:106} INFO - 26/01/29 16:42:55 INFO DAGScheduler: Final stage: ResultStage 56 (approxQuantile at <unknown>:0)
[2026-01-29T16:42:55.399+0530] {subprocess.py:106} INFO - 26/01/29 16:42:55 INFO DAGScheduler: Parents of final stage: List()
[2026-01-29T16:42:55.399+0530] {subprocess.py:106} INFO - 26/01/29 16:42:55 INFO DAGScheduler: Missing parents: List()
[2026-01-29T16:42:55.399+0530] {subprocess.py:106} INFO - 26/01/29 16:42:55 INFO DAGScheduler: Submitting ResultStage 56 (MapPartitionsRDD[208] at approxQuantile at <unknown>:0), which has no missing parents
[2026-01-29T16:42:55.408+0530] {subprocess.py:106} INFO - 26/01/29 16:42:55 INFO MemoryStore: Block broadcast_77 stored as values in memory (estimated size 32.8 KiB, free 365.5 MiB)
[2026-01-29T16:42:55.409+0530] {subprocess.py:106} INFO - 26/01/29 16:42:55 INFO MemoryStore: Block broadcast_77_piece0 stored as bytes in memory (estimated size 15.2 KiB, free 365.5 MiB)
[2026-01-29T16:42:55.409+0530] {subprocess.py:106} INFO - 26/01/29 16:42:55 INFO BlockManagerInfo: Added broadcast_77_piece0 in memory on Aishwarya92848DBDA:45083 (size: 15.2 KiB, free: 366.2 MiB)
[2026-01-29T16:42:55.409+0530] {subprocess.py:106} INFO - 26/01/29 16:42:55 INFO SparkContext: Created broadcast 77 from broadcast at DAGScheduler.scala:1585
[2026-01-29T16:42:55.410+0530] {subprocess.py:106} INFO - 26/01/29 16:42:55 INFO DAGScheduler: Submitting 2 missing tasks from ResultStage 56 (MapPartitionsRDD[208] at approxQuantile at <unknown>:0) (first 15 tasks are for partitions Vector(0, 1))
[2026-01-29T16:42:55.410+0530] {subprocess.py:106} INFO - 26/01/29 16:42:55 INFO TaskSchedulerImpl: Adding task set 56.0 with 2 tasks resource profile 0
[2026-01-29T16:42:55.411+0530] {subprocess.py:106} INFO - 26/01/29 16:42:55 INFO TaskSetManager: Starting task 0.0 in stage 56.0 (TID 74) (Aishwarya92848DBDA, executor driver, partition 0, NODE_LOCAL, 8241 bytes)
[2026-01-29T16:42:55.411+0530] {subprocess.py:106} INFO - 26/01/29 16:42:55 INFO TaskSetManager: Starting task 1.0 in stage 56.0 (TID 75) (Aishwarya92848DBDA, executor driver, partition 1, NODE_LOCAL, 8241 bytes)
[2026-01-29T16:42:55.412+0530] {subprocess.py:106} INFO - 26/01/29 16:42:55 INFO Executor: Running task 0.0 in stage 56.0 (TID 74)
[2026-01-29T16:42:55.412+0530] {subprocess.py:106} INFO - 26/01/29 16:42:55 INFO Executor: Running task 1.0 in stage 56.0 (TID 75)
[2026-01-29T16:42:55.423+0530] {subprocess.py:106} INFO - 26/01/29 16:42:55 INFO CodeGenerator: Code generated in 8.358211 ms
[2026-01-29T16:42:55.425+0530] {subprocess.py:106} INFO - 26/01/29 16:42:55 INFO FileScanRDD: Reading File path: hdfs://localhost:9000/weather/data/raw_data/weather_dataset.csv, range: 4194304-6329103, partition values: [empty row]
[2026-01-29T16:42:55.425+0530] {subprocess.py:106} INFO - 26/01/29 16:42:55 INFO FileScanRDD: Reading File path: hdfs://localhost:9000/weather/data/raw_data/weather_dataset.csv, range: 0-4194304, partition values: [empty row]
[2026-01-29T16:42:55.491+0530] {subprocess.py:106} INFO - 26/01/29 16:42:55 INFO Executor: Finished task 1.0 in stage 56.0 (TID 75). 8161 bytes result sent to driver
[2026-01-29T16:42:55.492+0530] {subprocess.py:106} INFO - 26/01/29 16:42:55 INFO TaskSetManager: Finished task 1.0 in stage 56.0 (TID 75) in 82 ms on Aishwarya92848DBDA (executor driver) (1/2)
[2026-01-29T16:42:55.537+0530] {subprocess.py:106} INFO - 26/01/29 16:42:55 INFO Executor: Finished task 0.0 in stage 56.0 (TID 74). 6051 bytes result sent to driver
[2026-01-29T16:42:55.538+0530] {subprocess.py:106} INFO - 26/01/29 16:42:55 INFO TaskSetManager: Finished task 0.0 in stage 56.0 (TID 74) in 128 ms on Aishwarya92848DBDA (executor driver) (2/2)
[2026-01-29T16:42:55.538+0530] {subprocess.py:106} INFO - 26/01/29 16:42:55 INFO TaskSchedulerImpl: Removed TaskSet 56.0, whose tasks have all completed, from pool
[2026-01-29T16:42:55.538+0530] {subprocess.py:106} INFO - 26/01/29 16:42:55 INFO DAGScheduler: ResultStage 56 (approxQuantile at <unknown>:0) finished in 0.139 s
[2026-01-29T16:42:55.539+0530] {subprocess.py:106} INFO - 26/01/29 16:42:55 INFO DAGScheduler: Job 44 is finished. Cancelling potential speculative or zombie tasks for this job
[2026-01-29T16:42:55.539+0530] {subprocess.py:106} INFO - 26/01/29 16:42:55 INFO TaskSchedulerImpl: Killing all running tasks in stage 56: Stage finished
[2026-01-29T16:42:55.539+0530] {subprocess.py:106} INFO - 26/01/29 16:42:55 INFO DAGScheduler: Job 44 finished: approxQuantile at <unknown>:0, took 0.141676 s
[2026-01-29T16:42:55.594+0530] {subprocess.py:106} INFO - 26/01/29 16:42:55 INFO FileSourceStrategy: Pushed Filters:
[2026-01-29T16:42:55.595+0530] {subprocess.py:106} INFO - 26/01/29 16:42:55 INFO FileSourceStrategy: Post-Scan Filters: (CASE WHEN (apparent_temperature_max#21 < 17.0) THEN false WHEN (apparent_temperature_max#21 > 49.8) THEN false ELSE (apparent_temperature_max#21 < 17.0) END OR CASE WHEN (apparent_temperature_max#21 < 17.0) THEN false WHEN (apparent_temperature_max#21 > 49.8) THEN false ELSE (apparent_temperature_max#21 > 49.8) END)
[2026-01-29T16:42:55.614+0530] {subprocess.py:106} INFO - 26/01/29 16:42:55 INFO CodeGenerator: Code generated in 9.055775 ms
[2026-01-29T16:42:55.616+0530] {subprocess.py:106} INFO - 26/01/29 16:42:55 INFO MemoryStore: Block broadcast_78 stored as values in memory (estimated size 350.2 KiB, free 365.2 MiB)
[2026-01-29T16:42:55.621+0530] {subprocess.py:106} INFO - 26/01/29 16:42:55 INFO MemoryStore: Block broadcast_78_piece0 stored as bytes in memory (estimated size 34.3 KiB, free 365.1 MiB)
[2026-01-29T16:42:55.622+0530] {subprocess.py:106} INFO - 26/01/29 16:42:55 INFO BlockManagerInfo: Added broadcast_78_piece0 in memory on Aishwarya92848DBDA:45083 (size: 34.3 KiB, free: 366.2 MiB)
[2026-01-29T16:42:55.622+0530] {subprocess.py:106} INFO - 26/01/29 16:42:55 INFO SparkContext: Created broadcast 78 from count at NativeMethodAccessorImpl.java:0
[2026-01-29T16:42:55.623+0530] {subprocess.py:106} INFO - 26/01/29 16:42:55 INFO FileSourceScanExec: Planning scan with bin packing, max size: 4194304 bytes, open cost is considered as scanning 4194304 bytes.
[2026-01-29T16:42:55.626+0530] {subprocess.py:106} INFO - 26/01/29 16:42:55 INFO DAGScheduler: Registering RDD 212 (count at NativeMethodAccessorImpl.java:0) as input to shuffle 12
[2026-01-29T16:42:55.626+0530] {subprocess.py:106} INFO - 26/01/29 16:42:55 INFO DAGScheduler: Got map stage job 45 (count at NativeMethodAccessorImpl.java:0) with 2 output partitions
[2026-01-29T16:42:55.627+0530] {subprocess.py:106} INFO - 26/01/29 16:42:55 INFO DAGScheduler: Final stage: ShuffleMapStage 57 (count at NativeMethodAccessorImpl.java:0)
[2026-01-29T16:42:55.627+0530] {subprocess.py:106} INFO - 26/01/29 16:42:55 INFO DAGScheduler: Parents of final stage: List()
[2026-01-29T16:42:55.627+0530] {subprocess.py:106} INFO - 26/01/29 16:42:55 INFO DAGScheduler: Missing parents: List()
[2026-01-29T16:42:55.627+0530] {subprocess.py:106} INFO - 26/01/29 16:42:55 INFO DAGScheduler: Submitting ShuffleMapStage 57 (MapPartitionsRDD[212] at count at NativeMethodAccessorImpl.java:0), which has no missing parents
[2026-01-29T16:42:55.628+0530] {subprocess.py:106} INFO - 26/01/29 16:42:55 INFO MemoryStore: Block broadcast_79 stored as values in memory (estimated size 22.0 KiB, free 365.1 MiB)
[2026-01-29T16:42:55.629+0530] {subprocess.py:106} INFO - 26/01/29 16:42:55 INFO MemoryStore: Block broadcast_79_piece0 stored as bytes in memory (estimated size 10.0 KiB, free 365.1 MiB)
[2026-01-29T16:42:55.630+0530] {subprocess.py:106} INFO - 26/01/29 16:42:55 INFO BlockManagerInfo: Added broadcast_79_piece0 in memory on Aishwarya92848DBDA:45083 (size: 10.0 KiB, free: 366.2 MiB)
[2026-01-29T16:42:55.630+0530] {subprocess.py:106} INFO - 26/01/29 16:42:55 INFO SparkContext: Created broadcast 79 from broadcast at DAGScheduler.scala:1585
[2026-01-29T16:42:55.630+0530] {subprocess.py:106} INFO - 26/01/29 16:42:55 INFO DAGScheduler: Submitting 2 missing tasks from ShuffleMapStage 57 (MapPartitionsRDD[212] at count at NativeMethodAccessorImpl.java:0) (first 15 tasks are for partitions Vector(0, 1))
[2026-01-29T16:42:55.630+0530] {subprocess.py:106} INFO - 26/01/29 16:42:55 INFO TaskSchedulerImpl: Adding task set 57.0 with 2 tasks resource profile 0
[2026-01-29T16:42:55.631+0530] {subprocess.py:106} INFO - 26/01/29 16:42:55 INFO TaskSetManager: Starting task 0.0 in stage 57.0 (TID 76) (Aishwarya92848DBDA, executor driver, partition 0, NODE_LOCAL, 8230 bytes)
[2026-01-29T16:42:55.632+0530] {subprocess.py:106} INFO - 26/01/29 16:42:55 INFO TaskSetManager: Starting task 1.0 in stage 57.0 (TID 77) (Aishwarya92848DBDA, executor driver, partition 1, NODE_LOCAL, 8230 bytes)
[2026-01-29T16:42:55.632+0530] {subprocess.py:106} INFO - 26/01/29 16:42:55 INFO Executor: Running task 0.0 in stage 57.0 (TID 76)
[2026-01-29T16:42:55.632+0530] {subprocess.py:106} INFO - 26/01/29 16:42:55 INFO Executor: Running task 1.0 in stage 57.0 (TID 77)
[2026-01-29T16:42:55.643+0530] {subprocess.py:106} INFO - 26/01/29 16:42:55 INFO CodeGenerator: Code generated in 8.613372 ms
[2026-01-29T16:42:55.644+0530] {subprocess.py:106} INFO - 26/01/29 16:42:55 INFO FileScanRDD: Reading File path: hdfs://localhost:9000/weather/data/raw_data/weather_dataset.csv, range: 4194304-6329103, partition values: [empty row]
[2026-01-29T16:42:55.645+0530] {subprocess.py:106} INFO - 26/01/29 16:42:55 INFO FileScanRDD: Reading File path: hdfs://localhost:9000/weather/data/raw_data/weather_dataset.csv, range: 0-4194304, partition values: [empty row]
[2026-01-29T16:42:55.718+0530] {subprocess.py:106} INFO - 26/01/29 16:42:55 INFO Executor: Finished task 1.0 in stage 57.0 (TID 77). 1990 bytes result sent to driver
[2026-01-29T16:42:55.718+0530] {subprocess.py:106} INFO - 26/01/29 16:42:55 INFO TaskSetManager: Finished task 1.0 in stage 57.0 (TID 77) in 87 ms on Aishwarya92848DBDA (executor driver) (1/2)
[2026-01-29T16:42:55.734+0530] {subprocess.py:106} INFO - 26/01/29 16:42:55 INFO BlockManagerInfo: Removed broadcast_77_piece0 on Aishwarya92848DBDA:45083 in memory (size: 15.2 KiB, free: 366.2 MiB)
[2026-01-29T16:42:55.735+0530] {subprocess.py:106} INFO - 26/01/29 16:42:55 INFO BlockManagerInfo: Removed broadcast_73_piece0 on Aishwarya92848DBDA:45083 in memory (size: 34.3 KiB, free: 366.2 MiB)
[2026-01-29T16:42:55.736+0530] {subprocess.py:106} INFO - 26/01/29 16:42:55 INFO BlockManagerInfo: Removed broadcast_76_piece0 on Aishwarya92848DBDA:45083 in memory (size: 34.3 KiB, free: 366.3 MiB)
[2026-01-29T16:42:55.755+0530] {subprocess.py:106} INFO - 26/01/29 16:42:55 INFO Executor: Finished task 0.0 in stage 57.0 (TID 76). 2033 bytes result sent to driver
[2026-01-29T16:42:55.756+0530] {subprocess.py:106} INFO - 26/01/29 16:42:55 INFO TaskSetManager: Finished task 0.0 in stage 57.0 (TID 76) in 125 ms on Aishwarya92848DBDA (executor driver) (2/2)
[2026-01-29T16:42:55.756+0530] {subprocess.py:106} INFO - 26/01/29 16:42:55 INFO TaskSchedulerImpl: Removed TaskSet 57.0, whose tasks have all completed, from pool
[2026-01-29T16:42:55.756+0530] {subprocess.py:106} INFO - 26/01/29 16:42:55 INFO DAGScheduler: ShuffleMapStage 57 (count at NativeMethodAccessorImpl.java:0) finished in 0.129 s
[2026-01-29T16:42:55.757+0530] {subprocess.py:106} INFO - 26/01/29 16:42:55 INFO DAGScheduler: looking for newly runnable stages
[2026-01-29T16:42:55.757+0530] {subprocess.py:106} INFO - 26/01/29 16:42:55 INFO DAGScheduler: running: Set()
[2026-01-29T16:42:55.757+0530] {subprocess.py:106} INFO - 26/01/29 16:42:55 INFO DAGScheduler: waiting: Set()
[2026-01-29T16:42:55.757+0530] {subprocess.py:106} INFO - 26/01/29 16:42:55 INFO DAGScheduler: failed: Set()
[2026-01-29T16:42:55.769+0530] {subprocess.py:106} INFO - 26/01/29 16:42:55 INFO SparkContext: Starting job: count at NativeMethodAccessorImpl.java:0
[2026-01-29T16:42:55.770+0530] {subprocess.py:106} INFO - 26/01/29 16:42:55 INFO DAGScheduler: Got job 46 (count at NativeMethodAccessorImpl.java:0) with 1 output partitions
[2026-01-29T16:42:55.770+0530] {subprocess.py:106} INFO - 26/01/29 16:42:55 INFO DAGScheduler: Final stage: ResultStage 59 (count at NativeMethodAccessorImpl.java:0)
[2026-01-29T16:42:55.771+0530] {subprocess.py:106} INFO - 26/01/29 16:42:55 INFO DAGScheduler: Parents of final stage: List(ShuffleMapStage 58)
[2026-01-29T16:42:55.771+0530] {subprocess.py:106} INFO - 26/01/29 16:42:55 INFO DAGScheduler: Missing parents: List()
[2026-01-29T16:42:55.771+0530] {subprocess.py:106} INFO - 26/01/29 16:42:55 INFO DAGScheduler: Submitting ResultStage 59 (MapPartitionsRDD[215] at count at NativeMethodAccessorImpl.java:0), which has no missing parents
[2026-01-29T16:42:55.772+0530] {subprocess.py:106} INFO - 26/01/29 16:42:55 INFO MemoryStore: Block broadcast_80 stored as values in memory (estimated size 12.5 KiB, free 365.9 MiB)
[2026-01-29T16:42:55.773+0530] {subprocess.py:106} INFO - 26/01/29 16:42:55 INFO MemoryStore: Block broadcast_80_piece0 stored as bytes in memory (estimated size 5.9 KiB, free 365.9 MiB)
[2026-01-29T16:42:55.773+0530] {subprocess.py:106} INFO - 26/01/29 16:42:55 INFO BlockManagerInfo: Added broadcast_80_piece0 in memory on Aishwarya92848DBDA:45083 (size: 5.9 KiB, free: 366.3 MiB)
[2026-01-29T16:42:55.773+0530] {subprocess.py:106} INFO - 26/01/29 16:42:55 INFO SparkContext: Created broadcast 80 from broadcast at DAGScheduler.scala:1585
[2026-01-29T16:42:55.774+0530] {subprocess.py:106} INFO - 26/01/29 16:42:55 INFO DAGScheduler: Submitting 1 missing tasks from ResultStage 59 (MapPartitionsRDD[215] at count at NativeMethodAccessorImpl.java:0) (first 15 tasks are for partitions Vector(0))
[2026-01-29T16:42:55.774+0530] {subprocess.py:106} INFO - 26/01/29 16:42:55 INFO TaskSchedulerImpl: Adding task set 59.0 with 1 tasks resource profile 0
[2026-01-29T16:42:55.775+0530] {subprocess.py:106} INFO - 26/01/29 16:42:55 INFO TaskSetManager: Starting task 0.0 in stage 59.0 (TID 78) (Aishwarya92848DBDA, executor driver, partition 0, NODE_LOCAL, 7615 bytes)
[2026-01-29T16:42:55.775+0530] {subprocess.py:106} INFO - 26/01/29 16:42:55 INFO Executor: Running task 0.0 in stage 59.0 (TID 78)
[2026-01-29T16:42:55.777+0530] {subprocess.py:106} INFO - 26/01/29 16:42:55 INFO ShuffleBlockFetcherIterator: Getting 2 (120.0 B) non-empty blocks including 2 (120.0 B) local and 0 (0.0 B) host-local and 0 (0.0 B) push-merged-local and 0 (0.0 B) remote blocks
[2026-01-29T16:42:55.778+0530] {subprocess.py:106} INFO - 26/01/29 16:42:55 INFO ShuffleBlockFetcherIterator: Started 0 remote fetches in 0 ms
[2026-01-29T16:42:55.779+0530] {subprocess.py:106} INFO - 26/01/29 16:42:55 INFO Executor: Finished task 0.0 in stage 59.0 (TID 78). 3988 bytes result sent to driver
[2026-01-29T16:42:55.780+0530] {subprocess.py:106} INFO - 26/01/29 16:42:55 INFO TaskSetManager: Finished task 0.0 in stage 59.0 (TID 78) in 6 ms on Aishwarya92848DBDA (executor driver) (1/1)
[2026-01-29T16:42:55.780+0530] {subprocess.py:106} INFO - 26/01/29 16:42:55 INFO TaskSchedulerImpl: Removed TaskSet 59.0, whose tasks have all completed, from pool
[2026-01-29T16:42:55.781+0530] {subprocess.py:106} INFO - 26/01/29 16:42:55 INFO DAGScheduler: ResultStage 59 (count at NativeMethodAccessorImpl.java:0) finished in 0.009 s
[2026-01-29T16:42:55.781+0530] {subprocess.py:106} INFO - 26/01/29 16:42:55 INFO DAGScheduler: Job 46 is finished. Cancelling potential speculative or zombie tasks for this job
[2026-01-29T16:42:55.781+0530] {subprocess.py:106} INFO - 26/01/29 16:42:55 INFO TaskSchedulerImpl: Killing all running tasks in stage 59: Stage finished
[2026-01-29T16:42:55.781+0530] {subprocess.py:106} INFO - 26/01/29 16:42:55 INFO DAGScheduler: Job 46 finished: count at NativeMethodAccessorImpl.java:0, took 0.011882 s
[2026-01-29T16:42:55.782+0530] {subprocess.py:106} INFO - apparent_temperature_max: Outliers after handling = 0
[2026-01-29T16:42:55.800+0530] {subprocess.py:106} INFO - 26/01/29 16:42:55 INFO FileSourceStrategy: Pushed Filters:
[2026-01-29T16:42:55.800+0530] {subprocess.py:106} INFO - 26/01/29 16:42:55 INFO FileSourceStrategy: Post-Scan Filters:
[2026-01-29T16:42:55.811+0530] {subprocess.py:106} INFO - 26/01/29 16:42:55 INFO CodeGenerator: Code generated in 8.080969 ms
[2026-01-29T16:42:55.812+0530] {subprocess.py:106} INFO - 26/01/29 16:42:55 INFO MemoryStore: Block broadcast_81 stored as values in memory (estimated size 350.2 KiB, free 365.5 MiB)
[2026-01-29T16:42:55.817+0530] {subprocess.py:106} INFO - 26/01/29 16:42:55 INFO MemoryStore: Block broadcast_81_piece0 stored as bytes in memory (estimated size 34.3 KiB, free 365.5 MiB)
[2026-01-29T16:42:55.818+0530] {subprocess.py:106} INFO - 26/01/29 16:42:55 INFO BlockManagerInfo: Added broadcast_81_piece0 in memory on Aishwarya92848DBDA:45083 (size: 34.3 KiB, free: 366.2 MiB)
[2026-01-29T16:42:55.818+0530] {subprocess.py:106} INFO - 26/01/29 16:42:55 INFO SparkContext: Created broadcast 81 from approxQuantile at <unknown>:0
[2026-01-29T16:42:55.819+0530] {subprocess.py:106} INFO - 26/01/29 16:42:55 INFO FileSourceScanExec: Planning scan with bin packing, max size: 4194304 bytes, open cost is considered as scanning 4194304 bytes.
[2026-01-29T16:42:55.827+0530] {subprocess.py:106} INFO - 26/01/29 16:42:55 INFO SparkContext: Starting job: approxQuantile at <unknown>:0
[2026-01-29T16:42:55.828+0530] {subprocess.py:106} INFO - 26/01/29 16:42:55 INFO DAGScheduler: Got job 47 (approxQuantile at <unknown>:0) with 2 output partitions
[2026-01-29T16:42:55.828+0530] {subprocess.py:106} INFO - 26/01/29 16:42:55 INFO DAGScheduler: Final stage: ResultStage 60 (approxQuantile at <unknown>:0)
[2026-01-29T16:42:55.828+0530] {subprocess.py:106} INFO - 26/01/29 16:42:55 INFO DAGScheduler: Parents of final stage: List()
[2026-01-29T16:42:55.828+0530] {subprocess.py:106} INFO - 26/01/29 16:42:55 INFO DAGScheduler: Missing parents: List()
[2026-01-29T16:42:55.828+0530] {subprocess.py:106} INFO - 26/01/29 16:42:55 INFO DAGScheduler: Submitting ResultStage 60 (MapPartitionsRDD[222] at approxQuantile at <unknown>:0), which has no missing parents
[2026-01-29T16:42:55.835+0530] {subprocess.py:106} INFO - 26/01/29 16:42:55 INFO MemoryStore: Block broadcast_82 stored as values in memory (estimated size 32.8 KiB, free 365.5 MiB)
[2026-01-29T16:42:55.836+0530] {subprocess.py:106} INFO - 26/01/29 16:42:55 INFO MemoryStore: Block broadcast_82_piece0 stored as bytes in memory (estimated size 15.2 KiB, free 365.5 MiB)
[2026-01-29T16:42:55.836+0530] {subprocess.py:106} INFO - 26/01/29 16:42:55 INFO BlockManagerInfo: Added broadcast_82_piece0 in memory on Aishwarya92848DBDA:45083 (size: 15.2 KiB, free: 366.2 MiB)
[2026-01-29T16:42:55.836+0530] {subprocess.py:106} INFO - 26/01/29 16:42:55 INFO SparkContext: Created broadcast 82 from broadcast at DAGScheduler.scala:1585
[2026-01-29T16:42:55.837+0530] {subprocess.py:106} INFO - 26/01/29 16:42:55 INFO DAGScheduler: Submitting 2 missing tasks from ResultStage 60 (MapPartitionsRDD[222] at approxQuantile at <unknown>:0) (first 15 tasks are for partitions Vector(0, 1))
[2026-01-29T16:42:55.837+0530] {subprocess.py:106} INFO - 26/01/29 16:42:55 INFO TaskSchedulerImpl: Adding task set 60.0 with 2 tasks resource profile 0
[2026-01-29T16:42:55.838+0530] {subprocess.py:106} INFO - 26/01/29 16:42:55 INFO TaskSetManager: Starting task 0.0 in stage 60.0 (TID 79) (Aishwarya92848DBDA, executor driver, partition 0, NODE_LOCAL, 8241 bytes)
[2026-01-29T16:42:55.838+0530] {subprocess.py:106} INFO - 26/01/29 16:42:55 INFO TaskSetManager: Starting task 1.0 in stage 60.0 (TID 80) (Aishwarya92848DBDA, executor driver, partition 1, NODE_LOCAL, 8241 bytes)
[2026-01-29T16:42:55.838+0530] {subprocess.py:106} INFO - 26/01/29 16:42:55 INFO Executor: Running task 0.0 in stage 60.0 (TID 79)
[2026-01-29T16:42:55.838+0530] {subprocess.py:106} INFO - 26/01/29 16:42:55 INFO Executor: Running task 1.0 in stage 60.0 (TID 80)
[2026-01-29T16:42:55.847+0530] {subprocess.py:106} INFO - 26/01/29 16:42:55 INFO CodeGenerator: Code generated in 6.552639 ms
[2026-01-29T16:42:55.849+0530] {subprocess.py:106} INFO - 26/01/29 16:42:55 INFO FileScanRDD: Reading File path: hdfs://localhost:9000/weather/data/raw_data/weather_dataset.csv, range: 4194304-6329103, partition values: [empty row]
[2026-01-29T16:42:55.850+0530] {subprocess.py:106} INFO - 26/01/29 16:42:55 INFO FileScanRDD: Reading File path: hdfs://localhost:9000/weather/data/raw_data/weather_dataset.csv, range: 0-4194304, partition values: [empty row]
[2026-01-29T16:42:55.908+0530] {subprocess.py:106} INFO - 26/01/29 16:42:55 INFO Executor: Finished task 1.0 in stage 60.0 (TID 80). 8161 bytes result sent to driver
[2026-01-29T16:42:55.909+0530] {subprocess.py:106} INFO - 26/01/29 16:42:55 INFO TaskSetManager: Finished task 1.0 in stage 60.0 (TID 80) in 70 ms on Aishwarya92848DBDA (executor driver) (1/2)
[2026-01-29T16:42:55.959+0530] {subprocess.py:106} INFO - 26/01/29 16:42:55 INFO Executor: Finished task 0.0 in stage 60.0 (TID 79). 6111 bytes result sent to driver
[2026-01-29T16:42:55.959+0530] {subprocess.py:106} INFO - 26/01/29 16:42:55 INFO TaskSetManager: Finished task 0.0 in stage 60.0 (TID 79) in 122 ms on Aishwarya92848DBDA (executor driver) (2/2)
[2026-01-29T16:42:55.960+0530] {subprocess.py:106} INFO - 26/01/29 16:42:55 INFO TaskSchedulerImpl: Removed TaskSet 60.0, whose tasks have all completed, from pool
[2026-01-29T16:42:55.960+0530] {subprocess.py:106} INFO - 26/01/29 16:42:55 INFO DAGScheduler: ResultStage 60 (approxQuantile at <unknown>:0) finished in 0.131 s
[2026-01-29T16:42:55.960+0530] {subprocess.py:106} INFO - 26/01/29 16:42:55 INFO DAGScheduler: Job 47 is finished. Cancelling potential speculative or zombie tasks for this job
[2026-01-29T16:42:55.960+0530] {subprocess.py:106} INFO - 26/01/29 16:42:55 INFO TaskSchedulerImpl: Killing all running tasks in stage 60: Stage finished
[2026-01-29T16:42:55.961+0530] {subprocess.py:106} INFO - 26/01/29 16:42:55 INFO DAGScheduler: Job 47 finished: approxQuantile at <unknown>:0, took 0.133323 s
[2026-01-29T16:42:56.017+0530] {subprocess.py:106} INFO - 26/01/29 16:42:56 INFO FileSourceStrategy: Pushed Filters:
[2026-01-29T16:42:56.017+0530] {subprocess.py:106} INFO - 26/01/29 16:42:56 INFO FileSourceStrategy: Post-Scan Filters: (CASE WHEN (apparent_temperature_min#22 < 1.9999999999999964) THEN false WHEN (apparent_temperature_min#22 > 45.2) THEN false ELSE (apparent_temperature_min#22 < 1.9999999999999964) END OR CASE WHEN (apparent_temperature_min#22 < 1.9999999999999964) THEN false WHEN (apparent_temperature_min#22 > 45.2) THEN false ELSE (apparent_temperature_min#22 > 45.2) END)
[2026-01-29T16:42:56.035+0530] {subprocess.py:106} INFO - 26/01/29 16:42:56 INFO CodeGenerator: Code generated in 9.186943 ms
[2026-01-29T16:42:56.036+0530] {subprocess.py:106} INFO - 26/01/29 16:42:56 INFO MemoryStore: Block broadcast_83 stored as values in memory (estimated size 350.2 KiB, free 365.1 MiB)
[2026-01-29T16:42:56.041+0530] {subprocess.py:106} INFO - 26/01/29 16:42:56 INFO MemoryStore: Block broadcast_83_piece0 stored as bytes in memory (estimated size 34.3 KiB, free 365.1 MiB)
[2026-01-29T16:42:56.042+0530] {subprocess.py:106} INFO - 26/01/29 16:42:56 INFO BlockManagerInfo: Added broadcast_83_piece0 in memory on Aishwarya92848DBDA:45083 (size: 34.3 KiB, free: 366.2 MiB)
[2026-01-29T16:42:56.042+0530] {subprocess.py:106} INFO - 26/01/29 16:42:56 INFO SparkContext: Created broadcast 83 from count at NativeMethodAccessorImpl.java:0
[2026-01-29T16:42:56.043+0530] {subprocess.py:106} INFO - 26/01/29 16:42:56 INFO FileSourceScanExec: Planning scan with bin packing, max size: 4194304 bytes, open cost is considered as scanning 4194304 bytes.
[2026-01-29T16:42:56.046+0530] {subprocess.py:106} INFO - 26/01/29 16:42:56 INFO DAGScheduler: Registering RDD 226 (count at NativeMethodAccessorImpl.java:0) as input to shuffle 13
[2026-01-29T16:42:56.047+0530] {subprocess.py:106} INFO - 26/01/29 16:42:56 INFO DAGScheduler: Got map stage job 48 (count at NativeMethodAccessorImpl.java:0) with 2 output partitions
[2026-01-29T16:42:56.047+0530] {subprocess.py:106} INFO - 26/01/29 16:42:56 INFO DAGScheduler: Final stage: ShuffleMapStage 61 (count at NativeMethodAccessorImpl.java:0)
[2026-01-29T16:42:56.048+0530] {subprocess.py:106} INFO - 26/01/29 16:42:56 INFO DAGScheduler: Parents of final stage: List()
[2026-01-29T16:42:56.048+0530] {subprocess.py:106} INFO - 26/01/29 16:42:56 INFO DAGScheduler: Missing parents: List()
[2026-01-29T16:42:56.048+0530] {subprocess.py:106} INFO - 26/01/29 16:42:56 INFO DAGScheduler: Submitting ShuffleMapStage 61 (MapPartitionsRDD[226] at count at NativeMethodAccessorImpl.java:0), which has no missing parents
[2026-01-29T16:42:56.050+0530] {subprocess.py:106} INFO - 26/01/29 16:42:56 INFO MemoryStore: Block broadcast_84 stored as values in memory (estimated size 22.1 KiB, free 365.1 MiB)
[2026-01-29T16:42:56.050+0530] {subprocess.py:106} INFO - 26/01/29 16:42:56 INFO MemoryStore: Block broadcast_84_piece0 stored as bytes in memory (estimated size 10.0 KiB, free 365.0 MiB)
[2026-01-29T16:42:56.051+0530] {subprocess.py:106} INFO - 26/01/29 16:42:56 INFO BlockManagerInfo: Added broadcast_84_piece0 in memory on Aishwarya92848DBDA:45083 (size: 10.0 KiB, free: 366.2 MiB)
[2026-01-29T16:42:56.051+0530] {subprocess.py:106} INFO - 26/01/29 16:42:56 INFO SparkContext: Created broadcast 84 from broadcast at DAGScheduler.scala:1585
[2026-01-29T16:42:56.051+0530] {subprocess.py:106} INFO - 26/01/29 16:42:56 INFO DAGScheduler: Submitting 2 missing tasks from ShuffleMapStage 61 (MapPartitionsRDD[226] at count at NativeMethodAccessorImpl.java:0) (first 15 tasks are for partitions Vector(0, 1))
[2026-01-29T16:42:56.051+0530] {subprocess.py:106} INFO - 26/01/29 16:42:56 INFO TaskSchedulerImpl: Adding task set 61.0 with 2 tasks resource profile 0
[2026-01-29T16:42:56.052+0530] {subprocess.py:106} INFO - 26/01/29 16:42:56 INFO TaskSetManager: Starting task 0.0 in stage 61.0 (TID 81) (Aishwarya92848DBDA, executor driver, partition 0, NODE_LOCAL, 8230 bytes)
[2026-01-29T16:42:56.052+0530] {subprocess.py:106} INFO - 26/01/29 16:42:56 INFO TaskSetManager: Starting task 1.0 in stage 61.0 (TID 82) (Aishwarya92848DBDA, executor driver, partition 1, NODE_LOCAL, 8230 bytes)
[2026-01-29T16:42:56.053+0530] {subprocess.py:106} INFO - 26/01/29 16:42:56 INFO Executor: Running task 1.0 in stage 61.0 (TID 82)
[2026-01-29T16:42:56.053+0530] {subprocess.py:106} INFO - 26/01/29 16:42:56 INFO Executor: Running task 0.0 in stage 61.0 (TID 81)
[2026-01-29T16:42:56.063+0530] {subprocess.py:106} INFO - 26/01/29 16:42:56 INFO CodeGenerator: Code generated in 8.583446 ms
[2026-01-29T16:42:56.064+0530] {subprocess.py:106} INFO - 26/01/29 16:42:56 INFO FileScanRDD: Reading File path: hdfs://localhost:9000/weather/data/raw_data/weather_dataset.csv, range: 4194304-6329103, partition values: [empty row]
[2026-01-29T16:42:56.065+0530] {subprocess.py:106} INFO - 26/01/29 16:42:56 INFO FileScanRDD: Reading File path: hdfs://localhost:9000/weather/data/raw_data/weather_dataset.csv, range: 0-4194304, partition values: [empty row]
[2026-01-29T16:42:56.114+0530] {subprocess.py:106} INFO - 26/01/29 16:42:56 INFO BlockManagerInfo: Removed broadcast_79_piece0 on Aishwarya92848DBDA:45083 in memory (size: 10.0 KiB, free: 366.2 MiB)
[2026-01-29T16:42:56.115+0530] {subprocess.py:106} INFO - 26/01/29 16:42:56 INFO BlockManagerInfo: Removed broadcast_80_piece0 on Aishwarya92848DBDA:45083 in memory (size: 5.9 KiB, free: 366.2 MiB)
[2026-01-29T16:42:56.116+0530] {subprocess.py:106} INFO - 26/01/29 16:42:56 INFO BlockManagerInfo: Removed broadcast_78_piece0 on Aishwarya92848DBDA:45083 in memory (size: 34.3 KiB, free: 366.2 MiB)
[2026-01-29T16:42:56.117+0530] {subprocess.py:106} INFO - 26/01/29 16:42:56 INFO BlockManagerInfo: Removed broadcast_81_piece0 on Aishwarya92848DBDA:45083 in memory (size: 34.3 KiB, free: 366.2 MiB)
[2026-01-29T16:42:56.118+0530] {subprocess.py:106} INFO - 26/01/29 16:42:56 INFO BlockManagerInfo: Removed broadcast_82_piece0 on Aishwarya92848DBDA:45083 in memory (size: 15.2 KiB, free: 366.3 MiB)
[2026-01-29T16:42:56.135+0530] {subprocess.py:106} INFO - 26/01/29 16:42:56 INFO Executor: Finished task 1.0 in stage 61.0 (TID 82). 2033 bytes result sent to driver
[2026-01-29T16:42:56.135+0530] {subprocess.py:106} INFO - 26/01/29 16:42:56 INFO TaskSetManager: Finished task 1.0 in stage 61.0 (TID 82) in 83 ms on Aishwarya92848DBDA (executor driver) (1/2)
[2026-01-29T16:42:56.173+0530] {subprocess.py:106} INFO - 26/01/29 16:42:56 INFO Executor: Finished task 0.0 in stage 61.0 (TID 81). 2033 bytes result sent to driver
[2026-01-29T16:42:56.173+0530] {subprocess.py:106} INFO - 26/01/29 16:42:56 INFO TaskSetManager: Finished task 0.0 in stage 61.0 (TID 81) in 121 ms on Aishwarya92848DBDA (executor driver) (2/2)
[2026-01-29T16:42:56.174+0530] {subprocess.py:106} INFO - 26/01/29 16:42:56 INFO TaskSchedulerImpl: Removed TaskSet 61.0, whose tasks have all completed, from pool
[2026-01-29T16:42:56.174+0530] {subprocess.py:106} INFO - 26/01/29 16:42:56 INFO DAGScheduler: ShuffleMapStage 61 (count at NativeMethodAccessorImpl.java:0) finished in 0.126 s
[2026-01-29T16:42:56.174+0530] {subprocess.py:106} INFO - 26/01/29 16:42:56 INFO DAGScheduler: looking for newly runnable stages
[2026-01-29T16:42:56.174+0530] {subprocess.py:106} INFO - 26/01/29 16:42:56 INFO DAGScheduler: running: Set()
[2026-01-29T16:42:56.174+0530] {subprocess.py:106} INFO - 26/01/29 16:42:56 INFO DAGScheduler: waiting: Set()
[2026-01-29T16:42:56.174+0530] {subprocess.py:106} INFO - 26/01/29 16:42:56 INFO DAGScheduler: failed: Set()
[2026-01-29T16:42:56.185+0530] {subprocess.py:106} INFO - 26/01/29 16:42:56 INFO SparkContext: Starting job: count at NativeMethodAccessorImpl.java:0
[2026-01-29T16:42:56.185+0530] {subprocess.py:106} INFO - 26/01/29 16:42:56 INFO DAGScheduler: Got job 49 (count at NativeMethodAccessorImpl.java:0) with 1 output partitions
[2026-01-29T16:42:56.185+0530] {subprocess.py:106} INFO - 26/01/29 16:42:56 INFO DAGScheduler: Final stage: ResultStage 63 (count at NativeMethodAccessorImpl.java:0)
[2026-01-29T16:42:56.186+0530] {subprocess.py:106} INFO - 26/01/29 16:42:56 INFO DAGScheduler: Parents of final stage: List(ShuffleMapStage 62)
[2026-01-29T16:42:56.186+0530] {subprocess.py:106} INFO - 26/01/29 16:42:56 INFO DAGScheduler: Missing parents: List()
[2026-01-29T16:42:56.186+0530] {subprocess.py:106} INFO - 26/01/29 16:42:56 INFO DAGScheduler: Submitting ResultStage 63 (MapPartitionsRDD[229] at count at NativeMethodAccessorImpl.java:0), which has no missing parents
[2026-01-29T16:42:56.186+0530] {subprocess.py:106} INFO - 26/01/29 16:42:56 INFO MemoryStore: Block broadcast_85 stored as values in memory (estimated size 12.5 KiB, free 365.9 MiB)
[2026-01-29T16:42:56.187+0530] {subprocess.py:106} INFO - 26/01/29 16:42:56 INFO MemoryStore: Block broadcast_85_piece0 stored as bytes in memory (estimated size 5.9 KiB, free 365.9 MiB)
[2026-01-29T16:42:56.187+0530] {subprocess.py:106} INFO - 26/01/29 16:42:56 INFO BlockManagerInfo: Added broadcast_85_piece0 in memory on Aishwarya92848DBDA:45083 (size: 5.9 KiB, free: 366.3 MiB)
[2026-01-29T16:42:56.188+0530] {subprocess.py:106} INFO - 26/01/29 16:42:56 INFO SparkContext: Created broadcast 85 from broadcast at DAGScheduler.scala:1585
[2026-01-29T16:42:56.188+0530] {subprocess.py:106} INFO - 26/01/29 16:42:56 INFO DAGScheduler: Submitting 1 missing tasks from ResultStage 63 (MapPartitionsRDD[229] at count at NativeMethodAccessorImpl.java:0) (first 15 tasks are for partitions Vector(0))
[2026-01-29T16:42:56.189+0530] {subprocess.py:106} INFO - 26/01/29 16:42:56 INFO TaskSchedulerImpl: Adding task set 63.0 with 1 tasks resource profile 0
[2026-01-29T16:42:56.189+0530] {subprocess.py:106} INFO - 26/01/29 16:42:56 INFO TaskSetManager: Starting task 0.0 in stage 63.0 (TID 83) (Aishwarya92848DBDA, executor driver, partition 0, NODE_LOCAL, 7615 bytes)
[2026-01-29T16:42:56.189+0530] {subprocess.py:106} INFO - 26/01/29 16:42:56 INFO Executor: Running task 0.0 in stage 63.0 (TID 83)
[2026-01-29T16:42:56.191+0530] {subprocess.py:106} INFO - 26/01/29 16:42:56 INFO ShuffleBlockFetcherIterator: Getting 2 (120.0 B) non-empty blocks including 2 (120.0 B) local and 0 (0.0 B) host-local and 0 (0.0 B) push-merged-local and 0 (0.0 B) remote blocks
[2026-01-29T16:42:56.191+0530] {subprocess.py:106} INFO - 26/01/29 16:42:56 INFO ShuffleBlockFetcherIterator: Started 0 remote fetches in 0 ms
[2026-01-29T16:42:56.193+0530] {subprocess.py:106} INFO - 26/01/29 16:42:56 INFO Executor: Finished task 0.0 in stage 63.0 (TID 83). 3988 bytes result sent to driver
[2026-01-29T16:42:56.194+0530] {subprocess.py:106} INFO - 26/01/29 16:42:56 INFO TaskSetManager: Finished task 0.0 in stage 63.0 (TID 83) in 5 ms on Aishwarya92848DBDA (executor driver) (1/1)
[2026-01-29T16:42:56.194+0530] {subprocess.py:106} INFO - 26/01/29 16:42:56 INFO TaskSchedulerImpl: Removed TaskSet 63.0, whose tasks have all completed, from pool
[2026-01-29T16:42:56.195+0530] {subprocess.py:106} INFO - 26/01/29 16:42:56 INFO DAGScheduler: ResultStage 63 (count at NativeMethodAccessorImpl.java:0) finished in 0.008 s
[2026-01-29T16:42:56.195+0530] {subprocess.py:106} INFO - 26/01/29 16:42:56 INFO DAGScheduler: Job 49 is finished. Cancelling potential speculative or zombie tasks for this job
[2026-01-29T16:42:56.195+0530] {subprocess.py:106} INFO - 26/01/29 16:42:56 INFO TaskSchedulerImpl: Killing all running tasks in stage 63: Stage finished
[2026-01-29T16:42:56.195+0530] {subprocess.py:106} INFO - 26/01/29 16:42:56 INFO DAGScheduler: Job 49 finished: count at NativeMethodAccessorImpl.java:0, took 0.010406 s
[2026-01-29T16:42:56.196+0530] {subprocess.py:106} INFO - apparent_temperature_min: Outliers after handling = 0
[2026-01-29T16:42:56.215+0530] {subprocess.py:106} INFO - 26/01/29 16:42:56 INFO FileSourceStrategy: Pushed Filters:
[2026-01-29T16:42:56.215+0530] {subprocess.py:106} INFO - 26/01/29 16:42:56 INFO FileSourceStrategy: Post-Scan Filters:
[2026-01-29T16:42:56.217+0530] {subprocess.py:106} INFO - 26/01/29 16:42:56 INFO MemoryStore: Block broadcast_86 stored as values in memory (estimated size 350.2 KiB, free 365.5 MiB)
[2026-01-29T16:42:56.222+0530] {subprocess.py:106} INFO - 26/01/29 16:42:56 INFO MemoryStore: Block broadcast_86_piece0 stored as bytes in memory (estimated size 34.3 KiB, free 365.5 MiB)
[2026-01-29T16:42:56.222+0530] {subprocess.py:106} INFO - 26/01/29 16:42:56 INFO BlockManagerInfo: Added broadcast_86_piece0 in memory on Aishwarya92848DBDA:45083 (size: 34.3 KiB, free: 366.2 MiB)
[2026-01-29T16:42:56.223+0530] {subprocess.py:106} INFO - 26/01/29 16:42:56 INFO SparkContext: Created broadcast 86 from approxQuantile at <unknown>:0
[2026-01-29T16:42:56.224+0530] {subprocess.py:106} INFO - 26/01/29 16:42:56 INFO FileSourceScanExec: Planning scan with bin packing, max size: 4194304 bytes, open cost is considered as scanning 4194304 bytes.
[2026-01-29T16:42:56.233+0530] {subprocess.py:106} INFO - 26/01/29 16:42:56 INFO SparkContext: Starting job: approxQuantile at <unknown>:0
[2026-01-29T16:42:56.233+0530] {subprocess.py:106} INFO - 26/01/29 16:42:56 INFO DAGScheduler: Got job 50 (approxQuantile at <unknown>:0) with 2 output partitions
[2026-01-29T16:42:56.234+0530] {subprocess.py:106} INFO - 26/01/29 16:42:56 INFO DAGScheduler: Final stage: ResultStage 64 (approxQuantile at <unknown>:0)
[2026-01-29T16:42:56.234+0530] {subprocess.py:106} INFO - 26/01/29 16:42:56 INFO DAGScheduler: Parents of final stage: List()
[2026-01-29T16:42:56.234+0530] {subprocess.py:106} INFO - 26/01/29 16:42:56 INFO DAGScheduler: Missing parents: List()
[2026-01-29T16:42:56.234+0530] {subprocess.py:106} INFO - 26/01/29 16:42:56 INFO DAGScheduler: Submitting ResultStage 64 (MapPartitionsRDD[235] at approxQuantile at <unknown>:0), which has no missing parents
[2026-01-29T16:42:56.238+0530] {subprocess.py:106} INFO - 26/01/29 16:42:56 INFO MemoryStore: Block broadcast_87 stored as values in memory (estimated size 20.0 KiB, free 365.5 MiB)
[2026-01-29T16:42:56.239+0530] {subprocess.py:106} INFO - 26/01/29 16:42:56 INFO MemoryStore: Block broadcast_87_piece0 stored as bytes in memory (estimated size 9.5 KiB, free 365.5 MiB)
[2026-01-29T16:42:56.240+0530] {subprocess.py:106} INFO - 26/01/29 16:42:56 INFO BlockManagerInfo: Added broadcast_87_piece0 in memory on Aishwarya92848DBDA:45083 (size: 9.5 KiB, free: 366.2 MiB)
[2026-01-29T16:42:56.240+0530] {subprocess.py:106} INFO - 26/01/29 16:42:56 INFO SparkContext: Created broadcast 87 from broadcast at DAGScheduler.scala:1585
[2026-01-29T16:42:56.241+0530] {subprocess.py:106} INFO - 26/01/29 16:42:56 INFO DAGScheduler: Submitting 2 missing tasks from ResultStage 64 (MapPartitionsRDD[235] at approxQuantile at <unknown>:0) (first 15 tasks are for partitions Vector(0, 1))
[2026-01-29T16:42:56.241+0530] {subprocess.py:106} INFO - 26/01/29 16:42:56 INFO TaskSchedulerImpl: Adding task set 64.0 with 2 tasks resource profile 0
[2026-01-29T16:42:56.242+0530] {subprocess.py:106} INFO - 26/01/29 16:42:56 INFO TaskSetManager: Starting task 0.0 in stage 64.0 (TID 84) (Aishwarya92848DBDA, executor driver, partition 0, NODE_LOCAL, 8241 bytes)
[2026-01-29T16:42:56.242+0530] {subprocess.py:106} INFO - 26/01/29 16:42:56 INFO TaskSetManager: Starting task 1.0 in stage 64.0 (TID 85) (Aishwarya92848DBDA, executor driver, partition 1, NODE_LOCAL, 8241 bytes)
[2026-01-29T16:42:56.242+0530] {subprocess.py:106} INFO - 26/01/29 16:42:56 INFO Executor: Running task 1.0 in stage 64.0 (TID 85)
[2026-01-29T16:42:56.242+0530] {subprocess.py:106} INFO - 26/01/29 16:42:56 INFO Executor: Running task 0.0 in stage 64.0 (TID 84)
[2026-01-29T16:42:56.246+0530] {subprocess.py:106} INFO - 26/01/29 16:42:56 INFO FileScanRDD: Reading File path: hdfs://localhost:9000/weather/data/raw_data/weather_dataset.csv, range: 0-4194304, partition values: [empty row]
[2026-01-29T16:42:56.246+0530] {subprocess.py:106} INFO - 26/01/29 16:42:56 INFO FileScanRDD: Reading File path: hdfs://localhost:9000/weather/data/raw_data/weather_dataset.csv, range: 4194304-6329103, partition values: [empty row]
[2026-01-29T16:42:56.292+0530] {subprocess.py:106} INFO - 26/01/29 16:42:56 INFO Executor: Finished task 1.0 in stage 64.0 (TID 85). 8093 bytes result sent to driver
[2026-01-29T16:42:56.293+0530] {subprocess.py:106} INFO - 26/01/29 16:42:56 INFO TaskSetManager: Finished task 1.0 in stage 64.0 (TID 85) in 50 ms on Aishwarya92848DBDA (executor driver) (1/2)
[2026-01-29T16:42:56.336+0530] {subprocess.py:106} INFO - 26/01/29 16:42:56 INFO Executor: Finished task 0.0 in stage 64.0 (TID 84). 7188 bytes result sent to driver
[2026-01-29T16:42:56.336+0530] {subprocess.py:106} INFO - 26/01/29 16:42:56 INFO TaskSetManager: Finished task 0.0 in stage 64.0 (TID 84) in 94 ms on Aishwarya92848DBDA (executor driver) (2/2)
[2026-01-29T16:42:56.337+0530] {subprocess.py:106} INFO - 26/01/29 16:42:56 INFO TaskSchedulerImpl: Removed TaskSet 64.0, whose tasks have all completed, from pool
[2026-01-29T16:42:56.337+0530] {subprocess.py:106} INFO - 26/01/29 16:42:56 INFO DAGScheduler: ResultStage 64 (approxQuantile at <unknown>:0) finished in 0.103 s
[2026-01-29T16:42:56.337+0530] {subprocess.py:106} INFO - 26/01/29 16:42:56 INFO DAGScheduler: Job 50 is finished. Cancelling potential speculative or zombie tasks for this job
[2026-01-29T16:42:56.337+0530] {subprocess.py:106} INFO - 26/01/29 16:42:56 INFO TaskSchedulerImpl: Killing all running tasks in stage 64: Stage finished
[2026-01-29T16:42:56.337+0530] {subprocess.py:106} INFO - 26/01/29 16:42:56 INFO DAGScheduler: Job 50 finished: approxQuantile at <unknown>:0, took 0.104674 s
[2026-01-29T16:42:56.399+0530] {subprocess.py:106} INFO - 26/01/29 16:42:56 INFO FileSourceStrategy: Pushed Filters: Or(LessThan(precipitation_sum,-2.4000000000000004),GreaterThan(precipitation_sum,4.0))
[2026-01-29T16:42:56.400+0530] {subprocess.py:106} INFO - 26/01/29 16:42:56 INFO FileSourceStrategy: Post-Scan Filters: ((precipitation_sum#23 < -2.4000000000000004) OR (precipitation_sum#23 > 4.0))
[2026-01-29T16:42:56.408+0530] {subprocess.py:106} INFO - 26/01/29 16:42:56 INFO MemoryStore: Block broadcast_88 stored as values in memory (estimated size 350.2 KiB, free 365.1 MiB)
[2026-01-29T16:42:56.413+0530] {subprocess.py:106} INFO - 26/01/29 16:42:56 INFO MemoryStore: Block broadcast_88_piece0 stored as bytes in memory (estimated size 34.3 KiB, free 365.1 MiB)
[2026-01-29T16:42:56.414+0530] {subprocess.py:106} INFO - 26/01/29 16:42:56 INFO BlockManagerInfo: Added broadcast_88_piece0 in memory on Aishwarya92848DBDA:45083 (size: 34.3 KiB, free: 366.2 MiB)
[2026-01-29T16:42:56.414+0530] {subprocess.py:106} INFO - 26/01/29 16:42:56 INFO SparkContext: Created broadcast 88 from count at NativeMethodAccessorImpl.java:0
[2026-01-29T16:42:56.415+0530] {subprocess.py:106} INFO - 26/01/29 16:42:56 INFO FileSourceScanExec: Planning scan with bin packing, max size: 4194304 bytes, open cost is considered as scanning 4194304 bytes.
[2026-01-29T16:42:56.418+0530] {subprocess.py:106} INFO - 26/01/29 16:42:56 INFO DAGScheduler: Registering RDD 239 (count at NativeMethodAccessorImpl.java:0) as input to shuffle 14
[2026-01-29T16:42:56.418+0530] {subprocess.py:106} INFO - 26/01/29 16:42:56 INFO DAGScheduler: Got map stage job 51 (count at NativeMethodAccessorImpl.java:0) with 2 output partitions
[2026-01-29T16:42:56.419+0530] {subprocess.py:106} INFO - 26/01/29 16:42:56 INFO DAGScheduler: Final stage: ShuffleMapStage 65 (count at NativeMethodAccessorImpl.java:0)
[2026-01-29T16:42:56.419+0530] {subprocess.py:106} INFO - 26/01/29 16:42:56 INFO DAGScheduler: Parents of final stage: List()
[2026-01-29T16:42:56.419+0530] {subprocess.py:106} INFO - 26/01/29 16:42:56 INFO DAGScheduler: Missing parents: List()
[2026-01-29T16:42:56.419+0530] {subprocess.py:106} INFO - 26/01/29 16:42:56 INFO DAGScheduler: Submitting ShuffleMapStage 65 (MapPartitionsRDD[239] at count at NativeMethodAccessorImpl.java:0), which has no missing parents
[2026-01-29T16:42:56.421+0530] {subprocess.py:106} INFO - 26/01/29 16:42:56 INFO MemoryStore: Block broadcast_89 stored as values in memory (estimated size 20.0 KiB, free 365.1 MiB)
[2026-01-29T16:42:56.422+0530] {subprocess.py:106} INFO - 26/01/29 16:42:56 INFO MemoryStore: Block broadcast_89_piece0 stored as bytes in memory (estimated size 9.7 KiB, free 365.1 MiB)
[2026-01-29T16:42:56.422+0530] {subprocess.py:106} INFO - 26/01/29 16:42:56 INFO BlockManagerInfo: Added broadcast_89_piece0 in memory on Aishwarya92848DBDA:45083 (size: 9.7 KiB, free: 366.2 MiB)
[2026-01-29T16:42:56.423+0530] {subprocess.py:106} INFO - 26/01/29 16:42:56 INFO SparkContext: Created broadcast 89 from broadcast at DAGScheduler.scala:1585
[2026-01-29T16:42:56.423+0530] {subprocess.py:106} INFO - 26/01/29 16:42:56 INFO DAGScheduler: Submitting 2 missing tasks from ShuffleMapStage 65 (MapPartitionsRDD[239] at count at NativeMethodAccessorImpl.java:0) (first 15 tasks are for partitions Vector(0, 1))
[2026-01-29T16:42:56.423+0530] {subprocess.py:106} INFO - 26/01/29 16:42:56 INFO TaskSchedulerImpl: Adding task set 65.0 with 2 tasks resource profile 0
[2026-01-29T16:42:56.424+0530] {subprocess.py:106} INFO - 26/01/29 16:42:56 INFO TaskSetManager: Starting task 0.0 in stage 65.0 (TID 86) (Aishwarya92848DBDA, executor driver, partition 0, NODE_LOCAL, 8230 bytes)
[2026-01-29T16:42:56.424+0530] {subprocess.py:106} INFO - 26/01/29 16:42:56 INFO TaskSetManager: Starting task 1.0 in stage 65.0 (TID 87) (Aishwarya92848DBDA, executor driver, partition 1, NODE_LOCAL, 8230 bytes)
[2026-01-29T16:42:56.424+0530] {subprocess.py:106} INFO - 26/01/29 16:42:56 INFO Executor: Running task 1.0 in stage 65.0 (TID 87)
[2026-01-29T16:42:56.424+0530] {subprocess.py:106} INFO - 26/01/29 16:42:56 INFO Executor: Running task 0.0 in stage 65.0 (TID 86)
[2026-01-29T16:42:56.428+0530] {subprocess.py:106} INFO - 26/01/29 16:42:56 INFO FileScanRDD: Reading File path: hdfs://localhost:9000/weather/data/raw_data/weather_dataset.csv, range: 4194304-6329103, partition values: [empty row]
[2026-01-29T16:42:56.429+0530] {subprocess.py:106} INFO - 26/01/29 16:42:56 INFO FileScanRDD: Reading File path: hdfs://localhost:9000/weather/data/raw_data/weather_dataset.csv, range: 0-4194304, partition values: [empty row]
[2026-01-29T16:42:56.454+0530] {subprocess.py:106} INFO - 26/01/29 16:42:56 INFO BlockManagerInfo: Removed broadcast_83_piece0 on Aishwarya92848DBDA:45083 in memory (size: 34.3 KiB, free: 366.2 MiB)
[2026-01-29T16:42:56.455+0530] {subprocess.py:106} INFO - 26/01/29 16:42:56 INFO BlockManagerInfo: Removed broadcast_86_piece0 on Aishwarya92848DBDA:45083 in memory (size: 34.3 KiB, free: 366.2 MiB)
[2026-01-29T16:42:56.456+0530] {subprocess.py:106} INFO - 26/01/29 16:42:56 INFO BlockManagerInfo: Removed broadcast_84_piece0 on Aishwarya92848DBDA:45083 in memory (size: 10.0 KiB, free: 366.2 MiB)
[2026-01-29T16:42:56.457+0530] {subprocess.py:106} INFO - 26/01/29 16:42:56 INFO BlockManagerInfo: Removed broadcast_87_piece0 on Aishwarya92848DBDA:45083 in memory (size: 9.5 KiB, free: 366.3 MiB)
[2026-01-29T16:42:56.458+0530] {subprocess.py:106} INFO - 26/01/29 16:42:56 INFO BlockManagerInfo: Removed broadcast_85_piece0 on Aishwarya92848DBDA:45083 in memory (size: 5.9 KiB, free: 366.3 MiB)
[2026-01-29T16:42:56.479+0530] {subprocess.py:106} INFO - 26/01/29 16:42:56 INFO Executor: Finished task 1.0 in stage 65.0 (TID 87). 2033 bytes result sent to driver
[2026-01-29T16:42:56.480+0530] {subprocess.py:106} INFO - 26/01/29 16:42:56 INFO TaskSetManager: Finished task 1.0 in stage 65.0 (TID 87) in 55 ms on Aishwarya92848DBDA (executor driver) (1/2)
[2026-01-29T16:42:56.512+0530] {subprocess.py:106} INFO - 26/01/29 16:42:56 INFO Executor: Finished task 0.0 in stage 65.0 (TID 86). 2033 bytes result sent to driver
[2026-01-29T16:42:56.513+0530] {subprocess.py:106} INFO - 26/01/29 16:42:56 INFO TaskSetManager: Finished task 0.0 in stage 65.0 (TID 86) in 90 ms on Aishwarya92848DBDA (executor driver) (2/2)
[2026-01-29T16:42:56.513+0530] {subprocess.py:106} INFO - 26/01/29 16:42:56 INFO TaskSchedulerImpl: Removed TaskSet 65.0, whose tasks have all completed, from pool
[2026-01-29T16:42:56.513+0530] {subprocess.py:106} INFO - 26/01/29 16:42:56 INFO DAGScheduler: ShuffleMapStage 65 (count at NativeMethodAccessorImpl.java:0) finished in 0.094 s
[2026-01-29T16:42:56.513+0530] {subprocess.py:106} INFO - 26/01/29 16:42:56 INFO DAGScheduler: looking for newly runnable stages
[2026-01-29T16:42:56.514+0530] {subprocess.py:106} INFO - 26/01/29 16:42:56 INFO DAGScheduler: running: Set()
[2026-01-29T16:42:56.514+0530] {subprocess.py:106} INFO - 26/01/29 16:42:56 INFO DAGScheduler: waiting: Set()
[2026-01-29T16:42:56.514+0530] {subprocess.py:106} INFO - 26/01/29 16:42:56 INFO DAGScheduler: failed: Set()
[2026-01-29T16:42:56.524+0530] {subprocess.py:106} INFO - 26/01/29 16:42:56 INFO SparkContext: Starting job: count at NativeMethodAccessorImpl.java:0
[2026-01-29T16:42:56.525+0530] {subprocess.py:106} INFO - 26/01/29 16:42:56 INFO DAGScheduler: Got job 52 (count at NativeMethodAccessorImpl.java:0) with 1 output partitions
[2026-01-29T16:42:56.525+0530] {subprocess.py:106} INFO - 26/01/29 16:42:56 INFO DAGScheduler: Final stage: ResultStage 67 (count at NativeMethodAccessorImpl.java:0)
[2026-01-29T16:42:56.526+0530] {subprocess.py:106} INFO - 26/01/29 16:42:56 INFO DAGScheduler: Parents of final stage: List(ShuffleMapStage 66)
[2026-01-29T16:42:56.526+0530] {subprocess.py:106} INFO - 26/01/29 16:42:56 INFO DAGScheduler: Missing parents: List()
[2026-01-29T16:42:56.526+0530] {subprocess.py:106} INFO - 26/01/29 16:42:56 INFO DAGScheduler: Submitting ResultStage 67 (MapPartitionsRDD[242] at count at NativeMethodAccessorImpl.java:0), which has no missing parents
[2026-01-29T16:42:56.526+0530] {subprocess.py:106} INFO - 26/01/29 16:42:56 INFO MemoryStore: Block broadcast_90 stored as values in memory (estimated size 12.5 KiB, free 365.9 MiB)
[2026-01-29T16:42:56.527+0530] {subprocess.py:106} INFO - 26/01/29 16:42:56 INFO MemoryStore: Block broadcast_90_piece0 stored as bytes in memory (estimated size 5.9 KiB, free 365.9 MiB)
[2026-01-29T16:42:56.527+0530] {subprocess.py:106} INFO - 26/01/29 16:42:56 INFO BlockManagerInfo: Added broadcast_90_piece0 in memory on Aishwarya92848DBDA:45083 (size: 5.9 KiB, free: 366.3 MiB)
[2026-01-29T16:42:56.528+0530] {subprocess.py:106} INFO - 26/01/29 16:42:56 INFO SparkContext: Created broadcast 90 from broadcast at DAGScheduler.scala:1585
[2026-01-29T16:42:56.528+0530] {subprocess.py:106} INFO - 26/01/29 16:42:56 INFO DAGScheduler: Submitting 1 missing tasks from ResultStage 67 (MapPartitionsRDD[242] at count at NativeMethodAccessorImpl.java:0) (first 15 tasks are for partitions Vector(0))
[2026-01-29T16:42:56.528+0530] {subprocess.py:106} INFO - 26/01/29 16:42:56 INFO TaskSchedulerImpl: Adding task set 67.0 with 1 tasks resource profile 0
[2026-01-29T16:42:56.529+0530] {subprocess.py:106} INFO - 26/01/29 16:42:56 INFO TaskSetManager: Starting task 0.0 in stage 67.0 (TID 88) (Aishwarya92848DBDA, executor driver, partition 0, NODE_LOCAL, 7615 bytes)
[2026-01-29T16:42:56.529+0530] {subprocess.py:106} INFO - 26/01/29 16:42:56 INFO Executor: Running task 0.0 in stage 67.0 (TID 88)
[2026-01-29T16:42:56.531+0530] {subprocess.py:106} INFO - 26/01/29 16:42:56 INFO ShuffleBlockFetcherIterator: Getting 2 (120.0 B) non-empty blocks including 2 (120.0 B) local and 0 (0.0 B) host-local and 0 (0.0 B) push-merged-local and 0 (0.0 B) remote blocks
[2026-01-29T16:42:56.532+0530] {subprocess.py:106} INFO - 26/01/29 16:42:56 INFO ShuffleBlockFetcherIterator: Started 0 remote fetches in 0 ms
[2026-01-29T16:42:56.533+0530] {subprocess.py:106} INFO - 26/01/29 16:42:56 INFO Executor: Finished task 0.0 in stage 67.0 (TID 88). 3995 bytes result sent to driver
[2026-01-29T16:42:56.534+0530] {subprocess.py:106} INFO - 26/01/29 16:42:56 INFO TaskSetManager: Finished task 0.0 in stage 67.0 (TID 88) in 6 ms on Aishwarya92848DBDA (executor driver) (1/1)
[2026-01-29T16:42:56.534+0530] {subprocess.py:106} INFO - 26/01/29 16:42:56 INFO TaskSchedulerImpl: Removed TaskSet 67.0, whose tasks have all completed, from pool
[2026-01-29T16:42:56.534+0530] {subprocess.py:106} INFO - 26/01/29 16:42:56 INFO DAGScheduler: ResultStage 67 (count at NativeMethodAccessorImpl.java:0) finished in 0.008 s
[2026-01-29T16:42:56.535+0530] {subprocess.py:106} INFO - 26/01/29 16:42:56 INFO DAGScheduler: Job 52 is finished. Cancelling potential speculative or zombie tasks for this job
[2026-01-29T16:42:56.535+0530] {subprocess.py:106} INFO - 26/01/29 16:42:56 INFO TaskSchedulerImpl: Killing all running tasks in stage 67: Stage finished
[2026-01-29T16:42:56.535+0530] {subprocess.py:106} INFO - 26/01/29 16:42:56 INFO DAGScheduler: Job 52 finished: count at NativeMethodAccessorImpl.java:0, took 0.010525 s
[2026-01-29T16:42:56.536+0530] {subprocess.py:106} INFO - precipitation_sum: Outliers after handling = 18134
[2026-01-29T16:42:56.552+0530] {subprocess.py:106} INFO - 26/01/29 16:42:56 INFO FileSourceStrategy: Pushed Filters:
[2026-01-29T16:42:56.552+0530] {subprocess.py:106} INFO - 26/01/29 16:42:56 INFO FileSourceStrategy: Post-Scan Filters:
[2026-01-29T16:42:56.553+0530] {subprocess.py:106} INFO - 26/01/29 16:42:56 INFO MemoryStore: Block broadcast_91 stored as values in memory (estimated size 350.2 KiB, free 365.5 MiB)
[2026-01-29T16:42:56.559+0530] {subprocess.py:106} INFO - 26/01/29 16:42:56 INFO MemoryStore: Block broadcast_91_piece0 stored as bytes in memory (estimated size 34.3 KiB, free 365.5 MiB)
[2026-01-29T16:42:56.559+0530] {subprocess.py:106} INFO - 26/01/29 16:42:56 INFO BlockManagerInfo: Added broadcast_91_piece0 in memory on Aishwarya92848DBDA:45083 (size: 34.3 KiB, free: 366.2 MiB)
[2026-01-29T16:42:56.559+0530] {subprocess.py:106} INFO - 26/01/29 16:42:56 INFO SparkContext: Created broadcast 91 from approxQuantile at <unknown>:0
[2026-01-29T16:42:56.560+0530] {subprocess.py:106} INFO - 26/01/29 16:42:56 INFO FileSourceScanExec: Planning scan with bin packing, max size: 4194304 bytes, open cost is considered as scanning 4194304 bytes.
[2026-01-29T16:42:56.569+0530] {subprocess.py:106} INFO - 26/01/29 16:42:56 INFO SparkContext: Starting job: approxQuantile at <unknown>:0
[2026-01-29T16:42:56.570+0530] {subprocess.py:106} INFO - 26/01/29 16:42:56 INFO DAGScheduler: Got job 53 (approxQuantile at <unknown>:0) with 2 output partitions
[2026-01-29T16:42:56.570+0530] {subprocess.py:106} INFO - 26/01/29 16:42:56 INFO DAGScheduler: Final stage: ResultStage 68 (approxQuantile at <unknown>:0)
[2026-01-29T16:42:56.570+0530] {subprocess.py:106} INFO - 26/01/29 16:42:56 INFO DAGScheduler: Parents of final stage: List()
[2026-01-29T16:42:56.570+0530] {subprocess.py:106} INFO - 26/01/29 16:42:56 INFO DAGScheduler: Missing parents: List()
[2026-01-29T16:42:56.570+0530] {subprocess.py:106} INFO - 26/01/29 16:42:56 INFO DAGScheduler: Submitting ResultStage 68 (MapPartitionsRDD[248] at approxQuantile at <unknown>:0), which has no missing parents
[2026-01-29T16:42:56.574+0530] {subprocess.py:106} INFO - 26/01/29 16:42:56 INFO MemoryStore: Block broadcast_92 stored as values in memory (estimated size 20.0 KiB, free 365.5 MiB)
[2026-01-29T16:42:56.575+0530] {subprocess.py:106} INFO - 26/01/29 16:42:56 INFO MemoryStore: Block broadcast_92_piece0 stored as bytes in memory (estimated size 9.5 KiB, free 365.5 MiB)
[2026-01-29T16:42:56.575+0530] {subprocess.py:106} INFO - 26/01/29 16:42:56 INFO BlockManagerInfo: Added broadcast_92_piece0 in memory on Aishwarya92848DBDA:45083 (size: 9.5 KiB, free: 366.2 MiB)
[2026-01-29T16:42:56.576+0530] {subprocess.py:106} INFO - 26/01/29 16:42:56 INFO SparkContext: Created broadcast 92 from broadcast at DAGScheduler.scala:1585
[2026-01-29T16:42:56.576+0530] {subprocess.py:106} INFO - 26/01/29 16:42:56 INFO DAGScheduler: Submitting 2 missing tasks from ResultStage 68 (MapPartitionsRDD[248] at approxQuantile at <unknown>:0) (first 15 tasks are for partitions Vector(0, 1))
[2026-01-29T16:42:56.576+0530] {subprocess.py:106} INFO - 26/01/29 16:42:56 INFO TaskSchedulerImpl: Adding task set 68.0 with 2 tasks resource profile 0
[2026-01-29T16:42:56.577+0530] {subprocess.py:106} INFO - 26/01/29 16:42:56 INFO TaskSetManager: Starting task 0.0 in stage 68.0 (TID 89) (Aishwarya92848DBDA, executor driver, partition 0, NODE_LOCAL, 8241 bytes)
[2026-01-29T16:42:56.578+0530] {subprocess.py:106} INFO - 26/01/29 16:42:56 INFO TaskSetManager: Starting task 1.0 in stage 68.0 (TID 90) (Aishwarya92848DBDA, executor driver, partition 1, NODE_LOCAL, 8241 bytes)
[2026-01-29T16:42:56.578+0530] {subprocess.py:106} INFO - 26/01/29 16:42:56 INFO Executor: Running task 0.0 in stage 68.0 (TID 89)
[2026-01-29T16:42:56.578+0530] {subprocess.py:106} INFO - 26/01/29 16:42:56 INFO Executor: Running task 1.0 in stage 68.0 (TID 90)
[2026-01-29T16:42:56.581+0530] {subprocess.py:106} INFO - 26/01/29 16:42:56 INFO FileScanRDD: Reading File path: hdfs://localhost:9000/weather/data/raw_data/weather_dataset.csv, range: 0-4194304, partition values: [empty row]
[2026-01-29T16:42:56.581+0530] {subprocess.py:106} INFO - 26/01/29 16:42:56 INFO FileScanRDD: Reading File path: hdfs://localhost:9000/weather/data/raw_data/weather_dataset.csv, range: 4194304-6329103, partition values: [empty row]
[2026-01-29T16:42:56.635+0530] {subprocess.py:106} INFO - 26/01/29 16:42:56 INFO Executor: Finished task 1.0 in stage 68.0 (TID 90). 8093 bytes result sent to driver
[2026-01-29T16:42:56.636+0530] {subprocess.py:106} INFO - 26/01/29 16:42:56 INFO TaskSetManager: Finished task 1.0 in stage 68.0 (TID 90) in 58 ms on Aishwarya92848DBDA (executor driver) (1/2)
[2026-01-29T16:42:56.677+0530] {subprocess.py:106} INFO - 26/01/29 16:42:56 INFO Executor: Finished task 0.0 in stage 68.0 (TID 89). 7188 bytes result sent to driver
[2026-01-29T16:42:56.678+0530] {subprocess.py:106} INFO - 26/01/29 16:42:56 INFO TaskSetManager: Finished task 0.0 in stage 68.0 (TID 89) in 101 ms on Aishwarya92848DBDA (executor driver) (2/2)
[2026-01-29T16:42:56.678+0530] {subprocess.py:106} INFO - 26/01/29 16:42:56 INFO TaskSchedulerImpl: Removed TaskSet 68.0, whose tasks have all completed, from pool
[2026-01-29T16:42:56.679+0530] {subprocess.py:106} INFO - 26/01/29 16:42:56 INFO DAGScheduler: ResultStage 68 (approxQuantile at <unknown>:0) finished in 0.108 s
[2026-01-29T16:42:56.679+0530] {subprocess.py:106} INFO - 26/01/29 16:42:56 INFO DAGScheduler: Job 53 is finished. Cancelling potential speculative or zombie tasks for this job
[2026-01-29T16:42:56.679+0530] {subprocess.py:106} INFO - 26/01/29 16:42:56 INFO TaskSchedulerImpl: Killing all running tasks in stage 68: Stage finished
[2026-01-29T16:42:56.679+0530] {subprocess.py:106} INFO - 26/01/29 16:42:56 INFO DAGScheduler: Job 53 finished: approxQuantile at <unknown>:0, took 0.110559 s
[2026-01-29T16:42:56.755+0530] {subprocess.py:106} INFO - 26/01/29 16:42:56 INFO FileSourceStrategy: Pushed Filters: Or(LessThan(rain_sum,-2.4000000000000004),GreaterThan(rain_sum,4.0))
[2026-01-29T16:42:56.756+0530] {subprocess.py:106} INFO - 26/01/29 16:42:56 INFO FileSourceStrategy: Post-Scan Filters: ((rain_sum#24 < -2.4000000000000004) OR (rain_sum#24 > 4.0))
[2026-01-29T16:42:56.768+0530] {subprocess.py:106} INFO - 26/01/29 16:42:56 INFO MemoryStore: Block broadcast_93 stored as values in memory (estimated size 350.2 KiB, free 365.1 MiB)
[2026-01-29T16:42:56.773+0530] {subprocess.py:106} INFO - 26/01/29 16:42:56 INFO MemoryStore: Block broadcast_93_piece0 stored as bytes in memory (estimated size 34.3 KiB, free 365.1 MiB)
[2026-01-29T16:42:56.774+0530] {subprocess.py:106} INFO - 26/01/29 16:42:56 INFO BlockManagerInfo: Added broadcast_93_piece0 in memory on Aishwarya92848DBDA:45083 (size: 34.3 KiB, free: 366.2 MiB)
[2026-01-29T16:42:56.775+0530] {subprocess.py:106} INFO - 26/01/29 16:42:56 INFO SparkContext: Created broadcast 93 from count at NativeMethodAccessorImpl.java:0
[2026-01-29T16:42:56.776+0530] {subprocess.py:106} INFO - 26/01/29 16:42:56 INFO FileSourceScanExec: Planning scan with bin packing, max size: 4194304 bytes, open cost is considered as scanning 4194304 bytes.
[2026-01-29T16:42:56.780+0530] {subprocess.py:106} INFO - 26/01/29 16:42:56 INFO DAGScheduler: Registering RDD 252 (count at NativeMethodAccessorImpl.java:0) as input to shuffle 15
[2026-01-29T16:42:56.780+0530] {subprocess.py:106} INFO - 26/01/29 16:42:56 INFO DAGScheduler: Got map stage job 54 (count at NativeMethodAccessorImpl.java:0) with 2 output partitions
[2026-01-29T16:42:56.781+0530] {subprocess.py:106} INFO - 26/01/29 16:42:56 INFO DAGScheduler: Final stage: ShuffleMapStage 69 (count at NativeMethodAccessorImpl.java:0)
[2026-01-29T16:42:56.781+0530] {subprocess.py:106} INFO - 26/01/29 16:42:56 INFO DAGScheduler: Parents of final stage: List()
[2026-01-29T16:42:56.781+0530] {subprocess.py:106} INFO - 26/01/29 16:42:56 INFO DAGScheduler: Missing parents: List()
[2026-01-29T16:42:56.781+0530] {subprocess.py:106} INFO - 26/01/29 16:42:56 INFO DAGScheduler: Submitting ShuffleMapStage 69 (MapPartitionsRDD[252] at count at NativeMethodAccessorImpl.java:0), which has no missing parents
[2026-01-29T16:42:56.783+0530] {subprocess.py:106} INFO - 26/01/29 16:42:56 INFO MemoryStore: Block broadcast_94 stored as values in memory (estimated size 20.0 KiB, free 365.1 MiB)
[2026-01-29T16:42:56.784+0530] {subprocess.py:106} INFO - 26/01/29 16:42:56 INFO MemoryStore: Block broadcast_94_piece0 stored as bytes in memory (estimated size 9.7 KiB, free 365.1 MiB)
[2026-01-29T16:42:56.785+0530] {subprocess.py:106} INFO - 26/01/29 16:42:56 INFO BlockManagerInfo: Added broadcast_94_piece0 in memory on Aishwarya92848DBDA:45083 (size: 9.7 KiB, free: 366.2 MiB)
[2026-01-29T16:42:56.785+0530] {subprocess.py:106} INFO - 26/01/29 16:42:56 INFO SparkContext: Created broadcast 94 from broadcast at DAGScheduler.scala:1585
[2026-01-29T16:42:56.785+0530] {subprocess.py:106} INFO - 26/01/29 16:42:56 INFO DAGScheduler: Submitting 2 missing tasks from ShuffleMapStage 69 (MapPartitionsRDD[252] at count at NativeMethodAccessorImpl.java:0) (first 15 tasks are for partitions Vector(0, 1))
[2026-01-29T16:42:56.785+0530] {subprocess.py:106} INFO - 26/01/29 16:42:56 INFO TaskSchedulerImpl: Adding task set 69.0 with 2 tasks resource profile 0
[2026-01-29T16:42:56.786+0530] {subprocess.py:106} INFO - 26/01/29 16:42:56 INFO TaskSetManager: Starting task 0.0 in stage 69.0 (TID 91) (Aishwarya92848DBDA, executor driver, partition 0, NODE_LOCAL, 8230 bytes)
[2026-01-29T16:42:56.787+0530] {subprocess.py:106} INFO - 26/01/29 16:42:56 INFO TaskSetManager: Starting task 1.0 in stage 69.0 (TID 92) (Aishwarya92848DBDA, executor driver, partition 1, NODE_LOCAL, 8230 bytes)
[2026-01-29T16:42:56.787+0530] {subprocess.py:106} INFO - 26/01/29 16:42:56 INFO Executor: Running task 1.0 in stage 69.0 (TID 92)
[2026-01-29T16:42:56.787+0530] {subprocess.py:106} INFO - 26/01/29 16:42:56 INFO Executor: Running task 0.0 in stage 69.0 (TID 91)
[2026-01-29T16:42:56.790+0530] {subprocess.py:106} INFO - 26/01/29 16:42:56 INFO FileScanRDD: Reading File path: hdfs://localhost:9000/weather/data/raw_data/weather_dataset.csv, range: 4194304-6329103, partition values: [empty row]
[2026-01-29T16:42:56.791+0530] {subprocess.py:106} INFO - 26/01/29 16:42:56 INFO FileScanRDD: Reading File path: hdfs://localhost:9000/weather/data/raw_data/weather_dataset.csv, range: 0-4194304, partition values: [empty row]
[2026-01-29T16:42:56.809+0530] {subprocess.py:106} INFO - 26/01/29 16:42:56 INFO BlockManagerInfo: Removed broadcast_91_piece0 on Aishwarya92848DBDA:45083 in memory (size: 34.3 KiB, free: 366.2 MiB)
[2026-01-29T16:42:56.810+0530] {subprocess.py:106} INFO - 26/01/29 16:42:56 INFO BlockManagerInfo: Removed broadcast_92_piece0 on Aishwarya92848DBDA:45083 in memory (size: 9.5 KiB, free: 366.2 MiB)
[2026-01-29T16:42:56.811+0530] {subprocess.py:106} INFO - 26/01/29 16:42:56 INFO BlockManagerInfo: Removed broadcast_88_piece0 on Aishwarya92848DBDA:45083 in memory (size: 34.3 KiB, free: 366.2 MiB)
[2026-01-29T16:42:56.813+0530] {subprocess.py:106} INFO - 26/01/29 16:42:56 INFO BlockManagerInfo: Removed broadcast_90_piece0 on Aishwarya92848DBDA:45083 in memory (size: 5.9 KiB, free: 366.2 MiB)
[2026-01-29T16:42:56.814+0530] {subprocess.py:106} INFO - 26/01/29 16:42:56 INFO BlockManagerInfo: Removed broadcast_89_piece0 on Aishwarya92848DBDA:45083 in memory (size: 9.7 KiB, free: 366.3 MiB)
[2026-01-29T16:42:56.843+0530] {subprocess.py:106} INFO - 26/01/29 16:42:56 INFO Executor: Finished task 1.0 in stage 69.0 (TID 92). 2033 bytes result sent to driver
[2026-01-29T16:42:56.844+0530] {subprocess.py:106} INFO - 26/01/29 16:42:56 INFO TaskSetManager: Finished task 1.0 in stage 69.0 (TID 92) in 58 ms on Aishwarya92848DBDA (executor driver) (1/2)
[2026-01-29T16:42:56.874+0530] {subprocess.py:106} INFO - 26/01/29 16:42:56 INFO Executor: Finished task 0.0 in stage 69.0 (TID 91). 2033 bytes result sent to driver
[2026-01-29T16:42:56.875+0530] {subprocess.py:106} INFO - 26/01/29 16:42:56 INFO TaskSetManager: Finished task 0.0 in stage 69.0 (TID 91) in 89 ms on Aishwarya92848DBDA (executor driver) (2/2)
[2026-01-29T16:42:56.875+0530] {subprocess.py:106} INFO - 26/01/29 16:42:56 INFO TaskSchedulerImpl: Removed TaskSet 69.0, whose tasks have all completed, from pool
[2026-01-29T16:42:56.875+0530] {subprocess.py:106} INFO - 26/01/29 16:42:56 INFO DAGScheduler: ShuffleMapStage 69 (count at NativeMethodAccessorImpl.java:0) finished in 0.094 s
[2026-01-29T16:42:56.876+0530] {subprocess.py:106} INFO - 26/01/29 16:42:56 INFO DAGScheduler: looking for newly runnable stages
[2026-01-29T16:42:56.876+0530] {subprocess.py:106} INFO - 26/01/29 16:42:56 INFO DAGScheduler: running: Set()
[2026-01-29T16:42:56.876+0530] {subprocess.py:106} INFO - 26/01/29 16:42:56 INFO DAGScheduler: waiting: Set()
[2026-01-29T16:42:56.876+0530] {subprocess.py:106} INFO - 26/01/29 16:42:56 INFO DAGScheduler: failed: Set()
[2026-01-29T16:42:56.887+0530] {subprocess.py:106} INFO - 26/01/29 16:42:56 INFO SparkContext: Starting job: count at NativeMethodAccessorImpl.java:0
[2026-01-29T16:42:56.888+0530] {subprocess.py:106} INFO - 26/01/29 16:42:56 INFO DAGScheduler: Got job 55 (count at NativeMethodAccessorImpl.java:0) with 1 output partitions
[2026-01-29T16:42:56.888+0530] {subprocess.py:106} INFO - 26/01/29 16:42:56 INFO DAGScheduler: Final stage: ResultStage 71 (count at NativeMethodAccessorImpl.java:0)
[2026-01-29T16:42:56.889+0530] {subprocess.py:106} INFO - 26/01/29 16:42:56 INFO DAGScheduler: Parents of final stage: List(ShuffleMapStage 70)
[2026-01-29T16:42:56.889+0530] {subprocess.py:106} INFO - 26/01/29 16:42:56 INFO DAGScheduler: Missing parents: List()
[2026-01-29T16:42:56.889+0530] {subprocess.py:106} INFO - 26/01/29 16:42:56 INFO DAGScheduler: Submitting ResultStage 71 (MapPartitionsRDD[255] at count at NativeMethodAccessorImpl.java:0), which has no missing parents
[2026-01-29T16:42:56.890+0530] {subprocess.py:106} INFO - 26/01/29 16:42:56 INFO MemoryStore: Block broadcast_95 stored as values in memory (estimated size 12.5 KiB, free 365.9 MiB)
[2026-01-29T16:42:56.890+0530] {subprocess.py:106} INFO - 26/01/29 16:42:56 INFO MemoryStore: Block broadcast_95_piece0 stored as bytes in memory (estimated size 5.9 KiB, free 365.9 MiB)
[2026-01-29T16:42:56.891+0530] {subprocess.py:106} INFO - 26/01/29 16:42:56 INFO BlockManagerInfo: Added broadcast_95_piece0 in memory on Aishwarya92848DBDA:45083 (size: 5.9 KiB, free: 366.3 MiB)
[2026-01-29T16:42:56.891+0530] {subprocess.py:106} INFO - 26/01/29 16:42:56 INFO SparkContext: Created broadcast 95 from broadcast at DAGScheduler.scala:1585
[2026-01-29T16:42:56.891+0530] {subprocess.py:106} INFO - 26/01/29 16:42:56 INFO DAGScheduler: Submitting 1 missing tasks from ResultStage 71 (MapPartitionsRDD[255] at count at NativeMethodAccessorImpl.java:0) (first 15 tasks are for partitions Vector(0))
[2026-01-29T16:42:56.891+0530] {subprocess.py:106} INFO - 26/01/29 16:42:56 INFO TaskSchedulerImpl: Adding task set 71.0 with 1 tasks resource profile 0
[2026-01-29T16:42:56.892+0530] {subprocess.py:106} INFO - 26/01/29 16:42:56 INFO TaskSetManager: Starting task 0.0 in stage 71.0 (TID 93) (Aishwarya92848DBDA, executor driver, partition 0, NODE_LOCAL, 7615 bytes)
[2026-01-29T16:42:56.892+0530] {subprocess.py:106} INFO - 26/01/29 16:42:56 INFO Executor: Running task 0.0 in stage 71.0 (TID 93)
[2026-01-29T16:42:56.894+0530] {subprocess.py:106} INFO - 26/01/29 16:42:56 INFO ShuffleBlockFetcherIterator: Getting 2 (120.0 B) non-empty blocks including 2 (120.0 B) local and 0 (0.0 B) host-local and 0 (0.0 B) push-merged-local and 0 (0.0 B) remote blocks
[2026-01-29T16:42:56.895+0530] {subprocess.py:106} INFO - 26/01/29 16:42:56 INFO ShuffleBlockFetcherIterator: Started 0 remote fetches in 0 ms
[2026-01-29T16:42:56.896+0530] {subprocess.py:106} INFO - 26/01/29 16:42:56 INFO Executor: Finished task 0.0 in stage 71.0 (TID 93). 3995 bytes result sent to driver
[2026-01-29T16:42:56.897+0530] {subprocess.py:106} INFO - 26/01/29 16:42:56 INFO TaskSetManager: Finished task 0.0 in stage 71.0 (TID 93) in 5 ms on Aishwarya92848DBDA (executor driver) (1/1)
[2026-01-29T16:42:56.897+0530] {subprocess.py:106} INFO - 26/01/29 16:42:56 INFO TaskSchedulerImpl: Removed TaskSet 71.0, whose tasks have all completed, from pool
[2026-01-29T16:42:56.898+0530] {subprocess.py:106} INFO - 26/01/29 16:42:56 INFO DAGScheduler: ResultStage 71 (count at NativeMethodAccessorImpl.java:0) finished in 0.008 s
[2026-01-29T16:42:56.898+0530] {subprocess.py:106} INFO - 26/01/29 16:42:56 INFO DAGScheduler: Job 55 is finished. Cancelling potential speculative or zombie tasks for this job
[2026-01-29T16:42:56.898+0530] {subprocess.py:106} INFO - 26/01/29 16:42:56 INFO TaskSchedulerImpl: Killing all running tasks in stage 71: Stage finished
[2026-01-29T16:42:56.898+0530] {subprocess.py:106} INFO - 26/01/29 16:42:56 INFO DAGScheduler: Job 55 finished: count at NativeMethodAccessorImpl.java:0, took 0.010830 s
[2026-01-29T16:42:56.899+0530] {subprocess.py:106} INFO - rain_sum: Outliers after handling = 18134
[2026-01-29T16:42:56.920+0530] {subprocess.py:106} INFO - 26/01/29 16:42:56 INFO FileSourceStrategy: Pushed Filters:
[2026-01-29T16:42:56.920+0530] {subprocess.py:106} INFO - 26/01/29 16:42:56 INFO FileSourceStrategy: Post-Scan Filters:
[2026-01-29T16:42:56.930+0530] {subprocess.py:106} INFO - 26/01/29 16:42:56 INFO CodeGenerator: Code generated in 6.671824 ms
[2026-01-29T16:42:56.931+0530] {subprocess.py:106} INFO - 26/01/29 16:42:56 INFO MemoryStore: Block broadcast_96 stored as values in memory (estimated size 350.2 KiB, free 365.5 MiB)
[2026-01-29T16:42:56.936+0530] {subprocess.py:106} INFO - 26/01/29 16:42:56 INFO MemoryStore: Block broadcast_96_piece0 stored as bytes in memory (estimated size 34.3 KiB, free 365.5 MiB)
[2026-01-29T16:42:56.937+0530] {subprocess.py:106} INFO - 26/01/29 16:42:56 INFO BlockManagerInfo: Added broadcast_96_piece0 in memory on Aishwarya92848DBDA:45083 (size: 34.3 KiB, free: 366.2 MiB)
[2026-01-29T16:42:56.937+0530] {subprocess.py:106} INFO - 26/01/29 16:42:56 INFO SparkContext: Created broadcast 96 from approxQuantile at <unknown>:0
[2026-01-29T16:42:56.938+0530] {subprocess.py:106} INFO - 26/01/29 16:42:56 INFO FileSourceScanExec: Planning scan with bin packing, max size: 4194304 bytes, open cost is considered as scanning 4194304 bytes.
[2026-01-29T16:42:56.949+0530] {subprocess.py:106} INFO - 26/01/29 16:42:56 INFO SparkContext: Starting job: approxQuantile at <unknown>:0
[2026-01-29T16:42:56.949+0530] {subprocess.py:106} INFO - 26/01/29 16:42:56 INFO DAGScheduler: Got job 56 (approxQuantile at <unknown>:0) with 2 output partitions
[2026-01-29T16:42:56.949+0530] {subprocess.py:106} INFO - 26/01/29 16:42:56 INFO DAGScheduler: Final stage: ResultStage 72 (approxQuantile at <unknown>:0)
[2026-01-29T16:42:56.950+0530] {subprocess.py:106} INFO - 26/01/29 16:42:56 INFO DAGScheduler: Parents of final stage: List()
[2026-01-29T16:42:56.950+0530] {subprocess.py:106} INFO - 26/01/29 16:42:56 INFO DAGScheduler: Missing parents: List()
[2026-01-29T16:42:56.950+0530] {subprocess.py:106} INFO - 26/01/29 16:42:56 INFO DAGScheduler: Submitting ResultStage 72 (MapPartitionsRDD[262] at approxQuantile at <unknown>:0), which has no missing parents
[2026-01-29T16:42:56.956+0530] {subprocess.py:106} INFO - 26/01/29 16:42:56 INFO MemoryStore: Block broadcast_97 stored as values in memory (estimated size 32.9 KiB, free 365.5 MiB)
[2026-01-29T16:42:56.957+0530] {subprocess.py:106} INFO - 26/01/29 16:42:56 INFO MemoryStore: Block broadcast_97_piece0 stored as bytes in memory (estimated size 15.2 KiB, free 365.5 MiB)
[2026-01-29T16:42:56.958+0530] {subprocess.py:106} INFO - 26/01/29 16:42:56 INFO BlockManagerInfo: Added broadcast_97_piece0 in memory on Aishwarya92848DBDA:45083 (size: 15.2 KiB, free: 366.2 MiB)
[2026-01-29T16:42:56.958+0530] {subprocess.py:106} INFO - 26/01/29 16:42:56 INFO SparkContext: Created broadcast 97 from broadcast at DAGScheduler.scala:1585
[2026-01-29T16:42:56.958+0530] {subprocess.py:106} INFO - 26/01/29 16:42:56 INFO DAGScheduler: Submitting 2 missing tasks from ResultStage 72 (MapPartitionsRDD[262] at approxQuantile at <unknown>:0) (first 15 tasks are for partitions Vector(0, 1))
[2026-01-29T16:42:56.958+0530] {subprocess.py:106} INFO - 26/01/29 16:42:56 INFO TaskSchedulerImpl: Adding task set 72.0 with 2 tasks resource profile 0
[2026-01-29T16:42:56.959+0530] {subprocess.py:106} INFO - 26/01/29 16:42:56 INFO TaskSetManager: Starting task 0.0 in stage 72.0 (TID 94) (Aishwarya92848DBDA, executor driver, partition 0, NODE_LOCAL, 8241 bytes)
[2026-01-29T16:42:56.960+0530] {subprocess.py:106} INFO - 26/01/29 16:42:56 INFO TaskSetManager: Starting task 1.0 in stage 72.0 (TID 95) (Aishwarya92848DBDA, executor driver, partition 1, NODE_LOCAL, 8241 bytes)
[2026-01-29T16:42:56.960+0530] {subprocess.py:106} INFO - 26/01/29 16:42:56 INFO Executor: Running task 0.0 in stage 72.0 (TID 94)
[2026-01-29T16:42:56.960+0530] {subprocess.py:106} INFO - 26/01/29 16:42:56 INFO Executor: Running task 1.0 in stage 72.0 (TID 95)
[2026-01-29T16:42:56.969+0530] {subprocess.py:106} INFO - 26/01/29 16:42:56 INFO CodeGenerator: Code generated in 6.644001 ms
[2026-01-29T16:42:56.971+0530] {subprocess.py:106} INFO - 26/01/29 16:42:56 INFO FileScanRDD: Reading File path: hdfs://localhost:9000/weather/data/raw_data/weather_dataset.csv, range: 0-4194304, partition values: [empty row]
[2026-01-29T16:42:56.971+0530] {subprocess.py:106} INFO - 26/01/29 16:42:56 INFO FileScanRDD: Reading File path: hdfs://localhost:9000/weather/data/raw_data/weather_dataset.csv, range: 4194304-6329103, partition values: [empty row]
[2026-01-29T16:42:57.034+0530] {subprocess.py:106} INFO - 26/01/29 16:42:57 INFO Executor: Finished task 1.0 in stage 72.0 (TID 95). 8161 bytes result sent to driver
[2026-01-29T16:42:57.035+0530] {subprocess.py:106} INFO - 26/01/29 16:42:57 INFO TaskSetManager: Finished task 1.0 in stage 72.0 (TID 95) in 76 ms on Aishwarya92848DBDA (executor driver) (1/2)
[2026-01-29T16:42:57.074+0530] {subprocess.py:106} INFO - 26/01/29 16:42:57 INFO Executor: Finished task 0.0 in stage 72.0 (TID 94). 5961 bytes result sent to driver
[2026-01-29T16:42:57.075+0530] {subprocess.py:106} INFO - 26/01/29 16:42:57 INFO TaskSetManager: Finished task 0.0 in stage 72.0 (TID 94) in 116 ms on Aishwarya92848DBDA (executor driver) (2/2)
[2026-01-29T16:42:57.075+0530] {subprocess.py:106} INFO - 26/01/29 16:42:57 INFO TaskSchedulerImpl: Removed TaskSet 72.0, whose tasks have all completed, from pool
[2026-01-29T16:42:57.075+0530] {subprocess.py:106} INFO - 26/01/29 16:42:57 INFO DAGScheduler: ResultStage 72 (approxQuantile at <unknown>:0) finished in 0.125 s
[2026-01-29T16:42:57.076+0530] {subprocess.py:106} INFO - 26/01/29 16:42:57 INFO DAGScheduler: Job 56 is finished. Cancelling potential speculative or zombie tasks for this job
[2026-01-29T16:42:57.076+0530] {subprocess.py:106} INFO - 26/01/29 16:42:57 INFO TaskSchedulerImpl: Killing all running tasks in stage 72: Stage finished
[2026-01-29T16:42:57.076+0530] {subprocess.py:106} INFO - 26/01/29 16:42:57 INFO DAGScheduler: Job 56 finished: approxQuantile at <unknown>:0, took 0.127375 s
[2026-01-29T16:42:57.130+0530] {subprocess.py:106} INFO - 26/01/29 16:42:57 INFO BlockManagerInfo: Removed broadcast_94_piece0 on Aishwarya92848DBDA:45083 in memory (size: 9.7 KiB, free: 366.2 MiB)
[2026-01-29T16:42:57.131+0530] {subprocess.py:106} INFO - 26/01/29 16:42:57 INFO BlockManagerInfo: Removed broadcast_96_piece0 on Aishwarya92848DBDA:45083 in memory (size: 34.3 KiB, free: 366.2 MiB)
[2026-01-29T16:42:57.132+0530] {subprocess.py:106} INFO - 26/01/29 16:42:57 INFO BlockManagerInfo: Removed broadcast_93_piece0 on Aishwarya92848DBDA:45083 in memory (size: 34.3 KiB, free: 366.3 MiB)
[2026-01-29T16:42:57.133+0530] {subprocess.py:106} INFO - 26/01/29 16:42:57 INFO BlockManagerInfo: Removed broadcast_95_piece0 on Aishwarya92848DBDA:45083 in memory (size: 5.9 KiB, free: 366.3 MiB)
[2026-01-29T16:42:57.133+0530] {subprocess.py:106} INFO - 26/01/29 16:42:57 INFO BlockManagerInfo: Removed broadcast_97_piece0 on Aishwarya92848DBDA:45083 in memory (size: 15.2 KiB, free: 366.3 MiB)
[2026-01-29T16:42:57.156+0530] {subprocess.py:106} INFO - 26/01/29 16:42:57 INFO FileSourceStrategy: Pushed Filters:
[2026-01-29T16:42:57.156+0530] {subprocess.py:106} INFO - 26/01/29 16:42:57 INFO FileSourceStrategy: Post-Scan Filters: (CASE WHEN (wind_speed_10m_max#26 < 0.9000000000000039) THEN false WHEN (wind_speed_10m_max#26 > 28.899999999999995) THEN false ELSE (wind_speed_10m_max#26 < 0.9000000000000039) END OR CASE WHEN (wind_speed_10m_max#26 < 0.9000000000000039) THEN false WHEN (wind_speed_10m_max#26 > 28.899999999999995) THEN false ELSE (wind_speed_10m_max#26 > 28.899999999999995) END)
[2026-01-29T16:42:57.174+0530] {subprocess.py:106} INFO - 26/01/29 16:42:57 INFO CodeGenerator: Code generated in 9.00462 ms
[2026-01-29T16:42:57.175+0530] {subprocess.py:106} INFO - 26/01/29 16:42:57 INFO MemoryStore: Block broadcast_98 stored as values in memory (estimated size 350.2 KiB, free 366.0 MiB)
[2026-01-29T16:42:57.181+0530] {subprocess.py:106} INFO - 26/01/29 16:42:57 INFO MemoryStore: Block broadcast_98_piece0 stored as bytes in memory (estimated size 34.3 KiB, free 365.9 MiB)
[2026-01-29T16:42:57.181+0530] {subprocess.py:106} INFO - 26/01/29 16:42:57 INFO BlockManagerInfo: Added broadcast_98_piece0 in memory on Aishwarya92848DBDA:45083 (size: 34.3 KiB, free: 366.3 MiB)
[2026-01-29T16:42:57.182+0530] {subprocess.py:106} INFO - 26/01/29 16:42:57 INFO SparkContext: Created broadcast 98 from count at NativeMethodAccessorImpl.java:0
[2026-01-29T16:42:57.182+0530] {subprocess.py:106} INFO - 26/01/29 16:42:57 INFO FileSourceScanExec: Planning scan with bin packing, max size: 4194304 bytes, open cost is considered as scanning 4194304 bytes.
[2026-01-29T16:42:57.185+0530] {subprocess.py:106} INFO - 26/01/29 16:42:57 INFO DAGScheduler: Registering RDD 266 (count at NativeMethodAccessorImpl.java:0) as input to shuffle 16
[2026-01-29T16:42:57.186+0530] {subprocess.py:106} INFO - 26/01/29 16:42:57 INFO DAGScheduler: Got map stage job 57 (count at NativeMethodAccessorImpl.java:0) with 2 output partitions
[2026-01-29T16:42:57.186+0530] {subprocess.py:106} INFO - 26/01/29 16:42:57 INFO DAGScheduler: Final stage: ShuffleMapStage 73 (count at NativeMethodAccessorImpl.java:0)
[2026-01-29T16:42:57.186+0530] {subprocess.py:106} INFO - 26/01/29 16:42:57 INFO DAGScheduler: Parents of final stage: List()
[2026-01-29T16:42:57.187+0530] {subprocess.py:106} INFO - 26/01/29 16:42:57 INFO DAGScheduler: Missing parents: List()
[2026-01-29T16:42:57.187+0530] {subprocess.py:106} INFO - 26/01/29 16:42:57 INFO DAGScheduler: Submitting ShuffleMapStage 73 (MapPartitionsRDD[266] at count at NativeMethodAccessorImpl.java:0), which has no missing parents
[2026-01-29T16:42:57.189+0530] {subprocess.py:106} INFO - 26/01/29 16:42:57 INFO MemoryStore: Block broadcast_99 stored as values in memory (estimated size 22.1 KiB, free 365.9 MiB)
[2026-01-29T16:42:57.191+0530] {subprocess.py:106} INFO - 26/01/29 16:42:57 INFO MemoryStore: Block broadcast_99_piece0 stored as bytes in memory (estimated size 10.0 KiB, free 365.9 MiB)
[2026-01-29T16:42:57.191+0530] {subprocess.py:106} INFO - 26/01/29 16:42:57 INFO BlockManagerInfo: Added broadcast_99_piece0 in memory on Aishwarya92848DBDA:45083 (size: 10.0 KiB, free: 366.3 MiB)
[2026-01-29T16:42:57.191+0530] {subprocess.py:106} INFO - 26/01/29 16:42:57 INFO SparkContext: Created broadcast 99 from broadcast at DAGScheduler.scala:1585
[2026-01-29T16:42:57.192+0530] {subprocess.py:106} INFO - 26/01/29 16:42:57 INFO DAGScheduler: Submitting 2 missing tasks from ShuffleMapStage 73 (MapPartitionsRDD[266] at count at NativeMethodAccessorImpl.java:0) (first 15 tasks are for partitions Vector(0, 1))
[2026-01-29T16:42:57.192+0530] {subprocess.py:106} INFO - 26/01/29 16:42:57 INFO TaskSchedulerImpl: Adding task set 73.0 with 2 tasks resource profile 0
[2026-01-29T16:42:57.193+0530] {subprocess.py:106} INFO - 26/01/29 16:42:57 INFO TaskSetManager: Starting task 0.0 in stage 73.0 (TID 96) (Aishwarya92848DBDA, executor driver, partition 0, NODE_LOCAL, 8230 bytes)
[2026-01-29T16:42:57.193+0530] {subprocess.py:106} INFO - 26/01/29 16:42:57 INFO TaskSetManager: Starting task 1.0 in stage 73.0 (TID 97) (Aishwarya92848DBDA, executor driver, partition 1, NODE_LOCAL, 8230 bytes)
[2026-01-29T16:42:57.194+0530] {subprocess.py:106} INFO - 26/01/29 16:42:57 INFO Executor: Running task 1.0 in stage 73.0 (TID 97)
[2026-01-29T16:42:57.194+0530] {subprocess.py:106} INFO - 26/01/29 16:42:57 INFO Executor: Running task 0.0 in stage 73.0 (TID 96)
[2026-01-29T16:42:57.208+0530] {subprocess.py:106} INFO - 26/01/29 16:42:57 INFO CodeGenerator: Code generated in 10.65478 ms
[2026-01-29T16:42:57.210+0530] {subprocess.py:106} INFO - 26/01/29 16:42:57 INFO FileScanRDD: Reading File path: hdfs://localhost:9000/weather/data/raw_data/weather_dataset.csv, range: 4194304-6329103, partition values: [empty row]
[2026-01-29T16:42:57.210+0530] {subprocess.py:106} INFO - 26/01/29 16:42:57 INFO FileScanRDD: Reading File path: hdfs://localhost:9000/weather/data/raw_data/weather_dataset.csv, range: 0-4194304, partition values: [empty row]
[2026-01-29T16:42:57.286+0530] {subprocess.py:106} INFO - 26/01/29 16:42:57 INFO Executor: Finished task 1.0 in stage 73.0 (TID 97). 1990 bytes result sent to driver
[2026-01-29T16:42:57.287+0530] {subprocess.py:106} INFO - 26/01/29 16:42:57 INFO TaskSetManager: Finished task 1.0 in stage 73.0 (TID 97) in 94 ms on Aishwarya92848DBDA (executor driver) (1/2)
[2026-01-29T16:42:57.324+0530] {subprocess.py:106} INFO - 26/01/29 16:42:57 INFO Executor: Finished task 0.0 in stage 73.0 (TID 96). 1990 bytes result sent to driver
[2026-01-29T16:42:57.325+0530] {subprocess.py:106} INFO - 26/01/29 16:42:57 INFO TaskSetManager: Finished task 0.0 in stage 73.0 (TID 96) in 133 ms on Aishwarya92848DBDA (executor driver) (2/2)
[2026-01-29T16:42:57.325+0530] {subprocess.py:106} INFO - 26/01/29 16:42:57 INFO TaskSchedulerImpl: Removed TaskSet 73.0, whose tasks have all completed, from pool
[2026-01-29T16:42:57.326+0530] {subprocess.py:106} INFO - 26/01/29 16:42:57 INFO DAGScheduler: ShuffleMapStage 73 (count at NativeMethodAccessorImpl.java:0) finished in 0.139 s
[2026-01-29T16:42:57.326+0530] {subprocess.py:106} INFO - 26/01/29 16:42:57 INFO DAGScheduler: looking for newly runnable stages
[2026-01-29T16:42:57.326+0530] {subprocess.py:106} INFO - 26/01/29 16:42:57 INFO DAGScheduler: running: Set()
[2026-01-29T16:42:57.326+0530] {subprocess.py:106} INFO - 26/01/29 16:42:57 INFO DAGScheduler: waiting: Set()
[2026-01-29T16:42:57.326+0530] {subprocess.py:106} INFO - 26/01/29 16:42:57 INFO DAGScheduler: failed: Set()
[2026-01-29T16:42:57.335+0530] {subprocess.py:106} INFO - 26/01/29 16:42:57 INFO SparkContext: Starting job: count at NativeMethodAccessorImpl.java:0
[2026-01-29T16:42:57.336+0530] {subprocess.py:106} INFO - 26/01/29 16:42:57 INFO DAGScheduler: Got job 58 (count at NativeMethodAccessorImpl.java:0) with 1 output partitions
[2026-01-29T16:42:57.336+0530] {subprocess.py:106} INFO - 26/01/29 16:42:57 INFO DAGScheduler: Final stage: ResultStage 75 (count at NativeMethodAccessorImpl.java:0)
[2026-01-29T16:42:57.336+0530] {subprocess.py:106} INFO - 26/01/29 16:42:57 INFO DAGScheduler: Parents of final stage: List(ShuffleMapStage 74)
[2026-01-29T16:42:57.336+0530] {subprocess.py:106} INFO - 26/01/29 16:42:57 INFO DAGScheduler: Missing parents: List()
[2026-01-29T16:42:57.337+0530] {subprocess.py:106} INFO - 26/01/29 16:42:57 INFO DAGScheduler: Submitting ResultStage 75 (MapPartitionsRDD[269] at count at NativeMethodAccessorImpl.java:0), which has no missing parents
[2026-01-29T16:42:57.338+0530] {subprocess.py:106} INFO - 26/01/29 16:42:57 INFO MemoryStore: Block broadcast_100 stored as values in memory (estimated size 12.5 KiB, free 365.9 MiB)
[2026-01-29T16:42:57.339+0530] {subprocess.py:106} INFO - 26/01/29 16:42:57 INFO MemoryStore: Block broadcast_100_piece0 stored as bytes in memory (estimated size 5.9 KiB, free 365.9 MiB)
[2026-01-29T16:42:57.339+0530] {subprocess.py:106} INFO - 26/01/29 16:42:57 INFO BlockManagerInfo: Added broadcast_100_piece0 in memory on Aishwarya92848DBDA:45083 (size: 5.9 KiB, free: 366.3 MiB)
[2026-01-29T16:42:57.339+0530] {subprocess.py:106} INFO - 26/01/29 16:42:57 INFO SparkContext: Created broadcast 100 from broadcast at DAGScheduler.scala:1585
[2026-01-29T16:42:57.340+0530] {subprocess.py:106} INFO - 26/01/29 16:42:57 INFO DAGScheduler: Submitting 1 missing tasks from ResultStage 75 (MapPartitionsRDD[269] at count at NativeMethodAccessorImpl.java:0) (first 15 tasks are for partitions Vector(0))
[2026-01-29T16:42:57.340+0530] {subprocess.py:106} INFO - 26/01/29 16:42:57 INFO TaskSchedulerImpl: Adding task set 75.0 with 1 tasks resource profile 0
[2026-01-29T16:42:57.341+0530] {subprocess.py:106} INFO - 26/01/29 16:42:57 INFO TaskSetManager: Starting task 0.0 in stage 75.0 (TID 98) (Aishwarya92848DBDA, executor driver, partition 0, NODE_LOCAL, 7615 bytes)
[2026-01-29T16:42:57.341+0530] {subprocess.py:106} INFO - 26/01/29 16:42:57 INFO Executor: Running task 0.0 in stage 75.0 (TID 98)
[2026-01-29T16:42:57.343+0530] {subprocess.py:106} INFO - 26/01/29 16:42:57 INFO ShuffleBlockFetcherIterator: Getting 2 (120.0 B) non-empty blocks including 2 (120.0 B) local and 0 (0.0 B) host-local and 0 (0.0 B) push-merged-local and 0 (0.0 B) remote blocks
[2026-01-29T16:42:57.343+0530] {subprocess.py:106} INFO - 26/01/29 16:42:57 INFO ShuffleBlockFetcherIterator: Started 0 remote fetches in 0 ms
[2026-01-29T16:42:57.345+0530] {subprocess.py:106} INFO - 26/01/29 16:42:57 INFO Executor: Finished task 0.0 in stage 75.0 (TID 98). 3988 bytes result sent to driver
[2026-01-29T16:42:57.346+0530] {subprocess.py:106} INFO - 26/01/29 16:42:57 INFO TaskSetManager: Finished task 0.0 in stage 75.0 (TID 98) in 5 ms on Aishwarya92848DBDA (executor driver) (1/1)
[2026-01-29T16:42:57.346+0530] {subprocess.py:106} INFO - 26/01/29 16:42:57 INFO TaskSchedulerImpl: Removed TaskSet 75.0, whose tasks have all completed, from pool
[2026-01-29T16:42:57.346+0530] {subprocess.py:106} INFO - 26/01/29 16:42:57 INFO DAGScheduler: ResultStage 75 (count at NativeMethodAccessorImpl.java:0) finished in 0.009 s
[2026-01-29T16:42:57.346+0530] {subprocess.py:106} INFO - 26/01/29 16:42:57 INFO DAGScheduler: Job 58 is finished. Cancelling potential speculative or zombie tasks for this job
[2026-01-29T16:42:57.346+0530] {subprocess.py:106} INFO - 26/01/29 16:42:57 INFO TaskSchedulerImpl: Killing all running tasks in stage 75: Stage finished
[2026-01-29T16:42:57.347+0530] {subprocess.py:106} INFO - 26/01/29 16:42:57 INFO DAGScheduler: Job 58 finished: count at NativeMethodAccessorImpl.java:0, took 0.011697 s
[2026-01-29T16:42:57.347+0530] {subprocess.py:106} INFO - wind_speed_10m_max: Outliers after handling = 0
[2026-01-29T16:42:57.363+0530] {subprocess.py:106} INFO - 26/01/29 16:42:57 INFO FileSourceStrategy: Pushed Filters:
[2026-01-29T16:42:57.364+0530] {subprocess.py:106} INFO - 26/01/29 16:42:57 INFO FileSourceStrategy: Post-Scan Filters:
[2026-01-29T16:42:57.372+0530] {subprocess.py:106} INFO - 26/01/29 16:42:57 INFO CodeGenerator: Code generated in 6.023362 ms
[2026-01-29T16:42:57.373+0530] {subprocess.py:106} INFO - 26/01/29 16:42:57 INFO MemoryStore: Block broadcast_101 stored as values in memory (estimated size 350.2 KiB, free 365.5 MiB)
[2026-01-29T16:42:57.378+0530] {subprocess.py:106} INFO - 26/01/29 16:42:57 INFO MemoryStore: Block broadcast_101_piece0 stored as bytes in memory (estimated size 34.3 KiB, free 365.5 MiB)
[2026-01-29T16:42:57.379+0530] {subprocess.py:106} INFO - 26/01/29 16:42:57 INFO BlockManagerInfo: Added broadcast_101_piece0 in memory on Aishwarya92848DBDA:45083 (size: 34.3 KiB, free: 366.2 MiB)
[2026-01-29T16:42:57.379+0530] {subprocess.py:106} INFO - 26/01/29 16:42:57 INFO SparkContext: Created broadcast 101 from approxQuantile at <unknown>:0
[2026-01-29T16:42:57.380+0530] {subprocess.py:106} INFO - 26/01/29 16:42:57 INFO FileSourceScanExec: Planning scan with bin packing, max size: 4194304 bytes, open cost is considered as scanning 4194304 bytes.
[2026-01-29T16:42:57.389+0530] {subprocess.py:106} INFO - 26/01/29 16:42:57 INFO SparkContext: Starting job: approxQuantile at <unknown>:0
[2026-01-29T16:42:57.389+0530] {subprocess.py:106} INFO - 26/01/29 16:42:57 INFO DAGScheduler: Got job 59 (approxQuantile at <unknown>:0) with 2 output partitions
[2026-01-29T16:42:57.390+0530] {subprocess.py:106} INFO - 26/01/29 16:42:57 INFO DAGScheduler: Final stage: ResultStage 76 (approxQuantile at <unknown>:0)
[2026-01-29T16:42:57.390+0530] {subprocess.py:106} INFO - 26/01/29 16:42:57 INFO DAGScheduler: Parents of final stage: List()
[2026-01-29T16:42:57.390+0530] {subprocess.py:106} INFO - 26/01/29 16:42:57 INFO DAGScheduler: Missing parents: List()
[2026-01-29T16:42:57.390+0530] {subprocess.py:106} INFO - 26/01/29 16:42:57 INFO DAGScheduler: Submitting ResultStage 76 (MapPartitionsRDD[276] at approxQuantile at <unknown>:0), which has no missing parents
[2026-01-29T16:42:57.395+0530] {subprocess.py:106} INFO - 26/01/29 16:42:57 INFO MemoryStore: Block broadcast_102 stored as values in memory (estimated size 32.9 KiB, free 365.5 MiB)
[2026-01-29T16:42:57.395+0530] {subprocess.py:106} INFO - 26/01/29 16:42:57 INFO MemoryStore: Block broadcast_102_piece0 stored as bytes in memory (estimated size 15.2 KiB, free 365.5 MiB)
[2026-01-29T16:42:57.396+0530] {subprocess.py:106} INFO - 26/01/29 16:42:57 INFO BlockManagerInfo: Added broadcast_102_piece0 in memory on Aishwarya92848DBDA:45083 (size: 15.2 KiB, free: 366.2 MiB)
[2026-01-29T16:42:57.396+0530] {subprocess.py:106} INFO - 26/01/29 16:42:57 INFO SparkContext: Created broadcast 102 from broadcast at DAGScheduler.scala:1585
[2026-01-29T16:42:57.396+0530] {subprocess.py:106} INFO - 26/01/29 16:42:57 INFO DAGScheduler: Submitting 2 missing tasks from ResultStage 76 (MapPartitionsRDD[276] at approxQuantile at <unknown>:0) (first 15 tasks are for partitions Vector(0, 1))
[2026-01-29T16:42:57.396+0530] {subprocess.py:106} INFO - 26/01/29 16:42:57 INFO TaskSchedulerImpl: Adding task set 76.0 with 2 tasks resource profile 0
[2026-01-29T16:42:57.397+0530] {subprocess.py:106} INFO - 26/01/29 16:42:57 INFO TaskSetManager: Starting task 0.0 in stage 76.0 (TID 99) (Aishwarya92848DBDA, executor driver, partition 0, NODE_LOCAL, 8241 bytes)
[2026-01-29T16:42:57.397+0530] {subprocess.py:106} INFO - 26/01/29 16:42:57 INFO TaskSetManager: Starting task 1.0 in stage 76.0 (TID 100) (Aishwarya92848DBDA, executor driver, partition 1, NODE_LOCAL, 8241 bytes)
[2026-01-29T16:42:57.397+0530] {subprocess.py:106} INFO - 26/01/29 16:42:57 INFO Executor: Running task 1.0 in stage 76.0 (TID 100)
[2026-01-29T16:42:57.398+0530] {subprocess.py:106} INFO - 26/01/29 16:42:57 INFO Executor: Running task 0.0 in stage 76.0 (TID 99)
[2026-01-29T16:42:57.406+0530] {subprocess.py:106} INFO - 26/01/29 16:42:57 INFO CodeGenerator: Code generated in 6.055723 ms
[2026-01-29T16:42:57.408+0530] {subprocess.py:106} INFO - 26/01/29 16:42:57 INFO FileScanRDD: Reading File path: hdfs://localhost:9000/weather/data/raw_data/weather_dataset.csv, range: 0-4194304, partition values: [empty row]
[2026-01-29T16:42:57.408+0530] {subprocess.py:106} INFO - 26/01/29 16:42:57 INFO FileScanRDD: Reading File path: hdfs://localhost:9000/weather/data/raw_data/weather_dataset.csv, range: 4194304-6329103, partition values: [empty row]
[2026-01-29T16:42:57.461+0530] {subprocess.py:106} INFO - 26/01/29 16:42:57 INFO Executor: Finished task 1.0 in stage 76.0 (TID 100). 8161 bytes result sent to driver
[2026-01-29T16:42:57.461+0530] {subprocess.py:106} INFO - 26/01/29 16:42:57 INFO TaskSetManager: Finished task 1.0 in stage 76.0 (TID 100) in 64 ms on Aishwarya92848DBDA (executor driver) (1/2)
[2026-01-29T16:42:57.488+0530] {subprocess.py:106} INFO - 26/01/29 16:42:57 INFO BlockManagerInfo: Removed broadcast_99_piece0 on Aishwarya92848DBDA:45083 in memory (size: 10.0 KiB, free: 366.2 MiB)
[2026-01-29T16:42:57.489+0530] {subprocess.py:106} INFO - 26/01/29 16:42:57 INFO BlockManagerInfo: Removed broadcast_100_piece0 on Aishwarya92848DBDA:45083 in memory (size: 5.9 KiB, free: 366.2 MiB)
[2026-01-29T16:42:57.490+0530] {subprocess.py:106} INFO - 26/01/29 16:42:57 INFO BlockManagerInfo: Removed broadcast_98_piece0 on Aishwarya92848DBDA:45083 in memory (size: 34.3 KiB, free: 366.3 MiB)
[2026-01-29T16:42:57.509+0530] {subprocess.py:106} INFO - 26/01/29 16:42:57 INFO Executor: Finished task 0.0 in stage 76.0 (TID 99). 6274 bytes result sent to driver
[2026-01-29T16:42:57.510+0530] {subprocess.py:106} INFO - 26/01/29 16:42:57 INFO TaskSetManager: Finished task 0.0 in stage 76.0 (TID 99) in 113 ms on Aishwarya92848DBDA (executor driver) (2/2)
[2026-01-29T16:42:57.510+0530] {subprocess.py:106} INFO - 26/01/29 16:42:57 INFO TaskSchedulerImpl: Removed TaskSet 76.0, whose tasks have all completed, from pool
[2026-01-29T16:42:57.511+0530] {subprocess.py:106} INFO - 26/01/29 16:42:57 INFO DAGScheduler: ResultStage 76 (approxQuantile at <unknown>:0) finished in 0.120 s
[2026-01-29T16:42:57.511+0530] {subprocess.py:106} INFO - 26/01/29 16:42:57 INFO DAGScheduler: Job 59 is finished. Cancelling potential speculative or zombie tasks for this job
[2026-01-29T16:42:57.511+0530] {subprocess.py:106} INFO - 26/01/29 16:42:57 INFO TaskSchedulerImpl: Killing all running tasks in stage 76: Stage finished
[2026-01-29T16:42:57.511+0530] {subprocess.py:106} INFO - 26/01/29 16:42:57 INFO DAGScheduler: Job 59 finished: approxQuantile at <unknown>:0, took 0.122097 s
[2026-01-29T16:42:57.566+0530] {subprocess.py:106} INFO - 26/01/29 16:42:57 INFO FileSourceStrategy: Pushed Filters:
[2026-01-29T16:42:57.566+0530] {subprocess.py:106} INFO - 26/01/29 16:42:57 INFO FileSourceStrategy: Post-Scan Filters: (CASE WHEN (wind_gusts_10m_max#27 < 7.900000000000006) THEN false WHEN (wind_gusts_10m_max#27 > 55.099999999999994) THEN false ELSE (wind_gusts_10m_max#27 < 7.900000000000006) END OR CASE WHEN (wind_gusts_10m_max#27 < 7.900000000000006) THEN false WHEN (wind_gusts_10m_max#27 > 55.099999999999994) THEN false ELSE (wind_gusts_10m_max#27 > 55.099999999999994) END)
[2026-01-29T16:42:57.583+0530] {subprocess.py:106} INFO - 26/01/29 16:42:57 INFO CodeGenerator: Code generated in 7.732954 ms
[2026-01-29T16:42:57.584+0530] {subprocess.py:106} INFO - 26/01/29 16:42:57 INFO MemoryStore: Block broadcast_103 stored as values in memory (estimated size 350.2 KiB, free 365.5 MiB)
[2026-01-29T16:42:57.589+0530] {subprocess.py:106} INFO - 26/01/29 16:42:57 INFO MemoryStore: Block broadcast_103_piece0 stored as bytes in memory (estimated size 34.3 KiB, free 365.5 MiB)
[2026-01-29T16:42:57.590+0530] {subprocess.py:106} INFO - 26/01/29 16:42:57 INFO BlockManagerInfo: Added broadcast_103_piece0 in memory on Aishwarya92848DBDA:45083 (size: 34.3 KiB, free: 366.2 MiB)
[2026-01-29T16:42:57.590+0530] {subprocess.py:106} INFO - 26/01/29 16:42:57 INFO SparkContext: Created broadcast 103 from count at <unknown>:0
[2026-01-29T16:42:57.591+0530] {subprocess.py:106} INFO - 26/01/29 16:42:57 INFO FileSourceScanExec: Planning scan with bin packing, max size: 4194304 bytes, open cost is considered as scanning 4194304 bytes.
[2026-01-29T16:42:57.593+0530] {subprocess.py:106} INFO - 26/01/29 16:42:57 INFO DAGScheduler: Registering RDD 280 (count at <unknown>:0) as input to shuffle 17
[2026-01-29T16:42:57.594+0530] {subprocess.py:106} INFO - 26/01/29 16:42:57 INFO DAGScheduler: Got map stage job 60 (count at <unknown>:0) with 2 output partitions
[2026-01-29T16:42:57.594+0530] {subprocess.py:106} INFO - 26/01/29 16:42:57 INFO DAGScheduler: Final stage: ShuffleMapStage 77 (count at <unknown>:0)
[2026-01-29T16:42:57.594+0530] {subprocess.py:106} INFO - 26/01/29 16:42:57 INFO DAGScheduler: Parents of final stage: List()
[2026-01-29T16:42:57.594+0530] {subprocess.py:106} INFO - 26/01/29 16:42:57 INFO DAGScheduler: Missing parents: List()
[2026-01-29T16:42:57.595+0530] {subprocess.py:106} INFO - 26/01/29 16:42:57 INFO DAGScheduler: Submitting ShuffleMapStage 77 (MapPartitionsRDD[280] at count at <unknown>:0), which has no missing parents
[2026-01-29T16:42:57.595+0530] {subprocess.py:106} INFO - 26/01/29 16:42:57 INFO MemoryStore: Block broadcast_104 stored as values in memory (estimated size 22.1 KiB, free 365.5 MiB)
[2026-01-29T16:42:57.596+0530] {subprocess.py:106} INFO - 26/01/29 16:42:57 INFO MemoryStore: Block broadcast_104_piece0 stored as bytes in memory (estimated size 10.0 KiB, free 365.5 MiB)
[2026-01-29T16:42:57.596+0530] {subprocess.py:106} INFO - 26/01/29 16:42:57 INFO BlockManagerInfo: Added broadcast_104_piece0 in memory on Aishwarya92848DBDA:45083 (size: 10.0 KiB, free: 366.2 MiB)
[2026-01-29T16:42:57.597+0530] {subprocess.py:106} INFO - 26/01/29 16:42:57 INFO SparkContext: Created broadcast 104 from broadcast at DAGScheduler.scala:1585
[2026-01-29T16:42:57.597+0530] {subprocess.py:106} INFO - 26/01/29 16:42:57 INFO DAGScheduler: Submitting 2 missing tasks from ShuffleMapStage 77 (MapPartitionsRDD[280] at count at <unknown>:0) (first 15 tasks are for partitions Vector(0, 1))
[2026-01-29T16:42:57.597+0530] {subprocess.py:106} INFO - 26/01/29 16:42:57 INFO TaskSchedulerImpl: Adding task set 77.0 with 2 tasks resource profile 0
[2026-01-29T16:42:57.598+0530] {subprocess.py:106} INFO - 26/01/29 16:42:57 INFO TaskSetManager: Starting task 0.0 in stage 77.0 (TID 101) (Aishwarya92848DBDA, executor driver, partition 0, NODE_LOCAL, 8230 bytes)
[2026-01-29T16:42:57.598+0530] {subprocess.py:106} INFO - 26/01/29 16:42:57 INFO TaskSetManager: Starting task 1.0 in stage 77.0 (TID 102) (Aishwarya92848DBDA, executor driver, partition 1, NODE_LOCAL, 8230 bytes)
[2026-01-29T16:42:57.599+0530] {subprocess.py:106} INFO - 26/01/29 16:42:57 INFO Executor: Running task 1.0 in stage 77.0 (TID 102)
[2026-01-29T16:42:57.599+0530] {subprocess.py:106} INFO - 26/01/29 16:42:57 INFO Executor: Running task 0.0 in stage 77.0 (TID 101)
[2026-01-29T16:42:57.610+0530] {subprocess.py:106} INFO - 26/01/29 16:42:57 INFO CodeGenerator: Code generated in 8.103923 ms
[2026-01-29T16:42:57.611+0530] {subprocess.py:106} INFO - 26/01/29 16:42:57 INFO FileScanRDD: Reading File path: hdfs://localhost:9000/weather/data/raw_data/weather_dataset.csv, range: 4194304-6329103, partition values: [empty row]
[2026-01-29T16:42:57.611+0530] {subprocess.py:106} INFO - 26/01/29 16:42:57 INFO FileScanRDD: Reading File path: hdfs://localhost:9000/weather/data/raw_data/weather_dataset.csv, range: 0-4194304, partition values: [empty row]
[2026-01-29T16:42:57.672+0530] {subprocess.py:106} INFO - 26/01/29 16:42:57 INFO Executor: Finished task 1.0 in stage 77.0 (TID 102). 1990 bytes result sent to driver
[2026-01-29T16:42:57.672+0530] {subprocess.py:106} INFO - 26/01/29 16:42:57 INFO TaskSetManager: Finished task 1.0 in stage 77.0 (TID 102) in 74 ms on Aishwarya92848DBDA (executor driver) (1/2)
[2026-01-29T16:42:57.708+0530] {subprocess.py:106} INFO - 26/01/29 16:42:57 INFO Executor: Finished task 0.0 in stage 77.0 (TID 101). 1990 bytes result sent to driver
[2026-01-29T16:42:57.709+0530] {subprocess.py:106} INFO - 26/01/29 16:42:57 INFO TaskSetManager: Finished task 0.0 in stage 77.0 (TID 101) in 111 ms on Aishwarya92848DBDA (executor driver) (2/2)
[2026-01-29T16:42:57.709+0530] {subprocess.py:106} INFO - 26/01/29 16:42:57 INFO TaskSchedulerImpl: Removed TaskSet 77.0, whose tasks have all completed, from pool
[2026-01-29T16:42:57.709+0530] {subprocess.py:106} INFO - 26/01/29 16:42:57 INFO DAGScheduler: ShuffleMapStage 77 (count at <unknown>:0) finished in 0.115 s
[2026-01-29T16:42:57.710+0530] {subprocess.py:106} INFO - 26/01/29 16:42:57 INFO DAGScheduler: looking for newly runnable stages
[2026-01-29T16:42:57.710+0530] {subprocess.py:106} INFO - 26/01/29 16:42:57 INFO DAGScheduler: running: Set()
[2026-01-29T16:42:57.710+0530] {subprocess.py:106} INFO - 26/01/29 16:42:57 INFO DAGScheduler: waiting: Set()
[2026-01-29T16:42:57.710+0530] {subprocess.py:106} INFO - 26/01/29 16:42:57 INFO DAGScheduler: failed: Set()
[2026-01-29T16:42:57.720+0530] {subprocess.py:106} INFO - 26/01/29 16:42:57 INFO SparkContext: Starting job: count at <unknown>:0
[2026-01-29T16:42:57.721+0530] {subprocess.py:106} INFO - 26/01/29 16:42:57 INFO DAGScheduler: Got job 61 (count at <unknown>:0) with 1 output partitions
[2026-01-29T16:42:57.721+0530] {subprocess.py:106} INFO - 26/01/29 16:42:57 INFO DAGScheduler: Final stage: ResultStage 79 (count at <unknown>:0)
[2026-01-29T16:42:57.721+0530] {subprocess.py:106} INFO - 26/01/29 16:42:57 INFO DAGScheduler: Parents of final stage: List(ShuffleMapStage 78)
[2026-01-29T16:42:57.721+0530] {subprocess.py:106} INFO - 26/01/29 16:42:57 INFO DAGScheduler: Missing parents: List()
[2026-01-29T16:42:57.722+0530] {subprocess.py:106} INFO - 26/01/29 16:42:57 INFO DAGScheduler: Submitting ResultStage 79 (MapPartitionsRDD[283] at count at <unknown>:0), which has no missing parents
[2026-01-29T16:42:57.722+0530] {subprocess.py:106} INFO - 26/01/29 16:42:57 INFO MemoryStore: Block broadcast_105 stored as values in memory (estimated size 12.5 KiB, free 365.5 MiB)
[2026-01-29T16:42:57.723+0530] {subprocess.py:106} INFO - 26/01/29 16:42:57 INFO MemoryStore: Block broadcast_105_piece0 stored as bytes in memory (estimated size 5.9 KiB, free 365.5 MiB)
[2026-01-29T16:42:57.723+0530] {subprocess.py:106} INFO - 26/01/29 16:42:57 INFO BlockManagerInfo: Added broadcast_105_piece0 in memory on Aishwarya92848DBDA:45083 (size: 5.9 KiB, free: 366.2 MiB)
[2026-01-29T16:42:57.724+0530] {subprocess.py:106} INFO - 26/01/29 16:42:57 INFO SparkContext: Created broadcast 105 from broadcast at DAGScheduler.scala:1585
[2026-01-29T16:42:57.724+0530] {subprocess.py:106} INFO - 26/01/29 16:42:57 INFO DAGScheduler: Submitting 1 missing tasks from ResultStage 79 (MapPartitionsRDD[283] at count at <unknown>:0) (first 15 tasks are for partitions Vector(0))
[2026-01-29T16:42:57.724+0530] {subprocess.py:106} INFO - 26/01/29 16:42:57 INFO TaskSchedulerImpl: Adding task set 79.0 with 1 tasks resource profile 0
[2026-01-29T16:42:57.725+0530] {subprocess.py:106} INFO - 26/01/29 16:42:57 INFO TaskSetManager: Starting task 0.0 in stage 79.0 (TID 103) (Aishwarya92848DBDA, executor driver, partition 0, NODE_LOCAL, 7615 bytes)
[2026-01-29T16:42:57.725+0530] {subprocess.py:106} INFO - 26/01/29 16:42:57 INFO Executor: Running task 0.0 in stage 79.0 (TID 103)
[2026-01-29T16:42:57.727+0530] {subprocess.py:106} INFO - 26/01/29 16:42:57 INFO ShuffleBlockFetcherIterator: Getting 2 (120.0 B) non-empty blocks including 2 (120.0 B) local and 0 (0.0 B) host-local and 0 (0.0 B) push-merged-local and 0 (0.0 B) remote blocks
[2026-01-29T16:42:57.727+0530] {subprocess.py:106} INFO - 26/01/29 16:42:57 INFO ShuffleBlockFetcherIterator: Started 0 remote fetches in 0 ms
[2026-01-29T16:42:57.729+0530] {subprocess.py:106} INFO - 26/01/29 16:42:57 INFO Executor: Finished task 0.0 in stage 79.0 (TID 103). 3988 bytes result sent to driver
[2026-01-29T16:42:57.729+0530] {subprocess.py:106} INFO - 26/01/29 16:42:57 INFO TaskSetManager: Finished task 0.0 in stage 79.0 (TID 103) in 5 ms on Aishwarya92848DBDA (executor driver) (1/1)
[2026-01-29T16:42:57.730+0530] {subprocess.py:106} INFO - 26/01/29 16:42:57 INFO TaskSchedulerImpl: Removed TaskSet 79.0, whose tasks have all completed, from pool
[2026-01-29T16:42:57.730+0530] {subprocess.py:106} INFO - 26/01/29 16:42:57 INFO DAGScheduler: ResultStage 79 (count at <unknown>:0) finished in 0.007 s
[2026-01-29T16:42:57.730+0530] {subprocess.py:106} INFO - 26/01/29 16:42:57 INFO DAGScheduler: Job 61 is finished. Cancelling potential speculative or zombie tasks for this job
[2026-01-29T16:42:57.730+0530] {subprocess.py:106} INFO - 26/01/29 16:42:57 INFO TaskSchedulerImpl: Killing all running tasks in stage 79: Stage finished
[2026-01-29T16:42:57.730+0530] {subprocess.py:106} INFO - 26/01/29 16:42:57 INFO DAGScheduler: Job 61 finished: count at <unknown>:0, took 0.009512 s
[2026-01-29T16:42:57.731+0530] {subprocess.py:106} INFO - wind_gusts_10m_max: Outliers after handling = 0
[2026-01-29T16:42:57.777+0530] {subprocess.py:106} INFO - 26/01/29 16:42:57 INFO FileSourceStrategy: Pushed Filters:
[2026-01-29T16:42:57.777+0530] {subprocess.py:106} INFO - 26/01/29 16:42:57 INFO FileSourceStrategy: Post-Scan Filters:
[2026-01-29T16:42:57.847+0530] {subprocess.py:106} INFO - 26/01/29 16:42:57 INFO CodeGenerator: Code generated in 38.82508 ms
[2026-01-29T16:42:57.848+0530] {subprocess.py:106} INFO - 26/01/29 16:42:57 INFO MemoryStore: Block broadcast_106 stored as values in memory (estimated size 350.2 KiB, free 365.1 MiB)
[2026-01-29T16:42:57.854+0530] {subprocess.py:106} INFO - 26/01/29 16:42:57 INFO MemoryStore: Block broadcast_106_piece0 stored as bytes in memory (estimated size 34.3 KiB, free 365.1 MiB)
[2026-01-29T16:42:57.854+0530] {subprocess.py:106} INFO - 26/01/29 16:42:57 INFO BlockManagerInfo: Added broadcast_106_piece0 in memory on Aishwarya92848DBDA:45083 (size: 34.3 KiB, free: 366.2 MiB)
[2026-01-29T16:42:57.855+0530] {subprocess.py:106} INFO - 26/01/29 16:42:57 INFO SparkContext: Created broadcast 106 from showString at NativeMethodAccessorImpl.java:0
[2026-01-29T16:42:57.856+0530] {subprocess.py:106} INFO - 26/01/29 16:42:57 INFO FileSourceScanExec: Planning scan with bin packing, max size: 4194304 bytes, open cost is considered as scanning 4194304 bytes.
[2026-01-29T16:42:57.866+0530] {subprocess.py:106} INFO - 26/01/29 16:42:57 INFO DAGScheduler: Registering RDD 287 (showString at NativeMethodAccessorImpl.java:0) as input to shuffle 18
[2026-01-29T16:42:57.866+0530] {subprocess.py:106} INFO - 26/01/29 16:42:57 INFO DAGScheduler: Got map stage job 62 (showString at NativeMethodAccessorImpl.java:0) with 2 output partitions
[2026-01-29T16:42:57.866+0530] {subprocess.py:106} INFO - 26/01/29 16:42:57 INFO DAGScheduler: Final stage: ShuffleMapStage 80 (showString at NativeMethodAccessorImpl.java:0)
[2026-01-29T16:42:57.866+0530] {subprocess.py:106} INFO - 26/01/29 16:42:57 INFO DAGScheduler: Parents of final stage: List()
[2026-01-29T16:42:57.866+0530] {subprocess.py:106} INFO - 26/01/29 16:42:57 INFO DAGScheduler: Missing parents: List()
[2026-01-29T16:42:57.866+0530] {subprocess.py:106} INFO - 26/01/29 16:42:57 INFO DAGScheduler: Submitting ShuffleMapStage 80 (MapPartitionsRDD[287] at showString at NativeMethodAccessorImpl.java:0), which has no missing parents
[2026-01-29T16:42:57.870+0530] {subprocess.py:106} INFO - 26/01/29 16:42:57 INFO MemoryStore: Block broadcast_107 stored as values in memory (estimated size 39.1 KiB, free 365.0 MiB)
[2026-01-29T16:42:57.870+0530] {subprocess.py:106} INFO - 26/01/29 16:42:57 INFO MemoryStore: Block broadcast_107_piece0 stored as bytes in memory (estimated size 18.6 KiB, free 365.0 MiB)
[2026-01-29T16:42:57.871+0530] {subprocess.py:106} INFO - 26/01/29 16:42:57 INFO BlockManagerInfo: Added broadcast_107_piece0 in memory on Aishwarya92848DBDA:45083 (size: 18.6 KiB, free: 366.2 MiB)
[2026-01-29T16:42:57.871+0530] {subprocess.py:106} INFO - 26/01/29 16:42:57 INFO SparkContext: Created broadcast 107 from broadcast at DAGScheduler.scala:1585
[2026-01-29T16:42:57.871+0530] {subprocess.py:106} INFO - 26/01/29 16:42:57 INFO DAGScheduler: Submitting 2 missing tasks from ShuffleMapStage 80 (MapPartitionsRDD[287] at showString at NativeMethodAccessorImpl.java:0) (first 15 tasks are for partitions Vector(0, 1))
[2026-01-29T16:42:57.871+0530] {subprocess.py:106} INFO - 26/01/29 16:42:57 INFO TaskSchedulerImpl: Adding task set 80.0 with 2 tasks resource profile 0
[2026-01-29T16:42:57.872+0530] {subprocess.py:106} INFO - 26/01/29 16:42:57 INFO TaskSetManager: Starting task 0.0 in stage 80.0 (TID 104) (Aishwarya92848DBDA, executor driver, partition 0, NODE_LOCAL, 8230 bytes)
[2026-01-29T16:42:57.873+0530] {subprocess.py:106} INFO - 26/01/29 16:42:57 INFO TaskSetManager: Starting task 1.0 in stage 80.0 (TID 105) (Aishwarya92848DBDA, executor driver, partition 1, NODE_LOCAL, 8230 bytes)
[2026-01-29T16:42:57.873+0530] {subprocess.py:106} INFO - 26/01/29 16:42:57 INFO Executor: Running task 1.0 in stage 80.0 (TID 105)
[2026-01-29T16:42:57.873+0530] {subprocess.py:106} INFO - 26/01/29 16:42:57 INFO Executor: Running task 0.0 in stage 80.0 (TID 104)
[2026-01-29T16:42:57.893+0530] {subprocess.py:106} INFO - 26/01/29 16:42:57 INFO CodeGenerator: Code generated in 17.025115 ms
[2026-01-29T16:42:57.904+0530] {subprocess.py:106} INFO - 26/01/29 16:42:57 INFO CodeGenerator: Code generated in 6.501443 ms
[2026-01-29T16:42:57.912+0530] {subprocess.py:106} INFO - 26/01/29 16:42:57 INFO CodeGenerator: Code generated in 3.571792 ms
[2026-01-29T16:42:57.920+0530] {subprocess.py:106} INFO - 26/01/29 16:42:57 INFO CodeGenerator: Code generated in 3.620033 ms
[2026-01-29T16:42:57.927+0530] {subprocess.py:106} INFO - 26/01/29 16:42:57 INFO FileScanRDD: Reading File path: hdfs://localhost:9000/weather/data/raw_data/weather_dataset.csv, range: 0-4194304, partition values: [empty row]
[2026-01-29T16:42:57.928+0530] {subprocess.py:106} INFO - 26/01/29 16:42:57 INFO FileScanRDD: Reading File path: hdfs://localhost:9000/weather/data/raw_data/weather_dataset.csv, range: 4194304-6329103, partition values: [empty row]
[2026-01-29T16:42:57.997+0530] {subprocess.py:106} INFO - 26/01/29 16:42:57 INFO BlockManagerInfo: Removed broadcast_103_piece0 on Aishwarya92848DBDA:45083 in memory (size: 34.3 KiB, free: 366.2 MiB)
[2026-01-29T16:42:57.998+0530] {subprocess.py:106} INFO - 26/01/29 16:42:57 INFO BlockManagerInfo: Removed broadcast_102_piece0 on Aishwarya92848DBDA:45083 in memory (size: 15.2 KiB, free: 366.2 MiB)
[2026-01-29T16:42:57.999+0530] {subprocess.py:106} INFO - 26/01/29 16:42:57 INFO BlockManagerInfo: Removed broadcast_101_piece0 on Aishwarya92848DBDA:45083 in memory (size: 34.3 KiB, free: 366.2 MiB)
[2026-01-29T16:42:58.000+0530] {subprocess.py:106} INFO - 26/01/29 16:42:58 INFO BlockManagerInfo: Removed broadcast_105_piece0 on Aishwarya92848DBDA:45083 in memory (size: 5.9 KiB, free: 366.2 MiB)
[2026-01-29T16:42:58.001+0530] {subprocess.py:106} INFO - 26/01/29 16:42:58 INFO BlockManagerInfo: Removed broadcast_104_piece0 on Aishwarya92848DBDA:45083 in memory (size: 10.0 KiB, free: 366.2 MiB)
[2026-01-29T16:42:58.036+0530] {subprocess.py:106} INFO - 26/01/29 16:42:58 INFO Executor: Finished task 1.0 in stage 80.0 (TID 105). 2771 bytes result sent to driver
[2026-01-29T16:42:58.037+0530] {subprocess.py:106} INFO - 26/01/29 16:42:58 INFO TaskSetManager: Finished task 1.0 in stage 80.0 (TID 105) in 165 ms on Aishwarya92848DBDA (executor driver) (1/2)
[2026-01-29T16:42:58.068+0530] {subprocess.py:106} INFO - 26/01/29 16:42:58 INFO Executor: Finished task 0.0 in stage 80.0 (TID 104). 2771 bytes result sent to driver
[2026-01-29T16:42:58.068+0530] {subprocess.py:106} INFO - 26/01/29 16:42:58 INFO TaskSetManager: Finished task 0.0 in stage 80.0 (TID 104) in 196 ms on Aishwarya92848DBDA (executor driver) (2/2)
[2026-01-29T16:42:58.069+0530] {subprocess.py:106} INFO - 26/01/29 16:42:58 INFO TaskSchedulerImpl: Removed TaskSet 80.0, whose tasks have all completed, from pool
[2026-01-29T16:42:58.069+0530] {subprocess.py:106} INFO - 26/01/29 16:42:58 INFO DAGScheduler: ShuffleMapStage 80 (showString at NativeMethodAccessorImpl.java:0) finished in 0.203 s
[2026-01-29T16:42:58.069+0530] {subprocess.py:106} INFO - 26/01/29 16:42:58 INFO DAGScheduler: looking for newly runnable stages
[2026-01-29T16:42:58.070+0530] {subprocess.py:106} INFO - 26/01/29 16:42:58 INFO DAGScheduler: running: Set()
[2026-01-29T16:42:58.070+0530] {subprocess.py:106} INFO - 26/01/29 16:42:58 INFO DAGScheduler: waiting: Set()
[2026-01-29T16:42:58.070+0530] {subprocess.py:106} INFO - 26/01/29 16:42:58 INFO DAGScheduler: failed: Set()
[2026-01-29T16:42:58.097+0530] {subprocess.py:106} INFO - 26/01/29 16:42:58 INFO ShufflePartitionsUtil: For shuffle(18), advisory target size: 67108864, actual target size 1048576, minimum partition size: 1048576
[2026-01-29T16:42:58.121+0530] {subprocess.py:106} INFO - 26/01/29 16:42:58 INFO CodeGenerator: Code generated in 8.571915 ms
[2026-01-29T16:42:58.123+0530] {subprocess.py:106} INFO - 26/01/29 16:42:58 INFO HashAggregateExec: spark.sql.codegen.aggregate.map.twolevel.enabled is set to true, but current version of codegened fast hashmap does not support this aggregate.
[2026-01-29T16:42:58.133+0530] {subprocess.py:106} INFO - 26/01/29 16:42:58 INFO CodeGenerator: Code generated in 6.735384 ms
[2026-01-29T16:42:58.153+0530] {subprocess.py:106} INFO - 26/01/29 16:42:58 INFO SparkContext: Starting job: showString at NativeMethodAccessorImpl.java:0
[2026-01-29T16:42:58.154+0530] {subprocess.py:106} INFO - 26/01/29 16:42:58 INFO DAGScheduler: Got job 63 (showString at NativeMethodAccessorImpl.java:0) with 1 output partitions
[2026-01-29T16:42:58.154+0530] {subprocess.py:106} INFO - 26/01/29 16:42:58 INFO DAGScheduler: Final stage: ResultStage 82 (showString at NativeMethodAccessorImpl.java:0)
[2026-01-29T16:42:58.154+0530] {subprocess.py:106} INFO - 26/01/29 16:42:58 INFO DAGScheduler: Parents of final stage: List(ShuffleMapStage 81)
[2026-01-29T16:42:58.154+0530] {subprocess.py:106} INFO - 26/01/29 16:42:58 INFO DAGScheduler: Missing parents: List()
[2026-01-29T16:42:58.154+0530] {subprocess.py:106} INFO - 26/01/29 16:42:58 INFO DAGScheduler: Submitting ResultStage 82 (MapPartitionsRDD[291] at showString at NativeMethodAccessorImpl.java:0), which has no missing parents
[2026-01-29T16:42:58.158+0530] {subprocess.py:106} INFO - 26/01/29 16:42:58 INFO MemoryStore: Block broadcast_108 stored as values in memory (estimated size 42.4 KiB, free 365.8 MiB)
[2026-01-29T16:42:58.158+0530] {subprocess.py:106} INFO - 26/01/29 16:42:58 INFO MemoryStore: Block broadcast_108_piece0 stored as bytes in memory (estimated size 20.1 KiB, free 365.8 MiB)
[2026-01-29T16:42:58.159+0530] {subprocess.py:106} INFO - 26/01/29 16:42:58 INFO BlockManagerInfo: Added broadcast_108_piece0 in memory on Aishwarya92848DBDA:45083 (size: 20.1 KiB, free: 366.2 MiB)
[2026-01-29T16:42:58.159+0530] {subprocess.py:106} INFO - 26/01/29 16:42:58 INFO SparkContext: Created broadcast 108 from broadcast at DAGScheduler.scala:1585
[2026-01-29T16:42:58.159+0530] {subprocess.py:106} INFO - 26/01/29 16:42:58 INFO DAGScheduler: Submitting 1 missing tasks from ResultStage 82 (MapPartitionsRDD[291] at showString at NativeMethodAccessorImpl.java:0) (first 15 tasks are for partitions Vector(0))
[2026-01-29T16:42:58.159+0530] {subprocess.py:106} INFO - 26/01/29 16:42:58 INFO TaskSchedulerImpl: Adding task set 82.0 with 1 tasks resource profile 0
[2026-01-29T16:42:58.160+0530] {subprocess.py:106} INFO - 26/01/29 16:42:58 INFO TaskSetManager: Starting task 0.0 in stage 82.0 (TID 106) (Aishwarya92848DBDA, executor driver, partition 0, NODE_LOCAL, 7615 bytes)
[2026-01-29T16:42:58.161+0530] {subprocess.py:106} INFO - 26/01/29 16:42:58 INFO Executor: Running task 0.0 in stage 82.0 (TID 106)
[2026-01-29T16:42:58.170+0530] {subprocess.py:106} INFO - 26/01/29 16:42:58 INFO CodeGenerator: Code generated in 3.325367 ms
[2026-01-29T16:42:58.173+0530] {subprocess.py:106} INFO - 26/01/29 16:42:58 INFO ShuffleBlockFetcherIterator: Getting 2 (1425.0 B) non-empty blocks including 2 (1425.0 B) local and 0 (0.0 B) host-local and 0 (0.0 B) push-merged-local and 0 (0.0 B) remote blocks
[2026-01-29T16:42:58.174+0530] {subprocess.py:106} INFO - 26/01/29 16:42:58 INFO ShuffleBlockFetcherIterator: Started 0 remote fetches in 1 ms
[2026-01-29T16:42:58.180+0530] {subprocess.py:106} INFO - 26/01/29 16:42:58 INFO CodeGenerator: Code generated in 6.498297 ms
[2026-01-29T16:42:58.189+0530] {subprocess.py:106} INFO - 26/01/29 16:42:58 INFO Executor: Finished task 0.0 in stage 82.0 (TID 106). 5632 bytes result sent to driver
[2026-01-29T16:42:58.190+0530] {subprocess.py:106} INFO - 26/01/29 16:42:58 INFO TaskSetManager: Finished task 0.0 in stage 82.0 (TID 106) in 30 ms on Aishwarya92848DBDA (executor driver) (1/1)
[2026-01-29T16:42:58.190+0530] {subprocess.py:106} INFO - 26/01/29 16:42:58 INFO TaskSchedulerImpl: Removed TaskSet 82.0, whose tasks have all completed, from pool
[2026-01-29T16:42:58.190+0530] {subprocess.py:106} INFO - 26/01/29 16:42:58 INFO DAGScheduler: ResultStage 82 (showString at NativeMethodAccessorImpl.java:0) finished in 0.034 s
[2026-01-29T16:42:58.191+0530] {subprocess.py:106} INFO - 26/01/29 16:42:58 INFO DAGScheduler: Job 63 is finished. Cancelling potential speculative or zombie tasks for this job
[2026-01-29T16:42:58.191+0530] {subprocess.py:106} INFO - 26/01/29 16:42:58 INFO TaskSchedulerImpl: Killing all running tasks in stage 82: Stage finished
[2026-01-29T16:42:58.191+0530] {subprocess.py:106} INFO - 26/01/29 16:42:58 INFO DAGScheduler: Job 63 finished: showString at NativeMethodAccessorImpl.java:0, took 0.037595 s
[2026-01-29T16:42:58.197+0530] {subprocess.py:106} INFO - 26/01/29 16:42:58 INFO CodeGenerator: Code generated in 4.566346 ms
[2026-01-29T16:42:58.203+0530] {subprocess.py:106} INFO - 26/01/29 16:42:58 INFO CodeGenerator: Code generated in 3.62419 ms
[2026-01-29T16:42:58.204+0530] {subprocess.py:106} INFO - +---------+-----+
[2026-01-29T16:42:58.205+0530] {subprocess.py:106} INFO - |     city|count|
[2026-01-29T16:42:58.205+0530] {subprocess.py:106} INFO - +---------+-----+
[2026-01-29T16:42:58.205+0530] {subprocess.py:106} INFO - |Bangalore| 9892|
[2026-01-29T16:42:58.205+0530] {subprocess.py:106} INFO - |  Chennai| 9892|
[2026-01-29T16:42:58.205+0530] {subprocess.py:106} INFO - |   Mumbai| 9892|
[2026-01-29T16:42:58.205+0530] {subprocess.py:106} INFO - |Ahmedabad| 9892|
[2026-01-29T16:42:58.205+0530] {subprocess.py:106} INFO - |  Kolkata| 9892|
[2026-01-29T16:42:58.206+0530] {subprocess.py:106} INFO - |     Pune| 9892|
[2026-01-29T16:42:58.206+0530] {subprocess.py:106} INFO - |    Delhi| 9892|
[2026-01-29T16:42:58.206+0530] {subprocess.py:106} INFO - |Hyderabad| 9892|
[2026-01-29T16:42:58.206+0530] {subprocess.py:106} INFO - |  Lucknow| 9892|
[2026-01-29T16:42:58.206+0530] {subprocess.py:106} INFO - |   Jaipur| 9892|
[2026-01-29T16:42:58.206+0530] {subprocess.py:106} INFO - |     city|   30|
[2026-01-29T16:42:58.206+0530] {subprocess.py:106} INFO - +---------+-----+
[2026-01-29T16:42:58.207+0530] {subprocess.py:106} INFO - 
[2026-01-29T16:42:58.352+0530] {subprocess.py:106} INFO - 26/01/29 16:42:58 INFO FileSourceStrategy: Pushed Filters:
[2026-01-29T16:42:58.352+0530] {subprocess.py:106} INFO - 26/01/29 16:42:58 INFO FileSourceStrategy: Post-Scan Filters:
[2026-01-29T16:42:58.379+0530] {subprocess.py:106} INFO - 26/01/29 16:42:58 INFO CodeGenerator: Code generated in 6.745073 ms
[2026-01-29T16:42:58.380+0530] {subprocess.py:106} INFO - 26/01/29 16:42:58 INFO MemoryStore: Block broadcast_109 stored as values in memory (estimated size 350.2 KiB, free 365.5 MiB)
[2026-01-29T16:42:58.385+0530] {subprocess.py:106} INFO - 26/01/29 16:42:58 INFO MemoryStore: Block broadcast_109_piece0 stored as bytes in memory (estimated size 34.3 KiB, free 365.4 MiB)
[2026-01-29T16:42:58.385+0530] {subprocess.py:106} INFO - 26/01/29 16:42:58 INFO BlockManagerInfo: Added broadcast_109_piece0 in memory on Aishwarya92848DBDA:45083 (size: 34.3 KiB, free: 366.2 MiB)
[2026-01-29T16:42:58.386+0530] {subprocess.py:106} INFO - 26/01/29 16:42:58 INFO SparkContext: Created broadcast 109 from showString at NativeMethodAccessorImpl.java:0
[2026-01-29T16:42:58.386+0530] {subprocess.py:106} INFO - 26/01/29 16:42:58 INFO FileSourceScanExec: Planning scan with bin packing, max size: 4194304 bytes, open cost is considered as scanning 4194304 bytes.
[2026-01-29T16:42:58.389+0530] {subprocess.py:106} INFO - 26/01/29 16:42:58 INFO DAGScheduler: Registering RDD 295 (showString at NativeMethodAccessorImpl.java:0) as input to shuffle 19
[2026-01-29T16:42:58.389+0530] {subprocess.py:106} INFO - 26/01/29 16:42:58 INFO DAGScheduler: Got map stage job 64 (showString at NativeMethodAccessorImpl.java:0) with 2 output partitions
[2026-01-29T16:42:58.390+0530] {subprocess.py:106} INFO - 26/01/29 16:42:58 INFO DAGScheduler: Final stage: ShuffleMapStage 83 (showString at NativeMethodAccessorImpl.java:0)
[2026-01-29T16:42:58.390+0530] {subprocess.py:106} INFO - 26/01/29 16:42:58 INFO DAGScheduler: Parents of final stage: List()
[2026-01-29T16:42:58.390+0530] {subprocess.py:106} INFO - 26/01/29 16:42:58 INFO DAGScheduler: Missing parents: List()
[2026-01-29T16:42:58.390+0530] {subprocess.py:106} INFO - 26/01/29 16:42:58 INFO DAGScheduler: Submitting ShuffleMapStage 83 (MapPartitionsRDD[295] at showString at NativeMethodAccessorImpl.java:0), which has no missing parents
[2026-01-29T16:42:58.392+0530] {subprocess.py:106} INFO - 26/01/29 16:42:58 INFO MemoryStore: Block broadcast_110 stored as values in memory (estimated size 20.9 KiB, free 365.4 MiB)
[2026-01-29T16:42:58.392+0530] {subprocess.py:106} INFO - 26/01/29 16:42:58 INFO MemoryStore: Block broadcast_110_piece0 stored as bytes in memory (estimated size 9.7 KiB, free 365.4 MiB)
[2026-01-29T16:42:58.393+0530] {subprocess.py:106} INFO - 26/01/29 16:42:58 INFO BlockManagerInfo: Added broadcast_110_piece0 in memory on Aishwarya92848DBDA:45083 (size: 9.7 KiB, free: 366.2 MiB)
[2026-01-29T16:42:58.393+0530] {subprocess.py:106} INFO - 26/01/29 16:42:58 INFO SparkContext: Created broadcast 110 from broadcast at DAGScheduler.scala:1585
[2026-01-29T16:42:58.393+0530] {subprocess.py:106} INFO - 26/01/29 16:42:58 INFO DAGScheduler: Submitting 2 missing tasks from ShuffleMapStage 83 (MapPartitionsRDD[295] at showString at NativeMethodAccessorImpl.java:0) (first 15 tasks are for partitions Vector(0, 1))
[2026-01-29T16:42:58.393+0530] {subprocess.py:106} INFO - 26/01/29 16:42:58 INFO TaskSchedulerImpl: Adding task set 83.0 with 2 tasks resource profile 0
[2026-01-29T16:42:58.394+0530] {subprocess.py:106} INFO - 26/01/29 16:42:58 INFO TaskSetManager: Starting task 0.0 in stage 83.0 (TID 107) (Aishwarya92848DBDA, executor driver, partition 0, NODE_LOCAL, 8230 bytes)
[2026-01-29T16:42:58.394+0530] {subprocess.py:106} INFO - 26/01/29 16:42:58 INFO TaskSetManager: Starting task 1.0 in stage 83.0 (TID 108) (Aishwarya92848DBDA, executor driver, partition 1, NODE_LOCAL, 8230 bytes)
[2026-01-29T16:42:58.394+0530] {subprocess.py:106} INFO - 26/01/29 16:42:58 INFO Executor: Running task 0.0 in stage 83.0 (TID 107)
[2026-01-29T16:42:58.395+0530] {subprocess.py:106} INFO - 26/01/29 16:42:58 INFO Executor: Running task 1.0 in stage 83.0 (TID 108)
[2026-01-29T16:42:58.406+0530] {subprocess.py:106} INFO - 26/01/29 16:42:58 INFO CodeGenerator: Code generated in 8.008573 ms
[2026-01-29T16:42:58.408+0530] {subprocess.py:106} INFO - 26/01/29 16:42:58 INFO FileScanRDD: Reading File path: hdfs://localhost:9000/weather/data/raw_data/weather_dataset.csv, range: 0-4194304, partition values: [empty row]
[2026-01-29T16:42:58.408+0530] {subprocess.py:106} INFO - 26/01/29 16:42:58 INFO FileScanRDD: Reading File path: hdfs://localhost:9000/weather/data/raw_data/weather_dataset.csv, range: 4194304-6329103, partition values: [empty row]
[2026-01-29T16:42:58.524+0530] {subprocess.py:106} INFO - 26/01/29 16:42:58 INFO BlockManagerInfo: Removed broadcast_106_piece0 on Aishwarya92848DBDA:45083 in memory (size: 34.3 KiB, free: 366.2 MiB)
[2026-01-29T16:42:58.525+0530] {subprocess.py:106} INFO - 26/01/29 16:42:58 INFO BlockManagerInfo: Removed broadcast_108_piece0 on Aishwarya92848DBDA:45083 in memory (size: 20.1 KiB, free: 366.2 MiB)
[2026-01-29T16:42:58.526+0530] {subprocess.py:106} INFO - 26/01/29 16:42:58 INFO BlockManagerInfo: Removed broadcast_107_piece0 on Aishwarya92848DBDA:45083 in memory (size: 18.6 KiB, free: 366.3 MiB)
[2026-01-29T16:42:58.541+0530] {subprocess.py:106} INFO - 26/01/29 16:42:58 INFO Executor: Finished task 1.0 in stage 83.0 (TID 108). 2038 bytes result sent to driver
[2026-01-29T16:42:58.542+0530] {subprocess.py:106} INFO - 26/01/29 16:42:58 INFO TaskSetManager: Finished task 1.0 in stage 83.0 (TID 108) in 147 ms on Aishwarya92848DBDA (executor driver) (1/2)
[2026-01-29T16:42:58.603+0530] {subprocess.py:106} INFO - 26/01/29 16:42:58 INFO Executor: Finished task 0.0 in stage 83.0 (TID 107). 2038 bytes result sent to driver
[2026-01-29T16:42:58.603+0530] {subprocess.py:106} INFO - 26/01/29 16:42:58 INFO TaskSetManager: Finished task 0.0 in stage 83.0 (TID 107) in 209 ms on Aishwarya92848DBDA (executor driver) (2/2)
[2026-01-29T16:42:58.604+0530] {subprocess.py:106} INFO - 26/01/29 16:42:58 INFO TaskSchedulerImpl: Removed TaskSet 83.0, whose tasks have all completed, from pool
[2026-01-29T16:42:58.604+0530] {subprocess.py:106} INFO - 26/01/29 16:42:58 INFO DAGScheduler: ShuffleMapStage 83 (showString at NativeMethodAccessorImpl.java:0) finished in 0.214 s
[2026-01-29T16:42:58.604+0530] {subprocess.py:106} INFO - 26/01/29 16:42:58 INFO DAGScheduler: looking for newly runnable stages
[2026-01-29T16:42:58.604+0530] {subprocess.py:106} INFO - 26/01/29 16:42:58 INFO DAGScheduler: running: Set()
[2026-01-29T16:42:58.604+0530] {subprocess.py:106} INFO - 26/01/29 16:42:58 INFO DAGScheduler: waiting: Set()
[2026-01-29T16:42:58.605+0530] {subprocess.py:106} INFO - 26/01/29 16:42:58 INFO DAGScheduler: failed: Set()
[2026-01-29T16:42:58.608+0530] {subprocess.py:106} INFO - 26/01/29 16:42:58 INFO ShufflePartitionsUtil: For shuffle(19), advisory target size: 67108864, actual target size 1048576, minimum partition size: 1048576
[2026-01-29T16:42:58.621+0530] {subprocess.py:106} INFO - 26/01/29 16:42:58 INFO CodeGenerator: Code generated in 6.392467 ms
[2026-01-29T16:42:58.634+0530] {subprocess.py:106} INFO - 26/01/29 16:42:58 INFO CodeGenerator: Code generated in 6.37258 ms
[2026-01-29T16:42:58.661+0530] {subprocess.py:106} INFO - 26/01/29 16:42:58 INFO SparkContext: Starting job: showString at NativeMethodAccessorImpl.java:0
[2026-01-29T16:42:58.661+0530] {subprocess.py:106} INFO - 26/01/29 16:42:58 INFO DAGScheduler: Got job 65 (showString at NativeMethodAccessorImpl.java:0) with 1 output partitions
[2026-01-29T16:42:58.662+0530] {subprocess.py:106} INFO - 26/01/29 16:42:58 INFO DAGScheduler: Final stage: ResultStage 85 (showString at NativeMethodAccessorImpl.java:0)
[2026-01-29T16:42:58.662+0530] {subprocess.py:106} INFO - 26/01/29 16:42:58 INFO DAGScheduler: Parents of final stage: List(ShuffleMapStage 84)
[2026-01-29T16:42:58.662+0530] {subprocess.py:106} INFO - 26/01/29 16:42:58 INFO DAGScheduler: Missing parents: List()
[2026-01-29T16:42:58.662+0530] {subprocess.py:106} INFO - 26/01/29 16:42:58 INFO DAGScheduler: Submitting ResultStage 85 (MapPartitionsRDD[300] at showString at NativeMethodAccessorImpl.java:0), which has no missing parents
[2026-01-29T16:42:58.665+0530] {subprocess.py:106} INFO - 26/01/29 16:42:58 INFO MemoryStore: Block broadcast_111 stored as values in memory (estimated size 46.7 KiB, free 365.8 MiB)
[2026-01-29T16:42:58.666+0530] {subprocess.py:106} INFO - 26/01/29 16:42:58 INFO MemoryStore: Block broadcast_111_piece0 stored as bytes in memory (estimated size 21.2 KiB, free 365.8 MiB)
[2026-01-29T16:42:58.667+0530] {subprocess.py:106} INFO - 26/01/29 16:42:58 INFO BlockManagerInfo: Added broadcast_111_piece0 in memory on Aishwarya92848DBDA:45083 (size: 21.2 KiB, free: 366.2 MiB)
[2026-01-29T16:42:58.667+0530] {subprocess.py:106} INFO - 26/01/29 16:42:58 INFO SparkContext: Created broadcast 111 from broadcast at DAGScheduler.scala:1585
[2026-01-29T16:42:58.667+0530] {subprocess.py:106} INFO - 26/01/29 16:42:58 INFO DAGScheduler: Submitting 1 missing tasks from ResultStage 85 (MapPartitionsRDD[300] at showString at NativeMethodAccessorImpl.java:0) (first 15 tasks are for partitions Vector(0))
[2026-01-29T16:42:58.668+0530] {subprocess.py:106} INFO - 26/01/29 16:42:58 INFO TaskSchedulerImpl: Adding task set 85.0 with 1 tasks resource profile 0
[2026-01-29T16:42:58.668+0530] {subprocess.py:106} INFO - 26/01/29 16:42:58 INFO TaskSetManager: Starting task 0.0 in stage 85.0 (TID 109) (Aishwarya92848DBDA, executor driver, partition 0, NODE_LOCAL, 7615 bytes)
[2026-01-29T16:42:58.669+0530] {subprocess.py:106} INFO - 26/01/29 16:42:58 INFO Executor: Running task 0.0 in stage 85.0 (TID 109)
[2026-01-29T16:42:58.682+0530] {subprocess.py:106} INFO - 26/01/29 16:42:58 INFO ShuffleBlockFetcherIterator: Getting 2 (1855.7 KiB) non-empty blocks including 2 (1855.7 KiB) local and 0 (0.0 B) host-local and 0 (0.0 B) push-merged-local and 0 (0.0 B) remote blocks
[2026-01-29T16:42:58.682+0530] {subprocess.py:106} INFO - 26/01/29 16:42:58 INFO ShuffleBlockFetcherIterator: Started 0 remote fetches in 0 ms
[2026-01-29T16:42:58.688+0530] {subprocess.py:106} INFO - 26/01/29 16:42:58 INFO CodeGenerator: Code generated in 5.283167 ms
[2026-01-29T16:42:58.693+0530] {subprocess.py:106} INFO - 26/01/29 16:42:58 INFO CodeGenerator: Code generated in 3.87858 ms
[2026-01-29T16:42:58.706+0530] {subprocess.py:106} INFO - 26/01/29 16:42:58 INFO CodeGenerator: Code generated in 6.201668 ms
[2026-01-29T16:42:58.723+0530] {subprocess.py:106} INFO - 26/01/29 16:42:58 INFO CodeGenerator: Code generated in 5.722115 ms
[2026-01-29T16:42:58.815+0530] {subprocess.py:106} INFO - 26/01/29 16:42:58 INFO CodeGenerator: Code generated in 3.541825 ms
[2026-01-29T16:42:58.823+0530] {subprocess.py:106} INFO - 26/01/29 16:42:58 INFO CodeGenerator: Code generated in 3.155617 ms
[2026-01-29T16:42:58.829+0530] {subprocess.py:106} INFO - 26/01/29 16:42:58 INFO CodeGenerator: Code generated in 3.444101 ms
[2026-01-29T16:42:58.838+0530] {subprocess.py:106} INFO - 26/01/29 16:42:58 INFO CodeGenerator: Code generated in 3.58139 ms
[2026-01-29T16:42:58.850+0530] {subprocess.py:106} INFO - 26/01/29 16:42:58 INFO CodeGenerator: Code generated in 5.414705 ms
[2026-01-29T16:42:58.857+0530] {subprocess.py:106} INFO - 26/01/29 16:42:58 INFO CodeGenerator: Code generated in 4.703394 ms
[2026-01-29T16:42:58.864+0530] {subprocess.py:106} INFO - 26/01/29 16:42:58 INFO CodeGenerator: Code generated in 4.194455 ms
[2026-01-29T16:42:58.869+0530] {subprocess.py:106} INFO - 26/01/29 16:42:58 INFO CodeGenerator: Code generated in 3.330046 ms
[2026-01-29T16:42:58.877+0530] {subprocess.py:106} INFO - 26/01/29 16:42:58 INFO CodeGenerator: Code generated in 5.903415 ms
[2026-01-29T16:42:58.886+0530] {subprocess.py:106} INFO - 26/01/29 16:42:58 INFO ExternalAppendOnlyUnsafeRowArray: Reached spill threshold of 4096 rows, switching to org.apache.spark.util.collection.unsafe.sort.UnsafeExternalSorter
[2026-01-29T16:42:58.896+0530] {subprocess.py:106} INFO - 26/01/29 16:42:58 INFO Executor: Finished task 0.0 in stage 85.0 (TID 109). 4920 bytes result sent to driver
[2026-01-29T16:42:58.897+0530] {subprocess.py:106} INFO - 26/01/29 16:42:58 INFO TaskSetManager: Finished task 0.0 in stage 85.0 (TID 109) in 229 ms on Aishwarya92848DBDA (executor driver) (1/1)
[2026-01-29T16:42:58.897+0530] {subprocess.py:106} INFO - 26/01/29 16:42:58 INFO TaskSchedulerImpl: Removed TaskSet 85.0, whose tasks have all completed, from pool
[2026-01-29T16:42:58.898+0530] {subprocess.py:106} INFO - 26/01/29 16:42:58 INFO DAGScheduler: ResultStage 85 (showString at NativeMethodAccessorImpl.java:0) finished in 0.234 s
[2026-01-29T16:42:58.898+0530] {subprocess.py:106} INFO - 26/01/29 16:42:58 INFO DAGScheduler: Job 65 is finished. Cancelling potential speculative or zombie tasks for this job
[2026-01-29T16:42:58.898+0530] {subprocess.py:106} INFO - 26/01/29 16:42:58 INFO TaskSchedulerImpl: Killing all running tasks in stage 85: Stage finished
[2026-01-29T16:42:58.899+0530] {subprocess.py:106} INFO - 26/01/29 16:42:58 INFO DAGScheduler: Job 65 finished: showString at NativeMethodAccessorImpl.java:0, took 0.237205 s
[2026-01-29T16:42:58.906+0530] {subprocess.py:106} INFO - 26/01/29 16:42:58 INFO CodeGenerator: Code generated in 5.270233 ms
[2026-01-29T16:42:58.907+0530] {subprocess.py:106} INFO - +---------+----------+------------------+----------+----------+------------------+---+-----+-----------+
[2026-01-29T16:42:58.908+0530] {subprocess.py:106} INFO - |     city|      date|temperature_2m_max|temp_lag_1|temp_lag_2|    temp_rolling_3|day|month|day_of_week|
[2026-01-29T16:42:58.908+0530] {subprocess.py:106} INFO - +---------+----------+------------------+----------+----------+------------------+---+-----+-----------+
[2026-01-29T16:42:58.908+0530] {subprocess.py:106} INFO - |Ahmedabad|2000-01-01|              29.9|      NULL|      NULL|              29.9|  1|    1|          7|
[2026-01-29T16:42:58.908+0530] {subprocess.py:106} INFO - |Ahmedabad|2000-01-02|              29.9|      29.9|      NULL|              29.9|  2|    1|          1|
[2026-01-29T16:42:58.908+0530] {subprocess.py:106} INFO - |Ahmedabad|2000-01-03|              29.1|      29.9|      29.9|29.633333333333336|  3|    1|          2|
[2026-01-29T16:42:58.908+0530] {subprocess.py:106} INFO - |Ahmedabad|2000-01-04|              28.6|      29.1|      29.9|              29.2|  4|    1|          3|
[2026-01-29T16:42:58.909+0530] {subprocess.py:106} INFO - |Ahmedabad|2000-01-05|              28.1|      28.6|      29.1|28.600000000000005|  5|    1|          4|
[2026-01-29T16:42:58.909+0530] {subprocess.py:106} INFO - +---------+----------+------------------+----------+----------+------------------+---+-----+-----------+
[2026-01-29T16:42:58.909+0530] {subprocess.py:106} INFO - only showing top 5 rows
[2026-01-29T16:42:58.909+0530] {subprocess.py:106} INFO - 
[2026-01-29T16:42:59.040+0530] {subprocess.py:106} INFO - 26/01/29 16:42:59 INFO FileSourceStrategy: Pushed Filters:
[2026-01-29T16:42:59.040+0530] {subprocess.py:106} INFO - 26/01/29 16:42:59 INFO FileSourceStrategy: Post-Scan Filters:
[2026-01-29T16:42:59.074+0530] {subprocess.py:106} INFO - 26/01/29 16:42:59 INFO CodeGenerator: Code generated in 12.955638 ms
[2026-01-29T16:42:59.076+0530] {subprocess.py:106} INFO - 26/01/29 16:42:59 INFO MemoryStore: Block broadcast_112 stored as values in memory (estimated size 350.2 KiB, free 365.5 MiB)
[2026-01-29T16:42:59.083+0530] {subprocess.py:106} INFO - 26/01/29 16:42:59 INFO MemoryStore: Block broadcast_112_piece0 stored as bytes in memory (estimated size 34.3 KiB, free 365.5 MiB)
[2026-01-29T16:42:59.083+0530] {subprocess.py:106} INFO - 26/01/29 16:42:59 INFO BlockManagerInfo: Added broadcast_112_piece0 in memory on Aishwarya92848DBDA:45083 (size: 34.3 KiB, free: 366.2 MiB)
[2026-01-29T16:42:59.084+0530] {subprocess.py:106} INFO - 26/01/29 16:42:59 INFO SparkContext: Created broadcast 112 from showString at NativeMethodAccessorImpl.java:0
[2026-01-29T16:42:59.085+0530] {subprocess.py:106} INFO - 26/01/29 16:42:59 INFO FileSourceScanExec: Planning scan with bin packing, max size: 4194304 bytes, open cost is considered as scanning 4194304 bytes.
[2026-01-29T16:42:59.090+0530] {subprocess.py:106} INFO - 26/01/29 16:42:59 INFO DAGScheduler: Registering RDD 304 (showString at NativeMethodAccessorImpl.java:0) as input to shuffle 20
[2026-01-29T16:42:59.090+0530] {subprocess.py:106} INFO - 26/01/29 16:42:59 INFO DAGScheduler: Got map stage job 66 (showString at NativeMethodAccessorImpl.java:0) with 2 output partitions
[2026-01-29T16:42:59.090+0530] {subprocess.py:106} INFO - 26/01/29 16:42:59 INFO DAGScheduler: Final stage: ShuffleMapStage 86 (showString at NativeMethodAccessorImpl.java:0)
[2026-01-29T16:42:59.090+0530] {subprocess.py:106} INFO - 26/01/29 16:42:59 INFO DAGScheduler: Parents of final stage: List()
[2026-01-29T16:42:59.090+0530] {subprocess.py:106} INFO - 26/01/29 16:42:59 INFO DAGScheduler: Missing parents: List()
[2026-01-29T16:42:59.090+0530] {subprocess.py:106} INFO - 26/01/29 16:42:59 INFO DAGScheduler: Submitting ShuffleMapStage 86 (MapPartitionsRDD[304] at showString at NativeMethodAccessorImpl.java:0), which has no missing parents
[2026-01-29T16:42:59.093+0530] {subprocess.py:106} INFO - 26/01/29 16:42:59 INFO MemoryStore: Block broadcast_113 stored as values in memory (estimated size 28.9 KiB, free 365.4 MiB)
[2026-01-29T16:42:59.094+0530] {subprocess.py:106} INFO - 26/01/29 16:42:59 INFO MemoryStore: Block broadcast_113_piece0 stored as bytes in memory (estimated size 11.1 KiB, free 365.4 MiB)
[2026-01-29T16:42:59.095+0530] {subprocess.py:106} INFO - 26/01/29 16:42:59 INFO BlockManagerInfo: Added broadcast_113_piece0 in memory on Aishwarya92848DBDA:45083 (size: 11.1 KiB, free: 366.2 MiB)
[2026-01-29T16:42:59.095+0530] {subprocess.py:106} INFO - 26/01/29 16:42:59 INFO SparkContext: Created broadcast 113 from broadcast at DAGScheduler.scala:1585
[2026-01-29T16:42:59.095+0530] {subprocess.py:106} INFO - 26/01/29 16:42:59 INFO DAGScheduler: Submitting 2 missing tasks from ShuffleMapStage 86 (MapPartitionsRDD[304] at showString at NativeMethodAccessorImpl.java:0) (first 15 tasks are for partitions Vector(0, 1))
[2026-01-29T16:42:59.095+0530] {subprocess.py:106} INFO - 26/01/29 16:42:59 INFO TaskSchedulerImpl: Adding task set 86.0 with 2 tasks resource profile 0
[2026-01-29T16:42:59.096+0530] {subprocess.py:106} INFO - 26/01/29 16:42:59 INFO TaskSetManager: Starting task 0.0 in stage 86.0 (TID 110) (Aishwarya92848DBDA, executor driver, partition 0, NODE_LOCAL, 8230 bytes)
[2026-01-29T16:42:59.097+0530] {subprocess.py:106} INFO - 26/01/29 16:42:59 INFO TaskSetManager: Starting task 1.0 in stage 86.0 (TID 111) (Aishwarya92848DBDA, executor driver, partition 1, NODE_LOCAL, 8230 bytes)
[2026-01-29T16:42:59.097+0530] {subprocess.py:106} INFO - 26/01/29 16:42:59 INFO Executor: Running task 0.0 in stage 86.0 (TID 110)
[2026-01-29T16:42:59.097+0530] {subprocess.py:106} INFO - 26/01/29 16:42:59 INFO Executor: Running task 1.0 in stage 86.0 (TID 111)
[2026-01-29T16:42:59.117+0530] {subprocess.py:106} INFO - 26/01/29 16:42:59 INFO CodeGenerator: Code generated in 15.59405 ms
[2026-01-29T16:42:59.120+0530] {subprocess.py:106} INFO - 26/01/29 16:42:59 INFO FileScanRDD: Reading File path: hdfs://localhost:9000/weather/data/raw_data/weather_dataset.csv, range: 4194304-6329103, partition values: [empty row]
[2026-01-29T16:42:59.120+0530] {subprocess.py:106} INFO - 26/01/29 16:42:59 INFO FileScanRDD: Reading File path: hdfs://localhost:9000/weather/data/raw_data/weather_dataset.csv, range: 0-4194304, partition values: [empty row]
[2026-01-29T16:42:59.127+0530] {subprocess.py:106} INFO - 26/01/29 16:42:59 INFO CodeGenerator: Code generated in 5.80434 ms
[2026-01-29T16:42:59.233+0530] {subprocess.py:106} INFO - 26/01/29 16:42:59 INFO BlockManagerInfo: Removed broadcast_109_piece0 on Aishwarya92848DBDA:45083 in memory (size: 34.3 KiB, free: 366.2 MiB)
[2026-01-29T16:42:59.234+0530] {subprocess.py:106} INFO - 26/01/29 16:42:59 INFO BlockManagerInfo: Removed broadcast_111_piece0 on Aishwarya92848DBDA:45083 in memory (size: 21.2 KiB, free: 366.2 MiB)
[2026-01-29T16:42:59.235+0530] {subprocess.py:106} INFO - 26/01/29 16:42:59 INFO BlockManagerInfo: Removed broadcast_110_piece0 on Aishwarya92848DBDA:45083 in memory (size: 9.7 KiB, free: 366.3 MiB)
[2026-01-29T16:42:59.334+0530] {subprocess.py:106} INFO - 26/01/29 16:42:59 INFO Executor: Finished task 1.0 in stage 86.0 (TID 111). 2038 bytes result sent to driver
[2026-01-29T16:42:59.335+0530] {subprocess.py:106} INFO - 26/01/29 16:42:59 INFO TaskSetManager: Finished task 1.0 in stage 86.0 (TID 111) in 239 ms on Aishwarya92848DBDA (executor driver) (1/2)
[2026-01-29T16:42:59.404+0530] {subprocess.py:106} INFO - 26/01/29 16:42:59 INFO Executor: Finished task 0.0 in stage 86.0 (TID 110). 2038 bytes result sent to driver
[2026-01-29T16:42:59.405+0530] {subprocess.py:106} INFO - 26/01/29 16:42:59 INFO TaskSetManager: Finished task 0.0 in stage 86.0 (TID 110) in 309 ms on Aishwarya92848DBDA (executor driver) (2/2)
[2026-01-29T16:42:59.405+0530] {subprocess.py:106} INFO - 26/01/29 16:42:59 INFO TaskSchedulerImpl: Removed TaskSet 86.0, whose tasks have all completed, from pool
[2026-01-29T16:42:59.405+0530] {subprocess.py:106} INFO - 26/01/29 16:42:59 INFO DAGScheduler: ShuffleMapStage 86 (showString at NativeMethodAccessorImpl.java:0) finished in 0.314 s
[2026-01-29T16:42:59.406+0530] {subprocess.py:106} INFO - 26/01/29 16:42:59 INFO DAGScheduler: looking for newly runnable stages
[2026-01-29T16:42:59.406+0530] {subprocess.py:106} INFO - 26/01/29 16:42:59 INFO DAGScheduler: running: Set()
[2026-01-29T16:42:59.406+0530] {subprocess.py:106} INFO - 26/01/29 16:42:59 INFO DAGScheduler: waiting: Set()
[2026-01-29T16:42:59.406+0530] {subprocess.py:106} INFO - 26/01/29 16:42:59 INFO DAGScheduler: failed: Set()
[2026-01-29T16:42:59.411+0530] {subprocess.py:106} INFO - 26/01/29 16:42:59 INFO ShufflePartitionsUtil: For shuffle(20), advisory target size: 67108864, actual target size 1048576, minimum partition size: 1048576
[2026-01-29T16:42:59.441+0530] {subprocess.py:106} INFO - 26/01/29 16:42:59 INFO CodeGenerator: Code generated in 9.416437 ms
[2026-01-29T16:42:59.456+0530] {subprocess.py:106} INFO - 26/01/29 16:42:59 INFO DAGScheduler: Registering RDD 309 (showString at NativeMethodAccessorImpl.java:0) as input to shuffle 21
[2026-01-29T16:42:59.457+0530] {subprocess.py:106} INFO - 26/01/29 16:42:59 INFO DAGScheduler: Got map stage job 67 (showString at NativeMethodAccessorImpl.java:0) with 2 output partitions
[2026-01-29T16:42:59.457+0530] {subprocess.py:106} INFO - 26/01/29 16:42:59 INFO DAGScheduler: Final stage: ShuffleMapStage 88 (showString at NativeMethodAccessorImpl.java:0)
[2026-01-29T16:42:59.457+0530] {subprocess.py:106} INFO - 26/01/29 16:42:59 INFO DAGScheduler: Parents of final stage: List(ShuffleMapStage 87)
[2026-01-29T16:42:59.458+0530] {subprocess.py:106} INFO - 26/01/29 16:42:59 INFO DAGScheduler: Missing parents: List()
[2026-01-29T16:42:59.458+0530] {subprocess.py:106} INFO - 26/01/29 16:42:59 INFO DAGScheduler: Submitting ShuffleMapStage 88 (MapPartitionsRDD[309] at showString at NativeMethodAccessorImpl.java:0), which has no missing parents
[2026-01-29T16:42:59.461+0530] {subprocess.py:106} INFO - 26/01/29 16:42:59 INFO MemoryStore: Block broadcast_114 stored as values in memory (estimated size 61.9 KiB, free 365.8 MiB)
[2026-01-29T16:42:59.462+0530] {subprocess.py:106} INFO - 26/01/29 16:42:59 INFO MemoryStore: Block broadcast_114_piece0 stored as bytes in memory (estimated size 25.3 KiB, free 365.8 MiB)
[2026-01-29T16:42:59.462+0530] {subprocess.py:106} INFO - 26/01/29 16:42:59 INFO BlockManagerInfo: Added broadcast_114_piece0 in memory on Aishwarya92848DBDA:45083 (size: 25.3 KiB, free: 366.2 MiB)
[2026-01-29T16:42:59.462+0530] {subprocess.py:106} INFO - 26/01/29 16:42:59 INFO SparkContext: Created broadcast 114 from broadcast at DAGScheduler.scala:1585
[2026-01-29T16:42:59.463+0530] {subprocess.py:106} INFO - 26/01/29 16:42:59 INFO DAGScheduler: Submitting 2 missing tasks from ShuffleMapStage 88 (MapPartitionsRDD[309] at showString at NativeMethodAccessorImpl.java:0) (first 15 tasks are for partitions Vector(0, 1))
[2026-01-29T16:42:59.463+0530] {subprocess.py:106} INFO - 26/01/29 16:42:59 INFO TaskSchedulerImpl: Adding task set 88.0 with 2 tasks resource profile 0
[2026-01-29T16:42:59.464+0530] {subprocess.py:106} INFO - 26/01/29 16:42:59 INFO TaskSetManager: Starting task 0.0 in stage 88.0 (TID 112) (Aishwarya92848DBDA, executor driver, partition 0, NODE_LOCAL, 7604 bytes)
[2026-01-29T16:42:59.464+0530] {subprocess.py:106} INFO - 26/01/29 16:42:59 INFO TaskSetManager: Starting task 1.0 in stage 88.0 (TID 113) (Aishwarya92848DBDA, executor driver, partition 1, NODE_LOCAL, 7604 bytes)
[2026-01-29T16:42:59.465+0530] {subprocess.py:106} INFO - 26/01/29 16:42:59 INFO Executor: Running task 1.0 in stage 88.0 (TID 113)
[2026-01-29T16:42:59.465+0530] {subprocess.py:106} INFO - 26/01/29 16:42:59 INFO Executor: Running task 0.0 in stage 88.0 (TID 112)
[2026-01-29T16:42:59.470+0530] {subprocess.py:106} INFO - 26/01/29 16:42:59 INFO ShuffleBlockFetcherIterator: Getting 2 (1243.9 KiB) non-empty blocks including 2 (1243.9 KiB) local and 0 (0.0 B) host-local and 0 (0.0 B) push-merged-local and 0 (0.0 B) remote blocks
[2026-01-29T16:42:59.470+0530] {subprocess.py:106} INFO - 26/01/29 16:42:59 INFO ShuffleBlockFetcherIterator: Started 0 remote fetches in 0 ms
[2026-01-29T16:42:59.472+0530] {subprocess.py:106} INFO - 26/01/29 16:42:59 INFO ShuffleBlockFetcherIterator: Getting 2 (1860.4 KiB) non-empty blocks including 2 (1860.4 KiB) local and 0 (0.0 B) host-local and 0 (0.0 B) push-merged-local and 0 (0.0 B) remote blocks
[2026-01-29T16:42:59.472+0530] {subprocess.py:106} INFO - 26/01/29 16:42:59 INFO ShuffleBlockFetcherIterator: Started 0 remote fetches in 0 ms
[2026-01-29T16:42:59.479+0530] {subprocess.py:106} INFO - 26/01/29 16:42:59 INFO CodeGenerator: Code generated in 5.500797 ms
[2026-01-29T16:42:59.521+0530] {subprocess.py:106} INFO - 26/01/29 16:42:59 INFO CodeGenerator: Code generated in 9.533789 ms
[2026-01-29T16:42:59.526+0530] {subprocess.py:106} INFO - 26/01/29 16:42:59 INFO ExternalAppendOnlyUnsafeRowArray: Reached spill threshold of 4096 rows, switching to org.apache.spark.util.collection.unsafe.sort.UnsafeExternalSorter
[2026-01-29T16:42:59.528+0530] {subprocess.py:106} INFO - 26/01/29 16:42:59 INFO ExternalAppendOnlyUnsafeRowArray: Reached spill threshold of 4096 rows, switching to org.apache.spark.util.collection.unsafe.sort.UnsafeExternalSorter
[2026-01-29T16:42:59.599+0530] {subprocess.py:106} INFO - 26/01/29 16:42:59 INFO ExternalAppendOnlyUnsafeRowArray: Reached spill threshold of 4096 rows, switching to org.apache.spark.util.collection.unsafe.sort.UnsafeExternalSorter
[2026-01-29T16:42:59.599+0530] {subprocess.py:106} INFO - 26/01/29 16:42:59 INFO ExternalAppendOnlyUnsafeRowArray: Reached spill threshold of 4096 rows, switching to org.apache.spark.util.collection.unsafe.sort.UnsafeExternalSorter
[2026-01-29T16:42:59.669+0530] {subprocess.py:106} INFO - 26/01/29 16:42:59 INFO ExternalAppendOnlyUnsafeRowArray: Reached spill threshold of 4096 rows, switching to org.apache.spark.util.collection.unsafe.sort.UnsafeExternalSorter
[2026-01-29T16:42:59.669+0530] {subprocess.py:106} INFO - 26/01/29 16:42:59 INFO ExternalAppendOnlyUnsafeRowArray: Reached spill threshold of 4096 rows, switching to org.apache.spark.util.collection.unsafe.sort.UnsafeExternalSorter
[2026-01-29T16:42:59.704+0530] {subprocess.py:106} INFO - 26/01/29 16:42:59 INFO ExternalAppendOnlyUnsafeRowArray: Reached spill threshold of 4096 rows, switching to org.apache.spark.util.collection.unsafe.sort.UnsafeExternalSorter
[2026-01-29T16:42:59.704+0530] {subprocess.py:106} INFO - 26/01/29 16:42:59 INFO ExternalAppendOnlyUnsafeRowArray: Reached spill threshold of 4096 rows, switching to org.apache.spark.util.collection.unsafe.sort.UnsafeExternalSorter
[2026-01-29T16:42:59.722+0530] {subprocess.py:106} INFO - 26/01/29 16:42:59 INFO ExternalAppendOnlyUnsafeRowArray: Reached spill threshold of 4096 rows, switching to org.apache.spark.util.collection.unsafe.sort.UnsafeExternalSorter
[2026-01-29T16:42:59.723+0530] {subprocess.py:106} INFO - 26/01/29 16:42:59 INFO Executor: Finished task 0.0 in stage 88.0 (TID 112). 4933 bytes result sent to driver
[2026-01-29T16:42:59.723+0530] {subprocess.py:106} INFO - 26/01/29 16:42:59 INFO TaskSetManager: Finished task 0.0 in stage 88.0 (TID 112) in 259 ms on Aishwarya92848DBDA (executor driver) (1/2)
[2026-01-29T16:42:59.729+0530] {subprocess.py:106} INFO - 26/01/29 16:42:59 INFO ExternalAppendOnlyUnsafeRowArray: Reached spill threshold of 4096 rows, switching to org.apache.spark.util.collection.unsafe.sort.UnsafeExternalSorter
[2026-01-29T16:42:59.742+0530] {subprocess.py:106} INFO - 26/01/29 16:42:59 INFO Executor: Finished task 1.0 in stage 88.0 (TID 113). 4933 bytes result sent to driver
[2026-01-29T16:42:59.742+0530] {subprocess.py:106} INFO - 26/01/29 16:42:59 INFO TaskSetManager: Finished task 1.0 in stage 88.0 (TID 113) in 278 ms on Aishwarya92848DBDA (executor driver) (2/2)
[2026-01-29T16:42:59.743+0530] {subprocess.py:106} INFO - 26/01/29 16:42:59 INFO TaskSchedulerImpl: Removed TaskSet 88.0, whose tasks have all completed, from pool
[2026-01-29T16:42:59.743+0530] {subprocess.py:106} INFO - 26/01/29 16:42:59 INFO DAGScheduler: ShuffleMapStage 88 (showString at NativeMethodAccessorImpl.java:0) finished in 0.284 s
[2026-01-29T16:42:59.744+0530] {subprocess.py:106} INFO - 26/01/29 16:42:59 INFO DAGScheduler: looking for newly runnable stages
[2026-01-29T16:42:59.744+0530] {subprocess.py:106} INFO - 26/01/29 16:42:59 INFO DAGScheduler: running: Set()
[2026-01-29T16:42:59.744+0530] {subprocess.py:106} INFO - 26/01/29 16:42:59 INFO DAGScheduler: waiting: Set()
[2026-01-29T16:42:59.744+0530] {subprocess.py:106} INFO - 26/01/29 16:42:59 INFO DAGScheduler: failed: Set()
[2026-01-29T16:42:59.760+0530] {subprocess.py:106} INFO - 26/01/29 16:42:59 INFO BlockManagerInfo: Removed broadcast_113_piece0 on Aishwarya92848DBDA:45083 in memory (size: 11.1 KiB, free: 366.2 MiB)
[2026-01-29T16:42:59.761+0530] {subprocess.py:106} INFO - 26/01/29 16:42:59 INFO BlockManagerInfo: Removed broadcast_114_piece0 on Aishwarya92848DBDA:45083 in memory (size: 25.3 KiB, free: 366.3 MiB)
[2026-01-29T16:42:59.767+0530] {subprocess.py:106} INFO - 26/01/29 16:42:59 INFO CodeGenerator: Code generated in 15.459797 ms
[2026-01-29T16:42:59.774+0530] {subprocess.py:106} INFO - 26/01/29 16:42:59 INFO SparkContext: Starting job: showString at NativeMethodAccessorImpl.java:0
[2026-01-29T16:42:59.775+0530] {subprocess.py:106} INFO - 26/01/29 16:42:59 INFO DAGScheduler: Got job 68 (showString at NativeMethodAccessorImpl.java:0) with 1 output partitions
[2026-01-29T16:42:59.775+0530] {subprocess.py:106} INFO - 26/01/29 16:42:59 INFO DAGScheduler: Final stage: ResultStage 91 (showString at NativeMethodAccessorImpl.java:0)
[2026-01-29T16:42:59.776+0530] {subprocess.py:106} INFO - 26/01/29 16:42:59 INFO DAGScheduler: Parents of final stage: List(ShuffleMapStage 90)
[2026-01-29T16:42:59.776+0530] {subprocess.py:106} INFO - 26/01/29 16:42:59 INFO DAGScheduler: Missing parents: List()
[2026-01-29T16:42:59.776+0530] {subprocess.py:106} INFO - 26/01/29 16:42:59 INFO DAGScheduler: Submitting ResultStage 91 (MapPartitionsRDD[312] at showString at NativeMethodAccessorImpl.java:0), which has no missing parents
[2026-01-29T16:42:59.777+0530] {subprocess.py:106} INFO - 26/01/29 16:42:59 INFO MemoryStore: Block broadcast_115 stored as values in memory (estimated size 19.6 KiB, free 365.9 MiB)
[2026-01-29T16:42:59.778+0530] {subprocess.py:106} INFO - 26/01/29 16:42:59 INFO MemoryStore: Block broadcast_115_piece0 stored as bytes in memory (estimated size 7.5 KiB, free 365.9 MiB)
[2026-01-29T16:42:59.778+0530] {subprocess.py:106} INFO - 26/01/29 16:42:59 INFO BlockManagerInfo: Added broadcast_115_piece0 in memory on Aishwarya92848DBDA:45083 (size: 7.5 KiB, free: 366.3 MiB)
[2026-01-29T16:42:59.778+0530] {subprocess.py:106} INFO - 26/01/29 16:42:59 INFO SparkContext: Created broadcast 115 from broadcast at DAGScheduler.scala:1585
[2026-01-29T16:42:59.779+0530] {subprocess.py:106} INFO - 26/01/29 16:42:59 INFO DAGScheduler: Submitting 1 missing tasks from ResultStage 91 (MapPartitionsRDD[312] at showString at NativeMethodAccessorImpl.java:0) (first 15 tasks are for partitions Vector(0))
[2026-01-29T16:42:59.779+0530] {subprocess.py:106} INFO - 26/01/29 16:42:59 INFO TaskSchedulerImpl: Adding task set 91.0 with 1 tasks resource profile 0
[2026-01-29T16:42:59.780+0530] {subprocess.py:106} INFO - 26/01/29 16:42:59 INFO TaskSetManager: Starting task 0.0 in stage 91.0 (TID 114) (Aishwarya92848DBDA, executor driver, partition 0, NODE_LOCAL, 7615 bytes)
[2026-01-29T16:42:59.780+0530] {subprocess.py:106} INFO - 26/01/29 16:42:59 INFO Executor: Running task 0.0 in stage 91.0 (TID 114)
[2026-01-29T16:42:59.782+0530] {subprocess.py:106} INFO - 26/01/29 16:42:59 INFO ShuffleBlockFetcherIterator: Getting 2 (144.0 B) non-empty blocks including 2 (144.0 B) local and 0 (0.0 B) host-local and 0 (0.0 B) push-merged-local and 0 (0.0 B) remote blocks
[2026-01-29T16:42:59.783+0530] {subprocess.py:106} INFO - 26/01/29 16:42:59 INFO ShuffleBlockFetcherIterator: Started 0 remote fetches in 0 ms
[2026-01-29T16:42:59.792+0530] {subprocess.py:106} INFO - 26/01/29 16:42:59 INFO CodeGenerator: Code generated in 8.758718 ms
[2026-01-29T16:42:59.794+0530] {subprocess.py:106} INFO - 26/01/29 16:42:59 INFO Executor: Finished task 0.0 in stage 91.0 (TID 114). 4052 bytes result sent to driver
[2026-01-29T16:42:59.795+0530] {subprocess.py:106} INFO - 26/01/29 16:42:59 INFO TaskSetManager: Finished task 0.0 in stage 91.0 (TID 114) in 16 ms on Aishwarya92848DBDA (executor driver) (1/1)
[2026-01-29T16:42:59.795+0530] {subprocess.py:106} INFO - 26/01/29 16:42:59 INFO TaskSchedulerImpl: Removed TaskSet 91.0, whose tasks have all completed, from pool
[2026-01-29T16:42:59.795+0530] {subprocess.py:106} INFO - 26/01/29 16:42:59 INFO DAGScheduler: ResultStage 91 (showString at NativeMethodAccessorImpl.java:0) finished in 0.019 s
[2026-01-29T16:42:59.795+0530] {subprocess.py:106} INFO - 26/01/29 16:42:59 INFO DAGScheduler: Job 68 is finished. Cancelling potential speculative or zombie tasks for this job
[2026-01-29T16:42:59.796+0530] {subprocess.py:106} INFO - 26/01/29 16:42:59 INFO TaskSchedulerImpl: Killing all running tasks in stage 91: Stage finished
[2026-01-29T16:42:59.796+0530] {subprocess.py:106} INFO - 26/01/29 16:42:59 INFO DAGScheduler: Job 68 finished: showString at NativeMethodAccessorImpl.java:0, took 0.021940 s
[2026-01-29T16:42:59.804+0530] {subprocess.py:106} INFO - 26/01/29 16:42:59 INFO CodeGenerator: Code generated in 5.609702 ms
[2026-01-29T16:42:59.805+0530] {subprocess.py:106} INFO - +------------------+------------------+------------------------+------------------------+------------------+------------------+------------+----------+----------+--------------+
[2026-01-29T16:42:59.805+0530] {subprocess.py:106} INFO - |temperature_2m_max|temperature_2m_min|apparent_temperature_max|apparent_temperature_min|wind_speed_10m_max|wind_gusts_10m_max|rain_sum_log|temp_lag_1|temp_lag_2|temp_rolling_3|
[2026-01-29T16:42:59.806+0530] {subprocess.py:106} INFO - +------------------+------------------+------------------------+------------------------+------------------+------------------+------------+----------+----------+--------------+
[2026-01-29T16:42:59.806+0530] {subprocess.py:106} INFO - |30                |30                |30                      |30                      |30                |30                |30          |40        |50        |30            |
[2026-01-29T16:42:59.806+0530] {subprocess.py:106} INFO - +------------------+------------------+------------------------+------------------------+------------------+------------------+------------+----------+----------+--------------+
[2026-01-29T16:42:59.806+0530] {subprocess.py:106} INFO - 
[2026-01-29T16:42:59.924+0530] {subprocess.py:106} INFO - 26/01/29 16:42:59 INFO FileSourceStrategy: Pushed Filters:
[2026-01-29T16:42:59.924+0530] {subprocess.py:106} INFO - 26/01/29 16:42:59 INFO FileSourceStrategy: Post-Scan Filters:
[2026-01-29T16:42:59.941+0530] {subprocess.py:106} INFO - 26/01/29 16:42:59 INFO MemoryStore: Block broadcast_116 stored as values in memory (estimated size 350.2 KiB, free 365.6 MiB)
[2026-01-29T16:42:59.947+0530] {subprocess.py:106} INFO - 26/01/29 16:42:59 INFO MemoryStore: Block broadcast_116_piece0 stored as bytes in memory (estimated size 34.3 KiB, free 365.5 MiB)
[2026-01-29T16:42:59.947+0530] {subprocess.py:106} INFO - 26/01/29 16:42:59 INFO BlockManagerInfo: Added broadcast_116_piece0 in memory on Aishwarya92848DBDA:45083 (size: 34.3 KiB, free: 366.2 MiB)
[2026-01-29T16:42:59.947+0530] {subprocess.py:106} INFO - 26/01/29 16:42:59 INFO SparkContext: Created broadcast 116 from showString at NativeMethodAccessorImpl.java:0
[2026-01-29T16:42:59.948+0530] {subprocess.py:106} INFO - 26/01/29 16:42:59 INFO FileSourceScanExec: Planning scan with bin packing, max size: 4194304 bytes, open cost is considered as scanning 4194304 bytes.
[2026-01-29T16:42:59.951+0530] {subprocess.py:106} INFO - 26/01/29 16:42:59 INFO DAGScheduler: Registering RDD 316 (showString at NativeMethodAccessorImpl.java:0) as input to shuffle 22
[2026-01-29T16:42:59.951+0530] {subprocess.py:106} INFO - 26/01/29 16:42:59 INFO DAGScheduler: Got map stage job 69 (showString at NativeMethodAccessorImpl.java:0) with 2 output partitions
[2026-01-29T16:42:59.951+0530] {subprocess.py:106} INFO - 26/01/29 16:42:59 INFO DAGScheduler: Final stage: ShuffleMapStage 92 (showString at NativeMethodAccessorImpl.java:0)
[2026-01-29T16:42:59.952+0530] {subprocess.py:106} INFO - 26/01/29 16:42:59 INFO DAGScheduler: Parents of final stage: List()
[2026-01-29T16:42:59.952+0530] {subprocess.py:106} INFO - 26/01/29 16:42:59 INFO DAGScheduler: Missing parents: List()
[2026-01-29T16:42:59.952+0530] {subprocess.py:106} INFO - 26/01/29 16:42:59 INFO DAGScheduler: Submitting ShuffleMapStage 92 (MapPartitionsRDD[316] at showString at NativeMethodAccessorImpl.java:0), which has no missing parents
[2026-01-29T16:42:59.954+0530] {subprocess.py:106} INFO - 26/01/29 16:42:59 INFO MemoryStore: Block broadcast_117 stored as values in memory (estimated size 28.9 KiB, free 365.5 MiB)
[2026-01-29T16:42:59.955+0530] {subprocess.py:106} INFO - 26/01/29 16:42:59 INFO MemoryStore: Block broadcast_117_piece0 stored as bytes in memory (estimated size 11.1 KiB, free 365.5 MiB)
[2026-01-29T16:42:59.955+0530] {subprocess.py:106} INFO - 26/01/29 16:42:59 INFO BlockManagerInfo: Added broadcast_117_piece0 in memory on Aishwarya92848DBDA:45083 (size: 11.1 KiB, free: 366.2 MiB)
[2026-01-29T16:42:59.955+0530] {subprocess.py:106} INFO - 26/01/29 16:42:59 INFO SparkContext: Created broadcast 117 from broadcast at DAGScheduler.scala:1585
[2026-01-29T16:42:59.955+0530] {subprocess.py:106} INFO - 26/01/29 16:42:59 INFO DAGScheduler: Submitting 2 missing tasks from ShuffleMapStage 92 (MapPartitionsRDD[316] at showString at NativeMethodAccessorImpl.java:0) (first 15 tasks are for partitions Vector(0, 1))
[2026-01-29T16:42:59.955+0530] {subprocess.py:106} INFO - 26/01/29 16:42:59 INFO TaskSchedulerImpl: Adding task set 92.0 with 2 tasks resource profile 0
[2026-01-29T16:42:59.956+0530] {subprocess.py:106} INFO - 26/01/29 16:42:59 INFO TaskSetManager: Starting task 0.0 in stage 92.0 (TID 115) (Aishwarya92848DBDA, executor driver, partition 0, NODE_LOCAL, 8230 bytes)
[2026-01-29T16:42:59.956+0530] {subprocess.py:106} INFO - 26/01/29 16:42:59 INFO TaskSetManager: Starting task 1.0 in stage 92.0 (TID 116) (Aishwarya92848DBDA, executor driver, partition 1, NODE_LOCAL, 8230 bytes)
[2026-01-29T16:42:59.957+0530] {subprocess.py:106} INFO - 26/01/29 16:42:59 INFO Executor: Running task 0.0 in stage 92.0 (TID 115)
[2026-01-29T16:42:59.957+0530] {subprocess.py:106} INFO - 26/01/29 16:42:59 INFO Executor: Running task 1.0 in stage 92.0 (TID 116)
[2026-01-29T16:42:59.960+0530] {subprocess.py:106} INFO - 26/01/29 16:42:59 INFO FileScanRDD: Reading File path: hdfs://localhost:9000/weather/data/raw_data/weather_dataset.csv, range: 4194304-6329103, partition values: [empty row]
[2026-01-29T16:42:59.961+0530] {subprocess.py:106} INFO - 26/01/29 16:42:59 INFO FileScanRDD: Reading File path: hdfs://localhost:9000/weather/data/raw_data/weather_dataset.csv, range: 0-4194304, partition values: [empty row]
[2026-01-29T16:43:00.066+0530] {subprocess.py:106} INFO - 26/01/29 16:43:00 INFO Executor: Finished task 1.0 in stage 92.0 (TID 116). 1995 bytes result sent to driver
[2026-01-29T16:43:00.066+0530] {subprocess.py:106} INFO - 26/01/29 16:43:00 INFO TaskSetManager: Finished task 1.0 in stage 92.0 (TID 116) in 110 ms on Aishwarya92848DBDA (executor driver) (1/2)
[2026-01-29T16:43:00.113+0530] {subprocess.py:106} INFO - 26/01/29 16:43:00 INFO BlockManagerInfo: Removed broadcast_112_piece0 on Aishwarya92848DBDA:45083 in memory (size: 34.3 KiB, free: 366.2 MiB)
[2026-01-29T16:43:00.115+0530] {subprocess.py:106} INFO - 26/01/29 16:43:00 INFO BlockManagerInfo: Removed broadcast_115_piece0 on Aishwarya92848DBDA:45083 in memory (size: 7.5 KiB, free: 366.3 MiB)
[2026-01-29T16:43:00.156+0530] {subprocess.py:106} INFO - 26/01/29 16:43:00 INFO Executor: Finished task 0.0 in stage 92.0 (TID 115). 2038 bytes result sent to driver
[2026-01-29T16:43:00.157+0530] {subprocess.py:106} INFO - 26/01/29 16:43:00 INFO TaskSetManager: Finished task 0.0 in stage 92.0 (TID 115) in 200 ms on Aishwarya92848DBDA (executor driver) (2/2)
[2026-01-29T16:43:00.157+0530] {subprocess.py:106} INFO - 26/01/29 16:43:00 INFO TaskSchedulerImpl: Removed TaskSet 92.0, whose tasks have all completed, from pool
[2026-01-29T16:43:00.158+0530] {subprocess.py:106} INFO - 26/01/29 16:43:00 INFO DAGScheduler: ShuffleMapStage 92 (showString at NativeMethodAccessorImpl.java:0) finished in 0.205 s
[2026-01-29T16:43:00.158+0530] {subprocess.py:106} INFO - 26/01/29 16:43:00 INFO DAGScheduler: looking for newly runnable stages
[2026-01-29T16:43:00.158+0530] {subprocess.py:106} INFO - 26/01/29 16:43:00 INFO DAGScheduler: running: Set()
[2026-01-29T16:43:00.158+0530] {subprocess.py:106} INFO - 26/01/29 16:43:00 INFO DAGScheduler: waiting: Set()
[2026-01-29T16:43:00.158+0530] {subprocess.py:106} INFO - 26/01/29 16:43:00 INFO DAGScheduler: failed: Set()
[2026-01-29T16:43:00.161+0530] {subprocess.py:106} INFO - 26/01/29 16:43:00 INFO ShufflePartitionsUtil: For shuffle(22), advisory target size: 67108864, actual target size 1048576, minimum partition size: 1048576
[2026-01-29T16:43:00.250+0530] {subprocess.py:106} INFO - 26/01/29 16:43:00 INFO CodeGenerator: Code generated in 18.730293 ms
[2026-01-29T16:43:00.279+0530] {subprocess.py:106} INFO - 26/01/29 16:43:00 INFO SparkContext: Starting job: showString at NativeMethodAccessorImpl.java:0
[2026-01-29T16:43:00.279+0530] {subprocess.py:106} INFO - 26/01/29 16:43:00 INFO DAGScheduler: Got job 70 (showString at NativeMethodAccessorImpl.java:0) with 1 output partitions
[2026-01-29T16:43:00.280+0530] {subprocess.py:106} INFO - 26/01/29 16:43:00 INFO DAGScheduler: Final stage: ResultStage 94 (showString at NativeMethodAccessorImpl.java:0)
[2026-01-29T16:43:00.280+0530] {subprocess.py:106} INFO - 26/01/29 16:43:00 INFO DAGScheduler: Parents of final stage: List(ShuffleMapStage 93)
[2026-01-29T16:43:00.280+0530] {subprocess.py:106} INFO - 26/01/29 16:43:00 INFO DAGScheduler: Missing parents: List()
[2026-01-29T16:43:00.280+0530] {subprocess.py:106} INFO - 26/01/29 16:43:00 INFO DAGScheduler: Submitting ResultStage 94 (MapPartitionsRDD[321] at showString at NativeMethodAccessorImpl.java:0), which has no missing parents
[2026-01-29T16:43:00.282+0530] {subprocess.py:106} INFO - 26/01/29 16:43:00 INFO MemoryStore: Block broadcast_118 stored as values in memory (estimated size 63.6 KiB, free 365.8 MiB)
[2026-01-29T16:43:00.284+0530] {subprocess.py:106} INFO - 26/01/29 16:43:00 INFO MemoryStore: Block broadcast_118_piece0 stored as bytes in memory (estimated size 26.5 KiB, free 365.8 MiB)
[2026-01-29T16:43:00.284+0530] {subprocess.py:106} INFO - 26/01/29 16:43:00 INFO BlockManagerInfo: Added broadcast_118_piece0 in memory on Aishwarya92848DBDA:45083 (size: 26.5 KiB, free: 366.2 MiB)
[2026-01-29T16:43:00.284+0530] {subprocess.py:106} INFO - 26/01/29 16:43:00 INFO SparkContext: Created broadcast 118 from broadcast at DAGScheduler.scala:1585
[2026-01-29T16:43:00.284+0530] {subprocess.py:106} INFO - 26/01/29 16:43:00 INFO DAGScheduler: Submitting 1 missing tasks from ResultStage 94 (MapPartitionsRDD[321] at showString at NativeMethodAccessorImpl.java:0) (first 15 tasks are for partitions Vector(0))
[2026-01-29T16:43:00.285+0530] {subprocess.py:106} INFO - 26/01/29 16:43:00 INFO TaskSchedulerImpl: Adding task set 94.0 with 1 tasks resource profile 0
[2026-01-29T16:43:00.285+0530] {subprocess.py:106} INFO - 26/01/29 16:43:00 INFO TaskSetManager: Starting task 0.0 in stage 94.0 (TID 117) (Aishwarya92848DBDA, executor driver, partition 0, NODE_LOCAL, 7615 bytes)
[2026-01-29T16:43:00.286+0530] {subprocess.py:106} INFO - 26/01/29 16:43:00 INFO Executor: Running task 0.0 in stage 94.0 (TID 117)
[2026-01-29T16:43:00.304+0530] {subprocess.py:106} INFO - 26/01/29 16:43:00 INFO ShuffleBlockFetcherIterator: Getting 2 (1243.9 KiB) non-empty blocks including 2 (1243.9 KiB) local and 0 (0.0 B) host-local and 0 (0.0 B) push-merged-local and 0 (0.0 B) remote blocks
[2026-01-29T16:43:00.305+0530] {subprocess.py:106} INFO - 26/01/29 16:43:00 INFO ShuffleBlockFetcherIterator: Started 0 remote fetches in 0 ms
[2026-01-29T16:43:00.343+0530] {subprocess.py:106} INFO - 26/01/29 16:43:00 INFO CodeGenerator: Code generated in 13.0524 ms
[2026-01-29T16:43:00.349+0530] {subprocess.py:106} INFO - 26/01/29 16:43:00 INFO ExternalAppendOnlyUnsafeRowArray: Reached spill threshold of 4096 rows, switching to org.apache.spark.util.collection.unsafe.sort.UnsafeExternalSorter
[2026-01-29T16:43:00.368+0530] {subprocess.py:106} INFO - 26/01/29 16:43:00 INFO CodeGenerator: Code generated in 5.623068 ms
[2026-01-29T16:43:00.372+0530] {subprocess.py:106} INFO - 26/01/29 16:43:00 INFO Executor: Finished task 0.0 in stage 94.0 (TID 117). 4926 bytes result sent to driver
[2026-01-29T16:43:00.372+0530] {subprocess.py:106} INFO - 26/01/29 16:43:00 INFO TaskSetManager: Finished task 0.0 in stage 94.0 (TID 117) in 87 ms on Aishwarya92848DBDA (executor driver) (1/1)
[2026-01-29T16:43:00.372+0530] {subprocess.py:106} INFO - 26/01/29 16:43:00 INFO TaskSchedulerImpl: Removed TaskSet 94.0, whose tasks have all completed, from pool
[2026-01-29T16:43:00.373+0530] {subprocess.py:106} INFO - 26/01/29 16:43:00 INFO DAGScheduler: ResultStage 94 (showString at NativeMethodAccessorImpl.java:0) finished in 0.092 s
[2026-01-29T16:43:00.373+0530] {subprocess.py:106} INFO - 26/01/29 16:43:00 INFO DAGScheduler: Job 70 is finished. Cancelling potential speculative or zombie tasks for this job
[2026-01-29T16:43:00.373+0530] {subprocess.py:106} INFO - 26/01/29 16:43:00 INFO TaskSchedulerImpl: Killing all running tasks in stage 94: Stage finished
[2026-01-29T16:43:00.373+0530] {subprocess.py:106} INFO - 26/01/29 16:43:00 INFO DAGScheduler: Job 70 finished: showString at NativeMethodAccessorImpl.java:0, took 0.094183 s
[2026-01-29T16:43:00.378+0530] {subprocess.py:106} INFO - 26/01/29 16:43:00 INFO CodeGenerator: Code generated in 3.274061 ms
[2026-01-29T16:43:00.379+0530] {subprocess.py:106} INFO - +----------------------------------------------------------------+
[2026-01-29T16:43:00.380+0530] {subprocess.py:106} INFO - |features                                                        |
[2026-01-29T16:43:00.380+0530] {subprocess.py:106} INFO - +----------------------------------------------------------------+
[2026-01-29T16:43:00.380+0530] {subprocess.py:106} INFO - |[25.4,13.6,25.8,13.3,13.5,31.3,0.0,25.4,24.6,25.133333333333336]|
[2026-01-29T16:43:00.380+0530] {subprocess.py:106} INFO - |[25.6,14.9,26.1,15.2,13.8,26.6,0.0,25.4,25.4,25.46666666666667] |
[2026-01-29T16:43:00.380+0530] {subprocess.py:106} INFO - |[26.6,14.5,26.0,14.0,12.8,29.9,0.0,25.6,25.4,25.866666666666664]|
[2026-01-29T16:43:00.380+0530] {subprocess.py:106} INFO - |[25.5,14.7,26.2,14.5,14.4,29.9,0.0,26.6,25.6,25.900000000000002]|
[2026-01-29T16:43:00.380+0530] {subprocess.py:106} INFO - |[26.3,15.4,26.7,15.1,15.2,33.1,0.0,25.5,26.6,26.133333333333336]|
[2026-01-29T16:43:00.380+0530] {subprocess.py:106} INFO - +----------------------------------------------------------------+
[2026-01-29T16:43:00.381+0530] {subprocess.py:106} INFO - only showing top 5 rows
[2026-01-29T16:43:00.381+0530] {subprocess.py:106} INFO - 
[2026-01-29T16:43:00.435+0530] {subprocess.py:106} INFO - 26/01/29 16:43:00 INFO FileSourceStrategy: Pushed Filters:
[2026-01-29T16:43:00.436+0530] {subprocess.py:106} INFO - 26/01/29 16:43:00 INFO FileSourceStrategy: Post-Scan Filters:
[2026-01-29T16:43:00.454+0530] {subprocess.py:106} INFO - 26/01/29 16:43:00 INFO MemoryStore: Block broadcast_119 stored as values in memory (estimated size 350.2 KiB, free 365.5 MiB)
[2026-01-29T16:43:00.459+0530] {subprocess.py:106} INFO - 26/01/29 16:43:00 INFO MemoryStore: Block broadcast_119_piece0 stored as bytes in memory (estimated size 34.3 KiB, free 365.4 MiB)
[2026-01-29T16:43:00.459+0530] {subprocess.py:106} INFO - 26/01/29 16:43:00 INFO BlockManagerInfo: Added broadcast_119_piece0 in memory on Aishwarya92848DBDA:45083 (size: 34.3 KiB, free: 366.2 MiB)
[2026-01-29T16:43:00.460+0530] {subprocess.py:106} INFO - 26/01/29 16:43:00 INFO SparkContext: Created broadcast 119 from first at MinMaxScaler.scala:120
[2026-01-29T16:43:00.461+0530] {subprocess.py:106} INFO - 26/01/29 16:43:00 INFO FileSourceScanExec: Planning scan with bin packing, max size: 4194304 bytes, open cost is considered as scanning 4194304 bytes.
[2026-01-29T16:43:00.464+0530] {subprocess.py:106} INFO - 26/01/29 16:43:00 INFO DAGScheduler: Registering RDD 325 (first at MinMaxScaler.scala:120) as input to shuffle 23
[2026-01-29T16:43:00.464+0530] {subprocess.py:106} INFO - 26/01/29 16:43:00 INFO DAGScheduler: Got map stage job 71 (first at MinMaxScaler.scala:120) with 2 output partitions
[2026-01-29T16:43:00.464+0530] {subprocess.py:106} INFO - 26/01/29 16:43:00 INFO DAGScheduler: Final stage: ShuffleMapStage 95 (first at MinMaxScaler.scala:120)
[2026-01-29T16:43:00.464+0530] {subprocess.py:106} INFO - 26/01/29 16:43:00 INFO DAGScheduler: Parents of final stage: List()
[2026-01-29T16:43:00.464+0530] {subprocess.py:106} INFO - 26/01/29 16:43:00 INFO DAGScheduler: Missing parents: List()
[2026-01-29T16:43:00.464+0530] {subprocess.py:106} INFO - 26/01/29 16:43:00 INFO DAGScheduler: Submitting ShuffleMapStage 95 (MapPartitionsRDD[325] at first at MinMaxScaler.scala:120), which has no missing parents
[2026-01-29T16:43:00.466+0530] {subprocess.py:106} INFO - 26/01/29 16:43:00 INFO MemoryStore: Block broadcast_120 stored as values in memory (estimated size 28.9 KiB, free 365.4 MiB)
[2026-01-29T16:43:00.467+0530] {subprocess.py:106} INFO - 26/01/29 16:43:00 INFO MemoryStore: Block broadcast_120_piece0 stored as bytes in memory (estimated size 11.1 KiB, free 365.4 MiB)
[2026-01-29T16:43:00.467+0530] {subprocess.py:106} INFO - 26/01/29 16:43:00 INFO BlockManagerInfo: Added broadcast_120_piece0 in memory on Aishwarya92848DBDA:45083 (size: 11.1 KiB, free: 366.2 MiB)
[2026-01-29T16:43:00.467+0530] {subprocess.py:106} INFO - 26/01/29 16:43:00 INFO SparkContext: Created broadcast 120 from broadcast at DAGScheduler.scala:1585
[2026-01-29T16:43:00.467+0530] {subprocess.py:106} INFO - 26/01/29 16:43:00 INFO DAGScheduler: Submitting 2 missing tasks from ShuffleMapStage 95 (MapPartitionsRDD[325] at first at MinMaxScaler.scala:120) (first 15 tasks are for partitions Vector(0, 1))
[2026-01-29T16:43:00.468+0530] {subprocess.py:106} INFO - 26/01/29 16:43:00 INFO TaskSchedulerImpl: Adding task set 95.0 with 2 tasks resource profile 0
[2026-01-29T16:43:00.468+0530] {subprocess.py:106} INFO - 26/01/29 16:43:00 INFO TaskSetManager: Starting task 0.0 in stage 95.0 (TID 118) (Aishwarya92848DBDA, executor driver, partition 0, NODE_LOCAL, 8230 bytes)
[2026-01-29T16:43:00.469+0530] {subprocess.py:106} INFO - 26/01/29 16:43:00 INFO TaskSetManager: Starting task 1.0 in stage 95.0 (TID 119) (Aishwarya92848DBDA, executor driver, partition 1, NODE_LOCAL, 8230 bytes)
[2026-01-29T16:43:00.469+0530] {subprocess.py:106} INFO - 26/01/29 16:43:00 INFO Executor: Running task 0.0 in stage 95.0 (TID 118)
[2026-01-29T16:43:00.469+0530] {subprocess.py:106} INFO - 26/01/29 16:43:00 INFO Executor: Running task 1.0 in stage 95.0 (TID 119)
[2026-01-29T16:43:00.473+0530] {subprocess.py:106} INFO - 26/01/29 16:43:00 INFO FileScanRDD: Reading File path: hdfs://localhost:9000/weather/data/raw_data/weather_dataset.csv, range: 0-4194304, partition values: [empty row]
[2026-01-29T16:43:00.473+0530] {subprocess.py:106} INFO - 26/01/29 16:43:00 INFO FileScanRDD: Reading File path: hdfs://localhost:9000/weather/data/raw_data/weather_dataset.csv, range: 4194304-6329103, partition values: [empty row]
[2026-01-29T16:43:00.590+0530] {subprocess.py:106} INFO - 26/01/29 16:43:00 INFO BlockManagerInfo: Removed broadcast_117_piece0 on Aishwarya92848DBDA:45083 in memory (size: 11.1 KiB, free: 366.2 MiB)
[2026-01-29T16:43:00.591+0530] {subprocess.py:106} INFO - 26/01/29 16:43:00 INFO BlockManagerInfo: Removed broadcast_116_piece0 on Aishwarya92848DBDA:45083 in memory (size: 34.3 KiB, free: 366.2 MiB)
[2026-01-29T16:43:00.592+0530] {subprocess.py:106} INFO - 26/01/29 16:43:00 INFO BlockManagerInfo: Removed broadcast_118_piece0 on Aishwarya92848DBDA:45083 in memory (size: 26.5 KiB, free: 366.3 MiB)
[2026-01-29T16:43:00.605+0530] {subprocess.py:106} INFO - 26/01/29 16:43:00 INFO Executor: Finished task 1.0 in stage 95.0 (TID 119). 2038 bytes result sent to driver
[2026-01-29T16:43:00.605+0530] {subprocess.py:106} INFO - 26/01/29 16:43:00 INFO TaskSetManager: Finished task 1.0 in stage 95.0 (TID 119) in 137 ms on Aishwarya92848DBDA (executor driver) (1/2)
[2026-01-29T16:43:00.678+0530] {subprocess.py:106} INFO - 26/01/29 16:43:00 INFO Executor: Finished task 0.0 in stage 95.0 (TID 118). 2038 bytes result sent to driver
[2026-01-29T16:43:00.678+0530] {subprocess.py:106} INFO - 26/01/29 16:43:00 INFO TaskSetManager: Finished task 0.0 in stage 95.0 (TID 118) in 210 ms on Aishwarya92848DBDA (executor driver) (2/2)
[2026-01-29T16:43:00.678+0530] {subprocess.py:106} INFO - 26/01/29 16:43:00 INFO TaskSchedulerImpl: Removed TaskSet 95.0, whose tasks have all completed, from pool
[2026-01-29T16:43:00.679+0530] {subprocess.py:106} INFO - 26/01/29 16:43:00 INFO DAGScheduler: ShuffleMapStage 95 (first at MinMaxScaler.scala:120) finished in 0.214 s
[2026-01-29T16:43:00.679+0530] {subprocess.py:106} INFO - 26/01/29 16:43:00 INFO DAGScheduler: looking for newly runnable stages
[2026-01-29T16:43:00.679+0530] {subprocess.py:106} INFO - 26/01/29 16:43:00 INFO DAGScheduler: running: Set()
[2026-01-29T16:43:00.679+0530] {subprocess.py:106} INFO - 26/01/29 16:43:00 INFO DAGScheduler: waiting: Set()
[2026-01-29T16:43:00.679+0530] {subprocess.py:106} INFO - 26/01/29 16:43:00 INFO DAGScheduler: failed: Set()
[2026-01-29T16:43:00.684+0530] {subprocess.py:106} INFO - 26/01/29 16:43:00 INFO ShufflePartitionsUtil: For shuffle(23), advisory target size: 67108864, actual target size 1048576, minimum partition size: 1048576
[2026-01-29T16:43:00.704+0530] {subprocess.py:106} INFO - 26/01/29 16:43:00 INFO CodeGenerator: Code generated in 11.578843 ms
[2026-01-29T16:43:00.723+0530] {subprocess.py:106} INFO - 26/01/29 16:43:00 INFO DAGScheduler: Registering RDD 331 (first at MinMaxScaler.scala:120) as input to shuffle 24
[2026-01-29T16:43:00.724+0530] {subprocess.py:106} INFO - 26/01/29 16:43:00 INFO DAGScheduler: Got map stage job 72 (first at MinMaxScaler.scala:120) with 2 output partitions
[2026-01-29T16:43:00.724+0530] {subprocess.py:106} INFO - 26/01/29 16:43:00 INFO DAGScheduler: Final stage: ShuffleMapStage 97 (first at MinMaxScaler.scala:120)
[2026-01-29T16:43:00.725+0530] {subprocess.py:106} INFO - 26/01/29 16:43:00 INFO DAGScheduler: Parents of final stage: List(ShuffleMapStage 96)
[2026-01-29T16:43:00.725+0530] {subprocess.py:106} INFO - 26/01/29 16:43:00 INFO DAGScheduler: Missing parents: List()
[2026-01-29T16:43:00.725+0530] {subprocess.py:106} INFO - 26/01/29 16:43:00 INFO DAGScheduler: Submitting ShuffleMapStage 97 (MapPartitionsRDD[331] at first at MinMaxScaler.scala:120), which has no missing parents
[2026-01-29T16:43:00.741+0530] {subprocess.py:106} INFO - 26/01/29 16:43:00 INFO MemoryStore: Block broadcast_121 stored as values in memory (estimated size 71.8 KiB, free 365.8 MiB)
[2026-01-29T16:43:00.742+0530] {subprocess.py:106} INFO - 26/01/29 16:43:00 INFO MemoryStore: Block broadcast_121_piece0 stored as bytes in memory (estimated size 30.4 KiB, free 365.8 MiB)
[2026-01-29T16:43:00.743+0530] {subprocess.py:106} INFO - 26/01/29 16:43:00 INFO BlockManagerInfo: Added broadcast_121_piece0 in memory on Aishwarya92848DBDA:45083 (size: 30.4 KiB, free: 366.2 MiB)
[2026-01-29T16:43:00.743+0530] {subprocess.py:106} INFO - 26/01/29 16:43:00 INFO SparkContext: Created broadcast 121 from broadcast at DAGScheduler.scala:1585
[2026-01-29T16:43:00.743+0530] {subprocess.py:106} INFO - 26/01/29 16:43:00 INFO DAGScheduler: Submitting 2 missing tasks from ShuffleMapStage 97 (MapPartitionsRDD[331] at first at MinMaxScaler.scala:120) (first 15 tasks are for partitions Vector(0, 1))
[2026-01-29T16:43:00.743+0530] {subprocess.py:106} INFO - 26/01/29 16:43:00 INFO TaskSchedulerImpl: Adding task set 97.0 with 2 tasks resource profile 0
[2026-01-29T16:43:00.744+0530] {subprocess.py:106} INFO - 26/01/29 16:43:00 INFO TaskSetManager: Starting task 0.0 in stage 97.0 (TID 120) (Aishwarya92848DBDA, executor driver, partition 0, NODE_LOCAL, 7604 bytes)
[2026-01-29T16:43:00.744+0530] {subprocess.py:106} INFO - 26/01/29 16:43:00 INFO TaskSetManager: Starting task 1.0 in stage 97.0 (TID 121) (Aishwarya92848DBDA, executor driver, partition 1, NODE_LOCAL, 7604 bytes)
[2026-01-29T16:43:00.745+0530] {subprocess.py:106} INFO - 26/01/29 16:43:00 INFO Executor: Running task 0.0 in stage 97.0 (TID 120)
[2026-01-29T16:43:00.745+0530] {subprocess.py:106} INFO - 26/01/29 16:43:00 INFO Executor: Running task 1.0 in stage 97.0 (TID 121)
[2026-01-29T16:43:00.753+0530] {subprocess.py:106} INFO - 26/01/29 16:43:00 INFO ShuffleBlockFetcherIterator: Getting 2 (1243.9 KiB) non-empty blocks including 2 (1243.9 KiB) local and 0 (0.0 B) host-local and 0 (0.0 B) push-merged-local and 0 (0.0 B) remote blocks
[2026-01-29T16:43:00.753+0530] {subprocess.py:106} INFO - 26/01/29 16:43:00 INFO ShuffleBlockFetcherIterator: Started 0 remote fetches in 1 ms
[2026-01-29T16:43:00.753+0530] {subprocess.py:106} INFO - 26/01/29 16:43:00 INFO ShuffleBlockFetcherIterator: Getting 2 (1860.4 KiB) non-empty blocks including 2 (1860.4 KiB) local and 0 (0.0 B) host-local and 0 (0.0 B) push-merged-local and 0 (0.0 B) remote blocks
[2026-01-29T16:43:00.754+0530] {subprocess.py:106} INFO - 26/01/29 16:43:00 INFO ShuffleBlockFetcherIterator: Started 0 remote fetches in 0 ms
[2026-01-29T16:43:00.785+0530] {subprocess.py:106} INFO - 26/01/29 16:43:00 INFO CodeGenerator: Code generated in 11.084201 ms
[2026-01-29T16:43:00.788+0530] {subprocess.py:106} INFO - 26/01/29 16:43:00 INFO ExternalAppendOnlyUnsafeRowArray: Reached spill threshold of 4096 rows, switching to org.apache.spark.util.collection.unsafe.sort.UnsafeExternalSorter
[2026-01-29T16:43:00.788+0530] {subprocess.py:106} INFO - 26/01/29 16:43:00 INFO ExternalAppendOnlyUnsafeRowArray: Reached spill threshold of 4096 rows, switching to org.apache.spark.util.collection.unsafe.sort.UnsafeExternalSorter
[2026-01-29T16:43:00.795+0530] {subprocess.py:106} INFO - 26/01/29 16:43:00 INFO CodeGenerator: Code generated in 2.985527 ms
[2026-01-29T16:43:00.799+0530] {subprocess.py:106} INFO - 26/01/29 16:43:00 INFO CodeGenerator: Code generated in 3.266026 ms
[2026-01-29T16:43:00.804+0530] {subprocess.py:106} INFO - 26/01/29 16:43:00 INFO CodeGenerator: Code generated in 3.282466 ms
[2026-01-29T16:43:00.976+0530] {subprocess.py:106} INFO - 26/01/29 16:43:00 INFO ExternalAppendOnlyUnsafeRowArray: Reached spill threshold of 4096 rows, switching to org.apache.spark.util.collection.unsafe.sort.UnsafeExternalSorter
[2026-01-29T16:43:00.985+0530] {subprocess.py:106} INFO - 26/01/29 16:43:00 INFO ExternalAppendOnlyUnsafeRowArray: Reached spill threshold of 4096 rows, switching to org.apache.spark.util.collection.unsafe.sort.UnsafeExternalSorter
[2026-01-29T16:43:01.079+0530] {subprocess.py:106} INFO - 26/01/29 16:43:01 INFO BlockManagerInfo: Removed broadcast_120_piece0 on Aishwarya92848DBDA:45083 in memory (size: 11.1 KiB, free: 366.2 MiB)
[2026-01-29T16:43:01.080+0530] {subprocess.py:106} INFO - 26/01/29 16:43:01 INFO ExternalAppendOnlyUnsafeRowArray: Reached spill threshold of 4096 rows, switching to org.apache.spark.util.collection.unsafe.sort.UnsafeExternalSorter
[2026-01-29T16:43:01.083+0530] {subprocess.py:106} INFO - 26/01/29 16:43:01 INFO ExternalAppendOnlyUnsafeRowArray: Reached spill threshold of 4096 rows, switching to org.apache.spark.util.collection.unsafe.sort.UnsafeExternalSorter
[2026-01-29T16:43:01.124+0530] {subprocess.py:106} INFO - 26/01/29 16:43:01 INFO ExternalAppendOnlyUnsafeRowArray: Reached spill threshold of 4096 rows, switching to org.apache.spark.util.collection.unsafe.sort.UnsafeExternalSorter
[2026-01-29T16:43:01.134+0530] {subprocess.py:106} INFO - 26/01/29 16:43:01 INFO ExternalAppendOnlyUnsafeRowArray: Reached spill threshold of 4096 rows, switching to org.apache.spark.util.collection.unsafe.sort.UnsafeExternalSorter
[2026-01-29T16:43:01.171+0530] {subprocess.py:106} INFO - 26/01/29 16:43:01 INFO Executor: Finished task 0.0 in stage 97.0 (TID 120). 5177 bytes result sent to driver
[2026-01-29T16:43:01.171+0530] {subprocess.py:106} INFO - 26/01/29 16:43:01 INFO TaskSetManager: Finished task 0.0 in stage 97.0 (TID 120) in 427 ms on Aishwarya92848DBDA (executor driver) (1/2)
[2026-01-29T16:43:01.173+0530] {subprocess.py:106} INFO - 26/01/29 16:43:01 INFO ExternalAppendOnlyUnsafeRowArray: Reached spill threshold of 4096 rows, switching to org.apache.spark.util.collection.unsafe.sort.UnsafeExternalSorter
[2026-01-29T16:43:01.195+0530] {subprocess.py:106} INFO - 26/01/29 16:43:01 INFO ExternalAppendOnlyUnsafeRowArray: Reached spill threshold of 4096 rows, switching to org.apache.spark.util.collection.unsafe.sort.UnsafeExternalSorter
[2026-01-29T16:43:01.220+0530] {subprocess.py:106} INFO - 26/01/29 16:43:01 INFO Executor: Finished task 1.0 in stage 97.0 (TID 121). 5177 bytes result sent to driver
[2026-01-29T16:43:01.221+0530] {subprocess.py:106} INFO - 26/01/29 16:43:01 INFO TaskSetManager: Finished task 1.0 in stage 97.0 (TID 121) in 476 ms on Aishwarya92848DBDA (executor driver) (2/2)
[2026-01-29T16:43:01.221+0530] {subprocess.py:106} INFO - 26/01/29 16:43:01 INFO TaskSchedulerImpl: Removed TaskSet 97.0, whose tasks have all completed, from pool
[2026-01-29T16:43:01.221+0530] {subprocess.py:106} INFO - 26/01/29 16:43:01 INFO DAGScheduler: ShuffleMapStage 97 (first at MinMaxScaler.scala:120) finished in 0.497 s
[2026-01-29T16:43:01.221+0530] {subprocess.py:106} INFO - 26/01/29 16:43:01 INFO DAGScheduler: looking for newly runnable stages
[2026-01-29T16:43:01.221+0530] {subprocess.py:106} INFO - 26/01/29 16:43:01 INFO DAGScheduler: running: Set()
[2026-01-29T16:43:01.222+0530] {subprocess.py:106} INFO - 26/01/29 16:43:01 INFO DAGScheduler: waiting: Set()
[2026-01-29T16:43:01.222+0530] {subprocess.py:106} INFO - 26/01/29 16:43:01 INFO DAGScheduler: failed: Set()
[2026-01-29T16:43:01.237+0530] {subprocess.py:106} INFO - 26/01/29 16:43:01 INFO CodeGenerator: Code generated in 7.531826 ms
[2026-01-29T16:43:01.249+0530] {subprocess.py:106} INFO - 26/01/29 16:43:01 INFO SparkContext: Starting job: first at MinMaxScaler.scala:120
[2026-01-29T16:43:01.250+0530] {subprocess.py:106} INFO - 26/01/29 16:43:01 INFO DAGScheduler: Got job 73 (first at MinMaxScaler.scala:120) with 1 output partitions
[2026-01-29T16:43:01.251+0530] {subprocess.py:106} INFO - 26/01/29 16:43:01 INFO DAGScheduler: Final stage: ResultStage 100 (first at MinMaxScaler.scala:120)
[2026-01-29T16:43:01.251+0530] {subprocess.py:106} INFO - 26/01/29 16:43:01 INFO DAGScheduler: Parents of final stage: List(ShuffleMapStage 99)
[2026-01-29T16:43:01.251+0530] {subprocess.py:106} INFO - 26/01/29 16:43:01 INFO DAGScheduler: Missing parents: List()
[2026-01-29T16:43:01.251+0530] {subprocess.py:106} INFO - 26/01/29 16:43:01 INFO DAGScheduler: Submitting ResultStage 100 (MapPartitionsRDD[335] at first at MinMaxScaler.scala:120), which has no missing parents
[2026-01-29T16:43:01.254+0530] {subprocess.py:106} INFO - 26/01/29 16:43:01 INFO MemoryStore: Block broadcast_122 stored as values in memory (estimated size 69.9 KiB, free 365.8 MiB)
[2026-01-29T16:43:01.255+0530] {subprocess.py:106} INFO - 26/01/29 16:43:01 INFO MemoryStore: Block broadcast_122_piece0 stored as bytes in memory (estimated size 29.9 KiB, free 365.7 MiB)
[2026-01-29T16:43:01.255+0530] {subprocess.py:106} INFO - 26/01/29 16:43:01 INFO BlockManagerInfo: Added broadcast_122_piece0 in memory on Aishwarya92848DBDA:45083 (size: 29.9 KiB, free: 366.2 MiB)
[2026-01-29T16:43:01.255+0530] {subprocess.py:106} INFO - 26/01/29 16:43:01 INFO SparkContext: Created broadcast 122 from broadcast at DAGScheduler.scala:1585
[2026-01-29T16:43:01.256+0530] {subprocess.py:106} INFO - 26/01/29 16:43:01 INFO DAGScheduler: Submitting 1 missing tasks from ResultStage 100 (MapPartitionsRDD[335] at first at MinMaxScaler.scala:120) (first 15 tasks are for partitions Vector(0))
[2026-01-29T16:43:01.256+0530] {subprocess.py:106} INFO - 26/01/29 16:43:01 INFO TaskSchedulerImpl: Adding task set 100.0 with 1 tasks resource profile 0
[2026-01-29T16:43:01.256+0530] {subprocess.py:106} INFO - 26/01/29 16:43:01 INFO TaskSetManager: Starting task 0.0 in stage 100.0 (TID 122) (Aishwarya92848DBDA, executor driver, partition 0, NODE_LOCAL, 7615 bytes)
[2026-01-29T16:43:01.257+0530] {subprocess.py:106} INFO - 26/01/29 16:43:01 INFO Executor: Running task 0.0 in stage 100.0 (TID 122)
[2026-01-29T16:43:01.261+0530] {subprocess.py:106} INFO - 26/01/29 16:43:01 INFO ShuffleBlockFetcherIterator: Getting 2 (1578.0 B) non-empty blocks including 2 (1578.0 B) local and 0 (0.0 B) host-local and 0 (0.0 B) push-merged-local and 0 (0.0 B) remote blocks
[2026-01-29T16:43:01.262+0530] {subprocess.py:106} INFO - 26/01/29 16:43:01 INFO ShuffleBlockFetcherIterator: Started 0 remote fetches in 0 ms
[2026-01-29T16:43:01.270+0530] {subprocess.py:106} INFO - 26/01/29 16:43:01 INFO CodeGenerator: Code generated in 5.744287 ms
[2026-01-29T16:43:01.279+0530] {subprocess.py:106} INFO - 26/01/29 16:43:01 INFO CodeGenerator: Code generated in 5.985522 ms
[2026-01-29T16:43:01.282+0530] {subprocess.py:106} INFO - 26/01/29 16:43:01 INFO Executor: Finished task 0.0 in stage 100.0 (TID 122). 6588 bytes result sent to driver
[2026-01-29T16:43:01.282+0530] {subprocess.py:106} INFO - 26/01/29 16:43:01 INFO TaskSetManager: Finished task 0.0 in stage 100.0 (TID 122) in 26 ms on Aishwarya92848DBDA (executor driver) (1/1)
[2026-01-29T16:43:01.283+0530] {subprocess.py:106} INFO - 26/01/29 16:43:01 INFO TaskSchedulerImpl: Removed TaskSet 100.0, whose tasks have all completed, from pool
[2026-01-29T16:43:01.283+0530] {subprocess.py:106} INFO - 26/01/29 16:43:01 INFO DAGScheduler: ResultStage 100 (first at MinMaxScaler.scala:120) finished in 0.031 s
[2026-01-29T16:43:01.283+0530] {subprocess.py:106} INFO - 26/01/29 16:43:01 INFO DAGScheduler: Job 73 is finished. Cancelling potential speculative or zombie tasks for this job
[2026-01-29T16:43:01.283+0530] {subprocess.py:106} INFO - 26/01/29 16:43:01 INFO TaskSchedulerImpl: Killing all running tasks in stage 100: Stage finished
[2026-01-29T16:43:01.283+0530] {subprocess.py:106} INFO - 26/01/29 16:43:01 INFO DAGScheduler: Job 73 finished: first at MinMaxScaler.scala:120, took 0.033990 s
[2026-01-29T16:43:01.292+0530] {subprocess.py:106} INFO - 26/01/29 16:43:01 INFO CodeGenerator: Code generated in 5.42755 ms
[2026-01-29T16:43:01.498+0530] {subprocess.py:106} INFO - 26/01/29 16:43:01 INFO BlockManagerInfo: Removed broadcast_121_piece0 on Aishwarya92848DBDA:45083 in memory (size: 30.4 KiB, free: 366.2 MiB)
[2026-01-29T16:43:01.500+0530] {subprocess.py:106} INFO - 26/01/29 16:43:01 INFO BlockManagerInfo: Removed broadcast_122_piece0 on Aishwarya92848DBDA:45083 in memory (size: 29.9 KiB, free: 366.3 MiB)
[2026-01-29T16:43:01.540+0530] {subprocess.py:106} INFO - 26/01/29 16:43:01 INFO FileSourceStrategy: Pushed Filters:
[2026-01-29T16:43:01.540+0530] {subprocess.py:106} INFO - 26/01/29 16:43:01 INFO FileSourceStrategy: Post-Scan Filters:
[2026-01-29T16:43:01.556+0530] {subprocess.py:106} INFO - 26/01/29 16:43:01 INFO MemoryStore: Block broadcast_123 stored as values in memory (estimated size 350.2 KiB, free 365.6 MiB)
[2026-01-29T16:43:01.562+0530] {subprocess.py:106} INFO - 26/01/29 16:43:01 INFO MemoryStore: Block broadcast_123_piece0 stored as bytes in memory (estimated size 34.3 KiB, free 365.5 MiB)
[2026-01-29T16:43:01.562+0530] {subprocess.py:106} INFO - 26/01/29 16:43:01 INFO BlockManagerInfo: Added broadcast_123_piece0 in memory on Aishwarya92848DBDA:45083 (size: 34.3 KiB, free: 366.2 MiB)
[2026-01-29T16:43:01.563+0530] {subprocess.py:106} INFO - 26/01/29 16:43:01 INFO SparkContext: Created broadcast 123 from count at <unknown>:0
[2026-01-29T16:43:01.563+0530] {subprocess.py:106} INFO - 26/01/29 16:43:01 INFO FileSourceScanExec: Planning scan with bin packing, max size: 4194304 bytes, open cost is considered as scanning 4194304 bytes.
[2026-01-29T16:43:01.566+0530] {subprocess.py:106} INFO - 26/01/29 16:43:01 INFO DAGScheduler: Registering RDD 339 (count at <unknown>:0) as input to shuffle 25
[2026-01-29T16:43:01.567+0530] {subprocess.py:106} INFO - 26/01/29 16:43:01 INFO DAGScheduler: Got map stage job 74 (count at <unknown>:0) with 2 output partitions
[2026-01-29T16:43:01.567+0530] {subprocess.py:106} INFO - 26/01/29 16:43:01 INFO DAGScheduler: Final stage: ShuffleMapStage 101 (count at <unknown>:0)
[2026-01-29T16:43:01.567+0530] {subprocess.py:106} INFO - 26/01/29 16:43:01 INFO DAGScheduler: Parents of final stage: List()
[2026-01-29T16:43:01.567+0530] {subprocess.py:106} INFO - 26/01/29 16:43:01 INFO DAGScheduler: Missing parents: List()
[2026-01-29T16:43:01.567+0530] {subprocess.py:106} INFO - 26/01/29 16:43:01 INFO DAGScheduler: Submitting ShuffleMapStage 101 (MapPartitionsRDD[339] at count at <unknown>:0), which has no missing parents
[2026-01-29T16:43:01.569+0530] {subprocess.py:106} INFO - 26/01/29 16:43:01 INFO MemoryStore: Block broadcast_124 stored as values in memory (estimated size 28.9 KiB, free 365.5 MiB)
[2026-01-29T16:43:01.570+0530] {subprocess.py:106} INFO - 26/01/29 16:43:01 INFO MemoryStore: Block broadcast_124_piece0 stored as bytes in memory (estimated size 11.1 KiB, free 365.5 MiB)
[2026-01-29T16:43:01.570+0530] {subprocess.py:106} INFO - 26/01/29 16:43:01 INFO BlockManagerInfo: Added broadcast_124_piece0 in memory on Aishwarya92848DBDA:45083 (size: 11.1 KiB, free: 366.2 MiB)
[2026-01-29T16:43:01.570+0530] {subprocess.py:106} INFO - 26/01/29 16:43:01 INFO SparkContext: Created broadcast 124 from broadcast at DAGScheduler.scala:1585
[2026-01-29T16:43:01.571+0530] {subprocess.py:106} INFO - 26/01/29 16:43:01 INFO DAGScheduler: Submitting 2 missing tasks from ShuffleMapStage 101 (MapPartitionsRDD[339] at count at <unknown>:0) (first 15 tasks are for partitions Vector(0, 1))
[2026-01-29T16:43:01.571+0530] {subprocess.py:106} INFO - 26/01/29 16:43:01 INFO TaskSchedulerImpl: Adding task set 101.0 with 2 tasks resource profile 0
[2026-01-29T16:43:01.571+0530] {subprocess.py:106} INFO - 26/01/29 16:43:01 INFO TaskSetManager: Starting task 0.0 in stage 101.0 (TID 123) (Aishwarya92848DBDA, executor driver, partition 0, NODE_LOCAL, 8230 bytes)
[2026-01-29T16:43:01.572+0530] {subprocess.py:106} INFO - 26/01/29 16:43:01 INFO TaskSetManager: Starting task 1.0 in stage 101.0 (TID 124) (Aishwarya92848DBDA, executor driver, partition 1, NODE_LOCAL, 8230 bytes)
[2026-01-29T16:43:01.572+0530] {subprocess.py:106} INFO - 26/01/29 16:43:01 INFO Executor: Running task 0.0 in stage 101.0 (TID 123)
[2026-01-29T16:43:01.572+0530] {subprocess.py:106} INFO - 26/01/29 16:43:01 INFO Executor: Running task 1.0 in stage 101.0 (TID 124)
[2026-01-29T16:43:01.576+0530] {subprocess.py:106} INFO - 26/01/29 16:43:01 INFO FileScanRDD: Reading File path: hdfs://localhost:9000/weather/data/raw_data/weather_dataset.csv, range: 4194304-6329103, partition values: [empty row]
[2026-01-29T16:43:01.577+0530] {subprocess.py:106} INFO - 26/01/29 16:43:01 INFO FileScanRDD: Reading File path: hdfs://localhost:9000/weather/data/raw_data/weather_dataset.csv, range: 0-4194304, partition values: [empty row]
[2026-01-29T16:43:01.679+0530] {subprocess.py:106} INFO - 26/01/29 16:43:01 INFO Executor: Finished task 1.0 in stage 101.0 (TID 124). 1995 bytes result sent to driver
[2026-01-29T16:43:01.679+0530] {subprocess.py:106} INFO - 26/01/29 16:43:01 INFO TaskSetManager: Finished task 1.0 in stage 101.0 (TID 124) in 108 ms on Aishwarya92848DBDA (executor driver) (1/2)
[2026-01-29T16:43:01.758+0530] {subprocess.py:106} INFO - 26/01/29 16:43:01 INFO Executor: Finished task 0.0 in stage 101.0 (TID 123). 2038 bytes result sent to driver
[2026-01-29T16:43:01.758+0530] {subprocess.py:106} INFO - 26/01/29 16:43:01 INFO TaskSetManager: Finished task 0.0 in stage 101.0 (TID 123) in 187 ms on Aishwarya92848DBDA (executor driver) (2/2)
[2026-01-29T16:43:01.759+0530] {subprocess.py:106} INFO - 26/01/29 16:43:01 INFO TaskSchedulerImpl: Removed TaskSet 101.0, whose tasks have all completed, from pool
[2026-01-29T16:43:01.759+0530] {subprocess.py:106} INFO - 26/01/29 16:43:01 INFO DAGScheduler: ShuffleMapStage 101 (count at <unknown>:0) finished in 0.191 s
[2026-01-29T16:43:01.759+0530] {subprocess.py:106} INFO - 26/01/29 16:43:01 INFO DAGScheduler: looking for newly runnable stages
[2026-01-29T16:43:01.759+0530] {subprocess.py:106} INFO - 26/01/29 16:43:01 INFO DAGScheduler: running: Set()
[2026-01-29T16:43:01.760+0530] {subprocess.py:106} INFO - 26/01/29 16:43:01 INFO DAGScheduler: waiting: Set()
[2026-01-29T16:43:01.760+0530] {subprocess.py:106} INFO - 26/01/29 16:43:01 INFO DAGScheduler: failed: Set()
[2026-01-29T16:43:01.763+0530] {subprocess.py:106} INFO - 26/01/29 16:43:01 INFO ShufflePartitionsUtil: For shuffle(25), advisory target size: 67108864, actual target size 1048576, minimum partition size: 1048576
[2026-01-29T16:43:01.777+0530] {subprocess.py:106} INFO - 26/01/29 16:43:01 INFO CodeGenerator: Code generated in 7.637525 ms
[2026-01-29T16:43:01.784+0530] {subprocess.py:106} INFO - 26/01/29 16:43:01 INFO DAGScheduler: Registering RDD 344 (count at <unknown>:0) as input to shuffle 26
[2026-01-29T16:43:01.785+0530] {subprocess.py:106} INFO - 26/01/29 16:43:01 INFO DAGScheduler: Got map stage job 75 (count at <unknown>:0) with 2 output partitions
[2026-01-29T16:43:01.786+0530] {subprocess.py:106} INFO - 26/01/29 16:43:01 INFO DAGScheduler: Final stage: ShuffleMapStage 103 (count at <unknown>:0)
[2026-01-29T16:43:01.786+0530] {subprocess.py:106} INFO - 26/01/29 16:43:01 INFO DAGScheduler: Parents of final stage: List(ShuffleMapStage 102)
[2026-01-29T16:43:01.786+0530] {subprocess.py:106} INFO - 26/01/29 16:43:01 INFO DAGScheduler: Missing parents: List()
[2026-01-29T16:43:01.786+0530] {subprocess.py:106} INFO - 26/01/29 16:43:01 INFO DAGScheduler: Submitting ShuffleMapStage 103 (MapPartitionsRDD[344] at count at <unknown>:0), which has no missing parents
[2026-01-29T16:43:01.788+0530] {subprocess.py:106} INFO - 26/01/29 16:43:01 INFO MemoryStore: Block broadcast_125 stored as values in memory (estimated size 51.8 KiB, free 365.5 MiB)
[2026-01-29T16:43:01.789+0530] {subprocess.py:106} INFO - 26/01/29 16:43:01 INFO MemoryStore: Block broadcast_125_piece0 stored as bytes in memory (estimated size 22.5 KiB, free 365.4 MiB)
[2026-01-29T16:43:01.789+0530] {subprocess.py:106} INFO - 26/01/29 16:43:01 INFO BlockManagerInfo: Added broadcast_125_piece0 in memory on Aishwarya92848DBDA:45083 (size: 22.5 KiB, free: 366.2 MiB)
[2026-01-29T16:43:01.789+0530] {subprocess.py:106} INFO - 26/01/29 16:43:01 INFO SparkContext: Created broadcast 125 from broadcast at DAGScheduler.scala:1585
[2026-01-29T16:43:01.789+0530] {subprocess.py:106} INFO - 26/01/29 16:43:01 INFO DAGScheduler: Submitting 2 missing tasks from ShuffleMapStage 103 (MapPartitionsRDD[344] at count at <unknown>:0) (first 15 tasks are for partitions Vector(0, 1))
[2026-01-29T16:43:01.789+0530] {subprocess.py:106} INFO - 26/01/29 16:43:01 INFO TaskSchedulerImpl: Adding task set 103.0 with 2 tasks resource profile 0
[2026-01-29T16:43:01.790+0530] {subprocess.py:106} INFO - 26/01/29 16:43:01 INFO TaskSetManager: Starting task 0.0 in stage 103.0 (TID 125) (Aishwarya92848DBDA, executor driver, partition 0, NODE_LOCAL, 7604 bytes)
[2026-01-29T16:43:01.790+0530] {subprocess.py:106} INFO - 26/01/29 16:43:01 INFO TaskSetManager: Starting task 1.0 in stage 103.0 (TID 126) (Aishwarya92848DBDA, executor driver, partition 1, NODE_LOCAL, 7604 bytes)
[2026-01-29T16:43:01.791+0530] {subprocess.py:106} INFO - 26/01/29 16:43:01 INFO Executor: Running task 1.0 in stage 103.0 (TID 126)
[2026-01-29T16:43:01.791+0530] {subprocess.py:106} INFO - 26/01/29 16:43:01 INFO Executor: Running task 0.0 in stage 103.0 (TID 125)
[2026-01-29T16:43:01.794+0530] {subprocess.py:106} INFO - 26/01/29 16:43:01 INFO ShuffleBlockFetcherIterator: Getting 2 (1860.4 KiB) non-empty blocks including 2 (1860.4 KiB) local and 0 (0.0 B) host-local and 0 (0.0 B) push-merged-local and 0 (0.0 B) remote blocks
[2026-01-29T16:43:01.795+0530] {subprocess.py:106} INFO - 26/01/29 16:43:01 INFO ShuffleBlockFetcherIterator: Getting 2 (1243.9 KiB) non-empty blocks including 2 (1243.9 KiB) local and 0 (0.0 B) host-local and 0 (0.0 B) push-merged-local and 0 (0.0 B) remote blocks
[2026-01-29T16:43:01.795+0530] {subprocess.py:106} INFO - 26/01/29 16:43:01 INFO ShuffleBlockFetcherIterator: Started 0 remote fetches in 0 ms
[2026-01-29T16:43:01.795+0530] {subprocess.py:106} INFO - 26/01/29 16:43:01 INFO ShuffleBlockFetcherIterator: Started 0 remote fetches in 0 ms
[2026-01-29T16:43:01.821+0530] {subprocess.py:106} INFO - 26/01/29 16:43:01 INFO CodeGenerator: Code generated in 6.29788 ms
[2026-01-29T16:43:01.822+0530] {subprocess.py:106} INFO - 26/01/29 16:43:01 INFO ExternalAppendOnlyUnsafeRowArray: Reached spill threshold of 4096 rows, switching to org.apache.spark.util.collection.unsafe.sort.UnsafeExternalSorter
[2026-01-29T16:43:01.822+0530] {subprocess.py:106} INFO - 26/01/29 16:43:01 INFO ExternalAppendOnlyUnsafeRowArray: Reached spill threshold of 4096 rows, switching to org.apache.spark.util.collection.unsafe.sort.UnsafeExternalSorter
[2026-01-29T16:43:01.836+0530] {subprocess.py:106} INFO - 26/01/29 16:43:01 INFO ExternalAppendOnlyUnsafeRowArray: Reached spill threshold of 4096 rows, switching to org.apache.spark.util.collection.unsafe.sort.UnsafeExternalSorter
[2026-01-29T16:43:01.837+0530] {subprocess.py:106} INFO - 26/01/29 16:43:01 INFO ExternalAppendOnlyUnsafeRowArray: Reached spill threshold of 4096 rows, switching to org.apache.spark.util.collection.unsafe.sort.UnsafeExternalSorter
[2026-01-29T16:43:01.851+0530] {subprocess.py:106} INFO - 26/01/29 16:43:01 INFO ExternalAppendOnlyUnsafeRowArray: Reached spill threshold of 4096 rows, switching to org.apache.spark.util.collection.unsafe.sort.UnsafeExternalSorter
[2026-01-29T16:43:01.852+0530] {subprocess.py:106} INFO - 26/01/29 16:43:01 INFO ExternalAppendOnlyUnsafeRowArray: Reached spill threshold of 4096 rows, switching to org.apache.spark.util.collection.unsafe.sort.UnsafeExternalSorter
[2026-01-29T16:43:01.867+0530] {subprocess.py:106} INFO - 26/01/29 16:43:01 INFO ExternalAppendOnlyUnsafeRowArray: Reached spill threshold of 4096 rows, switching to org.apache.spark.util.collection.unsafe.sort.UnsafeExternalSorter
[2026-01-29T16:43:01.867+0530] {subprocess.py:106} INFO - 26/01/29 16:43:01 INFO ExternalAppendOnlyUnsafeRowArray: Reached spill threshold of 4096 rows, switching to org.apache.spark.util.collection.unsafe.sort.UnsafeExternalSorter
[2026-01-29T16:43:01.878+0530] {subprocess.py:106} INFO - 26/01/29 16:43:01 INFO ExternalAppendOnlyUnsafeRowArray: Reached spill threshold of 4096 rows, switching to org.apache.spark.util.collection.unsafe.sort.UnsafeExternalSorter
[2026-01-29T16:43:01.879+0530] {subprocess.py:106} INFO - 26/01/29 16:43:01 INFO Executor: Finished task 0.0 in stage 103.0 (TID 125). 4989 bytes result sent to driver
[2026-01-29T16:43:01.880+0530] {subprocess.py:106} INFO - 26/01/29 16:43:01 INFO TaskSetManager: Finished task 0.0 in stage 103.0 (TID 125) in 90 ms on Aishwarya92848DBDA (executor driver) (1/2)
[2026-01-29T16:43:01.885+0530] {subprocess.py:106} INFO - 26/01/29 16:43:01 INFO ExternalAppendOnlyUnsafeRowArray: Reached spill threshold of 4096 rows, switching to org.apache.spark.util.collection.unsafe.sort.UnsafeExternalSorter
[2026-01-29T16:43:01.892+0530] {subprocess.py:106} INFO - 26/01/29 16:43:01 INFO Executor: Finished task 1.0 in stage 103.0 (TID 126). 4989 bytes result sent to driver
[2026-01-29T16:43:01.892+0530] {subprocess.py:106} INFO - 26/01/29 16:43:01 INFO TaskSetManager: Finished task 1.0 in stage 103.0 (TID 126) in 102 ms on Aishwarya92848DBDA (executor driver) (2/2)
[2026-01-29T16:43:01.893+0530] {subprocess.py:106} INFO - 26/01/29 16:43:01 INFO TaskSchedulerImpl: Removed TaskSet 103.0, whose tasks have all completed, from pool
[2026-01-29T16:43:01.893+0530] {subprocess.py:106} INFO - 26/01/29 16:43:01 INFO DAGScheduler: ShuffleMapStage 103 (count at <unknown>:0) finished in 0.107 s
[2026-01-29T16:43:01.894+0530] {subprocess.py:106} INFO - 26/01/29 16:43:01 INFO DAGScheduler: looking for newly runnable stages
[2026-01-29T16:43:01.894+0530] {subprocess.py:106} INFO - 26/01/29 16:43:01 INFO DAGScheduler: running: Set()
[2026-01-29T16:43:01.894+0530] {subprocess.py:106} INFO - 26/01/29 16:43:01 INFO DAGScheduler: waiting: Set()
[2026-01-29T16:43:01.894+0530] {subprocess.py:106} INFO - 26/01/29 16:43:01 INFO DAGScheduler: failed: Set()
[2026-01-29T16:43:01.903+0530] {subprocess.py:106} INFO - 26/01/29 16:43:01 INFO CodeGenerator: Code generated in 4.216888 ms
[2026-01-29T16:43:01.909+0530] {subprocess.py:106} INFO - 26/01/29 16:43:01 INFO SparkContext: Starting job: count at <unknown>:0
[2026-01-29T16:43:01.910+0530] {subprocess.py:106} INFO - 26/01/29 16:43:01 INFO DAGScheduler: Got job 76 (count at <unknown>:0) with 1 output partitions
[2026-01-29T16:43:01.910+0530] {subprocess.py:106} INFO - 26/01/29 16:43:01 INFO DAGScheduler: Final stage: ResultStage 106 (count at <unknown>:0)
[2026-01-29T16:43:01.910+0530] {subprocess.py:106} INFO - 26/01/29 16:43:01 INFO DAGScheduler: Parents of final stage: List(ShuffleMapStage 105)
[2026-01-29T16:43:01.910+0530] {subprocess.py:106} INFO - 26/01/29 16:43:01 INFO DAGScheduler: Missing parents: List()
[2026-01-29T16:43:01.911+0530] {subprocess.py:106} INFO - 26/01/29 16:43:01 INFO DAGScheduler: Submitting ResultStage 106 (MapPartitionsRDD[347] at count at <unknown>:0), which has no missing parents
[2026-01-29T16:43:01.911+0530] {subprocess.py:106} INFO - 26/01/29 16:43:01 INFO MemoryStore: Block broadcast_126 stored as values in memory (estimated size 12.5 KiB, free 365.4 MiB)
[2026-01-29T16:43:01.912+0530] {subprocess.py:106} INFO - 26/01/29 16:43:01 INFO MemoryStore: Block broadcast_126_piece0 stored as bytes in memory (estimated size 5.9 KiB, free 365.4 MiB)
[2026-01-29T16:43:01.912+0530] {subprocess.py:106} INFO - 26/01/29 16:43:01 INFO BlockManagerInfo: Added broadcast_126_piece0 in memory on Aishwarya92848DBDA:45083 (size: 5.9 KiB, free: 366.2 MiB)
[2026-01-29T16:43:01.913+0530] {subprocess.py:106} INFO - 26/01/29 16:43:01 INFO SparkContext: Created broadcast 126 from broadcast at DAGScheduler.scala:1585
[2026-01-29T16:43:01.913+0530] {subprocess.py:106} INFO - 26/01/29 16:43:01 INFO DAGScheduler: Submitting 1 missing tasks from ResultStage 106 (MapPartitionsRDD[347] at count at <unknown>:0) (first 15 tasks are for partitions Vector(0))
[2026-01-29T16:43:01.913+0530] {subprocess.py:106} INFO - 26/01/29 16:43:01 INFO TaskSchedulerImpl: Adding task set 106.0 with 1 tasks resource profile 0
[2026-01-29T16:43:01.914+0530] {subprocess.py:106} INFO - 26/01/29 16:43:01 INFO TaskSetManager: Starting task 0.0 in stage 106.0 (TID 127) (Aishwarya92848DBDA, executor driver, partition 0, NODE_LOCAL, 7615 bytes)
[2026-01-29T16:43:01.914+0530] {subprocess.py:106} INFO - 26/01/29 16:43:01 INFO Executor: Running task 0.0 in stage 106.0 (TID 127)
[2026-01-29T16:43:01.916+0530] {subprocess.py:106} INFO - 26/01/29 16:43:01 INFO ShuffleBlockFetcherIterator: Getting 2 (120.0 B) non-empty blocks including 2 (120.0 B) local and 0 (0.0 B) host-local and 0 (0.0 B) push-merged-local and 0 (0.0 B) remote blocks
[2026-01-29T16:43:01.916+0530] {subprocess.py:106} INFO - 26/01/29 16:43:01 INFO ShuffleBlockFetcherIterator: Started 0 remote fetches in 0 ms
[2026-01-29T16:43:01.920+0530] {subprocess.py:106} INFO - 26/01/29 16:43:01 INFO CodeGenerator: Code generated in 3.786807 ms
[2026-01-29T16:43:01.922+0530] {subprocess.py:106} INFO - 26/01/29 16:43:01 INFO Executor: Finished task 0.0 in stage 106.0 (TID 127). 3988 bytes result sent to driver
[2026-01-29T16:43:01.923+0530] {subprocess.py:106} INFO - 26/01/29 16:43:01 INFO TaskSetManager: Finished task 0.0 in stage 106.0 (TID 127) in 10 ms on Aishwarya92848DBDA (executor driver) (1/1)
[2026-01-29T16:43:01.923+0530] {subprocess.py:106} INFO - 26/01/29 16:43:01 INFO TaskSchedulerImpl: Removed TaskSet 106.0, whose tasks have all completed, from pool
[2026-01-29T16:43:01.924+0530] {subprocess.py:106} INFO - 26/01/29 16:43:01 INFO DAGScheduler: ResultStage 106 (count at <unknown>:0) finished in 0.013 s
[2026-01-29T16:43:01.924+0530] {subprocess.py:106} INFO - 26/01/29 16:43:01 INFO DAGScheduler: Job 76 is finished. Cancelling potential speculative or zombie tasks for this job
[2026-01-29T16:43:01.924+0530] {subprocess.py:106} INFO - 26/01/29 16:43:01 INFO TaskSchedulerImpl: Killing all running tasks in stage 106: Stage finished
[2026-01-29T16:43:01.924+0530] {subprocess.py:106} INFO - 26/01/29 16:43:01 INFO DAGScheduler: Job 76 finished: count at <unknown>:0, took 0.014874 s
[2026-01-29T16:43:01.925+0530] {subprocess.py:106} INFO - Critical NULL rows: 0
[2026-01-29T16:43:01.975+0530] {subprocess.py:106} INFO - 26/01/29 16:43:01 INFO FileSourceStrategy: Pushed Filters:
[2026-01-29T16:43:01.975+0530] {subprocess.py:106} INFO - 26/01/29 16:43:01 INFO FileSourceStrategy: Post-Scan Filters:
[2026-01-29T16:43:01.995+0530] {subprocess.py:106} INFO - 26/01/29 16:43:01 INFO MemoryStore: Block broadcast_127 stored as values in memory (estimated size 350.2 KiB, free 365.1 MiB)
[2026-01-29T16:43:02.000+0530] {subprocess.py:106} INFO - 26/01/29 16:43:02 INFO MemoryStore: Block broadcast_127_piece0 stored as bytes in memory (estimated size 34.3 KiB, free 365.0 MiB)
[2026-01-29T16:43:02.001+0530] {subprocess.py:106} INFO - 26/01/29 16:43:02 INFO BlockManagerInfo: Added broadcast_127_piece0 in memory on Aishwarya92848DBDA:45083 (size: 34.3 KiB, free: 366.2 MiB)
[2026-01-29T16:43:02.001+0530] {subprocess.py:106} INFO - 26/01/29 16:43:02 INFO SparkContext: Created broadcast 127 from count at <unknown>:0
[2026-01-29T16:43:02.002+0530] {subprocess.py:106} INFO - 26/01/29 16:43:02 INFO FileSourceScanExec: Planning scan with bin packing, max size: 4194304 bytes, open cost is considered as scanning 4194304 bytes.
[2026-01-29T16:43:02.005+0530] {subprocess.py:106} INFO - 26/01/29 16:43:02 INFO DAGScheduler: Registering RDD 351 (count at <unknown>:0) as input to shuffle 27
[2026-01-29T16:43:02.005+0530] {subprocess.py:106} INFO - 26/01/29 16:43:02 INFO DAGScheduler: Got map stage job 77 (count at <unknown>:0) with 2 output partitions
[2026-01-29T16:43:02.005+0530] {subprocess.py:106} INFO - 26/01/29 16:43:02 INFO DAGScheduler: Final stage: ShuffleMapStage 107 (count at <unknown>:0)
[2026-01-29T16:43:02.005+0530] {subprocess.py:106} INFO - 26/01/29 16:43:02 INFO DAGScheduler: Parents of final stage: List()
[2026-01-29T16:43:02.005+0530] {subprocess.py:106} INFO - 26/01/29 16:43:02 INFO DAGScheduler: Missing parents: List()
[2026-01-29T16:43:02.005+0530] {subprocess.py:106} INFO - 26/01/29 16:43:02 INFO DAGScheduler: Submitting ShuffleMapStage 107 (MapPartitionsRDD[351] at count at <unknown>:0), which has no missing parents
[2026-01-29T16:43:02.008+0530] {subprocess.py:106} INFO - 26/01/29 16:43:02 INFO MemoryStore: Block broadcast_128 stored as values in memory (estimated size 28.9 KiB, free 365.0 MiB)
[2026-01-29T16:43:02.009+0530] {subprocess.py:106} INFO - 26/01/29 16:43:02 INFO MemoryStore: Block broadcast_128_piece0 stored as bytes in memory (estimated size 11.1 KiB, free 365.0 MiB)
[2026-01-29T16:43:02.009+0530] {subprocess.py:106} INFO - 26/01/29 16:43:02 INFO BlockManagerInfo: Added broadcast_128_piece0 in memory on Aishwarya92848DBDA:45083 (size: 11.1 KiB, free: 366.2 MiB)
[2026-01-29T16:43:02.009+0530] {subprocess.py:106} INFO - 26/01/29 16:43:02 INFO SparkContext: Created broadcast 128 from broadcast at DAGScheduler.scala:1585
[2026-01-29T16:43:02.010+0530] {subprocess.py:106} INFO - 26/01/29 16:43:02 INFO DAGScheduler: Submitting 2 missing tasks from ShuffleMapStage 107 (MapPartitionsRDD[351] at count at <unknown>:0) (first 15 tasks are for partitions Vector(0, 1))
[2026-01-29T16:43:02.010+0530] {subprocess.py:106} INFO - 26/01/29 16:43:02 INFO TaskSchedulerImpl: Adding task set 107.0 with 2 tasks resource profile 0
[2026-01-29T16:43:02.010+0530] {subprocess.py:106} INFO - 26/01/29 16:43:02 INFO TaskSetManager: Starting task 0.0 in stage 107.0 (TID 128) (Aishwarya92848DBDA, executor driver, partition 0, NODE_LOCAL, 8230 bytes)
[2026-01-29T16:43:02.011+0530] {subprocess.py:106} INFO - 26/01/29 16:43:02 INFO TaskSetManager: Starting task 1.0 in stage 107.0 (TID 129) (Aishwarya92848DBDA, executor driver, partition 1, NODE_LOCAL, 8230 bytes)
[2026-01-29T16:43:02.011+0530] {subprocess.py:106} INFO - 26/01/29 16:43:02 INFO Executor: Running task 0.0 in stage 107.0 (TID 128)
[2026-01-29T16:43:02.011+0530] {subprocess.py:106} INFO - 26/01/29 16:43:02 INFO Executor: Running task 1.0 in stage 107.0 (TID 129)
[2026-01-29T16:43:02.014+0530] {subprocess.py:106} INFO - 26/01/29 16:43:02 INFO FileScanRDD: Reading File path: hdfs://localhost:9000/weather/data/raw_data/weather_dataset.csv, range: 4194304-6329103, partition values: [empty row]
[2026-01-29T16:43:02.015+0530] {subprocess.py:106} INFO - 26/01/29 16:43:02 INFO FileScanRDD: Reading File path: hdfs://localhost:9000/weather/data/raw_data/weather_dataset.csv, range: 0-4194304, partition values: [empty row]
[2026-01-29T16:43:02.100+0530] {subprocess.py:106} INFO - 26/01/29 16:43:02 INFO BlockManagerInfo: Removed broadcast_126_piece0 on Aishwarya92848DBDA:45083 in memory (size: 5.9 KiB, free: 366.2 MiB)
[2026-01-29T16:43:02.101+0530] {subprocess.py:106} INFO - 26/01/29 16:43:02 INFO BlockManagerInfo: Removed broadcast_125_piece0 on Aishwarya92848DBDA:45083 in memory (size: 22.5 KiB, free: 366.2 MiB)
[2026-01-29T16:43:02.102+0530] {subprocess.py:106} INFO - 26/01/29 16:43:02 INFO BlockManagerInfo: Removed broadcast_124_piece0 on Aishwarya92848DBDA:45083 in memory (size: 11.1 KiB, free: 366.2 MiB)
[2026-01-29T16:43:02.103+0530] {subprocess.py:106} INFO - 26/01/29 16:43:02 INFO BlockManagerInfo: Removed broadcast_123_piece0 on Aishwarya92848DBDA:45083 in memory (size: 34.3 KiB, free: 366.2 MiB)
[2026-01-29T16:43:02.121+0530] {subprocess.py:106} INFO - 26/01/29 16:43:02 INFO Executor: Finished task 1.0 in stage 107.0 (TID 129). 2038 bytes result sent to driver
[2026-01-29T16:43:02.121+0530] {subprocess.py:106} INFO - 26/01/29 16:43:02 INFO TaskSetManager: Finished task 1.0 in stage 107.0 (TID 129) in 111 ms on Aishwarya92848DBDA (executor driver) (1/2)
[2026-01-29T16:43:02.190+0530] {subprocess.py:106} INFO - 26/01/29 16:43:02 INFO Executor: Finished task 0.0 in stage 107.0 (TID 128). 2038 bytes result sent to driver
[2026-01-29T16:43:02.191+0530] {subprocess.py:106} INFO - 26/01/29 16:43:02 INFO TaskSetManager: Finished task 0.0 in stage 107.0 (TID 128) in 181 ms on Aishwarya92848DBDA (executor driver) (2/2)
[2026-01-29T16:43:02.191+0530] {subprocess.py:106} INFO - 26/01/29 16:43:02 INFO TaskSchedulerImpl: Removed TaskSet 107.0, whose tasks have all completed, from pool
[2026-01-29T16:43:02.192+0530] {subprocess.py:106} INFO - 26/01/29 16:43:02 INFO DAGScheduler: ShuffleMapStage 107 (count at <unknown>:0) finished in 0.185 s
[2026-01-29T16:43:02.192+0530] {subprocess.py:106} INFO - 26/01/29 16:43:02 INFO DAGScheduler: looking for newly runnable stages
[2026-01-29T16:43:02.192+0530] {subprocess.py:106} INFO - 26/01/29 16:43:02 INFO DAGScheduler: running: Set()
[2026-01-29T16:43:02.192+0530] {subprocess.py:106} INFO - 26/01/29 16:43:02 INFO DAGScheduler: waiting: Set()
[2026-01-29T16:43:02.192+0530] {subprocess.py:106} INFO - 26/01/29 16:43:02 INFO DAGScheduler: failed: Set()
[2026-01-29T16:43:02.196+0530] {subprocess.py:106} INFO - 26/01/29 16:43:02 INFO ShufflePartitionsUtil: For shuffle(27), advisory target size: 67108864, actual target size 1048576, minimum partition size: 1048576
[2026-01-29T16:43:02.214+0530] {subprocess.py:106} INFO - 26/01/29 16:43:02 INFO CodeGenerator: Code generated in 9.884111 ms
[2026-01-29T16:43:02.227+0530] {subprocess.py:106} INFO - 26/01/29 16:43:02 INFO DAGScheduler: Registering RDD 356 (count at <unknown>:0) as input to shuffle 28
[2026-01-29T16:43:02.227+0530] {subprocess.py:106} INFO - 26/01/29 16:43:02 INFO DAGScheduler: Got map stage job 78 (count at <unknown>:0) with 2 output partitions
[2026-01-29T16:43:02.228+0530] {subprocess.py:106} INFO - 26/01/29 16:43:02 INFO DAGScheduler: Final stage: ShuffleMapStage 109 (count at <unknown>:0)
[2026-01-29T16:43:02.228+0530] {subprocess.py:106} INFO - 26/01/29 16:43:02 INFO DAGScheduler: Parents of final stage: List(ShuffleMapStage 108)
[2026-01-29T16:43:02.228+0530] {subprocess.py:106} INFO - 26/01/29 16:43:02 INFO DAGScheduler: Missing parents: List()
[2026-01-29T16:43:02.229+0530] {subprocess.py:106} INFO - 26/01/29 16:43:02 INFO DAGScheduler: Submitting ShuffleMapStage 109 (MapPartitionsRDD[356] at count at <unknown>:0), which has no missing parents
[2026-01-29T16:43:02.230+0530] {subprocess.py:106} INFO - 26/01/29 16:43:02 INFO MemoryStore: Block broadcast_129 stored as values in memory (estimated size 53.1 KiB, free 365.5 MiB)
[2026-01-29T16:43:02.231+0530] {subprocess.py:106} INFO - 26/01/29 16:43:02 INFO MemoryStore: Block broadcast_129_piece0 stored as bytes in memory (estimated size 23.0 KiB, free 365.4 MiB)
[2026-01-29T16:43:02.232+0530] {subprocess.py:106} INFO - 26/01/29 16:43:02 INFO BlockManagerInfo: Added broadcast_129_piece0 in memory on Aishwarya92848DBDA:45083 (size: 23.0 KiB, free: 366.2 MiB)
[2026-01-29T16:43:02.232+0530] {subprocess.py:106} INFO - 26/01/29 16:43:02 INFO SparkContext: Created broadcast 129 from broadcast at DAGScheduler.scala:1585
[2026-01-29T16:43:02.232+0530] {subprocess.py:106} INFO - 26/01/29 16:43:02 INFO DAGScheduler: Submitting 2 missing tasks from ShuffleMapStage 109 (MapPartitionsRDD[356] at count at <unknown>:0) (first 15 tasks are for partitions Vector(0, 1))
[2026-01-29T16:43:02.233+0530] {subprocess.py:106} INFO - 26/01/29 16:43:02 INFO TaskSchedulerImpl: Adding task set 109.0 with 2 tasks resource profile 0
[2026-01-29T16:43:02.233+0530] {subprocess.py:106} INFO - 26/01/29 16:43:02 INFO TaskSetManager: Starting task 0.0 in stage 109.0 (TID 130) (Aishwarya92848DBDA, executor driver, partition 0, NODE_LOCAL, 7604 bytes)
[2026-01-29T16:43:02.233+0530] {subprocess.py:106} INFO - 26/01/29 16:43:02 INFO TaskSetManager: Starting task 1.0 in stage 109.0 (TID 131) (Aishwarya92848DBDA, executor driver, partition 1, NODE_LOCAL, 7604 bytes)
[2026-01-29T16:43:02.234+0530] {subprocess.py:106} INFO - 26/01/29 16:43:02 INFO Executor: Running task 0.0 in stage 109.0 (TID 130)
[2026-01-29T16:43:02.234+0530] {subprocess.py:106} INFO - 26/01/29 16:43:02 INFO Executor: Running task 1.0 in stage 109.0 (TID 131)
[2026-01-29T16:43:02.237+0530] {subprocess.py:106} INFO - 26/01/29 16:43:02 INFO ShuffleBlockFetcherIterator: Getting 2 (1243.9 KiB) non-empty blocks including 2 (1243.9 KiB) local and 0 (0.0 B) host-local and 0 (0.0 B) push-merged-local and 0 (0.0 B) remote blocks
[2026-01-29T16:43:02.238+0530] {subprocess.py:106} INFO - 26/01/29 16:43:02 INFO ShuffleBlockFetcherIterator: Started 0 remote fetches in 0 ms
[2026-01-29T16:43:02.238+0530] {subprocess.py:106} INFO - 26/01/29 16:43:02 INFO ShuffleBlockFetcherIterator: Getting 2 (1860.4 KiB) non-empty blocks including 2 (1860.4 KiB) local and 0 (0.0 B) host-local and 0 (0.0 B) push-merged-local and 0 (0.0 B) remote blocks
[2026-01-29T16:43:02.238+0530] {subprocess.py:106} INFO - 26/01/29 16:43:02 INFO ShuffleBlockFetcherIterator: Started 0 remote fetches in 0 ms
[2026-01-29T16:43:02.263+0530] {subprocess.py:106} INFO - 26/01/29 16:43:02 INFO CodeGenerator: Code generated in 8.586674 ms
[2026-01-29T16:43:02.265+0530] {subprocess.py:106} INFO - 26/01/29 16:43:02 INFO ExternalAppendOnlyUnsafeRowArray: Reached spill threshold of 4096 rows, switching to org.apache.spark.util.collection.unsafe.sort.UnsafeExternalSorter
[2026-01-29T16:43:02.269+0530] {subprocess.py:106} INFO - 26/01/29 16:43:02 INFO ExternalAppendOnlyUnsafeRowArray: Reached spill threshold of 4096 rows, switching to org.apache.spark.util.collection.unsafe.sort.UnsafeExternalSorter
[2026-01-29T16:43:02.283+0530] {subprocess.py:106} INFO - 26/01/29 16:43:02 INFO ExternalAppendOnlyUnsafeRowArray: Reached spill threshold of 4096 rows, switching to org.apache.spark.util.collection.unsafe.sort.UnsafeExternalSorter
[2026-01-29T16:43:02.292+0530] {subprocess.py:106} INFO - 26/01/29 16:43:02 INFO ExternalAppendOnlyUnsafeRowArray: Reached spill threshold of 4096 rows, switching to org.apache.spark.util.collection.unsafe.sort.UnsafeExternalSorter
[2026-01-29T16:43:02.300+0530] {subprocess.py:106} INFO - 26/01/29 16:43:02 INFO ExternalAppendOnlyUnsafeRowArray: Reached spill threshold of 4096 rows, switching to org.apache.spark.util.collection.unsafe.sort.UnsafeExternalSorter
[2026-01-29T16:43:02.309+0530] {subprocess.py:106} INFO - 26/01/29 16:43:02 INFO ExternalAppendOnlyUnsafeRowArray: Reached spill threshold of 4096 rows, switching to org.apache.spark.util.collection.unsafe.sort.UnsafeExternalSorter
[2026-01-29T16:43:02.317+0530] {subprocess.py:106} INFO - 26/01/29 16:43:02 INFO ExternalAppendOnlyUnsafeRowArray: Reached spill threshold of 4096 rows, switching to org.apache.spark.util.collection.unsafe.sort.UnsafeExternalSorter
[2026-01-29T16:43:02.326+0530] {subprocess.py:106} INFO - 26/01/29 16:43:02 INFO ExternalAppendOnlyUnsafeRowArray: Reached spill threshold of 4096 rows, switching to org.apache.spark.util.collection.unsafe.sort.UnsafeExternalSorter
[2026-01-29T16:43:02.335+0530] {subprocess.py:106} INFO - 26/01/29 16:43:02 INFO Executor: Finished task 0.0 in stage 109.0 (TID 130). 4989 bytes result sent to driver
[2026-01-29T16:43:02.336+0530] {subprocess.py:106} INFO - 26/01/29 16:43:02 INFO TaskSetManager: Finished task 0.0 in stage 109.0 (TID 130) in 102 ms on Aishwarya92848DBDA (executor driver) (1/2)
[2026-01-29T16:43:02.336+0530] {subprocess.py:106} INFO - 26/01/29 16:43:02 INFO ExternalAppendOnlyUnsafeRowArray: Reached spill threshold of 4096 rows, switching to org.apache.spark.util.collection.unsafe.sort.UnsafeExternalSorter
[2026-01-29T16:43:02.345+0530] {subprocess.py:106} INFO - 26/01/29 16:43:02 INFO ExternalAppendOnlyUnsafeRowArray: Reached spill threshold of 4096 rows, switching to org.apache.spark.util.collection.unsafe.sort.UnsafeExternalSorter
[2026-01-29T16:43:02.355+0530] {subprocess.py:106} INFO - 26/01/29 16:43:02 INFO Executor: Finished task 1.0 in stage 109.0 (TID 131). 4989 bytes result sent to driver
[2026-01-29T16:43:02.356+0530] {subprocess.py:106} INFO - 26/01/29 16:43:02 INFO TaskSetManager: Finished task 1.0 in stage 109.0 (TID 131) in 123 ms on Aishwarya92848DBDA (executor driver) (2/2)
[2026-01-29T16:43:02.357+0530] {subprocess.py:106} INFO - 26/01/29 16:43:02 INFO TaskSchedulerImpl: Removed TaskSet 109.0, whose tasks have all completed, from pool
[2026-01-29T16:43:02.357+0530] {subprocess.py:106} INFO - 26/01/29 16:43:02 INFO DAGScheduler: ShuffleMapStage 109 (count at <unknown>:0) finished in 0.128 s
[2026-01-29T16:43:02.358+0530] {subprocess.py:106} INFO - 26/01/29 16:43:02 INFO DAGScheduler: looking for newly runnable stages
[2026-01-29T16:43:02.358+0530] {subprocess.py:106} INFO - 26/01/29 16:43:02 INFO DAGScheduler: running: Set()
[2026-01-29T16:43:02.358+0530] {subprocess.py:106} INFO - 26/01/29 16:43:02 INFO DAGScheduler: waiting: Set()
[2026-01-29T16:43:02.358+0530] {subprocess.py:106} INFO - 26/01/29 16:43:02 INFO DAGScheduler: failed: Set()
[2026-01-29T16:43:02.371+0530] {subprocess.py:106} INFO - 26/01/29 16:43:02 INFO SparkContext: Starting job: count at <unknown>:0
[2026-01-29T16:43:02.372+0530] {subprocess.py:106} INFO - 26/01/29 16:43:02 INFO DAGScheduler: Got job 79 (count at <unknown>:0) with 1 output partitions
[2026-01-29T16:43:02.372+0530] {subprocess.py:106} INFO - 26/01/29 16:43:02 INFO DAGScheduler: Final stage: ResultStage 112 (count at <unknown>:0)
[2026-01-29T16:43:02.373+0530] {subprocess.py:106} INFO - 26/01/29 16:43:02 INFO DAGScheduler: Parents of final stage: List(ShuffleMapStage 111)
[2026-01-29T16:43:02.373+0530] {subprocess.py:106} INFO - 26/01/29 16:43:02 INFO DAGScheduler: Missing parents: List()
[2026-01-29T16:43:02.373+0530] {subprocess.py:106} INFO - 26/01/29 16:43:02 INFO DAGScheduler: Submitting ResultStage 112 (MapPartitionsRDD[359] at count at <unknown>:0), which has no missing parents
[2026-01-29T16:43:02.374+0530] {subprocess.py:106} INFO - 26/01/29 16:43:02 INFO MemoryStore: Block broadcast_130 stored as values in memory (estimated size 12.5 KiB, free 365.4 MiB)
[2026-01-29T16:43:02.375+0530] {subprocess.py:106} INFO - 26/01/29 16:43:02 INFO MemoryStore: Block broadcast_130_piece0 stored as bytes in memory (estimated size 5.9 KiB, free 365.4 MiB)
[2026-01-29T16:43:02.375+0530] {subprocess.py:106} INFO - 26/01/29 16:43:02 INFO BlockManagerInfo: Added broadcast_130_piece0 in memory on Aishwarya92848DBDA:45083 (size: 5.9 KiB, free: 366.2 MiB)
[2026-01-29T16:43:02.375+0530] {subprocess.py:106} INFO - 26/01/29 16:43:02 INFO SparkContext: Created broadcast 130 from broadcast at DAGScheduler.scala:1585
[2026-01-29T16:43:02.376+0530] {subprocess.py:106} INFO - 26/01/29 16:43:02 INFO DAGScheduler: Submitting 1 missing tasks from ResultStage 112 (MapPartitionsRDD[359] at count at <unknown>:0) (first 15 tasks are for partitions Vector(0))
[2026-01-29T16:43:02.376+0530] {subprocess.py:106} INFO - 26/01/29 16:43:02 INFO TaskSchedulerImpl: Adding task set 112.0 with 1 tasks resource profile 0
[2026-01-29T16:43:02.377+0530] {subprocess.py:106} INFO - 26/01/29 16:43:02 INFO TaskSetManager: Starting task 0.0 in stage 112.0 (TID 132) (Aishwarya92848DBDA, executor driver, partition 0, NODE_LOCAL, 7615 bytes)
[2026-01-29T16:43:02.377+0530] {subprocess.py:106} INFO - 26/01/29 16:43:02 INFO Executor: Running task 0.0 in stage 112.0 (TID 132)
[2026-01-29T16:43:02.379+0530] {subprocess.py:106} INFO - 26/01/29 16:43:02 INFO ShuffleBlockFetcherIterator: Getting 2 (120.0 B) non-empty blocks including 2 (120.0 B) local and 0 (0.0 B) host-local and 0 (0.0 B) push-merged-local and 0 (0.0 B) remote blocks
[2026-01-29T16:43:02.379+0530] {subprocess.py:106} INFO - 26/01/29 16:43:02 INFO ShuffleBlockFetcherIterator: Started 0 remote fetches in 0 ms
[2026-01-29T16:43:02.381+0530] {subprocess.py:106} INFO - 26/01/29 16:43:02 INFO Executor: Finished task 0.0 in stage 112.0 (TID 132). 3988 bytes result sent to driver
[2026-01-29T16:43:02.381+0530] {subprocess.py:106} INFO - 26/01/29 16:43:02 INFO TaskSetManager: Finished task 0.0 in stage 112.0 (TID 132) in 5 ms on Aishwarya92848DBDA (executor driver) (1/1)
[2026-01-29T16:43:02.382+0530] {subprocess.py:106} INFO - 26/01/29 16:43:02 INFO TaskSchedulerImpl: Removed TaskSet 112.0, whose tasks have all completed, from pool
[2026-01-29T16:43:02.382+0530] {subprocess.py:106} INFO - 26/01/29 16:43:02 INFO DAGScheduler: ResultStage 112 (count at <unknown>:0) finished in 0.009 s
[2026-01-29T16:43:02.382+0530] {subprocess.py:106} INFO - 26/01/29 16:43:02 INFO DAGScheduler: Job 79 is finished. Cancelling potential speculative or zombie tasks for this job
[2026-01-29T16:43:02.382+0530] {subprocess.py:106} INFO - 26/01/29 16:43:02 INFO TaskSchedulerImpl: Killing all running tasks in stage 112: Stage finished
[2026-01-29T16:43:02.383+0530] {subprocess.py:106} INFO - 26/01/29 16:43:02 INFO DAGScheduler: Job 79 finished: count at <unknown>:0, took 0.011745 s
[2026-01-29T16:43:02.383+0530] {subprocess.py:106} INFO - Invalid temperature rows: 0
[2026-01-29T16:43:02.460+0530] {subprocess.py:106} INFO - 26/01/29 16:43:02 INFO FileSourceStrategy: Pushed Filters:
[2026-01-29T16:43:02.461+0530] {subprocess.py:106} INFO - 26/01/29 16:43:02 INFO FileSourceStrategy: Post-Scan Filters:
[2026-01-29T16:43:02.483+0530] {subprocess.py:106} INFO - 26/01/29 16:43:02 INFO MemoryStore: Block broadcast_131 stored as values in memory (estimated size 350.2 KiB, free 365.1 MiB)
[2026-01-29T16:43:02.490+0530] {subprocess.py:106} INFO - 26/01/29 16:43:02 INFO MemoryStore: Block broadcast_131_piece0 stored as bytes in memory (estimated size 34.3 KiB, free 365.0 MiB)
[2026-01-29T16:43:02.490+0530] {subprocess.py:106} INFO - 26/01/29 16:43:02 INFO BlockManagerInfo: Added broadcast_131_piece0 in memory on Aishwarya92848DBDA:45083 (size: 34.3 KiB, free: 366.2 MiB)
[2026-01-29T16:43:02.491+0530] {subprocess.py:106} INFO - 26/01/29 16:43:02 INFO SparkContext: Created broadcast 131 from count at <unknown>:0
[2026-01-29T16:43:02.492+0530] {subprocess.py:106} INFO - 26/01/29 16:43:02 INFO FileSourceScanExec: Planning scan with bin packing, max size: 4194304 bytes, open cost is considered as scanning 4194304 bytes.
[2026-01-29T16:43:02.495+0530] {subprocess.py:106} INFO - 26/01/29 16:43:02 INFO DAGScheduler: Registering RDD 363 (count at <unknown>:0) as input to shuffle 29
[2026-01-29T16:43:02.495+0530] {subprocess.py:106} INFO - 26/01/29 16:43:02 INFO DAGScheduler: Got map stage job 80 (count at <unknown>:0) with 2 output partitions
[2026-01-29T16:43:02.496+0530] {subprocess.py:106} INFO - 26/01/29 16:43:02 INFO DAGScheduler: Final stage: ShuffleMapStage 113 (count at <unknown>:0)
[2026-01-29T16:43:02.496+0530] {subprocess.py:106} INFO - 26/01/29 16:43:02 INFO DAGScheduler: Parents of final stage: List()
[2026-01-29T16:43:02.496+0530] {subprocess.py:106} INFO - 26/01/29 16:43:02 INFO DAGScheduler: Missing parents: List()
[2026-01-29T16:43:02.496+0530] {subprocess.py:106} INFO - 26/01/29 16:43:02 INFO DAGScheduler: Submitting ShuffleMapStage 113 (MapPartitionsRDD[363] at count at <unknown>:0), which has no missing parents
[2026-01-29T16:43:02.498+0530] {subprocess.py:106} INFO - 26/01/29 16:43:02 INFO MemoryStore: Block broadcast_132 stored as values in memory (estimated size 28.9 KiB, free 365.0 MiB)
[2026-01-29T16:43:02.499+0530] {subprocess.py:106} INFO - 26/01/29 16:43:02 INFO MemoryStore: Block broadcast_132_piece0 stored as bytes in memory (estimated size 11.1 KiB, free 365.0 MiB)
[2026-01-29T16:43:02.499+0530] {subprocess.py:106} INFO - 26/01/29 16:43:02 INFO BlockManagerInfo: Added broadcast_132_piece0 in memory on Aishwarya92848DBDA:45083 (size: 11.1 KiB, free: 366.1 MiB)
[2026-01-29T16:43:02.499+0530] {subprocess.py:106} INFO - 26/01/29 16:43:02 INFO SparkContext: Created broadcast 132 from broadcast at DAGScheduler.scala:1585
[2026-01-29T16:43:02.499+0530] {subprocess.py:106} INFO - 26/01/29 16:43:02 INFO DAGScheduler: Submitting 2 missing tasks from ShuffleMapStage 113 (MapPartitionsRDD[363] at count at <unknown>:0) (first 15 tasks are for partitions Vector(0, 1))
[2026-01-29T16:43:02.499+0530] {subprocess.py:106} INFO - 26/01/29 16:43:02 INFO TaskSchedulerImpl: Adding task set 113.0 with 2 tasks resource profile 0
[2026-01-29T16:43:02.500+0530] {subprocess.py:106} INFO - 26/01/29 16:43:02 INFO TaskSetManager: Starting task 0.0 in stage 113.0 (TID 133) (Aishwarya92848DBDA, executor driver, partition 0, NODE_LOCAL, 8230 bytes)
[2026-01-29T16:43:02.501+0530] {subprocess.py:106} INFO - 26/01/29 16:43:02 INFO TaskSetManager: Starting task 1.0 in stage 113.0 (TID 134) (Aishwarya92848DBDA, executor driver, partition 1, NODE_LOCAL, 8230 bytes)
[2026-01-29T16:43:02.501+0530] {subprocess.py:106} INFO - 26/01/29 16:43:02 INFO Executor: Running task 1.0 in stage 113.0 (TID 134)
[2026-01-29T16:43:02.501+0530] {subprocess.py:106} INFO - 26/01/29 16:43:02 INFO Executor: Running task 0.0 in stage 113.0 (TID 133)
[2026-01-29T16:43:02.504+0530] {subprocess.py:106} INFO - 26/01/29 16:43:02 INFO FileScanRDD: Reading File path: hdfs://localhost:9000/weather/data/raw_data/weather_dataset.csv, range: 4194304-6329103, partition values: [empty row]
[2026-01-29T16:43:02.505+0530] {subprocess.py:106} INFO - 26/01/29 16:43:02 INFO FileScanRDD: Reading File path: hdfs://localhost:9000/weather/data/raw_data/weather_dataset.csv, range: 0-4194304, partition values: [empty row]
[2026-01-29T16:43:02.543+0530] {subprocess.py:106} INFO - 26/01/29 16:43:02 INFO BlockManagerInfo: Removed broadcast_127_piece0 on Aishwarya92848DBDA:45083 in memory (size: 34.3 KiB, free: 366.2 MiB)
[2026-01-29T16:43:02.544+0530] {subprocess.py:106} INFO - 26/01/29 16:43:02 INFO BlockManagerInfo: Removed broadcast_130_piece0 on Aishwarya92848DBDA:45083 in memory (size: 5.9 KiB, free: 366.2 MiB)
[2026-01-29T16:43:02.545+0530] {subprocess.py:106} INFO - 26/01/29 16:43:02 INFO BlockManagerInfo: Removed broadcast_128_piece0 on Aishwarya92848DBDA:45083 in memory (size: 11.1 KiB, free: 366.2 MiB)
[2026-01-29T16:43:02.546+0530] {subprocess.py:106} INFO - 26/01/29 16:43:02 INFO BlockManagerInfo: Removed broadcast_129_piece0 on Aishwarya92848DBDA:45083 in memory (size: 23.0 KiB, free: 366.2 MiB)
[2026-01-29T16:43:02.617+0530] {subprocess.py:106} INFO - 26/01/29 16:43:02 INFO Executor: Finished task 1.0 in stage 113.0 (TID 134). 2038 bytes result sent to driver
[2026-01-29T16:43:02.617+0530] {subprocess.py:106} INFO - 26/01/29 16:43:02 INFO TaskSetManager: Finished task 1.0 in stage 113.0 (TID 134) in 117 ms on Aishwarya92848DBDA (executor driver) (1/2)
[2026-01-29T16:43:02.695+0530] {subprocess.py:106} INFO - 26/01/29 16:43:02 INFO Executor: Finished task 0.0 in stage 113.0 (TID 133). 2038 bytes result sent to driver
[2026-01-29T16:43:02.696+0530] {subprocess.py:106} INFO - 26/01/29 16:43:02 INFO TaskSetManager: Finished task 0.0 in stage 113.0 (TID 133) in 195 ms on Aishwarya92848DBDA (executor driver) (2/2)
[2026-01-29T16:43:02.696+0530] {subprocess.py:106} INFO - 26/01/29 16:43:02 INFO TaskSchedulerImpl: Removed TaskSet 113.0, whose tasks have all completed, from pool
[2026-01-29T16:43:02.696+0530] {subprocess.py:106} INFO - 26/01/29 16:43:02 INFO DAGScheduler: ShuffleMapStage 113 (count at <unknown>:0) finished in 0.200 s
[2026-01-29T16:43:02.696+0530] {subprocess.py:106} INFO - 26/01/29 16:43:02 INFO DAGScheduler: looking for newly runnable stages
[2026-01-29T16:43:02.696+0530] {subprocess.py:106} INFO - 26/01/29 16:43:02 INFO DAGScheduler: running: Set()
[2026-01-29T16:43:02.696+0530] {subprocess.py:106} INFO - 26/01/29 16:43:02 INFO DAGScheduler: waiting: Set()
[2026-01-29T16:43:02.696+0530] {subprocess.py:106} INFO - 26/01/29 16:43:02 INFO DAGScheduler: failed: Set()
[2026-01-29T16:43:02.701+0530] {subprocess.py:106} INFO - 26/01/29 16:43:02 INFO ShufflePartitionsUtil: For shuffle(29), advisory target size: 67108864, actual target size 1048576, minimum partition size: 1048576
[2026-01-29T16:43:02.713+0530] {subprocess.py:106} INFO - 26/01/29 16:43:02 INFO CodeGenerator: Code generated in 4.446822 ms
[2026-01-29T16:43:02.721+0530] {subprocess.py:106} INFO - 26/01/29 16:43:02 INFO CodeGenerator: Code generated in 4.796812 ms
[2026-01-29T16:43:02.732+0530] {subprocess.py:106} INFO - 26/01/29 16:43:02 INFO DAGScheduler: Registering RDD 370 (count at <unknown>:0) as input to shuffle 30
[2026-01-29T16:43:02.733+0530] {subprocess.py:106} INFO - 26/01/29 16:43:02 INFO DAGScheduler: Got map stage job 81 (count at <unknown>:0) with 2 output partitions
[2026-01-29T16:43:02.733+0530] {subprocess.py:106} INFO - 26/01/29 16:43:02 INFO DAGScheduler: Final stage: ShuffleMapStage 115 (count at <unknown>:0)
[2026-01-29T16:43:02.733+0530] {subprocess.py:106} INFO - 26/01/29 16:43:02 INFO DAGScheduler: Parents of final stage: List(ShuffleMapStage 114)
[2026-01-29T16:43:02.733+0530] {subprocess.py:106} INFO - 26/01/29 16:43:02 INFO DAGScheduler: Missing parents: List()
[2026-01-29T16:43:02.734+0530] {subprocess.py:106} INFO - 26/01/29 16:43:02 INFO DAGScheduler: Submitting ShuffleMapStage 115 (MapPartitionsRDD[370] at count at <unknown>:0), which has no missing parents
[2026-01-29T16:43:02.735+0530] {subprocess.py:106} INFO - 26/01/29 16:43:02 INFO MemoryStore: Block broadcast_133 stored as values in memory (estimated size 56.4 KiB, free 365.5 MiB)
[2026-01-29T16:43:02.736+0530] {subprocess.py:106} INFO - 26/01/29 16:43:02 INFO MemoryStore: Block broadcast_133_piece0 stored as bytes in memory (estimated size 23.6 KiB, free 365.4 MiB)
[2026-01-29T16:43:02.736+0530] {subprocess.py:106} INFO - 26/01/29 16:43:02 INFO BlockManagerInfo: Added broadcast_133_piece0 in memory on Aishwarya92848DBDA:45083 (size: 23.6 KiB, free: 366.2 MiB)
[2026-01-29T16:43:02.736+0530] {subprocess.py:106} INFO - 26/01/29 16:43:02 INFO SparkContext: Created broadcast 133 from broadcast at DAGScheduler.scala:1585
[2026-01-29T16:43:02.736+0530] {subprocess.py:106} INFO - 26/01/29 16:43:02 INFO DAGScheduler: Submitting 2 missing tasks from ShuffleMapStage 115 (MapPartitionsRDD[370] at count at <unknown>:0) (first 15 tasks are for partitions Vector(0, 1))
[2026-01-29T16:43:02.737+0530] {subprocess.py:106} INFO - 26/01/29 16:43:02 INFO TaskSchedulerImpl: Adding task set 115.0 with 2 tasks resource profile 0
[2026-01-29T16:43:02.737+0530] {subprocess.py:106} INFO - 26/01/29 16:43:02 INFO TaskSetManager: Starting task 0.0 in stage 115.0 (TID 135) (Aishwarya92848DBDA, executor driver, partition 0, NODE_LOCAL, 7604 bytes)
[2026-01-29T16:43:02.738+0530] {subprocess.py:106} INFO - 26/01/29 16:43:02 INFO TaskSetManager: Starting task 1.0 in stage 115.0 (TID 136) (Aishwarya92848DBDA, executor driver, partition 1, NODE_LOCAL, 7604 bytes)
[2026-01-29T16:43:02.738+0530] {subprocess.py:106} INFO - 26/01/29 16:43:02 INFO Executor: Running task 1.0 in stage 115.0 (TID 136)
[2026-01-29T16:43:02.738+0530] {subprocess.py:106} INFO - 26/01/29 16:43:02 INFO Executor: Running task 0.0 in stage 115.0 (TID 135)
[2026-01-29T16:43:02.742+0530] {subprocess.py:106} INFO - 26/01/29 16:43:02 INFO ShuffleBlockFetcherIterator: Getting 2 (1860.4 KiB) non-empty blocks including 2 (1860.4 KiB) local and 0 (0.0 B) host-local and 0 (0.0 B) push-merged-local and 0 (0.0 B) remote blocks
[2026-01-29T16:43:02.743+0530] {subprocess.py:106} INFO - 26/01/29 16:43:02 INFO ShuffleBlockFetcherIterator: Getting 2 (1243.9 KiB) non-empty blocks including 2 (1243.9 KiB) local and 0 (0.0 B) host-local and 0 (0.0 B) push-merged-local and 0 (0.0 B) remote blocks
[2026-01-29T16:43:02.743+0530] {subprocess.py:106} INFO - 26/01/29 16:43:02 INFO ShuffleBlockFetcherIterator: Started 0 remote fetches in 0 ms
[2026-01-29T16:43:02.743+0530] {subprocess.py:106} INFO - 26/01/29 16:43:02 INFO ShuffleBlockFetcherIterator: Started 0 remote fetches in 0 ms
[2026-01-29T16:43:02.764+0530] {subprocess.py:106} INFO - 26/01/29 16:43:02 INFO CodeGenerator: Code generated in 5.914338 ms
[2026-01-29T16:43:02.770+0530] {subprocess.py:106} INFO - 26/01/29 16:43:02 INFO CodeGenerator: Code generated in 3.710333 ms
[2026-01-29T16:43:02.772+0530] {subprocess.py:106} INFO - 26/01/29 16:43:02 INFO ExternalAppendOnlyUnsafeRowArray: Reached spill threshold of 4096 rows, switching to org.apache.spark.util.collection.unsafe.sort.UnsafeExternalSorter
[2026-01-29T16:43:02.773+0530] {subprocess.py:106} INFO - 26/01/29 16:43:02 INFO ExternalAppendOnlyUnsafeRowArray: Reached spill threshold of 4096 rows, switching to org.apache.spark.util.collection.unsafe.sort.UnsafeExternalSorter
[2026-01-29T16:43:02.778+0530] {subprocess.py:106} INFO - 26/01/29 16:43:02 INFO CodeGenerator: Code generated in 3.449873 ms
[2026-01-29T16:43:02.783+0530] {subprocess.py:106} INFO - 26/01/29 16:43:02 INFO CodeGenerator: Code generated in 3.780025 ms
[2026-01-29T16:43:02.788+0530] {subprocess.py:106} INFO - 26/01/29 16:43:02 INFO CodeGenerator: Code generated in 3.029991 ms
[2026-01-29T16:43:02.794+0530] {subprocess.py:106} INFO - 26/01/29 16:43:02 INFO CodeGenerator: Code generated in 4.794588 ms
[2026-01-29T16:43:02.805+0530] {subprocess.py:106} INFO - 26/01/29 16:43:02 INFO ExternalAppendOnlyUnsafeRowArray: Reached spill threshold of 4096 rows, switching to org.apache.spark.util.collection.unsafe.sort.UnsafeExternalSorter
[2026-01-29T16:43:02.806+0530] {subprocess.py:106} INFO - 26/01/29 16:43:02 INFO ExternalAppendOnlyUnsafeRowArray: Reached spill threshold of 4096 rows, switching to org.apache.spark.util.collection.unsafe.sort.UnsafeExternalSorter
[2026-01-29T16:43:02.819+0530] {subprocess.py:106} INFO - 26/01/29 16:43:02 INFO ExternalAppendOnlyUnsafeRowArray: Reached spill threshold of 4096 rows, switching to org.apache.spark.util.collection.unsafe.sort.UnsafeExternalSorter
[2026-01-29T16:43:02.820+0530] {subprocess.py:106} INFO - 26/01/29 16:43:02 INFO ExternalAppendOnlyUnsafeRowArray: Reached spill threshold of 4096 rows, switching to org.apache.spark.util.collection.unsafe.sort.UnsafeExternalSorter
[2026-01-29T16:43:02.830+0530] {subprocess.py:106} INFO - 26/01/29 16:43:02 INFO BlockManagerInfo: Removed broadcast_132_piece0 on Aishwarya92848DBDA:45083 in memory (size: 11.1 KiB, free: 366.2 MiB)
[2026-01-29T16:43:02.871+0530] {subprocess.py:106} INFO - 26/01/29 16:43:02 INFO ExternalAppendOnlyUnsafeRowArray: Reached spill threshold of 4096 rows, switching to org.apache.spark.util.collection.unsafe.sort.UnsafeExternalSorter
[2026-01-29T16:43:02.880+0530] {subprocess.py:106} INFO - 26/01/29 16:43:02 INFO ExternalAppendOnlyUnsafeRowArray: Reached spill threshold of 4096 rows, switching to org.apache.spark.util.collection.unsafe.sort.UnsafeExternalSorter
[2026-01-29T16:43:02.907+0530] {subprocess.py:106} INFO - 26/01/29 16:43:02 INFO ExternalAppendOnlyUnsafeRowArray: Reached spill threshold of 4096 rows, switching to org.apache.spark.util.collection.unsafe.sort.UnsafeExternalSorter
[2026-01-29T16:43:02.912+0530] {subprocess.py:106} INFO - 26/01/29 16:43:02 INFO ExternalAppendOnlyUnsafeRowArray: Reached spill threshold of 4096 rows, switching to org.apache.spark.util.collection.unsafe.sort.UnsafeExternalSorter
[2026-01-29T16:43:02.941+0530] {subprocess.py:106} INFO - 26/01/29 16:43:02 INFO ExternalAppendOnlyUnsafeRowArray: Reached spill threshold of 4096 rows, switching to org.apache.spark.util.collection.unsafe.sort.UnsafeExternalSorter
[2026-01-29T16:43:02.953+0530] {subprocess.py:106} INFO - 26/01/29 16:43:02 INFO ExternalAppendOnlyUnsafeRowArray: Reached spill threshold of 4096 rows, switching to org.apache.spark.util.collection.unsafe.sort.UnsafeExternalSorter
[2026-01-29T16:43:02.965+0530] {subprocess.py:106} INFO - 26/01/29 16:43:02 INFO ExternalAppendOnlyUnsafeRowArray: Reached spill threshold of 4096 rows, switching to org.apache.spark.util.collection.unsafe.sort.UnsafeExternalSorter
[2026-01-29T16:43:02.967+0530] {subprocess.py:106} INFO - 26/01/29 16:43:02 INFO ExternalAppendOnlyUnsafeRowArray: Reached spill threshold of 4096 rows, switching to org.apache.spark.util.collection.unsafe.sort.UnsafeExternalSorter
[2026-01-29T16:43:02.975+0530] {subprocess.py:106} INFO - 26/01/29 16:43:02 INFO ExternalAppendOnlyUnsafeRowArray: Reached spill threshold of 4096 rows, switching to org.apache.spark.util.collection.unsafe.sort.UnsafeExternalSorter
[2026-01-29T16:43:02.980+0530] {subprocess.py:106} INFO - 26/01/29 16:43:02 INFO ExternalAppendOnlyUnsafeRowArray: Reached spill threshold of 4096 rows, switching to org.apache.spark.util.collection.unsafe.sort.UnsafeExternalSorter
[2026-01-29T16:43:02.995+0530] {subprocess.py:106} INFO - 26/01/29 16:43:02 INFO ExternalAppendOnlyUnsafeRowArray: Reached spill threshold of 4096 rows, switching to org.apache.spark.util.collection.unsafe.sort.UnsafeExternalSorter
[2026-01-29T16:43:02.997+0530] {subprocess.py:106} INFO - 26/01/29 16:43:02 INFO Executor: Finished task 0.0 in stage 115.0 (TID 135). 5200 bytes result sent to driver
[2026-01-29T16:43:02.998+0530] {subprocess.py:106} INFO - 26/01/29 16:43:02 INFO TaskSetManager: Finished task 0.0 in stage 115.0 (TID 135) in 260 ms on Aishwarya92848DBDA (executor driver) (1/2)
[2026-01-29T16:43:03.003+0530] {subprocess.py:106} INFO - 26/01/29 16:43:03 INFO ExternalAppendOnlyUnsafeRowArray: Reached spill threshold of 4096 rows, switching to org.apache.spark.util.collection.unsafe.sort.UnsafeExternalSorter
[2026-01-29T16:43:03.009+0530] {subprocess.py:106} INFO - 26/01/29 16:43:03 INFO ExternalAppendOnlyUnsafeRowArray: Reached spill threshold of 4096 rows, switching to org.apache.spark.util.collection.unsafe.sort.UnsafeExternalSorter
[2026-01-29T16:43:03.016+0530] {subprocess.py:106} INFO - 26/01/29 16:43:03 INFO ExternalAppendOnlyUnsafeRowArray: Reached spill threshold of 4096 rows, switching to org.apache.spark.util.collection.unsafe.sort.UnsafeExternalSorter
[2026-01-29T16:43:03.025+0530] {subprocess.py:106} INFO - 26/01/29 16:43:03 INFO Executor: Finished task 1.0 in stage 115.0 (TID 136). 5200 bytes result sent to driver
[2026-01-29T16:43:03.026+0530] {subprocess.py:106} INFO - 26/01/29 16:43:03 INFO TaskSetManager: Finished task 1.0 in stage 115.0 (TID 136) in 289 ms on Aishwarya92848DBDA (executor driver) (2/2)
[2026-01-29T16:43:03.027+0530] {subprocess.py:106} INFO - 26/01/29 16:43:03 INFO TaskSchedulerImpl: Removed TaskSet 115.0, whose tasks have all completed, from pool
[2026-01-29T16:43:03.027+0530] {subprocess.py:106} INFO - 26/01/29 16:43:03 INFO DAGScheduler: ShuffleMapStage 115 (count at <unknown>:0) finished in 0.294 s
[2026-01-29T16:43:03.027+0530] {subprocess.py:106} INFO - 26/01/29 16:43:03 INFO DAGScheduler: looking for newly runnable stages
[2026-01-29T16:43:03.027+0530] {subprocess.py:106} INFO - 26/01/29 16:43:03 INFO DAGScheduler: running: Set()
[2026-01-29T16:43:03.028+0530] {subprocess.py:106} INFO - 26/01/29 16:43:03 INFO DAGScheduler: waiting: Set()
[2026-01-29T16:43:03.028+0530] {subprocess.py:106} INFO - 26/01/29 16:43:03 INFO DAGScheduler: failed: Set()
[2026-01-29T16:43:03.036+0530] {subprocess.py:106} INFO - 26/01/29 16:43:03 INFO CodeGenerator: Code generated in 4.349469 ms
[2026-01-29T16:43:03.043+0530] {subprocess.py:106} INFO - 26/01/29 16:43:03 INFO SparkContext: Starting job: count at <unknown>:0
[2026-01-29T16:43:03.044+0530] {subprocess.py:106} INFO - 26/01/29 16:43:03 INFO DAGScheduler: Got job 82 (count at <unknown>:0) with 1 output partitions
[2026-01-29T16:43:03.044+0530] {subprocess.py:106} INFO - 26/01/29 16:43:03 INFO DAGScheduler: Final stage: ResultStage 118 (count at <unknown>:0)
[2026-01-29T16:43:03.044+0530] {subprocess.py:106} INFO - 26/01/29 16:43:03 INFO DAGScheduler: Parents of final stage: List(ShuffleMapStage 117)
[2026-01-29T16:43:03.044+0530] {subprocess.py:106} INFO - 26/01/29 16:43:03 INFO DAGScheduler: Missing parents: List()
[2026-01-29T16:43:03.044+0530] {subprocess.py:106} INFO - 26/01/29 16:43:03 INFO DAGScheduler: Submitting ResultStage 118 (MapPartitionsRDD[373] at count at <unknown>:0), which has no missing parents
[2026-01-29T16:43:03.045+0530] {subprocess.py:106} INFO - 26/01/29 16:43:03 INFO MemoryStore: Block broadcast_134 stored as values in memory (estimated size 12.5 KiB, free 365.5 MiB)
[2026-01-29T16:43:03.046+0530] {subprocess.py:106} INFO - 26/01/29 16:43:03 INFO MemoryStore: Block broadcast_134_piece0 stored as bytes in memory (estimated size 5.9 KiB, free 365.5 MiB)
[2026-01-29T16:43:03.046+0530] {subprocess.py:106} INFO - 26/01/29 16:43:03 INFO BlockManagerInfo: Added broadcast_134_piece0 in memory on Aishwarya92848DBDA:45083 (size: 5.9 KiB, free: 366.2 MiB)
[2026-01-29T16:43:03.047+0530] {subprocess.py:106} INFO - 26/01/29 16:43:03 INFO SparkContext: Created broadcast 134 from broadcast at DAGScheduler.scala:1585
[2026-01-29T16:43:03.047+0530] {subprocess.py:106} INFO - 26/01/29 16:43:03 INFO DAGScheduler: Submitting 1 missing tasks from ResultStage 118 (MapPartitionsRDD[373] at count at <unknown>:0) (first 15 tasks are for partitions Vector(0))
[2026-01-29T16:43:03.047+0530] {subprocess.py:106} INFO - 26/01/29 16:43:03 INFO TaskSchedulerImpl: Adding task set 118.0 with 1 tasks resource profile 0
[2026-01-29T16:43:03.048+0530] {subprocess.py:106} INFO - 26/01/29 16:43:03 INFO TaskSetManager: Starting task 0.0 in stage 118.0 (TID 137) (Aishwarya92848DBDA, executor driver, partition 0, NODE_LOCAL, 7615 bytes)
[2026-01-29T16:43:03.049+0530] {subprocess.py:106} INFO - 26/01/29 16:43:03 INFO Executor: Running task 0.0 in stage 118.0 (TID 137)
[2026-01-29T16:43:03.050+0530] {subprocess.py:106} INFO - 26/01/29 16:43:03 INFO ShuffleBlockFetcherIterator: Getting 2 (120.0 B) non-empty blocks including 2 (120.0 B) local and 0 (0.0 B) host-local and 0 (0.0 B) push-merged-local and 0 (0.0 B) remote blocks
[2026-01-29T16:43:03.050+0530] {subprocess.py:106} INFO - 26/01/29 16:43:03 INFO ShuffleBlockFetcherIterator: Started 0 remote fetches in 0 ms
[2026-01-29T16:43:03.055+0530] {subprocess.py:106} INFO - 26/01/29 16:43:03 INFO CodeGenerator: Code generated in 3.946378 ms
[2026-01-29T16:43:03.056+0530] {subprocess.py:106} INFO - 26/01/29 16:43:03 INFO Executor: Finished task 0.0 in stage 118.0 (TID 137). 3988 bytes result sent to driver
[2026-01-29T16:43:03.057+0530] {subprocess.py:106} INFO - 26/01/29 16:43:03 INFO TaskSetManager: Finished task 0.0 in stage 118.0 (TID 137) in 9 ms on Aishwarya92848DBDA (executor driver) (1/1)
[2026-01-29T16:43:03.057+0530] {subprocess.py:106} INFO - 26/01/29 16:43:03 INFO TaskSchedulerImpl: Removed TaskSet 118.0, whose tasks have all completed, from pool
[2026-01-29T16:43:03.058+0530] {subprocess.py:106} INFO - 26/01/29 16:43:03 INFO DAGScheduler: ResultStage 118 (count at <unknown>:0) finished in 0.013 s
[2026-01-29T16:43:03.058+0530] {subprocess.py:106} INFO - 26/01/29 16:43:03 INFO DAGScheduler: Job 82 is finished. Cancelling potential speculative or zombie tasks for this job
[2026-01-29T16:43:03.058+0530] {subprocess.py:106} INFO - 26/01/29 16:43:03 INFO TaskSchedulerImpl: Killing all running tasks in stage 118: Stage finished
[2026-01-29T16:43:03.058+0530] {subprocess.py:106} INFO - 26/01/29 16:43:03 INFO DAGScheduler: Job 82 finished: count at <unknown>:0, took 0.015043 s
[2026-01-29T16:43:03.059+0530] {subprocess.py:106} INFO - Non-monotonic timestamp rows: 0
[2026-01-29T16:43:03.059+0530] {subprocess.py:106} INFO - {'null_critical': 0, 'invalid_temp': 0, 'non_monotonic_time': 0}
[2026-01-29T16:43:03.123+0530] {subprocess.py:106} INFO - 26/01/29 16:43:03 INFO FileSourceStrategy: Pushed Filters:
[2026-01-29T16:43:03.124+0530] {subprocess.py:106} INFO - 26/01/29 16:43:03 INFO FileSourceStrategy: Post-Scan Filters:
[2026-01-29T16:43:03.160+0530] {subprocess.py:106} INFO - 26/01/29 16:43:03 INFO CodeGenerator: Code generated in 15.070807 ms
[2026-01-29T16:43:03.161+0530] {subprocess.py:106} INFO - 26/01/29 16:43:03 INFO MemoryStore: Block broadcast_135 stored as values in memory (estimated size 350.2 KiB, free 365.1 MiB)
[2026-01-29T16:43:03.167+0530] {subprocess.py:106} INFO - 26/01/29 16:43:03 INFO MemoryStore: Block broadcast_135_piece0 stored as bytes in memory (estimated size 34.3 KiB, free 365.1 MiB)
[2026-01-29T16:43:03.167+0530] {subprocess.py:106} INFO - 26/01/29 16:43:03 INFO BlockManagerInfo: Added broadcast_135_piece0 in memory on Aishwarya92848DBDA:45083 (size: 34.3 KiB, free: 366.2 MiB)
[2026-01-29T16:43:03.168+0530] {subprocess.py:106} INFO - 26/01/29 16:43:03 INFO SparkContext: Created broadcast 135 from parquet at NativeMethodAccessorImpl.java:0
[2026-01-29T16:43:03.168+0530] {subprocess.py:106} INFO - 26/01/29 16:43:03 INFO FileSourceScanExec: Planning scan with bin packing, max size: 4194304 bytes, open cost is considered as scanning 4194304 bytes.
[2026-01-29T16:43:03.183+0530] {subprocess.py:106} INFO - 26/01/29 16:43:03 INFO DAGScheduler: Registering RDD 377 (parquet at NativeMethodAccessorImpl.java:0) as input to shuffle 31
[2026-01-29T16:43:03.184+0530] {subprocess.py:106} INFO - 26/01/29 16:43:03 INFO DAGScheduler: Got map stage job 83 (parquet at NativeMethodAccessorImpl.java:0) with 2 output partitions
[2026-01-29T16:43:03.184+0530] {subprocess.py:106} INFO - 26/01/29 16:43:03 INFO DAGScheduler: Final stage: ShuffleMapStage 119 (parquet at NativeMethodAccessorImpl.java:0)
[2026-01-29T16:43:03.184+0530] {subprocess.py:106} INFO - 26/01/29 16:43:03 INFO DAGScheduler: Parents of final stage: List()
[2026-01-29T16:43:03.184+0530] {subprocess.py:106} INFO - 26/01/29 16:43:03 INFO DAGScheduler: Missing parents: List()
[2026-01-29T16:43:03.184+0530] {subprocess.py:106} INFO - 26/01/29 16:43:03 INFO DAGScheduler: Submitting ShuffleMapStage 119 (MapPartitionsRDD[377] at parquet at NativeMethodAccessorImpl.java:0), which has no missing parents
[2026-01-29T16:43:03.188+0530] {subprocess.py:106} INFO - 26/01/29 16:43:03 INFO MemoryStore: Block broadcast_136 stored as values in memory (estimated size 59.8 KiB, free 365.0 MiB)
[2026-01-29T16:43:03.189+0530] {subprocess.py:106} INFO - 26/01/29 16:43:03 INFO MemoryStore: Block broadcast_136_piece0 stored as bytes in memory (estimated size 23.6 KiB, free 365.0 MiB)
[2026-01-29T16:43:03.189+0530] {subprocess.py:106} INFO - 26/01/29 16:43:03 INFO BlockManagerInfo: Added broadcast_136_piece0 in memory on Aishwarya92848DBDA:45083 (size: 23.6 KiB, free: 366.1 MiB)
[2026-01-29T16:43:03.190+0530] {subprocess.py:106} INFO - 26/01/29 16:43:03 INFO SparkContext: Created broadcast 136 from broadcast at DAGScheduler.scala:1585
[2026-01-29T16:43:03.190+0530] {subprocess.py:106} INFO - 26/01/29 16:43:03 INFO DAGScheduler: Submitting 2 missing tasks from ShuffleMapStage 119 (MapPartitionsRDD[377] at parquet at NativeMethodAccessorImpl.java:0) (first 15 tasks are for partitions Vector(0, 1))
[2026-01-29T16:43:03.190+0530] {subprocess.py:106} INFO - 26/01/29 16:43:03 INFO TaskSchedulerImpl: Adding task set 119.0 with 2 tasks resource profile 0
[2026-01-29T16:43:03.191+0530] {subprocess.py:106} INFO - 26/01/29 16:43:03 INFO TaskSetManager: Starting task 0.0 in stage 119.0 (TID 138) (Aishwarya92848DBDA, executor driver, partition 0, NODE_LOCAL, 8230 bytes)
[2026-01-29T16:43:03.191+0530] {subprocess.py:106} INFO - 26/01/29 16:43:03 INFO TaskSetManager: Starting task 1.0 in stage 119.0 (TID 139) (Aishwarya92848DBDA, executor driver, partition 1, NODE_LOCAL, 8230 bytes)
[2026-01-29T16:43:03.191+0530] {subprocess.py:106} INFO - 26/01/29 16:43:03 INFO Executor: Running task 0.0 in stage 119.0 (TID 138)
[2026-01-29T16:43:03.192+0530] {subprocess.py:106} INFO - 26/01/29 16:43:03 INFO Executor: Running task 1.0 in stage 119.0 (TID 139)
[2026-01-29T16:43:03.221+0530] {subprocess.py:106} INFO - 26/01/29 16:43:03 INFO CodeGenerator: Code generated in 13.671219 ms
[2026-01-29T16:43:03.223+0530] {subprocess.py:106} INFO - 26/01/29 16:43:03 INFO FileScanRDD: Reading File path: hdfs://localhost:9000/weather/data/raw_data/weather_dataset.csv, range: 4194304-6329103, partition values: [empty row]
[2026-01-29T16:43:03.224+0530] {subprocess.py:106} INFO - 26/01/29 16:43:03 INFO FileScanRDD: Reading File path: hdfs://localhost:9000/weather/data/raw_data/weather_dataset.csv, range: 0-4194304, partition values: [empty row]
[2026-01-29T16:43:03.229+0530] {subprocess.py:106} INFO - 26/01/29 16:43:03 INFO CodeGenerator: Code generated in 4.437294 ms
[2026-01-29T16:43:03.241+0530] {subprocess.py:106} INFO - 26/01/29 16:43:03 INFO CodeGenerator: Code generated in 3.547898 ms
[2026-01-29T16:43:03.441+0530] {subprocess.py:106} INFO - 26/01/29 16:43:03 INFO BlockManagerInfo: Removed broadcast_134_piece0 on Aishwarya92848DBDA:45083 in memory (size: 5.9 KiB, free: 366.2 MiB)
[2026-01-29T16:43:03.443+0530] {subprocess.py:106} INFO - 26/01/29 16:43:03 INFO BlockManagerInfo: Removed broadcast_131_piece0 on Aishwarya92848DBDA:45083 in memory (size: 34.3 KiB, free: 366.2 MiB)
[2026-01-29T16:43:03.444+0530] {subprocess.py:106} INFO - 26/01/29 16:43:03 INFO BlockManagerInfo: Removed broadcast_133_piece0 on Aishwarya92848DBDA:45083 in memory (size: 23.6 KiB, free: 366.2 MiB)
[2026-01-29T16:43:03.511+0530] {subprocess.py:106} INFO - 26/01/29 16:43:03 INFO Executor: Finished task 1.0 in stage 119.0 (TID 139). 2038 bytes result sent to driver
[2026-01-29T16:43:03.511+0530] {subprocess.py:106} INFO - 26/01/29 16:43:03 INFO TaskSetManager: Finished task 1.0 in stage 119.0 (TID 139) in 320 ms on Aishwarya92848DBDA (executor driver) (1/2)
[2026-01-29T16:43:03.638+0530] {subprocess.py:106} INFO - 26/01/29 16:43:03 INFO Executor: Finished task 0.0 in stage 119.0 (TID 138). 2038 bytes result sent to driver
[2026-01-29T16:43:03.639+0530] {subprocess.py:106} INFO - 26/01/29 16:43:03 INFO TaskSetManager: Finished task 0.0 in stage 119.0 (TID 138) in 449 ms on Aishwarya92848DBDA (executor driver) (2/2)
[2026-01-29T16:43:03.639+0530] {subprocess.py:106} INFO - 26/01/29 16:43:03 INFO TaskSchedulerImpl: Removed TaskSet 119.0, whose tasks have all completed, from pool
[2026-01-29T16:43:03.640+0530] {subprocess.py:106} INFO - 26/01/29 16:43:03 INFO DAGScheduler: ShuffleMapStage 119 (parquet at NativeMethodAccessorImpl.java:0) finished in 0.455 s
[2026-01-29T16:43:03.640+0530] {subprocess.py:106} INFO - 26/01/29 16:43:03 INFO DAGScheduler: looking for newly runnable stages
[2026-01-29T16:43:03.640+0530] {subprocess.py:106} INFO - 26/01/29 16:43:03 INFO DAGScheduler: running: Set()
[2026-01-29T16:43:03.640+0530] {subprocess.py:106} INFO - 26/01/29 16:43:03 INFO DAGScheduler: waiting: Set()
[2026-01-29T16:43:03.640+0530] {subprocess.py:106} INFO - 26/01/29 16:43:03 INFO DAGScheduler: failed: Set()
[2026-01-29T16:43:03.645+0530] {subprocess.py:106} INFO - 26/01/29 16:43:03 INFO ShufflePartitionsUtil: For shuffle(31), advisory target size: 67108864, actual target size 1048576, minimum partition size: 1048576
[2026-01-29T16:43:03.686+0530] {subprocess.py:106} INFO - 26/01/29 16:43:03 INFO ParquetUtils: Using default output committer for Parquet: org.apache.parquet.hadoop.ParquetOutputCommitter
[2026-01-29T16:43:03.700+0530] {subprocess.py:106} INFO - 26/01/29 16:43:03 INFO FileOutputCommitter: File Output Committer Algorithm version is 1
[2026-01-29T16:43:03.701+0530] {subprocess.py:106} INFO - 26/01/29 16:43:03 INFO FileOutputCommitter: FileOutputCommitter skip cleanup _temporary folders under output directory:false, ignore cleanup failures: false
[2026-01-29T16:43:03.701+0530] {subprocess.py:106} INFO - 26/01/29 16:43:03 INFO SQLHadoopMapReduceCommitProtocol: Using user defined output committer class org.apache.parquet.hadoop.ParquetOutputCommitter
[2026-01-29T16:43:03.701+0530] {subprocess.py:106} INFO - 26/01/29 16:43:03 INFO FileOutputCommitter: File Output Committer Algorithm version is 1
[2026-01-29T16:43:03.701+0530] {subprocess.py:106} INFO - 26/01/29 16:43:03 INFO FileOutputCommitter: FileOutputCommitter skip cleanup _temporary folders under output directory:false, ignore cleanup failures: false
[2026-01-29T16:43:03.702+0530] {subprocess.py:106} INFO - 26/01/29 16:43:03 INFO SQLHadoopMapReduceCommitProtocol: Using output committer class org.apache.parquet.hadoop.ParquetOutputCommitter
[2026-01-29T16:43:03.732+0530] {subprocess.py:106} INFO - 26/01/29 16:43:03 INFO CodeGenerator: Code generated in 17.435364 ms
[2026-01-29T16:43:03.756+0530] {subprocess.py:106} INFO - 26/01/29 16:43:03 INFO SparkContext: Starting job: parquet at NativeMethodAccessorImpl.java:0
[2026-01-29T16:43:03.757+0530] {subprocess.py:106} INFO - 26/01/29 16:43:03 INFO DAGScheduler: Got job 84 (parquet at NativeMethodAccessorImpl.java:0) with 4 output partitions
[2026-01-29T16:43:03.758+0530] {subprocess.py:106} INFO - 26/01/29 16:43:03 INFO DAGScheduler: Final stage: ResultStage 121 (parquet at NativeMethodAccessorImpl.java:0)
[2026-01-29T16:43:03.758+0530] {subprocess.py:106} INFO - 26/01/29 16:43:03 INFO DAGScheduler: Parents of final stage: List(ShuffleMapStage 120)
[2026-01-29T16:43:03.759+0530] {subprocess.py:106} INFO - 26/01/29 16:43:03 INFO DAGScheduler: Missing parents: List()
[2026-01-29T16:43:03.759+0530] {subprocess.py:106} INFO - 26/01/29 16:43:03 INFO DAGScheduler: Submitting ResultStage 121 (MapPartitionsRDD[382] at parquet at NativeMethodAccessorImpl.java:0), which has no missing parents
[2026-01-29T16:43:03.776+0530] {subprocess.py:106} INFO - 26/01/29 16:43:03 INFO MemoryStore: Block broadcast_137 stored as values in memory (estimated size 309.2 KiB, free 365.2 MiB)
[2026-01-29T16:43:03.777+0530] {subprocess.py:106} INFO - 26/01/29 16:43:03 INFO MemoryStore: Block broadcast_137_piece0 stored as bytes in memory (estimated size 110.6 KiB, free 365.1 MiB)
[2026-01-29T16:43:03.777+0530] {subprocess.py:106} INFO - 26/01/29 16:43:03 INFO BlockManagerInfo: Added broadcast_137_piece0 in memory on Aishwarya92848DBDA:45083 (size: 110.6 KiB, free: 366.1 MiB)
[2026-01-29T16:43:03.778+0530] {subprocess.py:106} INFO - 26/01/29 16:43:03 INFO SparkContext: Created broadcast 137 from broadcast at DAGScheduler.scala:1585
[2026-01-29T16:43:03.778+0530] {subprocess.py:106} INFO - 26/01/29 16:43:03 INFO DAGScheduler: Submitting 4 missing tasks from ResultStage 121 (MapPartitionsRDD[382] at parquet at NativeMethodAccessorImpl.java:0) (first 15 tasks are for partitions Vector(0, 1, 2, 3))
[2026-01-29T16:43:03.778+0530] {subprocess.py:106} INFO - 26/01/29 16:43:03 INFO TaskSchedulerImpl: Adding task set 121.0 with 4 tasks resource profile 0
[2026-01-29T16:43:03.779+0530] {subprocess.py:106} INFO - 26/01/29 16:43:03 INFO TaskSetManager: Starting task 0.0 in stage 121.0 (TID 140) (Aishwarya92848DBDA, executor driver, partition 0, NODE_LOCAL, 7615 bytes)
[2026-01-29T16:43:03.779+0530] {subprocess.py:106} INFO - 26/01/29 16:43:03 INFO TaskSetManager: Starting task 1.0 in stage 121.0 (TID 141) (Aishwarya92848DBDA, executor driver, partition 1, NODE_LOCAL, 7615 bytes)
[2026-01-29T16:43:03.780+0530] {subprocess.py:106} INFO - 26/01/29 16:43:03 INFO TaskSetManager: Starting task 2.0 in stage 121.0 (TID 142) (Aishwarya92848DBDA, executor driver, partition 2, NODE_LOCAL, 7615 bytes)
[2026-01-29T16:43:03.780+0530] {subprocess.py:106} INFO - 26/01/29 16:43:03 INFO TaskSetManager: Starting task 3.0 in stage 121.0 (TID 143) (Aishwarya92848DBDA, executor driver, partition 3, NODE_LOCAL, 7615 bytes)
[2026-01-29T16:43:03.780+0530] {subprocess.py:106} INFO - 26/01/29 16:43:03 INFO Executor: Running task 0.0 in stage 121.0 (TID 140)
[2026-01-29T16:43:03.781+0530] {subprocess.py:106} INFO - 26/01/29 16:43:03 INFO Executor: Running task 1.0 in stage 121.0 (TID 141)
[2026-01-29T16:43:03.782+0530] {subprocess.py:106} INFO - 26/01/29 16:43:03 INFO Executor: Running task 2.0 in stage 121.0 (TID 142)
[2026-01-29T16:43:03.783+0530] {subprocess.py:106} INFO - 26/01/29 16:43:03 INFO Executor: Running task 3.0 in stage 121.0 (TID 143)
[2026-01-29T16:43:03.845+0530] {subprocess.py:106} INFO - 26/01/29 16:43:03 INFO BlockManagerInfo: Removed broadcast_136_piece0 on Aishwarya92848DBDA:45083 in memory (size: 23.6 KiB, free: 366.1 MiB)
[2026-01-29T16:43:03.848+0530] {subprocess.py:106} INFO - 26/01/29 16:43:03 INFO ShuffleBlockFetcherIterator: Getting 2 (1805.2 KiB) non-empty blocks including 2 (1805.2 KiB) local and 0 (0.0 B) host-local and 0 (0.0 B) push-merged-local and 0 (0.0 B) remote blocks
[2026-01-29T16:43:03.848+0530] {subprocess.py:106} INFO - 26/01/29 16:43:03 INFO ShuffleBlockFetcherIterator: Getting 2 (1196.1 KiB) non-empty blocks including 2 (1196.1 KiB) local and 0 (0.0 B) host-local and 0 (0.0 B) push-merged-local and 0 (0.0 B) remote blocks
[2026-01-29T16:43:03.848+0530] {subprocess.py:106} INFO - 26/01/29 16:43:03 INFO ShuffleBlockFetcherIterator: Getting 2 (1215.9 KiB) non-empty blocks including 2 (1215.9 KiB) local and 0 (0.0 B) host-local and 0 (0.0 B) push-merged-local and 0 (0.0 B) remote blocks
[2026-01-29T16:43:03.849+0530] {subprocess.py:106} INFO - 26/01/29 16:43:03 INFO ShuffleBlockFetcherIterator: Getting 2 (1763.0 KiB) non-empty blocks including 2 (1763.0 KiB) local and 0 (0.0 B) host-local and 0 (0.0 B) push-merged-local and 0 (0.0 B) remote blocks
[2026-01-29T16:43:03.849+0530] {subprocess.py:106} INFO - 26/01/29 16:43:03 INFO ShuffleBlockFetcherIterator: Started 0 remote fetches in 0 ms
[2026-01-29T16:43:03.849+0530] {subprocess.py:106} INFO - 26/01/29 16:43:03 INFO ShuffleBlockFetcherIterator: Started 0 remote fetches in 0 ms
[2026-01-29T16:43:03.849+0530] {subprocess.py:106} INFO - 26/01/29 16:43:03 INFO ShuffleBlockFetcherIterator: Started 0 remote fetches in 0 ms
[2026-01-29T16:43:03.849+0530] {subprocess.py:106} INFO - 26/01/29 16:43:03 INFO ShuffleBlockFetcherIterator: Started 0 remote fetches in 0 ms
[2026-01-29T16:43:03.859+0530] {subprocess.py:106} INFO - 26/01/29 16:43:03 INFO CodeGenerator: Code generated in 6.94439 ms
[2026-01-29T16:43:03.894+0530] {subprocess.py:106} INFO - 26/01/29 16:43:03 INFO CodeGenerator: Code generated in 16.538524 ms
[2026-01-29T16:43:03.899+0530] {subprocess.py:106} INFO - 26/01/29 16:43:03 INFO FileOutputCommitter: File Output Committer Algorithm version is 1
[2026-01-29T16:43:03.900+0530] {subprocess.py:106} INFO - 26/01/29 16:43:03 INFO FileOutputCommitter: File Output Committer Algorithm version is 1
[2026-01-29T16:43:03.900+0530] {subprocess.py:106} INFO - 26/01/29 16:43:03 INFO FileOutputCommitter: File Output Committer Algorithm version is 1
[2026-01-29T16:43:03.900+0530] {subprocess.py:106} INFO - 26/01/29 16:43:03 INFO FileOutputCommitter: File Output Committer Algorithm version is 1
[2026-01-29T16:43:03.901+0530] {subprocess.py:106} INFO - 26/01/29 16:43:03 INFO FileOutputCommitter: FileOutputCommitter skip cleanup _temporary folders under output directory:false, ignore cleanup failures: false
[2026-01-29T16:43:03.901+0530] {subprocess.py:106} INFO - 26/01/29 16:43:03 INFO FileOutputCommitter: FileOutputCommitter skip cleanup _temporary folders under output directory:false, ignore cleanup failures: false
[2026-01-29T16:43:03.901+0530] {subprocess.py:106} INFO - 26/01/29 16:43:03 INFO FileOutputCommitter: FileOutputCommitter skip cleanup _temporary folders under output directory:false, ignore cleanup failures: false
[2026-01-29T16:43:03.901+0530] {subprocess.py:106} INFO - 26/01/29 16:43:03 INFO FileOutputCommitter: FileOutputCommitter skip cleanup _temporary folders under output directory:false, ignore cleanup failures: false
[2026-01-29T16:43:03.901+0530] {subprocess.py:106} INFO - 26/01/29 16:43:03 INFO SQLHadoopMapReduceCommitProtocol: Using user defined output committer class org.apache.parquet.hadoop.ParquetOutputCommitter
[2026-01-29T16:43:03.902+0530] {subprocess.py:106} INFO - 26/01/29 16:43:03 INFO SQLHadoopMapReduceCommitProtocol: Using user defined output committer class org.apache.parquet.hadoop.ParquetOutputCommitter
[2026-01-29T16:43:03.902+0530] {subprocess.py:106} INFO - 26/01/29 16:43:03 INFO SQLHadoopMapReduceCommitProtocol: Using user defined output committer class org.apache.parquet.hadoop.ParquetOutputCommitter
[2026-01-29T16:43:03.902+0530] {subprocess.py:106} INFO - 26/01/29 16:43:03 INFO SQLHadoopMapReduceCommitProtocol: Using user defined output committer class org.apache.parquet.hadoop.ParquetOutputCommitter
[2026-01-29T16:43:03.902+0530] {subprocess.py:106} INFO - 26/01/29 16:43:03 INFO FileOutputCommitter: File Output Committer Algorithm version is 1
[2026-01-29T16:43:03.902+0530] {subprocess.py:106} INFO - 26/01/29 16:43:03 INFO FileOutputCommitter: File Output Committer Algorithm version is 1
[2026-01-29T16:43:03.902+0530] {subprocess.py:106} INFO - 26/01/29 16:43:03 INFO FileOutputCommitter: FileOutputCommitter skip cleanup _temporary folders under output directory:false, ignore cleanup failures: false
[2026-01-29T16:43:03.902+0530] {subprocess.py:106} INFO - 26/01/29 16:43:03 INFO FileOutputCommitter: File Output Committer Algorithm version is 1
[2026-01-29T16:43:03.902+0530] {subprocess.py:106} INFO - 26/01/29 16:43:03 INFO FileOutputCommitter: File Output Committer Algorithm version is 1
[2026-01-29T16:43:03.903+0530] {subprocess.py:106} INFO - 26/01/29 16:43:03 INFO FileOutputCommitter: FileOutputCommitter skip cleanup _temporary folders under output directory:false, ignore cleanup failures: false
[2026-01-29T16:43:03.903+0530] {subprocess.py:106} INFO - 26/01/29 16:43:03 INFO FileOutputCommitter: FileOutputCommitter skip cleanup _temporary folders under output directory:false, ignore cleanup failures: false
[2026-01-29T16:43:03.903+0530] {subprocess.py:106} INFO - 26/01/29 16:43:03 INFO FileOutputCommitter: FileOutputCommitter skip cleanup _temporary folders under output directory:false, ignore cleanup failures: false
[2026-01-29T16:43:03.903+0530] {subprocess.py:106} INFO - 26/01/29 16:43:03 INFO SQLHadoopMapReduceCommitProtocol: Using output committer class org.apache.parquet.hadoop.ParquetOutputCommitter
[2026-01-29T16:43:03.903+0530] {subprocess.py:106} INFO - 26/01/29 16:43:03 INFO SQLHadoopMapReduceCommitProtocol: Using output committer class org.apache.parquet.hadoop.ParquetOutputCommitter
[2026-01-29T16:43:03.903+0530] {subprocess.py:106} INFO - 26/01/29 16:43:03 INFO SQLHadoopMapReduceCommitProtocol: Using output committer class org.apache.parquet.hadoop.ParquetOutputCommitter
[2026-01-29T16:43:03.903+0530] {subprocess.py:106} INFO - 26/01/29 16:43:03 INFO SQLHadoopMapReduceCommitProtocol: Using output committer class org.apache.parquet.hadoop.ParquetOutputCommitter
[2026-01-29T16:43:03.903+0530] {subprocess.py:106} INFO - 26/01/29 16:43:03 INFO ExternalAppendOnlyUnsafeRowArray: Reached spill threshold of 4096 rows, switching to org.apache.spark.util.collection.unsafe.sort.UnsafeExternalSorter
[2026-01-29T16:43:03.903+0530] {subprocess.py:106} INFO - 26/01/29 16:43:03 INFO ExternalAppendOnlyUnsafeRowArray: Reached spill threshold of 4096 rows, switching to org.apache.spark.util.collection.unsafe.sort.UnsafeExternalSorter
[2026-01-29T16:43:03.903+0530] {subprocess.py:106} INFO - 26/01/29 16:43:03 INFO ExternalAppendOnlyUnsafeRowArray: Reached spill threshold of 4096 rows, switching to org.apache.spark.util.collection.unsafe.sort.UnsafeExternalSorter
[2026-01-29T16:43:03.909+0530] {subprocess.py:106} INFO - 26/01/29 16:43:03 INFO CodeGenerator: Code generated in 3.046042 ms
[2026-01-29T16:43:03.909+0530] {subprocess.py:106} INFO - 26/01/29 16:43:03 INFO CodecConfig: Compression: SNAPPY
[2026-01-29T16:43:03.911+0530] {subprocess.py:106} INFO - 26/01/29 16:43:03 INFO CodecConfig: Compression: SNAPPY
[2026-01-29T16:43:03.912+0530] {subprocess.py:106} INFO - 26/01/29 16:43:03 INFO CodecConfig: Compression: SNAPPY
[2026-01-29T16:43:03.912+0530] {subprocess.py:106} INFO - 26/01/29 16:43:03 INFO CodecConfig: Compression: SNAPPY
[2026-01-29T16:43:03.912+0530] {subprocess.py:106} INFO - 26/01/29 16:43:03 INFO CodecConfig: Compression: SNAPPY
[2026-01-29T16:43:03.912+0530] {subprocess.py:106} INFO - 26/01/29 16:43:03 INFO CodecConfig: Compression: SNAPPY
[2026-01-29T16:43:03.912+0530] {subprocess.py:106} INFO - 26/01/29 16:43:03 INFO CodecConfig: Compression: SNAPPY
[2026-01-29T16:43:03.912+0530] {subprocess.py:106} INFO - 26/01/29 16:43:03 INFO CodecConfig: Compression: SNAPPY
[2026-01-29T16:43:03.931+0530] {subprocess.py:106} INFO - 26/01/29 16:43:03 INFO ParquetOutputFormat: ParquetRecordWriter [block size: 134217728b, row group padding size: 8388608b, validating: false]
[2026-01-29T16:43:03.932+0530] {subprocess.py:106} INFO - 26/01/29 16:43:03 INFO ParquetOutputFormat: ParquetRecordWriter [block size: 134217728b, row group padding size: 8388608b, validating: false]
[2026-01-29T16:43:03.932+0530] {subprocess.py:106} INFO - 26/01/29 16:43:03 INFO ParquetOutputFormat: ParquetRecordWriter [block size: 134217728b, row group padding size: 8388608b, validating: false]
[2026-01-29T16:43:03.932+0530] {subprocess.py:106} INFO - 26/01/29 16:43:03 INFO ParquetOutputFormat: ParquetRecordWriter [block size: 134217728b, row group padding size: 8388608b, validating: false]
[2026-01-29T16:43:03.977+0530] {subprocess.py:106} INFO - 26/01/29 16:43:03 INFO ParquetWriteSupport: Initialized Parquet WriteSupport with Catalyst schema:
[2026-01-29T16:43:03.978+0530] {subprocess.py:106} INFO - {
[2026-01-29T16:43:03.978+0530] {subprocess.py:106} INFO -   "type" : "struct",
[2026-01-29T16:43:03.978+0530] {subprocess.py:106} INFO -   "fields" : [ {
[2026-01-29T16:43:03.978+0530] {subprocess.py:106} INFO -     "name" : "city",
[2026-01-29T16:43:03.979+0530] {subprocess.py:106} INFO -     "type" : "string",
[2026-01-29T16:43:03.979+0530] {subprocess.py:106} INFO -     "nullable" : true,
[2026-01-29T16:43:03.979+0530] {subprocess.py:106} INFO -     "metadata" : { }
[2026-01-29T16:43:03.979+0530] {subprocess.py:106} INFO -   }, {
[2026-01-29T16:43:03.979+0530] {subprocess.py:106} INFO -     "name" : "date",
[2026-01-29T16:43:03.979+0530] {subprocess.py:106} INFO -     "type" : "date",
[2026-01-29T16:43:03.979+0530] {subprocess.py:106} INFO -     "nullable" : true,
[2026-01-29T16:43:03.979+0530] {subprocess.py:106} INFO -     "metadata" : { }
[2026-01-29T16:43:03.979+0530] {subprocess.py:106} INFO -   }, {
[2026-01-29T16:43:03.980+0530] {subprocess.py:106} INFO -     "name" : "temperature_2m_max",
[2026-01-29T16:43:03.980+0530] {subprocess.py:106} INFO -     "type" : "double",
[2026-01-29T16:43:03.980+0530] {subprocess.py:106} INFO -     "nullable" : true,
[2026-01-29T16:43:03.980+0530] {subprocess.py:106} INFO -     "metadata" : { }
[2026-01-29T16:43:03.980+0530] {subprocess.py:106} INFO -   }, {
[2026-01-29T16:43:03.980+0530] {subprocess.py:106} INFO -     "name" : "temperature_2m_min",
[2026-01-29T16:43:03.980+0530] {subprocess.py:106} INFO -     "type" : "double",
[2026-01-29T16:43:03.980+0530] {subprocess.py:106} INFO -     "nullable" : true,
[2026-01-29T16:43:03.980+0530] {subprocess.py:106} INFO -     "metadata" : { }
[2026-01-29T16:43:03.980+0530] {subprocess.py:106} INFO -   }, {
[2026-01-29T16:43:03.980+0530] {subprocess.py:106} INFO -     "name" : "apparent_temperature_max",
[2026-01-29T16:43:03.981+0530] {subprocess.py:106} INFO -     "type" : "double",
[2026-01-29T16:43:03.981+0530] {subprocess.py:106} INFO -     "nullable" : true,
[2026-01-29T16:43:03.981+0530] {subprocess.py:106} INFO -     "metadata" : { }
[2026-01-29T16:43:03.981+0530] {subprocess.py:106} INFO -   }, {
[2026-01-29T16:43:03.981+0530] {subprocess.py:106} INFO -     "name" : "apparent_temperature_min",
[2026-01-29T16:43:03.981+0530] {subprocess.py:106} INFO -     "type" : "double",
[2026-01-29T16:43:03.981+0530] {subprocess.py:106} INFO -     "nullable" : true,
[2026-01-29T16:43:03.981+0530] {subprocess.py:106} INFO -     "metadata" : { }
[2026-01-29T16:43:03.981+0530] {subprocess.py:106} INFO -   }, {
[2026-01-29T16:43:03.981+0530] {subprocess.py:106} INFO -     "name" : "precipitation_sum",
[2026-01-29T16:43:03.981+0530] {subprocess.py:106} INFO -     "type" : "double",
[2026-01-29T16:43:03.982+0530] {subprocess.py:106} INFO -     "nullable" : true,
[2026-01-29T16:43:03.982+0530] {subprocess.py:106} INFO -     "metadata" : { }
[2026-01-29T16:43:03.982+0530] {subprocess.py:106} INFO -   }, {
[2026-01-29T16:43:03.982+0530] {subprocess.py:106} INFO -     "name" : "rain_sum",
[2026-01-29T16:43:03.982+0530] {subprocess.py:106} INFO -     "type" : "double",
[2026-01-29T16:43:03.982+0530] {subprocess.py:106} INFO -     "nullable" : true,
[2026-01-29T16:43:03.982+0530] {subprocess.py:106} INFO -     "metadata" : { }
[2026-01-29T16:43:03.982+0530] {subprocess.py:106} INFO -   }, {
[2026-01-29T16:43:03.982+0530] {subprocess.py:106} INFO -     "name" : "weather_code",
[2026-01-29T16:43:03.982+0530] {subprocess.py:106} INFO -     "type" : "integer",
[2026-01-29T16:43:03.982+0530] {subprocess.py:106} INFO -     "nullable" : true,
[2026-01-29T16:43:03.983+0530] {subprocess.py:106} INFO -     "metadata" : { }
[2026-01-29T16:43:03.983+0530] {subprocess.py:106} INFO -   }, {
[2026-01-29T16:43:03.983+0530] {subprocess.py:106} INFO -     "name" : "wind_speed_10m_max",
[2026-01-29T16:43:03.983+0530] {subprocess.py:106} INFO -     "type" : "double",
[2026-01-29T16:43:03.983+0530] {subprocess.py:106} INFO -     "nullable" : true,
[2026-01-29T16:43:03.983+0530] {subprocess.py:106} INFO -     "metadata" : { }
[2026-01-29T16:43:03.983+0530] {subprocess.py:106} INFO -   }, {
[2026-01-29T16:43:03.983+0530] {subprocess.py:106} INFO -     "name" : "wind_gusts_10m_max",
[2026-01-29T16:43:03.983+0530] {subprocess.py:106} INFO -     "type" : "double",
[2026-01-29T16:43:03.983+0530] {subprocess.py:106} INFO -     "nullable" : true,
[2026-01-29T16:43:03.983+0530] {subprocess.py:106} INFO -     "metadata" : { }
[2026-01-29T16:43:03.984+0530] {subprocess.py:106} INFO -   }, {
[2026-01-29T16:43:03.984+0530] {subprocess.py:106} INFO -     "name" : "wind_direction_10m_dominant",
[2026-01-29T16:43:03.984+0530] {subprocess.py:106} INFO -     "type" : "integer",
[2026-01-29T16:43:03.984+0530] {subprocess.py:106} INFO -     "nullable" : true,
[2026-01-29T16:43:03.984+0530] {subprocess.py:106} INFO -     "metadata" : { }
[2026-01-29T16:43:03.984+0530] {subprocess.py:106} INFO -   }, {
[2026-01-29T16:43:03.984+0530] {subprocess.py:106} INFO -     "name" : "city_index",
[2026-01-29T16:43:03.984+0530] {subprocess.py:106} INFO -     "type" : "double",
[2026-01-29T16:43:03.984+0530] {subprocess.py:106} INFO -     "nullable" : false,
[2026-01-29T16:43:03.984+0530] {subprocess.py:106} INFO -     "metadata" : {
[2026-01-29T16:43:03.984+0530] {subprocess.py:106} INFO -       "ml_attr" : {
[2026-01-29T16:43:03.984+0530] {subprocess.py:106} INFO -         "type" : "nominal",
[2026-01-29T16:43:03.985+0530] {subprocess.py:106} INFO -         "vals" : [ "Ahmedabad", "Bangalore", "Chennai", "Delhi", "Hyderabad", "Jaipur", "Kolkata", "Lucknow", "Mumbai", "Pune", "city", "__unknown" ],
[2026-01-29T16:43:03.985+0530] {subprocess.py:106} INFO -         "name" : "city_index"
[2026-01-29T16:43:03.985+0530] {subprocess.py:106} INFO -       }
[2026-01-29T16:43:03.985+0530] {subprocess.py:106} INFO -     }
[2026-01-29T16:43:03.985+0530] {subprocess.py:106} INFO -   }, {
[2026-01-29T16:43:03.985+0530] {subprocess.py:106} INFO -     "name" : "city_vector",
[2026-01-29T16:43:03.985+0530] {subprocess.py:106} INFO -     "type" : {
[2026-01-29T16:43:03.985+0530] {subprocess.py:106} INFO -       "type" : "udt",
[2026-01-29T16:43:03.985+0530] {subprocess.py:106} INFO -       "class" : "org.apache.spark.ml.linalg.VectorUDT",
[2026-01-29T16:43:03.985+0530] {subprocess.py:106} INFO -       "pyClass" : "pyspark.ml.linalg.VectorUDT",
[2026-01-29T16:43:03.985+0530] {subprocess.py:106} INFO -       "sqlType" : {
[2026-01-29T16:43:03.985+0530] {subprocess.py:106} INFO -         "type" : "struct",
[2026-01-29T16:43:03.986+0530] {subprocess.py:106} INFO -         "fields" : [ {
[2026-01-29T16:43:03.986+0530] {subprocess.py:106} INFO -           "name" : "type",
[2026-01-29T16:43:03.986+0530] {subprocess.py:106} INFO -           "type" : "byte",
[2026-01-29T16:43:03.986+0530] {subprocess.py:106} INFO -           "nullable" : false,
[2026-01-29T16:43:03.986+0530] {subprocess.py:106} INFO -           "metadata" : { }
[2026-01-29T16:43:03.986+0530] {subprocess.py:106} INFO -         }, {
[2026-01-29T16:43:03.986+0530] {subprocess.py:106} INFO -           "name" : "size",
[2026-01-29T16:43:03.986+0530] {subprocess.py:106} INFO -           "type" : "integer",
[2026-01-29T16:43:03.986+0530] {subprocess.py:106} INFO -           "nullable" : true,
[2026-01-29T16:43:03.986+0530] {subprocess.py:106} INFO -           "metadata" : { }
[2026-01-29T16:43:03.986+0530] {subprocess.py:106} INFO -         }, {
[2026-01-29T16:43:03.987+0530] {subprocess.py:106} INFO -           "name" : "indices",
[2026-01-29T16:43:03.987+0530] {subprocess.py:106} INFO -           "type" : {
[2026-01-29T16:43:03.987+0530] {subprocess.py:106} INFO -             "type" : "array",
[2026-01-29T16:43:03.987+0530] {subprocess.py:106} INFO -             "elementType" : "integer",
[2026-01-29T16:43:03.987+0530] {subprocess.py:106} INFO -             "containsNull" : false
[2026-01-29T16:43:03.987+0530] {subprocess.py:106} INFO -           },
[2026-01-29T16:43:03.987+0530] {subprocess.py:106} INFO -           "nullable" : true,
[2026-01-29T16:43:03.987+0530] {subprocess.py:106} INFO -           "metadata" : { }
[2026-01-29T16:43:03.987+0530] {subprocess.py:106} INFO -         }, {
[2026-01-29T16:43:03.987+0530] {subprocess.py:106} INFO -           "name" : "values",
[2026-01-29T16:43:03.987+0530] {subprocess.py:106} INFO -           "type" : {
[2026-01-29T16:43:03.987+0530] {subprocess.py:106} INFO -             "type" : "array",
[2026-01-29T16:43:03.988+0530] {subprocess.py:106} INFO -             "elementType" : "double",
[2026-01-29T16:43:03.988+0530] {subprocess.py:106} INFO -             "containsNull" : false
[2026-01-29T16:43:03.988+0530] {subprocess.py:106} INFO -           },
[2026-01-29T16:43:03.988+0530] {subprocess.py:106} INFO -           "nullable" : true,
[2026-01-29T16:43:03.988+0530] {subprocess.py:106} INFO -           "metadata" : { }
[2026-01-29T16:43:03.988+0530] {subprocess.py:106} INFO -         } ]
[2026-01-29T16:43:03.988+0530] {subprocess.py:106} INFO -       }
[2026-01-29T16:43:03.988+0530] {subprocess.py:106} INFO -     },
[2026-01-29T16:43:03.988+0530] {subprocess.py:106} INFO -     "nullable" : true,
[2026-01-29T16:43:03.988+0530] {subprocess.py:106} INFO -     "metadata" : {
[2026-01-29T16:43:03.988+0530] {subprocess.py:106} INFO -       "ml_attr" : {
[2026-01-29T16:43:03.988+0530] {subprocess.py:106} INFO -         "attrs" : {
[2026-01-29T16:43:03.989+0530] {subprocess.py:106} INFO -           "binary" : [ {
[2026-01-29T16:43:03.989+0530] {subprocess.py:106} INFO -             "idx" : 0,
[2026-01-29T16:43:03.989+0530] {subprocess.py:106} INFO -             "name" : "Ahmedabad"
[2026-01-29T16:43:03.989+0530] {subprocess.py:106} INFO -           }, {
[2026-01-29T16:43:03.989+0530] {subprocess.py:106} INFO -             "idx" : 1,
[2026-01-29T16:43:03.989+0530] {subprocess.py:106} INFO -             "name" : "Bangalore"
[2026-01-29T16:43:03.989+0530] {subprocess.py:106} INFO -           }, {
[2026-01-29T16:43:03.989+0530] {subprocess.py:106} INFO -             "idx" : 2,
[2026-01-29T16:43:03.989+0530] {subprocess.py:106} INFO -             "name" : "Chennai"
[2026-01-29T16:43:03.989+0530] {subprocess.py:106} INFO -           }, {
[2026-01-29T16:43:03.989+0530] {subprocess.py:106} INFO -             "idx" : 3,
[2026-01-29T16:43:03.990+0530] {subprocess.py:106} INFO -             "name" : "Delhi"
[2026-01-29T16:43:03.990+0530] {subprocess.py:106} INFO -           }, {
[2026-01-29T16:43:03.990+0530] {subprocess.py:106} INFO -             "idx" : 4,
[2026-01-29T16:43:03.990+0530] {subprocess.py:106} INFO -             "name" : "Hyderabad"
[2026-01-29T16:43:03.990+0530] {subprocess.py:106} INFO -           }, {
[2026-01-29T16:43:03.990+0530] {subprocess.py:106} INFO -             "idx" : 5,
[2026-01-29T16:43:03.990+0530] {subprocess.py:106} INFO -             "name" : "Jaipur"
[2026-01-29T16:43:03.990+0530] {subprocess.py:106} INFO -           }, {
[2026-01-29T16:43:03.990+0530] {subprocess.py:106} INFO -             "idx" : 6,
[2026-01-29T16:43:03.990+0530] {subprocess.py:106} INFO -             "name" : "Kolkata"
[2026-01-29T16:43:03.990+0530] {subprocess.py:106} INFO -           }, {
[2026-01-29T16:43:03.990+0530] {subprocess.py:106} INFO -             "idx" : 7,
[2026-01-29T16:43:03.991+0530] {subprocess.py:106} INFO -             "name" : "Lucknow"
[2026-01-29T16:43:03.991+0530] {subprocess.py:106} INFO -           }, {
[2026-01-29T16:43:03.991+0530] {subprocess.py:106} INFO -             "idx" : 8,
[2026-01-29T16:43:03.991+0530] {subprocess.py:106} INFO -             "name" : "Mumbai"
[2026-01-29T16:43:03.991+0530] {subprocess.py:106} INFO -           }, {
[2026-01-29T16:43:03.991+0530] {subprocess.py:106} INFO -             "idx" : 9,
[2026-01-29T16:43:03.991+0530] {subprocess.py:106} INFO -             "name" : "Pune"
[2026-01-29T16:43:03.991+0530] {subprocess.py:106} INFO -           }, {
[2026-01-29T16:43:03.991+0530] {subprocess.py:106} INFO -             "idx" : 10,
[2026-01-29T16:43:03.991+0530] {subprocess.py:106} INFO -             "name" : "city"
[2026-01-29T16:43:03.991+0530] {subprocess.py:106} INFO -           } ]
[2026-01-29T16:43:03.992+0530] {subprocess.py:106} INFO -         },
[2026-01-29T16:43:03.992+0530] {subprocess.py:106} INFO -         "num_attrs" : 11
[2026-01-29T16:43:03.992+0530] {subprocess.py:106} INFO -       }
[2026-01-29T16:43:03.992+0530] {subprocess.py:106} INFO -     }
[2026-01-29T16:43:03.992+0530] {subprocess.py:106} INFO -   }, {
[2026-01-29T16:43:03.992+0530] {subprocess.py:106} INFO -     "name" : "rain_sum_log",
[2026-01-29T16:43:03.992+0530] {subprocess.py:106} INFO -     "type" : "double",
[2026-01-29T16:43:03.992+0530] {subprocess.py:106} INFO -     "nullable" : true,
[2026-01-29T16:43:03.992+0530] {subprocess.py:106} INFO -     "metadata" : { }
[2026-01-29T16:43:03.992+0530] {subprocess.py:106} INFO -   }, {
[2026-01-29T16:43:03.992+0530] {subprocess.py:106} INFO -     "name" : "precipitation_sum_log",
[2026-01-29T16:43:03.992+0530] {subprocess.py:106} INFO -     "type" : "double",
[2026-01-29T16:43:03.993+0530] {subprocess.py:106} INFO -     "nullable" : true,
[2026-01-29T16:43:03.993+0530] {subprocess.py:106} INFO -     "metadata" : { }
[2026-01-29T16:43:03.993+0530] {subprocess.py:106} INFO -   }, {
[2026-01-29T16:43:03.993+0530] {subprocess.py:106} INFO -     "name" : "day",
[2026-01-29T16:43:03.993+0530] {subprocess.py:106} INFO -     "type" : "integer",
[2026-01-29T16:43:03.993+0530] {subprocess.py:106} INFO -     "nullable" : true,
[2026-01-29T16:43:03.993+0530] {subprocess.py:106} INFO -     "metadata" : { }
[2026-01-29T16:43:03.993+0530] {subprocess.py:106} INFO -   }, {
[2026-01-29T16:43:03.993+0530] {subprocess.py:106} INFO -     "name" : "month",
[2026-01-29T16:43:03.993+0530] {subprocess.py:106} INFO -     "type" : "integer",
[2026-01-29T16:43:03.993+0530] {subprocess.py:106} INFO -     "nullable" : true,
[2026-01-29T16:43:03.994+0530] {subprocess.py:106} INFO -     "metadata" : { }
[2026-01-29T16:43:03.994+0530] {subprocess.py:106} INFO -   }, {
[2026-01-29T16:43:03.994+0530] {subprocess.py:106} INFO -     "name" : "day_of_week",
[2026-01-29T16:43:03.994+0530] {subprocess.py:106} INFO -     "type" : "integer",
[2026-01-29T16:43:03.994+0530] {subprocess.py:106} INFO -     "nullable" : true,
[2026-01-29T16:43:03.994+0530] {subprocess.py:106} INFO -     "metadata" : { }
[2026-01-29T16:43:03.994+0530] {subprocess.py:106} INFO -   }, {
[2026-01-29T16:43:03.994+0530] {subprocess.py:106} INFO -     "name" : "year",
[2026-01-29T16:43:03.994+0530] {subprocess.py:106} INFO -     "type" : "integer",
[2026-01-29T16:43:03.994+0530] {subprocess.py:106} INFO -     "nullable" : true,
[2026-01-29T16:43:03.994+0530] {subprocess.py:106} INFO -     "metadata" : { }
[2026-01-29T16:43:03.994+0530] {subprocess.py:106} INFO -   }, {
[2026-01-29T16:43:03.995+0530] {subprocess.py:106} INFO -     "name" : "temp_lag_1",
[2026-01-29T16:43:03.995+0530] {subprocess.py:106} INFO -     "type" : "double",
[2026-01-29T16:43:03.995+0530] {subprocess.py:106} INFO -     "nullable" : true,
[2026-01-29T16:43:03.995+0530] {subprocess.py:106} INFO -     "metadata" : { }
[2026-01-29T16:43:03.995+0530] {subprocess.py:106} INFO -   }, {
[2026-01-29T16:43:03.995+0530] {subprocess.py:106} INFO -     "name" : "temp_lag_2",
[2026-01-29T16:43:03.995+0530] {subprocess.py:106} INFO -     "type" : "double",
[2026-01-29T16:43:03.995+0530] {subprocess.py:106} INFO -     "nullable" : true,
[2026-01-29T16:43:03.995+0530] {subprocess.py:106} INFO -     "metadata" : { }
[2026-01-29T16:43:03.995+0530] {subprocess.py:106} INFO -   }, {
[2026-01-29T16:43:03.996+0530] {subprocess.py:106} INFO -     "name" : "temp_rolling_3",
[2026-01-29T16:43:03.996+0530] {subprocess.py:106} INFO -     "type" : "double",
[2026-01-29T16:43:03.996+0530] {subprocess.py:106} INFO -     "nullable" : true,
[2026-01-29T16:43:03.996+0530] {subprocess.py:106} INFO -     "metadata" : { }
[2026-01-29T16:43:03.996+0530] {subprocess.py:106} INFO -   }, {
[2026-01-29T16:43:03.996+0530] {subprocess.py:106} INFO -     "name" : "features",
[2026-01-29T16:43:03.996+0530] {subprocess.py:106} INFO -     "type" : {
[2026-01-29T16:43:03.996+0530] {subprocess.py:106} INFO -       "type" : "udt",
[2026-01-29T16:43:03.996+0530] {subprocess.py:106} INFO -       "class" : "org.apache.spark.ml.linalg.VectorUDT",
[2026-01-29T16:43:03.996+0530] {subprocess.py:106} INFO -       "pyClass" : "pyspark.ml.linalg.VectorUDT",
[2026-01-29T16:43:03.996+0530] {subprocess.py:106} INFO -       "sqlType" : {
[2026-01-29T16:43:03.997+0530] {subprocess.py:106} INFO -         "type" : "struct",
[2026-01-29T16:43:03.997+0530] {subprocess.py:106} INFO -         "fields" : [ {
[2026-01-29T16:43:03.997+0530] {subprocess.py:106} INFO -           "name" : "type",
[2026-01-29T16:43:03.997+0530] {subprocess.py:106} INFO -           "type" : "byte",
[2026-01-29T16:43:03.997+0530] {subprocess.py:106} INFO -           "nullable" : false,
[2026-01-29T16:43:03.997+0530] {subprocess.py:106} INFO -           "metadata" : { }
[2026-01-29T16:43:03.997+0530] {subprocess.py:106} INFO -         }, {
[2026-01-29T16:43:03.997+0530] {subprocess.py:106} INFO -           "name" : "size",
[2026-01-29T16:43:03.998+0530] {subprocess.py:106} INFO -           "type" : "integer",
[2026-01-29T16:43:03.998+0530] {subprocess.py:106} INFO -           "nullable" : true,
[2026-01-29T16:43:03.998+0530] {subprocess.py:106} INFO -           "metadata" : { }
[2026-01-29T16:43:03.998+0530] {subprocess.py:106} INFO -         }, {
[2026-01-29T16:43:03.998+0530] {subprocess.py:106} INFO -           "name" : "indices",
[2026-01-29T16:43:03.998+0530] {subprocess.py:106} INFO -           "type" : {
[2026-01-29T16:43:03.998+0530] {subprocess.py:106} INFO -             "type" : "array",
[2026-01-29T16:43:03.998+0530] {subprocess.py:106} INFO -             "elementType" : "integer",
[2026-01-29T16:43:03.998+0530] {subprocess.py:106} INFO -             "containsNull" : false
[2026-01-29T16:43:03.998+0530] {subprocess.py:106} INFO -           },
[2026-01-29T16:43:03.999+0530] {subprocess.py:106} INFO -           "nullable" : true,
[2026-01-29T16:43:03.999+0530] {subprocess.py:106} INFO -           "metadata" : { }
[2026-01-29T16:43:03.999+0530] {subprocess.py:106} INFO -         }, {
[2026-01-29T16:43:03.999+0530] {subprocess.py:106} INFO -           "name" : "values",
[2026-01-29T16:43:03.999+0530] {subprocess.py:106} INFO -           "type" : {
[2026-01-29T16:43:03.999+0530] {subprocess.py:106} INFO -             "type" : "array",
[2026-01-29T16:43:03.999+0530] {subprocess.py:106} INFO -             "elementType" : "double",
[2026-01-29T16:43:03.999+0530] {subprocess.py:106} INFO -             "containsNull" : false
[2026-01-29T16:43:03.999+0530] {subprocess.py:106} INFO -           },
[2026-01-29T16:43:03.999+0530] {subprocess.py:106} INFO -           "nullable" : true,
[2026-01-29T16:43:03.999+0530] {subprocess.py:106} INFO -           "metadata" : { }
[2026-01-29T16:43:04.000+0530] {subprocess.py:106} INFO -         } ]
[2026-01-29T16:43:04.000+0530] {subprocess.py:106} INFO -       }
[2026-01-29T16:43:04.000+0530] {subprocess.py:106} INFO -     },
[2026-01-29T16:43:04.000+0530] {subprocess.py:106} INFO -     "nullable" : true,
[2026-01-29T16:43:04.000+0530] {subprocess.py:106} INFO -     "metadata" : {
[2026-01-29T16:43:04.000+0530] {subprocess.py:106} INFO -       "ml_attr" : {
[2026-01-29T16:43:04.000+0530] {subprocess.py:106} INFO -         "attrs" : {
[2026-01-29T16:43:04.000+0530] {subprocess.py:106} INFO -           "numeric" : [ {
[2026-01-29T16:43:04.000+0530] {subprocess.py:106} INFO -             "idx" : 0,
[2026-01-29T16:43:04.000+0530] {subprocess.py:106} INFO -             "name" : "temperature_2m_max"
[2026-01-29T16:43:04.000+0530] {subprocess.py:106} INFO -           }, {
[2026-01-29T16:43:04.000+0530] {subprocess.py:106} INFO -             "idx" : 1,
[2026-01-29T16:43:04.001+0530] {subprocess.py:106} INFO -             "name" : "temperature_2m_min"
[2026-01-29T16:43:04.001+0530] {subprocess.py:106} INFO -           }, {
[2026-01-29T16:43:04.001+0530] {subprocess.py:106} INFO -             "idx" : 2,
[2026-01-29T16:43:04.001+0530] {subprocess.py:106} INFO -             "name" : "apparent_temperature_max"
[2026-01-29T16:43:04.001+0530] {subprocess.py:106} INFO -           }, {
[2026-01-29T16:43:04.001+0530] {subprocess.py:106} INFO -             "idx" : 3,
[2026-01-29T16:43:04.001+0530] {subprocess.py:106} INFO -             "name" : "apparent_temperature_min"
[2026-01-29T16:43:04.001+0530] {subprocess.py:106} INFO -           }, {
[2026-01-29T16:43:04.001+0530] {subprocess.py:106} INFO -             "idx" : 4,
[2026-01-29T16:43:04.001+0530] {subprocess.py:106} INFO -             "name" : "wind_speed_10m_max"
[2026-01-29T16:43:04.001+0530] {subprocess.py:106} INFO -           }, {
[2026-01-29T16:43:04.001+0530] {subprocess.py:106} INFO -             "idx" : 5,
[2026-01-29T16:43:04.002+0530] {subprocess.py:106} INFO -             "name" : "wind_gusts_10m_max"
[2026-01-29T16:43:04.002+0530] {subprocess.py:106} INFO -           }, {
[2026-01-29T16:43:04.002+0530] {subprocess.py:106} INFO -             "idx" : 6,
[2026-01-29T16:43:04.002+0530] {subprocess.py:106} INFO -             "name" : "rain_sum_log"
[2026-01-29T16:43:04.002+0530] {subprocess.py:106} INFO -           }, {
[2026-01-29T16:43:04.002+0530] {subprocess.py:106} INFO -             "idx" : 7,
[2026-01-29T16:43:04.002+0530] {subprocess.py:106} INFO -             "name" : "temp_lag_1"
[2026-01-29T16:43:04.002+0530] {subprocess.py:106} INFO -           }, {
[2026-01-29T16:43:04.002+0530] {subprocess.py:106} INFO -             "idx" : 8,
[2026-01-29T16:43:04.002+0530] {subprocess.py:106} INFO -             "name" : "temp_lag_2"
[2026-01-29T16:43:04.002+0530] {subprocess.py:106} INFO -           }, {
[2026-01-29T16:43:04.003+0530] {subprocess.py:106} INFO -             "idx" : 9,
[2026-01-29T16:43:04.003+0530] {subprocess.py:106} INFO -             "name" : "temp_rolling_3"
[2026-01-29T16:43:04.003+0530] {subprocess.py:106} INFO -           } ]
[2026-01-29T16:43:04.003+0530] {subprocess.py:106} INFO -         },
[2026-01-29T16:43:04.003+0530] {subprocess.py:106} INFO -         "num_attrs" : 10
[2026-01-29T16:43:04.003+0530] {subprocess.py:106} INFO -       }
[2026-01-29T16:43:04.003+0530] {subprocess.py:106} INFO -     }
[2026-01-29T16:43:04.003+0530] {subprocess.py:106} INFO -   }, {
[2026-01-29T16:43:04.003+0530] {subprocess.py:106} INFO -     "name" : "scaled_features",
[2026-01-29T16:43:04.003+0530] {subprocess.py:106} INFO -     "type" : {
[2026-01-29T16:43:04.003+0530] {subprocess.py:106} INFO -       "type" : "udt",
[2026-01-29T16:43:04.003+0530] {subprocess.py:106} INFO -       "class" : "org.apache.spark.ml.linalg.VectorUDT",
[2026-01-29T16:43:04.004+0530] {subprocess.py:106} INFO -       "pyClass" : "pyspark.ml.linalg.VectorUDT",
[2026-01-29T16:43:04.004+0530] {subprocess.py:106} INFO -       "sqlType" : {
[2026-01-29T16:43:04.004+0530] {subprocess.py:106} INFO -         "type" : "struct",
[2026-01-29T16:43:04.004+0530] {subprocess.py:106} INFO -         "fields" : [ {
[2026-01-29T16:43:04.004+0530] {subprocess.py:106} INFO -           "name" : "type",
[2026-01-29T16:43:04.004+0530] {subprocess.py:106} INFO -           "type" : "byte",
[2026-01-29T16:43:04.004+0530] {subprocess.py:106} INFO -           "nullable" : false,
[2026-01-29T16:43:04.004+0530] {subprocess.py:106} INFO -           "metadata" : { }
[2026-01-29T16:43:04.004+0530] {subprocess.py:106} INFO -         }, {
[2026-01-29T16:43:04.004+0530] {subprocess.py:106} INFO -           "name" : "size",
[2026-01-29T16:43:04.004+0530] {subprocess.py:106} INFO -           "type" : "integer",
[2026-01-29T16:43:04.005+0530] {subprocess.py:106} INFO -           "nullable" : true,
[2026-01-29T16:43:04.005+0530] {subprocess.py:106} INFO -           "metadata" : { }
[2026-01-29T16:43:04.005+0530] {subprocess.py:106} INFO -         }, {
[2026-01-29T16:43:04.005+0530] {subprocess.py:106} INFO -           "name" : "indices",
[2026-01-29T16:43:04.005+0530] {subprocess.py:106} INFO -           "type" : {
[2026-01-29T16:43:04.005+0530] {subprocess.py:106} INFO -             "type" : "array",
[2026-01-29T16:43:04.005+0530] {subprocess.py:106} INFO -             "elementType" : "integer",
[2026-01-29T16:43:04.005+0530] {subprocess.py:106} INFO -             "containsNull" : false
[2026-01-29T16:43:04.005+0530] {subprocess.py:106} INFO -           },
[2026-01-29T16:43:04.005+0530] {subprocess.py:106} INFO -           "nullable" : true,
[2026-01-29T16:43:04.005+0530] {subprocess.py:106} INFO -           "metadata" : { }
[2026-01-29T16:43:04.005+0530] {subprocess.py:106} INFO -         }, {
[2026-01-29T16:43:04.006+0530] {subprocess.py:106} INFO -           "name" : "values",
[2026-01-29T16:43:04.006+0530] {subprocess.py:106} INFO -           "type" : {
[2026-01-29T16:43:04.006+0530] {subprocess.py:106} INFO -             "type" : "array",
[2026-01-29T16:43:04.006+0530] {subprocess.py:106} INFO -             "elementType" : "double",
[2026-01-29T16:43:04.006+0530] {subprocess.py:106} INFO -             "containsNull" : false
[2026-01-29T16:43:04.006+0530] {subprocess.py:106} INFO -           },
[2026-01-29T16:43:04.006+0530] {subprocess.py:106} INFO -           "nullable" : true,
[2026-01-29T16:43:04.006+0530] {subprocess.py:106} INFO -           "metadata" : { }
[2026-01-29T16:43:04.006+0530] {subprocess.py:106} INFO -         } ]
[2026-01-29T16:43:04.006+0530] {subprocess.py:106} INFO -       }
[2026-01-29T16:43:04.006+0530] {subprocess.py:106} INFO -     },
[2026-01-29T16:43:04.006+0530] {subprocess.py:106} INFO -     "nullable" : true,
[2026-01-29T16:43:04.007+0530] {subprocess.py:106} INFO -     "metadata" : {
[2026-01-29T16:43:04.007+0530] {subprocess.py:106} INFO -       "ml_attr" : {
[2026-01-29T16:43:04.007+0530] {subprocess.py:106} INFO -         "num_attrs" : 10
[2026-01-29T16:43:04.007+0530] {subprocess.py:106} INFO -       }
[2026-01-29T16:43:04.007+0530] {subprocess.py:106} INFO -     }
[2026-01-29T16:43:04.007+0530] {subprocess.py:106} INFO -   } ]
[2026-01-29T16:43:04.007+0530] {subprocess.py:106} INFO - }
[2026-01-29T16:43:04.007+0530] {subprocess.py:106} INFO - and corresponding Parquet message type:
[2026-01-29T16:43:04.007+0530] {subprocess.py:106} INFO - message spark_schema {
[2026-01-29T16:43:04.007+0530] {subprocess.py:106} INFO -   optional binary city (STRING);
[2026-01-29T16:43:04.007+0530] {subprocess.py:106} INFO -   optional int32 date (DATE);
[2026-01-29T16:43:04.007+0530] {subprocess.py:106} INFO -   optional double temperature_2m_max;
[2026-01-29T16:43:04.008+0530] {subprocess.py:106} INFO -   optional double temperature_2m_min;
[2026-01-29T16:43:04.008+0530] {subprocess.py:106} INFO -   optional double apparent_temperature_max;
[2026-01-29T16:43:04.008+0530] {subprocess.py:106} INFO -   optional double apparent_temperature_min;
[2026-01-29T16:43:04.008+0530] {subprocess.py:106} INFO -   optional double precipitation_sum;
[2026-01-29T16:43:04.008+0530] {subprocess.py:106} INFO -   optional double rain_sum;
[2026-01-29T16:43:04.008+0530] {subprocess.py:106} INFO -   optional int32 weather_code;
[2026-01-29T16:43:04.008+0530] {subprocess.py:106} INFO -   optional double wind_speed_10m_max;
[2026-01-29T16:43:04.008+0530] {subprocess.py:106} INFO -   optional double wind_gusts_10m_max;
[2026-01-29T16:43:04.008+0530] {subprocess.py:106} INFO -   optional int32 wind_direction_10m_dominant;
[2026-01-29T16:43:04.008+0530] {subprocess.py:106} INFO -   required double city_index;
[2026-01-29T16:43:04.008+0530] {subprocess.py:106} INFO -   optional group city_vector {
[2026-01-29T16:43:04.009+0530] {subprocess.py:106} INFO -     required int32 type (INTEGER(8,true));
[2026-01-29T16:43:04.009+0530] {subprocess.py:106} INFO -     optional int32 size;
[2026-01-29T16:43:04.009+0530] {subprocess.py:106} INFO -     optional group indices (LIST) {
[2026-01-29T16:43:04.009+0530] {subprocess.py:106} INFO -       repeated group list {
[2026-01-29T16:43:04.009+0530] {subprocess.py:106} INFO -         required int32 element;
[2026-01-29T16:43:04.009+0530] {subprocess.py:106} INFO -       }
[2026-01-29T16:43:04.009+0530] {subprocess.py:106} INFO -     }
[2026-01-29T16:43:04.009+0530] {subprocess.py:106} INFO -     optional group values (LIST) {
[2026-01-29T16:43:04.009+0530] {subprocess.py:106} INFO -       repeated group list {
[2026-01-29T16:43:04.009+0530] {subprocess.py:106} INFO -         required double element;
[2026-01-29T16:43:04.009+0530] {subprocess.py:106} INFO -       }
[2026-01-29T16:43:04.009+0530] {subprocess.py:106} INFO -     }
[2026-01-29T16:43:04.010+0530] {subprocess.py:106} INFO -   }
[2026-01-29T16:43:04.010+0530] {subprocess.py:106} INFO -   optional double rain_sum_log;
[2026-01-29T16:43:04.010+0530] {subprocess.py:106} INFO -   optional double precipitation_sum_log;
[2026-01-29T16:43:04.010+0530] {subprocess.py:106} INFO -   optional int32 day;
[2026-01-29T16:43:04.010+0530] {subprocess.py:106} INFO -   optional int32 month;
[2026-01-29T16:43:04.010+0530] {subprocess.py:106} INFO -   optional int32 day_of_week;
[2026-01-29T16:43:04.010+0530] {subprocess.py:106} INFO -   optional int32 year;
[2026-01-29T16:43:04.010+0530] {subprocess.py:106} INFO -   optional double temp_lag_1;
[2026-01-29T16:43:04.010+0530] {subprocess.py:106} INFO -   optional double temp_lag_2;
[2026-01-29T16:43:04.010+0530] {subprocess.py:106} INFO -   optional double temp_rolling_3;
[2026-01-29T16:43:04.011+0530] {subprocess.py:106} INFO -   optional group features {
[2026-01-29T16:43:04.011+0530] {subprocess.py:106} INFO -     required int32 type (INTEGER(8,true));
[2026-01-29T16:43:04.011+0530] {subprocess.py:106} INFO -     optional int32 size;
[2026-01-29T16:43:04.011+0530] {subprocess.py:106} INFO -     optional group indices (LIST) {
[2026-01-29T16:43:04.011+0530] {subprocess.py:106} INFO -       repeated group list {
[2026-01-29T16:43:04.011+0530] {subprocess.py:106} INFO -         required int32 element;
[2026-01-29T16:43:04.011+0530] {subprocess.py:106} INFO -       }
[2026-01-29T16:43:04.011+0530] {subprocess.py:106} INFO -     }
[2026-01-29T16:43:04.011+0530] {subprocess.py:106} INFO -     optional group values (LIST) {
[2026-01-29T16:43:04.011+0530] {subprocess.py:106} INFO -       repeated group list {
[2026-01-29T16:43:04.011+0530] {subprocess.py:106} INFO -         required double element;
[2026-01-29T16:43:04.011+0530] {subprocess.py:106} INFO -       }
[2026-01-29T16:43:04.012+0530] {subprocess.py:106} INFO -     }
[2026-01-29T16:43:04.012+0530] {subprocess.py:106} INFO -   }
[2026-01-29T16:43:04.012+0530] {subprocess.py:106} INFO -   optional group scaled_features {
[2026-01-29T16:43:04.012+0530] {subprocess.py:106} INFO -     required int32 type (INTEGER(8,true));
[2026-01-29T16:43:04.012+0530] {subprocess.py:106} INFO -     optional int32 size;
[2026-01-29T16:43:04.012+0530] {subprocess.py:106} INFO -     optional group indices (LIST) {
[2026-01-29T16:43:04.012+0530] {subprocess.py:106} INFO -       repeated group list {
[2026-01-29T16:43:04.012+0530] {subprocess.py:106} INFO -         required int32 element;
[2026-01-29T16:43:04.012+0530] {subprocess.py:106} INFO -       }
[2026-01-29T16:43:04.012+0530] {subprocess.py:106} INFO -     }
[2026-01-29T16:43:04.012+0530] {subprocess.py:106} INFO -     optional group values (LIST) {
[2026-01-29T16:43:04.012+0530] {subprocess.py:106} INFO -       repeated group list {
[2026-01-29T16:43:04.013+0530] {subprocess.py:106} INFO -         required double element;
[2026-01-29T16:43:04.013+0530] {subprocess.py:106} INFO -       }
[2026-01-29T16:43:04.013+0530] {subprocess.py:106} INFO -     }
[2026-01-29T16:43:04.013+0530] {subprocess.py:106} INFO -   }
[2026-01-29T16:43:04.013+0530] {subprocess.py:106} INFO - }
[2026-01-29T16:43:04.013+0530] {subprocess.py:106} INFO - 
[2026-01-29T16:43:04.013+0530] {subprocess.py:106} INFO - 
[2026-01-29T16:43:04.013+0530] {subprocess.py:106} INFO - 26/01/29 16:43:03 INFO ParquetWriteSupport: Initialized Parquet WriteSupport with Catalyst schema:
[2026-01-29T16:43:04.013+0530] {subprocess.py:106} INFO - {
[2026-01-29T16:43:04.013+0530] {subprocess.py:106} INFO -   "type" : "struct",
[2026-01-29T16:43:04.014+0530] {subprocess.py:106} INFO -   "fields" : [ {
[2026-01-29T16:43:04.014+0530] {subprocess.py:106} INFO -     "name" : "city",
[2026-01-29T16:43:04.014+0530] {subprocess.py:106} INFO -     "type" : "string",
[2026-01-29T16:43:04.014+0530] {subprocess.py:106} INFO -     "nullable" : true,
[2026-01-29T16:43:04.014+0530] {subprocess.py:106} INFO -     "metadata" : { }
[2026-01-29T16:43:04.014+0530] {subprocess.py:106} INFO -   }, {
[2026-01-29T16:43:04.014+0530] {subprocess.py:106} INFO -     "name" : "date",
[2026-01-29T16:43:04.014+0530] {subprocess.py:106} INFO -     "type" : "date",
[2026-01-29T16:43:04.015+0530] {subprocess.py:106} INFO -     "nullable" : true,
[2026-01-29T16:43:04.015+0530] {subprocess.py:106} INFO -     "metadata" : { }
[2026-01-29T16:43:04.015+0530] {subprocess.py:106} INFO -   }, {
[2026-01-29T16:43:04.015+0530] {subprocess.py:106} INFO -     "name" : "temperature_2m_max",
[2026-01-29T16:43:04.015+0530] {subprocess.py:106} INFO -     "type" : "double",
[2026-01-29T16:43:04.015+0530] {subprocess.py:106} INFO -     "nullable" : true,
[2026-01-29T16:43:04.015+0530] {subprocess.py:106} INFO -     "metadata" : { }
[2026-01-29T16:43:04.015+0530] {subprocess.py:106} INFO -   }, {
[2026-01-29T16:43:04.015+0530] {subprocess.py:106} INFO -     "name" : "temperature_2m_min",
[2026-01-29T16:43:04.015+0530] {subprocess.py:106} INFO -     "type" : "double",
[2026-01-29T16:43:04.016+0530] {subprocess.py:106} INFO -     "nullable" : true,
[2026-01-29T16:43:04.016+0530] {subprocess.py:106} INFO -     "metadata" : { }
[2026-01-29T16:43:04.016+0530] {subprocess.py:106} INFO -   }, {
[2026-01-29T16:43:04.016+0530] {subprocess.py:106} INFO -     "name" : "apparent_temperature_max",
[2026-01-29T16:43:04.016+0530] {subprocess.py:106} INFO -     "type" : "double",
[2026-01-29T16:43:04.016+0530] {subprocess.py:106} INFO -     "nullable" : true,
[2026-01-29T16:43:04.016+0530] {subprocess.py:106} INFO -     "metadata" : { }
[2026-01-29T16:43:04.016+0530] {subprocess.py:106} INFO -   }, {
[2026-01-29T16:43:04.016+0530] {subprocess.py:106} INFO -     "name" : "apparent_temperature_min",
[2026-01-29T16:43:04.016+0530] {subprocess.py:106} INFO -     "type" : "double",
[2026-01-29T16:43:04.016+0530] {subprocess.py:106} INFO -     "nullable" : true,
[2026-01-29T16:43:04.016+0530] {subprocess.py:106} INFO -     "metadata" : { }
[2026-01-29T16:43:04.017+0530] {subprocess.py:106} INFO -   }, {
[2026-01-29T16:43:04.017+0530] {subprocess.py:106} INFO -     "name" : "precipitation_sum",
[2026-01-29T16:43:04.017+0530] {subprocess.py:106} INFO -     "type" : "double",
[2026-01-29T16:43:04.017+0530] {subprocess.py:106} INFO -     "nullable" : true,
[2026-01-29T16:43:04.017+0530] {subprocess.py:106} INFO -     "metadata" : { }
[2026-01-29T16:43:04.017+0530] {subprocess.py:106} INFO -   }, {
[2026-01-29T16:43:04.017+0530] {subprocess.py:106} INFO -     "name" : "rain_sum",
[2026-01-29T16:43:04.017+0530] {subprocess.py:106} INFO -     "type" : "double",
[2026-01-29T16:43:04.017+0530] {subprocess.py:106} INFO -     "nullable" : true,
[2026-01-29T16:43:04.017+0530] {subprocess.py:106} INFO -     "metadata" : { }
[2026-01-29T16:43:04.017+0530] {subprocess.py:106} INFO -   }, {
[2026-01-29T16:43:04.018+0530] {subprocess.py:106} INFO -     "name" : "weather_code",
[2026-01-29T16:43:04.018+0530] {subprocess.py:106} INFO -     "type" : "integer",
[2026-01-29T16:43:04.018+0530] {subprocess.py:106} INFO -     "nullable" : true,
[2026-01-29T16:43:04.018+0530] {subprocess.py:106} INFO -     "metadata" : { }
[2026-01-29T16:43:04.018+0530] {subprocess.py:106} INFO -   }, {
[2026-01-29T16:43:04.018+0530] {subprocess.py:106} INFO -     "name" : "wind_speed_10m_max",
[2026-01-29T16:43:04.018+0530] {subprocess.py:106} INFO -     "type" : "double",
[2026-01-29T16:43:04.018+0530] {subprocess.py:106} INFO -     "nullable" : true,
[2026-01-29T16:43:04.018+0530] {subprocess.py:106} INFO -     "metadata" : { }
[2026-01-29T16:43:04.018+0530] {subprocess.py:106} INFO -   }, {
[2026-01-29T16:43:04.018+0530] {subprocess.py:106} INFO -     "name" : "wind_gusts_10m_max",
[2026-01-29T16:43:04.018+0530] {subprocess.py:106} INFO -     "type" : "double",
[2026-01-29T16:43:04.019+0530] {subprocess.py:106} INFO -     "nullable" : true,
[2026-01-29T16:43:04.019+0530] {subprocess.py:106} INFO -     "metadata" : { }
[2026-01-29T16:43:04.019+0530] {subprocess.py:106} INFO -   }, {
[2026-01-29T16:43:04.019+0530] {subprocess.py:106} INFO -     "name" : "wind_direction_10m_dominant",
[2026-01-29T16:43:04.019+0530] {subprocess.py:106} INFO -     "type" : "integer",
[2026-01-29T16:43:04.019+0530] {subprocess.py:106} INFO -     "nullable" : true,
[2026-01-29T16:43:04.019+0530] {subprocess.py:106} INFO -     "metadata" : { }
[2026-01-29T16:43:04.019+0530] {subprocess.py:106} INFO -   }, {
[2026-01-29T16:43:04.019+0530] {subprocess.py:106} INFO -     "name" : "city_index",
[2026-01-29T16:43:04.019+0530] {subprocess.py:106} INFO -     "type" : "double",
[2026-01-29T16:43:04.019+0530] {subprocess.py:106} INFO -     "nullable" : false,
[2026-01-29T16:43:04.019+0530] {subprocess.py:106} INFO -     "metadata" : {
[2026-01-29T16:43:04.020+0530] {subprocess.py:106} INFO -       "ml_attr" : {
[2026-01-29T16:43:04.020+0530] {subprocess.py:106} INFO -         "type" : "nominal",
[2026-01-29T16:43:04.020+0530] {subprocess.py:106} INFO -         "vals" : [ "Ahmedabad", "Bangalore", "Chennai", "Delhi", "Hyderabad", "Jaipur", "Kolkata", "Lucknow", "Mumbai", "Pune", "city", "__unknown" ],
[2026-01-29T16:43:04.020+0530] {subprocess.py:106} INFO -         "name" : "city_index"
[2026-01-29T16:43:04.020+0530] {subprocess.py:106} INFO -       }
[2026-01-29T16:43:04.020+0530] {subprocess.py:106} INFO -     }
[2026-01-29T16:43:04.020+0530] {subprocess.py:106} INFO -   }, {
[2026-01-29T16:43:04.020+0530] {subprocess.py:106} INFO -     "name" : "city_vector",
[2026-01-29T16:43:04.020+0530] {subprocess.py:106} INFO -     "type" : {
[2026-01-29T16:43:04.020+0530] {subprocess.py:106} INFO -       "type" : "udt",
[2026-01-29T16:43:04.020+0530] {subprocess.py:106} INFO -       "class" : "org.apache.spark.ml.linalg.VectorUDT",
[2026-01-29T16:43:04.020+0530] {subprocess.py:106} INFO -       "pyClass" : "pyspark.ml.linalg.VectorUDT",
[2026-01-29T16:43:04.021+0530] {subprocess.py:106} INFO -       "sqlType" : {
[2026-01-29T16:43:04.021+0530] {subprocess.py:106} INFO -         "type" : "struct",
[2026-01-29T16:43:04.021+0530] {subprocess.py:106} INFO -         "fields" : [ {
[2026-01-29T16:43:04.021+0530] {subprocess.py:106} INFO -           "name" : "type",
[2026-01-29T16:43:04.021+0530] {subprocess.py:106} INFO -           "type" : "byte",
[2026-01-29T16:43:04.021+0530] {subprocess.py:106} INFO -           "nullable" : false,
[2026-01-29T16:43:04.021+0530] {subprocess.py:106} INFO -           "metadata" : { }
[2026-01-29T16:43:04.021+0530] {subprocess.py:106} INFO -         }, {
[2026-01-29T16:43:04.021+0530] {subprocess.py:106} INFO -           "name" : "size",
[2026-01-29T16:43:04.021+0530] {subprocess.py:106} INFO -           "type" : "integer",
[2026-01-29T16:43:04.021+0530] {subprocess.py:106} INFO -           "nullable" : true,
[2026-01-29T16:43:04.021+0530] {subprocess.py:106} INFO -           "metadata" : { }
[2026-01-29T16:43:04.022+0530] {subprocess.py:106} INFO -         }, {
[2026-01-29T16:43:04.022+0530] {subprocess.py:106} INFO -           "name" : "indices",
[2026-01-29T16:43:04.022+0530] {subprocess.py:106} INFO -           "type" : {
[2026-01-29T16:43:04.022+0530] {subprocess.py:106} INFO -             "type" : "array",
[2026-01-29T16:43:04.022+0530] {subprocess.py:106} INFO -             "elementType" : "integer",
[2026-01-29T16:43:04.022+0530] {subprocess.py:106} INFO -             "containsNull" : false
[2026-01-29T16:43:04.022+0530] {subprocess.py:106} INFO -           },
[2026-01-29T16:43:04.022+0530] {subprocess.py:106} INFO -           "nullable" : true,
[2026-01-29T16:43:04.022+0530] {subprocess.py:106} INFO -           "metadata" : { }
[2026-01-29T16:43:04.022+0530] {subprocess.py:106} INFO -         }, {
[2026-01-29T16:43:04.022+0530] {subprocess.py:106} INFO -           "name" : "values",
[2026-01-29T16:43:04.023+0530] {subprocess.py:106} INFO -           "type" : {
[2026-01-29T16:43:04.023+0530] {subprocess.py:106} INFO -             "type" : "array",
[2026-01-29T16:43:04.023+0530] {subprocess.py:106} INFO -             "elementType" : "double",
[2026-01-29T16:43:04.023+0530] {subprocess.py:106} INFO -             "containsNull" : false
[2026-01-29T16:43:04.023+0530] {subprocess.py:106} INFO -           },
[2026-01-29T16:43:04.023+0530] {subprocess.py:106} INFO -           "nullable" : true,
[2026-01-29T16:43:04.023+0530] {subprocess.py:106} INFO -           "metadata" : { }
[2026-01-29T16:43:04.023+0530] {subprocess.py:106} INFO -         } ]
[2026-01-29T16:43:04.023+0530] {subprocess.py:106} INFO -       }
[2026-01-29T16:43:04.023+0530] {subprocess.py:106} INFO -     },
[2026-01-29T16:43:04.023+0530] {subprocess.py:106} INFO -     "nullable" : true,
[2026-01-29T16:43:04.023+0530] {subprocess.py:106} INFO -     "metadata" : {
[2026-01-29T16:43:04.024+0530] {subprocess.py:106} INFO -       "ml_attr" : {
[2026-01-29T16:43:04.024+0530] {subprocess.py:106} INFO -         "attrs" : {
[2026-01-29T16:43:04.024+0530] {subprocess.py:106} INFO -           "binary" : [ {
[2026-01-29T16:43:04.024+0530] {subprocess.py:106} INFO -             "idx" : 0,
[2026-01-29T16:43:04.024+0530] {subprocess.py:106} INFO -             "name" : "Ahmedabad"
[2026-01-29T16:43:04.024+0530] {subprocess.py:106} INFO -           }, {
[2026-01-29T16:43:04.024+0530] {subprocess.py:106} INFO -             "idx" : 1,
[2026-01-29T16:43:04.024+0530] {subprocess.py:106} INFO -             "name" : "Bangalore"
[2026-01-29T16:43:04.024+0530] {subprocess.py:106} INFO -           }, {
[2026-01-29T16:43:04.024+0530] {subprocess.py:106} INFO -             "idx" : 2,
[2026-01-29T16:43:04.024+0530] {subprocess.py:106} INFO -             "name" : "Chennai"
[2026-01-29T16:43:04.025+0530] {subprocess.py:106} INFO -           }, {
[2026-01-29T16:43:04.025+0530] {subprocess.py:106} INFO -             "idx" : 3,
[2026-01-29T16:43:04.025+0530] {subprocess.py:106} INFO -             "name" : "Delhi"
[2026-01-29T16:43:04.025+0530] {subprocess.py:106} INFO -           }, {
[2026-01-29T16:43:04.025+0530] {subprocess.py:106} INFO -             "idx" : 4,
[2026-01-29T16:43:04.025+0530] {subprocess.py:106} INFO -             "name" : "Hyderabad"
[2026-01-29T16:43:04.025+0530] {subprocess.py:106} INFO -           }, {
[2026-01-29T16:43:04.025+0530] {subprocess.py:106} INFO -             "idx" : 5,
[2026-01-29T16:43:04.025+0530] {subprocess.py:106} INFO -             "name" : "Jaipur"
[2026-01-29T16:43:04.025+0530] {subprocess.py:106} INFO -           }, {
[2026-01-29T16:43:04.025+0530] {subprocess.py:106} INFO -             "idx" : 6,
[2026-01-29T16:43:04.025+0530] {subprocess.py:106} INFO -             "name" : "Kolkata"
[2026-01-29T16:43:04.026+0530] {subprocess.py:106} INFO -           }, {
[2026-01-29T16:43:04.026+0530] {subprocess.py:106} INFO -             "idx" : 7,
[2026-01-29T16:43:04.026+0530] {subprocess.py:106} INFO -             "name" : "Lucknow"
[2026-01-29T16:43:04.026+0530] {subprocess.py:106} INFO -           }, {
[2026-01-29T16:43:04.026+0530] {subprocess.py:106} INFO -             "idx" : 8,
[2026-01-29T16:43:04.026+0530] {subprocess.py:106} INFO -             "name" : "Mumbai"
[2026-01-29T16:43:04.026+0530] {subprocess.py:106} INFO -           }, {
[2026-01-29T16:43:04.026+0530] {subprocess.py:106} INFO -             "idx" : 9,
[2026-01-29T16:43:04.026+0530] {subprocess.py:106} INFO -             "name" : "Pune"
[2026-01-29T16:43:04.026+0530] {subprocess.py:106} INFO -           }, {
[2026-01-29T16:43:04.026+0530] {subprocess.py:106} INFO -             "idx" : 10,
[2026-01-29T16:43:04.026+0530] {subprocess.py:106} INFO -             "name" : "city"
[2026-01-29T16:43:04.027+0530] {subprocess.py:106} INFO -           } ]
[2026-01-29T16:43:04.027+0530] {subprocess.py:106} INFO -         },
[2026-01-29T16:43:04.027+0530] {subprocess.py:106} INFO -         "num_attrs" : 11
[2026-01-29T16:43:04.027+0530] {subprocess.py:106} INFO -       }
[2026-01-29T16:43:04.027+0530] {subprocess.py:106} INFO -     }
[2026-01-29T16:43:04.027+0530] {subprocess.py:106} INFO -   }, {
[2026-01-29T16:43:04.027+0530] {subprocess.py:106} INFO -     "name" : "rain_sum_log",
[2026-01-29T16:43:04.027+0530] {subprocess.py:106} INFO -     "type" : "double",
[2026-01-29T16:43:04.027+0530] {subprocess.py:106} INFO -     "nullable" : true,
[2026-01-29T16:43:04.027+0530] {subprocess.py:106} INFO -     "metadata" : { }
[2026-01-29T16:43:04.028+0530] {subprocess.py:106} INFO -   }, {
[2026-01-29T16:43:04.028+0530] {subprocess.py:106} INFO -     "name" : "precipitation_sum_log",
[2026-01-29T16:43:04.028+0530] {subprocess.py:106} INFO -     "type" : "double",
[2026-01-29T16:43:04.028+0530] {subprocess.py:106} INFO -     "nullable" : true,
[2026-01-29T16:43:04.028+0530] {subprocess.py:106} INFO -     "metadata" : { }
[2026-01-29T16:43:04.028+0530] {subprocess.py:106} INFO -   }, {
[2026-01-29T16:43:04.028+0530] {subprocess.py:106} INFO -     "name" : "day",
[2026-01-29T16:43:04.028+0530] {subprocess.py:106} INFO -     "type" : "integer",
[2026-01-29T16:43:04.028+0530] {subprocess.py:106} INFO -     "nullable" : true,
[2026-01-29T16:43:04.028+0530] {subprocess.py:106} INFO -     "metadata" : { }
[2026-01-29T16:43:04.028+0530] {subprocess.py:106} INFO -   }, {
[2026-01-29T16:43:04.028+0530] {subprocess.py:106} INFO -     "name" : "month",
[2026-01-29T16:43:04.029+0530] {subprocess.py:106} INFO -     "type" : "integer",
[2026-01-29T16:43:04.029+0530] {subprocess.py:106} INFO -     "nullable" : true,
[2026-01-29T16:43:04.029+0530] {subprocess.py:106} INFO -     "metadata" : { }
[2026-01-29T16:43:04.029+0530] {subprocess.py:106} INFO -   }, {
[2026-01-29T16:43:04.029+0530] {subprocess.py:106} INFO -     "name" : "day_of_week",
[2026-01-29T16:43:04.029+0530] {subprocess.py:106} INFO -     "type" : "integer",
[2026-01-29T16:43:04.029+0530] {subprocess.py:106} INFO -     "nullable" : true,
[2026-01-29T16:43:04.029+0530] {subprocess.py:106} INFO -     "metadata" : { }
[2026-01-29T16:43:04.029+0530] {subprocess.py:106} INFO -   }, {
[2026-01-29T16:43:04.029+0530] {subprocess.py:106} INFO -     "name" : "year",
[2026-01-29T16:43:04.029+0530] {subprocess.py:106} INFO -     "type" : "integer",
[2026-01-29T16:43:04.029+0530] {subprocess.py:106} INFO -     "nullable" : true,
[2026-01-29T16:43:04.030+0530] {subprocess.py:106} INFO -     "metadata" : { }
[2026-01-29T16:43:04.030+0530] {subprocess.py:106} INFO -   }, {
[2026-01-29T16:43:04.030+0530] {subprocess.py:106} INFO -     "name" : "temp_lag_1",
[2026-01-29T16:43:04.030+0530] {subprocess.py:106} INFO -     "type" : "double",
[2026-01-29T16:43:04.030+0530] {subprocess.py:106} INFO -     "nullable" : true,
[2026-01-29T16:43:04.030+0530] {subprocess.py:106} INFO -     "metadata" : { }
[2026-01-29T16:43:04.030+0530] {subprocess.py:106} INFO -   }, {
[2026-01-29T16:43:04.030+0530] {subprocess.py:106} INFO -     "name" : "temp_lag_2",
[2026-01-29T16:43:04.030+0530] {subprocess.py:106} INFO -     "type" : "double",
[2026-01-29T16:43:04.031+0530] {subprocess.py:106} INFO -     "nullable" : true,
[2026-01-29T16:43:04.031+0530] {subprocess.py:106} INFO -     "metadata" : { }
[2026-01-29T16:43:04.031+0530] {subprocess.py:106} INFO -   }, {
[2026-01-29T16:43:04.031+0530] {subprocess.py:106} INFO -     "name" : "temp_rolling_3",
[2026-01-29T16:43:04.031+0530] {subprocess.py:106} INFO -     "type" : "double",
[2026-01-29T16:43:04.031+0530] {subprocess.py:106} INFO -     "nullable" : true,
[2026-01-29T16:43:04.031+0530] {subprocess.py:106} INFO -     "metadata" : { }
[2026-01-29T16:43:04.031+0530] {subprocess.py:106} INFO -   }, {
[2026-01-29T16:43:04.032+0530] {subprocess.py:106} INFO -     "name" : "features",
[2026-01-29T16:43:04.032+0530] {subprocess.py:106} INFO -     "type" : {
[2026-01-29T16:43:04.032+0530] {subprocess.py:106} INFO -       "type" : "udt",
[2026-01-29T16:43:04.032+0530] {subprocess.py:106} INFO -       "class" : "org.apache.spark.ml.linalg.VectorUDT",
[2026-01-29T16:43:04.032+0530] {subprocess.py:106} INFO -       "pyClass" : "pyspark.ml.linalg.VectorUDT",
[2026-01-29T16:43:04.032+0530] {subprocess.py:106} INFO -       "sqlType" : {
[2026-01-29T16:43:04.032+0530] {subprocess.py:106} INFO -         "type" : "struct",
[2026-01-29T16:43:04.032+0530] {subprocess.py:106} INFO -         "fields" : [ {
[2026-01-29T16:43:04.032+0530] {subprocess.py:106} INFO -           "name" : "type",
[2026-01-29T16:43:04.032+0530] {subprocess.py:106} INFO -           "type" : "byte",
[2026-01-29T16:43:04.032+0530] {subprocess.py:106} INFO -           "nullable" : false,
[2026-01-29T16:43:04.033+0530] {subprocess.py:106} INFO -           "metadata" : { }
[2026-01-29T16:43:04.033+0530] {subprocess.py:106} INFO -         }, {
[2026-01-29T16:43:04.033+0530] {subprocess.py:106} INFO -           "name" : "size",
[2026-01-29T16:43:04.033+0530] {subprocess.py:106} INFO -           "type" : "integer",
[2026-01-29T16:43:04.033+0530] {subprocess.py:106} INFO -           "nullable" : true,
[2026-01-29T16:43:04.033+0530] {subprocess.py:106} INFO -           "metadata" : { }
[2026-01-29T16:43:04.033+0530] {subprocess.py:106} INFO -         }, {
[2026-01-29T16:43:04.033+0530] {subprocess.py:106} INFO -           "name" : "indices",
[2026-01-29T16:43:04.034+0530] {subprocess.py:106} INFO -           "type" : {
[2026-01-29T16:43:04.034+0530] {subprocess.py:106} INFO -             "type" : "array",
[2026-01-29T16:43:04.034+0530] {subprocess.py:106} INFO -             "elementType" : "integer",
[2026-01-29T16:43:04.034+0530] {subprocess.py:106} INFO -             "containsNull" : false
[2026-01-29T16:43:04.034+0530] {subprocess.py:106} INFO -           },
[2026-01-29T16:43:04.034+0530] {subprocess.py:106} INFO -           "nullable" : true,
[2026-01-29T16:43:04.034+0530] {subprocess.py:106} INFO -           "metadata" : { }
[2026-01-29T16:43:04.034+0530] {subprocess.py:106} INFO -         }, {
[2026-01-29T16:43:04.034+0530] {subprocess.py:106} INFO -           "name" : "values",
[2026-01-29T16:43:04.034+0530] {subprocess.py:106} INFO -           "type" : {
[2026-01-29T16:43:04.035+0530] {subprocess.py:106} INFO -             "type" : "array",
[2026-01-29T16:43:04.035+0530] {subprocess.py:106} INFO -             "elementType" : "double",
[2026-01-29T16:43:04.035+0530] {subprocess.py:106} INFO -             "containsNull" : false
[2026-01-29T16:43:04.035+0530] {subprocess.py:106} INFO -           },
[2026-01-29T16:43:04.035+0530] {subprocess.py:106} INFO -           "nullable" : true,
[2026-01-29T16:43:04.035+0530] {subprocess.py:106} INFO -           "metadata" : { }
[2026-01-29T16:43:04.035+0530] {subprocess.py:106} INFO -         } ]
[2026-01-29T16:43:04.035+0530] {subprocess.py:106} INFO -       }
[2026-01-29T16:43:04.035+0530] {subprocess.py:106} INFO -     },
[2026-01-29T16:43:04.035+0530] {subprocess.py:106} INFO -     "nullable" : true,
[2026-01-29T16:43:04.035+0530] {subprocess.py:106} INFO -     "metadata" : {
[2026-01-29T16:43:04.035+0530] {subprocess.py:106} INFO -       "ml_attr" : {
[2026-01-29T16:43:04.036+0530] {subprocess.py:106} INFO -         "attrs" : {
[2026-01-29T16:43:04.036+0530] {subprocess.py:106} INFO -           "numeric" : [ {
[2026-01-29T16:43:04.036+0530] {subprocess.py:106} INFO -             "idx" : 0,
[2026-01-29T16:43:04.036+0530] {subprocess.py:106} INFO -             "name" : "temperature_2m_max"
[2026-01-29T16:43:04.036+0530] {subprocess.py:106} INFO -           }, {
[2026-01-29T16:43:04.036+0530] {subprocess.py:106} INFO -             "idx" : 1,
[2026-01-29T16:43:04.036+0530] {subprocess.py:106} INFO -             "name" : "temperature_2m_min"
[2026-01-29T16:43:04.036+0530] {subprocess.py:106} INFO -           }, {
[2026-01-29T16:43:04.036+0530] {subprocess.py:106} INFO -             "idx" : 2,
[2026-01-29T16:43:04.036+0530] {subprocess.py:106} INFO -             "name" : "apparent_temperature_max"
[2026-01-29T16:43:04.036+0530] {subprocess.py:106} INFO -           }, {
[2026-01-29T16:43:04.037+0530] {subprocess.py:106} INFO -             "idx" : 3,
[2026-01-29T16:43:04.037+0530] {subprocess.py:106} INFO -             "name" : "apparent_temperature_min"
[2026-01-29T16:43:04.037+0530] {subprocess.py:106} INFO -           }, {
[2026-01-29T16:43:04.037+0530] {subprocess.py:106} INFO -             "idx" : 4,
[2026-01-29T16:43:04.037+0530] {subprocess.py:106} INFO -             "name" : "wind_speed_10m_max"
[2026-01-29T16:43:04.037+0530] {subprocess.py:106} INFO -           }, {
[2026-01-29T16:43:04.037+0530] {subprocess.py:106} INFO -             "idx" : 5,
[2026-01-29T16:43:04.037+0530] {subprocess.py:106} INFO -             "name" : "wind_gusts_10m_max"
[2026-01-29T16:43:04.037+0530] {subprocess.py:106} INFO -           }, {
[2026-01-29T16:43:04.037+0530] {subprocess.py:106} INFO -             "idx" : 6,
[2026-01-29T16:43:04.037+0530] {subprocess.py:106} INFO -             "name" : "rain_sum_log"
[2026-01-29T16:43:04.037+0530] {subprocess.py:106} INFO -           }, {
[2026-01-29T16:43:04.038+0530] {subprocess.py:106} INFO -             "idx" : 7,
[2026-01-29T16:43:04.038+0530] {subprocess.py:106} INFO -             "name" : "temp_lag_1"
[2026-01-29T16:43:04.038+0530] {subprocess.py:106} INFO -           }, {
[2026-01-29T16:43:04.038+0530] {subprocess.py:106} INFO -             "idx" : 8,
[2026-01-29T16:43:04.038+0530] {subprocess.py:106} INFO -             "name" : "temp_lag_2"
[2026-01-29T16:43:04.038+0530] {subprocess.py:106} INFO -           }, {
[2026-01-29T16:43:04.038+0530] {subprocess.py:106} INFO -             "idx" : 9,
[2026-01-29T16:43:04.038+0530] {subprocess.py:106} INFO -             "name" : "temp_rolling_3"
[2026-01-29T16:43:04.038+0530] {subprocess.py:106} INFO -           } ]
[2026-01-29T16:43:04.038+0530] {subprocess.py:106} INFO -         },
[2026-01-29T16:43:04.038+0530] {subprocess.py:106} INFO -         "num_attrs" : 10
[2026-01-29T16:43:04.039+0530] {subprocess.py:106} INFO -       }
[2026-01-29T16:43:04.039+0530] {subprocess.py:106} INFO -     }
[2026-01-29T16:43:04.039+0530] {subprocess.py:106} INFO -   }, {
[2026-01-29T16:43:04.039+0530] {subprocess.py:106} INFO -     "name" : "scaled_features",
[2026-01-29T16:43:04.039+0530] {subprocess.py:106} INFO -     "type" : {
[2026-01-29T16:43:04.039+0530] {subprocess.py:106} INFO -       "type" : "udt",
[2026-01-29T16:43:04.039+0530] {subprocess.py:106} INFO -       "class" : "org.apache.spark.ml.linalg.VectorUDT",
[2026-01-29T16:43:04.039+0530] {subprocess.py:106} INFO -       "pyClass" : "pyspark.ml.linalg.VectorUDT",
[2026-01-29T16:43:04.039+0530] {subprocess.py:106} INFO -       "sqlType" : {
[2026-01-29T16:43:04.039+0530] {subprocess.py:106} INFO -         "type" : "struct",
[2026-01-29T16:43:04.039+0530] {subprocess.py:106} INFO -         "fields" : [ {
[2026-01-29T16:43:04.040+0530] {subprocess.py:106} INFO -           "name" : "type",
[2026-01-29T16:43:04.040+0530] {subprocess.py:106} INFO -           "type" : "byte",
[2026-01-29T16:43:04.040+0530] {subprocess.py:106} INFO -           "nullable" : false,
[2026-01-29T16:43:04.040+0530] {subprocess.py:106} INFO -           "metadata" : { }
[2026-01-29T16:43:04.040+0530] {subprocess.py:106} INFO -         }, {
[2026-01-29T16:43:04.040+0530] {subprocess.py:106} INFO -           "name" : "size",
[2026-01-29T16:43:04.040+0530] {subprocess.py:106} INFO -           "type" : "integer",
[2026-01-29T16:43:04.040+0530] {subprocess.py:106} INFO -           "nullable" : true,
[2026-01-29T16:43:04.040+0530] {subprocess.py:106} INFO -           "metadata" : { }
[2026-01-29T16:43:04.040+0530] {subprocess.py:106} INFO -         }, {
[2026-01-29T16:43:04.040+0530] {subprocess.py:106} INFO -           "name" : "indices",
[2026-01-29T16:43:04.041+0530] {subprocess.py:106} INFO -           "type" : {
[2026-01-29T16:43:04.041+0530] {subprocess.py:106} INFO -             "type" : "array",
[2026-01-29T16:43:04.041+0530] {subprocess.py:106} INFO -             "elementType" : "integer",
[2026-01-29T16:43:04.041+0530] {subprocess.py:106} INFO -             "containsNull" : false
[2026-01-29T16:43:04.041+0530] {subprocess.py:106} INFO -           },
[2026-01-29T16:43:04.041+0530] {subprocess.py:106} INFO -           "nullable" : true,
[2026-01-29T16:43:04.041+0530] {subprocess.py:106} INFO -           "metadata" : { }
[2026-01-29T16:43:04.041+0530] {subprocess.py:106} INFO -         }, {
[2026-01-29T16:43:04.041+0530] {subprocess.py:106} INFO -           "name" : "values",
[2026-01-29T16:43:04.041+0530] {subprocess.py:106} INFO -           "type" : {
[2026-01-29T16:43:04.041+0530] {subprocess.py:106} INFO -             "type" : "array",
[2026-01-29T16:43:04.041+0530] {subprocess.py:106} INFO -             "elementType" : "double",
[2026-01-29T16:43:04.042+0530] {subprocess.py:106} INFO -             "containsNull" : false
[2026-01-29T16:43:04.042+0530] {subprocess.py:106} INFO -           },
[2026-01-29T16:43:04.042+0530] {subprocess.py:106} INFO -           "nullable" : true,
[2026-01-29T16:43:04.042+0530] {subprocess.py:106} INFO -           "metadata" : { }
[2026-01-29T16:43:04.042+0530] {subprocess.py:106} INFO -         } ]
[2026-01-29T16:43:04.042+0530] {subprocess.py:106} INFO -       }
[2026-01-29T16:43:04.042+0530] {subprocess.py:106} INFO -     },
[2026-01-29T16:43:04.042+0530] {subprocess.py:106} INFO -     "nullable" : true,
[2026-01-29T16:43:04.042+0530] {subprocess.py:106} INFO -     "metadata" : {
[2026-01-29T16:43:04.042+0530] {subprocess.py:106} INFO -       "ml_attr" : {
[2026-01-29T16:43:04.042+0530] {subprocess.py:106} INFO -         "num_attrs" : 10
[2026-01-29T16:43:04.043+0530] {subprocess.py:106} INFO -       }
[2026-01-29T16:43:04.043+0530] {subprocess.py:106} INFO -     }
[2026-01-29T16:43:04.043+0530] {subprocess.py:106} INFO -   } ]
[2026-01-29T16:43:04.043+0530] {subprocess.py:106} INFO - }
[2026-01-29T16:43:04.043+0530] {subprocess.py:106} INFO - and corresponding Parquet message type:
[2026-01-29T16:43:04.043+0530] {subprocess.py:106} INFO - message spark_schema {
[2026-01-29T16:43:04.043+0530] {subprocess.py:106} INFO -   optional binary city (STRING);
[2026-01-29T16:43:04.043+0530] {subprocess.py:106} INFO -   optional int32 date (DATE);
[2026-01-29T16:43:04.043+0530] {subprocess.py:106} INFO -   optional double temperature_2m_max;
[2026-01-29T16:43:04.043+0530] {subprocess.py:106} INFO -   optional double temperature_2m_min;
[2026-01-29T16:43:04.043+0530] {subprocess.py:106} INFO -   optional double apparent_temperature_max;
[2026-01-29T16:43:04.044+0530] {subprocess.py:106} INFO -   optional double apparent_temperature_min;
[2026-01-29T16:43:04.044+0530] {subprocess.py:106} INFO -   optional double precipitation_sum;
[2026-01-29T16:43:04.044+0530] {subprocess.py:106} INFO -   optional double rain_sum;
[2026-01-29T16:43:04.044+0530] {subprocess.py:106} INFO -   optional int32 weather_code;
[2026-01-29T16:43:04.044+0530] {subprocess.py:106} INFO -   optional double wind_speed_10m_max;
[2026-01-29T16:43:04.044+0530] {subprocess.py:106} INFO -   optional double wind_gusts_10m_max;
[2026-01-29T16:43:04.044+0530] {subprocess.py:106} INFO -   optional int32 wind_direction_10m_dominant;
[2026-01-29T16:43:04.044+0530] {subprocess.py:106} INFO -   required double city_index;
[2026-01-29T16:43:04.044+0530] {subprocess.py:106} INFO -   optional group city_vector {
[2026-01-29T16:43:04.044+0530] {subprocess.py:106} INFO -     required int32 type (INTEGER(8,true));
[2026-01-29T16:43:04.044+0530] {subprocess.py:106} INFO -     optional int32 size;
[2026-01-29T16:43:04.045+0530] {subprocess.py:106} INFO -     optional group indices (LIST) {
[2026-01-29T16:43:04.045+0530] {subprocess.py:106} INFO -       repeated group list {
[2026-01-29T16:43:04.045+0530] {subprocess.py:106} INFO -         required int32 element;
[2026-01-29T16:43:04.045+0530] {subprocess.py:106} INFO -       }
[2026-01-29T16:43:04.045+0530] {subprocess.py:106} INFO -     }
[2026-01-29T16:43:04.045+0530] {subprocess.py:106} INFO -     optional group values (LIST) {
[2026-01-29T16:43:04.045+0530] {subprocess.py:106} INFO -       repeated group list {
[2026-01-29T16:43:04.045+0530] {subprocess.py:106} INFO -         required double element;
[2026-01-29T16:43:04.045+0530] {subprocess.py:106} INFO -       }
[2026-01-29T16:43:04.045+0530] {subprocess.py:106} INFO -     }
[2026-01-29T16:43:04.045+0530] {subprocess.py:106} INFO -   }
[2026-01-29T16:43:04.045+0530] {subprocess.py:106} INFO -   optional double rain_sum_log;
[2026-01-29T16:43:04.046+0530] {subprocess.py:106} INFO -   optional double precipitation_sum_log;
[2026-01-29T16:43:04.046+0530] {subprocess.py:106} INFO -   optional int32 day;
[2026-01-29T16:43:04.046+0530] {subprocess.py:106} INFO -   optional int32 month;
[2026-01-29T16:43:04.046+0530] {subprocess.py:106} INFO -   optional int32 day_of_week;
[2026-01-29T16:43:04.046+0530] {subprocess.py:106} INFO -   optional int32 year;
[2026-01-29T16:43:04.046+0530] {subprocess.py:106} INFO -   optional double temp_lag_1;
[2026-01-29T16:43:04.046+0530] {subprocess.py:106} INFO -   optional double temp_lag_2;
[2026-01-29T16:43:04.046+0530] {subprocess.py:106} INFO -   optional double temp_rolling_3;
[2026-01-29T16:43:04.046+0530] {subprocess.py:106} INFO -   optional group features {
[2026-01-29T16:43:04.046+0530] {subprocess.py:106} INFO -     required int32 type (INTEGER(8,true));
[2026-01-29T16:43:04.046+0530] {subprocess.py:106} INFO -     optional int32 size;
[2026-01-29T16:43:04.047+0530] {subprocess.py:106} INFO -     optional group indices (LIST) {
[2026-01-29T16:43:04.047+0530] {subprocess.py:106} INFO -       repeated group list {
[2026-01-29T16:43:04.047+0530] {subprocess.py:106} INFO -         required int32 element;
[2026-01-29T16:43:04.047+0530] {subprocess.py:106} INFO -       }
[2026-01-29T16:43:04.047+0530] {subprocess.py:106} INFO -     }
[2026-01-29T16:43:04.047+0530] {subprocess.py:106} INFO -     optional group values (LIST) {
[2026-01-29T16:43:04.047+0530] {subprocess.py:106} INFO -       repeated group list {
[2026-01-29T16:43:04.047+0530] {subprocess.py:106} INFO -         required double element;
[2026-01-29T16:43:04.048+0530] {subprocess.py:106} INFO -       }
[2026-01-29T16:43:04.048+0530] {subprocess.py:106} INFO -     }
[2026-01-29T16:43:04.048+0530] {subprocess.py:106} INFO -   }
[2026-01-29T16:43:04.048+0530] {subprocess.py:106} INFO -   optional group scaled_features {
[2026-01-29T16:43:04.048+0530] {subprocess.py:106} INFO -     required int32 type (INTEGER(8,true));
[2026-01-29T16:43:04.048+0530] {subprocess.py:106} INFO -     optional int32 size;
[2026-01-29T16:43:04.048+0530] {subprocess.py:106} INFO -     optional group indices (LIST) {
[2026-01-29T16:43:04.048+0530] {subprocess.py:106} INFO -       repeated group list {
[2026-01-29T16:43:04.048+0530] {subprocess.py:106} INFO -         required int32 element;
[2026-01-29T16:43:04.049+0530] {subprocess.py:106} INFO -       }
[2026-01-29T16:43:04.049+0530] {subprocess.py:106} INFO -     }
[2026-01-29T16:43:04.049+0530] {subprocess.py:106} INFO -     optional group values (LIST) {
[2026-01-29T16:43:04.049+0530] {subprocess.py:106} INFO -       repeated group list {
[2026-01-29T16:43:04.049+0530] {subprocess.py:106} INFO -         required double element;
[2026-01-29T16:43:04.049+0530] {subprocess.py:106} INFO -       }
[2026-01-29T16:43:04.049+0530] {subprocess.py:106} INFO -     }
[2026-01-29T16:43:04.049+0530] {subprocess.py:106} INFO -   }
[2026-01-29T16:43:04.049+0530] {subprocess.py:106} INFO - }
[2026-01-29T16:43:04.049+0530] {subprocess.py:106} INFO - 
[2026-01-29T16:43:04.050+0530] {subprocess.py:106} INFO - 
[2026-01-29T16:43:04.050+0530] {subprocess.py:106} INFO - 26/01/29 16:43:03 INFO ParquetWriteSupport: Initialized Parquet WriteSupport with Catalyst schema:
[2026-01-29T16:43:04.050+0530] {subprocess.py:106} INFO - {
[2026-01-29T16:43:04.050+0530] {subprocess.py:106} INFO -   "type" : "struct",
[2026-01-29T16:43:04.050+0530] {subprocess.py:106} INFO -   "fields" : [ {
[2026-01-29T16:43:04.050+0530] {subprocess.py:106} INFO -     "name" : "city",
[2026-01-29T16:43:04.050+0530] {subprocess.py:106} INFO -     "type" : "string",
[2026-01-29T16:43:04.050+0530] {subprocess.py:106} INFO -     "nullable" : true,
[2026-01-29T16:43:04.050+0530] {subprocess.py:106} INFO -     "metadata" : { }
[2026-01-29T16:43:04.050+0530] {subprocess.py:106} INFO -   }, {
[2026-01-29T16:43:04.050+0530] {subprocess.py:106} INFO -     "name" : "date",
[2026-01-29T16:43:04.051+0530] {subprocess.py:106} INFO -     "type" : "date",
[2026-01-29T16:43:04.051+0530] {subprocess.py:106} INFO -     "nullable" : true,
[2026-01-29T16:43:04.051+0530] {subprocess.py:106} INFO -     "metadata" : { }
[2026-01-29T16:43:04.051+0530] {subprocess.py:106} INFO -   }, {
[2026-01-29T16:43:04.051+0530] {subprocess.py:106} INFO -     "name" : "temperature_2m_max",
[2026-01-29T16:43:04.051+0530] {subprocess.py:106} INFO -     "type" : "double",
[2026-01-29T16:43:04.051+0530] {subprocess.py:106} INFO -     "nullable" : true,
[2026-01-29T16:43:04.051+0530] {subprocess.py:106} INFO -     "metadata" : { }
[2026-01-29T16:43:04.051+0530] {subprocess.py:106} INFO -   }, {
[2026-01-29T16:43:04.051+0530] {subprocess.py:106} INFO -     "name" : "temperature_2m_min",
[2026-01-29T16:43:04.051+0530] {subprocess.py:106} INFO -     "type" : "double",
[2026-01-29T16:43:04.051+0530] {subprocess.py:106} INFO -     "nullable" : true,
[2026-01-29T16:43:04.052+0530] {subprocess.py:106} INFO -     "metadata" : { }
[2026-01-29T16:43:04.052+0530] {subprocess.py:106} INFO -   }, {
[2026-01-29T16:43:04.052+0530] {subprocess.py:106} INFO -     "name" : "apparent_temperature_max",
[2026-01-29T16:43:04.052+0530] {subprocess.py:106} INFO -     "type" : "double",
[2026-01-29T16:43:04.052+0530] {subprocess.py:106} INFO -     "nullable" : true,
[2026-01-29T16:43:04.052+0530] {subprocess.py:106} INFO -     "metadata" : { }
[2026-01-29T16:43:04.052+0530] {subprocess.py:106} INFO -   }, {
[2026-01-29T16:43:04.052+0530] {subprocess.py:106} INFO -     "name" : "apparent_temperature_min",
[2026-01-29T16:43:04.052+0530] {subprocess.py:106} INFO -     "type" : "double",
[2026-01-29T16:43:04.052+0530] {subprocess.py:106} INFO -     "nullable" : true,
[2026-01-29T16:43:04.052+0530] {subprocess.py:106} INFO -     "metadata" : { }
[2026-01-29T16:43:04.052+0530] {subprocess.py:106} INFO -   }, {
[2026-01-29T16:43:04.053+0530] {subprocess.py:106} INFO -     "name" : "precipitation_sum",
[2026-01-29T16:43:04.053+0530] {subprocess.py:106} INFO -     "type" : "double",
[2026-01-29T16:43:04.053+0530] {subprocess.py:106} INFO -     "nullable" : true,
[2026-01-29T16:43:04.053+0530] {subprocess.py:106} INFO -     "metadata" : { }
[2026-01-29T16:43:04.053+0530] {subprocess.py:106} INFO -   }, {
[2026-01-29T16:43:04.053+0530] {subprocess.py:106} INFO -     "name" : "rain_sum",
[2026-01-29T16:43:04.053+0530] {subprocess.py:106} INFO -     "type" : "double",
[2026-01-29T16:43:04.053+0530] {subprocess.py:106} INFO -     "nullable" : true,
[2026-01-29T16:43:04.053+0530] {subprocess.py:106} INFO -     "metadata" : { }
[2026-01-29T16:43:04.053+0530] {subprocess.py:106} INFO -   }, {
[2026-01-29T16:43:04.053+0530] {subprocess.py:106} INFO -     "name" : "weather_code",
[2026-01-29T16:43:04.054+0530] {subprocess.py:106} INFO -     "type" : "integer",
[2026-01-29T16:43:04.054+0530] {subprocess.py:106} INFO -     "nullable" : true,
[2026-01-29T16:43:04.054+0530] {subprocess.py:106} INFO -     "metadata" : { }
[2026-01-29T16:43:04.054+0530] {subprocess.py:106} INFO -   }, {
[2026-01-29T16:43:04.054+0530] {subprocess.py:106} INFO -     "name" : "wind_speed_10m_max",
[2026-01-29T16:43:04.054+0530] {subprocess.py:106} INFO -     "type" : "double",
[2026-01-29T16:43:04.054+0530] {subprocess.py:106} INFO -     "nullable" : true,
[2026-01-29T16:43:04.054+0530] {subprocess.py:106} INFO -     "metadata" : { }
[2026-01-29T16:43:04.054+0530] {subprocess.py:106} INFO -   }, {
[2026-01-29T16:43:04.054+0530] {subprocess.py:106} INFO -     "name" : "wind_gusts_10m_max",
[2026-01-29T16:43:04.054+0530] {subprocess.py:106} INFO -     "type" : "double",
[2026-01-29T16:43:04.054+0530] {subprocess.py:106} INFO -     "nullable" : true,
[2026-01-29T16:43:04.055+0530] {subprocess.py:106} INFO -     "metadata" : { }
[2026-01-29T16:43:04.055+0530] {subprocess.py:106} INFO -   }, {
[2026-01-29T16:43:04.055+0530] {subprocess.py:106} INFO -     "name" : "wind_direction_10m_dominant",
[2026-01-29T16:43:04.055+0530] {subprocess.py:106} INFO -     "type" : "integer",
[2026-01-29T16:43:04.055+0530] {subprocess.py:106} INFO -     "nullable" : true,
[2026-01-29T16:43:04.055+0530] {subprocess.py:106} INFO -     "metadata" : { }
[2026-01-29T16:43:04.055+0530] {subprocess.py:106} INFO -   }, {
[2026-01-29T16:43:04.055+0530] {subprocess.py:106} INFO -     "name" : "city_index",
[2026-01-29T16:43:04.055+0530] {subprocess.py:106} INFO -     "type" : "double",
[2026-01-29T16:43:04.055+0530] {subprocess.py:106} INFO -     "nullable" : false,
[2026-01-29T16:43:04.055+0530] {subprocess.py:106} INFO -     "metadata" : {
[2026-01-29T16:43:04.055+0530] {subprocess.py:106} INFO -       "ml_attr" : {
[2026-01-29T16:43:04.056+0530] {subprocess.py:106} INFO -         "type" : "nominal",
[2026-01-29T16:43:04.056+0530] {subprocess.py:106} INFO -         "vals" : [ "Ahmedabad", "Bangalore", "Chennai", "Delhi", "Hyderabad", "Jaipur", "Kolkata", "Lucknow", "Mumbai", "Pune", "city", "__unknown" ],
[2026-01-29T16:43:04.056+0530] {subprocess.py:106} INFO -         "name" : "city_index"
[2026-01-29T16:43:04.056+0530] {subprocess.py:106} INFO -       }
[2026-01-29T16:43:04.056+0530] {subprocess.py:106} INFO -     }
[2026-01-29T16:43:04.056+0530] {subprocess.py:106} INFO -   }, {
[2026-01-29T16:43:04.056+0530] {subprocess.py:106} INFO -     "name" : "city_vector",
[2026-01-29T16:43:04.056+0530] {subprocess.py:106} INFO -     "type" : {
[2026-01-29T16:43:04.056+0530] {subprocess.py:106} INFO -       "type" : "udt",
[2026-01-29T16:43:04.056+0530] {subprocess.py:106} INFO -       "class" : "org.apache.spark.ml.linalg.VectorUDT",
[2026-01-29T16:43:04.056+0530] {subprocess.py:106} INFO -       "pyClass" : "pyspark.ml.linalg.VectorUDT",
[2026-01-29T16:43:04.057+0530] {subprocess.py:106} INFO -       "sqlType" : {
[2026-01-29T16:43:04.057+0530] {subprocess.py:106} INFO -         "type" : "struct",
[2026-01-29T16:43:04.057+0530] {subprocess.py:106} INFO -         "fields" : [ {
[2026-01-29T16:43:04.057+0530] {subprocess.py:106} INFO -           "name" : "type",
[2026-01-29T16:43:04.057+0530] {subprocess.py:106} INFO -           "type" : "byte",
[2026-01-29T16:43:04.057+0530] {subprocess.py:106} INFO -           "nullable" : false,
[2026-01-29T16:43:04.057+0530] {subprocess.py:106} INFO -           "metadata" : { }
[2026-01-29T16:43:04.057+0530] {subprocess.py:106} INFO -         }, {
[2026-01-29T16:43:04.057+0530] {subprocess.py:106} INFO -           "name" : "size",
[2026-01-29T16:43:04.057+0530] {subprocess.py:106} INFO -           "type" : "integer",
[2026-01-29T16:43:04.057+0530] {subprocess.py:106} INFO -           "nullable" : true,
[2026-01-29T16:43:04.057+0530] {subprocess.py:106} INFO -           "metadata" : { }
[2026-01-29T16:43:04.058+0530] {subprocess.py:106} INFO -         }, {
[2026-01-29T16:43:04.058+0530] {subprocess.py:106} INFO -           "name" : "indices",
[2026-01-29T16:43:04.058+0530] {subprocess.py:106} INFO -           "type" : {
[2026-01-29T16:43:04.058+0530] {subprocess.py:106} INFO -             "type" : "array",
[2026-01-29T16:43:04.058+0530] {subprocess.py:106} INFO -             "elementType" : "integer",
[2026-01-29T16:43:04.058+0530] {subprocess.py:106} INFO -             "containsNull" : false
[2026-01-29T16:43:04.058+0530] {subprocess.py:106} INFO -           },
[2026-01-29T16:43:04.058+0530] {subprocess.py:106} INFO -           "nullable" : true,
[2026-01-29T16:43:04.058+0530] {subprocess.py:106} INFO -           "metadata" : { }
[2026-01-29T16:43:04.058+0530] {subprocess.py:106} INFO -         }, {
[2026-01-29T16:43:04.058+0530] {subprocess.py:106} INFO -           "name" : "values",
[2026-01-29T16:43:04.059+0530] {subprocess.py:106} INFO -           "type" : {
[2026-01-29T16:43:04.059+0530] {subprocess.py:106} INFO -             "type" : "array",
[2026-01-29T16:43:04.059+0530] {subprocess.py:106} INFO -             "elementType" : "double",
[2026-01-29T16:43:04.059+0530] {subprocess.py:106} INFO -             "containsNull" : false
[2026-01-29T16:43:04.059+0530] {subprocess.py:106} INFO -           },
[2026-01-29T16:43:04.059+0530] {subprocess.py:106} INFO -           "nullable" : true,
[2026-01-29T16:43:04.059+0530] {subprocess.py:106} INFO -           "metadata" : { }
[2026-01-29T16:43:04.059+0530] {subprocess.py:106} INFO -         } ]
[2026-01-29T16:43:04.059+0530] {subprocess.py:106} INFO -       }
[2026-01-29T16:43:04.059+0530] {subprocess.py:106} INFO -     },
[2026-01-29T16:43:04.059+0530] {subprocess.py:106} INFO -     "nullable" : true,
[2026-01-29T16:43:04.060+0530] {subprocess.py:106} INFO -     "metadata" : {
[2026-01-29T16:43:04.060+0530] {subprocess.py:106} INFO -       "ml_attr" : {
[2026-01-29T16:43:04.060+0530] {subprocess.py:106} INFO -         "attrs" : {
[2026-01-29T16:43:04.060+0530] {subprocess.py:106} INFO -           "binary" : [ {
[2026-01-29T16:43:04.060+0530] {subprocess.py:106} INFO -             "idx" : 0,
[2026-01-29T16:43:04.060+0530] {subprocess.py:106} INFO -             "name" : "Ahmedabad"
[2026-01-29T16:43:04.060+0530] {subprocess.py:106} INFO -           }, {
[2026-01-29T16:43:04.060+0530] {subprocess.py:106} INFO -             "idx" : 1,
[2026-01-29T16:43:04.060+0530] {subprocess.py:106} INFO -             "name" : "Bangalore"
[2026-01-29T16:43:04.060+0530] {subprocess.py:106} INFO -           }, {
[2026-01-29T16:43:04.060+0530] {subprocess.py:106} INFO -             "idx" : 2,
[2026-01-29T16:43:04.061+0530] {subprocess.py:106} INFO -             "name" : "Chennai"
[2026-01-29T16:43:04.061+0530] {subprocess.py:106} INFO -           }, {
[2026-01-29T16:43:04.061+0530] {subprocess.py:106} INFO -             "idx" : 3,
[2026-01-29T16:43:04.061+0530] {subprocess.py:106} INFO -             "name" : "Delhi"
[2026-01-29T16:43:04.061+0530] {subprocess.py:106} INFO -           }, {
[2026-01-29T16:43:04.061+0530] {subprocess.py:106} INFO -             "idx" : 4,
[2026-01-29T16:43:04.061+0530] {subprocess.py:106} INFO -             "name" : "Hyderabad"
[2026-01-29T16:43:04.061+0530] {subprocess.py:106} INFO -           }, {
[2026-01-29T16:43:04.061+0530] {subprocess.py:106} INFO -             "idx" : 5,
[2026-01-29T16:43:04.061+0530] {subprocess.py:106} INFO -             "name" : "Jaipur"
[2026-01-29T16:43:04.061+0530] {subprocess.py:106} INFO -           }, {
[2026-01-29T16:43:04.062+0530] {subprocess.py:106} INFO -             "idx" : 6,
[2026-01-29T16:43:04.062+0530] {subprocess.py:106} INFO -             "name" : "Kolkata"
[2026-01-29T16:43:04.062+0530] {subprocess.py:106} INFO -           }, {
[2026-01-29T16:43:04.062+0530] {subprocess.py:106} INFO -             "idx" : 7,
[2026-01-29T16:43:04.062+0530] {subprocess.py:106} INFO -             "name" : "Lucknow"
[2026-01-29T16:43:04.062+0530] {subprocess.py:106} INFO -           }, {
[2026-01-29T16:43:04.062+0530] {subprocess.py:106} INFO -             "idx" : 8,
[2026-01-29T16:43:04.062+0530] {subprocess.py:106} INFO -             "name" : "Mumbai"
[2026-01-29T16:43:04.062+0530] {subprocess.py:106} INFO -           }, {
[2026-01-29T16:43:04.062+0530] {subprocess.py:106} INFO -             "idx" : 9,
[2026-01-29T16:43:04.062+0530] {subprocess.py:106} INFO -             "name" : "Pune"
[2026-01-29T16:43:04.062+0530] {subprocess.py:106} INFO -           }, {
[2026-01-29T16:43:04.063+0530] {subprocess.py:106} INFO -             "idx" : 10,
[2026-01-29T16:43:04.063+0530] {subprocess.py:106} INFO -             "name" : "city"
[2026-01-29T16:43:04.063+0530] {subprocess.py:106} INFO -           } ]
[2026-01-29T16:43:04.063+0530] {subprocess.py:106} INFO -         },
[2026-01-29T16:43:04.063+0530] {subprocess.py:106} INFO -         "num_attrs" : 11
[2026-01-29T16:43:04.063+0530] {subprocess.py:106} INFO -       }
[2026-01-29T16:43:04.063+0530] {subprocess.py:106} INFO -     }
[2026-01-29T16:43:04.063+0530] {subprocess.py:106} INFO -   }, {
[2026-01-29T16:43:04.063+0530] {subprocess.py:106} INFO -     "name" : "rain_sum_log",
[2026-01-29T16:43:04.063+0530] {subprocess.py:106} INFO -     "type" : "double",
[2026-01-29T16:43:04.063+0530] {subprocess.py:106} INFO -     "nullable" : true,
[2026-01-29T16:43:04.064+0530] {subprocess.py:106} INFO -     "metadata" : { }
[2026-01-29T16:43:04.064+0530] {subprocess.py:106} INFO -   }, {
[2026-01-29T16:43:04.064+0530] {subprocess.py:106} INFO -     "name" : "precipitation_sum_log",
[2026-01-29T16:43:04.064+0530] {subprocess.py:106} INFO -     "type" : "double",
[2026-01-29T16:43:04.064+0530] {subprocess.py:106} INFO -     "nullable" : true,
[2026-01-29T16:43:04.064+0530] {subprocess.py:106} INFO -     "metadata" : { }
[2026-01-29T16:43:04.064+0530] {subprocess.py:106} INFO -   }, {
[2026-01-29T16:43:04.064+0530] {subprocess.py:106} INFO -     "name" : "day",
[2026-01-29T16:43:04.065+0530] {subprocess.py:106} INFO -     "type" : "integer",
[2026-01-29T16:43:04.065+0530] {subprocess.py:106} INFO -     "nullable" : true,
[2026-01-29T16:43:04.065+0530] {subprocess.py:106} INFO -     "metadata" : { }
[2026-01-29T16:43:04.065+0530] {subprocess.py:106} INFO -   }, {
[2026-01-29T16:43:04.065+0530] {subprocess.py:106} INFO -     "name" : "month",
[2026-01-29T16:43:04.065+0530] {subprocess.py:106} INFO -     "type" : "integer",
[2026-01-29T16:43:04.065+0530] {subprocess.py:106} INFO -     "nullable" : true,
[2026-01-29T16:43:04.065+0530] {subprocess.py:106} INFO -     "metadata" : { }
[2026-01-29T16:43:04.065+0530] {subprocess.py:106} INFO -   }, {
[2026-01-29T16:43:04.065+0530] {subprocess.py:106} INFO -     "name" : "day_of_week",
[2026-01-29T16:43:04.065+0530] {subprocess.py:106} INFO -     "type" : "integer",
[2026-01-29T16:43:04.066+0530] {subprocess.py:106} INFO -     "nullable" : true,
[2026-01-29T16:43:04.066+0530] {subprocess.py:106} INFO -     "metadata" : { }
[2026-01-29T16:43:04.066+0530] {subprocess.py:106} INFO -   }, {
[2026-01-29T16:43:04.066+0530] {subprocess.py:106} INFO -     "name" : "year",
[2026-01-29T16:43:04.066+0530] {subprocess.py:106} INFO -     "type" : "integer",
[2026-01-29T16:43:04.066+0530] {subprocess.py:106} INFO -     "nullable" : true,
[2026-01-29T16:43:04.066+0530] {subprocess.py:106} INFO -     "metadata" : { }
[2026-01-29T16:43:04.066+0530] {subprocess.py:106} INFO -   }, {
[2026-01-29T16:43:04.066+0530] {subprocess.py:106} INFO -     "name" : "temp_lag_1",
[2026-01-29T16:43:04.066+0530] {subprocess.py:106} INFO -     "type" : "double",
[2026-01-29T16:43:04.066+0530] {subprocess.py:106} INFO -     "nullable" : true,
[2026-01-29T16:43:04.067+0530] {subprocess.py:106} INFO -     "metadata" : { }
[2026-01-29T16:43:04.067+0530] {subprocess.py:106} INFO -   }, {
[2026-01-29T16:43:04.067+0530] {subprocess.py:106} INFO -     "name" : "temp_lag_2",
[2026-01-29T16:43:04.067+0530] {subprocess.py:106} INFO -     "type" : "double",
[2026-01-29T16:43:04.067+0530] {subprocess.py:106} INFO -     "nullable" : true,
[2026-01-29T16:43:04.067+0530] {subprocess.py:106} INFO -     "metadata" : { }
[2026-01-29T16:43:04.067+0530] {subprocess.py:106} INFO -   }, {
[2026-01-29T16:43:04.067+0530] {subprocess.py:106} INFO -     "name" : "temp_rolling_3",
[2026-01-29T16:43:04.067+0530] {subprocess.py:106} INFO -     "type" : "double",
[2026-01-29T16:43:04.067+0530] {subprocess.py:106} INFO -     "nullable" : true,
[2026-01-29T16:43:04.067+0530] {subprocess.py:106} INFO -     "metadata" : { }
[2026-01-29T16:43:04.067+0530] {subprocess.py:106} INFO -   }, {
[2026-01-29T16:43:04.068+0530] {subprocess.py:106} INFO -     "name" : "features",
[2026-01-29T16:43:04.068+0530] {subprocess.py:106} INFO -     "type" : {
[2026-01-29T16:43:04.068+0530] {subprocess.py:106} INFO -       "type" : "udt",
[2026-01-29T16:43:04.068+0530] {subprocess.py:106} INFO -       "class" : "org.apache.spark.ml.linalg.VectorUDT",
[2026-01-29T16:43:04.068+0530] {subprocess.py:106} INFO -       "pyClass" : "pyspark.ml.linalg.VectorUDT",
[2026-01-29T16:43:04.068+0530] {subprocess.py:106} INFO -       "sqlType" : {
[2026-01-29T16:43:04.068+0530] {subprocess.py:106} INFO -         "type" : "struct",
[2026-01-29T16:43:04.068+0530] {subprocess.py:106} INFO -         "fields" : [ {
[2026-01-29T16:43:04.068+0530] {subprocess.py:106} INFO -           "name" : "type",
[2026-01-29T16:43:04.068+0530] {subprocess.py:106} INFO -           "type" : "byte",
[2026-01-29T16:43:04.068+0530] {subprocess.py:106} INFO -           "nullable" : false,
[2026-01-29T16:43:04.068+0530] {subprocess.py:106} INFO -           "metadata" : { }
[2026-01-29T16:43:04.069+0530] {subprocess.py:106} INFO -         }, {
[2026-01-29T16:43:04.069+0530] {subprocess.py:106} INFO -           "name" : "size",
[2026-01-29T16:43:04.069+0530] {subprocess.py:106} INFO -           "type" : "integer",
[2026-01-29T16:43:04.069+0530] {subprocess.py:106} INFO -           "nullable" : true,
[2026-01-29T16:43:04.069+0530] {subprocess.py:106} INFO -           "metadata" : { }
[2026-01-29T16:43:04.069+0530] {subprocess.py:106} INFO -         }, {
[2026-01-29T16:43:04.069+0530] {subprocess.py:106} INFO -           "name" : "indices",
[2026-01-29T16:43:04.069+0530] {subprocess.py:106} INFO -           "type" : {
[2026-01-29T16:43:04.069+0530] {subprocess.py:106} INFO -             "type" : "array",
[2026-01-29T16:43:04.069+0530] {subprocess.py:106} INFO -             "elementType" : "integer",
[2026-01-29T16:43:04.069+0530] {subprocess.py:106} INFO -             "containsNull" : false
[2026-01-29T16:43:04.070+0530] {subprocess.py:106} INFO -           },
[2026-01-29T16:43:04.070+0530] {subprocess.py:106} INFO -           "nullable" : true,
[2026-01-29T16:43:04.070+0530] {subprocess.py:106} INFO -           "metadata" : { }
[2026-01-29T16:43:04.070+0530] {subprocess.py:106} INFO -         }, {
[2026-01-29T16:43:04.070+0530] {subprocess.py:106} INFO -           "name" : "values",
[2026-01-29T16:43:04.070+0530] {subprocess.py:106} INFO -           "type" : {
[2026-01-29T16:43:04.070+0530] {subprocess.py:106} INFO -             "type" : "array",
[2026-01-29T16:43:04.070+0530] {subprocess.py:106} INFO -             "elementType" : "double",
[2026-01-29T16:43:04.070+0530] {subprocess.py:106} INFO -             "containsNull" : false
[2026-01-29T16:43:04.070+0530] {subprocess.py:106} INFO -           },
[2026-01-29T16:43:04.070+0530] {subprocess.py:106} INFO -           "nullable" : true,
[2026-01-29T16:43:04.070+0530] {subprocess.py:106} INFO -           "metadata" : { }
[2026-01-29T16:43:04.071+0530] {subprocess.py:106} INFO -         } ]
[2026-01-29T16:43:04.071+0530] {subprocess.py:106} INFO -       }
[2026-01-29T16:43:04.071+0530] {subprocess.py:106} INFO -     },
[2026-01-29T16:43:04.071+0530] {subprocess.py:106} INFO -     "nullable" : true,
[2026-01-29T16:43:04.071+0530] {subprocess.py:106} INFO -     "metadata" : {
[2026-01-29T16:43:04.071+0530] {subprocess.py:106} INFO -       "ml_attr" : {
[2026-01-29T16:43:04.071+0530] {subprocess.py:106} INFO -         "attrs" : {
[2026-01-29T16:43:04.071+0530] {subprocess.py:106} INFO -           "numeric" : [ {
[2026-01-29T16:43:04.071+0530] {subprocess.py:106} INFO -             "idx" : 0,
[2026-01-29T16:43:04.071+0530] {subprocess.py:106} INFO -             "name" : "temperature_2m_max"
[2026-01-29T16:43:04.071+0530] {subprocess.py:106} INFO -           }, {
[2026-01-29T16:43:04.072+0530] {subprocess.py:106} INFO -             "idx" : 1,
[2026-01-29T16:43:04.072+0530] {subprocess.py:106} INFO -             "name" : "temperature_2m_min"
[2026-01-29T16:43:04.072+0530] {subprocess.py:106} INFO -           }, {
[2026-01-29T16:43:04.072+0530] {subprocess.py:106} INFO -             "idx" : 2,
[2026-01-29T16:43:04.072+0530] {subprocess.py:106} INFO -             "name" : "apparent_temperature_max"
[2026-01-29T16:43:04.072+0530] {subprocess.py:106} INFO -           }, {
[2026-01-29T16:43:04.072+0530] {subprocess.py:106} INFO -             "idx" : 3,
[2026-01-29T16:43:04.072+0530] {subprocess.py:106} INFO -             "name" : "apparent_temperature_min"
[2026-01-29T16:43:04.072+0530] {subprocess.py:106} INFO -           }, {
[2026-01-29T16:43:04.072+0530] {subprocess.py:106} INFO -             "idx" : 4,
[2026-01-29T16:43:04.072+0530] {subprocess.py:106} INFO -             "name" : "wind_speed_10m_max"
[2026-01-29T16:43:04.072+0530] {subprocess.py:106} INFO -           }, {
[2026-01-29T16:43:04.073+0530] {subprocess.py:106} INFO -             "idx" : 5,
[2026-01-29T16:43:04.073+0530] {subprocess.py:106} INFO -             "name" : "wind_gusts_10m_max"
[2026-01-29T16:43:04.073+0530] {subprocess.py:106} INFO -           }, {
[2026-01-29T16:43:04.073+0530] {subprocess.py:106} INFO -             "idx" : 6,
[2026-01-29T16:43:04.073+0530] {subprocess.py:106} INFO -             "name" : "rain_sum_log"
[2026-01-29T16:43:04.073+0530] {subprocess.py:106} INFO -           }, {
[2026-01-29T16:43:04.073+0530] {subprocess.py:106} INFO -             "idx" : 7,
[2026-01-29T16:43:04.073+0530] {subprocess.py:106} INFO -             "name" : "temp_lag_1"
[2026-01-29T16:43:04.073+0530] {subprocess.py:106} INFO -           }, {
[2026-01-29T16:43:04.073+0530] {subprocess.py:106} INFO -             "idx" : 8,
[2026-01-29T16:43:04.073+0530] {subprocess.py:106} INFO -             "name" : "temp_lag_2"
[2026-01-29T16:43:04.074+0530] {subprocess.py:106} INFO -           }, {
[2026-01-29T16:43:04.074+0530] {subprocess.py:106} INFO -             "idx" : 9,
[2026-01-29T16:43:04.074+0530] {subprocess.py:106} INFO -             "name" : "temp_rolling_3"
[2026-01-29T16:43:04.074+0530] {subprocess.py:106} INFO -           } ]
[2026-01-29T16:43:04.074+0530] {subprocess.py:106} INFO -         },
[2026-01-29T16:43:04.074+0530] {subprocess.py:106} INFO -         "num_attrs" : 10
[2026-01-29T16:43:04.074+0530] {subprocess.py:106} INFO -       }
[2026-01-29T16:43:04.074+0530] {subprocess.py:106} INFO -     }
[2026-01-29T16:43:04.074+0530] {subprocess.py:106} INFO -   }, {
[2026-01-29T16:43:04.074+0530] {subprocess.py:106} INFO -     "name" : "scaled_features",
[2026-01-29T16:43:04.074+0530] {subprocess.py:106} INFO -     "type" : {
[2026-01-29T16:43:04.074+0530] {subprocess.py:106} INFO -       "type" : "udt",
[2026-01-29T16:43:04.075+0530] {subprocess.py:106} INFO -       "class" : "org.apache.spark.ml.linalg.VectorUDT",
[2026-01-29T16:43:04.075+0530] {subprocess.py:106} INFO -       "pyClass" : "pyspark.ml.linalg.VectorUDT",
[2026-01-29T16:43:04.075+0530] {subprocess.py:106} INFO -       "sqlType" : {
[2026-01-29T16:43:04.075+0530] {subprocess.py:106} INFO -         "type" : "struct",
[2026-01-29T16:43:04.075+0530] {subprocess.py:106} INFO -         "fields" : [ {
[2026-01-29T16:43:04.075+0530] {subprocess.py:106} INFO -           "name" : "type",
[2026-01-29T16:43:04.075+0530] {subprocess.py:106} INFO -           "type" : "byte",
[2026-01-29T16:43:04.075+0530] {subprocess.py:106} INFO -           "nullable" : false,
[2026-01-29T16:43:04.075+0530] {subprocess.py:106} INFO -           "metadata" : { }
[2026-01-29T16:43:04.075+0530] {subprocess.py:106} INFO -         }, {
[2026-01-29T16:43:04.075+0530] {subprocess.py:106} INFO -           "name" : "size",
[2026-01-29T16:43:04.075+0530] {subprocess.py:106} INFO -           "type" : "integer",
[2026-01-29T16:43:04.076+0530] {subprocess.py:106} INFO -           "nullable" : true,
[2026-01-29T16:43:04.076+0530] {subprocess.py:106} INFO -           "metadata" : { }
[2026-01-29T16:43:04.076+0530] {subprocess.py:106} INFO -         }, {
[2026-01-29T16:43:04.076+0530] {subprocess.py:106} INFO -           "name" : "indices",
[2026-01-29T16:43:04.076+0530] {subprocess.py:106} INFO -           "type" : {
[2026-01-29T16:43:04.076+0530] {subprocess.py:106} INFO -             "type" : "array",
[2026-01-29T16:43:04.076+0530] {subprocess.py:106} INFO -             "elementType" : "integer",
[2026-01-29T16:43:04.076+0530] {subprocess.py:106} INFO -             "containsNull" : false
[2026-01-29T16:43:04.076+0530] {subprocess.py:106} INFO -           },
[2026-01-29T16:43:04.076+0530] {subprocess.py:106} INFO -           "nullable" : true,
[2026-01-29T16:43:04.076+0530] {subprocess.py:106} INFO -           "metadata" : { }
[2026-01-29T16:43:04.077+0530] {subprocess.py:106} INFO -         }, {
[2026-01-29T16:43:04.077+0530] {subprocess.py:106} INFO -           "name" : "values",
[2026-01-29T16:43:04.077+0530] {subprocess.py:106} INFO -           "type" : {
[2026-01-29T16:43:04.077+0530] {subprocess.py:106} INFO -             "type" : "array",
[2026-01-29T16:43:04.077+0530] {subprocess.py:106} INFO -             "elementType" : "double",
[2026-01-29T16:43:04.077+0530] {subprocess.py:106} INFO -             "containsNull" : false
[2026-01-29T16:43:04.077+0530] {subprocess.py:106} INFO -           },
[2026-01-29T16:43:04.077+0530] {subprocess.py:106} INFO -           "nullable" : true,
[2026-01-29T16:43:04.077+0530] {subprocess.py:106} INFO -           "metadata" : { }
[2026-01-29T16:43:04.077+0530] {subprocess.py:106} INFO -         } ]
[2026-01-29T16:43:04.077+0530] {subprocess.py:106} INFO -       }
[2026-01-29T16:43:04.077+0530] {subprocess.py:106} INFO -     },
[2026-01-29T16:43:04.078+0530] {subprocess.py:106} INFO -     "nullable" : true,
[2026-01-29T16:43:04.078+0530] {subprocess.py:106} INFO -     "metadata" : {
[2026-01-29T16:43:04.078+0530] {subprocess.py:106} INFO -       "ml_attr" : {
[2026-01-29T16:43:04.078+0530] {subprocess.py:106} INFO -         "num_attrs" : 10
[2026-01-29T16:43:04.078+0530] {subprocess.py:106} INFO -       }
[2026-01-29T16:43:04.078+0530] {subprocess.py:106} INFO -     }
[2026-01-29T16:43:04.078+0530] {subprocess.py:106} INFO -   } ]
[2026-01-29T16:43:04.078+0530] {subprocess.py:106} INFO - }
[2026-01-29T16:43:04.078+0530] {subprocess.py:106} INFO - and corresponding Parquet message type:
[2026-01-29T16:43:04.078+0530] {subprocess.py:106} INFO - message spark_schema {
[2026-01-29T16:43:04.078+0530] {subprocess.py:106} INFO -   optional binary city (STRING);
[2026-01-29T16:43:04.078+0530] {subprocess.py:106} INFO -   optional int32 date (DATE);
[2026-01-29T16:43:04.079+0530] {subprocess.py:106} INFO -   optional double temperature_2m_max;
[2026-01-29T16:43:04.079+0530] {subprocess.py:106} INFO -   optional double temperature_2m_min;
[2026-01-29T16:43:04.079+0530] {subprocess.py:106} INFO -   optional double apparent_temperature_max;
[2026-01-29T16:43:04.079+0530] {subprocess.py:106} INFO -   optional double apparent_temperature_min;
[2026-01-29T16:43:04.079+0530] {subprocess.py:106} INFO -   optional double precipitation_sum;
[2026-01-29T16:43:04.079+0530] {subprocess.py:106} INFO -   optional double rain_sum;
[2026-01-29T16:43:04.079+0530] {subprocess.py:106} INFO -   optional int32 weather_code;
[2026-01-29T16:43:04.079+0530] {subprocess.py:106} INFO -   optional double wind_speed_10m_max;
[2026-01-29T16:43:04.079+0530] {subprocess.py:106} INFO -   optional double wind_gusts_10m_max;
[2026-01-29T16:43:04.079+0530] {subprocess.py:106} INFO -   optional int32 wind_direction_10m_dominant;
[2026-01-29T16:43:04.079+0530] {subprocess.py:106} INFO -   required double city_index;
[2026-01-29T16:43:04.080+0530] {subprocess.py:106} INFO -   optional group city_vector {
[2026-01-29T16:43:04.080+0530] {subprocess.py:106} INFO -     required int32 type (INTEGER(8,true));
[2026-01-29T16:43:04.080+0530] {subprocess.py:106} INFO -     optional int32 size;
[2026-01-29T16:43:04.080+0530] {subprocess.py:106} INFO -     optional group indices (LIST) {
[2026-01-29T16:43:04.080+0530] {subprocess.py:106} INFO -       repeated group list {
[2026-01-29T16:43:04.080+0530] {subprocess.py:106} INFO -         required int32 element;
[2026-01-29T16:43:04.080+0530] {subprocess.py:106} INFO -       }
[2026-01-29T16:43:04.080+0530] {subprocess.py:106} INFO -     }
[2026-01-29T16:43:04.080+0530] {subprocess.py:106} INFO -     optional group values (LIST) {
[2026-01-29T16:43:04.080+0530] {subprocess.py:106} INFO -       repeated group list {
[2026-01-29T16:43:04.080+0530] {subprocess.py:106} INFO -         required double element;
[2026-01-29T16:43:04.080+0530] {subprocess.py:106} INFO -       }
[2026-01-29T16:43:04.081+0530] {subprocess.py:106} INFO -     }
[2026-01-29T16:43:04.081+0530] {subprocess.py:106} INFO -   }
[2026-01-29T16:43:04.081+0530] {subprocess.py:106} INFO -   optional double rain_sum_log;
[2026-01-29T16:43:04.081+0530] {subprocess.py:106} INFO -   optional double precipitation_sum_log;
[2026-01-29T16:43:04.081+0530] {subprocess.py:106} INFO -   optional int32 day;
[2026-01-29T16:43:04.081+0530] {subprocess.py:106} INFO -   optional int32 month;
[2026-01-29T16:43:04.081+0530] {subprocess.py:106} INFO -   optional int32 day_of_week;
[2026-01-29T16:43:04.081+0530] {subprocess.py:106} INFO -   optional int32 year;
[2026-01-29T16:43:04.081+0530] {subprocess.py:106} INFO -   optional double temp_lag_1;
[2026-01-29T16:43:04.081+0530] {subprocess.py:106} INFO -   optional double temp_lag_2;
[2026-01-29T16:43:04.081+0530] {subprocess.py:106} INFO -   optional double temp_rolling_3;
[2026-01-29T16:43:04.082+0530] {subprocess.py:106} INFO -   optional group features {
[2026-01-29T16:43:04.082+0530] {subprocess.py:106} INFO -     required int32 type (INTEGER(8,true));
[2026-01-29T16:43:04.082+0530] {subprocess.py:106} INFO -     optional int32 size;
[2026-01-29T16:43:04.082+0530] {subprocess.py:106} INFO -     optional group indices (LIST) {
[2026-01-29T16:43:04.082+0530] {subprocess.py:106} INFO -       repeated group list {
[2026-01-29T16:43:04.082+0530] {subprocess.py:106} INFO -         required int32 element;
[2026-01-29T16:43:04.082+0530] {subprocess.py:106} INFO -       }
[2026-01-29T16:43:04.082+0530] {subprocess.py:106} INFO -     }
[2026-01-29T16:43:04.082+0530] {subprocess.py:106} INFO -     optional group values (LIST) {
[2026-01-29T16:43:04.082+0530] {subprocess.py:106} INFO -       repeated group list {
[2026-01-29T16:43:04.082+0530] {subprocess.py:106} INFO -         required double element;
[2026-01-29T16:43:04.083+0530] {subprocess.py:106} INFO -       }
[2026-01-29T16:43:04.083+0530] {subprocess.py:106} INFO -     }
[2026-01-29T16:43:04.083+0530] {subprocess.py:106} INFO -   }
[2026-01-29T16:43:04.083+0530] {subprocess.py:106} INFO -   optional group scaled_features {
[2026-01-29T16:43:04.083+0530] {subprocess.py:106} INFO -     required int32 type (INTEGER(8,true));
[2026-01-29T16:43:04.083+0530] {subprocess.py:106} INFO -     optional int32 size;
[2026-01-29T16:43:04.083+0530] {subprocess.py:106} INFO -     optional group indices (LIST) {
[2026-01-29T16:43:04.083+0530] {subprocess.py:106} INFO -       repeated group list {
[2026-01-29T16:43:04.083+0530] {subprocess.py:106} INFO -         required int32 element;
[2026-01-29T16:43:04.083+0530] {subprocess.py:106} INFO -       }
[2026-01-29T16:43:04.083+0530] {subprocess.py:106} INFO -     }
[2026-01-29T16:43:04.083+0530] {subprocess.py:106} INFO -     optional group values (LIST) {
[2026-01-29T16:43:04.084+0530] {subprocess.py:106} INFO -       repeated group list {
[2026-01-29T16:43:04.084+0530] {subprocess.py:106} INFO -         required double element;
[2026-01-29T16:43:04.084+0530] {subprocess.py:106} INFO -       }
[2026-01-29T16:43:04.084+0530] {subprocess.py:106} INFO -     }
[2026-01-29T16:43:04.084+0530] {subprocess.py:106} INFO -   }
[2026-01-29T16:43:04.084+0530] {subprocess.py:106} INFO - }
[2026-01-29T16:43:04.084+0530] {subprocess.py:106} INFO - 
[2026-01-29T16:43:04.084+0530] {subprocess.py:106} INFO - 
[2026-01-29T16:43:04.084+0530] {subprocess.py:106} INFO - 26/01/29 16:43:03 INFO ParquetWriteSupport: Initialized Parquet WriteSupport with Catalyst schema:
[2026-01-29T16:43:04.084+0530] {subprocess.py:106} INFO - {
[2026-01-29T16:43:04.084+0530] {subprocess.py:106} INFO -   "type" : "struct",
[2026-01-29T16:43:04.085+0530] {subprocess.py:106} INFO -   "fields" : [ {
[2026-01-29T16:43:04.085+0530] {subprocess.py:106} INFO -     "name" : "city",
[2026-01-29T16:43:04.085+0530] {subprocess.py:106} INFO -     "type" : "string",
[2026-01-29T16:43:04.085+0530] {subprocess.py:106} INFO -     "nullable" : true,
[2026-01-29T16:43:04.085+0530] {subprocess.py:106} INFO -     "metadata" : { }
[2026-01-29T16:43:04.085+0530] {subprocess.py:106} INFO -   }, {
[2026-01-29T16:43:04.085+0530] {subprocess.py:106} INFO -     "name" : "date",
[2026-01-29T16:43:04.085+0530] {subprocess.py:106} INFO -     "type" : "date",
[2026-01-29T16:43:04.085+0530] {subprocess.py:106} INFO -     "nullable" : true,
[2026-01-29T16:43:04.085+0530] {subprocess.py:106} INFO -     "metadata" : { }
[2026-01-29T16:43:04.085+0530] {subprocess.py:106} INFO -   }, {
[2026-01-29T16:43:04.085+0530] {subprocess.py:106} INFO -     "name" : "temperature_2m_max",
[2026-01-29T16:43:04.086+0530] {subprocess.py:106} INFO -     "type" : "double",
[2026-01-29T16:43:04.086+0530] {subprocess.py:106} INFO -     "nullable" : true,
[2026-01-29T16:43:04.086+0530] {subprocess.py:106} INFO -     "metadata" : { }
[2026-01-29T16:43:04.086+0530] {subprocess.py:106} INFO -   }, {
[2026-01-29T16:43:04.086+0530] {subprocess.py:106} INFO -     "name" : "temperature_2m_min",
[2026-01-29T16:43:04.086+0530] {subprocess.py:106} INFO -     "type" : "double",
[2026-01-29T16:43:04.086+0530] {subprocess.py:106} INFO -     "nullable" : true,
[2026-01-29T16:43:04.086+0530] {subprocess.py:106} INFO -     "metadata" : { }
[2026-01-29T16:43:04.086+0530] {subprocess.py:106} INFO -   }, {
[2026-01-29T16:43:04.086+0530] {subprocess.py:106} INFO -     "name" : "apparent_temperature_max",
[2026-01-29T16:43:04.086+0530] {subprocess.py:106} INFO -     "type" : "double",
[2026-01-29T16:43:04.087+0530] {subprocess.py:106} INFO -     "nullable" : true,
[2026-01-29T16:43:04.087+0530] {subprocess.py:106} INFO -     "metadata" : { }
[2026-01-29T16:43:04.087+0530] {subprocess.py:106} INFO -   }, {
[2026-01-29T16:43:04.087+0530] {subprocess.py:106} INFO -     "name" : "apparent_temperature_min",
[2026-01-29T16:43:04.087+0530] {subprocess.py:106} INFO -     "type" : "double",
[2026-01-29T16:43:04.087+0530] {subprocess.py:106} INFO -     "nullable" : true,
[2026-01-29T16:43:04.087+0530] {subprocess.py:106} INFO -     "metadata" : { }
[2026-01-29T16:43:04.087+0530] {subprocess.py:106} INFO -   }, {
[2026-01-29T16:43:04.087+0530] {subprocess.py:106} INFO -     "name" : "precipitation_sum",
[2026-01-29T16:43:04.087+0530] {subprocess.py:106} INFO -     "type" : "double",
[2026-01-29T16:43:04.087+0530] {subprocess.py:106} INFO -     "nullable" : true,
[2026-01-29T16:43:04.088+0530] {subprocess.py:106} INFO -     "metadata" : { }
[2026-01-29T16:43:04.088+0530] {subprocess.py:106} INFO -   }, {
[2026-01-29T16:43:04.088+0530] {subprocess.py:106} INFO -     "name" : "rain_sum",
[2026-01-29T16:43:04.088+0530] {subprocess.py:106} INFO -     "type" : "double",
[2026-01-29T16:43:04.088+0530] {subprocess.py:106} INFO -     "nullable" : true,
[2026-01-29T16:43:04.088+0530] {subprocess.py:106} INFO -     "metadata" : { }
[2026-01-29T16:43:04.088+0530] {subprocess.py:106} INFO -   }, {
[2026-01-29T16:43:04.088+0530] {subprocess.py:106} INFO -     "name" : "weather_code",
[2026-01-29T16:43:04.088+0530] {subprocess.py:106} INFO -     "type" : "integer",
[2026-01-29T16:43:04.088+0530] {subprocess.py:106} INFO -     "nullable" : true,
[2026-01-29T16:43:04.088+0530] {subprocess.py:106} INFO -     "metadata" : { }
[2026-01-29T16:43:04.088+0530] {subprocess.py:106} INFO -   }, {
[2026-01-29T16:43:04.089+0530] {subprocess.py:106} INFO -     "name" : "wind_speed_10m_max",
[2026-01-29T16:43:04.089+0530] {subprocess.py:106} INFO -     "type" : "double",
[2026-01-29T16:43:04.089+0530] {subprocess.py:106} INFO -     "nullable" : true,
[2026-01-29T16:43:04.089+0530] {subprocess.py:106} INFO -     "metadata" : { }
[2026-01-29T16:43:04.089+0530] {subprocess.py:106} INFO -   }, {
[2026-01-29T16:43:04.089+0530] {subprocess.py:106} INFO -     "name" : "wind_gusts_10m_max",
[2026-01-29T16:43:04.089+0530] {subprocess.py:106} INFO -     "type" : "double",
[2026-01-29T16:43:04.089+0530] {subprocess.py:106} INFO -     "nullable" : true,
[2026-01-29T16:43:04.089+0530] {subprocess.py:106} INFO -     "metadata" : { }
[2026-01-29T16:43:04.089+0530] {subprocess.py:106} INFO -   }, {
[2026-01-29T16:43:04.089+0530] {subprocess.py:106} INFO -     "name" : "wind_direction_10m_dominant",
[2026-01-29T16:43:04.089+0530] {subprocess.py:106} INFO -     "type" : "integer",
[2026-01-29T16:43:04.090+0530] {subprocess.py:106} INFO -     "nullable" : true,
[2026-01-29T16:43:04.090+0530] {subprocess.py:106} INFO -     "metadata" : { }
[2026-01-29T16:43:04.090+0530] {subprocess.py:106} INFO -   }, {
[2026-01-29T16:43:04.090+0530] {subprocess.py:106} INFO -     "name" : "city_index",
[2026-01-29T16:43:04.090+0530] {subprocess.py:106} INFO -     "type" : "double",
[2026-01-29T16:43:04.090+0530] {subprocess.py:106} INFO -     "nullable" : false,
[2026-01-29T16:43:04.090+0530] {subprocess.py:106} INFO -     "metadata" : {
[2026-01-29T16:43:04.090+0530] {subprocess.py:106} INFO -       "ml_attr" : {
[2026-01-29T16:43:04.090+0530] {subprocess.py:106} INFO -         "type" : "nominal",
[2026-01-29T16:43:04.090+0530] {subprocess.py:106} INFO -         "vals" : [ "Ahmedabad", "Bangalore", "Chennai", "Delhi", "Hyderabad", "Jaipur", "Kolkata", "Lucknow", "Mumbai", "Pune", "city", "__unknown" ],
[2026-01-29T16:43:04.090+0530] {subprocess.py:106} INFO -         "name" : "city_index"
[2026-01-29T16:43:04.091+0530] {subprocess.py:106} INFO -       }
[2026-01-29T16:43:04.091+0530] {subprocess.py:106} INFO -     }
[2026-01-29T16:43:04.091+0530] {subprocess.py:106} INFO -   }, {
[2026-01-29T16:43:04.091+0530] {subprocess.py:106} INFO -     "name" : "city_vector",
[2026-01-29T16:43:04.091+0530] {subprocess.py:106} INFO -     "type" : {
[2026-01-29T16:43:04.091+0530] {subprocess.py:106} INFO -       "type" : "udt",
[2026-01-29T16:43:04.091+0530] {subprocess.py:106} INFO -       "class" : "org.apache.spark.ml.linalg.VectorUDT",
[2026-01-29T16:43:04.091+0530] {subprocess.py:106} INFO -       "pyClass" : "pyspark.ml.linalg.VectorUDT",
[2026-01-29T16:43:04.091+0530] {subprocess.py:106} INFO -       "sqlType" : {
[2026-01-29T16:43:04.091+0530] {subprocess.py:106} INFO -         "type" : "struct",
[2026-01-29T16:43:04.091+0530] {subprocess.py:106} INFO -         "fields" : [ {
[2026-01-29T16:43:04.091+0530] {subprocess.py:106} INFO -           "name" : "type",
[2026-01-29T16:43:04.092+0530] {subprocess.py:106} INFO -           "type" : "byte",
[2026-01-29T16:43:04.092+0530] {subprocess.py:106} INFO -           "nullable" : false,
[2026-01-29T16:43:04.092+0530] {subprocess.py:106} INFO -           "metadata" : { }
[2026-01-29T16:43:04.092+0530] {subprocess.py:106} INFO -         }, {
[2026-01-29T16:43:04.092+0530] {subprocess.py:106} INFO -           "name" : "size",
[2026-01-29T16:43:04.092+0530] {subprocess.py:106} INFO -           "type" : "integer",
[2026-01-29T16:43:04.092+0530] {subprocess.py:106} INFO -           "nullable" : true,
[2026-01-29T16:43:04.092+0530] {subprocess.py:106} INFO -           "metadata" : { }
[2026-01-29T16:43:04.092+0530] {subprocess.py:106} INFO -         }, {
[2026-01-29T16:43:04.092+0530] {subprocess.py:106} INFO -           "name" : "indices",
[2026-01-29T16:43:04.092+0530] {subprocess.py:106} INFO -           "type" : {
[2026-01-29T16:43:04.092+0530] {subprocess.py:106} INFO -             "type" : "array",
[2026-01-29T16:43:04.093+0530] {subprocess.py:106} INFO -             "elementType" : "integer",
[2026-01-29T16:43:04.093+0530] {subprocess.py:106} INFO -             "containsNull" : false
[2026-01-29T16:43:04.093+0530] {subprocess.py:106} INFO -           },
[2026-01-29T16:43:04.093+0530] {subprocess.py:106} INFO -           "nullable" : true,
[2026-01-29T16:43:04.093+0530] {subprocess.py:106} INFO -           "metadata" : { }
[2026-01-29T16:43:04.093+0530] {subprocess.py:106} INFO -         }, {
[2026-01-29T16:43:04.093+0530] {subprocess.py:106} INFO -           "name" : "values",
[2026-01-29T16:43:04.093+0530] {subprocess.py:106} INFO -           "type" : {
[2026-01-29T16:43:04.093+0530] {subprocess.py:106} INFO -             "type" : "array",
[2026-01-29T16:43:04.093+0530] {subprocess.py:106} INFO -             "elementType" : "double",
[2026-01-29T16:43:04.093+0530] {subprocess.py:106} INFO -             "containsNull" : false
[2026-01-29T16:43:04.094+0530] {subprocess.py:106} INFO -           },
[2026-01-29T16:43:04.094+0530] {subprocess.py:106} INFO -           "nullable" : true,
[2026-01-29T16:43:04.094+0530] {subprocess.py:106} INFO -           "metadata" : { }
[2026-01-29T16:43:04.094+0530] {subprocess.py:106} INFO -         } ]
[2026-01-29T16:43:04.094+0530] {subprocess.py:106} INFO -       }
[2026-01-29T16:43:04.094+0530] {subprocess.py:106} INFO -     },
[2026-01-29T16:43:04.094+0530] {subprocess.py:106} INFO -     "nullable" : true,
[2026-01-29T16:43:04.094+0530] {subprocess.py:106} INFO -     "metadata" : {
[2026-01-29T16:43:04.094+0530] {subprocess.py:106} INFO -       "ml_attr" : {
[2026-01-29T16:43:04.094+0530] {subprocess.py:106} INFO -         "attrs" : {
[2026-01-29T16:43:04.094+0530] {subprocess.py:106} INFO -           "binary" : [ {
[2026-01-29T16:43:04.095+0530] {subprocess.py:106} INFO -             "idx" : 0,
[2026-01-29T16:43:04.095+0530] {subprocess.py:106} INFO -             "name" : "Ahmedabad"
[2026-01-29T16:43:04.095+0530] {subprocess.py:106} INFO -           }, {
[2026-01-29T16:43:04.095+0530] {subprocess.py:106} INFO -             "idx" : 1,
[2026-01-29T16:43:04.095+0530] {subprocess.py:106} INFO -             "name" : "Bangalore"
[2026-01-29T16:43:04.095+0530] {subprocess.py:106} INFO -           }, {
[2026-01-29T16:43:04.095+0530] {subprocess.py:106} INFO -             "idx" : 2,
[2026-01-29T16:43:04.095+0530] {subprocess.py:106} INFO -             "name" : "Chennai"
[2026-01-29T16:43:04.095+0530] {subprocess.py:106} INFO -           }, {
[2026-01-29T16:43:04.095+0530] {subprocess.py:106} INFO -             "idx" : 3,
[2026-01-29T16:43:04.095+0530] {subprocess.py:106} INFO -             "name" : "Delhi"
[2026-01-29T16:43:04.095+0530] {subprocess.py:106} INFO -           }, {
[2026-01-29T16:43:04.096+0530] {subprocess.py:106} INFO -             "idx" : 4,
[2026-01-29T16:43:04.096+0530] {subprocess.py:106} INFO -             "name" : "Hyderabad"
[2026-01-29T16:43:04.096+0530] {subprocess.py:106} INFO -           }, {
[2026-01-29T16:43:04.096+0530] {subprocess.py:106} INFO -             "idx" : 5,
[2026-01-29T16:43:04.096+0530] {subprocess.py:106} INFO -             "name" : "Jaipur"
[2026-01-29T16:43:04.096+0530] {subprocess.py:106} INFO -           }, {
[2026-01-29T16:43:04.096+0530] {subprocess.py:106} INFO -             "idx" : 6,
[2026-01-29T16:43:04.096+0530] {subprocess.py:106} INFO -             "name" : "Kolkata"
[2026-01-29T16:43:04.096+0530] {subprocess.py:106} INFO -           }, {
[2026-01-29T16:43:04.096+0530] {subprocess.py:106} INFO -             "idx" : 7,
[2026-01-29T16:43:04.096+0530] {subprocess.py:106} INFO -             "name" : "Lucknow"
[2026-01-29T16:43:04.096+0530] {subprocess.py:106} INFO -           }, {
[2026-01-29T16:43:04.097+0530] {subprocess.py:106} INFO -             "idx" : 8,
[2026-01-29T16:43:04.097+0530] {subprocess.py:106} INFO -             "name" : "Mumbai"
[2026-01-29T16:43:04.097+0530] {subprocess.py:106} INFO -           }, {
[2026-01-29T16:43:04.097+0530] {subprocess.py:106} INFO -             "idx" : 9,
[2026-01-29T16:43:04.097+0530] {subprocess.py:106} INFO -             "name" : "Pune"
[2026-01-29T16:43:04.097+0530] {subprocess.py:106} INFO -           }, {
[2026-01-29T16:43:04.097+0530] {subprocess.py:106} INFO -             "idx" : 10,
[2026-01-29T16:43:04.097+0530] {subprocess.py:106} INFO -             "name" : "city"
[2026-01-29T16:43:04.097+0530] {subprocess.py:106} INFO -           } ]
[2026-01-29T16:43:04.097+0530] {subprocess.py:106} INFO -         },
[2026-01-29T16:43:04.097+0530] {subprocess.py:106} INFO -         "num_attrs" : 11
[2026-01-29T16:43:04.098+0530] {subprocess.py:106} INFO -       }
[2026-01-29T16:43:04.098+0530] {subprocess.py:106} INFO -     }
[2026-01-29T16:43:04.098+0530] {subprocess.py:106} INFO -   }, {
[2026-01-29T16:43:04.098+0530] {subprocess.py:106} INFO -     "name" : "rain_sum_log",
[2026-01-29T16:43:04.098+0530] {subprocess.py:106} INFO -     "type" : "double",
[2026-01-29T16:43:04.098+0530] {subprocess.py:106} INFO -     "nullable" : true,
[2026-01-29T16:43:04.098+0530] {subprocess.py:106} INFO -     "metadata" : { }
[2026-01-29T16:43:04.098+0530] {subprocess.py:106} INFO -   }, {
[2026-01-29T16:43:04.098+0530] {subprocess.py:106} INFO -     "name" : "precipitation_sum_log",
[2026-01-29T16:43:04.098+0530] {subprocess.py:106} INFO -     "type" : "double",
[2026-01-29T16:43:04.098+0530] {subprocess.py:106} INFO -     "nullable" : true,
[2026-01-29T16:43:04.099+0530] {subprocess.py:106} INFO -     "metadata" : { }
[2026-01-29T16:43:04.099+0530] {subprocess.py:106} INFO -   }, {
[2026-01-29T16:43:04.099+0530] {subprocess.py:106} INFO -     "name" : "day",
[2026-01-29T16:43:04.099+0530] {subprocess.py:106} INFO -     "type" : "integer",
[2026-01-29T16:43:04.099+0530] {subprocess.py:106} INFO -     "nullable" : true,
[2026-01-29T16:43:04.099+0530] {subprocess.py:106} INFO -     "metadata" : { }
[2026-01-29T16:43:04.099+0530] {subprocess.py:106} INFO -   }, {
[2026-01-29T16:43:04.099+0530] {subprocess.py:106} INFO -     "name" : "month",
[2026-01-29T16:43:04.099+0530] {subprocess.py:106} INFO -     "type" : "integer",
[2026-01-29T16:43:04.099+0530] {subprocess.py:106} INFO -     "nullable" : true,
[2026-01-29T16:43:04.099+0530] {subprocess.py:106} INFO -     "metadata" : { }
[2026-01-29T16:43:04.099+0530] {subprocess.py:106} INFO -   }, {
[2026-01-29T16:43:04.100+0530] {subprocess.py:106} INFO -     "name" : "day_of_week",
[2026-01-29T16:43:04.100+0530] {subprocess.py:106} INFO -     "type" : "integer",
[2026-01-29T16:43:04.100+0530] {subprocess.py:106} INFO -     "nullable" : true,
[2026-01-29T16:43:04.100+0530] {subprocess.py:106} INFO -     "metadata" : { }
[2026-01-29T16:43:04.100+0530] {subprocess.py:106} INFO -   }, {
[2026-01-29T16:43:04.100+0530] {subprocess.py:106} INFO -     "name" : "year",
[2026-01-29T16:43:04.100+0530] {subprocess.py:106} INFO -     "type" : "integer",
[2026-01-29T16:43:04.100+0530] {subprocess.py:106} INFO -     "nullable" : true,
[2026-01-29T16:43:04.100+0530] {subprocess.py:106} INFO -     "metadata" : { }
[2026-01-29T16:43:04.100+0530] {subprocess.py:106} INFO -   }, {
[2026-01-29T16:43:04.100+0530] {subprocess.py:106} INFO -     "name" : "temp_lag_1",
[2026-01-29T16:43:04.101+0530] {subprocess.py:106} INFO -     "type" : "double",
[2026-01-29T16:43:04.101+0530] {subprocess.py:106} INFO -     "nullable" : true,
[2026-01-29T16:43:04.101+0530] {subprocess.py:106} INFO -     "metadata" : { }
[2026-01-29T16:43:04.101+0530] {subprocess.py:106} INFO -   }, {
[2026-01-29T16:43:04.101+0530] {subprocess.py:106} INFO -     "name" : "temp_lag_2",
[2026-01-29T16:43:04.101+0530] {subprocess.py:106} INFO -     "type" : "double",
[2026-01-29T16:43:04.101+0530] {subprocess.py:106} INFO -     "nullable" : true,
[2026-01-29T16:43:04.101+0530] {subprocess.py:106} INFO -     "metadata" : { }
[2026-01-29T16:43:04.101+0530] {subprocess.py:106} INFO -   }, {
[2026-01-29T16:43:04.101+0530] {subprocess.py:106} INFO -     "name" : "temp_rolling_3",
[2026-01-29T16:43:04.101+0530] {subprocess.py:106} INFO -     "type" : "double",
[2026-01-29T16:43:04.101+0530] {subprocess.py:106} INFO -     "nullable" : true,
[2026-01-29T16:43:04.102+0530] {subprocess.py:106} INFO -     "metadata" : { }
[2026-01-29T16:43:04.102+0530] {subprocess.py:106} INFO -   }, {
[2026-01-29T16:43:04.102+0530] {subprocess.py:106} INFO -     "name" : "features",
[2026-01-29T16:43:04.102+0530] {subprocess.py:106} INFO -     "type" : {
[2026-01-29T16:43:04.102+0530] {subprocess.py:106} INFO -       "type" : "udt",
[2026-01-29T16:43:04.102+0530] {subprocess.py:106} INFO -       "class" : "org.apache.spark.ml.linalg.VectorUDT",
[2026-01-29T16:43:04.102+0530] {subprocess.py:106} INFO -       "pyClass" : "pyspark.ml.linalg.VectorUDT",
[2026-01-29T16:43:04.102+0530] {subprocess.py:106} INFO -       "sqlType" : {
[2026-01-29T16:43:04.102+0530] {subprocess.py:106} INFO -         "type" : "struct",
[2026-01-29T16:43:04.102+0530] {subprocess.py:106} INFO -         "fields" : [ {
[2026-01-29T16:43:04.102+0530] {subprocess.py:106} INFO -           "name" : "type",
[2026-01-29T16:43:04.103+0530] {subprocess.py:106} INFO -           "type" : "byte",
[2026-01-29T16:43:04.103+0530] {subprocess.py:106} INFO -           "nullable" : false,
[2026-01-29T16:43:04.103+0530] {subprocess.py:106} INFO -           "metadata" : { }
[2026-01-29T16:43:04.103+0530] {subprocess.py:106} INFO -         }, {
[2026-01-29T16:43:04.103+0530] {subprocess.py:106} INFO -           "name" : "size",
[2026-01-29T16:43:04.103+0530] {subprocess.py:106} INFO -           "type" : "integer",
[2026-01-29T16:43:04.103+0530] {subprocess.py:106} INFO -           "nullable" : true,
[2026-01-29T16:43:04.103+0530] {subprocess.py:106} INFO -           "metadata" : { }
[2026-01-29T16:43:04.103+0530] {subprocess.py:106} INFO -         }, {
[2026-01-29T16:43:04.103+0530] {subprocess.py:106} INFO -           "name" : "indices",
[2026-01-29T16:43:04.103+0530] {subprocess.py:106} INFO -           "type" : {
[2026-01-29T16:43:04.103+0530] {subprocess.py:106} INFO -             "type" : "array",
[2026-01-29T16:43:04.104+0530] {subprocess.py:106} INFO -             "elementType" : "integer",
[2026-01-29T16:43:04.104+0530] {subprocess.py:106} INFO -             "containsNull" : false
[2026-01-29T16:43:04.104+0530] {subprocess.py:106} INFO -           },
[2026-01-29T16:43:04.104+0530] {subprocess.py:106} INFO -           "nullable" : true,
[2026-01-29T16:43:04.104+0530] {subprocess.py:106} INFO -           "metadata" : { }
[2026-01-29T16:43:04.104+0530] {subprocess.py:106} INFO -         }, {
[2026-01-29T16:43:04.104+0530] {subprocess.py:106} INFO -           "name" : "values",
[2026-01-29T16:43:04.104+0530] {subprocess.py:106} INFO -           "type" : {
[2026-01-29T16:43:04.104+0530] {subprocess.py:106} INFO -             "type" : "array",
[2026-01-29T16:43:04.104+0530] {subprocess.py:106} INFO -             "elementType" : "double",
[2026-01-29T16:43:04.104+0530] {subprocess.py:106} INFO -             "containsNull" : false
[2026-01-29T16:43:04.104+0530] {subprocess.py:106} INFO -           },
[2026-01-29T16:43:04.105+0530] {subprocess.py:106} INFO -           "nullable" : true,
[2026-01-29T16:43:04.105+0530] {subprocess.py:106} INFO -           "metadata" : { }
[2026-01-29T16:43:04.105+0530] {subprocess.py:106} INFO -         } ]
[2026-01-29T16:43:04.105+0530] {subprocess.py:106} INFO -       }
[2026-01-29T16:43:04.105+0530] {subprocess.py:106} INFO -     },
[2026-01-29T16:43:04.105+0530] {subprocess.py:106} INFO -     "nullable" : true,
[2026-01-29T16:43:04.105+0530] {subprocess.py:106} INFO -     "metadata" : {
[2026-01-29T16:43:04.105+0530] {subprocess.py:106} INFO -       "ml_attr" : {
[2026-01-29T16:43:04.105+0530] {subprocess.py:106} INFO -         "attrs" : {
[2026-01-29T16:43:04.105+0530] {subprocess.py:106} INFO -           "numeric" : [ {
[2026-01-29T16:43:04.105+0530] {subprocess.py:106} INFO -             "idx" : 0,
[2026-01-29T16:43:04.105+0530] {subprocess.py:106} INFO -             "name" : "temperature_2m_max"
[2026-01-29T16:43:04.106+0530] {subprocess.py:106} INFO -           }, {
[2026-01-29T16:43:04.106+0530] {subprocess.py:106} INFO -             "idx" : 1,
[2026-01-29T16:43:04.106+0530] {subprocess.py:106} INFO -             "name" : "temperature_2m_min"
[2026-01-29T16:43:04.106+0530] {subprocess.py:106} INFO -           }, {
[2026-01-29T16:43:04.106+0530] {subprocess.py:106} INFO -             "idx" : 2,
[2026-01-29T16:43:04.106+0530] {subprocess.py:106} INFO -             "name" : "apparent_temperature_max"
[2026-01-29T16:43:04.106+0530] {subprocess.py:106} INFO -           }, {
[2026-01-29T16:43:04.106+0530] {subprocess.py:106} INFO -             "idx" : 3,
[2026-01-29T16:43:04.106+0530] {subprocess.py:106} INFO -             "name" : "apparent_temperature_min"
[2026-01-29T16:43:04.106+0530] {subprocess.py:106} INFO -           }, {
[2026-01-29T16:43:04.106+0530] {subprocess.py:106} INFO -             "idx" : 4,
[2026-01-29T16:43:04.107+0530] {subprocess.py:106} INFO -             "name" : "wind_speed_10m_max"
[2026-01-29T16:43:04.107+0530] {subprocess.py:106} INFO -           }, {
[2026-01-29T16:43:04.107+0530] {subprocess.py:106} INFO -             "idx" : 5,
[2026-01-29T16:43:04.107+0530] {subprocess.py:106} INFO -             "name" : "wind_gusts_10m_max"
[2026-01-29T16:43:04.107+0530] {subprocess.py:106} INFO -           }, {
[2026-01-29T16:43:04.107+0530] {subprocess.py:106} INFO -             "idx" : 6,
[2026-01-29T16:43:04.107+0530] {subprocess.py:106} INFO -             "name" : "rain_sum_log"
[2026-01-29T16:43:04.107+0530] {subprocess.py:106} INFO -           }, {
[2026-01-29T16:43:04.107+0530] {subprocess.py:106} INFO -             "idx" : 7,
[2026-01-29T16:43:04.107+0530] {subprocess.py:106} INFO -             "name" : "temp_lag_1"
[2026-01-29T16:43:04.107+0530] {subprocess.py:106} INFO -           }, {
[2026-01-29T16:43:04.107+0530] {subprocess.py:106} INFO -             "idx" : 8,
[2026-01-29T16:43:04.108+0530] {subprocess.py:106} INFO -             "name" : "temp_lag_2"
[2026-01-29T16:43:04.108+0530] {subprocess.py:106} INFO -           }, {
[2026-01-29T16:43:04.108+0530] {subprocess.py:106} INFO -             "idx" : 9,
[2026-01-29T16:43:04.108+0530] {subprocess.py:106} INFO -             "name" : "temp_rolling_3"
[2026-01-29T16:43:04.108+0530] {subprocess.py:106} INFO -           } ]
[2026-01-29T16:43:04.108+0530] {subprocess.py:106} INFO -         },
[2026-01-29T16:43:04.108+0530] {subprocess.py:106} INFO -         "num_attrs" : 10
[2026-01-29T16:43:04.108+0530] {subprocess.py:106} INFO -       }
[2026-01-29T16:43:04.108+0530] {subprocess.py:106} INFO -     }
[2026-01-29T16:43:04.108+0530] {subprocess.py:106} INFO -   }, {
[2026-01-29T16:43:04.108+0530] {subprocess.py:106} INFO -     "name" : "scaled_features",
[2026-01-29T16:43:04.108+0530] {subprocess.py:106} INFO -     "type" : {
[2026-01-29T16:43:04.109+0530] {subprocess.py:106} INFO -       "type" : "udt",
[2026-01-29T16:43:04.109+0530] {subprocess.py:106} INFO -       "class" : "org.apache.spark.ml.linalg.VectorUDT",
[2026-01-29T16:43:04.109+0530] {subprocess.py:106} INFO -       "pyClass" : "pyspark.ml.linalg.VectorUDT",
[2026-01-29T16:43:04.109+0530] {subprocess.py:106} INFO -       "sqlType" : {
[2026-01-29T16:43:04.109+0530] {subprocess.py:106} INFO -         "type" : "struct",
[2026-01-29T16:43:04.109+0530] {subprocess.py:106} INFO -         "fields" : [ {
[2026-01-29T16:43:04.109+0530] {subprocess.py:106} INFO -           "name" : "type",
[2026-01-29T16:43:04.109+0530] {subprocess.py:106} INFO -           "type" : "byte",
[2026-01-29T16:43:04.109+0530] {subprocess.py:106} INFO -           "nullable" : false,
[2026-01-29T16:43:04.109+0530] {subprocess.py:106} INFO -           "metadata" : { }
[2026-01-29T16:43:04.109+0530] {subprocess.py:106} INFO -         }, {
[2026-01-29T16:43:04.110+0530] {subprocess.py:106} INFO -           "name" : "size",
[2026-01-29T16:43:04.110+0530] {subprocess.py:106} INFO -           "type" : "integer",
[2026-01-29T16:43:04.110+0530] {subprocess.py:106} INFO -           "nullable" : true,
[2026-01-29T16:43:04.110+0530] {subprocess.py:106} INFO -           "metadata" : { }
[2026-01-29T16:43:04.110+0530] {subprocess.py:106} INFO -         }, {
[2026-01-29T16:43:04.110+0530] {subprocess.py:106} INFO -           "name" : "indices",
[2026-01-29T16:43:04.110+0530] {subprocess.py:106} INFO -           "type" : {
[2026-01-29T16:43:04.110+0530] {subprocess.py:106} INFO -             "type" : "array",
[2026-01-29T16:43:04.110+0530] {subprocess.py:106} INFO -             "elementType" : "integer",
[2026-01-29T16:43:04.110+0530] {subprocess.py:106} INFO -             "containsNull" : false
[2026-01-29T16:43:04.110+0530] {subprocess.py:106} INFO -           },
[2026-01-29T16:43:04.111+0530] {subprocess.py:106} INFO -           "nullable" : true,
[2026-01-29T16:43:04.111+0530] {subprocess.py:106} INFO -           "metadata" : { }
[2026-01-29T16:43:04.111+0530] {subprocess.py:106} INFO -         }, {
[2026-01-29T16:43:04.111+0530] {subprocess.py:106} INFO -           "name" : "values",
[2026-01-29T16:43:04.111+0530] {subprocess.py:106} INFO -           "type" : {
[2026-01-29T16:43:04.111+0530] {subprocess.py:106} INFO -             "type" : "array",
[2026-01-29T16:43:04.111+0530] {subprocess.py:106} INFO -             "elementType" : "double",
[2026-01-29T16:43:04.111+0530] {subprocess.py:106} INFO -             "containsNull" : false
[2026-01-29T16:43:04.111+0530] {subprocess.py:106} INFO -           },
[2026-01-29T16:43:04.111+0530] {subprocess.py:106} INFO -           "nullable" : true,
[2026-01-29T16:43:04.111+0530] {subprocess.py:106} INFO -           "metadata" : { }
[2026-01-29T16:43:04.111+0530] {subprocess.py:106} INFO -         } ]
[2026-01-29T16:43:04.112+0530] {subprocess.py:106} INFO -       }
[2026-01-29T16:43:04.112+0530] {subprocess.py:106} INFO -     },
[2026-01-29T16:43:04.112+0530] {subprocess.py:106} INFO -     "nullable" : true,
[2026-01-29T16:43:04.112+0530] {subprocess.py:106} INFO -     "metadata" : {
[2026-01-29T16:43:04.112+0530] {subprocess.py:106} INFO -       "ml_attr" : {
[2026-01-29T16:43:04.112+0530] {subprocess.py:106} INFO -         "num_attrs" : 10
[2026-01-29T16:43:04.112+0530] {subprocess.py:106} INFO -       }
[2026-01-29T16:43:04.112+0530] {subprocess.py:106} INFO -     }
[2026-01-29T16:43:04.112+0530] {subprocess.py:106} INFO -   } ]
[2026-01-29T16:43:04.112+0530] {subprocess.py:106} INFO - }
[2026-01-29T16:43:04.112+0530] {subprocess.py:106} INFO - and corresponding Parquet message type:
[2026-01-29T16:43:04.113+0530] {subprocess.py:106} INFO - message spark_schema {
[2026-01-29T16:43:04.113+0530] {subprocess.py:106} INFO -   optional binary city (STRING);
[2026-01-29T16:43:04.113+0530] {subprocess.py:106} INFO -   optional int32 date (DATE);
[2026-01-29T16:43:04.113+0530] {subprocess.py:106} INFO -   optional double temperature_2m_max;
[2026-01-29T16:43:04.113+0530] {subprocess.py:106} INFO -   optional double temperature_2m_min;
[2026-01-29T16:43:04.113+0530] {subprocess.py:106} INFO -   optional double apparent_temperature_max;
[2026-01-29T16:43:04.113+0530] {subprocess.py:106} INFO -   optional double apparent_temperature_min;
[2026-01-29T16:43:04.113+0530] {subprocess.py:106} INFO -   optional double precipitation_sum;
[2026-01-29T16:43:04.113+0530] {subprocess.py:106} INFO -   optional double rain_sum;
[2026-01-29T16:43:04.113+0530] {subprocess.py:106} INFO -   optional int32 weather_code;
[2026-01-29T16:43:04.113+0530] {subprocess.py:106} INFO -   optional double wind_speed_10m_max;
[2026-01-29T16:43:04.113+0530] {subprocess.py:106} INFO -   optional double wind_gusts_10m_max;
[2026-01-29T16:43:04.114+0530] {subprocess.py:106} INFO -   optional int32 wind_direction_10m_dominant;
[2026-01-29T16:43:04.114+0530] {subprocess.py:106} INFO -   required double city_index;
[2026-01-29T16:43:04.114+0530] {subprocess.py:106} INFO -   optional group city_vector {
[2026-01-29T16:43:04.114+0530] {subprocess.py:106} INFO -     required int32 type (INTEGER(8,true));
[2026-01-29T16:43:04.114+0530] {subprocess.py:106} INFO -     optional int32 size;
[2026-01-29T16:43:04.114+0530] {subprocess.py:106} INFO -     optional group indices (LIST) {
[2026-01-29T16:43:04.114+0530] {subprocess.py:106} INFO -       repeated group list {
[2026-01-29T16:43:04.114+0530] {subprocess.py:106} INFO -         required int32 element;
[2026-01-29T16:43:04.114+0530] {subprocess.py:106} INFO -       }
[2026-01-29T16:43:04.114+0530] {subprocess.py:106} INFO -     }
[2026-01-29T16:43:04.114+0530] {subprocess.py:106} INFO -     optional group values (LIST) {
[2026-01-29T16:43:04.114+0530] {subprocess.py:106} INFO -       repeated group list {
[2026-01-29T16:43:04.115+0530] {subprocess.py:106} INFO -         required double element;
[2026-01-29T16:43:04.115+0530] {subprocess.py:106} INFO -       }
[2026-01-29T16:43:04.115+0530] {subprocess.py:106} INFO -     }
[2026-01-29T16:43:04.115+0530] {subprocess.py:106} INFO -   }
[2026-01-29T16:43:04.115+0530] {subprocess.py:106} INFO -   optional double rain_sum_log;
[2026-01-29T16:43:04.115+0530] {subprocess.py:106} INFO -   optional double precipitation_sum_log;
[2026-01-29T16:43:04.115+0530] {subprocess.py:106} INFO -   optional int32 day;
[2026-01-29T16:43:04.115+0530] {subprocess.py:106} INFO -   optional int32 month;
[2026-01-29T16:43:04.115+0530] {subprocess.py:106} INFO -   optional int32 day_of_week;
[2026-01-29T16:43:04.115+0530] {subprocess.py:106} INFO -   optional int32 year;
[2026-01-29T16:43:04.116+0530] {subprocess.py:106} INFO -   optional double temp_lag_1;
[2026-01-29T16:43:04.116+0530] {subprocess.py:106} INFO -   optional double temp_lag_2;
[2026-01-29T16:43:04.116+0530] {subprocess.py:106} INFO -   optional double temp_rolling_3;
[2026-01-29T16:43:04.116+0530] {subprocess.py:106} INFO -   optional group features {
[2026-01-29T16:43:04.116+0530] {subprocess.py:106} INFO -     required int32 type (INTEGER(8,true));
[2026-01-29T16:43:04.116+0530] {subprocess.py:106} INFO -     optional int32 size;
[2026-01-29T16:43:04.116+0530] {subprocess.py:106} INFO -     optional group indices (LIST) {
[2026-01-29T16:43:04.116+0530] {subprocess.py:106} INFO -       repeated group list {
[2026-01-29T16:43:04.116+0530] {subprocess.py:106} INFO -         required int32 element;
[2026-01-29T16:43:04.116+0530] {subprocess.py:106} INFO -       }
[2026-01-29T16:43:04.116+0530] {subprocess.py:106} INFO -     }
[2026-01-29T16:43:04.116+0530] {subprocess.py:106} INFO -     optional group values (LIST) {
[2026-01-29T16:43:04.117+0530] {subprocess.py:106} INFO -       repeated group list {
[2026-01-29T16:43:04.117+0530] {subprocess.py:106} INFO -         required double element;
[2026-01-29T16:43:04.117+0530] {subprocess.py:106} INFO -       }
[2026-01-29T16:43:04.117+0530] {subprocess.py:106} INFO -     }
[2026-01-29T16:43:04.117+0530] {subprocess.py:106} INFO -   }
[2026-01-29T16:43:04.117+0530] {subprocess.py:106} INFO -   optional group scaled_features {
[2026-01-29T16:43:04.117+0530] {subprocess.py:106} INFO -     required int32 type (INTEGER(8,true));
[2026-01-29T16:43:04.117+0530] {subprocess.py:106} INFO -     optional int32 size;
[2026-01-29T16:43:04.117+0530] {subprocess.py:106} INFO -     optional group indices (LIST) {
[2026-01-29T16:43:04.117+0530] {subprocess.py:106} INFO -       repeated group list {
[2026-01-29T16:43:04.117+0530] {subprocess.py:106} INFO -         required int32 element;
[2026-01-29T16:43:04.118+0530] {subprocess.py:106} INFO -       }
[2026-01-29T16:43:04.118+0530] {subprocess.py:106} INFO -     }
[2026-01-29T16:43:04.118+0530] {subprocess.py:106} INFO -     optional group values (LIST) {
[2026-01-29T16:43:04.118+0530] {subprocess.py:106} INFO -       repeated group list {
[2026-01-29T16:43:04.118+0530] {subprocess.py:106} INFO -         required double element;
[2026-01-29T16:43:04.118+0530] {subprocess.py:106} INFO -       }
[2026-01-29T16:43:04.118+0530] {subprocess.py:106} INFO -     }
[2026-01-29T16:43:04.118+0530] {subprocess.py:106} INFO -   }
[2026-01-29T16:43:04.118+0530] {subprocess.py:106} INFO - }
[2026-01-29T16:43:04.118+0530] {subprocess.py:106} INFO - 
[2026-01-29T16:43:04.118+0530] {subprocess.py:106} INFO - 
[2026-01-29T16:43:04.118+0530] {subprocess.py:106} INFO - 26/01/29 16:43:04 INFO CodecPool: Got brand-new compressor [.snappy]
[2026-01-29T16:43:04.119+0530] {subprocess.py:106} INFO - 26/01/29 16:43:04 INFO CodecPool: Got brand-new compressor [.snappy]
[2026-01-29T16:43:04.119+0530] {subprocess.py:106} INFO - 26/01/29 16:43:04 INFO CodecPool: Got brand-new compressor [.snappy]
[2026-01-29T16:43:04.119+0530] {subprocess.py:106} INFO - 26/01/29 16:43:04 INFO CodecPool: Got brand-new compressor [.snappy]
[2026-01-29T16:43:04.235+0530] {subprocess.py:106} INFO - 26/01/29 16:43:04 INFO ExternalAppendOnlyUnsafeRowArray: Reached spill threshold of 4096 rows, switching to org.apache.spark.util.collection.unsafe.sort.UnsafeExternalSorter
[2026-01-29T16:43:04.672+0530] {subprocess.py:106} INFO - 26/01/29 16:43:04 INFO ExternalAppendOnlyUnsafeRowArray: Reached spill threshold of 4096 rows, switching to org.apache.spark.util.collection.unsafe.sort.UnsafeExternalSorter
[2026-01-29T16:43:04.704+0530] {subprocess.py:106} INFO - 26/01/29 16:43:04 INFO ExternalAppendOnlyUnsafeRowArray: Reached spill threshold of 4096 rows, switching to org.apache.spark.util.collection.unsafe.sort.UnsafeExternalSorter
[2026-01-29T16:43:04.734+0530] {subprocess.py:106} INFO - 26/01/29 16:43:04 INFO ExternalAppendOnlyUnsafeRowArray: Reached spill threshold of 4096 rows, switching to org.apache.spark.util.collection.unsafe.sort.UnsafeExternalSorter
[2026-01-29T16:43:04.740+0530] {subprocess.py:106} INFO - 26/01/29 16:43:04 INFO ExternalAppendOnlyUnsafeRowArray: Reached spill threshold of 4096 rows, switching to org.apache.spark.util.collection.unsafe.sort.UnsafeExternalSorter
[2026-01-29T16:43:04.964+0530] {subprocess.py:106} INFO - 26/01/29 16:43:04 INFO ExternalAppendOnlyUnsafeRowArray: Reached spill threshold of 4096 rows, switching to org.apache.spark.util.collection.unsafe.sort.UnsafeExternalSorter
[2026-01-29T16:43:04.973+0530] {subprocess.py:106} INFO - 26/01/29 16:43:04 INFO ExternalAppendOnlyUnsafeRowArray: Reached spill threshold of 4096 rows, switching to org.apache.spark.util.collection.unsafe.sort.UnsafeExternalSorter
[2026-01-29T16:43:05.394+0530] {subprocess.py:106} INFO - 26/01/29 16:43:05 INFO FileOutputCommitter: Saved output of task 'attempt_202601291643035062680383468095345_0121_m_000003_143' to hdfs://localhost:9000/weather/data/processed/weather_processed.parquet/_temporary/0/task_202601291643035062680383468095345_0121_m_000003
[2026-01-29T16:43:05.394+0530] {subprocess.py:106} INFO - 26/01/29 16:43:05 INFO FileOutputCommitter: Saved output of task 'attempt_202601291643035062680383468095345_0121_m_000002_142' to hdfs://localhost:9000/weather/data/processed/weather_processed.parquet/_temporary/0/task_202601291643035062680383468095345_0121_m_000002
[2026-01-29T16:43:05.395+0530] {subprocess.py:106} INFO - 26/01/29 16:43:05 INFO FileOutputCommitter: Saved output of task 'attempt_202601291643035062680383468095345_0121_m_000001_141' to hdfs://localhost:9000/weather/data/processed/weather_processed.parquet/_temporary/0/task_202601291643035062680383468095345_0121_m_000001
[2026-01-29T16:43:05.395+0530] {subprocess.py:106} INFO - 26/01/29 16:43:05 INFO FileOutputCommitter: Saved output of task 'attempt_202601291643035062680383468095345_0121_m_000000_140' to hdfs://localhost:9000/weather/data/processed/weather_processed.parquet/_temporary/0/task_202601291643035062680383468095345_0121_m_000000
[2026-01-29T16:43:05.395+0530] {subprocess.py:106} INFO - 26/01/29 16:43:05 INFO SparkHadoopMapRedUtil: attempt_202601291643035062680383468095345_0121_m_000003_143: Committed. Elapsed time: 8 ms.
[2026-01-29T16:43:05.395+0530] {subprocess.py:106} INFO - 26/01/29 16:43:05 INFO SparkHadoopMapRedUtil: attempt_202601291643035062680383468095345_0121_m_000002_142: Committed. Elapsed time: 8 ms.
[2026-01-29T16:43:05.395+0530] {subprocess.py:106} INFO - 26/01/29 16:43:05 INFO SparkHadoopMapRedUtil: attempt_202601291643035062680383468095345_0121_m_000001_141: Committed. Elapsed time: 8 ms.
[2026-01-29T16:43:05.395+0530] {subprocess.py:106} INFO - 26/01/29 16:43:05 INFO SparkHadoopMapRedUtil: attempt_202601291643035062680383468095345_0121_m_000000_140: Committed. Elapsed time: 8 ms.
[2026-01-29T16:43:05.401+0530] {subprocess.py:106} INFO - 26/01/29 16:43:05 INFO Executor: Finished task 2.0 in stage 121.0 (TID 142). 5763 bytes result sent to driver
[2026-01-29T16:43:05.401+0530] {subprocess.py:106} INFO - 26/01/29 16:43:05 INFO Executor: Finished task 3.0 in stage 121.0 (TID 143). 5763 bytes result sent to driver
[2026-01-29T16:43:05.402+0530] {subprocess.py:106} INFO - 26/01/29 16:43:05 INFO Executor: Finished task 1.0 in stage 121.0 (TID 141). 5763 bytes result sent to driver
[2026-01-29T16:43:05.402+0530] {subprocess.py:106} INFO - 26/01/29 16:43:05 INFO Executor: Finished task 0.0 in stage 121.0 (TID 140). 5763 bytes result sent to driver
[2026-01-29T16:43:05.402+0530] {subprocess.py:106} INFO - 26/01/29 16:43:05 INFO TaskSetManager: Finished task 3.0 in stage 121.0 (TID 143) in 1623 ms on Aishwarya92848DBDA (executor driver) (1/4)
[2026-01-29T16:43:05.402+0530] {subprocess.py:106} INFO - 26/01/29 16:43:05 INFO TaskSetManager: Finished task 2.0 in stage 121.0 (TID 142) in 1623 ms on Aishwarya92848DBDA (executor driver) (2/4)
[2026-01-29T16:43:05.402+0530] {subprocess.py:106} INFO - 26/01/29 16:43:05 INFO TaskSetManager: Finished task 0.0 in stage 121.0 (TID 140) in 1624 ms on Aishwarya92848DBDA (executor driver) (3/4)
[2026-01-29T16:43:05.402+0530] {subprocess.py:106} INFO - 26/01/29 16:43:05 INFO TaskSetManager: Finished task 1.0 in stage 121.0 (TID 141) in 1623 ms on Aishwarya92848DBDA (executor driver) (4/4)
[2026-01-29T16:43:05.403+0530] {subprocess.py:106} INFO - 26/01/29 16:43:05 INFO TaskSchedulerImpl: Removed TaskSet 121.0, whose tasks have all completed, from pool
[2026-01-29T16:43:05.404+0530] {subprocess.py:106} INFO - 26/01/29 16:43:05 INFO DAGScheduler: ResultStage 121 (parquet at NativeMethodAccessorImpl.java:0) finished in 1.645 s
[2026-01-29T16:43:05.404+0530] {subprocess.py:106} INFO - 26/01/29 16:43:05 INFO DAGScheduler: Job 84 is finished. Cancelling potential speculative or zombie tasks for this job
[2026-01-29T16:43:05.404+0530] {subprocess.py:106} INFO - 26/01/29 16:43:05 INFO TaskSchedulerImpl: Killing all running tasks in stage 121: Stage finished
[2026-01-29T16:43:05.404+0530] {subprocess.py:106} INFO - 26/01/29 16:43:05 INFO DAGScheduler: Job 84 finished: parquet at NativeMethodAccessorImpl.java:0, took 1.647515 s
[2026-01-29T16:43:05.405+0530] {subprocess.py:106} INFO - 26/01/29 16:43:05 INFO FileFormatWriter: Start to commit write Job a5841d70-ad7f-447a-90dc-9896e6b2e4ae.
[2026-01-29T16:43:05.430+0530] {subprocess.py:106} INFO - 26/01/29 16:43:05 INFO FileFormatWriter: Write Job a5841d70-ad7f-447a-90dc-9896e6b2e4ae committed. Elapsed time: 23 ms.
[2026-01-29T16:43:05.432+0530] {subprocess.py:106} INFO - 26/01/29 16:43:05 INFO FileFormatWriter: Finished processing stats for write job a5841d70-ad7f-447a-90dc-9896e6b2e4ae.
[2026-01-29T16:43:05.435+0530] {subprocess.py:106} INFO - 26/01/29 16:43:05 INFO SparkContext: SparkContext is stopping with exitCode 0.
[2026-01-29T16:43:05.448+0530] {subprocess.py:106} INFO - 26/01/29 16:43:05 INFO SparkUI: Stopped Spark web UI at http://Aishwarya92848DBDA:4040
[2026-01-29T16:43:05.462+0530] {subprocess.py:106} INFO - 26/01/29 16:43:05 INFO MapOutputTrackerMasterEndpoint: MapOutputTrackerMasterEndpoint stopped!
[2026-01-29T16:43:05.485+0530] {subprocess.py:106} INFO - 26/01/29 16:43:05 INFO MemoryStore: MemoryStore cleared
[2026-01-29T16:43:05.486+0530] {subprocess.py:106} INFO - 26/01/29 16:43:05 INFO BlockManager: BlockManager stopped
[2026-01-29T16:43:05.488+0530] {subprocess.py:106} INFO - 26/01/29 16:43:05 INFO BlockManagerMaster: BlockManagerMaster stopped
[2026-01-29T16:43:05.492+0530] {subprocess.py:106} INFO - 26/01/29 16:43:05 INFO OutputCommitCoordinator$OutputCommitCoordinatorEndpoint: OutputCommitCoordinator stopped!
[2026-01-29T16:43:05.501+0530] {subprocess.py:106} INFO - 26/01/29 16:43:05 INFO SparkContext: Successfully stopped SparkContext
[2026-01-29T16:43:05.953+0530] {subprocess.py:106} INFO - 26/01/29 16:43:05 INFO ShutdownHookManager: Shutdown hook called
[2026-01-29T16:43:05.953+0530] {subprocess.py:106} INFO - 26/01/29 16:43:05 INFO ShutdownHookManager: Deleting directory /tmp/spark-76520850-09bb-4f92-a197-6a5dcbcbae00/pyspark-b03afc51-b214-4379-b3d7-610f9332fc2b
[2026-01-29T16:43:05.957+0530] {subprocess.py:106} INFO - 26/01/29 16:43:05 INFO ShutdownHookManager: Deleting directory /tmp/spark-f4940249-1419-40d7-8977-d25ae05196bb
[2026-01-29T16:43:05.961+0530] {subprocess.py:106} INFO - 26/01/29 16:43:05 INFO ShutdownHookManager: Deleting directory /tmp/spark-76520850-09bb-4f92-a197-6a5dcbcbae00
[2026-01-29T16:43:06.058+0530] {subprocess.py:110} INFO - Command exited with return code 0
[2026-01-29T16:43:06.078+0530] {taskinstance.py:349} INFO - ::group::Post task execution logs
[2026-01-29T16:43:06.078+0530] {taskinstance.py:361} INFO - Marking task as SUCCESS. dag_id=weather_system_pipeline_v4, task_id=process_weather_data, run_id=scheduled__2026-01-28T00:00:00+00:00, execution_date=20260128T000000, start_date=20260129T111238, end_date=20260129T111306
[2026-01-29T16:43:06.135+0530] {local_task_job_runner.py:266} INFO - Task exited with return code 0
[2026-01-29T16:43:06.146+0530] {taskinstance.py:3924} INFO - 1 downstream tasks scheduled from follow-on schedule check
[2026-01-29T16:43:06.149+0530] {local_task_job_runner.py:245} INFO - ::endgroup::
