[2026-01-29T20:03:37.302+0530] {local_task_job_runner.py:123} INFO - ::group::Pre task execution logs
[2026-01-29T20:03:37.314+0530] {taskinstance.py:2631} INFO - Dependencies all met for dep_context=non-requeueable deps ti=<TaskInstance: weather_system_pipeline_finally.process_weather_data manual__2026-01-29T14:29:37.808341+00:00 [queued]>
[2026-01-29T20:03:37.321+0530] {taskinstance.py:2631} INFO - Dependencies all met for dep_context=requeueable deps ti=<TaskInstance: weather_system_pipeline_finally.process_weather_data manual__2026-01-29T14:29:37.808341+00:00 [queued]>
[2026-01-29T20:03:37.321+0530] {taskinstance.py:2884} INFO - Starting attempt 1 of 4
[2026-01-29T20:03:37.330+0530] {taskinstance.py:2907} INFO - Executing <Task(BashOperator): process_weather_data> on 2026-01-29 14:29:37.808341+00:00
[2026-01-29T20:03:37.334+0530] {standard_task_runner.py:72} INFO - Started process 110681 to run task
[2026-01-29T20:03:37.338+0530] {standard_task_runner.py:104} INFO - Running: ['airflow', 'tasks', 'run', 'weather_system_pipeline_finally', 'process_weather_data', 'manual__2026-01-29T14:29:37.808341+00:00', '--job-id', '411', '--raw', '--subdir', 'DAGS_FOLDER/dag.py', '--cfg-path', '/tmp/tmpdkcxptde']
[2026-01-29T20:03:37.340+0530] {standard_task_runner.py:105} INFO - Job 411: Subtask process_weather_data
[2026-01-29T20:03:37.368+0530] {task_command.py:467} INFO - Running <TaskInstance: weather_system_pipeline_finally.process_weather_data manual__2026-01-29T14:29:37.808341+00:00 [running]> on host Aishwarya92848DBDA
[2026-01-29T20:03:37.415+0530] {taskinstance.py:3157} INFO - Exporting env vars: AIRFLOW_CTX_DAG_OWNER='Aishwarya' AIRFLOW_CTX_DAG_ID='weather_system_pipeline_finally' AIRFLOW_CTX_TASK_ID='process_weather_data' AIRFLOW_CTX_EXECUTION_DATE='2026-01-29T14:29:37.808341+00:00' AIRFLOW_CTX_TRY_NUMBER='1' AIRFLOW_CTX_DAG_RUN_ID='manual__2026-01-29T14:29:37.808341+00:00'
[2026-01-29T20:03:37.416+0530] {taskinstance.py:740} INFO - ::endgroup::
[2026-01-29T20:03:37.426+0530] {subprocess.py:78} INFO - Tmp dir root location: /tmp
[2026-01-29T20:03:37.426+0530] {subprocess.py:88} INFO - Running command: ['/usr/bin/bash', '-c', '\n     export SPARK_HOME=/home/hp/.local/lib/python3.10/site-packages/pyspark\n     export PATH=$SPARK_HOME/bin:$PATH\n     export PYSPARK_PYTHON=/home/hp/Desktop/Bigdata_project/BigData-Project/airflow-venv/bin/python\n\n     spark-submit --master local[2]      /home/hp/Desktop/Bigdata_project/BigData-Project/pre_processing.py\n    ']
[2026-01-29T20:03:37.435+0530] {subprocess.py:99} INFO - Output:
[2026-01-29T20:03:39.546+0530] {subprocess.py:106} INFO - 26/01/29 20:03:39 INFO SparkContext: Running Spark version 3.5.1
[2026-01-29T20:03:39.549+0530] {subprocess.py:106} INFO - 26/01/29 20:03:39 INFO SparkContext: OS info Linux, 6.8.0-90-generic, amd64
[2026-01-29T20:03:39.549+0530] {subprocess.py:106} INFO - 26/01/29 20:03:39 INFO SparkContext: Java version 1.8.0_472
[2026-01-29T20:03:39.597+0530] {subprocess.py:106} INFO - 26/01/29 20:03:39 WARN NativeCodeLoader: Unable to load native-hadoop library for your platform... using builtin-java classes where applicable
[2026-01-29T20:03:39.658+0530] {subprocess.py:106} INFO - 26/01/29 20:03:39 INFO ResourceUtils: ==============================================================
[2026-01-29T20:03:39.658+0530] {subprocess.py:106} INFO - 26/01/29 20:03:39 INFO ResourceUtils: No custom resources configured for spark.driver.
[2026-01-29T20:03:39.658+0530] {subprocess.py:106} INFO - 26/01/29 20:03:39 INFO ResourceUtils: ==============================================================
[2026-01-29T20:03:39.659+0530] {subprocess.py:106} INFO - 26/01/29 20:03:39 INFO SparkContext: Submitted application: WeatherSpark
[2026-01-29T20:03:39.678+0530] {subprocess.py:106} INFO - 26/01/29 20:03:39 INFO ResourceProfile: Default ResourceProfile created, executor resources: Map(cores -> name: cores, amount: 1, script: , vendor: , memory -> name: memory, amount: 1024, script: , vendor: , offHeap -> name: offHeap, amount: 0, script: , vendor: ), task resources: Map(cpus -> name: cpus, amount: 1.0)
[2026-01-29T20:03:39.689+0530] {subprocess.py:106} INFO - 26/01/29 20:03:39 INFO ResourceProfile: Limiting resource is cpu
[2026-01-29T20:03:39.689+0530] {subprocess.py:106} INFO - 26/01/29 20:03:39 INFO ResourceProfileManager: Added ResourceProfile id: 0
[2026-01-29T20:03:39.736+0530] {subprocess.py:106} INFO - 26/01/29 20:03:39 INFO SecurityManager: Changing view acls to: hp
[2026-01-29T20:03:39.737+0530] {subprocess.py:106} INFO - 26/01/29 20:03:39 INFO SecurityManager: Changing modify acls to: hp
[2026-01-29T20:03:39.737+0530] {subprocess.py:106} INFO - 26/01/29 20:03:39 INFO SecurityManager: Changing view acls groups to:
[2026-01-29T20:03:39.738+0530] {subprocess.py:106} INFO - 26/01/29 20:03:39 INFO SecurityManager: Changing modify acls groups to:
[2026-01-29T20:03:39.738+0530] {subprocess.py:106} INFO - 26/01/29 20:03:39 INFO SecurityManager: SecurityManager: authentication disabled; ui acls disabled; users with view permissions: hp; groups with view permissions: EMPTY; users with modify permissions: hp; groups with modify permissions: EMPTY
[2026-01-29T20:03:39.943+0530] {subprocess.py:106} INFO - 26/01/29 20:03:39 INFO Utils: Successfully started service 'sparkDriver' on port 42113.
[2026-01-29T20:03:39.973+0530] {subprocess.py:106} INFO - 26/01/29 20:03:39 INFO SparkEnv: Registering MapOutputTracker
[2026-01-29T20:03:40.006+0530] {subprocess.py:106} INFO - 26/01/29 20:03:40 INFO SparkEnv: Registering BlockManagerMaster
[2026-01-29T20:03:40.021+0530] {subprocess.py:106} INFO - 26/01/29 20:03:40 INFO BlockManagerMasterEndpoint: Using org.apache.spark.storage.DefaultTopologyMapper for getting topology information
[2026-01-29T20:03:40.022+0530] {subprocess.py:106} INFO - 26/01/29 20:03:40 INFO BlockManagerMasterEndpoint: BlockManagerMasterEndpoint up
[2026-01-29T20:03:40.025+0530] {subprocess.py:106} INFO - 26/01/29 20:03:40 INFO SparkEnv: Registering BlockManagerMasterHeartbeat
[2026-01-29T20:03:40.081+0530] {subprocess.py:106} INFO - 26/01/29 20:03:40 INFO DiskBlockManager: Created local directory at /tmp/blockmgr-65c36431-36b5-4105-a1f8-5981b8bcfdc6
[2026-01-29T20:03:40.093+0530] {subprocess.py:106} INFO - 26/01/29 20:03:40 INFO MemoryStore: MemoryStore started with capacity 366.3 MiB
[2026-01-29T20:03:40.107+0530] {subprocess.py:106} INFO - 26/01/29 20:03:40 INFO SparkEnv: Registering OutputCommitCoordinator
[2026-01-29T20:03:40.232+0530] {subprocess.py:106} INFO - 26/01/29 20:03:40 INFO JettyUtils: Start Jetty 0.0.0.0:4040 for SparkUI
[2026-01-29T20:03:40.286+0530] {subprocess.py:106} INFO - 26/01/29 20:03:40 INFO Utils: Successfully started service 'SparkUI' on port 4040.
[2026-01-29T20:03:40.369+0530] {subprocess.py:106} INFO - 26/01/29 20:03:40 INFO Executor: Starting executor ID driver on host Aishwarya92848DBDA
[2026-01-29T20:03:40.369+0530] {subprocess.py:106} INFO - 26/01/29 20:03:40 INFO Executor: OS info Linux, 6.8.0-90-generic, amd64
[2026-01-29T20:03:40.369+0530] {subprocess.py:106} INFO - 26/01/29 20:03:40 INFO Executor: Java version 1.8.0_472
[2026-01-29T20:03:40.376+0530] {subprocess.py:106} INFO - 26/01/29 20:03:40 INFO Executor: Starting executor with user classpath (userClassPathFirst = false): ''
[2026-01-29T20:03:40.376+0530] {subprocess.py:106} INFO - 26/01/29 20:03:40 INFO Executor: Created or updated repl class loader org.apache.spark.util.MutableURLClassLoader@292b91e8 for default.
[2026-01-29T20:03:40.395+0530] {subprocess.py:106} INFO - 26/01/29 20:03:40 INFO Utils: Successfully started service 'org.apache.spark.network.netty.NettyBlockTransferService' on port 42547.
[2026-01-29T20:03:40.396+0530] {subprocess.py:106} INFO - 26/01/29 20:03:40 INFO NettyBlockTransferService: Server created on Aishwarya92848DBDA:42547
[2026-01-29T20:03:40.397+0530] {subprocess.py:106} INFO - 26/01/29 20:03:40 INFO BlockManager: Using org.apache.spark.storage.RandomBlockReplicationPolicy for block replication policy
[2026-01-29T20:03:40.401+0530] {subprocess.py:106} INFO - 26/01/29 20:03:40 INFO BlockManagerMaster: Registering BlockManager BlockManagerId(driver, Aishwarya92848DBDA, 42547, None)
[2026-01-29T20:03:40.406+0530] {subprocess.py:106} INFO - 26/01/29 20:03:40 INFO BlockManagerMasterEndpoint: Registering block manager Aishwarya92848DBDA:42547 with 366.3 MiB RAM, BlockManagerId(driver, Aishwarya92848DBDA, 42547, None)
[2026-01-29T20:03:40.408+0530] {subprocess.py:106} INFO - 26/01/29 20:03:40 INFO BlockManagerMaster: Registered BlockManager BlockManagerId(driver, Aishwarya92848DBDA, 42547, None)
[2026-01-29T20:03:40.409+0530] {subprocess.py:106} INFO - 26/01/29 20:03:40 INFO BlockManager: Initialized BlockManager: BlockManagerId(driver, Aishwarya92848DBDA, 42547, None)
[2026-01-29T20:03:40.788+0530] {subprocess.py:106} INFO - 26/01/29 20:03:40 INFO SharedState: Setting hive.metastore.warehouse.dir ('null') to the value of spark.sql.warehouse.dir.
[2026-01-29T20:03:40.795+0530] {subprocess.py:106} INFO - 26/01/29 20:03:40 INFO SharedState: Warehouse path is 'file:/tmp/airflowtmpy1nkjths/spark-warehouse'.
[2026-01-29T20:03:41.898+0530] {subprocess.py:106} INFO - 26/01/29 20:03:41 INFO InMemoryFileIndex: It took 51 ms to list leaf files for 1 paths.
[2026-01-29T20:03:41.949+0530] {subprocess.py:106} INFO - 26/01/29 20:03:41 INFO InMemoryFileIndex: It took 4 ms to list leaf files for 1 paths.
[2026-01-29T20:03:43.864+0530] {subprocess.py:106} INFO - 26/01/29 20:03:43 INFO FileSourceStrategy: Pushed Filters:
[2026-01-29T20:03:43.867+0530] {subprocess.py:106} INFO - 26/01/29 20:03:43 INFO FileSourceStrategy: Post-Scan Filters: (length(trim(value#0, None)) > 0)
[2026-01-29T20:03:44.412+0530] {subprocess.py:106} INFO - 26/01/29 20:03:44 INFO CodeGenerator: Code generated in 199.877345 ms
[2026-01-29T20:03:44.461+0530] {subprocess.py:106} INFO - 26/01/29 20:03:44 INFO MemoryStore: Block broadcast_0 stored as values in memory (estimated size 350.3 KiB, free 366.0 MiB)
[2026-01-29T20:03:44.504+0530] {subprocess.py:106} INFO - 26/01/29 20:03:44 INFO MemoryStore: Block broadcast_0_piece0 stored as bytes in memory (estimated size 34.3 KiB, free 365.9 MiB)
[2026-01-29T20:03:44.508+0530] {subprocess.py:106} INFO - 26/01/29 20:03:44 INFO BlockManagerInfo: Added broadcast_0_piece0 in memory on Aishwarya92848DBDA:42547 (size: 34.3 KiB, free: 366.3 MiB)
[2026-01-29T20:03:44.513+0530] {subprocess.py:106} INFO - 26/01/29 20:03:44 INFO SparkContext: Created broadcast 0 from csv at NativeMethodAccessorImpl.java:0
[2026-01-29T20:03:44.524+0530] {subprocess.py:106} INFO - 26/01/29 20:03:44 INFO FileSourceScanExec: Planning scan with bin packing, max size: 4194304 bytes, open cost is considered as scanning 4194304 bytes.
[2026-01-29T20:03:44.650+0530] {subprocess.py:106} INFO - 26/01/29 20:03:44 INFO SparkContext: Starting job: csv at NativeMethodAccessorImpl.java:0
[2026-01-29T20:03:44.672+0530] {subprocess.py:106} INFO - 26/01/29 20:03:44 INFO DAGScheduler: Got job 0 (csv at NativeMethodAccessorImpl.java:0) with 1 output partitions
[2026-01-29T20:03:44.673+0530] {subprocess.py:106} INFO - 26/01/29 20:03:44 INFO DAGScheduler: Final stage: ResultStage 0 (csv at NativeMethodAccessorImpl.java:0)
[2026-01-29T20:03:44.673+0530] {subprocess.py:106} INFO - 26/01/29 20:03:44 INFO DAGScheduler: Parents of final stage: List()
[2026-01-29T20:03:44.677+0530] {subprocess.py:106} INFO - 26/01/29 20:03:44 INFO DAGScheduler: Missing parents: List()
[2026-01-29T20:03:44.681+0530] {subprocess.py:106} INFO - 26/01/29 20:03:44 INFO DAGScheduler: Submitting ResultStage 0 (MapPartitionsRDD[3] at csv at NativeMethodAccessorImpl.java:0), which has no missing parents
[2026-01-29T20:03:44.767+0530] {subprocess.py:106} INFO - 26/01/29 20:03:44 INFO MemoryStore: Block broadcast_1 stored as values in memory (estimated size 13.5 KiB, free 365.9 MiB)
[2026-01-29T20:03:44.770+0530] {subprocess.py:106} INFO - 26/01/29 20:03:44 INFO MemoryStore: Block broadcast_1_piece0 stored as bytes in memory (estimated size 6.4 KiB, free 365.9 MiB)
[2026-01-29T20:03:44.770+0530] {subprocess.py:106} INFO - 26/01/29 20:03:44 INFO BlockManagerInfo: Added broadcast_1_piece0 in memory on Aishwarya92848DBDA:42547 (size: 6.4 KiB, free: 366.3 MiB)
[2026-01-29T20:03:44.771+0530] {subprocess.py:106} INFO - 26/01/29 20:03:44 INFO SparkContext: Created broadcast 1 from broadcast at DAGScheduler.scala:1585
[2026-01-29T20:03:44.786+0530] {subprocess.py:106} INFO - 26/01/29 20:03:44 INFO DAGScheduler: Submitting 1 missing tasks from ResultStage 0 (MapPartitionsRDD[3] at csv at NativeMethodAccessorImpl.java:0) (first 15 tasks are for partitions Vector(0))
[2026-01-29T20:03:44.787+0530] {subprocess.py:106} INFO - 26/01/29 20:03:44 INFO TaskSchedulerImpl: Adding task set 0.0 with 1 tasks resource profile 0
[2026-01-29T20:03:44.842+0530] {subprocess.py:106} INFO - 26/01/29 20:03:44 INFO TaskSetManager: Starting task 0.0 in stage 0.0 (TID 0) (Aishwarya92848DBDA, executor driver, partition 0, NODE_LOCAL, 8241 bytes)
[2026-01-29T20:03:44.858+0530] {subprocess.py:106} INFO - 26/01/29 20:03:44 INFO Executor: Running task 0.0 in stage 0.0 (TID 0)
[2026-01-29T20:03:45.139+0530] {subprocess.py:106} INFO - 26/01/29 20:03:45 INFO CodeGenerator: Code generated in 13.697612 ms
[2026-01-29T20:03:45.144+0530] {subprocess.py:106} INFO - 26/01/29 20:03:45 INFO FileScanRDD: Reading File path: hdfs://localhost:9000/weather/data/raw_data/weather_dataset.csv, range: 0-4194304, partition values: [empty row]
[2026-01-29T20:03:45.161+0530] {subprocess.py:106} INFO - 26/01/29 20:03:45 INFO CodeGenerator: Code generated in 11.759753 ms
[2026-01-29T20:03:45.260+0530] {subprocess.py:106} INFO - 26/01/29 20:03:45 INFO Executor: Finished task 0.0 in stage 0.0 (TID 0). 1802 bytes result sent to driver
[2026-01-29T20:03:45.272+0530] {subprocess.py:106} INFO - 26/01/29 20:03:45 INFO TaskSetManager: Finished task 0.0 in stage 0.0 (TID 0) in 443 ms on Aishwarya92848DBDA (executor driver) (1/1)
[2026-01-29T20:03:45.275+0530] {subprocess.py:106} INFO - 26/01/29 20:03:45 INFO TaskSchedulerImpl: Removed TaskSet 0.0, whose tasks have all completed, from pool
[2026-01-29T20:03:45.280+0530] {subprocess.py:106} INFO - 26/01/29 20:03:45 INFO DAGScheduler: ResultStage 0 (csv at NativeMethodAccessorImpl.java:0) finished in 0.581 s
[2026-01-29T20:03:45.283+0530] {subprocess.py:106} INFO - 26/01/29 20:03:45 INFO DAGScheduler: Job 0 is finished. Cancelling potential speculative or zombie tasks for this job
[2026-01-29T20:03:45.284+0530] {subprocess.py:106} INFO - 26/01/29 20:03:45 INFO TaskSchedulerImpl: Killing all running tasks in stage 0: Stage finished
[2026-01-29T20:03:45.286+0530] {subprocess.py:106} INFO - 26/01/29 20:03:45 INFO DAGScheduler: Job 0 finished: csv at NativeMethodAccessorImpl.java:0, took 0.635950 s
[2026-01-29T20:03:45.312+0530] {subprocess.py:106} INFO - 26/01/29 20:03:45 INFO CodeGenerator: Code generated in 12.494565 ms
[2026-01-29T20:03:45.374+0530] {subprocess.py:106} INFO - 26/01/29 20:03:45 INFO FileSourceStrategy: Pushed Filters:
[2026-01-29T20:03:45.375+0530] {subprocess.py:106} INFO - 26/01/29 20:03:45 INFO FileSourceStrategy: Post-Scan Filters:
[2026-01-29T20:03:45.383+0530] {subprocess.py:106} INFO - 26/01/29 20:03:45 INFO MemoryStore: Block broadcast_2 stored as values in memory (estimated size 350.3 KiB, free 365.6 MiB)
[2026-01-29T20:03:45.393+0530] {subprocess.py:106} INFO - 26/01/29 20:03:45 INFO MemoryStore: Block broadcast_2_piece0 stored as bytes in memory (estimated size 34.3 KiB, free 365.5 MiB)
[2026-01-29T20:03:45.394+0530] {subprocess.py:106} INFO - 26/01/29 20:03:45 INFO BlockManagerInfo: Added broadcast_2_piece0 in memory on Aishwarya92848DBDA:42547 (size: 34.3 KiB, free: 366.2 MiB)
[2026-01-29T20:03:45.395+0530] {subprocess.py:106} INFO - 26/01/29 20:03:45 INFO SparkContext: Created broadcast 2 from csv at NativeMethodAccessorImpl.java:0
[2026-01-29T20:03:45.396+0530] {subprocess.py:106} INFO - 26/01/29 20:03:45 INFO FileSourceScanExec: Planning scan with bin packing, max size: 4194304 bytes, open cost is considered as scanning 4194304 bytes.
[2026-01-29T20:03:45.478+0530] {subprocess.py:106} INFO - 26/01/29 20:03:45 INFO SparkContext: Starting job: csv at NativeMethodAccessorImpl.java:0
[2026-01-29T20:03:45.479+0530] {subprocess.py:106} INFO - 26/01/29 20:03:45 INFO DAGScheduler: Got job 1 (csv at NativeMethodAccessorImpl.java:0) with 2 output partitions
[2026-01-29T20:03:45.480+0530] {subprocess.py:106} INFO - 26/01/29 20:03:45 INFO DAGScheduler: Final stage: ResultStage 1 (csv at NativeMethodAccessorImpl.java:0)
[2026-01-29T20:03:45.480+0530] {subprocess.py:106} INFO - 26/01/29 20:03:45 INFO DAGScheduler: Parents of final stage: List()
[2026-01-29T20:03:45.481+0530] {subprocess.py:106} INFO - 26/01/29 20:03:45 INFO DAGScheduler: Missing parents: List()
[2026-01-29T20:03:45.483+0530] {subprocess.py:106} INFO - 26/01/29 20:03:45 INFO DAGScheduler: Submitting ResultStage 1 (MapPartitionsRDD[9] at csv at NativeMethodAccessorImpl.java:0), which has no missing parents
[2026-01-29T20:03:45.523+0530] {subprocess.py:106} INFO - 26/01/29 20:03:45 INFO MemoryStore: Block broadcast_3 stored as values in memory (estimated size 27.8 KiB, free 365.5 MiB)
[2026-01-29T20:03:45.525+0530] {subprocess.py:106} INFO - 26/01/29 20:03:45 INFO MemoryStore: Block broadcast_3_piece0 stored as bytes in memory (estimated size 12.8 KiB, free 365.5 MiB)
[2026-01-29T20:03:45.525+0530] {subprocess.py:106} INFO - 26/01/29 20:03:45 INFO BlockManagerInfo: Added broadcast_3_piece0 in memory on Aishwarya92848DBDA:42547 (size: 12.8 KiB, free: 366.2 MiB)
[2026-01-29T20:03:45.526+0530] {subprocess.py:106} INFO - 26/01/29 20:03:45 INFO SparkContext: Created broadcast 3 from broadcast at DAGScheduler.scala:1585
[2026-01-29T20:03:45.527+0530] {subprocess.py:106} INFO - 26/01/29 20:03:45 INFO DAGScheduler: Submitting 2 missing tasks from ResultStage 1 (MapPartitionsRDD[9] at csv at NativeMethodAccessorImpl.java:0) (first 15 tasks are for partitions Vector(0, 1))
[2026-01-29T20:03:45.527+0530] {subprocess.py:106} INFO - 26/01/29 20:03:45 INFO TaskSchedulerImpl: Adding task set 1.0 with 2 tasks resource profile 0
[2026-01-29T20:03:45.529+0530] {subprocess.py:106} INFO - 26/01/29 20:03:45 INFO TaskSetManager: Starting task 0.0 in stage 1.0 (TID 1) (Aishwarya92848DBDA, executor driver, partition 0, NODE_LOCAL, 8241 bytes)
[2026-01-29T20:03:45.529+0530] {subprocess.py:106} INFO - 26/01/29 20:03:45 INFO TaskSetManager: Starting task 1.0 in stage 1.0 (TID 2) (Aishwarya92848DBDA, executor driver, partition 1, NODE_LOCAL, 8241 bytes)
[2026-01-29T20:03:45.530+0530] {subprocess.py:106} INFO - 26/01/29 20:03:45 INFO Executor: Running task 0.0 in stage 1.0 (TID 1)
[2026-01-29T20:03:45.531+0530] {subprocess.py:106} INFO - 26/01/29 20:03:45 INFO Executor: Running task 1.0 in stage 1.0 (TID 2)
[2026-01-29T20:03:45.627+0530] {subprocess.py:106} INFO - 26/01/29 20:03:45 INFO CodeGenerator: Code generated in 8.374423 ms
[2026-01-29T20:03:45.631+0530] {subprocess.py:106} INFO - 26/01/29 20:03:45 INFO FileScanRDD: Reading File path: hdfs://localhost:9000/weather/data/raw_data/weather_dataset.csv, range: 0-4194304, partition values: [empty row]
[2026-01-29T20:03:45.631+0530] {subprocess.py:106} INFO - 26/01/29 20:03:45 INFO FileScanRDD: Reading File path: hdfs://localhost:9000/weather/data/raw_data/weather_dataset.csv, range: 4194304-5651348, partition values: [empty row]
[2026-01-29T20:03:46.007+0530] {subprocess.py:106} INFO - 26/01/29 20:03:46 INFO Executor: Finished task 1.0 in stage 1.0 (TID 2). 1805 bytes result sent to driver
[2026-01-29T20:03:46.008+0530] {subprocess.py:106} INFO - 26/01/29 20:03:46 INFO BlockManagerInfo: Removed broadcast_1_piece0 on Aishwarya92848DBDA:42547 in memory (size: 6.4 KiB, free: 366.2 MiB)
[2026-01-29T20:03:46.011+0530] {subprocess.py:106} INFO - 26/01/29 20:03:46 INFO TaskSetManager: Finished task 1.0 in stage 1.0 (TID 2) in 481 ms on Aishwarya92848DBDA (executor driver) (1/2)
[2026-01-29T20:03:46.015+0530] {subprocess.py:106} INFO - 26/01/29 20:03:46 INFO BlockManagerInfo: Removed broadcast_0_piece0 on Aishwarya92848DBDA:42547 in memory (size: 34.3 KiB, free: 366.3 MiB)
[2026-01-29T20:03:46.126+0530] {subprocess.py:106} INFO - 26/01/29 20:03:46 INFO Executor: Finished task 0.0 in stage 1.0 (TID 1). 1762 bytes result sent to driver
[2026-01-29T20:03:46.127+0530] {subprocess.py:106} INFO - 26/01/29 20:03:46 INFO TaskSetManager: Finished task 0.0 in stage 1.0 (TID 1) in 599 ms on Aishwarya92848DBDA (executor driver) (2/2)
[2026-01-29T20:03:46.128+0530] {subprocess.py:106} INFO - 26/01/29 20:03:46 INFO TaskSchedulerImpl: Removed TaskSet 1.0, whose tasks have all completed, from pool
[2026-01-29T20:03:46.128+0530] {subprocess.py:106} INFO - 26/01/29 20:03:46 INFO DAGScheduler: ResultStage 1 (csv at NativeMethodAccessorImpl.java:0) finished in 0.643 s
[2026-01-29T20:03:46.129+0530] {subprocess.py:106} INFO - 26/01/29 20:03:46 INFO DAGScheduler: Job 1 is finished. Cancelling potential speculative or zombie tasks for this job
[2026-01-29T20:03:46.129+0530] {subprocess.py:106} INFO - 26/01/29 20:03:46 INFO TaskSchedulerImpl: Killing all running tasks in stage 1: Stage finished
[2026-01-29T20:03:46.129+0530] {subprocess.py:106} INFO - 26/01/29 20:03:46 INFO DAGScheduler: Job 1 finished: csv at NativeMethodAccessorImpl.java:0, took 0.650873 s
[2026-01-29T20:03:46.170+0530] {subprocess.py:106} INFO - root
[2026-01-29T20:03:46.170+0530] {subprocess.py:106} INFO -  |-- city: string (nullable = true)
[2026-01-29T20:03:46.171+0530] {subprocess.py:106} INFO -  |-- date: date (nullable = true)
[2026-01-29T20:03:46.171+0530] {subprocess.py:106} INFO -  |-- temperature_2m_max: double (nullable = true)
[2026-01-29T20:03:46.171+0530] {subprocess.py:106} INFO -  |-- temperature_2m_min: double (nullable = true)
[2026-01-29T20:03:46.171+0530] {subprocess.py:106} INFO -  |-- apparent_temperature_max: double (nullable = true)
[2026-01-29T20:03:46.171+0530] {subprocess.py:106} INFO -  |-- apparent_temperature_min: double (nullable = true)
[2026-01-29T20:03:46.171+0530] {subprocess.py:106} INFO -  |-- precipitation_sum: double (nullable = true)
[2026-01-29T20:03:46.171+0530] {subprocess.py:106} INFO -  |-- rain_sum: double (nullable = true)
[2026-01-29T20:03:46.171+0530] {subprocess.py:106} INFO -  |-- weather_code: integer (nullable = true)
[2026-01-29T20:03:46.171+0530] {subprocess.py:106} INFO -  |-- wind_speed_10m_max: double (nullable = true)
[2026-01-29T20:03:46.171+0530] {subprocess.py:106} INFO -  |-- wind_gusts_10m_max: double (nullable = true)
[2026-01-29T20:03:46.172+0530] {subprocess.py:106} INFO -  |-- wind_direction_10m_dominant: integer (nullable = true)
[2026-01-29T20:03:46.172+0530] {subprocess.py:106} INFO - 
[2026-01-29T20:03:46.359+0530] {subprocess.py:106} INFO - 26/01/29 20:03:46 INFO FileSourceStrategy: Pushed Filters: Or(Or(Or(Or(IsNull(city),IsNull(date)),IsNull(temperature_2m_max)),Or(Or(IsNull(temperature_2m_min),IsNull(apparent_temperature_max)),IsNull(apparent_temperature_min))),Or(Or(Or(IsNull(precipitation_sum),IsNull(rain_sum)),IsNull(weather_code)),Or(Or(IsNull(wind_speed_10m_max),IsNull(wind_gusts_10m_max)),IsNull(wind_direction_10m_dominant))))
[2026-01-29T20:03:46.360+0530] {subprocess.py:106} INFO - 26/01/29 20:03:46 INFO FileSourceStrategy: Post-Scan Filters: ((((isnull(city#17) OR isnull(date#18)) OR isnull(temperature_2m_max#19)) OR ((isnull(temperature_2m_min#20) OR isnull(apparent_temperature_max#21)) OR isnull(apparent_temperature_min#22))) OR (((isnull(precipitation_sum#23) OR isnull(rain_sum#24)) OR isnull(weather_code#25)) OR ((isnull(wind_speed_10m_max#26) OR isnull(wind_gusts_10m_max#27)) OR isnull(wind_direction_10m_dominant#28))))
[2026-01-29T20:03:46.490+0530] {subprocess.py:106} INFO - 26/01/29 20:03:46 INFO CodeGenerator: Code generated in 23.43808 ms
[2026-01-29T20:03:46.495+0530] {subprocess.py:106} INFO - 26/01/29 20:03:46 INFO MemoryStore: Block broadcast_4 stored as values in memory (estimated size 350.2 KiB, free 365.5 MiB)
[2026-01-29T20:03:46.503+0530] {subprocess.py:106} INFO - 26/01/29 20:03:46 INFO MemoryStore: Block broadcast_4_piece0 stored as bytes in memory (estimated size 34.3 KiB, free 365.5 MiB)
[2026-01-29T20:03:46.504+0530] {subprocess.py:106} INFO - 26/01/29 20:03:46 INFO BlockManagerInfo: Added broadcast_4_piece0 in memory on Aishwarya92848DBDA:42547 (size: 34.3 KiB, free: 366.2 MiB)
[2026-01-29T20:03:46.506+0530] {subprocess.py:106} INFO - 26/01/29 20:03:46 INFO SparkContext: Created broadcast 4 from count at NativeMethodAccessorImpl.java:0
[2026-01-29T20:03:46.511+0530] {subprocess.py:106} INFO - 26/01/29 20:03:46 INFO FileSourceScanExec: Planning scan with bin packing, max size: 4194304 bytes, open cost is considered as scanning 4194304 bytes.
[2026-01-29T20:03:46.537+0530] {subprocess.py:106} INFO - 26/01/29 20:03:46 INFO DAGScheduler: Registering RDD 13 (count at NativeMethodAccessorImpl.java:0) as input to shuffle 0
[2026-01-29T20:03:46.540+0530] {subprocess.py:106} INFO - 26/01/29 20:03:46 INFO DAGScheduler: Got map stage job 2 (count at NativeMethodAccessorImpl.java:0) with 2 output partitions
[2026-01-29T20:03:46.541+0530] {subprocess.py:106} INFO - 26/01/29 20:03:46 INFO DAGScheduler: Final stage: ShuffleMapStage 2 (count at NativeMethodAccessorImpl.java:0)
[2026-01-29T20:03:46.541+0530] {subprocess.py:106} INFO - 26/01/29 20:03:46 INFO DAGScheduler: Parents of final stage: List()
[2026-01-29T20:03:46.542+0530] {subprocess.py:106} INFO - 26/01/29 20:03:46 INFO DAGScheduler: Missing parents: List()
[2026-01-29T20:03:46.544+0530] {subprocess.py:106} INFO - 26/01/29 20:03:46 INFO DAGScheduler: Submitting ShuffleMapStage 2 (MapPartitionsRDD[13] at count at NativeMethodAccessorImpl.java:0), which has no missing parents
[2026-01-29T20:03:46.557+0530] {subprocess.py:106} INFO - 26/01/29 20:03:46 INFO MemoryStore: Block broadcast_5 stored as values in memory (estimated size 22.8 KiB, free 365.5 MiB)
[2026-01-29T20:03:46.559+0530] {subprocess.py:106} INFO - 26/01/29 20:03:46 INFO MemoryStore: Block broadcast_5_piece0 stored as bytes in memory (estimated size 10.3 KiB, free 365.5 MiB)
[2026-01-29T20:03:46.559+0530] {subprocess.py:106} INFO - 26/01/29 20:03:46 INFO BlockManagerInfo: Added broadcast_5_piece0 in memory on Aishwarya92848DBDA:42547 (size: 10.3 KiB, free: 366.2 MiB)
[2026-01-29T20:03:46.560+0530] {subprocess.py:106} INFO - 26/01/29 20:03:46 INFO SparkContext: Created broadcast 5 from broadcast at DAGScheduler.scala:1585
[2026-01-29T20:03:46.561+0530] {subprocess.py:106} INFO - 26/01/29 20:03:46 INFO DAGScheduler: Submitting 2 missing tasks from ShuffleMapStage 2 (MapPartitionsRDD[13] at count at NativeMethodAccessorImpl.java:0) (first 15 tasks are for partitions Vector(0, 1))
[2026-01-29T20:03:46.562+0530] {subprocess.py:106} INFO - 26/01/29 20:03:46 INFO TaskSchedulerImpl: Adding task set 2.0 with 2 tasks resource profile 0
[2026-01-29T20:03:46.564+0530] {subprocess.py:106} INFO - 26/01/29 20:03:46 INFO TaskSetManager: Starting task 0.0 in stage 2.0 (TID 3) (Aishwarya92848DBDA, executor driver, partition 0, NODE_LOCAL, 8230 bytes)
[2026-01-29T20:03:46.564+0530] {subprocess.py:106} INFO - 26/01/29 20:03:46 INFO TaskSetManager: Starting task 1.0 in stage 2.0 (TID 4) (Aishwarya92848DBDA, executor driver, partition 1, NODE_LOCAL, 8230 bytes)
[2026-01-29T20:03:46.565+0530] {subprocess.py:106} INFO - 26/01/29 20:03:46 INFO Executor: Running task 1.0 in stage 2.0 (TID 4)
[2026-01-29T20:03:46.565+0530] {subprocess.py:106} INFO - 26/01/29 20:03:46 INFO Executor: Running task 0.0 in stage 2.0 (TID 3)
[2026-01-29T20:03:46.607+0530] {subprocess.py:106} INFO - 26/01/29 20:03:46 INFO CodeGenerator: Code generated in 18.847059 ms
[2026-01-29T20:03:46.617+0530] {subprocess.py:106} INFO - 26/01/29 20:03:46 INFO FileScanRDD: Reading File path: hdfs://localhost:9000/weather/data/raw_data/weather_dataset.csv, range: 4194304-5651348, partition values: [empty row]
[2026-01-29T20:03:46.617+0530] {subprocess.py:106} INFO - 26/01/29 20:03:46 INFO FileScanRDD: Reading File path: hdfs://localhost:9000/weather/data/raw_data/weather_dataset.csv, range: 0-4194304, partition values: [empty row]
[2026-01-29T20:03:46.644+0530] {subprocess.py:106} INFO - 26/01/29 20:03:46 INFO CodeGenerator: Code generated in 18.417178 ms
[2026-01-29T20:03:46.675+0530] {subprocess.py:106} INFO - 26/01/29 20:03:46 INFO BlockManagerInfo: Removed broadcast_3_piece0 on Aishwarya92848DBDA:42547 in memory (size: 12.8 KiB, free: 366.2 MiB)
[2026-01-29T20:03:46.679+0530] {subprocess.py:106} INFO - 26/01/29 20:03:46 INFO BlockManagerInfo: Removed broadcast_2_piece0 on Aishwarya92848DBDA:42547 in memory (size: 34.3 KiB, free: 366.3 MiB)
[2026-01-29T20:03:46.697+0530] {subprocess.py:106} INFO - 26/01/29 20:03:46 INFO CodeGenerator: Code generated in 10.795844 ms
[2026-01-29T20:03:46.869+0530] {subprocess.py:106} INFO - 26/01/29 20:03:46 INFO Executor: Finished task 1.0 in stage 2.0 (TID 4). 2033 bytes result sent to driver
[2026-01-29T20:03:46.872+0530] {subprocess.py:106} INFO - 26/01/29 20:03:46 INFO TaskSetManager: Finished task 1.0 in stage 2.0 (TID 4) in 307 ms on Aishwarya92848DBDA (executor driver) (1/2)
[2026-01-29T20:03:46.938+0530] {subprocess.py:106} INFO - 26/01/29 20:03:46 INFO Executor: Finished task 0.0 in stage 2.0 (TID 3). 1990 bytes result sent to driver
[2026-01-29T20:03:46.940+0530] {subprocess.py:106} INFO - 26/01/29 20:03:46 INFO TaskSetManager: Finished task 0.0 in stage 2.0 (TID 3) in 377 ms on Aishwarya92848DBDA (executor driver) (2/2)
[2026-01-29T20:03:46.940+0530] {subprocess.py:106} INFO - 26/01/29 20:03:46 INFO TaskSchedulerImpl: Removed TaskSet 2.0, whose tasks have all completed, from pool
[2026-01-29T20:03:46.941+0530] {subprocess.py:106} INFO - 26/01/29 20:03:46 INFO DAGScheduler: ShuffleMapStage 2 (count at NativeMethodAccessorImpl.java:0) finished in 0.394 s
[2026-01-29T20:03:46.941+0530] {subprocess.py:106} INFO - 26/01/29 20:03:46 INFO DAGScheduler: looking for newly runnable stages
[2026-01-29T20:03:46.942+0530] {subprocess.py:106} INFO - 26/01/29 20:03:46 INFO DAGScheduler: running: Set()
[2026-01-29T20:03:46.942+0530] {subprocess.py:106} INFO - 26/01/29 20:03:46 INFO DAGScheduler: waiting: Set()
[2026-01-29T20:03:46.943+0530] {subprocess.py:106} INFO - 26/01/29 20:03:46 INFO DAGScheduler: failed: Set()
[2026-01-29T20:03:46.963+0530] {subprocess.py:106} INFO - 26/01/29 20:03:46 INFO BlockManagerInfo: Removed broadcast_5_piece0 on Aishwarya92848DBDA:42547 in memory (size: 10.3 KiB, free: 366.3 MiB)
[2026-01-29T20:03:46.990+0530] {subprocess.py:106} INFO - 26/01/29 20:03:46 INFO CodeGenerator: Code generated in 10.609047 ms
[2026-01-29T20:03:47.009+0530] {subprocess.py:106} INFO - 26/01/29 20:03:47 INFO SparkContext: Starting job: count at NativeMethodAccessorImpl.java:0
[2026-01-29T20:03:47.011+0530] {subprocess.py:106} INFO - 26/01/29 20:03:47 INFO DAGScheduler: Got job 3 (count at NativeMethodAccessorImpl.java:0) with 1 output partitions
[2026-01-29T20:03:47.012+0530] {subprocess.py:106} INFO - 26/01/29 20:03:47 INFO DAGScheduler: Final stage: ResultStage 4 (count at NativeMethodAccessorImpl.java:0)
[2026-01-29T20:03:47.012+0530] {subprocess.py:106} INFO - 26/01/29 20:03:47 INFO DAGScheduler: Parents of final stage: List(ShuffleMapStage 3)
[2026-01-29T20:03:47.012+0530] {subprocess.py:106} INFO - 26/01/29 20:03:47 INFO DAGScheduler: Missing parents: List()
[2026-01-29T20:03:47.013+0530] {subprocess.py:106} INFO - 26/01/29 20:03:47 INFO DAGScheduler: Submitting ResultStage 4 (MapPartitionsRDD[16] at count at NativeMethodAccessorImpl.java:0), which has no missing parents
[2026-01-29T20:03:47.019+0530] {subprocess.py:106} INFO - 26/01/29 20:03:47 INFO MemoryStore: Block broadcast_6 stored as values in memory (estimated size 12.5 KiB, free 365.9 MiB)
[2026-01-29T20:03:47.020+0530] {subprocess.py:106} INFO - 26/01/29 20:03:47 INFO MemoryStore: Block broadcast_6_piece0 stored as bytes in memory (estimated size 5.9 KiB, free 365.9 MiB)
[2026-01-29T20:03:47.021+0530] {subprocess.py:106} INFO - 26/01/29 20:03:47 INFO BlockManagerInfo: Added broadcast_6_piece0 in memory on Aishwarya92848DBDA:42547 (size: 5.9 KiB, free: 366.3 MiB)
[2026-01-29T20:03:47.021+0530] {subprocess.py:106} INFO - 26/01/29 20:03:47 INFO SparkContext: Created broadcast 6 from broadcast at DAGScheduler.scala:1585
[2026-01-29T20:03:47.022+0530] {subprocess.py:106} INFO - 26/01/29 20:03:47 INFO DAGScheduler: Submitting 1 missing tasks from ResultStage 4 (MapPartitionsRDD[16] at count at NativeMethodAccessorImpl.java:0) (first 15 tasks are for partitions Vector(0))
[2026-01-29T20:03:47.022+0530] {subprocess.py:106} INFO - 26/01/29 20:03:47 INFO TaskSchedulerImpl: Adding task set 4.0 with 1 tasks resource profile 0
[2026-01-29T20:03:47.024+0530] {subprocess.py:106} INFO - 26/01/29 20:03:47 INFO TaskSetManager: Starting task 0.0 in stage 4.0 (TID 5) (Aishwarya92848DBDA, executor driver, partition 0, NODE_LOCAL, 7615 bytes)
[2026-01-29T20:03:47.025+0530] {subprocess.py:106} INFO - 26/01/29 20:03:47 INFO Executor: Running task 0.0 in stage 4.0 (TID 5)
[2026-01-29T20:03:47.058+0530] {subprocess.py:106} INFO - 26/01/29 20:03:47 INFO ShuffleBlockFetcherIterator: Getting 2 (120.0 B) non-empty blocks including 2 (120.0 B) local and 0 (0.0 B) host-local and 0 (0.0 B) push-merged-local and 0 (0.0 B) remote blocks
[2026-01-29T20:03:47.061+0530] {subprocess.py:106} INFO - 26/01/29 20:03:47 INFO ShuffleBlockFetcherIterator: Started 0 remote fetches in 11 ms
[2026-01-29T20:03:47.077+0530] {subprocess.py:106} INFO - 26/01/29 20:03:47 INFO CodeGenerator: Code generated in 10.415888 ms
[2026-01-29T20:03:47.094+0530] {subprocess.py:106} INFO - 26/01/29 20:03:47 INFO Executor: Finished task 0.0 in stage 4.0 (TID 5). 3988 bytes result sent to driver
[2026-01-29T20:03:47.096+0530] {subprocess.py:106} INFO - 26/01/29 20:03:47 INFO TaskSetManager: Finished task 0.0 in stage 4.0 (TID 5) in 72 ms on Aishwarya92848DBDA (executor driver) (1/1)
[2026-01-29T20:03:47.096+0530] {subprocess.py:106} INFO - 26/01/29 20:03:47 INFO TaskSchedulerImpl: Removed TaskSet 4.0, whose tasks have all completed, from pool
[2026-01-29T20:03:47.098+0530] {subprocess.py:106} INFO - 26/01/29 20:03:47 INFO DAGScheduler: ResultStage 4 (count at NativeMethodAccessorImpl.java:0) finished in 0.080 s
[2026-01-29T20:03:47.098+0530] {subprocess.py:106} INFO - 26/01/29 20:03:47 INFO DAGScheduler: Job 3 is finished. Cancelling potential speculative or zombie tasks for this job
[2026-01-29T20:03:47.098+0530] {subprocess.py:106} INFO - 26/01/29 20:03:47 INFO TaskSchedulerImpl: Killing all running tasks in stage 4: Stage finished
[2026-01-29T20:03:47.098+0530] {subprocess.py:106} INFO - 26/01/29 20:03:47 INFO DAGScheduler: Job 3 finished: count at NativeMethodAccessorImpl.java:0, took 0.089472 s
[2026-01-29T20:03:47.411+0530] {subprocess.py:106} INFO - 26/01/29 20:03:47 INFO FileSourceStrategy: Pushed Filters:
[2026-01-29T20:03:47.412+0530] {subprocess.py:106} INFO - 26/01/29 20:03:47 INFO FileSourceStrategy: Post-Scan Filters:
[2026-01-29T20:03:47.430+0530] {subprocess.py:106} INFO - 26/01/29 20:03:47 INFO MemoryStore: Block broadcast_7 stored as values in memory (estimated size 350.2 KiB, free 365.6 MiB)
[2026-01-29T20:03:47.438+0530] {subprocess.py:106} INFO - 26/01/29 20:03:47 INFO MemoryStore: Block broadcast_7_piece0 stored as bytes in memory (estimated size 34.3 KiB, free 365.5 MiB)
[2026-01-29T20:03:47.439+0530] {subprocess.py:106} INFO - 26/01/29 20:03:47 INFO BlockManagerInfo: Added broadcast_7_piece0 in memory on Aishwarya92848DBDA:42547 (size: 34.3 KiB, free: 366.2 MiB)
[2026-01-29T20:03:47.439+0530] {subprocess.py:106} INFO - 26/01/29 20:03:47 INFO SparkContext: Created broadcast 7 from collect at StringIndexer.scala:204
[2026-01-29T20:03:47.441+0530] {subprocess.py:106} INFO - 26/01/29 20:03:47 INFO FileSourceScanExec: Planning scan with bin packing, max size: 4194304 bytes, open cost is considered as scanning 4194304 bytes.
[2026-01-29T20:03:47.446+0530] {subprocess.py:106} INFO - 26/01/29 20:03:47 INFO DAGScheduler: Registering RDD 20 (collect at StringIndexer.scala:204) as input to shuffle 1
[2026-01-29T20:03:47.446+0530] {subprocess.py:106} INFO - 26/01/29 20:03:47 INFO DAGScheduler: Got map stage job 4 (collect at StringIndexer.scala:204) with 2 output partitions
[2026-01-29T20:03:47.447+0530] {subprocess.py:106} INFO - 26/01/29 20:03:47 INFO DAGScheduler: Final stage: ShuffleMapStage 5 (collect at StringIndexer.scala:204)
[2026-01-29T20:03:47.447+0530] {subprocess.py:106} INFO - 26/01/29 20:03:47 INFO DAGScheduler: Parents of final stage: List()
[2026-01-29T20:03:47.447+0530] {subprocess.py:106} INFO - 26/01/29 20:03:47 INFO DAGScheduler: Missing parents: List()
[2026-01-29T20:03:47.448+0530] {subprocess.py:106} INFO - 26/01/29 20:03:47 INFO DAGScheduler: Submitting ShuffleMapStage 5 (MapPartitionsRDD[20] at collect at StringIndexer.scala:204), which has no missing parents
[2026-01-29T20:03:47.468+0530] {subprocess.py:106} INFO - 26/01/29 20:03:47 INFO MemoryStore: Block broadcast_8 stored as values in memory (estimated size 28.7 KiB, free 365.5 MiB)
[2026-01-29T20:03:47.469+0530] {subprocess.py:106} INFO - 26/01/29 20:03:47 INFO MemoryStore: Block broadcast_8_piece0 stored as bytes in memory (estimated size 13.8 KiB, free 365.5 MiB)
[2026-01-29T20:03:47.470+0530] {subprocess.py:106} INFO - 26/01/29 20:03:47 INFO BlockManagerInfo: Added broadcast_8_piece0 in memory on Aishwarya92848DBDA:42547 (size: 13.8 KiB, free: 366.2 MiB)
[2026-01-29T20:03:47.470+0530] {subprocess.py:106} INFO - 26/01/29 20:03:47 INFO SparkContext: Created broadcast 8 from broadcast at DAGScheduler.scala:1585
[2026-01-29T20:03:47.471+0530] {subprocess.py:106} INFO - 26/01/29 20:03:47 INFO DAGScheduler: Submitting 2 missing tasks from ShuffleMapStage 5 (MapPartitionsRDD[20] at collect at StringIndexer.scala:204) (first 15 tasks are for partitions Vector(0, 1))
[2026-01-29T20:03:47.471+0530] {subprocess.py:106} INFO - 26/01/29 20:03:47 INFO TaskSchedulerImpl: Adding task set 5.0 with 2 tasks resource profile 0
[2026-01-29T20:03:47.472+0530] {subprocess.py:106} INFO - 26/01/29 20:03:47 INFO TaskSetManager: Starting task 0.0 in stage 5.0 (TID 6) (Aishwarya92848DBDA, executor driver, partition 0, NODE_LOCAL, 8230 bytes)
[2026-01-29T20:03:47.473+0530] {subprocess.py:106} INFO - 26/01/29 20:03:47 INFO TaskSetManager: Starting task 1.0 in stage 5.0 (TID 7) (Aishwarya92848DBDA, executor driver, partition 1, NODE_LOCAL, 8230 bytes)
[2026-01-29T20:03:47.474+0530] {subprocess.py:106} INFO - 26/01/29 20:03:47 INFO Executor: Running task 0.0 in stage 5.0 (TID 6)
[2026-01-29T20:03:47.474+0530] {subprocess.py:106} INFO - 26/01/29 20:03:47 INFO Executor: Running task 1.0 in stage 5.0 (TID 7)
[2026-01-29T20:03:47.493+0530] {subprocess.py:106} INFO - 26/01/29 20:03:47 INFO FileScanRDD: Reading File path: hdfs://localhost:9000/weather/data/raw_data/weather_dataset.csv, range: 4194304-5651348, partition values: [empty row]
[2026-01-29T20:03:47.493+0530] {subprocess.py:106} INFO - 26/01/29 20:03:47 INFO FileScanRDD: Reading File path: hdfs://localhost:9000/weather/data/raw_data/weather_dataset.csv, range: 0-4194304, partition values: [empty row]
[2026-01-29T20:03:47.523+0530] {subprocess.py:106} INFO - 26/01/29 20:03:47 INFO CodeGenerator: Code generated in 6.139206 ms
[2026-01-29T20:03:47.540+0530] {subprocess.py:106} INFO - 26/01/29 20:03:47 INFO CodeGenerator: Code generated in 6.752357 ms
[2026-01-29T20:03:47.552+0530] {subprocess.py:106} INFO - 26/01/29 20:03:47 INFO CodeGenerator: Code generated in 8.273009 ms
[2026-01-29T20:03:47.577+0530] {subprocess.py:106} INFO - 26/01/29 20:03:47 INFO CodeGenerator: Code generated in 9.728506 ms
[2026-01-29T20:03:47.735+0530] {subprocess.py:106} INFO - 26/01/29 20:03:47 INFO CodeGenerator: Code generated in 15.229645 ms
[2026-01-29T20:03:47.930+0530] {subprocess.py:106} INFO - 26/01/29 20:03:47 INFO Executor: Finished task 1.0 in stage 5.0 (TID 7). 2256 bytes result sent to driver
[2026-01-29T20:03:47.930+0530] {subprocess.py:106} INFO - 26/01/29 20:03:47 INFO Executor: Finished task 0.0 in stage 5.0 (TID 6). 2256 bytes result sent to driver
[2026-01-29T20:03:47.931+0530] {subprocess.py:106} INFO - 26/01/29 20:03:47 INFO TaskSetManager: Finished task 1.0 in stage 5.0 (TID 7) in 459 ms on Aishwarya92848DBDA (executor driver) (1/2)
[2026-01-29T20:03:47.932+0530] {subprocess.py:106} INFO - 26/01/29 20:03:47 INFO TaskSetManager: Finished task 0.0 in stage 5.0 (TID 6) in 459 ms on Aishwarya92848DBDA (executor driver) (2/2)
[2026-01-29T20:03:47.933+0530] {subprocess.py:106} INFO - 26/01/29 20:03:47 INFO TaskSchedulerImpl: Removed TaskSet 5.0, whose tasks have all completed, from pool
[2026-01-29T20:03:47.934+0530] {subprocess.py:106} INFO - 26/01/29 20:03:47 INFO DAGScheduler: ShuffleMapStage 5 (collect at StringIndexer.scala:204) finished in 0.484 s
[2026-01-29T20:03:47.934+0530] {subprocess.py:106} INFO - 26/01/29 20:03:47 INFO DAGScheduler: looking for newly runnable stages
[2026-01-29T20:03:47.934+0530] {subprocess.py:106} INFO - 26/01/29 20:03:47 INFO DAGScheduler: running: Set()
[2026-01-29T20:03:47.934+0530] {subprocess.py:106} INFO - 26/01/29 20:03:47 INFO DAGScheduler: waiting: Set()
[2026-01-29T20:03:47.934+0530] {subprocess.py:106} INFO - 26/01/29 20:03:47 INFO DAGScheduler: failed: Set()
[2026-01-29T20:03:47.962+0530] {subprocess.py:106} INFO - 26/01/29 20:03:47 INFO SparkContext: Starting job: collect at StringIndexer.scala:204
[2026-01-29T20:03:47.964+0530] {subprocess.py:106} INFO - 26/01/29 20:03:47 INFO DAGScheduler: Got job 5 (collect at StringIndexer.scala:204) with 1 output partitions
[2026-01-29T20:03:47.964+0530] {subprocess.py:106} INFO - 26/01/29 20:03:47 INFO DAGScheduler: Final stage: ResultStage 7 (collect at StringIndexer.scala:204)
[2026-01-29T20:03:47.965+0530] {subprocess.py:106} INFO - 26/01/29 20:03:47 INFO DAGScheduler: Parents of final stage: List(ShuffleMapStage 6)
[2026-01-29T20:03:47.965+0530] {subprocess.py:106} INFO - 26/01/29 20:03:47 INFO DAGScheduler: Missing parents: List()
[2026-01-29T20:03:47.966+0530] {subprocess.py:106} INFO - 26/01/29 20:03:47 INFO DAGScheduler: Submitting ResultStage 7 (MapPartitionsRDD[23] at collect at StringIndexer.scala:204), which has no missing parents
[2026-01-29T20:03:47.970+0530] {subprocess.py:106} INFO - 26/01/29 20:03:47 INFO MemoryStore: Block broadcast_9 stored as values in memory (estimated size 33.6 KiB, free 365.5 MiB)
[2026-01-29T20:03:47.973+0530] {subprocess.py:106} INFO - 26/01/29 20:03:47 INFO MemoryStore: Block broadcast_9_piece0 stored as bytes in memory (estimated size 16.1 KiB, free 365.4 MiB)
[2026-01-29T20:03:47.973+0530] {subprocess.py:106} INFO - 26/01/29 20:03:47 INFO BlockManagerInfo: Added broadcast_9_piece0 in memory on Aishwarya92848DBDA:42547 (size: 16.1 KiB, free: 366.2 MiB)
[2026-01-29T20:03:47.974+0530] {subprocess.py:106} INFO - 26/01/29 20:03:47 INFO SparkContext: Created broadcast 9 from broadcast at DAGScheduler.scala:1585
[2026-01-29T20:03:47.975+0530] {subprocess.py:106} INFO - 26/01/29 20:03:47 INFO DAGScheduler: Submitting 1 missing tasks from ResultStage 7 (MapPartitionsRDD[23] at collect at StringIndexer.scala:204) (first 15 tasks are for partitions Vector(0))
[2026-01-29T20:03:47.975+0530] {subprocess.py:106} INFO - 26/01/29 20:03:47 INFO TaskSchedulerImpl: Adding task set 7.0 with 1 tasks resource profile 0
[2026-01-29T20:03:47.977+0530] {subprocess.py:106} INFO - 26/01/29 20:03:47 INFO TaskSetManager: Starting task 0.0 in stage 7.0 (TID 8) (Aishwarya92848DBDA, executor driver, partition 0, NODE_LOCAL, 7615 bytes)
[2026-01-29T20:03:47.978+0530] {subprocess.py:106} INFO - 26/01/29 20:03:47 INFO Executor: Running task 0.0 in stage 7.0 (TID 8)
[2026-01-29T20:03:47.987+0530] {subprocess.py:106} INFO - 26/01/29 20:03:47 INFO ShuffleBlockFetcherIterator: Getting 2 (890.0 B) non-empty blocks including 2 (890.0 B) local and 0 (0.0 B) host-local and 0 (0.0 B) push-merged-local and 0 (0.0 B) remote blocks
[2026-01-29T20:03:47.987+0530] {subprocess.py:106} INFO - 26/01/29 20:03:47 INFO ShuffleBlockFetcherIterator: Started 0 remote fetches in 0 ms
[2026-01-29T20:03:48.011+0530] {subprocess.py:106} INFO - 26/01/29 20:03:48 INFO CodeGenerator: Code generated in 13.643598 ms
[2026-01-29T20:03:48.051+0530] {subprocess.py:106} INFO - 26/01/29 20:03:48 INFO Executor: Finished task 0.0 in stage 7.0 (TID 8). 5044 bytes result sent to driver
[2026-01-29T20:03:48.053+0530] {subprocess.py:106} INFO - 26/01/29 20:03:48 INFO TaskSetManager: Finished task 0.0 in stage 7.0 (TID 8) in 77 ms on Aishwarya92848DBDA (executor driver) (1/1)
[2026-01-29T20:03:48.054+0530] {subprocess.py:106} INFO - 26/01/29 20:03:48 INFO TaskSchedulerImpl: Removed TaskSet 7.0, whose tasks have all completed, from pool
[2026-01-29T20:03:48.055+0530] {subprocess.py:106} INFO - 26/01/29 20:03:48 INFO DAGScheduler: ResultStage 7 (collect at StringIndexer.scala:204) finished in 0.088 s
[2026-01-29T20:03:48.055+0530] {subprocess.py:106} INFO - 26/01/29 20:03:48 INFO DAGScheduler: Job 5 is finished. Cancelling potential speculative or zombie tasks for this job
[2026-01-29T20:03:48.056+0530] {subprocess.py:106} INFO - 26/01/29 20:03:48 INFO TaskSchedulerImpl: Killing all running tasks in stage 7: Stage finished
[2026-01-29T20:03:48.056+0530] {subprocess.py:106} INFO - 26/01/29 20:03:48 INFO DAGScheduler: Job 5 finished: collect at StringIndexer.scala:204, took 0.093179 s
[2026-01-29T20:03:48.066+0530] {subprocess.py:106} INFO - 26/01/29 20:03:48 INFO CodeGenerator: Code generated in 7.944161 ms
[2026-01-29T20:03:48.140+0530] {subprocess.py:106} INFO - 26/01/29 20:03:48 INFO BlockManagerInfo: Removed broadcast_9_piece0 on Aishwarya92848DBDA:42547 in memory (size: 16.1 KiB, free: 366.2 MiB)
[2026-01-29T20:03:48.144+0530] {subprocess.py:106} INFO - 26/01/29 20:03:48 INFO BlockManagerInfo: Removed broadcast_6_piece0 on Aishwarya92848DBDA:42547 in memory (size: 5.9 KiB, free: 366.2 MiB)
[2026-01-29T20:03:48.153+0530] {subprocess.py:106} INFO - 26/01/29 20:03:48 INFO BlockManagerInfo: Removed broadcast_8_piece0 on Aishwarya92848DBDA:42547 in memory (size: 13.8 KiB, free: 366.2 MiB)
[2026-01-29T20:03:48.157+0530] {subprocess.py:106} INFO - 26/01/29 20:03:48 INFO BlockManagerInfo: Removed broadcast_4_piece0 on Aishwarya92848DBDA:42547 in memory (size: 34.3 KiB, free: 366.3 MiB)
[2026-01-29T20:03:48.316+0530] {subprocess.py:106} INFO - 26/01/29 20:03:48 INFO FileSourceStrategy: Pushed Filters:
[2026-01-29T20:03:48.316+0530] {subprocess.py:106} INFO - 26/01/29 20:03:48 INFO FileSourceStrategy: Post-Scan Filters:
[2026-01-29T20:03:48.320+0530] {subprocess.py:106} INFO - 26/01/29 20:03:48 INFO MemoryStore: Block broadcast_10 stored as values in memory (estimated size 350.2 KiB, free 365.6 MiB)
[2026-01-29T20:03:48.326+0530] {subprocess.py:106} INFO - 26/01/29 20:03:48 INFO MemoryStore: Block broadcast_10_piece0 stored as bytes in memory (estimated size 34.3 KiB, free 365.5 MiB)
[2026-01-29T20:03:48.327+0530] {subprocess.py:106} INFO - 26/01/29 20:03:48 INFO BlockManagerInfo: Added broadcast_10_piece0 in memory on Aishwarya92848DBDA:42547 (size: 34.3 KiB, free: 366.2 MiB)
[2026-01-29T20:03:48.328+0530] {subprocess.py:106} INFO - 26/01/29 20:03:48 INFO SparkContext: Created broadcast 10 from approxQuantile at NativeMethodAccessorImpl.java:0
[2026-01-29T20:03:48.329+0530] {subprocess.py:106} INFO - 26/01/29 20:03:48 INFO FileSourceScanExec: Planning scan with bin packing, max size: 4194304 bytes, open cost is considered as scanning 4194304 bytes.
[2026-01-29T20:03:48.351+0530] {subprocess.py:106} INFO - 26/01/29 20:03:48 INFO SparkContext: Starting job: approxQuantile at NativeMethodAccessorImpl.java:0
[2026-01-29T20:03:48.353+0530] {subprocess.py:106} INFO - 26/01/29 20:03:48 INFO DAGScheduler: Got job 6 (approxQuantile at NativeMethodAccessorImpl.java:0) with 2 output partitions
[2026-01-29T20:03:48.353+0530] {subprocess.py:106} INFO - 26/01/29 20:03:48 INFO DAGScheduler: Final stage: ResultStage 8 (approxQuantile at NativeMethodAccessorImpl.java:0)
[2026-01-29T20:03:48.353+0530] {subprocess.py:106} INFO - 26/01/29 20:03:48 INFO DAGScheduler: Parents of final stage: List()
[2026-01-29T20:03:48.355+0530] {subprocess.py:106} INFO - 26/01/29 20:03:48 INFO DAGScheduler: Missing parents: List()
[2026-01-29T20:03:48.356+0530] {subprocess.py:106} INFO - 26/01/29 20:03:48 INFO DAGScheduler: Submitting ResultStage 8 (MapPartitionsRDD[29] at approxQuantile at NativeMethodAccessorImpl.java:0), which has no missing parents
[2026-01-29T20:03:48.363+0530] {subprocess.py:106} INFO - 26/01/29 20:03:48 INFO MemoryStore: Block broadcast_11 stored as values in memory (estimated size 20.0 KiB, free 365.5 MiB)
[2026-01-29T20:03:48.364+0530] {subprocess.py:106} INFO - 26/01/29 20:03:48 INFO MemoryStore: Block broadcast_11_piece0 stored as bytes in memory (estimated size 9.5 KiB, free 365.5 MiB)
[2026-01-29T20:03:48.365+0530] {subprocess.py:106} INFO - 26/01/29 20:03:48 INFO BlockManagerInfo: Added broadcast_11_piece0 in memory on Aishwarya92848DBDA:42547 (size: 9.5 KiB, free: 366.2 MiB)
[2026-01-29T20:03:48.366+0530] {subprocess.py:106} INFO - 26/01/29 20:03:48 INFO SparkContext: Created broadcast 11 from broadcast at DAGScheduler.scala:1585
[2026-01-29T20:03:48.366+0530] {subprocess.py:106} INFO - 26/01/29 20:03:48 INFO DAGScheduler: Submitting 2 missing tasks from ResultStage 8 (MapPartitionsRDD[29] at approxQuantile at NativeMethodAccessorImpl.java:0) (first 15 tasks are for partitions Vector(0, 1))
[2026-01-29T20:03:48.367+0530] {subprocess.py:106} INFO - 26/01/29 20:03:48 INFO TaskSchedulerImpl: Adding task set 8.0 with 2 tasks resource profile 0
[2026-01-29T20:03:48.368+0530] {subprocess.py:106} INFO - 26/01/29 20:03:48 INFO TaskSetManager: Starting task 0.0 in stage 8.0 (TID 9) (Aishwarya92848DBDA, executor driver, partition 0, NODE_LOCAL, 8241 bytes)
[2026-01-29T20:03:48.368+0530] {subprocess.py:106} INFO - 26/01/29 20:03:48 INFO TaskSetManager: Starting task 1.0 in stage 8.0 (TID 10) (Aishwarya92848DBDA, executor driver, partition 1, NODE_LOCAL, 8241 bytes)
[2026-01-29T20:03:48.369+0530] {subprocess.py:106} INFO - 26/01/29 20:03:48 INFO Executor: Running task 0.0 in stage 8.0 (TID 9)
[2026-01-29T20:03:48.370+0530] {subprocess.py:106} INFO - 26/01/29 20:03:48 INFO Executor: Running task 1.0 in stage 8.0 (TID 10)
[2026-01-29T20:03:48.393+0530] {subprocess.py:106} INFO - 26/01/29 20:03:48 INFO CodeGenerator: Code generated in 7.65573 ms
[2026-01-29T20:03:48.394+0530] {subprocess.py:106} INFO - 26/01/29 20:03:48 INFO FileScanRDD: Reading File path: hdfs://localhost:9000/weather/data/raw_data/weather_dataset.csv, range: 4194304-5651348, partition values: [empty row]
[2026-01-29T20:03:48.395+0530] {subprocess.py:106} INFO - 26/01/29 20:03:48 INFO FileScanRDD: Reading File path: hdfs://localhost:9000/weather/data/raw_data/weather_dataset.csv, range: 0-4194304, partition values: [empty row]
[2026-01-29T20:03:48.403+0530] {subprocess.py:106} INFO - 26/01/29 20:03:48 INFO CodeGenerator: Code generated in 6.934154 ms
[2026-01-29T20:03:48.509+0530] {subprocess.py:106} INFO - 26/01/29 20:03:48 INFO Executor: Finished task 1.0 in stage 8.0 (TID 10). 8256 bytes result sent to driver
[2026-01-29T20:03:48.511+0530] {subprocess.py:106} INFO - 26/01/29 20:03:48 INFO TaskSetManager: Finished task 1.0 in stage 8.0 (TID 10) in 143 ms on Aishwarya92848DBDA (executor driver) (1/2)
[2026-01-29T20:03:48.587+0530] {subprocess.py:106} INFO - 26/01/29 20:03:48 INFO Executor: Finished task 0.0 in stage 8.0 (TID 9). 7248 bytes result sent to driver
[2026-01-29T20:03:48.588+0530] {subprocess.py:106} INFO - 26/01/29 20:03:48 INFO TaskSetManager: Finished task 0.0 in stage 8.0 (TID 9) in 221 ms on Aishwarya92848DBDA (executor driver) (2/2)
[2026-01-29T20:03:48.589+0530] {subprocess.py:106} INFO - 26/01/29 20:03:48 INFO TaskSchedulerImpl: Removed TaskSet 8.0, whose tasks have all completed, from pool
[2026-01-29T20:03:48.590+0530] {subprocess.py:106} INFO - 26/01/29 20:03:48 INFO DAGScheduler: ResultStage 8 (approxQuantile at NativeMethodAccessorImpl.java:0) finished in 0.232 s
[2026-01-29T20:03:48.590+0530] {subprocess.py:106} INFO - 26/01/29 20:03:48 INFO DAGScheduler: Job 6 is finished. Cancelling potential speculative or zombie tasks for this job
[2026-01-29T20:03:48.590+0530] {subprocess.py:106} INFO - 26/01/29 20:03:48 INFO TaskSchedulerImpl: Killing all running tasks in stage 8: Stage finished
[2026-01-29T20:03:48.592+0530] {subprocess.py:106} INFO - 26/01/29 20:03:48 INFO DAGScheduler: Job 6 finished: approxQuantile at NativeMethodAccessorImpl.java:0, took 0.240423 s
[2026-01-29T20:03:48.691+0530] {subprocess.py:106} INFO - 26/01/29 20:03:48 INFO FileSourceStrategy: Pushed Filters: Or(LessThan(temperature_2m_max,19.1),GreaterThan(temperature_2m_max,42.300000000000004))
[2026-01-29T20:03:48.692+0530] {subprocess.py:106} INFO - 26/01/29 20:03:48 INFO FileSourceStrategy: Post-Scan Filters: ((temperature_2m_max#19 < 19.1) OR (temperature_2m_max#19 > 42.300000000000004))
[2026-01-29T20:03:48.715+0530] {subprocess.py:106} INFO - 26/01/29 20:03:48 INFO CodeGenerator: Code generated in 9.575955 ms
[2026-01-29T20:03:48.718+0530] {subprocess.py:106} INFO - 26/01/29 20:03:48 INFO MemoryStore: Block broadcast_12 stored as values in memory (estimated size 350.2 KiB, free 365.2 MiB)
[2026-01-29T20:03:48.725+0530] {subprocess.py:106} INFO - 26/01/29 20:03:48 INFO MemoryStore: Block broadcast_12_piece0 stored as bytes in memory (estimated size 34.3 KiB, free 365.1 MiB)
[2026-01-29T20:03:48.726+0530] {subprocess.py:106} INFO - 26/01/29 20:03:48 INFO BlockManagerInfo: Added broadcast_12_piece0 in memory on Aishwarya92848DBDA:42547 (size: 34.3 KiB, free: 366.2 MiB)
[2026-01-29T20:03:48.726+0530] {subprocess.py:106} INFO - 26/01/29 20:03:48 INFO SparkContext: Created broadcast 12 from count at NativeMethodAccessorImpl.java:0
[2026-01-29T20:03:48.728+0530] {subprocess.py:106} INFO - 26/01/29 20:03:48 INFO FileSourceScanExec: Planning scan with bin packing, max size: 4194304 bytes, open cost is considered as scanning 4194304 bytes.
[2026-01-29T20:03:48.733+0530] {subprocess.py:106} INFO - 26/01/29 20:03:48 INFO DAGScheduler: Registering RDD 33 (count at NativeMethodAccessorImpl.java:0) as input to shuffle 2
[2026-01-29T20:03:48.733+0530] {subprocess.py:106} INFO - 26/01/29 20:03:48 INFO DAGScheduler: Got map stage job 7 (count at NativeMethodAccessorImpl.java:0) with 2 output partitions
[2026-01-29T20:03:48.733+0530] {subprocess.py:106} INFO - 26/01/29 20:03:48 INFO DAGScheduler: Final stage: ShuffleMapStage 9 (count at NativeMethodAccessorImpl.java:0)
[2026-01-29T20:03:48.734+0530] {subprocess.py:106} INFO - 26/01/29 20:03:48 INFO DAGScheduler: Parents of final stage: List()
[2026-01-29T20:03:48.735+0530] {subprocess.py:106} INFO - 26/01/29 20:03:48 INFO DAGScheduler: Missing parents: List()
[2026-01-29T20:03:48.736+0530] {subprocess.py:106} INFO - 26/01/29 20:03:48 INFO DAGScheduler: Submitting ShuffleMapStage 9 (MapPartitionsRDD[33] at count at NativeMethodAccessorImpl.java:0), which has no missing parents
[2026-01-29T20:03:48.742+0530] {subprocess.py:106} INFO - 26/01/29 20:03:48 INFO MemoryStore: Block broadcast_13 stored as values in memory (estimated size 20.0 KiB, free 365.1 MiB)
[2026-01-29T20:03:48.743+0530] {subprocess.py:106} INFO - 26/01/29 20:03:48 INFO MemoryStore: Block broadcast_13_piece0 stored as bytes in memory (estimated size 9.7 KiB, free 365.1 MiB)
[2026-01-29T20:03:48.744+0530] {subprocess.py:106} INFO - 26/01/29 20:03:48 INFO BlockManagerInfo: Added broadcast_13_piece0 in memory on Aishwarya92848DBDA:42547 (size: 9.7 KiB, free: 366.2 MiB)
[2026-01-29T20:03:48.744+0530] {subprocess.py:106} INFO - 26/01/29 20:03:48 INFO SparkContext: Created broadcast 13 from broadcast at DAGScheduler.scala:1585
[2026-01-29T20:03:48.745+0530] {subprocess.py:106} INFO - 26/01/29 20:03:48 INFO DAGScheduler: Submitting 2 missing tasks from ShuffleMapStage 9 (MapPartitionsRDD[33] at count at NativeMethodAccessorImpl.java:0) (first 15 tasks are for partitions Vector(0, 1))
[2026-01-29T20:03:48.745+0530] {subprocess.py:106} INFO - 26/01/29 20:03:48 INFO TaskSchedulerImpl: Adding task set 9.0 with 2 tasks resource profile 0
[2026-01-29T20:03:48.746+0530] {subprocess.py:106} INFO - 26/01/29 20:03:48 INFO TaskSetManager: Starting task 0.0 in stage 9.0 (TID 11) (Aishwarya92848DBDA, executor driver, partition 0, NODE_LOCAL, 8230 bytes)
[2026-01-29T20:03:48.747+0530] {subprocess.py:106} INFO - 26/01/29 20:03:48 INFO TaskSetManager: Starting task 1.0 in stage 9.0 (TID 12) (Aishwarya92848DBDA, executor driver, partition 1, NODE_LOCAL, 8230 bytes)
[2026-01-29T20:03:48.748+0530] {subprocess.py:106} INFO - 26/01/29 20:03:48 INFO Executor: Running task 0.0 in stage 9.0 (TID 11)
[2026-01-29T20:03:48.748+0530] {subprocess.py:106} INFO - 26/01/29 20:03:48 INFO Executor: Running task 1.0 in stage 9.0 (TID 12)
[2026-01-29T20:03:48.765+0530] {subprocess.py:106} INFO - 26/01/29 20:03:48 INFO CodeGenerator: Code generated in 13.657725 ms
[2026-01-29T20:03:48.766+0530] {subprocess.py:106} INFO - 26/01/29 20:03:48 INFO FileScanRDD: Reading File path: hdfs://localhost:9000/weather/data/raw_data/weather_dataset.csv, range: 4194304-5651348, partition values: [empty row]
[2026-01-29T20:03:48.767+0530] {subprocess.py:106} INFO - 26/01/29 20:03:48 INFO FileScanRDD: Reading File path: hdfs://localhost:9000/weather/data/raw_data/weather_dataset.csv, range: 0-4194304, partition values: [empty row]
[2026-01-29T20:03:48.784+0530] {subprocess.py:106} INFO - 26/01/29 20:03:48 INFO CodeGenerator: Code generated in 10.908018 ms
[2026-01-29T20:03:48.855+0530] {subprocess.py:106} INFO - 26/01/29 20:03:48 INFO Executor: Finished task 1.0 in stage 9.0 (TID 12). 1990 bytes result sent to driver
[2026-01-29T20:03:48.856+0530] {subprocess.py:106} INFO - 26/01/29 20:03:48 INFO TaskSetManager: Finished task 1.0 in stage 9.0 (TID 12) in 110 ms on Aishwarya92848DBDA (executor driver) (1/2)
[2026-01-29T20:03:48.881+0530] {subprocess.py:106} INFO - 26/01/29 20:03:48 INFO BlockManagerInfo: Removed broadcast_10_piece0 on Aishwarya92848DBDA:42547 in memory (size: 34.3 KiB, free: 366.2 MiB)
[2026-01-29T20:03:48.885+0530] {subprocess.py:106} INFO - 26/01/29 20:03:48 INFO BlockManagerInfo: Removed broadcast_11_piece0 on Aishwarya92848DBDA:42547 in memory (size: 9.5 KiB, free: 366.2 MiB)
[2026-01-29T20:03:48.888+0530] {subprocess.py:106} INFO - 26/01/29 20:03:48 INFO BlockManagerInfo: Removed broadcast_7_piece0 on Aishwarya92848DBDA:42547 in memory (size: 34.3 KiB, free: 366.3 MiB)
[2026-01-29T20:03:48.910+0530] {subprocess.py:106} INFO - 26/01/29 20:03:48 INFO Executor: Finished task 0.0 in stage 9.0 (TID 11). 2033 bytes result sent to driver
[2026-01-29T20:03:48.911+0530] {subprocess.py:106} INFO - 26/01/29 20:03:48 INFO TaskSetManager: Finished task 0.0 in stage 9.0 (TID 11) in 165 ms on Aishwarya92848DBDA (executor driver) (2/2)
[2026-01-29T20:03:48.912+0530] {subprocess.py:106} INFO - 26/01/29 20:03:48 INFO TaskSchedulerImpl: Removed TaskSet 9.0, whose tasks have all completed, from pool
[2026-01-29T20:03:48.913+0530] {subprocess.py:106} INFO - 26/01/29 20:03:48 INFO DAGScheduler: ShuffleMapStage 9 (count at NativeMethodAccessorImpl.java:0) finished in 0.175 s
[2026-01-29T20:03:48.913+0530] {subprocess.py:106} INFO - 26/01/29 20:03:48 INFO DAGScheduler: looking for newly runnable stages
[2026-01-29T20:03:48.913+0530] {subprocess.py:106} INFO - 26/01/29 20:03:48 INFO DAGScheduler: running: Set()
[2026-01-29T20:03:48.914+0530] {subprocess.py:106} INFO - 26/01/29 20:03:48 INFO DAGScheduler: waiting: Set()
[2026-01-29T20:03:48.914+0530] {subprocess.py:106} INFO - 26/01/29 20:03:48 INFO DAGScheduler: failed: Set()
[2026-01-29T20:03:48.932+0530] {subprocess.py:106} INFO - 26/01/29 20:03:48 INFO SparkContext: Starting job: count at NativeMethodAccessorImpl.java:0
[2026-01-29T20:03:48.933+0530] {subprocess.py:106} INFO - 26/01/29 20:03:48 INFO DAGScheduler: Got job 8 (count at NativeMethodAccessorImpl.java:0) with 1 output partitions
[2026-01-29T20:03:48.934+0530] {subprocess.py:106} INFO - 26/01/29 20:03:48 INFO DAGScheduler: Final stage: ResultStage 11 (count at NativeMethodAccessorImpl.java:0)
[2026-01-29T20:03:48.934+0530] {subprocess.py:106} INFO - 26/01/29 20:03:48 INFO DAGScheduler: Parents of final stage: List(ShuffleMapStage 10)
[2026-01-29T20:03:48.934+0530] {subprocess.py:106} INFO - 26/01/29 20:03:48 INFO DAGScheduler: Missing parents: List()
[2026-01-29T20:03:48.934+0530] {subprocess.py:106} INFO - 26/01/29 20:03:48 INFO DAGScheduler: Submitting ResultStage 11 (MapPartitionsRDD[36] at count at NativeMethodAccessorImpl.java:0), which has no missing parents
[2026-01-29T20:03:48.937+0530] {subprocess.py:106} INFO - 26/01/29 20:03:48 INFO MemoryStore: Block broadcast_14 stored as values in memory (estimated size 12.5 KiB, free 365.9 MiB)
[2026-01-29T20:03:48.938+0530] {subprocess.py:106} INFO - 26/01/29 20:03:48 INFO MemoryStore: Block broadcast_14_piece0 stored as bytes in memory (estimated size 5.9 KiB, free 365.9 MiB)
[2026-01-29T20:03:48.939+0530] {subprocess.py:106} INFO - 26/01/29 20:03:48 INFO BlockManagerInfo: Added broadcast_14_piece0 in memory on Aishwarya92848DBDA:42547 (size: 5.9 KiB, free: 366.3 MiB)
[2026-01-29T20:03:48.939+0530] {subprocess.py:106} INFO - 26/01/29 20:03:48 INFO SparkContext: Created broadcast 14 from broadcast at DAGScheduler.scala:1585
[2026-01-29T20:03:48.940+0530] {subprocess.py:106} INFO - 26/01/29 20:03:48 INFO DAGScheduler: Submitting 1 missing tasks from ResultStage 11 (MapPartitionsRDD[36] at count at NativeMethodAccessorImpl.java:0) (first 15 tasks are for partitions Vector(0))
[2026-01-29T20:03:48.940+0530] {subprocess.py:106} INFO - 26/01/29 20:03:48 INFO TaskSchedulerImpl: Adding task set 11.0 with 1 tasks resource profile 0
[2026-01-29T20:03:48.941+0530] {subprocess.py:106} INFO - 26/01/29 20:03:48 INFO TaskSetManager: Starting task 0.0 in stage 11.0 (TID 13) (Aishwarya92848DBDA, executor driver, partition 0, NODE_LOCAL, 7615 bytes)
[2026-01-29T20:03:48.942+0530] {subprocess.py:106} INFO - 26/01/29 20:03:48 INFO Executor: Running task 0.0 in stage 11.0 (TID 13)
[2026-01-29T20:03:48.945+0530] {subprocess.py:106} INFO - 26/01/29 20:03:48 INFO ShuffleBlockFetcherIterator: Getting 2 (120.0 B) non-empty blocks including 2 (120.0 B) local and 0 (0.0 B) host-local and 0 (0.0 B) push-merged-local and 0 (0.0 B) remote blocks
[2026-01-29T20:03:48.946+0530] {subprocess.py:106} INFO - 26/01/29 20:03:48 INFO ShuffleBlockFetcherIterator: Started 0 remote fetches in 0 ms
[2026-01-29T20:03:48.948+0530] {subprocess.py:106} INFO - 26/01/29 20:03:48 INFO Executor: Finished task 0.0 in stage 11.0 (TID 13). 3995 bytes result sent to driver
[2026-01-29T20:03:48.950+0530] {subprocess.py:106} INFO - 26/01/29 20:03:48 INFO TaskSetManager: Finished task 0.0 in stage 11.0 (TID 13) in 10 ms on Aishwarya92848DBDA (executor driver) (1/1)
[2026-01-29T20:03:48.951+0530] {subprocess.py:106} INFO - 26/01/29 20:03:48 INFO TaskSchedulerImpl: Removed TaskSet 11.0, whose tasks have all completed, from pool
[2026-01-29T20:03:48.952+0530] {subprocess.py:106} INFO - 26/01/29 20:03:48 INFO DAGScheduler: ResultStage 11 (count at NativeMethodAccessorImpl.java:0) finished in 0.016 s
[2026-01-29T20:03:48.952+0530] {subprocess.py:106} INFO - 26/01/29 20:03:48 INFO DAGScheduler: Job 8 is finished. Cancelling potential speculative or zombie tasks for this job
[2026-01-29T20:03:48.953+0530] {subprocess.py:106} INFO - 26/01/29 20:03:48 INFO TaskSchedulerImpl: Killing all running tasks in stage 11: Stage finished
[2026-01-29T20:03:48.953+0530] {subprocess.py:106} INFO - 26/01/29 20:03:48 INFO DAGScheduler: Job 8 finished: count at NativeMethodAccessorImpl.java:0, took 0.020201 s
[2026-01-29T20:03:48.954+0530] {subprocess.py:106} INFO - temperature_2m_max: Outliers = 1882
[2026-01-29T20:03:48.988+0530] {subprocess.py:106} INFO - 26/01/29 20:03:48 INFO FileSourceStrategy: Pushed Filters:
[2026-01-29T20:03:48.988+0530] {subprocess.py:106} INFO - 26/01/29 20:03:48 INFO FileSourceStrategy: Post-Scan Filters:
[2026-01-29T20:03:48.992+0530] {subprocess.py:106} INFO - 26/01/29 20:03:48 INFO MemoryStore: Block broadcast_15 stored as values in memory (estimated size 350.2 KiB, free 365.5 MiB)
[2026-01-29T20:03:48.999+0530] {subprocess.py:106} INFO - 26/01/29 20:03:48 INFO MemoryStore: Block broadcast_15_piece0 stored as bytes in memory (estimated size 34.3 KiB, free 365.5 MiB)
[2026-01-29T20:03:49.000+0530] {subprocess.py:106} INFO - 26/01/29 20:03:49 INFO BlockManagerInfo: Added broadcast_15_piece0 in memory on Aishwarya92848DBDA:42547 (size: 34.3 KiB, free: 366.2 MiB)
[2026-01-29T20:03:49.001+0530] {subprocess.py:106} INFO - 26/01/29 20:03:49 INFO SparkContext: Created broadcast 15 from approxQuantile at NativeMethodAccessorImpl.java:0
[2026-01-29T20:03:49.002+0530] {subprocess.py:106} INFO - 26/01/29 20:03:49 INFO FileSourceScanExec: Planning scan with bin packing, max size: 4194304 bytes, open cost is considered as scanning 4194304 bytes.
[2026-01-29T20:03:49.026+0530] {subprocess.py:106} INFO - 26/01/29 20:03:49 INFO SparkContext: Starting job: approxQuantile at NativeMethodAccessorImpl.java:0
[2026-01-29T20:03:49.028+0530] {subprocess.py:106} INFO - 26/01/29 20:03:49 INFO DAGScheduler: Got job 9 (approxQuantile at NativeMethodAccessorImpl.java:0) with 2 output partitions
[2026-01-29T20:03:49.028+0530] {subprocess.py:106} INFO - 26/01/29 20:03:49 INFO DAGScheduler: Final stage: ResultStage 12 (approxQuantile at NativeMethodAccessorImpl.java:0)
[2026-01-29T20:03:49.028+0530] {subprocess.py:106} INFO - 26/01/29 20:03:49 INFO DAGScheduler: Parents of final stage: List()
[2026-01-29T20:03:49.029+0530] {subprocess.py:106} INFO - 26/01/29 20:03:49 INFO DAGScheduler: Missing parents: List()
[2026-01-29T20:03:49.030+0530] {subprocess.py:106} INFO - 26/01/29 20:03:49 INFO DAGScheduler: Submitting ResultStage 12 (MapPartitionsRDD[42] at approxQuantile at NativeMethodAccessorImpl.java:0), which has no missing parents
[2026-01-29T20:03:49.034+0530] {subprocess.py:106} INFO - 26/01/29 20:03:49 INFO MemoryStore: Block broadcast_16 stored as values in memory (estimated size 20.0 KiB, free 365.5 MiB)
[2026-01-29T20:03:49.036+0530] {subprocess.py:106} INFO - 26/01/29 20:03:49 INFO MemoryStore: Block broadcast_16_piece0 stored as bytes in memory (estimated size 9.5 KiB, free 365.5 MiB)
[2026-01-29T20:03:49.036+0530] {subprocess.py:106} INFO - 26/01/29 20:03:49 INFO BlockManagerInfo: Added broadcast_16_piece0 in memory on Aishwarya92848DBDA:42547 (size: 9.5 KiB, free: 366.2 MiB)
[2026-01-29T20:03:49.037+0530] {subprocess.py:106} INFO - 26/01/29 20:03:49 INFO SparkContext: Created broadcast 16 from broadcast at DAGScheduler.scala:1585
[2026-01-29T20:03:49.037+0530] {subprocess.py:106} INFO - 26/01/29 20:03:49 INFO DAGScheduler: Submitting 2 missing tasks from ResultStage 12 (MapPartitionsRDD[42] at approxQuantile at NativeMethodAccessorImpl.java:0) (first 15 tasks are for partitions Vector(0, 1))
[2026-01-29T20:03:49.038+0530] {subprocess.py:106} INFO - 26/01/29 20:03:49 INFO TaskSchedulerImpl: Adding task set 12.0 with 2 tasks resource profile 0
[2026-01-29T20:03:49.039+0530] {subprocess.py:106} INFO - 26/01/29 20:03:49 INFO TaskSetManager: Starting task 0.0 in stage 12.0 (TID 14) (Aishwarya92848DBDA, executor driver, partition 0, NODE_LOCAL, 8241 bytes)
[2026-01-29T20:03:49.039+0530] {subprocess.py:106} INFO - 26/01/29 20:03:49 INFO TaskSetManager: Starting task 1.0 in stage 12.0 (TID 15) (Aishwarya92848DBDA, executor driver, partition 1, NODE_LOCAL, 8241 bytes)
[2026-01-29T20:03:49.040+0530] {subprocess.py:106} INFO - 26/01/29 20:03:49 INFO Executor: Running task 1.0 in stage 12.0 (TID 15)
[2026-01-29T20:03:49.041+0530] {subprocess.py:106} INFO - 26/01/29 20:03:49 INFO Executor: Running task 0.0 in stage 12.0 (TID 14)
[2026-01-29T20:03:49.046+0530] {subprocess.py:106} INFO - 26/01/29 20:03:49 INFO FileScanRDD: Reading File path: hdfs://localhost:9000/weather/data/raw_data/weather_dataset.csv, range: 4194304-5651348, partition values: [empty row]
[2026-01-29T20:03:49.048+0530] {subprocess.py:106} INFO - 26/01/29 20:03:49 INFO FileScanRDD: Reading File path: hdfs://localhost:9000/weather/data/raw_data/weather_dataset.csv, range: 0-4194304, partition values: [empty row]
[2026-01-29T20:03:49.107+0530] {subprocess.py:106} INFO - 26/01/29 20:03:49 INFO Executor: Finished task 1.0 in stage 12.0 (TID 15). 8213 bytes result sent to driver
[2026-01-29T20:03:49.108+0530] {subprocess.py:106} INFO - 26/01/29 20:03:49 INFO TaskSetManager: Finished task 1.0 in stage 12.0 (TID 15) in 69 ms on Aishwarya92848DBDA (executor driver) (1/2)
[2026-01-29T20:03:49.181+0530] {subprocess.py:106} INFO - 26/01/29 20:03:49 INFO Executor: Finished task 0.0 in stage 12.0 (TID 14). 6073 bytes result sent to driver
[2026-01-29T20:03:49.182+0530] {subprocess.py:106} INFO - 26/01/29 20:03:49 INFO TaskSetManager: Finished task 0.0 in stage 12.0 (TID 14) in 144 ms on Aishwarya92848DBDA (executor driver) (2/2)
[2026-01-29T20:03:49.183+0530] {subprocess.py:106} INFO - 26/01/29 20:03:49 INFO TaskSchedulerImpl: Removed TaskSet 12.0, whose tasks have all completed, from pool
[2026-01-29T20:03:49.183+0530] {subprocess.py:106} INFO - 26/01/29 20:03:49 INFO DAGScheduler: ResultStage 12 (approxQuantile at NativeMethodAccessorImpl.java:0) finished in 0.152 s
[2026-01-29T20:03:49.183+0530] {subprocess.py:106} INFO - 26/01/29 20:03:49 INFO DAGScheduler: Job 9 is finished. Cancelling potential speculative or zombie tasks for this job
[2026-01-29T20:03:49.183+0530] {subprocess.py:106} INFO - 26/01/29 20:03:49 INFO TaskSchedulerImpl: Killing all running tasks in stage 12: Stage finished
[2026-01-29T20:03:49.184+0530] {subprocess.py:106} INFO - 26/01/29 20:03:49 INFO DAGScheduler: Job 9 finished: approxQuantile at NativeMethodAccessorImpl.java:0, took 0.157814 s
[2026-01-29T20:03:49.259+0530] {subprocess.py:106} INFO - 26/01/29 20:03:49 INFO FileSourceStrategy: Pushed Filters: Or(LessThan(temperature_2m_min,7.3000000000000025),GreaterThan(temperature_2m_min,36.1))
[2026-01-29T20:03:49.260+0530] {subprocess.py:106} INFO - 26/01/29 20:03:49 INFO FileSourceStrategy: Post-Scan Filters: ((temperature_2m_min#20 < 7.3000000000000025) OR (temperature_2m_min#20 > 36.1))
[2026-01-29T20:03:49.281+0530] {subprocess.py:106} INFO - 26/01/29 20:03:49 INFO CodeGenerator: Code generated in 9.550707 ms
[2026-01-29T20:03:49.284+0530] {subprocess.py:106} INFO - 26/01/29 20:03:49 INFO MemoryStore: Block broadcast_17 stored as values in memory (estimated size 350.2 KiB, free 365.1 MiB)
[2026-01-29T20:03:49.290+0530] {subprocess.py:106} INFO - 26/01/29 20:03:49 INFO MemoryStore: Block broadcast_17_piece0 stored as bytes in memory (estimated size 34.3 KiB, free 365.1 MiB)
[2026-01-29T20:03:49.291+0530] {subprocess.py:106} INFO - 26/01/29 20:03:49 INFO BlockManagerInfo: Added broadcast_17_piece0 in memory on Aishwarya92848DBDA:42547 (size: 34.3 KiB, free: 366.2 MiB)
[2026-01-29T20:03:49.291+0530] {subprocess.py:106} INFO - 26/01/29 20:03:49 INFO SparkContext: Created broadcast 17 from count at NativeMethodAccessorImpl.java:0
[2026-01-29T20:03:49.292+0530] {subprocess.py:106} INFO - 26/01/29 20:03:49 INFO FileSourceScanExec: Planning scan with bin packing, max size: 4194304 bytes, open cost is considered as scanning 4194304 bytes.
[2026-01-29T20:03:49.297+0530] {subprocess.py:106} INFO - 26/01/29 20:03:49 INFO DAGScheduler: Registering RDD 46 (count at NativeMethodAccessorImpl.java:0) as input to shuffle 3
[2026-01-29T20:03:49.297+0530] {subprocess.py:106} INFO - 26/01/29 20:03:49 INFO DAGScheduler: Got map stage job 10 (count at NativeMethodAccessorImpl.java:0) with 2 output partitions
[2026-01-29T20:03:49.297+0530] {subprocess.py:106} INFO - 26/01/29 20:03:49 INFO DAGScheduler: Final stage: ShuffleMapStage 13 (count at NativeMethodAccessorImpl.java:0)
[2026-01-29T20:03:49.297+0530] {subprocess.py:106} INFO - 26/01/29 20:03:49 INFO DAGScheduler: Parents of final stage: List()
[2026-01-29T20:03:49.297+0530] {subprocess.py:106} INFO - 26/01/29 20:03:49 INFO DAGScheduler: Missing parents: List()
[2026-01-29T20:03:49.298+0530] {subprocess.py:106} INFO - 26/01/29 20:03:49 INFO DAGScheduler: Submitting ShuffleMapStage 13 (MapPartitionsRDD[46] at count at NativeMethodAccessorImpl.java:0), which has no missing parents
[2026-01-29T20:03:49.301+0530] {subprocess.py:106} INFO - 26/01/29 20:03:49 INFO MemoryStore: Block broadcast_18 stored as values in memory (estimated size 20.0 KiB, free 365.1 MiB)
[2026-01-29T20:03:49.303+0530] {subprocess.py:106} INFO - 26/01/29 20:03:49 INFO MemoryStore: Block broadcast_18_piece0 stored as bytes in memory (estimated size 9.7 KiB, free 365.1 MiB)
[2026-01-29T20:03:49.303+0530] {subprocess.py:106} INFO - 26/01/29 20:03:49 INFO BlockManagerInfo: Added broadcast_18_piece0 in memory on Aishwarya92848DBDA:42547 (size: 9.7 KiB, free: 366.2 MiB)
[2026-01-29T20:03:49.304+0530] {subprocess.py:106} INFO - 26/01/29 20:03:49 INFO SparkContext: Created broadcast 18 from broadcast at DAGScheduler.scala:1585
[2026-01-29T20:03:49.305+0530] {subprocess.py:106} INFO - 26/01/29 20:03:49 INFO DAGScheduler: Submitting 2 missing tasks from ShuffleMapStage 13 (MapPartitionsRDD[46] at count at NativeMethodAccessorImpl.java:0) (first 15 tasks are for partitions Vector(0, 1))
[2026-01-29T20:03:49.305+0530] {subprocess.py:106} INFO - 26/01/29 20:03:49 INFO TaskSchedulerImpl: Adding task set 13.0 with 2 tasks resource profile 0
[2026-01-29T20:03:49.306+0530] {subprocess.py:106} INFO - 26/01/29 20:03:49 INFO TaskSetManager: Starting task 0.0 in stage 13.0 (TID 16) (Aishwarya92848DBDA, executor driver, partition 0, NODE_LOCAL, 8230 bytes)
[2026-01-29T20:03:49.307+0530] {subprocess.py:106} INFO - 26/01/29 20:03:49 INFO TaskSetManager: Starting task 1.0 in stage 13.0 (TID 17) (Aishwarya92848DBDA, executor driver, partition 1, NODE_LOCAL, 8230 bytes)
[2026-01-29T20:03:49.308+0530] {subprocess.py:106} INFO - 26/01/29 20:03:49 INFO Executor: Running task 0.0 in stage 13.0 (TID 16)
[2026-01-29T20:03:49.308+0530] {subprocess.py:106} INFO - 26/01/29 20:03:49 INFO Executor: Running task 1.0 in stage 13.0 (TID 17)
[2026-01-29T20:03:49.324+0530] {subprocess.py:106} INFO - 26/01/29 20:03:49 INFO CodeGenerator: Code generated in 12.443227 ms
[2026-01-29T20:03:49.326+0530] {subprocess.py:106} INFO - 26/01/29 20:03:49 INFO FileScanRDD: Reading File path: hdfs://localhost:9000/weather/data/raw_data/weather_dataset.csv, range: 4194304-5651348, partition values: [empty row]
[2026-01-29T20:03:49.326+0530] {subprocess.py:106} INFO - 26/01/29 20:03:49 INFO FileScanRDD: Reading File path: hdfs://localhost:9000/weather/data/raw_data/weather_dataset.csv, range: 0-4194304, partition values: [empty row]
[2026-01-29T20:03:49.338+0530] {subprocess.py:106} INFO - 26/01/29 20:03:49 INFO CodeGenerator: Code generated in 8.353252 ms
[2026-01-29T20:03:49.413+0530] {subprocess.py:106} INFO - 26/01/29 20:03:49 INFO BlockManagerInfo: Removed broadcast_14_piece0 on Aishwarya92848DBDA:42547 in memory (size: 5.9 KiB, free: 366.2 MiB)
[2026-01-29T20:03:49.415+0530] {subprocess.py:106} INFO - 26/01/29 20:03:49 INFO Executor: Finished task 1.0 in stage 13.0 (TID 17). 2033 bytes result sent to driver
[2026-01-29T20:03:49.416+0530] {subprocess.py:106} INFO - 26/01/29 20:03:49 INFO BlockManagerInfo: Removed broadcast_15_piece0 on Aishwarya92848DBDA:42547 in memory (size: 34.3 KiB, free: 366.2 MiB)
[2026-01-29T20:03:49.417+0530] {subprocess.py:106} INFO - 26/01/29 20:03:49 INFO TaskSetManager: Finished task 1.0 in stage 13.0 (TID 17) in 110 ms on Aishwarya92848DBDA (executor driver) (1/2)
[2026-01-29T20:03:49.422+0530] {subprocess.py:106} INFO - 26/01/29 20:03:49 INFO BlockManagerInfo: Removed broadcast_13_piece0 on Aishwarya92848DBDA:42547 in memory (size: 9.7 KiB, free: 366.2 MiB)
[2026-01-29T20:03:49.425+0530] {subprocess.py:106} INFO - 26/01/29 20:03:49 INFO BlockManagerInfo: Removed broadcast_16_piece0 on Aishwarya92848DBDA:42547 in memory (size: 9.5 KiB, free: 366.2 MiB)
[2026-01-29T20:03:49.429+0530] {subprocess.py:106} INFO - 26/01/29 20:03:49 INFO BlockManagerInfo: Removed broadcast_12_piece0 on Aishwarya92848DBDA:42547 in memory (size: 34.3 KiB, free: 366.3 MiB)
[2026-01-29T20:03:49.475+0530] {subprocess.py:106} INFO - 26/01/29 20:03:49 INFO Executor: Finished task 0.0 in stage 13.0 (TID 16). 2033 bytes result sent to driver
[2026-01-29T20:03:49.476+0530] {subprocess.py:106} INFO - 26/01/29 20:03:49 INFO TaskSetManager: Finished task 0.0 in stage 13.0 (TID 16) in 169 ms on Aishwarya92848DBDA (executor driver) (2/2)
[2026-01-29T20:03:49.476+0530] {subprocess.py:106} INFO - 26/01/29 20:03:49 INFO TaskSchedulerImpl: Removed TaskSet 13.0, whose tasks have all completed, from pool
[2026-01-29T20:03:49.477+0530] {subprocess.py:106} INFO - 26/01/29 20:03:49 INFO DAGScheduler: ShuffleMapStage 13 (count at NativeMethodAccessorImpl.java:0) finished in 0.178 s
[2026-01-29T20:03:49.478+0530] {subprocess.py:106} INFO - 26/01/29 20:03:49 INFO DAGScheduler: looking for newly runnable stages
[2026-01-29T20:03:49.478+0530] {subprocess.py:106} INFO - 26/01/29 20:03:49 INFO DAGScheduler: running: Set()
[2026-01-29T20:03:49.478+0530] {subprocess.py:106} INFO - 26/01/29 20:03:49 INFO DAGScheduler: waiting: Set()
[2026-01-29T20:03:49.478+0530] {subprocess.py:106} INFO - 26/01/29 20:03:49 INFO DAGScheduler: failed: Set()
[2026-01-29T20:03:49.501+0530] {subprocess.py:106} INFO - 26/01/29 20:03:49 INFO SparkContext: Starting job: count at NativeMethodAccessorImpl.java:0
[2026-01-29T20:03:49.503+0530] {subprocess.py:106} INFO - 26/01/29 20:03:49 INFO DAGScheduler: Got job 11 (count at NativeMethodAccessorImpl.java:0) with 1 output partitions
[2026-01-29T20:03:49.504+0530] {subprocess.py:106} INFO - 26/01/29 20:03:49 INFO DAGScheduler: Final stage: ResultStage 15 (count at NativeMethodAccessorImpl.java:0)
[2026-01-29T20:03:49.504+0530] {subprocess.py:106} INFO - 26/01/29 20:03:49 INFO DAGScheduler: Parents of final stage: List(ShuffleMapStage 14)
[2026-01-29T20:03:49.504+0530] {subprocess.py:106} INFO - 26/01/29 20:03:49 INFO DAGScheduler: Missing parents: List()
[2026-01-29T20:03:49.504+0530] {subprocess.py:106} INFO - 26/01/29 20:03:49 INFO DAGScheduler: Submitting ResultStage 15 (MapPartitionsRDD[49] at count at NativeMethodAccessorImpl.java:0), which has no missing parents
[2026-01-29T20:03:49.506+0530] {subprocess.py:106} INFO - 26/01/29 20:03:49 INFO MemoryStore: Block broadcast_19 stored as values in memory (estimated size 12.5 KiB, free 365.9 MiB)
[2026-01-29T20:03:49.507+0530] {subprocess.py:106} INFO - 26/01/29 20:03:49 INFO MemoryStore: Block broadcast_19_piece0 stored as bytes in memory (estimated size 5.9 KiB, free 365.9 MiB)
[2026-01-29T20:03:49.508+0530] {subprocess.py:106} INFO - 26/01/29 20:03:49 INFO BlockManagerInfo: Added broadcast_19_piece0 in memory on Aishwarya92848DBDA:42547 (size: 5.9 KiB, free: 366.3 MiB)
[2026-01-29T20:03:49.509+0530] {subprocess.py:106} INFO - 26/01/29 20:03:49 INFO SparkContext: Created broadcast 19 from broadcast at DAGScheduler.scala:1585
[2026-01-29T20:03:49.509+0530] {subprocess.py:106} INFO - 26/01/29 20:03:49 INFO DAGScheduler: Submitting 1 missing tasks from ResultStage 15 (MapPartitionsRDD[49] at count at NativeMethodAccessorImpl.java:0) (first 15 tasks are for partitions Vector(0))
[2026-01-29T20:03:49.509+0530] {subprocess.py:106} INFO - 26/01/29 20:03:49 INFO TaskSchedulerImpl: Adding task set 15.0 with 1 tasks resource profile 0
[2026-01-29T20:03:49.511+0530] {subprocess.py:106} INFO - 26/01/29 20:03:49 INFO TaskSetManager: Starting task 0.0 in stage 15.0 (TID 18) (Aishwarya92848DBDA, executor driver, partition 0, NODE_LOCAL, 7615 bytes)
[2026-01-29T20:03:49.512+0530] {subprocess.py:106} INFO - 26/01/29 20:03:49 INFO Executor: Running task 0.0 in stage 15.0 (TID 18)
[2026-01-29T20:03:49.516+0530] {subprocess.py:106} INFO - 26/01/29 20:03:49 INFO ShuffleBlockFetcherIterator: Getting 2 (120.0 B) non-empty blocks including 2 (120.0 B) local and 0 (0.0 B) host-local and 0 (0.0 B) push-merged-local and 0 (0.0 B) remote blocks
[2026-01-29T20:03:49.516+0530] {subprocess.py:106} INFO - 26/01/29 20:03:49 INFO ShuffleBlockFetcherIterator: Started 0 remote fetches in 0 ms
[2026-01-29T20:03:49.519+0530] {subprocess.py:106} INFO - 26/01/29 20:03:49 INFO Executor: Finished task 0.0 in stage 15.0 (TID 18). 3995 bytes result sent to driver
[2026-01-29T20:03:49.520+0530] {subprocess.py:106} INFO - 26/01/29 20:03:49 INFO TaskSetManager: Finished task 0.0 in stage 15.0 (TID 18) in 9 ms on Aishwarya92848DBDA (executor driver) (1/1)
[2026-01-29T20:03:49.521+0530] {subprocess.py:106} INFO - 26/01/29 20:03:49 INFO TaskSchedulerImpl: Removed TaskSet 15.0, whose tasks have all completed, from pool
[2026-01-29T20:03:49.522+0530] {subprocess.py:106} INFO - 26/01/29 20:03:49 INFO DAGScheduler: ResultStage 15 (count at NativeMethodAccessorImpl.java:0) finished in 0.018 s
[2026-01-29T20:03:49.523+0530] {subprocess.py:106} INFO - 26/01/29 20:03:49 INFO DAGScheduler: Job 11 is finished. Cancelling potential speculative or zombie tasks for this job
[2026-01-29T20:03:49.523+0530] {subprocess.py:106} INFO - 26/01/29 20:03:49 INFO TaskSchedulerImpl: Killing all running tasks in stage 15: Stage finished
[2026-01-29T20:03:49.523+0530] {subprocess.py:106} INFO - 26/01/29 20:03:49 INFO DAGScheduler: Job 11 finished: count at NativeMethodAccessorImpl.java:0, took 0.021727 s
[2026-01-29T20:03:49.525+0530] {subprocess.py:106} INFO - temperature_2m_min: Outliers = 1441
[2026-01-29T20:03:49.565+0530] {subprocess.py:106} INFO - 26/01/29 20:03:49 INFO FileSourceStrategy: Pushed Filters:
[2026-01-29T20:03:49.566+0530] {subprocess.py:106} INFO - 26/01/29 20:03:49 INFO FileSourceStrategy: Post-Scan Filters:
[2026-01-29T20:03:49.571+0530] {subprocess.py:106} INFO - 26/01/29 20:03:49 INFO MemoryStore: Block broadcast_20 stored as values in memory (estimated size 350.2 KiB, free 365.5 MiB)
[2026-01-29T20:03:49.581+0530] {subprocess.py:106} INFO - 26/01/29 20:03:49 INFO MemoryStore: Block broadcast_20_piece0 stored as bytes in memory (estimated size 34.3 KiB, free 365.5 MiB)
[2026-01-29T20:03:49.581+0530] {subprocess.py:106} INFO - 26/01/29 20:03:49 INFO BlockManagerInfo: Added broadcast_20_piece0 in memory on Aishwarya92848DBDA:42547 (size: 34.3 KiB, free: 366.2 MiB)
[2026-01-29T20:03:49.582+0530] {subprocess.py:106} INFO - 26/01/29 20:03:49 INFO SparkContext: Created broadcast 20 from approxQuantile at NativeMethodAccessorImpl.java:0
[2026-01-29T20:03:49.583+0530] {subprocess.py:106} INFO - 26/01/29 20:03:49 INFO FileSourceScanExec: Planning scan with bin packing, max size: 4194304 bytes, open cost is considered as scanning 4194304 bytes.
[2026-01-29T20:03:49.607+0530] {subprocess.py:106} INFO - 26/01/29 20:03:49 INFO SparkContext: Starting job: approxQuantile at NativeMethodAccessorImpl.java:0
[2026-01-29T20:03:49.609+0530] {subprocess.py:106} INFO - 26/01/29 20:03:49 INFO DAGScheduler: Got job 12 (approxQuantile at NativeMethodAccessorImpl.java:0) with 2 output partitions
[2026-01-29T20:03:49.609+0530] {subprocess.py:106} INFO - 26/01/29 20:03:49 INFO DAGScheduler: Final stage: ResultStage 16 (approxQuantile at NativeMethodAccessorImpl.java:0)
[2026-01-29T20:03:49.609+0530] {subprocess.py:106} INFO - 26/01/29 20:03:49 INFO DAGScheduler: Parents of final stage: List()
[2026-01-29T20:03:49.610+0530] {subprocess.py:106} INFO - 26/01/29 20:03:49 INFO DAGScheduler: Missing parents: List()
[2026-01-29T20:03:49.610+0530] {subprocess.py:106} INFO - 26/01/29 20:03:49 INFO DAGScheduler: Submitting ResultStage 16 (MapPartitionsRDD[55] at approxQuantile at NativeMethodAccessorImpl.java:0), which has no missing parents
[2026-01-29T20:03:49.613+0530] {subprocess.py:106} INFO - 26/01/29 20:03:49 INFO MemoryStore: Block broadcast_21 stored as values in memory (estimated size 20.0 KiB, free 365.5 MiB)
[2026-01-29T20:03:49.615+0530] {subprocess.py:106} INFO - 26/01/29 20:03:49 INFO MemoryStore: Block broadcast_21_piece0 stored as bytes in memory (estimated size 9.5 KiB, free 365.5 MiB)
[2026-01-29T20:03:49.615+0530] {subprocess.py:106} INFO - 26/01/29 20:03:49 INFO BlockManagerInfo: Added broadcast_21_piece0 in memory on Aishwarya92848DBDA:42547 (size: 9.5 KiB, free: 366.2 MiB)
[2026-01-29T20:03:49.616+0530] {subprocess.py:106} INFO - 26/01/29 20:03:49 INFO SparkContext: Created broadcast 21 from broadcast at DAGScheduler.scala:1585
[2026-01-29T20:03:49.616+0530] {subprocess.py:106} INFO - 26/01/29 20:03:49 INFO DAGScheduler: Submitting 2 missing tasks from ResultStage 16 (MapPartitionsRDD[55] at approxQuantile at NativeMethodAccessorImpl.java:0) (first 15 tasks are for partitions Vector(0, 1))
[2026-01-29T20:03:49.616+0530] {subprocess.py:106} INFO - 26/01/29 20:03:49 INFO TaskSchedulerImpl: Adding task set 16.0 with 2 tasks resource profile 0
[2026-01-29T20:03:49.618+0530] {subprocess.py:106} INFO - 26/01/29 20:03:49 INFO TaskSetManager: Starting task 0.0 in stage 16.0 (TID 19) (Aishwarya92848DBDA, executor driver, partition 0, NODE_LOCAL, 8241 bytes)
[2026-01-29T20:03:49.618+0530] {subprocess.py:106} INFO - 26/01/29 20:03:49 INFO TaskSetManager: Starting task 1.0 in stage 16.0 (TID 20) (Aishwarya92848DBDA, executor driver, partition 1, NODE_LOCAL, 8241 bytes)
[2026-01-29T20:03:49.618+0530] {subprocess.py:106} INFO - 26/01/29 20:03:49 INFO Executor: Running task 0.0 in stage 16.0 (TID 19)
[2026-01-29T20:03:49.619+0530] {subprocess.py:106} INFO - 26/01/29 20:03:49 INFO Executor: Running task 1.0 in stage 16.0 (TID 20)
[2026-01-29T20:03:49.626+0530] {subprocess.py:106} INFO - 26/01/29 20:03:49 INFO FileScanRDD: Reading File path: hdfs://localhost:9000/weather/data/raw_data/weather_dataset.csv, range: 4194304-5651348, partition values: [empty row]
[2026-01-29T20:03:49.627+0530] {subprocess.py:106} INFO - 26/01/29 20:03:49 INFO FileScanRDD: Reading File path: hdfs://localhost:9000/weather/data/raw_data/weather_dataset.csv, range: 0-4194304, partition values: [empty row]
[2026-01-29T20:03:49.686+0530] {subprocess.py:106} INFO - 26/01/29 20:03:49 INFO Executor: Finished task 1.0 in stage 16.0 (TID 20). 8213 bytes result sent to driver
[2026-01-29T20:03:49.688+0530] {subprocess.py:106} INFO - 26/01/29 20:03:49 INFO TaskSetManager: Finished task 1.0 in stage 16.0 (TID 20) in 70 ms on Aishwarya92848DBDA (executor driver) (1/2)
[2026-01-29T20:03:49.756+0530] {subprocess.py:106} INFO - 26/01/29 20:03:49 INFO Executor: Finished task 0.0 in stage 16.0 (TID 19). 5650 bytes result sent to driver
[2026-01-29T20:03:49.757+0530] {subprocess.py:106} INFO - 26/01/29 20:03:49 INFO TaskSetManager: Finished task 0.0 in stage 16.0 (TID 19) in 140 ms on Aishwarya92848DBDA (executor driver) (2/2)
[2026-01-29T20:03:49.758+0530] {subprocess.py:106} INFO - 26/01/29 20:03:49 INFO TaskSchedulerImpl: Removed TaskSet 16.0, whose tasks have all completed, from pool
[2026-01-29T20:03:49.758+0530] {subprocess.py:106} INFO - 26/01/29 20:03:49 INFO DAGScheduler: ResultStage 16 (approxQuantile at NativeMethodAccessorImpl.java:0) finished in 0.147 s
[2026-01-29T20:03:49.758+0530] {subprocess.py:106} INFO - 26/01/29 20:03:49 INFO DAGScheduler: Job 12 is finished. Cancelling potential speculative or zombie tasks for this job
[2026-01-29T20:03:49.758+0530] {subprocess.py:106} INFO - 26/01/29 20:03:49 INFO TaskSchedulerImpl: Killing all running tasks in stage 16: Stage finished
[2026-01-29T20:03:49.759+0530] {subprocess.py:106} INFO - 26/01/29 20:03:49 INFO DAGScheduler: Job 12 finished: approxQuantile at NativeMethodAccessorImpl.java:0, took 0.151606 s
[2026-01-29T20:03:49.865+0530] {subprocess.py:106} INFO - 26/01/29 20:03:49 INFO FileSourceStrategy: Pushed Filters: Or(LessThan(apparent_temperature_max,17.0),GreaterThan(apparent_temperature_max,49.8))
[2026-01-29T20:03:49.866+0530] {subprocess.py:106} INFO - 26/01/29 20:03:49 INFO FileSourceStrategy: Post-Scan Filters: ((apparent_temperature_max#21 < 17.0) OR (apparent_temperature_max#21 > 49.8))
[2026-01-29T20:03:49.893+0530] {subprocess.py:106} INFO - 26/01/29 20:03:49 INFO CodeGenerator: Code generated in 11.327538 ms
[2026-01-29T20:03:49.896+0530] {subprocess.py:106} INFO - 26/01/29 20:03:49 INFO MemoryStore: Block broadcast_22 stored as values in memory (estimated size 350.2 KiB, free 365.1 MiB)
[2026-01-29T20:03:49.903+0530] {subprocess.py:106} INFO - 26/01/29 20:03:49 INFO MemoryStore: Block broadcast_22_piece0 stored as bytes in memory (estimated size 34.3 KiB, free 365.1 MiB)
[2026-01-29T20:03:49.903+0530] {subprocess.py:106} INFO - 26/01/29 20:03:49 INFO BlockManagerInfo: Added broadcast_22_piece0 in memory on Aishwarya92848DBDA:42547 (size: 34.3 KiB, free: 366.2 MiB)
[2026-01-29T20:03:49.904+0530] {subprocess.py:106} INFO - 26/01/29 20:03:49 INFO SparkContext: Created broadcast 22 from count at NativeMethodAccessorImpl.java:0
[2026-01-29T20:03:49.905+0530] {subprocess.py:106} INFO - 26/01/29 20:03:49 INFO FileSourceScanExec: Planning scan with bin packing, max size: 4194304 bytes, open cost is considered as scanning 4194304 bytes.
[2026-01-29T20:03:49.910+0530] {subprocess.py:106} INFO - 26/01/29 20:03:49 INFO DAGScheduler: Registering RDD 59 (count at NativeMethodAccessorImpl.java:0) as input to shuffle 4
[2026-01-29T20:03:49.911+0530] {subprocess.py:106} INFO - 26/01/29 20:03:49 INFO DAGScheduler: Got map stage job 13 (count at NativeMethodAccessorImpl.java:0) with 2 output partitions
[2026-01-29T20:03:49.912+0530] {subprocess.py:106} INFO - 26/01/29 20:03:49 INFO DAGScheduler: Final stage: ShuffleMapStage 17 (count at NativeMethodAccessorImpl.java:0)
[2026-01-29T20:03:49.912+0530] {subprocess.py:106} INFO - 26/01/29 20:03:49 INFO DAGScheduler: Parents of final stage: List()
[2026-01-29T20:03:49.912+0530] {subprocess.py:106} INFO - 26/01/29 20:03:49 INFO DAGScheduler: Missing parents: List()
[2026-01-29T20:03:49.913+0530] {subprocess.py:106} INFO - 26/01/29 20:03:49 INFO DAGScheduler: Submitting ShuffleMapStage 17 (MapPartitionsRDD[59] at count at NativeMethodAccessorImpl.java:0), which has no missing parents
[2026-01-29T20:03:49.915+0530] {subprocess.py:106} INFO - 26/01/29 20:03:49 INFO MemoryStore: Block broadcast_23 stored as values in memory (estimated size 20.0 KiB, free 365.1 MiB)
[2026-01-29T20:03:49.917+0530] {subprocess.py:106} INFO - 26/01/29 20:03:49 INFO MemoryStore: Block broadcast_23_piece0 stored as bytes in memory (estimated size 9.7 KiB, free 365.1 MiB)
[2026-01-29T20:03:49.917+0530] {subprocess.py:106} INFO - 26/01/29 20:03:49 INFO BlockManagerInfo: Added broadcast_23_piece0 in memory on Aishwarya92848DBDA:42547 (size: 9.7 KiB, free: 366.2 MiB)
[2026-01-29T20:03:49.918+0530] {subprocess.py:106} INFO - 26/01/29 20:03:49 INFO SparkContext: Created broadcast 23 from broadcast at DAGScheduler.scala:1585
[2026-01-29T20:03:49.918+0530] {subprocess.py:106} INFO - 26/01/29 20:03:49 INFO DAGScheduler: Submitting 2 missing tasks from ShuffleMapStage 17 (MapPartitionsRDD[59] at count at NativeMethodAccessorImpl.java:0) (first 15 tasks are for partitions Vector(0, 1))
[2026-01-29T20:03:49.919+0530] {subprocess.py:106} INFO - 26/01/29 20:03:49 INFO TaskSchedulerImpl: Adding task set 17.0 with 2 tasks resource profile 0
[2026-01-29T20:03:49.920+0530] {subprocess.py:106} INFO - 26/01/29 20:03:49 INFO TaskSetManager: Starting task 0.0 in stage 17.0 (TID 21) (Aishwarya92848DBDA, executor driver, partition 0, NODE_LOCAL, 8230 bytes)
[2026-01-29T20:03:49.920+0530] {subprocess.py:106} INFO - 26/01/29 20:03:49 INFO TaskSetManager: Starting task 1.0 in stage 17.0 (TID 22) (Aishwarya92848DBDA, executor driver, partition 1, NODE_LOCAL, 8230 bytes)
[2026-01-29T20:03:49.921+0530] {subprocess.py:106} INFO - 26/01/29 20:03:49 INFO Executor: Running task 1.0 in stage 17.0 (TID 22)
[2026-01-29T20:03:49.922+0530] {subprocess.py:106} INFO - 26/01/29 20:03:49 INFO Executor: Running task 0.0 in stage 17.0 (TID 21)
[2026-01-29T20:03:49.937+0530] {subprocess.py:106} INFO - 26/01/29 20:03:49 INFO CodeGenerator: Code generated in 12.053142 ms
[2026-01-29T20:03:49.939+0530] {subprocess.py:106} INFO - 26/01/29 20:03:49 INFO FileScanRDD: Reading File path: hdfs://localhost:9000/weather/data/raw_data/weather_dataset.csv, range: 4194304-5651348, partition values: [empty row]
[2026-01-29T20:03:49.939+0530] {subprocess.py:106} INFO - 26/01/29 20:03:49 INFO FileScanRDD: Reading File path: hdfs://localhost:9000/weather/data/raw_data/weather_dataset.csv, range: 0-4194304, partition values: [empty row]
[2026-01-29T20:03:49.950+0530] {subprocess.py:106} INFO - 26/01/29 20:03:49 INFO CodeGenerator: Code generated in 7.762714 ms
[2026-01-29T20:03:49.995+0530] {subprocess.py:106} INFO - 26/01/29 20:03:49 INFO BlockManagerInfo: Removed broadcast_19_piece0 on Aishwarya92848DBDA:42547 in memory (size: 5.9 KiB, free: 366.2 MiB)
[2026-01-29T20:03:49.999+0530] {subprocess.py:106} INFO - 26/01/29 20:03:49 INFO BlockManagerInfo: Removed broadcast_17_piece0 on Aishwarya92848DBDA:42547 in memory (size: 34.3 KiB, free: 366.2 MiB)
[2026-01-29T20:03:50.003+0530] {subprocess.py:106} INFO - 26/01/29 20:03:50 INFO BlockManagerInfo: Removed broadcast_21_piece0 on Aishwarya92848DBDA:42547 in memory (size: 9.5 KiB, free: 366.2 MiB)
[2026-01-29T20:03:50.007+0530] {subprocess.py:106} INFO - 26/01/29 20:03:50 INFO BlockManagerInfo: Removed broadcast_20_piece0 on Aishwarya92848DBDA:42547 in memory (size: 34.3 KiB, free: 366.2 MiB)
[2026-01-29T20:03:50.010+0530] {subprocess.py:106} INFO - 26/01/29 20:03:50 INFO Executor: Finished task 1.0 in stage 17.0 (TID 22). 2033 bytes result sent to driver
[2026-01-29T20:03:50.011+0530] {subprocess.py:106} INFO - 26/01/29 20:03:50 INFO BlockManagerInfo: Removed broadcast_18_piece0 on Aishwarya92848DBDA:42547 in memory (size: 9.7 KiB, free: 366.3 MiB)
[2026-01-29T20:03:50.011+0530] {subprocess.py:106} INFO - 26/01/29 20:03:50 INFO TaskSetManager: Finished task 1.0 in stage 17.0 (TID 22) in 91 ms on Aishwarya92848DBDA (executor driver) (1/2)
[2026-01-29T20:03:50.053+0530] {subprocess.py:106} INFO - 26/01/29 20:03:50 INFO Executor: Finished task 0.0 in stage 17.0 (TID 21). 2033 bytes result sent to driver
[2026-01-29T20:03:50.054+0530] {subprocess.py:106} INFO - 26/01/29 20:03:50 INFO TaskSetManager: Finished task 0.0 in stage 17.0 (TID 21) in 135 ms on Aishwarya92848DBDA (executor driver) (2/2)
[2026-01-29T20:03:50.055+0530] {subprocess.py:106} INFO - 26/01/29 20:03:50 INFO TaskSchedulerImpl: Removed TaskSet 17.0, whose tasks have all completed, from pool
[2026-01-29T20:03:50.056+0530] {subprocess.py:106} INFO - 26/01/29 20:03:50 INFO DAGScheduler: ShuffleMapStage 17 (count at NativeMethodAccessorImpl.java:0) finished in 0.144 s
[2026-01-29T20:03:50.056+0530] {subprocess.py:106} INFO - 26/01/29 20:03:50 INFO DAGScheduler: looking for newly runnable stages
[2026-01-29T20:03:50.057+0530] {subprocess.py:106} INFO - 26/01/29 20:03:50 INFO DAGScheduler: running: Set()
[2026-01-29T20:03:50.057+0530] {subprocess.py:106} INFO - 26/01/29 20:03:50 INFO DAGScheduler: waiting: Set()
[2026-01-29T20:03:50.057+0530] {subprocess.py:106} INFO - 26/01/29 20:03:50 INFO DAGScheduler: failed: Set()
[2026-01-29T20:03:50.073+0530] {subprocess.py:106} INFO - 26/01/29 20:03:50 INFO SparkContext: Starting job: count at NativeMethodAccessorImpl.java:0
[2026-01-29T20:03:50.074+0530] {subprocess.py:106} INFO - 26/01/29 20:03:50 INFO DAGScheduler: Got job 14 (count at NativeMethodAccessorImpl.java:0) with 1 output partitions
[2026-01-29T20:03:50.075+0530] {subprocess.py:106} INFO - 26/01/29 20:03:50 INFO DAGScheduler: Final stage: ResultStage 19 (count at NativeMethodAccessorImpl.java:0)
[2026-01-29T20:03:50.075+0530] {subprocess.py:106} INFO - 26/01/29 20:03:50 INFO DAGScheduler: Parents of final stage: List(ShuffleMapStage 18)
[2026-01-29T20:03:50.076+0530] {subprocess.py:106} INFO - 26/01/29 20:03:50 INFO DAGScheduler: Missing parents: List()
[2026-01-29T20:03:50.076+0530] {subprocess.py:106} INFO - 26/01/29 20:03:50 INFO DAGScheduler: Submitting ResultStage 19 (MapPartitionsRDD[62] at count at NativeMethodAccessorImpl.java:0), which has no missing parents
[2026-01-29T20:03:50.077+0530] {subprocess.py:106} INFO - 26/01/29 20:03:50 INFO MemoryStore: Block broadcast_24 stored as values in memory (estimated size 12.5 KiB, free 365.9 MiB)
[2026-01-29T20:03:50.078+0530] {subprocess.py:106} INFO - 26/01/29 20:03:50 INFO MemoryStore: Block broadcast_24_piece0 stored as bytes in memory (estimated size 5.9 KiB, free 365.9 MiB)
[2026-01-29T20:03:50.079+0530] {subprocess.py:106} INFO - 26/01/29 20:03:50 INFO BlockManagerInfo: Added broadcast_24_piece0 in memory on Aishwarya92848DBDA:42547 (size: 5.9 KiB, free: 366.3 MiB)
[2026-01-29T20:03:50.079+0530] {subprocess.py:106} INFO - 26/01/29 20:03:50 INFO SparkContext: Created broadcast 24 from broadcast at DAGScheduler.scala:1585
[2026-01-29T20:03:50.080+0530] {subprocess.py:106} INFO - 26/01/29 20:03:50 INFO DAGScheduler: Submitting 1 missing tasks from ResultStage 19 (MapPartitionsRDD[62] at count at NativeMethodAccessorImpl.java:0) (first 15 tasks are for partitions Vector(0))
[2026-01-29T20:03:50.080+0530] {subprocess.py:106} INFO - 26/01/29 20:03:50 INFO TaskSchedulerImpl: Adding task set 19.0 with 1 tasks resource profile 0
[2026-01-29T20:03:50.081+0530] {subprocess.py:106} INFO - 26/01/29 20:03:50 INFO TaskSetManager: Starting task 0.0 in stage 19.0 (TID 23) (Aishwarya92848DBDA, executor driver, partition 0, NODE_LOCAL, 7615 bytes)
[2026-01-29T20:03:50.081+0530] {subprocess.py:106} INFO - 26/01/29 20:03:50 INFO Executor: Running task 0.0 in stage 19.0 (TID 23)
[2026-01-29T20:03:50.085+0530] {subprocess.py:106} INFO - 26/01/29 20:03:50 INFO ShuffleBlockFetcherIterator: Getting 2 (120.0 B) non-empty blocks including 2 (120.0 B) local and 0 (0.0 B) host-local and 0 (0.0 B) push-merged-local and 0 (0.0 B) remote blocks
[2026-01-29T20:03:50.085+0530] {subprocess.py:106} INFO - 26/01/29 20:03:50 INFO ShuffleBlockFetcherIterator: Started 0 remote fetches in 0 ms
[2026-01-29T20:03:50.087+0530] {subprocess.py:106} INFO - 26/01/29 20:03:50 INFO Executor: Finished task 0.0 in stage 19.0 (TID 23). 3995 bytes result sent to driver
[2026-01-29T20:03:50.088+0530] {subprocess.py:106} INFO - 26/01/29 20:03:50 INFO TaskSetManager: Finished task 0.0 in stage 19.0 (TID 23) in 8 ms on Aishwarya92848DBDA (executor driver) (1/1)
[2026-01-29T20:03:50.089+0530] {subprocess.py:106} INFO - 26/01/29 20:03:50 INFO TaskSchedulerImpl: Removed TaskSet 19.0, whose tasks have all completed, from pool
[2026-01-29T20:03:50.090+0530] {subprocess.py:106} INFO - 26/01/29 20:03:50 INFO DAGScheduler: ResultStage 19 (count at NativeMethodAccessorImpl.java:0) finished in 0.013 s
[2026-01-29T20:03:50.090+0530] {subprocess.py:106} INFO - 26/01/29 20:03:50 INFO DAGScheduler: Job 14 is finished. Cancelling potential speculative or zombie tasks for this job
[2026-01-29T20:03:50.091+0530] {subprocess.py:106} INFO - 26/01/29 20:03:50 INFO TaskSchedulerImpl: Killing all running tasks in stage 19: Stage finished
[2026-01-29T20:03:50.091+0530] {subprocess.py:106} INFO - 26/01/29 20:03:50 INFO DAGScheduler: Job 14 finished: count at NativeMethodAccessorImpl.java:0, took 0.017045 s
[2026-01-29T20:03:50.092+0530] {subprocess.py:106} INFO - apparent_temperature_max: Outliers = 916
[2026-01-29T20:03:50.130+0530] {subprocess.py:106} INFO - 26/01/29 20:03:50 INFO FileSourceStrategy: Pushed Filters:
[2026-01-29T20:03:50.131+0530] {subprocess.py:106} INFO - 26/01/29 20:03:50 INFO FileSourceStrategy: Post-Scan Filters:
[2026-01-29T20:03:50.135+0530] {subprocess.py:106} INFO - 26/01/29 20:03:50 INFO MemoryStore: Block broadcast_25 stored as values in memory (estimated size 350.2 KiB, free 365.5 MiB)
[2026-01-29T20:03:50.144+0530] {subprocess.py:106} INFO - 26/01/29 20:03:50 INFO MemoryStore: Block broadcast_25_piece0 stored as bytes in memory (estimated size 34.3 KiB, free 365.5 MiB)
[2026-01-29T20:03:50.144+0530] {subprocess.py:106} INFO - 26/01/29 20:03:50 INFO BlockManagerInfo: Added broadcast_25_piece0 in memory on Aishwarya92848DBDA:42547 (size: 34.3 KiB, free: 366.2 MiB)
[2026-01-29T20:03:50.145+0530] {subprocess.py:106} INFO - 26/01/29 20:03:50 INFO SparkContext: Created broadcast 25 from approxQuantile at NativeMethodAccessorImpl.java:0
[2026-01-29T20:03:50.146+0530] {subprocess.py:106} INFO - 26/01/29 20:03:50 INFO FileSourceScanExec: Planning scan with bin packing, max size: 4194304 bytes, open cost is considered as scanning 4194304 bytes.
[2026-01-29T20:03:50.162+0530] {subprocess.py:106} INFO - 26/01/29 20:03:50 INFO SparkContext: Starting job: approxQuantile at NativeMethodAccessorImpl.java:0
[2026-01-29T20:03:50.163+0530] {subprocess.py:106} INFO - 26/01/29 20:03:50 INFO DAGScheduler: Got job 15 (approxQuantile at NativeMethodAccessorImpl.java:0) with 2 output partitions
[2026-01-29T20:03:50.163+0530] {subprocess.py:106} INFO - 26/01/29 20:03:50 INFO DAGScheduler: Final stage: ResultStage 20 (approxQuantile at NativeMethodAccessorImpl.java:0)
[2026-01-29T20:03:50.164+0530] {subprocess.py:106} INFO - 26/01/29 20:03:50 INFO DAGScheduler: Parents of final stage: List()
[2026-01-29T20:03:50.164+0530] {subprocess.py:106} INFO - 26/01/29 20:03:50 INFO DAGScheduler: Missing parents: List()
[2026-01-29T20:03:50.164+0530] {subprocess.py:106} INFO - 26/01/29 20:03:50 INFO DAGScheduler: Submitting ResultStage 20 (MapPartitionsRDD[68] at approxQuantile at NativeMethodAccessorImpl.java:0), which has no missing parents
[2026-01-29T20:03:50.169+0530] {subprocess.py:106} INFO - 26/01/29 20:03:50 INFO MemoryStore: Block broadcast_26 stored as values in memory (estimated size 20.0 KiB, free 365.5 MiB)
[2026-01-29T20:03:50.171+0530] {subprocess.py:106} INFO - 26/01/29 20:03:50 INFO MemoryStore: Block broadcast_26_piece0 stored as bytes in memory (estimated size 9.5 KiB, free 365.5 MiB)
[2026-01-29T20:03:50.171+0530] {subprocess.py:106} INFO - 26/01/29 20:03:50 INFO BlockManagerInfo: Added broadcast_26_piece0 in memory on Aishwarya92848DBDA:42547 (size: 9.5 KiB, free: 366.2 MiB)
[2026-01-29T20:03:50.172+0530] {subprocess.py:106} INFO - 26/01/29 20:03:50 INFO SparkContext: Created broadcast 26 from broadcast at DAGScheduler.scala:1585
[2026-01-29T20:03:50.173+0530] {subprocess.py:106} INFO - 26/01/29 20:03:50 INFO DAGScheduler: Submitting 2 missing tasks from ResultStage 20 (MapPartitionsRDD[68] at approxQuantile at NativeMethodAccessorImpl.java:0) (first 15 tasks are for partitions Vector(0, 1))
[2026-01-29T20:03:50.174+0530] {subprocess.py:106} INFO - 26/01/29 20:03:50 INFO TaskSchedulerImpl: Adding task set 20.0 with 2 tasks resource profile 0
[2026-01-29T20:03:50.175+0530] {subprocess.py:106} INFO - 26/01/29 20:03:50 INFO TaskSetManager: Starting task 0.0 in stage 20.0 (TID 24) (Aishwarya92848DBDA, executor driver, partition 0, NODE_LOCAL, 8241 bytes)
[2026-01-29T20:03:50.175+0530] {subprocess.py:106} INFO - 26/01/29 20:03:50 INFO TaskSetManager: Starting task 1.0 in stage 20.0 (TID 25) (Aishwarya92848DBDA, executor driver, partition 1, NODE_LOCAL, 8241 bytes)
[2026-01-29T20:03:50.176+0530] {subprocess.py:106} INFO - 26/01/29 20:03:50 INFO Executor: Running task 1.0 in stage 20.0 (TID 25)
[2026-01-29T20:03:50.176+0530] {subprocess.py:106} INFO - 26/01/29 20:03:50 INFO Executor: Running task 0.0 in stage 20.0 (TID 24)
[2026-01-29T20:03:50.181+0530] {subprocess.py:106} INFO - 26/01/29 20:03:50 INFO FileScanRDD: Reading File path: hdfs://localhost:9000/weather/data/raw_data/weather_dataset.csv, range: 4194304-5651348, partition values: [empty row]
[2026-01-29T20:03:50.181+0530] {subprocess.py:106} INFO - 26/01/29 20:03:50 INFO FileScanRDD: Reading File path: hdfs://localhost:9000/weather/data/raw_data/weather_dataset.csv, range: 0-4194304, partition values: [empty row]
[2026-01-29T20:03:50.234+0530] {subprocess.py:106} INFO - 26/01/29 20:03:50 INFO Executor: Finished task 1.0 in stage 20.0 (TID 25). 8213 bytes result sent to driver
[2026-01-29T20:03:50.235+0530] {subprocess.py:106} INFO - 26/01/29 20:03:50 INFO TaskSetManager: Finished task 1.0 in stage 20.0 (TID 25) in 60 ms on Aishwarya92848DBDA (executor driver) (1/2)
[2026-01-29T20:03:50.325+0530] {subprocess.py:106} INFO - 26/01/29 20:03:50 INFO Executor: Finished task 0.0 in stage 20.0 (TID 24). 5710 bytes result sent to driver
[2026-01-29T20:03:50.326+0530] {subprocess.py:106} INFO - 26/01/29 20:03:50 INFO TaskSetManager: Finished task 0.0 in stage 20.0 (TID 24) in 151 ms on Aishwarya92848DBDA (executor driver) (2/2)
[2026-01-29T20:03:50.326+0530] {subprocess.py:106} INFO - 26/01/29 20:03:50 INFO TaskSchedulerImpl: Removed TaskSet 20.0, whose tasks have all completed, from pool
[2026-01-29T20:03:50.327+0530] {subprocess.py:106} INFO - 26/01/29 20:03:50 INFO DAGScheduler: ResultStage 20 (approxQuantile at NativeMethodAccessorImpl.java:0) finished in 0.161 s
[2026-01-29T20:03:50.327+0530] {subprocess.py:106} INFO - 26/01/29 20:03:50 INFO DAGScheduler: Job 15 is finished. Cancelling potential speculative or zombie tasks for this job
[2026-01-29T20:03:50.328+0530] {subprocess.py:106} INFO - 26/01/29 20:03:50 INFO TaskSchedulerImpl: Killing all running tasks in stage 20: Stage finished
[2026-01-29T20:03:50.328+0530] {subprocess.py:106} INFO - 26/01/29 20:03:50 INFO DAGScheduler: Job 15 finished: approxQuantile at NativeMethodAccessorImpl.java:0, took 0.166319 s
[2026-01-29T20:03:50.406+0530] {subprocess.py:106} INFO - 26/01/29 20:03:50 INFO FileSourceStrategy: Pushed Filters: Or(LessThan(apparent_temperature_min,1.7500000000000036),GreaterThan(apparent_temperature_min,45.349999999999994))
[2026-01-29T20:03:50.406+0530] {subprocess.py:106} INFO - 26/01/29 20:03:50 INFO FileSourceStrategy: Post-Scan Filters: ((apparent_temperature_min#22 < 1.7500000000000036) OR (apparent_temperature_min#22 > 45.349999999999994))
[2026-01-29T20:03:50.426+0530] {subprocess.py:106} INFO - 26/01/29 20:03:50 INFO CodeGenerator: Code generated in 9.435327 ms
[2026-01-29T20:03:50.428+0530] {subprocess.py:106} INFO - 26/01/29 20:03:50 INFO MemoryStore: Block broadcast_27 stored as values in memory (estimated size 350.2 KiB, free 365.1 MiB)
[2026-01-29T20:03:50.434+0530] {subprocess.py:106} INFO - 26/01/29 20:03:50 INFO MemoryStore: Block broadcast_27_piece0 stored as bytes in memory (estimated size 34.3 KiB, free 365.1 MiB)
[2026-01-29T20:03:50.434+0530] {subprocess.py:106} INFO - 26/01/29 20:03:50 INFO BlockManagerInfo: Added broadcast_27_piece0 in memory on Aishwarya92848DBDA:42547 (size: 34.3 KiB, free: 366.2 MiB)
[2026-01-29T20:03:50.435+0530] {subprocess.py:106} INFO - 26/01/29 20:03:50 INFO SparkContext: Created broadcast 27 from count at NativeMethodAccessorImpl.java:0
[2026-01-29T20:03:50.436+0530] {subprocess.py:106} INFO - 26/01/29 20:03:50 INFO FileSourceScanExec: Planning scan with bin packing, max size: 4194304 bytes, open cost is considered as scanning 4194304 bytes.
[2026-01-29T20:03:50.439+0530] {subprocess.py:106} INFO - 26/01/29 20:03:50 INFO DAGScheduler: Registering RDD 72 (count at NativeMethodAccessorImpl.java:0) as input to shuffle 5
[2026-01-29T20:03:50.439+0530] {subprocess.py:106} INFO - 26/01/29 20:03:50 INFO DAGScheduler: Got map stage job 16 (count at NativeMethodAccessorImpl.java:0) with 2 output partitions
[2026-01-29T20:03:50.440+0530] {subprocess.py:106} INFO - 26/01/29 20:03:50 INFO DAGScheduler: Final stage: ShuffleMapStage 21 (count at NativeMethodAccessorImpl.java:0)
[2026-01-29T20:03:50.440+0530] {subprocess.py:106} INFO - 26/01/29 20:03:50 INFO DAGScheduler: Parents of final stage: List()
[2026-01-29T20:03:50.440+0530] {subprocess.py:106} INFO - 26/01/29 20:03:50 INFO DAGScheduler: Missing parents: List()
[2026-01-29T20:03:50.440+0530] {subprocess.py:106} INFO - 26/01/29 20:03:50 INFO DAGScheduler: Submitting ShuffleMapStage 21 (MapPartitionsRDD[72] at count at NativeMethodAccessorImpl.java:0), which has no missing parents
[2026-01-29T20:03:50.442+0530] {subprocess.py:106} INFO - 26/01/29 20:03:50 INFO MemoryStore: Block broadcast_28 stored as values in memory (estimated size 20.0 KiB, free 365.1 MiB)
[2026-01-29T20:03:50.443+0530] {subprocess.py:106} INFO - 26/01/29 20:03:50 INFO MemoryStore: Block broadcast_28_piece0 stored as bytes in memory (estimated size 9.7 KiB, free 365.1 MiB)
[2026-01-29T20:03:50.444+0530] {subprocess.py:106} INFO - 26/01/29 20:03:50 INFO BlockManagerInfo: Added broadcast_28_piece0 in memory on Aishwarya92848DBDA:42547 (size: 9.7 KiB, free: 366.2 MiB)
[2026-01-29T20:03:50.444+0530] {subprocess.py:106} INFO - 26/01/29 20:03:50 INFO SparkContext: Created broadcast 28 from broadcast at DAGScheduler.scala:1585
[2026-01-29T20:03:50.445+0530] {subprocess.py:106} INFO - 26/01/29 20:03:50 INFO DAGScheduler: Submitting 2 missing tasks from ShuffleMapStage 21 (MapPartitionsRDD[72] at count at NativeMethodAccessorImpl.java:0) (first 15 tasks are for partitions Vector(0, 1))
[2026-01-29T20:03:50.445+0530] {subprocess.py:106} INFO - 26/01/29 20:03:50 INFO TaskSchedulerImpl: Adding task set 21.0 with 2 tasks resource profile 0
[2026-01-29T20:03:50.446+0530] {subprocess.py:106} INFO - 26/01/29 20:03:50 INFO TaskSetManager: Starting task 0.0 in stage 21.0 (TID 26) (Aishwarya92848DBDA, executor driver, partition 0, NODE_LOCAL, 8230 bytes)
[2026-01-29T20:03:50.446+0530] {subprocess.py:106} INFO - 26/01/29 20:03:50 INFO TaskSetManager: Starting task 1.0 in stage 21.0 (TID 27) (Aishwarya92848DBDA, executor driver, partition 1, NODE_LOCAL, 8230 bytes)
[2026-01-29T20:03:50.447+0530] {subprocess.py:106} INFO - 26/01/29 20:03:50 INFO Executor: Running task 1.0 in stage 21.0 (TID 27)
[2026-01-29T20:03:50.447+0530] {subprocess.py:106} INFO - 26/01/29 20:03:50 INFO Executor: Running task 0.0 in stage 21.0 (TID 26)
[2026-01-29T20:03:50.458+0530] {subprocess.py:106} INFO - 26/01/29 20:03:50 INFO CodeGenerator: Code generated in 8.967253 ms
[2026-01-29T20:03:50.460+0530] {subprocess.py:106} INFO - 26/01/29 20:03:50 INFO FileScanRDD: Reading File path: hdfs://localhost:9000/weather/data/raw_data/weather_dataset.csv, range: 0-4194304, partition values: [empty row]
[2026-01-29T20:03:50.460+0530] {subprocess.py:106} INFO - 26/01/29 20:03:50 INFO FileScanRDD: Reading File path: hdfs://localhost:9000/weather/data/raw_data/weather_dataset.csv, range: 4194304-5651348, partition values: [empty row]
[2026-01-29T20:03:50.469+0530] {subprocess.py:106} INFO - 26/01/29 20:03:50 INFO CodeGenerator: Code generated in 6.32989 ms
[2026-01-29T20:03:50.502+0530] {subprocess.py:106} INFO - 26/01/29 20:03:50 INFO BlockManagerInfo: Removed broadcast_26_piece0 on Aishwarya92848DBDA:42547 in memory (size: 9.5 KiB, free: 366.2 MiB)
[2026-01-29T20:03:50.505+0530] {subprocess.py:106} INFO - 26/01/29 20:03:50 INFO BlockManagerInfo: Removed broadcast_22_piece0 on Aishwarya92848DBDA:42547 in memory (size: 34.3 KiB, free: 366.2 MiB)
[2026-01-29T20:03:50.508+0530] {subprocess.py:106} INFO - 26/01/29 20:03:50 INFO BlockManagerInfo: Removed broadcast_23_piece0 on Aishwarya92848DBDA:42547 in memory (size: 9.7 KiB, free: 366.2 MiB)
[2026-01-29T20:03:50.511+0530] {subprocess.py:106} INFO - 26/01/29 20:03:50 INFO BlockManagerInfo: Removed broadcast_25_piece0 on Aishwarya92848DBDA:42547 in memory (size: 34.3 KiB, free: 366.3 MiB)
[2026-01-29T20:03:50.514+0530] {subprocess.py:106} INFO - 26/01/29 20:03:50 INFO BlockManagerInfo: Removed broadcast_24_piece0 on Aishwarya92848DBDA:42547 in memory (size: 5.9 KiB, free: 366.3 MiB)
[2026-01-29T20:03:50.525+0530] {subprocess.py:106} INFO - 26/01/29 20:03:50 INFO Executor: Finished task 1.0 in stage 21.0 (TID 27). 2033 bytes result sent to driver
[2026-01-29T20:03:50.525+0530] {subprocess.py:106} INFO - 26/01/29 20:03:50 INFO TaskSetManager: Finished task 1.0 in stage 21.0 (TID 27) in 79 ms on Aishwarya92848DBDA (executor driver) (1/2)
[2026-01-29T20:03:50.566+0530] {subprocess.py:106} INFO - 26/01/29 20:03:50 INFO Executor: Finished task 0.0 in stage 21.0 (TID 26). 2033 bytes result sent to driver
[2026-01-29T20:03:50.567+0530] {subprocess.py:106} INFO - 26/01/29 20:03:50 INFO TaskSetManager: Finished task 0.0 in stage 21.0 (TID 26) in 122 ms on Aishwarya92848DBDA (executor driver) (2/2)
[2026-01-29T20:03:50.567+0530] {subprocess.py:106} INFO - 26/01/29 20:03:50 INFO TaskSchedulerImpl: Removed TaskSet 21.0, whose tasks have all completed, from pool
[2026-01-29T20:03:50.567+0530] {subprocess.py:106} INFO - 26/01/29 20:03:50 INFO DAGScheduler: ShuffleMapStage 21 (count at NativeMethodAccessorImpl.java:0) finished in 0.127 s
[2026-01-29T20:03:50.568+0530] {subprocess.py:106} INFO - 26/01/29 20:03:50 INFO DAGScheduler: looking for newly runnable stages
[2026-01-29T20:03:50.568+0530] {subprocess.py:106} INFO - 26/01/29 20:03:50 INFO DAGScheduler: running: Set()
[2026-01-29T20:03:50.568+0530] {subprocess.py:106} INFO - 26/01/29 20:03:50 INFO DAGScheduler: waiting: Set()
[2026-01-29T20:03:50.568+0530] {subprocess.py:106} INFO - 26/01/29 20:03:50 INFO DAGScheduler: failed: Set()
[2026-01-29T20:03:50.580+0530] {subprocess.py:106} INFO - 26/01/29 20:03:50 INFO SparkContext: Starting job: count at NativeMethodAccessorImpl.java:0
[2026-01-29T20:03:50.581+0530] {subprocess.py:106} INFO - 26/01/29 20:03:50 INFO DAGScheduler: Got job 17 (count at NativeMethodAccessorImpl.java:0) with 1 output partitions
[2026-01-29T20:03:50.581+0530] {subprocess.py:106} INFO - 26/01/29 20:03:50 INFO DAGScheduler: Final stage: ResultStage 23 (count at NativeMethodAccessorImpl.java:0)
[2026-01-29T20:03:50.581+0530] {subprocess.py:106} INFO - 26/01/29 20:03:50 INFO DAGScheduler: Parents of final stage: List(ShuffleMapStage 22)
[2026-01-29T20:03:50.582+0530] {subprocess.py:106} INFO - 26/01/29 20:03:50 INFO DAGScheduler: Missing parents: List()
[2026-01-29T20:03:50.582+0530] {subprocess.py:106} INFO - 26/01/29 20:03:50 INFO DAGScheduler: Submitting ResultStage 23 (MapPartitionsRDD[75] at count at NativeMethodAccessorImpl.java:0), which has no missing parents
[2026-01-29T20:03:50.584+0530] {subprocess.py:106} INFO - 26/01/29 20:03:50 INFO MemoryStore: Block broadcast_29 stored as values in memory (estimated size 12.5 KiB, free 365.9 MiB)
[2026-01-29T20:03:50.585+0530] {subprocess.py:106} INFO - 26/01/29 20:03:50 INFO MemoryStore: Block broadcast_29_piece0 stored as bytes in memory (estimated size 6.0 KiB, free 365.9 MiB)
[2026-01-29T20:03:50.585+0530] {subprocess.py:106} INFO - 26/01/29 20:03:50 INFO BlockManagerInfo: Added broadcast_29_piece0 in memory on Aishwarya92848DBDA:42547 (size: 6.0 KiB, free: 366.3 MiB)
[2026-01-29T20:03:50.586+0530] {subprocess.py:106} INFO - 26/01/29 20:03:50 INFO SparkContext: Created broadcast 29 from broadcast at DAGScheduler.scala:1585
[2026-01-29T20:03:50.586+0530] {subprocess.py:106} INFO - 26/01/29 20:03:50 INFO DAGScheduler: Submitting 1 missing tasks from ResultStage 23 (MapPartitionsRDD[75] at count at NativeMethodAccessorImpl.java:0) (first 15 tasks are for partitions Vector(0))
[2026-01-29T20:03:50.587+0530] {subprocess.py:106} INFO - 26/01/29 20:03:50 INFO TaskSchedulerImpl: Adding task set 23.0 with 1 tasks resource profile 0
[2026-01-29T20:03:50.587+0530] {subprocess.py:106} INFO - 26/01/29 20:03:50 INFO TaskSetManager: Starting task 0.0 in stage 23.0 (TID 28) (Aishwarya92848DBDA, executor driver, partition 0, NODE_LOCAL, 7615 bytes)
[2026-01-29T20:03:50.588+0530] {subprocess.py:106} INFO - 26/01/29 20:03:50 INFO Executor: Running task 0.0 in stage 23.0 (TID 28)
[2026-01-29T20:03:50.591+0530] {subprocess.py:106} INFO - 26/01/29 20:03:50 INFO ShuffleBlockFetcherIterator: Getting 2 (120.0 B) non-empty blocks including 2 (120.0 B) local and 0 (0.0 B) host-local and 0 (0.0 B) push-merged-local and 0 (0.0 B) remote blocks
[2026-01-29T20:03:50.591+0530] {subprocess.py:106} INFO - 26/01/29 20:03:50 INFO ShuffleBlockFetcherIterator: Started 0 remote fetches in 0 ms
[2026-01-29T20:03:50.593+0530] {subprocess.py:106} INFO - 26/01/29 20:03:50 INFO Executor: Finished task 0.0 in stage 23.0 (TID 28). 3995 bytes result sent to driver
[2026-01-29T20:03:50.594+0530] {subprocess.py:106} INFO - 26/01/29 20:03:50 INFO TaskSetManager: Finished task 0.0 in stage 23.0 (TID 28) in 7 ms on Aishwarya92848DBDA (executor driver) (1/1)
[2026-01-29T20:03:50.594+0530] {subprocess.py:106} INFO - 26/01/29 20:03:50 INFO TaskSchedulerImpl: Removed TaskSet 23.0, whose tasks have all completed, from pool
[2026-01-29T20:03:50.595+0530] {subprocess.py:106} INFO - 26/01/29 20:03:50 INFO DAGScheduler: ResultStage 23 (count at NativeMethodAccessorImpl.java:0) finished in 0.012 s
[2026-01-29T20:03:50.595+0530] {subprocess.py:106} INFO - 26/01/29 20:03:50 INFO DAGScheduler: Job 17 is finished. Cancelling potential speculative or zombie tasks for this job
[2026-01-29T20:03:50.596+0530] {subprocess.py:106} INFO - 26/01/29 20:03:50 INFO TaskSchedulerImpl: Killing all running tasks in stage 23: Stage finished
[2026-01-29T20:03:50.596+0530] {subprocess.py:106} INFO - 26/01/29 20:03:50 INFO DAGScheduler: Job 17 finished: count at NativeMethodAccessorImpl.java:0, took 0.015653 s
[2026-01-29T20:03:50.598+0530] {subprocess.py:106} INFO - apparent_temperature_min: Outliers = 143
[2026-01-29T20:03:50.620+0530] {subprocess.py:106} INFO - 26/01/29 20:03:50 INFO FileSourceStrategy: Pushed Filters:
[2026-01-29T20:03:50.621+0530] {subprocess.py:106} INFO - 26/01/29 20:03:50 INFO FileSourceStrategy: Post-Scan Filters:
[2026-01-29T20:03:50.624+0530] {subprocess.py:106} INFO - 26/01/29 20:03:50 INFO MemoryStore: Block broadcast_30 stored as values in memory (estimated size 350.2 KiB, free 365.5 MiB)
[2026-01-29T20:03:50.630+0530] {subprocess.py:106} INFO - 26/01/29 20:03:50 INFO MemoryStore: Block broadcast_30_piece0 stored as bytes in memory (estimated size 34.3 KiB, free 365.5 MiB)
[2026-01-29T20:03:50.631+0530] {subprocess.py:106} INFO - 26/01/29 20:03:50 INFO BlockManagerInfo: Added broadcast_30_piece0 in memory on Aishwarya92848DBDA:42547 (size: 34.3 KiB, free: 366.2 MiB)
[2026-01-29T20:03:50.631+0530] {subprocess.py:106} INFO - 26/01/29 20:03:50 INFO SparkContext: Created broadcast 30 from approxQuantile at NativeMethodAccessorImpl.java:0
[2026-01-29T20:03:50.632+0530] {subprocess.py:106} INFO - 26/01/29 20:03:50 INFO FileSourceScanExec: Planning scan with bin packing, max size: 4194304 bytes, open cost is considered as scanning 4194304 bytes.
[2026-01-29T20:03:50.642+0530] {subprocess.py:106} INFO - 26/01/29 20:03:50 INFO SparkContext: Starting job: approxQuantile at NativeMethodAccessorImpl.java:0
[2026-01-29T20:03:50.643+0530] {subprocess.py:106} INFO - 26/01/29 20:03:50 INFO DAGScheduler: Got job 18 (approxQuantile at NativeMethodAccessorImpl.java:0) with 2 output partitions
[2026-01-29T20:03:50.643+0530] {subprocess.py:106} INFO - 26/01/29 20:03:50 INFO DAGScheduler: Final stage: ResultStage 24 (approxQuantile at NativeMethodAccessorImpl.java:0)
[2026-01-29T20:03:50.643+0530] {subprocess.py:106} INFO - 26/01/29 20:03:50 INFO DAGScheduler: Parents of final stage: List()
[2026-01-29T20:03:50.644+0530] {subprocess.py:106} INFO - 26/01/29 20:03:50 INFO DAGScheduler: Missing parents: List()
[2026-01-29T20:03:50.644+0530] {subprocess.py:106} INFO - 26/01/29 20:03:50 INFO DAGScheduler: Submitting ResultStage 24 (MapPartitionsRDD[81] at approxQuantile at NativeMethodAccessorImpl.java:0), which has no missing parents
[2026-01-29T20:03:50.646+0530] {subprocess.py:106} INFO - 26/01/29 20:03:50 INFO MemoryStore: Block broadcast_31 stored as values in memory (estimated size 20.0 KiB, free 365.5 MiB)
[2026-01-29T20:03:50.647+0530] {subprocess.py:106} INFO - 26/01/29 20:03:50 INFO MemoryStore: Block broadcast_31_piece0 stored as bytes in memory (estimated size 9.5 KiB, free 365.5 MiB)
[2026-01-29T20:03:50.648+0530] {subprocess.py:106} INFO - 26/01/29 20:03:50 INFO BlockManagerInfo: Added broadcast_31_piece0 in memory on Aishwarya92848DBDA:42547 (size: 9.5 KiB, free: 366.2 MiB)
[2026-01-29T20:03:50.648+0530] {subprocess.py:106} INFO - 26/01/29 20:03:50 INFO SparkContext: Created broadcast 31 from broadcast at DAGScheduler.scala:1585
[2026-01-29T20:03:50.648+0530] {subprocess.py:106} INFO - 26/01/29 20:03:50 INFO DAGScheduler: Submitting 2 missing tasks from ResultStage 24 (MapPartitionsRDD[81] at approxQuantile at NativeMethodAccessorImpl.java:0) (first 15 tasks are for partitions Vector(0, 1))
[2026-01-29T20:03:50.649+0530] {subprocess.py:106} INFO - 26/01/29 20:03:50 INFO TaskSchedulerImpl: Adding task set 24.0 with 2 tasks resource profile 0
[2026-01-29T20:03:50.649+0530] {subprocess.py:106} INFO - 26/01/29 20:03:50 INFO TaskSetManager: Starting task 0.0 in stage 24.0 (TID 29) (Aishwarya92848DBDA, executor driver, partition 0, NODE_LOCAL, 8241 bytes)
[2026-01-29T20:03:50.650+0530] {subprocess.py:106} INFO - 26/01/29 20:03:50 INFO TaskSetManager: Starting task 1.0 in stage 24.0 (TID 30) (Aishwarya92848DBDA, executor driver, partition 1, NODE_LOCAL, 8241 bytes)
[2026-01-29T20:03:50.650+0530] {subprocess.py:106} INFO - 26/01/29 20:03:50 INFO Executor: Running task 0.0 in stage 24.0 (TID 29)
[2026-01-29T20:03:50.650+0530] {subprocess.py:106} INFO - 26/01/29 20:03:50 INFO Executor: Running task 1.0 in stage 24.0 (TID 30)
[2026-01-29T20:03:50.654+0530] {subprocess.py:106} INFO - 26/01/29 20:03:50 INFO FileScanRDD: Reading File path: hdfs://localhost:9000/weather/data/raw_data/weather_dataset.csv, range: 4194304-5651348, partition values: [empty row]
[2026-01-29T20:03:50.655+0530] {subprocess.py:106} INFO - 26/01/29 20:03:50 INFO FileScanRDD: Reading File path: hdfs://localhost:9000/weather/data/raw_data/weather_dataset.csv, range: 0-4194304, partition values: [empty row]
[2026-01-29T20:03:50.724+0530] {subprocess.py:106} INFO - 26/01/29 20:03:50 INFO Executor: Finished task 1.0 in stage 24.0 (TID 30). 8213 bytes result sent to driver
[2026-01-29T20:03:50.725+0530] {subprocess.py:106} INFO - 26/01/29 20:03:50 INFO TaskSetManager: Finished task 1.0 in stage 24.0 (TID 30) in 76 ms on Aishwarya92848DBDA (executor driver) (1/2)
[2026-01-29T20:03:50.787+0530] {subprocess.py:106} INFO - 26/01/29 20:03:50 INFO Executor: Finished task 0.0 in stage 24.0 (TID 29). 7308 bytes result sent to driver
[2026-01-29T20:03:50.788+0530] {subprocess.py:106} INFO - 26/01/29 20:03:50 INFO TaskSetManager: Finished task 0.0 in stage 24.0 (TID 29) in 139 ms on Aishwarya92848DBDA (executor driver) (2/2)
[2026-01-29T20:03:50.789+0530] {subprocess.py:106} INFO - 26/01/29 20:03:50 INFO TaskSchedulerImpl: Removed TaskSet 24.0, whose tasks have all completed, from pool
[2026-01-29T20:03:50.789+0530] {subprocess.py:106} INFO - 26/01/29 20:03:50 INFO DAGScheduler: ResultStage 24 (approxQuantile at NativeMethodAccessorImpl.java:0) finished in 0.146 s
[2026-01-29T20:03:50.789+0530] {subprocess.py:106} INFO - 26/01/29 20:03:50 INFO DAGScheduler: Job 18 is finished. Cancelling potential speculative or zombie tasks for this job
[2026-01-29T20:03:50.789+0530] {subprocess.py:106} INFO - 26/01/29 20:03:50 INFO TaskSchedulerImpl: Killing all running tasks in stage 24: Stage finished
[2026-01-29T20:03:50.790+0530] {subprocess.py:106} INFO - 26/01/29 20:03:50 INFO DAGScheduler: Job 18 finished: approxQuantile at NativeMethodAccessorImpl.java:0, took 0.148211 s
[2026-01-29T20:03:50.858+0530] {subprocess.py:106} INFO - 26/01/29 20:03:50 INFO FileSourceStrategy: Pushed Filters: Or(LessThan(precipitation_sum,-2.4000000000000004),GreaterThan(precipitation_sum,4.0))
[2026-01-29T20:03:50.858+0530] {subprocess.py:106} INFO - 26/01/29 20:03:50 INFO FileSourceStrategy: Post-Scan Filters: ((precipitation_sum#23 < -2.4000000000000004) OR (precipitation_sum#23 > 4.0))
[2026-01-29T20:03:50.879+0530] {subprocess.py:106} INFO - 26/01/29 20:03:50 INFO CodeGenerator: Code generated in 10.3857 ms
[2026-01-29T20:03:50.881+0530] {subprocess.py:106} INFO - 26/01/29 20:03:50 INFO MemoryStore: Block broadcast_32 stored as values in memory (estimated size 350.2 KiB, free 365.1 MiB)
[2026-01-29T20:03:50.887+0530] {subprocess.py:106} INFO - 26/01/29 20:03:50 INFO MemoryStore: Block broadcast_32_piece0 stored as bytes in memory (estimated size 34.3 KiB, free 365.1 MiB)
[2026-01-29T20:03:50.888+0530] {subprocess.py:106} INFO - 26/01/29 20:03:50 INFO BlockManagerInfo: Added broadcast_32_piece0 in memory on Aishwarya92848DBDA:42547 (size: 34.3 KiB, free: 366.2 MiB)
[2026-01-29T20:03:50.888+0530] {subprocess.py:106} INFO - 26/01/29 20:03:50 INFO SparkContext: Created broadcast 32 from count at NativeMethodAccessorImpl.java:0
[2026-01-29T20:03:50.889+0530] {subprocess.py:106} INFO - 26/01/29 20:03:50 INFO FileSourceScanExec: Planning scan with bin packing, max size: 4194304 bytes, open cost is considered as scanning 4194304 bytes.
[2026-01-29T20:03:50.893+0530] {subprocess.py:106} INFO - 26/01/29 20:03:50 INFO DAGScheduler: Registering RDD 85 (count at NativeMethodAccessorImpl.java:0) as input to shuffle 6
[2026-01-29T20:03:50.893+0530] {subprocess.py:106} INFO - 26/01/29 20:03:50 INFO DAGScheduler: Got map stage job 19 (count at NativeMethodAccessorImpl.java:0) with 2 output partitions
[2026-01-29T20:03:50.894+0530] {subprocess.py:106} INFO - 26/01/29 20:03:50 INFO DAGScheduler: Final stage: ShuffleMapStage 25 (count at NativeMethodAccessorImpl.java:0)
[2026-01-29T20:03:50.894+0530] {subprocess.py:106} INFO - 26/01/29 20:03:50 INFO DAGScheduler: Parents of final stage: List()
[2026-01-29T20:03:50.894+0530] {subprocess.py:106} INFO - 26/01/29 20:03:50 INFO DAGScheduler: Missing parents: List()
[2026-01-29T20:03:50.894+0530] {subprocess.py:106} INFO - 26/01/29 20:03:50 INFO DAGScheduler: Submitting ShuffleMapStage 25 (MapPartitionsRDD[85] at count at NativeMethodAccessorImpl.java:0), which has no missing parents
[2026-01-29T20:03:50.896+0530] {subprocess.py:106} INFO - 26/01/29 20:03:50 INFO MemoryStore: Block broadcast_33 stored as values in memory (estimated size 20.0 KiB, free 365.1 MiB)
[2026-01-29T20:03:50.897+0530] {subprocess.py:106} INFO - 26/01/29 20:03:50 INFO MemoryStore: Block broadcast_33_piece0 stored as bytes in memory (estimated size 9.7 KiB, free 365.1 MiB)
[2026-01-29T20:03:50.898+0530] {subprocess.py:106} INFO - 26/01/29 20:03:50 INFO BlockManagerInfo: Added broadcast_33_piece0 in memory on Aishwarya92848DBDA:42547 (size: 9.7 KiB, free: 366.2 MiB)
[2026-01-29T20:03:50.898+0530] {subprocess.py:106} INFO - 26/01/29 20:03:50 INFO SparkContext: Created broadcast 33 from broadcast at DAGScheduler.scala:1585
[2026-01-29T20:03:50.900+0530] {subprocess.py:106} INFO - 26/01/29 20:03:50 INFO DAGScheduler: Submitting 2 missing tasks from ShuffleMapStage 25 (MapPartitionsRDD[85] at count at NativeMethodAccessorImpl.java:0) (first 15 tasks are for partitions Vector(0, 1))
[2026-01-29T20:03:50.900+0530] {subprocess.py:106} INFO - 26/01/29 20:03:50 INFO TaskSchedulerImpl: Adding task set 25.0 with 2 tasks resource profile 0
[2026-01-29T20:03:50.901+0530] {subprocess.py:106} INFO - 26/01/29 20:03:50 INFO TaskSetManager: Starting task 0.0 in stage 25.0 (TID 31) (Aishwarya92848DBDA, executor driver, partition 0, NODE_LOCAL, 8230 bytes)
[2026-01-29T20:03:50.901+0530] {subprocess.py:106} INFO - 26/01/29 20:03:50 INFO TaskSetManager: Starting task 1.0 in stage 25.0 (TID 32) (Aishwarya92848DBDA, executor driver, partition 1, NODE_LOCAL, 8230 bytes)
[2026-01-29T20:03:50.902+0530] {subprocess.py:106} INFO - 26/01/29 20:03:50 INFO Executor: Running task 0.0 in stage 25.0 (TID 31)
[2026-01-29T20:03:50.902+0530] {subprocess.py:106} INFO - 26/01/29 20:03:50 INFO Executor: Running task 1.0 in stage 25.0 (TID 32)
[2026-01-29T20:03:50.914+0530] {subprocess.py:106} INFO - 26/01/29 20:03:50 INFO CodeGenerator: Code generated in 8.692219 ms
[2026-01-29T20:03:50.916+0530] {subprocess.py:106} INFO - 26/01/29 20:03:50 INFO FileScanRDD: Reading File path: hdfs://localhost:9000/weather/data/raw_data/weather_dataset.csv, range: 4194304-5651348, partition values: [empty row]
[2026-01-29T20:03:50.916+0530] {subprocess.py:106} INFO - 26/01/29 20:03:50 INFO FileScanRDD: Reading File path: hdfs://localhost:9000/weather/data/raw_data/weather_dataset.csv, range: 0-4194304, partition values: [empty row]
[2026-01-29T20:03:50.925+0530] {subprocess.py:106} INFO - 26/01/29 20:03:50 INFO CodeGenerator: Code generated in 5.943142 ms
[2026-01-29T20:03:50.949+0530] {subprocess.py:106} INFO - 26/01/29 20:03:50 INFO BlockManagerInfo: Removed broadcast_29_piece0 on Aishwarya92848DBDA:42547 in memory (size: 6.0 KiB, free: 366.2 MiB)
[2026-01-29T20:03:50.952+0530] {subprocess.py:106} INFO - 26/01/29 20:03:50 INFO BlockManagerInfo: Removed broadcast_31_piece0 on Aishwarya92848DBDA:42547 in memory (size: 9.5 KiB, free: 366.2 MiB)
[2026-01-29T20:03:50.954+0530] {subprocess.py:106} INFO - 26/01/29 20:03:50 INFO BlockManagerInfo: Removed broadcast_28_piece0 on Aishwarya92848DBDA:42547 in memory (size: 9.7 KiB, free: 366.2 MiB)
[2026-01-29T20:03:50.957+0530] {subprocess.py:106} INFO - 26/01/29 20:03:50 INFO BlockManagerInfo: Removed broadcast_30_piece0 on Aishwarya92848DBDA:42547 in memory (size: 34.3 KiB, free: 366.2 MiB)
[2026-01-29T20:03:50.960+0530] {subprocess.py:106} INFO - 26/01/29 20:03:50 INFO BlockManagerInfo: Removed broadcast_27_piece0 on Aishwarya92848DBDA:42547 in memory (size: 34.3 KiB, free: 366.3 MiB)
[2026-01-29T20:03:50.984+0530] {subprocess.py:106} INFO - 26/01/29 20:03:50 INFO Executor: Finished task 1.0 in stage 25.0 (TID 32). 2033 bytes result sent to driver
[2026-01-29T20:03:50.985+0530] {subprocess.py:106} INFO - 26/01/29 20:03:50 INFO TaskSetManager: Finished task 1.0 in stage 25.0 (TID 32) in 84 ms on Aishwarya92848DBDA (executor driver) (1/2)
[2026-01-29T20:03:51.034+0530] {subprocess.py:106} INFO - 26/01/29 20:03:51 INFO Executor: Finished task 0.0 in stage 25.0 (TID 31). 2033 bytes result sent to driver
[2026-01-29T20:03:51.035+0530] {subprocess.py:106} INFO - 26/01/29 20:03:51 INFO TaskSetManager: Finished task 0.0 in stage 25.0 (TID 31) in 134 ms on Aishwarya92848DBDA (executor driver) (2/2)
[2026-01-29T20:03:51.035+0530] {subprocess.py:106} INFO - 26/01/29 20:03:51 INFO TaskSchedulerImpl: Removed TaskSet 25.0, whose tasks have all completed, from pool
[2026-01-29T20:03:51.036+0530] {subprocess.py:106} INFO - 26/01/29 20:03:51 INFO DAGScheduler: ShuffleMapStage 25 (count at NativeMethodAccessorImpl.java:0) finished in 0.141 s
[2026-01-29T20:03:51.036+0530] {subprocess.py:106} INFO - 26/01/29 20:03:51 INFO DAGScheduler: looking for newly runnable stages
[2026-01-29T20:03:51.036+0530] {subprocess.py:106} INFO - 26/01/29 20:03:51 INFO DAGScheduler: running: Set()
[2026-01-29T20:03:51.036+0530] {subprocess.py:106} INFO - 26/01/29 20:03:51 INFO DAGScheduler: waiting: Set()
[2026-01-29T20:03:51.036+0530] {subprocess.py:106} INFO - 26/01/29 20:03:51 INFO DAGScheduler: failed: Set()
[2026-01-29T20:03:51.048+0530] {subprocess.py:106} INFO - 26/01/29 20:03:51 INFO SparkContext: Starting job: count at NativeMethodAccessorImpl.java:0
[2026-01-29T20:03:51.049+0530] {subprocess.py:106} INFO - 26/01/29 20:03:51 INFO DAGScheduler: Got job 20 (count at NativeMethodAccessorImpl.java:0) with 1 output partitions
[2026-01-29T20:03:51.049+0530] {subprocess.py:106} INFO - 26/01/29 20:03:51 INFO DAGScheduler: Final stage: ResultStage 27 (count at NativeMethodAccessorImpl.java:0)
[2026-01-29T20:03:51.050+0530] {subprocess.py:106} INFO - 26/01/29 20:03:51 INFO DAGScheduler: Parents of final stage: List(ShuffleMapStage 26)
[2026-01-29T20:03:51.051+0530] {subprocess.py:106} INFO - 26/01/29 20:03:51 INFO DAGScheduler: Missing parents: List()
[2026-01-29T20:03:51.051+0530] {subprocess.py:106} INFO - 26/01/29 20:03:51 INFO DAGScheduler: Submitting ResultStage 27 (MapPartitionsRDD[88] at count at NativeMethodAccessorImpl.java:0), which has no missing parents
[2026-01-29T20:03:51.051+0530] {subprocess.py:106} INFO - 26/01/29 20:03:51 INFO MemoryStore: Block broadcast_34 stored as values in memory (estimated size 12.5 KiB, free 365.9 MiB)
[2026-01-29T20:03:51.052+0530] {subprocess.py:106} INFO - 26/01/29 20:03:51 INFO MemoryStore: Block broadcast_34_piece0 stored as bytes in memory (estimated size 5.9 KiB, free 365.9 MiB)
[2026-01-29T20:03:51.053+0530] {subprocess.py:106} INFO - 26/01/29 20:03:51 INFO BlockManagerInfo: Added broadcast_34_piece0 in memory on Aishwarya92848DBDA:42547 (size: 5.9 KiB, free: 366.3 MiB)
[2026-01-29T20:03:51.053+0530] {subprocess.py:106} INFO - 26/01/29 20:03:51 INFO SparkContext: Created broadcast 34 from broadcast at DAGScheduler.scala:1585
[2026-01-29T20:03:51.054+0530] {subprocess.py:106} INFO - 26/01/29 20:03:51 INFO DAGScheduler: Submitting 1 missing tasks from ResultStage 27 (MapPartitionsRDD[88] at count at NativeMethodAccessorImpl.java:0) (first 15 tasks are for partitions Vector(0))
[2026-01-29T20:03:51.054+0530] {subprocess.py:106} INFO - 26/01/29 20:03:51 INFO TaskSchedulerImpl: Adding task set 27.0 with 1 tasks resource profile 0
[2026-01-29T20:03:51.055+0530] {subprocess.py:106} INFO - 26/01/29 20:03:51 INFO TaskSetManager: Starting task 0.0 in stage 27.0 (TID 33) (Aishwarya92848DBDA, executor driver, partition 0, NODE_LOCAL, 7615 bytes)
[2026-01-29T20:03:51.056+0530] {subprocess.py:106} INFO - 26/01/29 20:03:51 INFO Executor: Running task 0.0 in stage 27.0 (TID 33)
[2026-01-29T20:03:51.058+0530] {subprocess.py:106} INFO - 26/01/29 20:03:51 INFO ShuffleBlockFetcherIterator: Getting 2 (120.0 B) non-empty blocks including 2 (120.0 B) local and 0 (0.0 B) host-local and 0 (0.0 B) push-merged-local and 0 (0.0 B) remote blocks
[2026-01-29T20:03:51.058+0530] {subprocess.py:106} INFO - 26/01/29 20:03:51 INFO ShuffleBlockFetcherIterator: Started 0 remote fetches in 0 ms
[2026-01-29T20:03:51.060+0530] {subprocess.py:106} INFO - 26/01/29 20:03:51 INFO Executor: Finished task 0.0 in stage 27.0 (TID 33). 3995 bytes result sent to driver
[2026-01-29T20:03:51.060+0530] {subprocess.py:106} INFO - 26/01/29 20:03:51 INFO TaskSetManager: Finished task 0.0 in stage 27.0 (TID 33) in 5 ms on Aishwarya92848DBDA (executor driver) (1/1)
[2026-01-29T20:03:51.061+0530] {subprocess.py:106} INFO - 26/01/29 20:03:51 INFO TaskSchedulerImpl: Removed TaskSet 27.0, whose tasks have all completed, from pool
[2026-01-29T20:03:51.061+0530] {subprocess.py:106} INFO - 26/01/29 20:03:51 INFO DAGScheduler: ResultStage 27 (count at NativeMethodAccessorImpl.java:0) finished in 0.011 s
[2026-01-29T20:03:51.061+0530] {subprocess.py:106} INFO - 26/01/29 20:03:51 INFO DAGScheduler: Job 20 is finished. Cancelling potential speculative or zombie tasks for this job
[2026-01-29T20:03:51.062+0530] {subprocess.py:106} INFO - 26/01/29 20:03:51 INFO TaskSchedulerImpl: Killing all running tasks in stage 27: Stage finished
[2026-01-29T20:03:51.062+0530] {subprocess.py:106} INFO - 26/01/29 20:03:51 INFO DAGScheduler: Job 20 finished: count at NativeMethodAccessorImpl.java:0, took 0.013511 s
[2026-01-29T20:03:51.063+0530] {subprocess.py:106} INFO - precipitation_sum: Outliers = 17360
[2026-01-29T20:03:51.083+0530] {subprocess.py:106} INFO - 26/01/29 20:03:51 INFO FileSourceStrategy: Pushed Filters:
[2026-01-29T20:03:51.083+0530] {subprocess.py:106} INFO - 26/01/29 20:03:51 INFO FileSourceStrategy: Post-Scan Filters:
[2026-01-29T20:03:51.085+0530] {subprocess.py:106} INFO - 26/01/29 20:03:51 INFO MemoryStore: Block broadcast_35 stored as values in memory (estimated size 350.2 KiB, free 365.5 MiB)
[2026-01-29T20:03:51.091+0530] {subprocess.py:106} INFO - 26/01/29 20:03:51 INFO MemoryStore: Block broadcast_35_piece0 stored as bytes in memory (estimated size 34.3 KiB, free 365.5 MiB)
[2026-01-29T20:03:51.091+0530] {subprocess.py:106} INFO - 26/01/29 20:03:51 INFO BlockManagerInfo: Added broadcast_35_piece0 in memory on Aishwarya92848DBDA:42547 (size: 34.3 KiB, free: 366.2 MiB)
[2026-01-29T20:03:51.091+0530] {subprocess.py:106} INFO - 26/01/29 20:03:51 INFO SparkContext: Created broadcast 35 from approxQuantile at NativeMethodAccessorImpl.java:0
[2026-01-29T20:03:51.092+0530] {subprocess.py:106} INFO - 26/01/29 20:03:51 INFO FileSourceScanExec: Planning scan with bin packing, max size: 4194304 bytes, open cost is considered as scanning 4194304 bytes.
[2026-01-29T20:03:51.101+0530] {subprocess.py:106} INFO - 26/01/29 20:03:51 INFO SparkContext: Starting job: approxQuantile at NativeMethodAccessorImpl.java:0
[2026-01-29T20:03:51.102+0530] {subprocess.py:106} INFO - 26/01/29 20:03:51 INFO DAGScheduler: Got job 21 (approxQuantile at NativeMethodAccessorImpl.java:0) with 2 output partitions
[2026-01-29T20:03:51.103+0530] {subprocess.py:106} INFO - 26/01/29 20:03:51 INFO DAGScheduler: Final stage: ResultStage 28 (approxQuantile at NativeMethodAccessorImpl.java:0)
[2026-01-29T20:03:51.103+0530] {subprocess.py:106} INFO - 26/01/29 20:03:51 INFO DAGScheduler: Parents of final stage: List()
[2026-01-29T20:03:51.103+0530] {subprocess.py:106} INFO - 26/01/29 20:03:51 INFO DAGScheduler: Missing parents: List()
[2026-01-29T20:03:51.103+0530] {subprocess.py:106} INFO - 26/01/29 20:03:51 INFO DAGScheduler: Submitting ResultStage 28 (MapPartitionsRDD[94] at approxQuantile at NativeMethodAccessorImpl.java:0), which has no missing parents
[2026-01-29T20:03:51.105+0530] {subprocess.py:106} INFO - 26/01/29 20:03:51 INFO MemoryStore: Block broadcast_36 stored as values in memory (estimated size 20.0 KiB, free 365.5 MiB)
[2026-01-29T20:03:51.107+0530] {subprocess.py:106} INFO - 26/01/29 20:03:51 INFO MemoryStore: Block broadcast_36_piece0 stored as bytes in memory (estimated size 9.5 KiB, free 365.5 MiB)
[2026-01-29T20:03:51.107+0530] {subprocess.py:106} INFO - 26/01/29 20:03:51 INFO BlockManagerInfo: Added broadcast_36_piece0 in memory on Aishwarya92848DBDA:42547 (size: 9.5 KiB, free: 366.2 MiB)
[2026-01-29T20:03:51.107+0530] {subprocess.py:106} INFO - 26/01/29 20:03:51 INFO SparkContext: Created broadcast 36 from broadcast at DAGScheduler.scala:1585
[2026-01-29T20:03:51.108+0530] {subprocess.py:106} INFO - 26/01/29 20:03:51 INFO DAGScheduler: Submitting 2 missing tasks from ResultStage 28 (MapPartitionsRDD[94] at approxQuantile at NativeMethodAccessorImpl.java:0) (first 15 tasks are for partitions Vector(0, 1))
[2026-01-29T20:03:51.108+0530] {subprocess.py:106} INFO - 26/01/29 20:03:51 INFO TaskSchedulerImpl: Adding task set 28.0 with 2 tasks resource profile 0
[2026-01-29T20:03:51.109+0530] {subprocess.py:106} INFO - 26/01/29 20:03:51 INFO TaskSetManager: Starting task 0.0 in stage 28.0 (TID 34) (Aishwarya92848DBDA, executor driver, partition 0, NODE_LOCAL, 8241 bytes)
[2026-01-29T20:03:51.110+0530] {subprocess.py:106} INFO - 26/01/29 20:03:51 INFO TaskSetManager: Starting task 1.0 in stage 28.0 (TID 35) (Aishwarya92848DBDA, executor driver, partition 1, NODE_LOCAL, 8241 bytes)
[2026-01-29T20:03:51.110+0530] {subprocess.py:106} INFO - 26/01/29 20:03:51 INFO Executor: Running task 1.0 in stage 28.0 (TID 35)
[2026-01-29T20:03:51.110+0530] {subprocess.py:106} INFO - 26/01/29 20:03:51 INFO Executor: Running task 0.0 in stage 28.0 (TID 34)
[2026-01-29T20:03:51.114+0530] {subprocess.py:106} INFO - 26/01/29 20:03:51 INFO FileScanRDD: Reading File path: hdfs://localhost:9000/weather/data/raw_data/weather_dataset.csv, range: 0-4194304, partition values: [empty row]
[2026-01-29T20:03:51.115+0530] {subprocess.py:106} INFO - 26/01/29 20:03:51 INFO FileScanRDD: Reading File path: hdfs://localhost:9000/weather/data/raw_data/weather_dataset.csv, range: 4194304-5651348, partition values: [empty row]
[2026-01-29T20:03:51.175+0530] {subprocess.py:106} INFO - 26/01/29 20:03:51 INFO Executor: Finished task 1.0 in stage 28.0 (TID 35). 8213 bytes result sent to driver
[2026-01-29T20:03:51.176+0530] {subprocess.py:106} INFO - 26/01/29 20:03:51 INFO TaskSetManager: Finished task 1.0 in stage 28.0 (TID 35) in 67 ms on Aishwarya92848DBDA (executor driver) (1/2)
[2026-01-29T20:03:51.223+0530] {subprocess.py:106} INFO - 26/01/29 20:03:51 INFO Executor: Finished task 0.0 in stage 28.0 (TID 34). 7308 bytes result sent to driver
[2026-01-29T20:03:51.225+0530] {subprocess.py:106} INFO - 26/01/29 20:03:51 INFO TaskSetManager: Finished task 0.0 in stage 28.0 (TID 34) in 115 ms on Aishwarya92848DBDA (executor driver) (2/2)
[2026-01-29T20:03:51.225+0530] {subprocess.py:106} INFO - 26/01/29 20:03:51 INFO TaskSchedulerImpl: Removed TaskSet 28.0, whose tasks have all completed, from pool
[2026-01-29T20:03:51.225+0530] {subprocess.py:106} INFO - 26/01/29 20:03:51 INFO DAGScheduler: ResultStage 28 (approxQuantile at NativeMethodAccessorImpl.java:0) finished in 0.122 s
[2026-01-29T20:03:51.225+0530] {subprocess.py:106} INFO - 26/01/29 20:03:51 INFO DAGScheduler: Job 21 is finished. Cancelling potential speculative or zombie tasks for this job
[2026-01-29T20:03:51.225+0530] {subprocess.py:106} INFO - 26/01/29 20:03:51 INFO TaskSchedulerImpl: Killing all running tasks in stage 28: Stage finished
[2026-01-29T20:03:51.226+0530] {subprocess.py:106} INFO - 26/01/29 20:03:51 INFO DAGScheduler: Job 21 finished: approxQuantile at NativeMethodAccessorImpl.java:0, took 0.124495 s
[2026-01-29T20:03:51.296+0530] {subprocess.py:106} INFO - 26/01/29 20:03:51 INFO FileSourceStrategy: Pushed Filters: Or(LessThan(rain_sum,-2.4000000000000004),GreaterThan(rain_sum,4.0))
[2026-01-29T20:03:51.297+0530] {subprocess.py:106} INFO - 26/01/29 20:03:51 INFO FileSourceStrategy: Post-Scan Filters: ((rain_sum#24 < -2.4000000000000004) OR (rain_sum#24 > 4.0))
[2026-01-29T20:03:51.310+0530] {subprocess.py:106} INFO - 26/01/29 20:03:51 INFO MemoryStore: Block broadcast_37 stored as values in memory (estimated size 350.2 KiB, free 365.1 MiB)
[2026-01-29T20:03:51.316+0530] {subprocess.py:106} INFO - 26/01/29 20:03:51 INFO MemoryStore: Block broadcast_37_piece0 stored as bytes in memory (estimated size 34.3 KiB, free 365.1 MiB)
[2026-01-29T20:03:51.316+0530] {subprocess.py:106} INFO - 26/01/29 20:03:51 INFO BlockManagerInfo: Added broadcast_37_piece0 in memory on Aishwarya92848DBDA:42547 (size: 34.3 KiB, free: 366.2 MiB)
[2026-01-29T20:03:51.317+0530] {subprocess.py:106} INFO - 26/01/29 20:03:51 INFO SparkContext: Created broadcast 37 from count at NativeMethodAccessorImpl.java:0
[2026-01-29T20:03:51.317+0530] {subprocess.py:106} INFO - 26/01/29 20:03:51 INFO FileSourceScanExec: Planning scan with bin packing, max size: 4194304 bytes, open cost is considered as scanning 4194304 bytes.
[2026-01-29T20:03:51.321+0530] {subprocess.py:106} INFO - 26/01/29 20:03:51 INFO DAGScheduler: Registering RDD 98 (count at NativeMethodAccessorImpl.java:0) as input to shuffle 7
[2026-01-29T20:03:51.321+0530] {subprocess.py:106} INFO - 26/01/29 20:03:51 INFO DAGScheduler: Got map stage job 22 (count at NativeMethodAccessorImpl.java:0) with 2 output partitions
[2026-01-29T20:03:51.322+0530] {subprocess.py:106} INFO - 26/01/29 20:03:51 INFO DAGScheduler: Final stage: ShuffleMapStage 29 (count at NativeMethodAccessorImpl.java:0)
[2026-01-29T20:03:51.322+0530] {subprocess.py:106} INFO - 26/01/29 20:03:51 INFO DAGScheduler: Parents of final stage: List()
[2026-01-29T20:03:51.322+0530] {subprocess.py:106} INFO - 26/01/29 20:03:51 INFO DAGScheduler: Missing parents: List()
[2026-01-29T20:03:51.323+0530] {subprocess.py:106} INFO - 26/01/29 20:03:51 INFO DAGScheduler: Submitting ShuffleMapStage 29 (MapPartitionsRDD[98] at count at NativeMethodAccessorImpl.java:0), which has no missing parents
[2026-01-29T20:03:51.325+0530] {subprocess.py:106} INFO - 26/01/29 20:03:51 INFO MemoryStore: Block broadcast_38 stored as values in memory (estimated size 20.0 KiB, free 365.1 MiB)
[2026-01-29T20:03:51.326+0530] {subprocess.py:106} INFO - 26/01/29 20:03:51 INFO MemoryStore: Block broadcast_38_piece0 stored as bytes in memory (estimated size 9.7 KiB, free 365.1 MiB)
[2026-01-29T20:03:51.326+0530] {subprocess.py:106} INFO - 26/01/29 20:03:51 INFO BlockManagerInfo: Added broadcast_38_piece0 in memory on Aishwarya92848DBDA:42547 (size: 9.7 KiB, free: 366.2 MiB)
[2026-01-29T20:03:51.327+0530] {subprocess.py:106} INFO - 26/01/29 20:03:51 INFO SparkContext: Created broadcast 38 from broadcast at DAGScheduler.scala:1585
[2026-01-29T20:03:51.327+0530] {subprocess.py:106} INFO - 26/01/29 20:03:51 INFO DAGScheduler: Submitting 2 missing tasks from ShuffleMapStage 29 (MapPartitionsRDD[98] at count at NativeMethodAccessorImpl.java:0) (first 15 tasks are for partitions Vector(0, 1))
[2026-01-29T20:03:51.328+0530] {subprocess.py:106} INFO - 26/01/29 20:03:51 INFO TaskSchedulerImpl: Adding task set 29.0 with 2 tasks resource profile 0
[2026-01-29T20:03:51.328+0530] {subprocess.py:106} INFO - 26/01/29 20:03:51 INFO TaskSetManager: Starting task 0.0 in stage 29.0 (TID 36) (Aishwarya92848DBDA, executor driver, partition 0, NODE_LOCAL, 8230 bytes)
[2026-01-29T20:03:51.329+0530] {subprocess.py:106} INFO - 26/01/29 20:03:51 INFO TaskSetManager: Starting task 1.0 in stage 29.0 (TID 37) (Aishwarya92848DBDA, executor driver, partition 1, NODE_LOCAL, 8230 bytes)
[2026-01-29T20:03:51.329+0530] {subprocess.py:106} INFO - 26/01/29 20:03:51 INFO Executor: Running task 1.0 in stage 29.0 (TID 37)
[2026-01-29T20:03:51.329+0530] {subprocess.py:106} INFO - 26/01/29 20:03:51 INFO Executor: Running task 0.0 in stage 29.0 (TID 36)
[2026-01-29T20:03:51.332+0530] {subprocess.py:106} INFO - 26/01/29 20:03:51 INFO FileScanRDD: Reading File path: hdfs://localhost:9000/weather/data/raw_data/weather_dataset.csv, range: 0-4194304, partition values: [empty row]
[2026-01-29T20:03:51.333+0530] {subprocess.py:106} INFO - 26/01/29 20:03:51 INFO FileScanRDD: Reading File path: hdfs://localhost:9000/weather/data/raw_data/weather_dataset.csv, range: 4194304-5651348, partition values: [empty row]
[2026-01-29T20:03:51.349+0530] {subprocess.py:106} INFO - 26/01/29 20:03:51 INFO BlockManagerInfo: Removed broadcast_36_piece0 on Aishwarya92848DBDA:42547 in memory (size: 9.5 KiB, free: 366.2 MiB)
[2026-01-29T20:03:51.354+0530] {subprocess.py:106} INFO - 26/01/29 20:03:51 INFO BlockManagerInfo: Removed broadcast_32_piece0 on Aishwarya92848DBDA:42547 in memory (size: 34.3 KiB, free: 366.2 MiB)
[2026-01-29T20:03:51.357+0530] {subprocess.py:106} INFO - 26/01/29 20:03:51 INFO BlockManagerInfo: Removed broadcast_33_piece0 on Aishwarya92848DBDA:42547 in memory (size: 9.7 KiB, free: 366.2 MiB)
[2026-01-29T20:03:51.360+0530] {subprocess.py:106} INFO - 26/01/29 20:03:51 INFO BlockManagerInfo: Removed broadcast_35_piece0 on Aishwarya92848DBDA:42547 in memory (size: 34.3 KiB, free: 366.3 MiB)
[2026-01-29T20:03:51.363+0530] {subprocess.py:106} INFO - 26/01/29 20:03:51 INFO BlockManagerInfo: Removed broadcast_34_piece0 on Aishwarya92848DBDA:42547 in memory (size: 5.9 KiB, free: 366.3 MiB)
[2026-01-29T20:03:51.389+0530] {subprocess.py:106} INFO - 26/01/29 20:03:51 INFO Executor: Finished task 1.0 in stage 29.0 (TID 37). 2033 bytes result sent to driver
[2026-01-29T20:03:51.390+0530] {subprocess.py:106} INFO - 26/01/29 20:03:51 INFO TaskSetManager: Finished task 1.0 in stage 29.0 (TID 37) in 62 ms on Aishwarya92848DBDA (executor driver) (1/2)
[2026-01-29T20:03:51.435+0530] {subprocess.py:106} INFO - 26/01/29 20:03:51 INFO Executor: Finished task 0.0 in stage 29.0 (TID 36). 2033 bytes result sent to driver
[2026-01-29T20:03:51.436+0530] {subprocess.py:106} INFO - 26/01/29 20:03:51 INFO TaskSetManager: Finished task 0.0 in stage 29.0 (TID 36) in 108 ms on Aishwarya92848DBDA (executor driver) (2/2)
[2026-01-29T20:03:51.436+0530] {subprocess.py:106} INFO - 26/01/29 20:03:51 INFO TaskSchedulerImpl: Removed TaskSet 29.0, whose tasks have all completed, from pool
[2026-01-29T20:03:51.437+0530] {subprocess.py:106} INFO - 26/01/29 20:03:51 INFO DAGScheduler: ShuffleMapStage 29 (count at NativeMethodAccessorImpl.java:0) finished in 0.115 s
[2026-01-29T20:03:51.437+0530] {subprocess.py:106} INFO - 26/01/29 20:03:51 INFO DAGScheduler: looking for newly runnable stages
[2026-01-29T20:03:51.437+0530] {subprocess.py:106} INFO - 26/01/29 20:03:51 INFO DAGScheduler: running: Set()
[2026-01-29T20:03:51.438+0530] {subprocess.py:106} INFO - 26/01/29 20:03:51 INFO DAGScheduler: waiting: Set()
[2026-01-29T20:03:51.438+0530] {subprocess.py:106} INFO - 26/01/29 20:03:51 INFO DAGScheduler: failed: Set()
[2026-01-29T20:03:51.449+0530] {subprocess.py:106} INFO - 26/01/29 20:03:51 INFO SparkContext: Starting job: count at NativeMethodAccessorImpl.java:0
[2026-01-29T20:03:51.450+0530] {subprocess.py:106} INFO - 26/01/29 20:03:51 INFO DAGScheduler: Got job 23 (count at NativeMethodAccessorImpl.java:0) with 1 output partitions
[2026-01-29T20:03:51.451+0530] {subprocess.py:106} INFO - 26/01/29 20:03:51 INFO DAGScheduler: Final stage: ResultStage 31 (count at NativeMethodAccessorImpl.java:0)
[2026-01-29T20:03:51.451+0530] {subprocess.py:106} INFO - 26/01/29 20:03:51 INFO DAGScheduler: Parents of final stage: List(ShuffleMapStage 30)
[2026-01-29T20:03:51.451+0530] {subprocess.py:106} INFO - 26/01/29 20:03:51 INFO DAGScheduler: Missing parents: List()
[2026-01-29T20:03:51.451+0530] {subprocess.py:106} INFO - 26/01/29 20:03:51 INFO DAGScheduler: Submitting ResultStage 31 (MapPartitionsRDD[101] at count at NativeMethodAccessorImpl.java:0), which has no missing parents
[2026-01-29T20:03:51.453+0530] {subprocess.py:106} INFO - 26/01/29 20:03:51 INFO MemoryStore: Block broadcast_39 stored as values in memory (estimated size 12.5 KiB, free 365.9 MiB)
[2026-01-29T20:03:51.454+0530] {subprocess.py:106} INFO - 26/01/29 20:03:51 INFO MemoryStore: Block broadcast_39_piece0 stored as bytes in memory (estimated size 5.9 KiB, free 365.9 MiB)
[2026-01-29T20:03:51.454+0530] {subprocess.py:106} INFO - 26/01/29 20:03:51 INFO BlockManagerInfo: Added broadcast_39_piece0 in memory on Aishwarya92848DBDA:42547 (size: 5.9 KiB, free: 366.3 MiB)
[2026-01-29T20:03:51.454+0530] {subprocess.py:106} INFO - 26/01/29 20:03:51 INFO SparkContext: Created broadcast 39 from broadcast at DAGScheduler.scala:1585
[2026-01-29T20:03:51.455+0530] {subprocess.py:106} INFO - 26/01/29 20:03:51 INFO DAGScheduler: Submitting 1 missing tasks from ResultStage 31 (MapPartitionsRDD[101] at count at NativeMethodAccessorImpl.java:0) (first 15 tasks are for partitions Vector(0))
[2026-01-29T20:03:51.455+0530] {subprocess.py:106} INFO - 26/01/29 20:03:51 INFO TaskSchedulerImpl: Adding task set 31.0 with 1 tasks resource profile 0
[2026-01-29T20:03:51.456+0530] {subprocess.py:106} INFO - 26/01/29 20:03:51 INFO TaskSetManager: Starting task 0.0 in stage 31.0 (TID 38) (Aishwarya92848DBDA, executor driver, partition 0, NODE_LOCAL, 7615 bytes)
[2026-01-29T20:03:51.456+0530] {subprocess.py:106} INFO - 26/01/29 20:03:51 INFO Executor: Running task 0.0 in stage 31.0 (TID 38)
[2026-01-29T20:03:51.459+0530] {subprocess.py:106} INFO - 26/01/29 20:03:51 INFO ShuffleBlockFetcherIterator: Getting 2 (120.0 B) non-empty blocks including 2 (120.0 B) local and 0 (0.0 B) host-local and 0 (0.0 B) push-merged-local and 0 (0.0 B) remote blocks
[2026-01-29T20:03:51.459+0530] {subprocess.py:106} INFO - 26/01/29 20:03:51 INFO ShuffleBlockFetcherIterator: Started 0 remote fetches in 0 ms
[2026-01-29T20:03:51.460+0530] {subprocess.py:106} INFO - 26/01/29 20:03:51 INFO Executor: Finished task 0.0 in stage 31.0 (TID 38). 3995 bytes result sent to driver
[2026-01-29T20:03:51.462+0530] {subprocess.py:106} INFO - 26/01/29 20:03:51 INFO TaskSetManager: Finished task 0.0 in stage 31.0 (TID 38) in 6 ms on Aishwarya92848DBDA (executor driver) (1/1)
[2026-01-29T20:03:51.462+0530] {subprocess.py:106} INFO - 26/01/29 20:03:51 INFO TaskSchedulerImpl: Removed TaskSet 31.0, whose tasks have all completed, from pool
[2026-01-29T20:03:51.463+0530] {subprocess.py:106} INFO - 26/01/29 20:03:51 INFO DAGScheduler: ResultStage 31 (count at NativeMethodAccessorImpl.java:0) finished in 0.011 s
[2026-01-29T20:03:51.463+0530] {subprocess.py:106} INFO - 26/01/29 20:03:51 INFO DAGScheduler: Job 23 is finished. Cancelling potential speculative or zombie tasks for this job
[2026-01-29T20:03:51.463+0530] {subprocess.py:106} INFO - 26/01/29 20:03:51 INFO TaskSchedulerImpl: Killing all running tasks in stage 31: Stage finished
[2026-01-29T20:03:51.463+0530] {subprocess.py:106} INFO - 26/01/29 20:03:51 INFO DAGScheduler: Job 23 finished: count at NativeMethodAccessorImpl.java:0, took 0.013646 s
[2026-01-29T20:03:51.465+0530] {subprocess.py:106} INFO - rain_sum: Outliers = 17354
[2026-01-29T20:03:51.491+0530] {subprocess.py:106} INFO - 26/01/29 20:03:51 INFO FileSourceStrategy: Pushed Filters:
[2026-01-29T20:03:51.492+0530] {subprocess.py:106} INFO - 26/01/29 20:03:51 INFO FileSourceStrategy: Post-Scan Filters:
[2026-01-29T20:03:51.495+0530] {subprocess.py:106} INFO - 26/01/29 20:03:51 INFO MemoryStore: Block broadcast_40 stored as values in memory (estimated size 350.2 KiB, free 365.5 MiB)
[2026-01-29T20:03:51.501+0530] {subprocess.py:106} INFO - 26/01/29 20:03:51 INFO MemoryStore: Block broadcast_40_piece0 stored as bytes in memory (estimated size 34.3 KiB, free 365.5 MiB)
[2026-01-29T20:03:51.502+0530] {subprocess.py:106} INFO - 26/01/29 20:03:51 INFO BlockManagerInfo: Added broadcast_40_piece0 in memory on Aishwarya92848DBDA:42547 (size: 34.3 KiB, free: 366.2 MiB)
[2026-01-29T20:03:51.502+0530] {subprocess.py:106} INFO - 26/01/29 20:03:51 INFO SparkContext: Created broadcast 40 from approxQuantile at NativeMethodAccessorImpl.java:0
[2026-01-29T20:03:51.502+0530] {subprocess.py:106} INFO - 26/01/29 20:03:51 INFO FileSourceScanExec: Planning scan with bin packing, max size: 4194304 bytes, open cost is considered as scanning 4194304 bytes.
[2026-01-29T20:03:51.512+0530] {subprocess.py:106} INFO - 26/01/29 20:03:51 INFO SparkContext: Starting job: approxQuantile at NativeMethodAccessorImpl.java:0
[2026-01-29T20:03:51.513+0530] {subprocess.py:106} INFO - 26/01/29 20:03:51 INFO DAGScheduler: Got job 24 (approxQuantile at NativeMethodAccessorImpl.java:0) with 2 output partitions
[2026-01-29T20:03:51.513+0530] {subprocess.py:106} INFO - 26/01/29 20:03:51 INFO DAGScheduler: Final stage: ResultStage 32 (approxQuantile at NativeMethodAccessorImpl.java:0)
[2026-01-29T20:03:51.514+0530] {subprocess.py:106} INFO - 26/01/29 20:03:51 INFO DAGScheduler: Parents of final stage: List()
[2026-01-29T20:03:51.514+0530] {subprocess.py:106} INFO - 26/01/29 20:03:51 INFO DAGScheduler: Missing parents: List()
[2026-01-29T20:03:51.515+0530] {subprocess.py:106} INFO - 26/01/29 20:03:51 INFO DAGScheduler: Submitting ResultStage 32 (MapPartitionsRDD[107] at approxQuantile at NativeMethodAccessorImpl.java:0), which has no missing parents
[2026-01-29T20:03:51.518+0530] {subprocess.py:106} INFO - 26/01/29 20:03:51 INFO MemoryStore: Block broadcast_41 stored as values in memory (estimated size 20.0 KiB, free 365.5 MiB)
[2026-01-29T20:03:51.519+0530] {subprocess.py:106} INFO - 26/01/29 20:03:51 INFO MemoryStore: Block broadcast_41_piece0 stored as bytes in memory (estimated size 9.5 KiB, free 365.5 MiB)
[2026-01-29T20:03:51.519+0530] {subprocess.py:106} INFO - 26/01/29 20:03:51 INFO BlockManagerInfo: Added broadcast_41_piece0 in memory on Aishwarya92848DBDA:42547 (size: 9.5 KiB, free: 366.2 MiB)
[2026-01-29T20:03:51.519+0530] {subprocess.py:106} INFO - 26/01/29 20:03:51 INFO SparkContext: Created broadcast 41 from broadcast at DAGScheduler.scala:1585
[2026-01-29T20:03:51.520+0530] {subprocess.py:106} INFO - 26/01/29 20:03:51 INFO DAGScheduler: Submitting 2 missing tasks from ResultStage 32 (MapPartitionsRDD[107] at approxQuantile at NativeMethodAccessorImpl.java:0) (first 15 tasks are for partitions Vector(0, 1))
[2026-01-29T20:03:51.520+0530] {subprocess.py:106} INFO - 26/01/29 20:03:51 INFO TaskSchedulerImpl: Adding task set 32.0 with 2 tasks resource profile 0
[2026-01-29T20:03:51.521+0530] {subprocess.py:106} INFO - 26/01/29 20:03:51 INFO TaskSetManager: Starting task 0.0 in stage 32.0 (TID 39) (Aishwarya92848DBDA, executor driver, partition 0, NODE_LOCAL, 8241 bytes)
[2026-01-29T20:03:51.521+0530] {subprocess.py:106} INFO - 26/01/29 20:03:51 INFO TaskSetManager: Starting task 1.0 in stage 32.0 (TID 40) (Aishwarya92848DBDA, executor driver, partition 1, NODE_LOCAL, 8241 bytes)
[2026-01-29T20:03:51.522+0530] {subprocess.py:106} INFO - 26/01/29 20:03:51 INFO Executor: Running task 1.0 in stage 32.0 (TID 40)
[2026-01-29T20:03:51.522+0530] {subprocess.py:106} INFO - 26/01/29 20:03:51 INFO Executor: Running task 0.0 in stage 32.0 (TID 39)
[2026-01-29T20:03:51.525+0530] {subprocess.py:106} INFO - 26/01/29 20:03:51 INFO FileScanRDD: Reading File path: hdfs://localhost:9000/weather/data/raw_data/weather_dataset.csv, range: 4194304-5651348, partition values: [empty row]
[2026-01-29T20:03:51.525+0530] {subprocess.py:106} INFO - 26/01/29 20:03:51 INFO FileScanRDD: Reading File path: hdfs://localhost:9000/weather/data/raw_data/weather_dataset.csv, range: 0-4194304, partition values: [empty row]
[2026-01-29T20:03:51.571+0530] {subprocess.py:106} INFO - 26/01/29 20:03:51 INFO Executor: Finished task 1.0 in stage 32.0 (TID 40). 8213 bytes result sent to driver
[2026-01-29T20:03:51.573+0530] {subprocess.py:106} INFO - 26/01/29 20:03:51 INFO TaskSetManager: Finished task 1.0 in stage 32.0 (TID 40) in 52 ms on Aishwarya92848DBDA (executor driver) (1/2)
[2026-01-29T20:03:51.631+0530] {subprocess.py:106} INFO - 26/01/29 20:03:51 INFO Executor: Finished task 0.0 in stage 32.0 (TID 39). 5773 bytes result sent to driver
[2026-01-29T20:03:51.632+0530] {subprocess.py:106} INFO - 26/01/29 20:03:51 INFO TaskSetManager: Finished task 0.0 in stage 32.0 (TID 39) in 111 ms on Aishwarya92848DBDA (executor driver) (2/2)
[2026-01-29T20:03:51.633+0530] {subprocess.py:106} INFO - 26/01/29 20:03:51 INFO TaskSchedulerImpl: Removed TaskSet 32.0, whose tasks have all completed, from pool
[2026-01-29T20:03:51.634+0530] {subprocess.py:106} INFO - 26/01/29 20:03:51 INFO DAGScheduler: ResultStage 32 (approxQuantile at NativeMethodAccessorImpl.java:0) finished in 0.119 s
[2026-01-29T20:03:51.634+0530] {subprocess.py:106} INFO - 26/01/29 20:03:51 INFO DAGScheduler: Job 24 is finished. Cancelling potential speculative or zombie tasks for this job
[2026-01-29T20:03:51.634+0530] {subprocess.py:106} INFO - 26/01/29 20:03:51 INFO TaskSchedulerImpl: Killing all running tasks in stage 32: Stage finished
[2026-01-29T20:03:51.635+0530] {subprocess.py:106} INFO - 26/01/29 20:03:51 INFO DAGScheduler: Job 24 finished: approxQuantile at NativeMethodAccessorImpl.java:0, took 0.121775 s
[2026-01-29T20:03:51.705+0530] {subprocess.py:106} INFO - 26/01/29 20:03:51 INFO FileSourceStrategy: Pushed Filters: Or(LessThan(wind_speed_10m_max,0.9000000000000039),GreaterThan(wind_speed_10m_max,28.899999999999995))
[2026-01-29T20:03:51.705+0530] {subprocess.py:106} INFO - 26/01/29 20:03:51 INFO FileSourceStrategy: Post-Scan Filters: ((wind_speed_10m_max#26 < 0.9000000000000039) OR (wind_speed_10m_max#26 > 28.899999999999995))
[2026-01-29T20:03:51.727+0530] {subprocess.py:106} INFO - 26/01/29 20:03:51 INFO CodeGenerator: Code generated in 12.000552 ms
[2026-01-29T20:03:51.730+0530] {subprocess.py:106} INFO - 26/01/29 20:03:51 INFO MemoryStore: Block broadcast_42 stored as values in memory (estimated size 350.2 KiB, free 365.1 MiB)
[2026-01-29T20:03:51.737+0530] {subprocess.py:106} INFO - 26/01/29 20:03:51 INFO MemoryStore: Block broadcast_42_piece0 stored as bytes in memory (estimated size 34.3 KiB, free 365.1 MiB)
[2026-01-29T20:03:51.738+0530] {subprocess.py:106} INFO - 26/01/29 20:03:51 INFO BlockManagerInfo: Added broadcast_42_piece0 in memory on Aishwarya92848DBDA:42547 (size: 34.3 KiB, free: 366.2 MiB)
[2026-01-29T20:03:51.738+0530] {subprocess.py:106} INFO - 26/01/29 20:03:51 INFO SparkContext: Created broadcast 42 from count at NativeMethodAccessorImpl.java:0
[2026-01-29T20:03:51.739+0530] {subprocess.py:106} INFO - 26/01/29 20:03:51 INFO FileSourceScanExec: Planning scan with bin packing, max size: 4194304 bytes, open cost is considered as scanning 4194304 bytes.
[2026-01-29T20:03:51.755+0530] {subprocess.py:106} INFO - 26/01/29 20:03:51 INFO BlockManagerInfo: Removed broadcast_41_piece0 on Aishwarya92848DBDA:42547 in memory (size: 9.5 KiB, free: 366.2 MiB)
[2026-01-29T20:03:51.755+0530] {subprocess.py:106} INFO - 26/01/29 20:03:51 INFO DAGScheduler: Registering RDD 111 (count at NativeMethodAccessorImpl.java:0) as input to shuffle 8
[2026-01-29T20:03:51.756+0530] {subprocess.py:106} INFO - 26/01/29 20:03:51 INFO DAGScheduler: Got map stage job 25 (count at NativeMethodAccessorImpl.java:0) with 2 output partitions
[2026-01-29T20:03:51.756+0530] {subprocess.py:106} INFO - 26/01/29 20:03:51 INFO DAGScheduler: Final stage: ShuffleMapStage 33 (count at NativeMethodAccessorImpl.java:0)
[2026-01-29T20:03:51.756+0530] {subprocess.py:106} INFO - 26/01/29 20:03:51 INFO DAGScheduler: Parents of final stage: List()
[2026-01-29T20:03:51.756+0530] {subprocess.py:106} INFO - 26/01/29 20:03:51 INFO DAGScheduler: Missing parents: List()
[2026-01-29T20:03:51.757+0530] {subprocess.py:106} INFO - 26/01/29 20:03:51 INFO DAGScheduler: Submitting ShuffleMapStage 33 (MapPartitionsRDD[111] at count at NativeMethodAccessorImpl.java:0), which has no missing parents
[2026-01-29T20:03:51.758+0530] {subprocess.py:106} INFO - 26/01/29 20:03:51 INFO BlockManagerInfo: Removed broadcast_39_piece0 on Aishwarya92848DBDA:42547 in memory (size: 5.9 KiB, free: 366.2 MiB)
[2026-01-29T20:03:51.760+0530] {subprocess.py:106} INFO - 26/01/29 20:03:51 INFO MemoryStore: Block broadcast_43 stored as values in memory (estimated size 20.0 KiB, free 365.1 MiB)
[2026-01-29T20:03:51.761+0530] {subprocess.py:106} INFO - 26/01/29 20:03:51 INFO MemoryStore: Block broadcast_43_piece0 stored as bytes in memory (estimated size 9.7 KiB, free 365.1 MiB)
[2026-01-29T20:03:51.762+0530] {subprocess.py:106} INFO - 26/01/29 20:03:51 INFO BlockManagerInfo: Removed broadcast_40_piece0 on Aishwarya92848DBDA:42547 in memory (size: 34.3 KiB, free: 366.2 MiB)
[2026-01-29T20:03:51.762+0530] {subprocess.py:106} INFO - 26/01/29 20:03:51 INFO BlockManagerInfo: Added broadcast_43_piece0 in memory on Aishwarya92848DBDA:42547 (size: 9.7 KiB, free: 366.2 MiB)
[2026-01-29T20:03:51.762+0530] {subprocess.py:106} INFO - 26/01/29 20:03:51 INFO SparkContext: Created broadcast 43 from broadcast at DAGScheduler.scala:1585
[2026-01-29T20:03:51.762+0530] {subprocess.py:106} INFO - 26/01/29 20:03:51 INFO DAGScheduler: Submitting 2 missing tasks from ShuffleMapStage 33 (MapPartitionsRDD[111] at count at NativeMethodAccessorImpl.java:0) (first 15 tasks are for partitions Vector(0, 1))
[2026-01-29T20:03:51.763+0530] {subprocess.py:106} INFO - 26/01/29 20:03:51 INFO TaskSchedulerImpl: Adding task set 33.0 with 2 tasks resource profile 0
[2026-01-29T20:03:51.764+0530] {subprocess.py:106} INFO - 26/01/29 20:03:51 INFO BlockManagerInfo: Removed broadcast_37_piece0 on Aishwarya92848DBDA:42547 in memory (size: 34.3 KiB, free: 366.2 MiB)
[2026-01-29T20:03:51.764+0530] {subprocess.py:106} INFO - 26/01/29 20:03:51 INFO TaskSetManager: Starting task 0.0 in stage 33.0 (TID 41) (Aishwarya92848DBDA, executor driver, partition 0, NODE_LOCAL, 8230 bytes)
[2026-01-29T20:03:51.764+0530] {subprocess.py:106} INFO - 26/01/29 20:03:51 INFO TaskSetManager: Starting task 1.0 in stage 33.0 (TID 42) (Aishwarya92848DBDA, executor driver, partition 1, NODE_LOCAL, 8230 bytes)
[2026-01-29T20:03:51.765+0530] {subprocess.py:106} INFO - 26/01/29 20:03:51 INFO Executor: Running task 0.0 in stage 33.0 (TID 41)
[2026-01-29T20:03:51.765+0530] {subprocess.py:106} INFO - 26/01/29 20:03:51 INFO Executor: Running task 1.0 in stage 33.0 (TID 42)
[2026-01-29T20:03:51.767+0530] {subprocess.py:106} INFO - 26/01/29 20:03:51 INFO BlockManagerInfo: Removed broadcast_38_piece0 on Aishwarya92848DBDA:42547 in memory (size: 9.7 KiB, free: 366.3 MiB)
[2026-01-29T20:03:51.777+0530] {subprocess.py:106} INFO - 26/01/29 20:03:51 INFO CodeGenerator: Code generated in 8.307324 ms
[2026-01-29T20:03:51.778+0530] {subprocess.py:106} INFO - 26/01/29 20:03:51 INFO FileScanRDD: Reading File path: hdfs://localhost:9000/weather/data/raw_data/weather_dataset.csv, range: 0-4194304, partition values: [empty row]
[2026-01-29T20:03:51.778+0530] {subprocess.py:106} INFO - 26/01/29 20:03:51 INFO FileScanRDD: Reading File path: hdfs://localhost:9000/weather/data/raw_data/weather_dataset.csv, range: 4194304-5651348, partition values: [empty row]
[2026-01-29T20:03:51.786+0530] {subprocess.py:106} INFO - 26/01/29 20:03:51 INFO CodeGenerator: Code generated in 5.47096 ms
[2026-01-29T20:03:51.820+0530] {subprocess.py:106} INFO - 26/01/29 20:03:51 INFO Executor: Finished task 1.0 in stage 33.0 (TID 42). 1990 bytes result sent to driver
[2026-01-29T20:03:51.821+0530] {subprocess.py:106} INFO - 26/01/29 20:03:51 INFO TaskSetManager: Finished task 1.0 in stage 33.0 (TID 42) in 57 ms on Aishwarya92848DBDA (executor driver) (1/2)
[2026-01-29T20:03:51.863+0530] {subprocess.py:106} INFO - 26/01/29 20:03:51 INFO Executor: Finished task 0.0 in stage 33.0 (TID 41). 1990 bytes result sent to driver
[2026-01-29T20:03:51.864+0530] {subprocess.py:106} INFO - 26/01/29 20:03:51 INFO TaskSetManager: Finished task 0.0 in stage 33.0 (TID 41) in 100 ms on Aishwarya92848DBDA (executor driver) (2/2)
[2026-01-29T20:03:51.865+0530] {subprocess.py:106} INFO - 26/01/29 20:03:51 INFO TaskSchedulerImpl: Removed TaskSet 33.0, whose tasks have all completed, from pool
[2026-01-29T20:03:51.865+0530] {subprocess.py:106} INFO - 26/01/29 20:03:51 INFO DAGScheduler: ShuffleMapStage 33 (count at NativeMethodAccessorImpl.java:0) finished in 0.107 s
[2026-01-29T20:03:51.866+0530] {subprocess.py:106} INFO - 26/01/29 20:03:51 INFO DAGScheduler: looking for newly runnable stages
[2026-01-29T20:03:51.866+0530] {subprocess.py:106} INFO - 26/01/29 20:03:51 INFO DAGScheduler: running: Set()
[2026-01-29T20:03:51.866+0530] {subprocess.py:106} INFO - 26/01/29 20:03:51 INFO DAGScheduler: waiting: Set()
[2026-01-29T20:03:51.866+0530] {subprocess.py:106} INFO - 26/01/29 20:03:51 INFO DAGScheduler: failed: Set()
[2026-01-29T20:03:51.880+0530] {subprocess.py:106} INFO - 26/01/29 20:03:51 INFO SparkContext: Starting job: count at NativeMethodAccessorImpl.java:0
[2026-01-29T20:03:51.882+0530] {subprocess.py:106} INFO - 26/01/29 20:03:51 INFO DAGScheduler: Got job 26 (count at NativeMethodAccessorImpl.java:0) with 1 output partitions
[2026-01-29T20:03:51.882+0530] {subprocess.py:106} INFO - 26/01/29 20:03:51 INFO DAGScheduler: Final stage: ResultStage 35 (count at NativeMethodAccessorImpl.java:0)
[2026-01-29T20:03:51.883+0530] {subprocess.py:106} INFO - 26/01/29 20:03:51 INFO DAGScheduler: Parents of final stage: List(ShuffleMapStage 34)
[2026-01-29T20:03:51.883+0530] {subprocess.py:106} INFO - 26/01/29 20:03:51 INFO DAGScheduler: Missing parents: List()
[2026-01-29T20:03:51.884+0530] {subprocess.py:106} INFO - 26/01/29 20:03:51 INFO DAGScheduler: Submitting ResultStage 35 (MapPartitionsRDD[114] at count at NativeMethodAccessorImpl.java:0), which has no missing parents
[2026-01-29T20:03:51.884+0530] {subprocess.py:106} INFO - 26/01/29 20:03:51 INFO MemoryStore: Block broadcast_44 stored as values in memory (estimated size 12.5 KiB, free 365.9 MiB)
[2026-01-29T20:03:51.886+0530] {subprocess.py:106} INFO - 26/01/29 20:03:51 INFO MemoryStore: Block broadcast_44_piece0 stored as bytes in memory (estimated size 5.9 KiB, free 365.9 MiB)
[2026-01-29T20:03:51.886+0530] {subprocess.py:106} INFO - 26/01/29 20:03:51 INFO BlockManagerInfo: Added broadcast_44_piece0 in memory on Aishwarya92848DBDA:42547 (size: 5.9 KiB, free: 366.3 MiB)
[2026-01-29T20:03:51.886+0530] {subprocess.py:106} INFO - 26/01/29 20:03:51 INFO SparkContext: Created broadcast 44 from broadcast at DAGScheduler.scala:1585
[2026-01-29T20:03:51.887+0530] {subprocess.py:106} INFO - 26/01/29 20:03:51 INFO DAGScheduler: Submitting 1 missing tasks from ResultStage 35 (MapPartitionsRDD[114] at count at NativeMethodAccessorImpl.java:0) (first 15 tasks are for partitions Vector(0))
[2026-01-29T20:03:51.887+0530] {subprocess.py:106} INFO - 26/01/29 20:03:51 INFO TaskSchedulerImpl: Adding task set 35.0 with 1 tasks resource profile 0
[2026-01-29T20:03:51.888+0530] {subprocess.py:106} INFO - 26/01/29 20:03:51 INFO TaskSetManager: Starting task 0.0 in stage 35.0 (TID 43) (Aishwarya92848DBDA, executor driver, partition 0, NODE_LOCAL, 7615 bytes)
[2026-01-29T20:03:51.889+0530] {subprocess.py:106} INFO - 26/01/29 20:03:51 INFO Executor: Running task 0.0 in stage 35.0 (TID 43)
[2026-01-29T20:03:51.891+0530] {subprocess.py:106} INFO - 26/01/29 20:03:51 INFO ShuffleBlockFetcherIterator: Getting 2 (120.0 B) non-empty blocks including 2 (120.0 B) local and 0 (0.0 B) host-local and 0 (0.0 B) push-merged-local and 0 (0.0 B) remote blocks
[2026-01-29T20:03:51.892+0530] {subprocess.py:106} INFO - 26/01/29 20:03:51 INFO ShuffleBlockFetcherIterator: Started 0 remote fetches in 0 ms
[2026-01-29T20:03:51.893+0530] {subprocess.py:106} INFO - 26/01/29 20:03:51 INFO Executor: Finished task 0.0 in stage 35.0 (TID 43). 3995 bytes result sent to driver
[2026-01-29T20:03:51.895+0530] {subprocess.py:106} INFO - 26/01/29 20:03:51 INFO TaskSetManager: Finished task 0.0 in stage 35.0 (TID 43) in 7 ms on Aishwarya92848DBDA (executor driver) (1/1)
[2026-01-29T20:03:51.895+0530] {subprocess.py:106} INFO - 26/01/29 20:03:51 INFO TaskSchedulerImpl: Removed TaskSet 35.0, whose tasks have all completed, from pool
[2026-01-29T20:03:51.896+0530] {subprocess.py:106} INFO - 26/01/29 20:03:51 INFO DAGScheduler: ResultStage 35 (count at NativeMethodAccessorImpl.java:0) finished in 0.012 s
[2026-01-29T20:03:51.896+0530] {subprocess.py:106} INFO - 26/01/29 20:03:51 INFO DAGScheduler: Job 26 is finished. Cancelling potential speculative or zombie tasks for this job
[2026-01-29T20:03:51.896+0530] {subprocess.py:106} INFO - 26/01/29 20:03:51 INFO TaskSchedulerImpl: Killing all running tasks in stage 35: Stage finished
[2026-01-29T20:03:51.896+0530] {subprocess.py:106} INFO - 26/01/29 20:03:51 INFO DAGScheduler: Job 26 finished: count at NativeMethodAccessorImpl.java:0, took 0.016031 s
[2026-01-29T20:03:51.898+0530] {subprocess.py:106} INFO - wind_speed_10m_max: Outliers = 1412
[2026-01-29T20:03:51.923+0530] {subprocess.py:106} INFO - 26/01/29 20:03:51 INFO FileSourceStrategy: Pushed Filters:
[2026-01-29T20:03:51.923+0530] {subprocess.py:106} INFO - 26/01/29 20:03:51 INFO FileSourceStrategy: Post-Scan Filters:
[2026-01-29T20:03:51.926+0530] {subprocess.py:106} INFO - 26/01/29 20:03:51 INFO MemoryStore: Block broadcast_45 stored as values in memory (estimated size 350.2 KiB, free 365.5 MiB)
[2026-01-29T20:03:51.933+0530] {subprocess.py:106} INFO - 26/01/29 20:03:51 INFO MemoryStore: Block broadcast_45_piece0 stored as bytes in memory (estimated size 34.3 KiB, free 365.5 MiB)
[2026-01-29T20:03:51.934+0530] {subprocess.py:106} INFO - 26/01/29 20:03:51 INFO BlockManagerInfo: Added broadcast_45_piece0 in memory on Aishwarya92848DBDA:42547 (size: 34.3 KiB, free: 366.2 MiB)
[2026-01-29T20:03:51.934+0530] {subprocess.py:106} INFO - 26/01/29 20:03:51 INFO SparkContext: Created broadcast 45 from approxQuantile at NativeMethodAccessorImpl.java:0
[2026-01-29T20:03:51.935+0530] {subprocess.py:106} INFO - 26/01/29 20:03:51 INFO FileSourceScanExec: Planning scan with bin packing, max size: 4194304 bytes, open cost is considered as scanning 4194304 bytes.
[2026-01-29T20:03:51.946+0530] {subprocess.py:106} INFO - 26/01/29 20:03:51 INFO SparkContext: Starting job: approxQuantile at NativeMethodAccessorImpl.java:0
[2026-01-29T20:03:51.947+0530] {subprocess.py:106} INFO - 26/01/29 20:03:51 INFO DAGScheduler: Got job 27 (approxQuantile at NativeMethodAccessorImpl.java:0) with 2 output partitions
[2026-01-29T20:03:51.947+0530] {subprocess.py:106} INFO - 26/01/29 20:03:51 INFO DAGScheduler: Final stage: ResultStage 36 (approxQuantile at NativeMethodAccessorImpl.java:0)
[2026-01-29T20:03:51.947+0530] {subprocess.py:106} INFO - 26/01/29 20:03:51 INFO DAGScheduler: Parents of final stage: List()
[2026-01-29T20:03:51.947+0530] {subprocess.py:106} INFO - 26/01/29 20:03:51 INFO DAGScheduler: Missing parents: List()
[2026-01-29T20:03:51.948+0530] {subprocess.py:106} INFO - 26/01/29 20:03:51 INFO DAGScheduler: Submitting ResultStage 36 (MapPartitionsRDD[120] at approxQuantile at NativeMethodAccessorImpl.java:0), which has no missing parents
[2026-01-29T20:03:51.951+0530] {subprocess.py:106} INFO - 26/01/29 20:03:51 INFO MemoryStore: Block broadcast_46 stored as values in memory (estimated size 20.0 KiB, free 365.5 MiB)
[2026-01-29T20:03:51.952+0530] {subprocess.py:106} INFO - 26/01/29 20:03:51 INFO MemoryStore: Block broadcast_46_piece0 stored as bytes in memory (estimated size 9.5 KiB, free 365.5 MiB)
[2026-01-29T20:03:51.952+0530] {subprocess.py:106} INFO - 26/01/29 20:03:51 INFO BlockManagerInfo: Added broadcast_46_piece0 in memory on Aishwarya92848DBDA:42547 (size: 9.5 KiB, free: 366.2 MiB)
[2026-01-29T20:03:51.953+0530] {subprocess.py:106} INFO - 26/01/29 20:03:51 INFO SparkContext: Created broadcast 46 from broadcast at DAGScheduler.scala:1585
[2026-01-29T20:03:51.953+0530] {subprocess.py:106} INFO - 26/01/29 20:03:51 INFO DAGScheduler: Submitting 2 missing tasks from ResultStage 36 (MapPartitionsRDD[120] at approxQuantile at NativeMethodAccessorImpl.java:0) (first 15 tasks are for partitions Vector(0, 1))
[2026-01-29T20:03:51.953+0530] {subprocess.py:106} INFO - 26/01/29 20:03:51 INFO TaskSchedulerImpl: Adding task set 36.0 with 2 tasks resource profile 0
[2026-01-29T20:03:51.955+0530] {subprocess.py:106} INFO - 26/01/29 20:03:51 INFO TaskSetManager: Starting task 0.0 in stage 36.0 (TID 44) (Aishwarya92848DBDA, executor driver, partition 0, NODE_LOCAL, 8241 bytes)
[2026-01-29T20:03:51.955+0530] {subprocess.py:106} INFO - 26/01/29 20:03:51 INFO TaskSetManager: Starting task 1.0 in stage 36.0 (TID 45) (Aishwarya92848DBDA, executor driver, partition 1, NODE_LOCAL, 8241 bytes)
[2026-01-29T20:03:51.956+0530] {subprocess.py:106} INFO - 26/01/29 20:03:51 INFO Executor: Running task 0.0 in stage 36.0 (TID 44)
[2026-01-29T20:03:51.956+0530] {subprocess.py:106} INFO - 26/01/29 20:03:51 INFO Executor: Running task 1.0 in stage 36.0 (TID 45)
[2026-01-29T20:03:51.961+0530] {subprocess.py:106} INFO - 26/01/29 20:03:51 INFO FileScanRDD: Reading File path: hdfs://localhost:9000/weather/data/raw_data/weather_dataset.csv, range: 4194304-5651348, partition values: [empty row]
[2026-01-29T20:03:51.961+0530] {subprocess.py:106} INFO - 26/01/29 20:03:51 INFO FileScanRDD: Reading File path: hdfs://localhost:9000/weather/data/raw_data/weather_dataset.csv, range: 0-4194304, partition values: [empty row]
[2026-01-29T20:03:52.010+0530] {subprocess.py:106} INFO - 26/01/29 20:03:52 INFO Executor: Finished task 1.0 in stage 36.0 (TID 45). 8213 bytes result sent to driver
[2026-01-29T20:03:52.011+0530] {subprocess.py:106} INFO - 26/01/29 20:03:52 INFO TaskSetManager: Finished task 1.0 in stage 36.0 (TID 45) in 55 ms on Aishwarya92848DBDA (executor driver) (1/2)
[2026-01-29T20:03:52.071+0530] {subprocess.py:106} INFO - 26/01/29 20:03:52 INFO Executor: Finished task 0.0 in stage 36.0 (TID 44). 6013 bytes result sent to driver
[2026-01-29T20:03:52.071+0530] {subprocess.py:106} INFO - 26/01/29 20:03:52 INFO TaskSetManager: Finished task 0.0 in stage 36.0 (TID 44) in 117 ms on Aishwarya92848DBDA (executor driver) (2/2)
[2026-01-29T20:03:52.072+0530] {subprocess.py:106} INFO - 26/01/29 20:03:52 INFO TaskSchedulerImpl: Removed TaskSet 36.0, whose tasks have all completed, from pool
[2026-01-29T20:03:52.072+0530] {subprocess.py:106} INFO - 26/01/29 20:03:52 INFO DAGScheduler: ResultStage 36 (approxQuantile at NativeMethodAccessorImpl.java:0) finished in 0.124 s
[2026-01-29T20:03:52.072+0530] {subprocess.py:106} INFO - 26/01/29 20:03:52 INFO DAGScheduler: Job 27 is finished. Cancelling potential speculative or zombie tasks for this job
[2026-01-29T20:03:52.072+0530] {subprocess.py:106} INFO - 26/01/29 20:03:52 INFO TaskSchedulerImpl: Killing all running tasks in stage 36: Stage finished
[2026-01-29T20:03:52.073+0530] {subprocess.py:106} INFO - 26/01/29 20:03:52 INFO DAGScheduler: Job 27 finished: approxQuantile at NativeMethodAccessorImpl.java:0, took 0.126446 s
[2026-01-29T20:03:52.142+0530] {subprocess.py:106} INFO - 26/01/29 20:03:52 INFO BlockManagerInfo: Removed broadcast_46_piece0 on Aishwarya92848DBDA:42547 in memory (size: 9.5 KiB, free: 366.2 MiB)
[2026-01-29T20:03:52.145+0530] {subprocess.py:106} INFO - 26/01/29 20:03:52 INFO BlockManagerInfo: Removed broadcast_42_piece0 on Aishwarya92848DBDA:42547 in memory (size: 34.3 KiB, free: 366.3 MiB)
[2026-01-29T20:03:52.146+0530] {subprocess.py:106} INFO - 26/01/29 20:03:52 INFO BlockManagerInfo: Removed broadcast_45_piece0 on Aishwarya92848DBDA:42547 in memory (size: 34.3 KiB, free: 366.3 MiB)
[2026-01-29T20:03:52.148+0530] {subprocess.py:106} INFO - 26/01/29 20:03:52 INFO BlockManagerInfo: Removed broadcast_44_piece0 on Aishwarya92848DBDA:42547 in memory (size: 5.9 KiB, free: 366.3 MiB)
[2026-01-29T20:03:52.149+0530] {subprocess.py:106} INFO - 26/01/29 20:03:52 INFO BlockManagerInfo: Removed broadcast_43_piece0 on Aishwarya92848DBDA:42547 in memory (size: 9.7 KiB, free: 366.3 MiB)
[2026-01-29T20:03:52.151+0530] {subprocess.py:106} INFO - 26/01/29 20:03:52 INFO FileSourceStrategy: Pushed Filters: Or(LessThan(wind_gusts_10m_max,7.900000000000006),GreaterThan(wind_gusts_10m_max,55.099999999999994))
[2026-01-29T20:03:52.151+0530] {subprocess.py:106} INFO - 26/01/29 20:03:52 INFO FileSourceStrategy: Post-Scan Filters: ((wind_gusts_10m_max#27 < 7.900000000000006) OR (wind_gusts_10m_max#27 > 55.099999999999994))
[2026-01-29T20:03:52.171+0530] {subprocess.py:106} INFO - 26/01/29 20:03:52 INFO CodeGenerator: Code generated in 9.077483 ms
[2026-01-29T20:03:52.173+0530] {subprocess.py:106} INFO - 26/01/29 20:03:52 INFO MemoryStore: Block broadcast_47 stored as values in memory (estimated size 350.2 KiB, free 366.0 MiB)
[2026-01-29T20:03:52.178+0530] {subprocess.py:106} INFO - 26/01/29 20:03:52 INFO MemoryStore: Block broadcast_47_piece0 stored as bytes in memory (estimated size 34.3 KiB, free 365.9 MiB)
[2026-01-29T20:03:52.179+0530] {subprocess.py:106} INFO - 26/01/29 20:03:52 INFO BlockManagerInfo: Added broadcast_47_piece0 in memory on Aishwarya92848DBDA:42547 (size: 34.3 KiB, free: 366.3 MiB)
[2026-01-29T20:03:52.179+0530] {subprocess.py:106} INFO - 26/01/29 20:03:52 INFO SparkContext: Created broadcast 47 from count at NativeMethodAccessorImpl.java:0
[2026-01-29T20:03:52.180+0530] {subprocess.py:106} INFO - 26/01/29 20:03:52 INFO FileSourceScanExec: Planning scan with bin packing, max size: 4194304 bytes, open cost is considered as scanning 4194304 bytes.
[2026-01-29T20:03:52.183+0530] {subprocess.py:106} INFO - 26/01/29 20:03:52 INFO DAGScheduler: Registering RDD 124 (count at NativeMethodAccessorImpl.java:0) as input to shuffle 9
[2026-01-29T20:03:52.183+0530] {subprocess.py:106} INFO - 26/01/29 20:03:52 INFO DAGScheduler: Got map stage job 28 (count at NativeMethodAccessorImpl.java:0) with 2 output partitions
[2026-01-29T20:03:52.183+0530] {subprocess.py:106} INFO - 26/01/29 20:03:52 INFO DAGScheduler: Final stage: ShuffleMapStage 37 (count at NativeMethodAccessorImpl.java:0)
[2026-01-29T20:03:52.184+0530] {subprocess.py:106} INFO - 26/01/29 20:03:52 INFO DAGScheduler: Parents of final stage: List()
[2026-01-29T20:03:52.184+0530] {subprocess.py:106} INFO - 26/01/29 20:03:52 INFO DAGScheduler: Missing parents: List()
[2026-01-29T20:03:52.184+0530] {subprocess.py:106} INFO - 26/01/29 20:03:52 INFO DAGScheduler: Submitting ShuffleMapStage 37 (MapPartitionsRDD[124] at count at NativeMethodAccessorImpl.java:0), which has no missing parents
[2026-01-29T20:03:52.186+0530] {subprocess.py:106} INFO - 26/01/29 20:03:52 INFO MemoryStore: Block broadcast_48 stored as values in memory (estimated size 20.0 KiB, free 365.9 MiB)
[2026-01-29T20:03:52.187+0530] {subprocess.py:106} INFO - 26/01/29 20:03:52 INFO MemoryStore: Block broadcast_48_piece0 stored as bytes in memory (estimated size 9.7 KiB, free 365.9 MiB)
[2026-01-29T20:03:52.188+0530] {subprocess.py:106} INFO - 26/01/29 20:03:52 INFO BlockManagerInfo: Added broadcast_48_piece0 in memory on Aishwarya92848DBDA:42547 (size: 9.7 KiB, free: 366.3 MiB)
[2026-01-29T20:03:52.188+0530] {subprocess.py:106} INFO - 26/01/29 20:03:52 INFO SparkContext: Created broadcast 48 from broadcast at DAGScheduler.scala:1585
[2026-01-29T20:03:52.188+0530] {subprocess.py:106} INFO - 26/01/29 20:03:52 INFO DAGScheduler: Submitting 2 missing tasks from ShuffleMapStage 37 (MapPartitionsRDD[124] at count at NativeMethodAccessorImpl.java:0) (first 15 tasks are for partitions Vector(0, 1))
[2026-01-29T20:03:52.188+0530] {subprocess.py:106} INFO - 26/01/29 20:03:52 INFO TaskSchedulerImpl: Adding task set 37.0 with 2 tasks resource profile 0
[2026-01-29T20:03:52.190+0530] {subprocess.py:106} INFO - 26/01/29 20:03:52 INFO TaskSetManager: Starting task 0.0 in stage 37.0 (TID 46) (Aishwarya92848DBDA, executor driver, partition 0, NODE_LOCAL, 8230 bytes)
[2026-01-29T20:03:52.190+0530] {subprocess.py:106} INFO - 26/01/29 20:03:52 INFO TaskSetManager: Starting task 1.0 in stage 37.0 (TID 47) (Aishwarya92848DBDA, executor driver, partition 1, NODE_LOCAL, 8230 bytes)
[2026-01-29T20:03:52.191+0530] {subprocess.py:106} INFO - 26/01/29 20:03:52 INFO Executor: Running task 1.0 in stage 37.0 (TID 47)
[2026-01-29T20:03:52.191+0530] {subprocess.py:106} INFO - 26/01/29 20:03:52 INFO Executor: Running task 0.0 in stage 37.0 (TID 46)
[2026-01-29T20:03:52.203+0530] {subprocess.py:106} INFO - 26/01/29 20:03:52 INFO CodeGenerator: Code generated in 9.403986 ms
[2026-01-29T20:03:52.204+0530] {subprocess.py:106} INFO - 26/01/29 20:03:52 INFO FileScanRDD: Reading File path: hdfs://localhost:9000/weather/data/raw_data/weather_dataset.csv, range: 4194304-5651348, partition values: [empty row]
[2026-01-29T20:03:52.204+0530] {subprocess.py:106} INFO - 26/01/29 20:03:52 INFO FileScanRDD: Reading File path: hdfs://localhost:9000/weather/data/raw_data/weather_dataset.csv, range: 0-4194304, partition values: [empty row]
[2026-01-29T20:03:52.213+0530] {subprocess.py:106} INFO - 26/01/29 20:03:52 INFO CodeGenerator: Code generated in 6.669638 ms
[2026-01-29T20:03:52.251+0530] {subprocess.py:106} INFO - 26/01/29 20:03:52 INFO Executor: Finished task 1.0 in stage 37.0 (TID 47). 1990 bytes result sent to driver
[2026-01-29T20:03:52.252+0530] {subprocess.py:106} INFO - 26/01/29 20:03:52 INFO TaskSetManager: Finished task 1.0 in stage 37.0 (TID 47) in 61 ms on Aishwarya92848DBDA (executor driver) (1/2)
[2026-01-29T20:03:52.293+0530] {subprocess.py:106} INFO - 26/01/29 20:03:52 INFO Executor: Finished task 0.0 in stage 37.0 (TID 46). 1990 bytes result sent to driver
[2026-01-29T20:03:52.294+0530] {subprocess.py:106} INFO - 26/01/29 20:03:52 INFO TaskSetManager: Finished task 0.0 in stage 37.0 (TID 46) in 105 ms on Aishwarya92848DBDA (executor driver) (2/2)
[2026-01-29T20:03:52.295+0530] {subprocess.py:106} INFO - 26/01/29 20:03:52 INFO TaskSchedulerImpl: Removed TaskSet 37.0, whose tasks have all completed, from pool
[2026-01-29T20:03:52.295+0530] {subprocess.py:106} INFO - 26/01/29 20:03:52 INFO DAGScheduler: ShuffleMapStage 37 (count at NativeMethodAccessorImpl.java:0) finished in 0.111 s
[2026-01-29T20:03:52.296+0530] {subprocess.py:106} INFO - 26/01/29 20:03:52 INFO DAGScheduler: looking for newly runnable stages
[2026-01-29T20:03:52.296+0530] {subprocess.py:106} INFO - 26/01/29 20:03:52 INFO DAGScheduler: running: Set()
[2026-01-29T20:03:52.297+0530] {subprocess.py:106} INFO - 26/01/29 20:03:52 INFO DAGScheduler: waiting: Set()
[2026-01-29T20:03:52.297+0530] {subprocess.py:106} INFO - 26/01/29 20:03:52 INFO DAGScheduler: failed: Set()
[2026-01-29T20:03:52.309+0530] {subprocess.py:106} INFO - 26/01/29 20:03:52 INFO SparkContext: Starting job: count at NativeMethodAccessorImpl.java:0
[2026-01-29T20:03:52.310+0530] {subprocess.py:106} INFO - 26/01/29 20:03:52 INFO DAGScheduler: Got job 29 (count at NativeMethodAccessorImpl.java:0) with 1 output partitions
[2026-01-29T20:03:52.310+0530] {subprocess.py:106} INFO - 26/01/29 20:03:52 INFO DAGScheduler: Final stage: ResultStage 39 (count at NativeMethodAccessorImpl.java:0)
[2026-01-29T20:03:52.310+0530] {subprocess.py:106} INFO - 26/01/29 20:03:52 INFO DAGScheduler: Parents of final stage: List(ShuffleMapStage 38)
[2026-01-29T20:03:52.311+0530] {subprocess.py:106} INFO - 26/01/29 20:03:52 INFO DAGScheduler: Missing parents: List()
[2026-01-29T20:03:52.311+0530] {subprocess.py:106} INFO - 26/01/29 20:03:52 INFO DAGScheduler: Submitting ResultStage 39 (MapPartitionsRDD[127] at count at NativeMethodAccessorImpl.java:0), which has no missing parents
[2026-01-29T20:03:52.312+0530] {subprocess.py:106} INFO - 26/01/29 20:03:52 INFO MemoryStore: Block broadcast_49 stored as values in memory (estimated size 12.5 KiB, free 365.9 MiB)
[2026-01-29T20:03:52.313+0530] {subprocess.py:106} INFO - 26/01/29 20:03:52 INFO MemoryStore: Block broadcast_49_piece0 stored as bytes in memory (estimated size 6.0 KiB, free 365.9 MiB)
[2026-01-29T20:03:52.313+0530] {subprocess.py:106} INFO - 26/01/29 20:03:52 INFO BlockManagerInfo: Added broadcast_49_piece0 in memory on Aishwarya92848DBDA:42547 (size: 6.0 KiB, free: 366.3 MiB)
[2026-01-29T20:03:52.313+0530] {subprocess.py:106} INFO - 26/01/29 20:03:52 INFO SparkContext: Created broadcast 49 from broadcast at DAGScheduler.scala:1585
[2026-01-29T20:03:52.314+0530] {subprocess.py:106} INFO - 26/01/29 20:03:52 INFO DAGScheduler: Submitting 1 missing tasks from ResultStage 39 (MapPartitionsRDD[127] at count at NativeMethodAccessorImpl.java:0) (first 15 tasks are for partitions Vector(0))
[2026-01-29T20:03:52.314+0530] {subprocess.py:106} INFO - 26/01/29 20:03:52 INFO TaskSchedulerImpl: Adding task set 39.0 with 1 tasks resource profile 0
[2026-01-29T20:03:52.315+0530] {subprocess.py:106} INFO - 26/01/29 20:03:52 INFO TaskSetManager: Starting task 0.0 in stage 39.0 (TID 48) (Aishwarya92848DBDA, executor driver, partition 0, NODE_LOCAL, 7615 bytes)
[2026-01-29T20:03:52.315+0530] {subprocess.py:106} INFO - 26/01/29 20:03:52 INFO Executor: Running task 0.0 in stage 39.0 (TID 48)
[2026-01-29T20:03:52.318+0530] {subprocess.py:106} INFO - 26/01/29 20:03:52 INFO ShuffleBlockFetcherIterator: Getting 2 (120.0 B) non-empty blocks including 2 (120.0 B) local and 0 (0.0 B) host-local and 0 (0.0 B) push-merged-local and 0 (0.0 B) remote blocks
[2026-01-29T20:03:52.318+0530] {subprocess.py:106} INFO - 26/01/29 20:03:52 INFO ShuffleBlockFetcherIterator: Started 0 remote fetches in 0 ms
[2026-01-29T20:03:52.319+0530] {subprocess.py:106} INFO - 26/01/29 20:03:52 INFO Executor: Finished task 0.0 in stage 39.0 (TID 48). 3995 bytes result sent to driver
[2026-01-29T20:03:52.320+0530] {subprocess.py:106} INFO - 26/01/29 20:03:52 INFO TaskSetManager: Finished task 0.0 in stage 39.0 (TID 48) in 6 ms on Aishwarya92848DBDA (executor driver) (1/1)
[2026-01-29T20:03:52.321+0530] {subprocess.py:106} INFO - 26/01/29 20:03:52 INFO TaskSchedulerImpl: Removed TaskSet 39.0, whose tasks have all completed, from pool
[2026-01-29T20:03:52.321+0530] {subprocess.py:106} INFO - 26/01/29 20:03:52 INFO DAGScheduler: ResultStage 39 (count at NativeMethodAccessorImpl.java:0) finished in 0.009 s
[2026-01-29T20:03:52.321+0530] {subprocess.py:106} INFO - 26/01/29 20:03:52 INFO DAGScheduler: Job 29 is finished. Cancelling potential speculative or zombie tasks for this job
[2026-01-29T20:03:52.321+0530] {subprocess.py:106} INFO - 26/01/29 20:03:52 INFO TaskSchedulerImpl: Killing all running tasks in stage 39: Stage finished
[2026-01-29T20:03:52.322+0530] {subprocess.py:106} INFO - 26/01/29 20:03:52 INFO DAGScheduler: Job 29 finished: count at NativeMethodAccessorImpl.java:0, took 0.012413 s
[2026-01-29T20:03:52.323+0530] {subprocess.py:106} INFO - wind_gusts_10m_max: Outliers = 2316
[2026-01-29T20:03:52.340+0530] {subprocess.py:106} INFO - 26/01/29 20:03:52 INFO FileSourceStrategy: Pushed Filters:
[2026-01-29T20:03:52.341+0530] {subprocess.py:106} INFO - 26/01/29 20:03:52 INFO FileSourceStrategy: Post-Scan Filters:
[2026-01-29T20:03:52.343+0530] {subprocess.py:106} INFO - 26/01/29 20:03:52 INFO MemoryStore: Block broadcast_50 stored as values in memory (estimated size 350.2 KiB, free 365.5 MiB)
[2026-01-29T20:03:52.348+0530] {subprocess.py:106} INFO - 26/01/29 20:03:52 INFO MemoryStore: Block broadcast_50_piece0 stored as bytes in memory (estimated size 34.3 KiB, free 365.5 MiB)
[2026-01-29T20:03:52.349+0530] {subprocess.py:106} INFO - 26/01/29 20:03:52 INFO BlockManagerInfo: Added broadcast_50_piece0 in memory on Aishwarya92848DBDA:42547 (size: 34.3 KiB, free: 366.2 MiB)
[2026-01-29T20:03:52.349+0530] {subprocess.py:106} INFO - 26/01/29 20:03:52 INFO SparkContext: Created broadcast 50 from approxQuantile at NativeMethodAccessorImpl.java:0
[2026-01-29T20:03:52.350+0530] {subprocess.py:106} INFO - 26/01/29 20:03:52 INFO FileSourceScanExec: Planning scan with bin packing, max size: 4194304 bytes, open cost is considered as scanning 4194304 bytes.
[2026-01-29T20:03:52.359+0530] {subprocess.py:106} INFO - 26/01/29 20:03:52 INFO SparkContext: Starting job: approxQuantile at NativeMethodAccessorImpl.java:0
[2026-01-29T20:03:52.360+0530] {subprocess.py:106} INFO - 26/01/29 20:03:52 INFO DAGScheduler: Got job 30 (approxQuantile at NativeMethodAccessorImpl.java:0) with 2 output partitions
[2026-01-29T20:03:52.360+0530] {subprocess.py:106} INFO - 26/01/29 20:03:52 INFO DAGScheduler: Final stage: ResultStage 40 (approxQuantile at NativeMethodAccessorImpl.java:0)
[2026-01-29T20:03:52.361+0530] {subprocess.py:106} INFO - 26/01/29 20:03:52 INFO DAGScheduler: Parents of final stage: List()
[2026-01-29T20:03:52.361+0530] {subprocess.py:106} INFO - 26/01/29 20:03:52 INFO DAGScheduler: Missing parents: List()
[2026-01-29T20:03:52.361+0530] {subprocess.py:106} INFO - 26/01/29 20:03:52 INFO DAGScheduler: Submitting ResultStage 40 (MapPartitionsRDD[133] at approxQuantile at NativeMethodAccessorImpl.java:0), which has no missing parents
[2026-01-29T20:03:52.363+0530] {subprocess.py:106} INFO - 26/01/29 20:03:52 INFO MemoryStore: Block broadcast_51 stored as values in memory (estimated size 20.0 KiB, free 365.5 MiB)
[2026-01-29T20:03:52.364+0530] {subprocess.py:106} INFO - 26/01/29 20:03:52 INFO MemoryStore: Block broadcast_51_piece0 stored as bytes in memory (estimated size 9.5 KiB, free 365.5 MiB)
[2026-01-29T20:03:52.365+0530] {subprocess.py:106} INFO - 26/01/29 20:03:52 INFO BlockManagerInfo: Added broadcast_51_piece0 in memory on Aishwarya92848DBDA:42547 (size: 9.5 KiB, free: 366.2 MiB)
[2026-01-29T20:03:52.365+0530] {subprocess.py:106} INFO - 26/01/29 20:03:52 INFO SparkContext: Created broadcast 51 from broadcast at DAGScheduler.scala:1585
[2026-01-29T20:03:52.365+0530] {subprocess.py:106} INFO - 26/01/29 20:03:52 INFO DAGScheduler: Submitting 2 missing tasks from ResultStage 40 (MapPartitionsRDD[133] at approxQuantile at NativeMethodAccessorImpl.java:0) (first 15 tasks are for partitions Vector(0, 1))
[2026-01-29T20:03:52.365+0530] {subprocess.py:106} INFO - 26/01/29 20:03:52 INFO TaskSchedulerImpl: Adding task set 40.0 with 2 tasks resource profile 0
[2026-01-29T20:03:52.366+0530] {subprocess.py:106} INFO - 26/01/29 20:03:52 INFO TaskSetManager: Starting task 0.0 in stage 40.0 (TID 49) (Aishwarya92848DBDA, executor driver, partition 0, NODE_LOCAL, 8241 bytes)
[2026-01-29T20:03:52.367+0530] {subprocess.py:106} INFO - 26/01/29 20:03:52 INFO TaskSetManager: Starting task 1.0 in stage 40.0 (TID 50) (Aishwarya92848DBDA, executor driver, partition 1, NODE_LOCAL, 8241 bytes)
[2026-01-29T20:03:52.367+0530] {subprocess.py:106} INFO - 26/01/29 20:03:52 INFO Executor: Running task 0.0 in stage 40.0 (TID 49)
[2026-01-29T20:03:52.367+0530] {subprocess.py:106} INFO - 26/01/29 20:03:52 INFO Executor: Running task 1.0 in stage 40.0 (TID 50)
[2026-01-29T20:03:52.371+0530] {subprocess.py:106} INFO - 26/01/29 20:03:52 INFO FileScanRDD: Reading File path: hdfs://localhost:9000/weather/data/raw_data/weather_dataset.csv, range: 4194304-5651348, partition values: [empty row]
[2026-01-29T20:03:52.371+0530] {subprocess.py:106} INFO - 26/01/29 20:03:52 INFO FileScanRDD: Reading File path: hdfs://localhost:9000/weather/data/raw_data/weather_dataset.csv, range: 0-4194304, partition values: [empty row]
[2026-01-29T20:03:52.415+0530] {subprocess.py:106} INFO - 26/01/29 20:03:52 INFO Executor: Finished task 1.0 in stage 40.0 (TID 50). 8213 bytes result sent to driver
[2026-01-29T20:03:52.416+0530] {subprocess.py:106} INFO - 26/01/29 20:03:52 INFO TaskSetManager: Finished task 1.0 in stage 40.0 (TID 50) in 49 ms on Aishwarya92848DBDA (executor driver) (1/2)
[2026-01-29T20:03:52.481+0530] {subprocess.py:106} INFO - 26/01/29 20:03:52 INFO Executor: Finished task 0.0 in stage 40.0 (TID 49). 7248 bytes result sent to driver
[2026-01-29T20:03:52.482+0530] {subprocess.py:106} INFO - 26/01/29 20:03:52 INFO TaskSetManager: Finished task 0.0 in stage 40.0 (TID 49) in 116 ms on Aishwarya92848DBDA (executor driver) (2/2)
[2026-01-29T20:03:52.483+0530] {subprocess.py:106} INFO - 26/01/29 20:03:52 INFO TaskSchedulerImpl: Removed TaskSet 40.0, whose tasks have all completed, from pool
[2026-01-29T20:03:52.483+0530] {subprocess.py:106} INFO - 26/01/29 20:03:52 INFO DAGScheduler: ResultStage 40 (approxQuantile at NativeMethodAccessorImpl.java:0) finished in 0.122 s
[2026-01-29T20:03:52.484+0530] {subprocess.py:106} INFO - 26/01/29 20:03:52 INFO DAGScheduler: Job 30 is finished. Cancelling potential speculative or zombie tasks for this job
[2026-01-29T20:03:52.484+0530] {subprocess.py:106} INFO - 26/01/29 20:03:52 INFO TaskSchedulerImpl: Killing all running tasks in stage 40: Stage finished
[2026-01-29T20:03:52.484+0530] {subprocess.py:106} INFO - 26/01/29 20:03:52 INFO DAGScheduler: Job 30 finished: approxQuantile at NativeMethodAccessorImpl.java:0, took 0.125089 s
[2026-01-29T20:03:52.523+0530] {subprocess.py:106} INFO - 26/01/29 20:03:52 INFO BlockManagerInfo: Removed broadcast_50_piece0 on Aishwarya92848DBDA:42547 in memory (size: 34.3 KiB, free: 366.2 MiB)
[2026-01-29T20:03:52.525+0530] {subprocess.py:106} INFO - 26/01/29 20:03:52 INFO BlockManagerInfo: Removed broadcast_51_piece0 on Aishwarya92848DBDA:42547 in memory (size: 9.5 KiB, free: 366.3 MiB)
[2026-01-29T20:03:52.526+0530] {subprocess.py:106} INFO - 26/01/29 20:03:52 INFO BlockManagerInfo: Removed broadcast_49_piece0 on Aishwarya92848DBDA:42547 in memory (size: 6.0 KiB, free: 366.3 MiB)
[2026-01-29T20:03:52.528+0530] {subprocess.py:106} INFO - 26/01/29 20:03:52 INFO BlockManagerInfo: Removed broadcast_48_piece0 on Aishwarya92848DBDA:42547 in memory (size: 9.7 KiB, free: 366.3 MiB)
[2026-01-29T20:03:52.529+0530] {subprocess.py:106} INFO - 26/01/29 20:03:52 INFO BlockManagerInfo: Removed broadcast_47_piece0 on Aishwarya92848DBDA:42547 in memory (size: 34.3 KiB, free: 366.3 MiB)
[2026-01-29T20:03:52.583+0530] {subprocess.py:106} INFO - 26/01/29 20:03:52 INFO FileSourceStrategy: Pushed Filters: Or(LessThan(temperature_2m_max,19.1),GreaterThan(temperature_2m_max,42.300000000000004))
[2026-01-29T20:03:52.584+0530] {subprocess.py:106} INFO - 26/01/29 20:03:52 INFO FileSourceStrategy: Post-Scan Filters: ((temperature_2m_max#19 < 19.1) OR (temperature_2m_max#19 > 42.300000000000004))
[2026-01-29T20:03:52.608+0530] {subprocess.py:106} INFO - 26/01/29 20:03:52 INFO CodeGenerator: Code generated in 9.407724 ms
[2026-01-29T20:03:52.610+0530] {subprocess.py:106} INFO - 26/01/29 20:03:52 INFO MemoryStore: Block broadcast_52 stored as values in memory (estimated size 350.2 KiB, free 366.0 MiB)
[2026-01-29T20:03:52.618+0530] {subprocess.py:106} INFO - 26/01/29 20:03:52 INFO MemoryStore: Block broadcast_52_piece0 stored as bytes in memory (estimated size 34.3 KiB, free 365.9 MiB)
[2026-01-29T20:03:52.619+0530] {subprocess.py:106} INFO - 26/01/29 20:03:52 INFO BlockManagerInfo: Added broadcast_52_piece0 in memory on Aishwarya92848DBDA:42547 (size: 34.3 KiB, free: 366.3 MiB)
[2026-01-29T20:03:52.619+0530] {subprocess.py:106} INFO - 26/01/29 20:03:52 INFO SparkContext: Created broadcast 52 from showString at NativeMethodAccessorImpl.java:0
[2026-01-29T20:03:52.620+0530] {subprocess.py:106} INFO - 26/01/29 20:03:52 INFO FileSourceScanExec: Planning scan with bin packing, max size: 4194304 bytes, open cost is considered as scanning 4194304 bytes.
[2026-01-29T20:03:52.628+0530] {subprocess.py:106} INFO - 26/01/29 20:03:52 INFO SparkContext: Starting job: showString at NativeMethodAccessorImpl.java:0
[2026-01-29T20:03:52.629+0530] {subprocess.py:106} INFO - 26/01/29 20:03:52 INFO DAGScheduler: Got job 31 (showString at NativeMethodAccessorImpl.java:0) with 1 output partitions
[2026-01-29T20:03:52.630+0530] {subprocess.py:106} INFO - 26/01/29 20:03:52 INFO DAGScheduler: Final stage: ResultStage 41 (showString at NativeMethodAccessorImpl.java:0)
[2026-01-29T20:03:52.630+0530] {subprocess.py:106} INFO - 26/01/29 20:03:52 INFO DAGScheduler: Parents of final stage: List()
[2026-01-29T20:03:52.631+0530] {subprocess.py:106} INFO - 26/01/29 20:03:52 INFO DAGScheduler: Missing parents: List()
[2026-01-29T20:03:52.631+0530] {subprocess.py:106} INFO - 26/01/29 20:03:52 INFO DAGScheduler: Submitting ResultStage 41 (MapPartitionsRDD[137] at showString at NativeMethodAccessorImpl.java:0), which has no missing parents
[2026-01-29T20:03:52.631+0530] {subprocess.py:106} INFO - 26/01/29 20:03:52 INFO MemoryStore: Block broadcast_53 stored as values in memory (estimated size 18.4 KiB, free 365.9 MiB)
[2026-01-29T20:03:52.632+0530] {subprocess.py:106} INFO - 26/01/29 20:03:52 INFO MemoryStore: Block broadcast_53_piece0 stored as bytes in memory (estimated size 8.8 KiB, free 365.9 MiB)
[2026-01-29T20:03:52.633+0530] {subprocess.py:106} INFO - 26/01/29 20:03:52 INFO BlockManagerInfo: Added broadcast_53_piece0 in memory on Aishwarya92848DBDA:42547 (size: 8.8 KiB, free: 366.3 MiB)
[2026-01-29T20:03:52.633+0530] {subprocess.py:106} INFO - 26/01/29 20:03:52 INFO SparkContext: Created broadcast 53 from broadcast at DAGScheduler.scala:1585
[2026-01-29T20:03:52.633+0530] {subprocess.py:106} INFO - 26/01/29 20:03:52 INFO DAGScheduler: Submitting 1 missing tasks from ResultStage 41 (MapPartitionsRDD[137] at showString at NativeMethodAccessorImpl.java:0) (first 15 tasks are for partitions Vector(0))
[2026-01-29T20:03:52.634+0530] {subprocess.py:106} INFO - 26/01/29 20:03:52 INFO TaskSchedulerImpl: Adding task set 41.0 with 1 tasks resource profile 0
[2026-01-29T20:03:52.635+0530] {subprocess.py:106} INFO - 26/01/29 20:03:52 INFO TaskSetManager: Starting task 0.0 in stage 41.0 (TID 51) (Aishwarya92848DBDA, executor driver, partition 0, NODE_LOCAL, 8241 bytes)
[2026-01-29T20:03:52.635+0530] {subprocess.py:106} INFO - 26/01/29 20:03:52 INFO Executor: Running task 0.0 in stage 41.0 (TID 51)
[2026-01-29T20:03:52.650+0530] {subprocess.py:106} INFO - 26/01/29 20:03:52 INFO CodeGenerator: Code generated in 11.969523 ms
[2026-01-29T20:03:52.651+0530] {subprocess.py:106} INFO - 26/01/29 20:03:52 INFO FileScanRDD: Reading File path: hdfs://localhost:9000/weather/data/raw_data/weather_dataset.csv, range: 0-4194304, partition values: [empty row]
[2026-01-29T20:03:52.659+0530] {subprocess.py:106} INFO - 26/01/29 20:03:52 INFO CodeGenerator: Code generated in 6.667715 ms
[2026-01-29T20:03:52.669+0530] {subprocess.py:106} INFO - 26/01/29 20:03:52 INFO CodeGenerator: Code generated in 7.103286 ms
[2026-01-29T20:03:52.675+0530] {subprocess.py:106} INFO - 26/01/29 20:03:52 INFO Executor: Finished task 0.0 in stage 41.0 (TID 51). 1742 bytes result sent to driver
[2026-01-29T20:03:52.676+0530] {subprocess.py:106} INFO - 26/01/29 20:03:52 INFO TaskSetManager: Finished task 0.0 in stage 41.0 (TID 51) in 42 ms on Aishwarya92848DBDA (executor driver) (1/1)
[2026-01-29T20:03:52.677+0530] {subprocess.py:106} INFO - 26/01/29 20:03:52 INFO TaskSchedulerImpl: Removed TaskSet 41.0, whose tasks have all completed, from pool
[2026-01-29T20:03:52.677+0530] {subprocess.py:106} INFO - 26/01/29 20:03:52 INFO DAGScheduler: ResultStage 41 (showString at NativeMethodAccessorImpl.java:0) finished in 0.047 s
[2026-01-29T20:03:52.677+0530] {subprocess.py:106} INFO - 26/01/29 20:03:52 INFO DAGScheduler: Job 31 is finished. Cancelling potential speculative or zombie tasks for this job
[2026-01-29T20:03:52.677+0530] {subprocess.py:106} INFO - 26/01/29 20:03:52 INFO TaskSchedulerImpl: Killing all running tasks in stage 41: Stage finished
[2026-01-29T20:03:52.678+0530] {subprocess.py:106} INFO - 26/01/29 20:03:52 INFO DAGScheduler: Job 31 finished: showString at NativeMethodAccessorImpl.java:0, took 0.049119 s
[2026-01-29T20:03:52.685+0530] {subprocess.py:106} INFO - 26/01/29 20:03:52 INFO CodeGenerator: Code generated in 5.281659 ms
[2026-01-29T20:03:52.690+0530] {subprocess.py:106} INFO - +-----+----------+------------------+
[2026-01-29T20:03:52.691+0530] {subprocess.py:106} INFO - | city|      date|temperature_2m_max|
[2026-01-29T20:03:52.691+0530] {subprocess.py:106} INFO - +-----+----------+------------------+
[2026-01-29T20:03:52.691+0530] {subprocess.py:106} INFO - |Delhi|2000-01-13|              18.9|
[2026-01-29T20:03:52.692+0530] {subprocess.py:106} INFO - |Delhi|2000-01-14|              18.1|
[2026-01-29T20:03:52.692+0530] {subprocess.py:106} INFO - |Delhi|2000-01-15|              15.8|
[2026-01-29T20:03:52.692+0530] {subprocess.py:106} INFO - |Delhi|2000-01-16|              15.8|
[2026-01-29T20:03:52.692+0530] {subprocess.py:106} INFO - |Delhi|2000-01-17|              17.4|
[2026-01-29T20:03:52.693+0530] {subprocess.py:106} INFO - |Delhi|2000-01-27|              18.7|
[2026-01-29T20:03:52.693+0530] {subprocess.py:106} INFO - |Delhi|2000-02-05|              15.7|
[2026-01-29T20:03:52.693+0530] {subprocess.py:106} INFO - |Delhi|2000-02-06|              16.9|
[2026-01-29T20:03:52.693+0530] {subprocess.py:106} INFO - |Delhi|2000-02-07|              18.0|
[2026-01-29T20:03:52.693+0530] {subprocess.py:106} INFO - |Delhi|2000-02-08|              17.9|
[2026-01-29T20:03:52.693+0530] {subprocess.py:106} INFO - +-----+----------+------------------+
[2026-01-29T20:03:52.693+0530] {subprocess.py:106} INFO - only showing top 10 rows
[2026-01-29T20:03:52.693+0530] {subprocess.py:106} INFO - 
[2026-01-29T20:03:52.693+0530] {subprocess.py:106} INFO - Lower: 19.1 Upper: 42.300000000000004
[2026-01-29T20:03:52.710+0530] {subprocess.py:106} INFO - 26/01/29 20:03:52 INFO FileSourceStrategy: Pushed Filters:
[2026-01-29T20:03:52.711+0530] {subprocess.py:106} INFO - 26/01/29 20:03:52 INFO FileSourceStrategy: Post-Scan Filters:
[2026-01-29T20:03:52.713+0530] {subprocess.py:106} INFO - 26/01/29 20:03:52 INFO MemoryStore: Block broadcast_54 stored as values in memory (estimated size 350.2 KiB, free 365.6 MiB)
[2026-01-29T20:03:52.720+0530] {subprocess.py:106} INFO - 26/01/29 20:03:52 INFO MemoryStore: Block broadcast_54_piece0 stored as bytes in memory (estimated size 34.3 KiB, free 365.5 MiB)
[2026-01-29T20:03:52.720+0530] {subprocess.py:106} INFO - 26/01/29 20:03:52 INFO BlockManagerInfo: Added broadcast_54_piece0 in memory on Aishwarya92848DBDA:42547 (size: 34.3 KiB, free: 366.2 MiB)
[2026-01-29T20:03:52.721+0530] {subprocess.py:106} INFO - 26/01/29 20:03:52 INFO SparkContext: Created broadcast 54 from approxQuantile at NativeMethodAccessorImpl.java:0
[2026-01-29T20:03:52.721+0530] {subprocess.py:106} INFO - 26/01/29 20:03:52 INFO FileSourceScanExec: Planning scan with bin packing, max size: 4194304 bytes, open cost is considered as scanning 4194304 bytes.
[2026-01-29T20:03:52.734+0530] {subprocess.py:106} INFO - 26/01/29 20:03:52 INFO SparkContext: Starting job: approxQuantile at NativeMethodAccessorImpl.java:0
[2026-01-29T20:03:52.735+0530] {subprocess.py:106} INFO - 26/01/29 20:03:52 INFO DAGScheduler: Got job 32 (approxQuantile at NativeMethodAccessorImpl.java:0) with 2 output partitions
[2026-01-29T20:03:52.735+0530] {subprocess.py:106} INFO - 26/01/29 20:03:52 INFO DAGScheduler: Final stage: ResultStage 42 (approxQuantile at NativeMethodAccessorImpl.java:0)
[2026-01-29T20:03:52.735+0530] {subprocess.py:106} INFO - 26/01/29 20:03:52 INFO DAGScheduler: Parents of final stage: List()
[2026-01-29T20:03:52.735+0530] {subprocess.py:106} INFO - 26/01/29 20:03:52 INFO DAGScheduler: Missing parents: List()
[2026-01-29T20:03:52.736+0530] {subprocess.py:106} INFO - 26/01/29 20:03:52 INFO DAGScheduler: Submitting ResultStage 42 (MapPartitionsRDD[143] at approxQuantile at NativeMethodAccessorImpl.java:0), which has no missing parents
[2026-01-29T20:03:52.739+0530] {subprocess.py:106} INFO - 26/01/29 20:03:52 INFO MemoryStore: Block broadcast_55 stored as values in memory (estimated size 20.0 KiB, free 365.5 MiB)
[2026-01-29T20:03:52.740+0530] {subprocess.py:106} INFO - 26/01/29 20:03:52 INFO MemoryStore: Block broadcast_55_piece0 stored as bytes in memory (estimated size 9.5 KiB, free 365.5 MiB)
[2026-01-29T20:03:52.740+0530] {subprocess.py:106} INFO - 26/01/29 20:03:52 INFO BlockManagerInfo: Added broadcast_55_piece0 in memory on Aishwarya92848DBDA:42547 (size: 9.5 KiB, free: 366.2 MiB)
[2026-01-29T20:03:52.741+0530] {subprocess.py:106} INFO - 26/01/29 20:03:52 INFO SparkContext: Created broadcast 55 from broadcast at DAGScheduler.scala:1585
[2026-01-29T20:03:52.741+0530] {subprocess.py:106} INFO - 26/01/29 20:03:52 INFO DAGScheduler: Submitting 2 missing tasks from ResultStage 42 (MapPartitionsRDD[143] at approxQuantile at NativeMethodAccessorImpl.java:0) (first 15 tasks are for partitions Vector(0, 1))
[2026-01-29T20:03:52.742+0530] {subprocess.py:106} INFO - 26/01/29 20:03:52 INFO TaskSchedulerImpl: Adding task set 42.0 with 2 tasks resource profile 0
[2026-01-29T20:03:52.742+0530] {subprocess.py:106} INFO - 26/01/29 20:03:52 INFO TaskSetManager: Starting task 0.0 in stage 42.0 (TID 52) (Aishwarya92848DBDA, executor driver, partition 0, NODE_LOCAL, 8241 bytes)
[2026-01-29T20:03:52.743+0530] {subprocess.py:106} INFO - 26/01/29 20:03:52 INFO TaskSetManager: Starting task 1.0 in stage 42.0 (TID 53) (Aishwarya92848DBDA, executor driver, partition 1, NODE_LOCAL, 8241 bytes)
[2026-01-29T20:03:52.744+0530] {subprocess.py:106} INFO - 26/01/29 20:03:52 INFO Executor: Running task 1.0 in stage 42.0 (TID 53)
[2026-01-29T20:03:52.744+0530] {subprocess.py:106} INFO - 26/01/29 20:03:52 INFO Executor: Running task 0.0 in stage 42.0 (TID 52)
[2026-01-29T20:03:52.748+0530] {subprocess.py:106} INFO - 26/01/29 20:03:52 INFO FileScanRDD: Reading File path: hdfs://localhost:9000/weather/data/raw_data/weather_dataset.csv, range: 4194304-5651348, partition values: [empty row]
[2026-01-29T20:03:52.748+0530] {subprocess.py:106} INFO - 26/01/29 20:03:52 INFO FileScanRDD: Reading File path: hdfs://localhost:9000/weather/data/raw_data/weather_dataset.csv, range: 0-4194304, partition values: [empty row]
[2026-01-29T20:03:52.808+0530] {subprocess.py:106} INFO - 26/01/29 20:03:52 INFO Executor: Finished task 1.0 in stage 42.0 (TID 53). 8213 bytes result sent to driver
[2026-01-29T20:03:52.809+0530] {subprocess.py:106} INFO - 26/01/29 20:03:52 INFO TaskSetManager: Finished task 1.0 in stage 42.0 (TID 53) in 66 ms on Aishwarya92848DBDA (executor driver) (1/2)
[2026-01-29T20:03:52.874+0530] {subprocess.py:106} INFO - 26/01/29 20:03:52 INFO Executor: Finished task 0.0 in stage 42.0 (TID 52). 7248 bytes result sent to driver
[2026-01-29T20:03:52.874+0530] {subprocess.py:106} INFO - 26/01/29 20:03:52 INFO TaskSetManager: Finished task 0.0 in stage 42.0 (TID 52) in 132 ms on Aishwarya92848DBDA (executor driver) (2/2)
[2026-01-29T20:03:52.874+0530] {subprocess.py:106} INFO - 26/01/29 20:03:52 INFO TaskSchedulerImpl: Removed TaskSet 42.0, whose tasks have all completed, from pool
[2026-01-29T20:03:52.875+0530] {subprocess.py:106} INFO - 26/01/29 20:03:52 INFO DAGScheduler: ResultStage 42 (approxQuantile at NativeMethodAccessorImpl.java:0) finished in 0.139 s
[2026-01-29T20:03:52.875+0530] {subprocess.py:106} INFO - 26/01/29 20:03:52 INFO DAGScheduler: Job 32 is finished. Cancelling potential speculative or zombie tasks for this job
[2026-01-29T20:03:52.875+0530] {subprocess.py:106} INFO - 26/01/29 20:03:52 INFO TaskSchedulerImpl: Killing all running tasks in stage 42: Stage finished
[2026-01-29T20:03:52.876+0530] {subprocess.py:106} INFO - 26/01/29 20:03:52 INFO DAGScheduler: Job 32 finished: approxQuantile at NativeMethodAccessorImpl.java:0, took 0.141711 s
[2026-01-29T20:03:52.951+0530] {subprocess.py:106} INFO - 26/01/29 20:03:52 INFO FileSourceStrategy: Pushed Filters:
[2026-01-29T20:03:52.951+0530] {subprocess.py:106} INFO - 26/01/29 20:03:52 INFO FileSourceStrategy: Post-Scan Filters:
[2026-01-29T20:03:52.953+0530] {subprocess.py:106} INFO - 26/01/29 20:03:52 INFO MemoryStore: Block broadcast_56 stored as values in memory (estimated size 350.2 KiB, free 365.2 MiB)
[2026-01-29T20:03:52.959+0530] {subprocess.py:106} INFO - 26/01/29 20:03:52 INFO MemoryStore: Block broadcast_56_piece0 stored as bytes in memory (estimated size 34.3 KiB, free 365.1 MiB)
[2026-01-29T20:03:52.960+0530] {subprocess.py:106} INFO - 26/01/29 20:03:52 INFO BlockManagerInfo: Added broadcast_56_piece0 in memory on Aishwarya92848DBDA:42547 (size: 34.3 KiB, free: 366.2 MiB)
[2026-01-29T20:03:52.960+0530] {subprocess.py:106} INFO - 26/01/29 20:03:52 INFO SparkContext: Created broadcast 56 from approxQuantile at NativeMethodAccessorImpl.java:0
[2026-01-29T20:03:52.960+0530] {subprocess.py:106} INFO - 26/01/29 20:03:52 INFO FileSourceScanExec: Planning scan with bin packing, max size: 4194304 bytes, open cost is considered as scanning 4194304 bytes.
[2026-01-29T20:03:52.970+0530] {subprocess.py:106} INFO - 26/01/29 20:03:52 INFO SparkContext: Starting job: approxQuantile at NativeMethodAccessorImpl.java:0
[2026-01-29T20:03:52.970+0530] {subprocess.py:106} INFO - 26/01/29 20:03:52 INFO DAGScheduler: Got job 33 (approxQuantile at NativeMethodAccessorImpl.java:0) with 2 output partitions
[2026-01-29T20:03:52.971+0530] {subprocess.py:106} INFO - 26/01/29 20:03:52 INFO DAGScheduler: Final stage: ResultStage 43 (approxQuantile at NativeMethodAccessorImpl.java:0)
[2026-01-29T20:03:52.971+0530] {subprocess.py:106} INFO - 26/01/29 20:03:52 INFO DAGScheduler: Parents of final stage: List()
[2026-01-29T20:03:52.971+0530] {subprocess.py:106} INFO - 26/01/29 20:03:52 INFO DAGScheduler: Missing parents: List()
[2026-01-29T20:03:52.971+0530] {subprocess.py:106} INFO - 26/01/29 20:03:52 INFO DAGScheduler: Submitting ResultStage 43 (MapPartitionsRDD[149] at approxQuantile at NativeMethodAccessorImpl.java:0), which has no missing parents
[2026-01-29T20:03:52.974+0530] {subprocess.py:106} INFO - 26/01/29 20:03:52 INFO MemoryStore: Block broadcast_57 stored as values in memory (estimated size 20.0 KiB, free 365.1 MiB)
[2026-01-29T20:03:52.975+0530] {subprocess.py:106} INFO - 26/01/29 20:03:52 INFO MemoryStore: Block broadcast_57_piece0 stored as bytes in memory (estimated size 9.5 KiB, free 365.1 MiB)
[2026-01-29T20:03:52.975+0530] {subprocess.py:106} INFO - 26/01/29 20:03:52 INFO BlockManagerInfo: Added broadcast_57_piece0 in memory on Aishwarya92848DBDA:42547 (size: 9.5 KiB, free: 366.2 MiB)
[2026-01-29T20:03:52.976+0530] {subprocess.py:106} INFO - 26/01/29 20:03:52 INFO SparkContext: Created broadcast 57 from broadcast at DAGScheduler.scala:1585
[2026-01-29T20:03:52.976+0530] {subprocess.py:106} INFO - 26/01/29 20:03:52 INFO DAGScheduler: Submitting 2 missing tasks from ResultStage 43 (MapPartitionsRDD[149] at approxQuantile at NativeMethodAccessorImpl.java:0) (first 15 tasks are for partitions Vector(0, 1))
[2026-01-29T20:03:52.976+0530] {subprocess.py:106} INFO - 26/01/29 20:03:52 INFO TaskSchedulerImpl: Adding task set 43.0 with 2 tasks resource profile 0
[2026-01-29T20:03:52.977+0530] {subprocess.py:106} INFO - 26/01/29 20:03:52 INFO TaskSetManager: Starting task 0.0 in stage 43.0 (TID 54) (Aishwarya92848DBDA, executor driver, partition 0, NODE_LOCAL, 8241 bytes)
[2026-01-29T20:03:52.977+0530] {subprocess.py:106} INFO - 26/01/29 20:03:52 INFO TaskSetManager: Starting task 1.0 in stage 43.0 (TID 55) (Aishwarya92848DBDA, executor driver, partition 1, NODE_LOCAL, 8241 bytes)
[2026-01-29T20:03:52.977+0530] {subprocess.py:106} INFO - 26/01/29 20:03:52 INFO Executor: Running task 0.0 in stage 43.0 (TID 54)
[2026-01-29T20:03:52.977+0530] {subprocess.py:106} INFO - 26/01/29 20:03:52 INFO Executor: Running task 1.0 in stage 43.0 (TID 55)
[2026-01-29T20:03:52.980+0530] {subprocess.py:106} INFO - 26/01/29 20:03:52 INFO FileScanRDD: Reading File path: hdfs://localhost:9000/weather/data/raw_data/weather_dataset.csv, range: 4194304-5651348, partition values: [empty row]
[2026-01-29T20:03:52.981+0530] {subprocess.py:106} INFO - 26/01/29 20:03:52 INFO FileScanRDD: Reading File path: hdfs://localhost:9000/weather/data/raw_data/weather_dataset.csv, range: 0-4194304, partition values: [empty row]
[2026-01-29T20:03:53.029+0530] {subprocess.py:106} INFO - 26/01/29 20:03:53 INFO BlockManagerInfo: Removed broadcast_54_piece0 on Aishwarya92848DBDA:42547 in memory (size: 34.3 KiB, free: 366.2 MiB)
[2026-01-29T20:03:53.030+0530] {subprocess.py:106} INFO - 26/01/29 20:03:53 INFO BlockManagerInfo: Removed broadcast_52_piece0 on Aishwarya92848DBDA:42547 in memory (size: 34.3 KiB, free: 366.2 MiB)
[2026-01-29T20:03:53.031+0530] {subprocess.py:106} INFO - 26/01/29 20:03:53 INFO BlockManagerInfo: Removed broadcast_53_piece0 on Aishwarya92848DBDA:42547 in memory (size: 8.8 KiB, free: 366.2 MiB)
[2026-01-29T20:03:53.032+0530] {subprocess.py:106} INFO - 26/01/29 20:03:53 INFO BlockManagerInfo: Removed broadcast_55_piece0 on Aishwarya92848DBDA:42547 in memory (size: 9.5 KiB, free: 366.3 MiB)
[2026-01-29T20:03:53.040+0530] {subprocess.py:106} INFO - 26/01/29 20:03:53 INFO Executor: Finished task 1.0 in stage 43.0 (TID 55). 8256 bytes result sent to driver
[2026-01-29T20:03:53.041+0530] {subprocess.py:106} INFO - 26/01/29 20:03:53 INFO TaskSetManager: Finished task 1.0 in stage 43.0 (TID 55) in 64 ms on Aishwarya92848DBDA (executor driver) (1/2)
[2026-01-29T20:03:53.097+0530] {subprocess.py:106} INFO - 26/01/29 20:03:53 INFO Executor: Finished task 0.0 in stage 43.0 (TID 54). 6116 bytes result sent to driver
[2026-01-29T20:03:53.098+0530] {subprocess.py:106} INFO - 26/01/29 20:03:53 INFO TaskSetManager: Finished task 0.0 in stage 43.0 (TID 54) in 122 ms on Aishwarya92848DBDA (executor driver) (2/2)
[2026-01-29T20:03:53.098+0530] {subprocess.py:106} INFO - 26/01/29 20:03:53 INFO TaskSchedulerImpl: Removed TaskSet 43.0, whose tasks have all completed, from pool
[2026-01-29T20:03:53.098+0530] {subprocess.py:106} INFO - 26/01/29 20:03:53 INFO DAGScheduler: ResultStage 43 (approxQuantile at NativeMethodAccessorImpl.java:0) finished in 0.127 s
[2026-01-29T20:03:53.099+0530] {subprocess.py:106} INFO - 26/01/29 20:03:53 INFO DAGScheduler: Job 33 is finished. Cancelling potential speculative or zombie tasks for this job
[2026-01-29T20:03:53.099+0530] {subprocess.py:106} INFO - 26/01/29 20:03:53 INFO TaskSchedulerImpl: Killing all running tasks in stage 43: Stage finished
[2026-01-29T20:03:53.099+0530] {subprocess.py:106} INFO - 26/01/29 20:03:53 INFO DAGScheduler: Job 33 finished: approxQuantile at NativeMethodAccessorImpl.java:0, took 0.129306 s
[2026-01-29T20:03:53.165+0530] {subprocess.py:106} INFO - 26/01/29 20:03:53 INFO FileSourceStrategy: Pushed Filters:
[2026-01-29T20:03:53.165+0530] {subprocess.py:106} INFO - 26/01/29 20:03:53 INFO FileSourceStrategy: Post-Scan Filters:
[2026-01-29T20:03:53.167+0530] {subprocess.py:106} INFO - 26/01/29 20:03:53 INFO MemoryStore: Block broadcast_58 stored as values in memory (estimated size 350.2 KiB, free 365.6 MiB)
[2026-01-29T20:03:53.172+0530] {subprocess.py:106} INFO - 26/01/29 20:03:53 INFO MemoryStore: Block broadcast_58_piece0 stored as bytes in memory (estimated size 34.3 KiB, free 365.5 MiB)
[2026-01-29T20:03:53.173+0530] {subprocess.py:106} INFO - 26/01/29 20:03:53 INFO BlockManagerInfo: Added broadcast_58_piece0 in memory on Aishwarya92848DBDA:42547 (size: 34.3 KiB, free: 366.2 MiB)
[2026-01-29T20:03:53.173+0530] {subprocess.py:106} INFO - 26/01/29 20:03:53 INFO SparkContext: Created broadcast 58 from approxQuantile at NativeMethodAccessorImpl.java:0
[2026-01-29T20:03:53.174+0530] {subprocess.py:106} INFO - 26/01/29 20:03:53 INFO FileSourceScanExec: Planning scan with bin packing, max size: 4194304 bytes, open cost is considered as scanning 4194304 bytes.
[2026-01-29T20:03:53.183+0530] {subprocess.py:106} INFO - 26/01/29 20:03:53 INFO SparkContext: Starting job: approxQuantile at NativeMethodAccessorImpl.java:0
[2026-01-29T20:03:53.184+0530] {subprocess.py:106} INFO - 26/01/29 20:03:53 INFO DAGScheduler: Got job 34 (approxQuantile at NativeMethodAccessorImpl.java:0) with 2 output partitions
[2026-01-29T20:03:53.184+0530] {subprocess.py:106} INFO - 26/01/29 20:03:53 INFO DAGScheduler: Final stage: ResultStage 44 (approxQuantile at NativeMethodAccessorImpl.java:0)
[2026-01-29T20:03:53.185+0530] {subprocess.py:106} INFO - 26/01/29 20:03:53 INFO DAGScheduler: Parents of final stage: List()
[2026-01-29T20:03:53.185+0530] {subprocess.py:106} INFO - 26/01/29 20:03:53 INFO DAGScheduler: Missing parents: List()
[2026-01-29T20:03:53.185+0530] {subprocess.py:106} INFO - 26/01/29 20:03:53 INFO DAGScheduler: Submitting ResultStage 44 (MapPartitionsRDD[155] at approxQuantile at NativeMethodAccessorImpl.java:0), which has no missing parents
[2026-01-29T20:03:53.188+0530] {subprocess.py:106} INFO - 26/01/29 20:03:53 INFO MemoryStore: Block broadcast_59 stored as values in memory (estimated size 20.0 KiB, free 365.5 MiB)
[2026-01-29T20:03:53.189+0530] {subprocess.py:106} INFO - 26/01/29 20:03:53 INFO MemoryStore: Block broadcast_59_piece0 stored as bytes in memory (estimated size 9.5 KiB, free 365.5 MiB)
[2026-01-29T20:03:53.190+0530] {subprocess.py:106} INFO - 26/01/29 20:03:53 INFO BlockManagerInfo: Added broadcast_59_piece0 in memory on Aishwarya92848DBDA:42547 (size: 9.5 KiB, free: 366.2 MiB)
[2026-01-29T20:03:53.190+0530] {subprocess.py:106} INFO - 26/01/29 20:03:53 INFO SparkContext: Created broadcast 59 from broadcast at DAGScheduler.scala:1585
[2026-01-29T20:03:53.190+0530] {subprocess.py:106} INFO - 26/01/29 20:03:53 INFO DAGScheduler: Submitting 2 missing tasks from ResultStage 44 (MapPartitionsRDD[155] at approxQuantile at NativeMethodAccessorImpl.java:0) (first 15 tasks are for partitions Vector(0, 1))
[2026-01-29T20:03:53.191+0530] {subprocess.py:106} INFO - 26/01/29 20:03:53 INFO TaskSchedulerImpl: Adding task set 44.0 with 2 tasks resource profile 0
[2026-01-29T20:03:53.191+0530] {subprocess.py:106} INFO - 26/01/29 20:03:53 INFO TaskSetManager: Starting task 0.0 in stage 44.0 (TID 56) (Aishwarya92848DBDA, executor driver, partition 0, NODE_LOCAL, 8241 bytes)
[2026-01-29T20:03:53.192+0530] {subprocess.py:106} INFO - 26/01/29 20:03:53 INFO TaskSetManager: Starting task 1.0 in stage 44.0 (TID 57) (Aishwarya92848DBDA, executor driver, partition 1, NODE_LOCAL, 8241 bytes)
[2026-01-29T20:03:53.192+0530] {subprocess.py:106} INFO - 26/01/29 20:03:53 INFO Executor: Running task 1.0 in stage 44.0 (TID 57)
[2026-01-29T20:03:53.192+0530] {subprocess.py:106} INFO - 26/01/29 20:03:53 INFO Executor: Running task 0.0 in stage 44.0 (TID 56)
[2026-01-29T20:03:53.195+0530] {subprocess.py:106} INFO - 26/01/29 20:03:53 INFO FileScanRDD: Reading File path: hdfs://localhost:9000/weather/data/raw_data/weather_dataset.csv, range: 4194304-5651348, partition values: [empty row]
[2026-01-29T20:03:53.196+0530] {subprocess.py:106} INFO - 26/01/29 20:03:53 INFO FileScanRDD: Reading File path: hdfs://localhost:9000/weather/data/raw_data/weather_dataset.csv, range: 0-4194304, partition values: [empty row]
[2026-01-29T20:03:53.239+0530] {subprocess.py:106} INFO - 26/01/29 20:03:53 INFO Executor: Finished task 1.0 in stage 44.0 (TID 57). 8213 bytes result sent to driver
[2026-01-29T20:03:53.240+0530] {subprocess.py:106} INFO - 26/01/29 20:03:53 INFO TaskSetManager: Finished task 1.0 in stage 44.0 (TID 57) in 48 ms on Aishwarya92848DBDA (executor driver) (1/2)
[2026-01-29T20:03:53.298+0530] {subprocess.py:106} INFO - 26/01/29 20:03:53 INFO Executor: Finished task 0.0 in stage 44.0 (TID 56). 5650 bytes result sent to driver
[2026-01-29T20:03:53.299+0530] {subprocess.py:106} INFO - 26/01/29 20:03:53 INFO TaskSetManager: Finished task 0.0 in stage 44.0 (TID 56) in 107 ms on Aishwarya92848DBDA (executor driver) (2/2)
[2026-01-29T20:03:53.299+0530] {subprocess.py:106} INFO - 26/01/29 20:03:53 INFO TaskSchedulerImpl: Removed TaskSet 44.0, whose tasks have all completed, from pool
[2026-01-29T20:03:53.299+0530] {subprocess.py:106} INFO - 26/01/29 20:03:53 INFO DAGScheduler: ResultStage 44 (approxQuantile at NativeMethodAccessorImpl.java:0) finished in 0.114 s
[2026-01-29T20:03:53.299+0530] {subprocess.py:106} INFO - 26/01/29 20:03:53 INFO DAGScheduler: Job 34 is finished. Cancelling potential speculative or zombie tasks for this job
[2026-01-29T20:03:53.299+0530] {subprocess.py:106} INFO - 26/01/29 20:03:53 INFO TaskSchedulerImpl: Killing all running tasks in stage 44: Stage finished
[2026-01-29T20:03:53.300+0530] {subprocess.py:106} INFO - 26/01/29 20:03:53 INFO DAGScheduler: Job 34 finished: approxQuantile at NativeMethodAccessorImpl.java:0, took 0.116248 s
[2026-01-29T20:03:53.370+0530] {subprocess.py:106} INFO - 26/01/29 20:03:53 INFO FileSourceStrategy: Pushed Filters:
[2026-01-29T20:03:53.371+0530] {subprocess.py:106} INFO - 26/01/29 20:03:53 INFO FileSourceStrategy: Post-Scan Filters:
[2026-01-29T20:03:53.373+0530] {subprocess.py:106} INFO - 26/01/29 20:03:53 INFO MemoryStore: Block broadcast_60 stored as values in memory (estimated size 350.2 KiB, free 365.1 MiB)
[2026-01-29T20:03:53.379+0530] {subprocess.py:106} INFO - 26/01/29 20:03:53 INFO MemoryStore: Block broadcast_60_piece0 stored as bytes in memory (estimated size 34.3 KiB, free 365.1 MiB)
[2026-01-29T20:03:53.380+0530] {subprocess.py:106} INFO - 26/01/29 20:03:53 INFO BlockManagerInfo: Added broadcast_60_piece0 in memory on Aishwarya92848DBDA:42547 (size: 34.3 KiB, free: 366.2 MiB)
[2026-01-29T20:03:53.380+0530] {subprocess.py:106} INFO - 26/01/29 20:03:53 INFO SparkContext: Created broadcast 60 from approxQuantile at NativeMethodAccessorImpl.java:0
[2026-01-29T20:03:53.381+0530] {subprocess.py:106} INFO - 26/01/29 20:03:53 INFO FileSourceScanExec: Planning scan with bin packing, max size: 4194304 bytes, open cost is considered as scanning 4194304 bytes.
[2026-01-29T20:03:53.392+0530] {subprocess.py:106} INFO - 26/01/29 20:03:53 INFO SparkContext: Starting job: approxQuantile at NativeMethodAccessorImpl.java:0
[2026-01-29T20:03:53.392+0530] {subprocess.py:106} INFO - 26/01/29 20:03:53 INFO DAGScheduler: Got job 35 (approxQuantile at NativeMethodAccessorImpl.java:0) with 2 output partitions
[2026-01-29T20:03:53.393+0530] {subprocess.py:106} INFO - 26/01/29 20:03:53 INFO DAGScheduler: Final stage: ResultStage 45 (approxQuantile at NativeMethodAccessorImpl.java:0)
[2026-01-29T20:03:53.393+0530] {subprocess.py:106} INFO - 26/01/29 20:03:53 INFO DAGScheduler: Parents of final stage: List()
[2026-01-29T20:03:53.394+0530] {subprocess.py:106} INFO - 26/01/29 20:03:53 INFO DAGScheduler: Missing parents: List()
[2026-01-29T20:03:53.394+0530] {subprocess.py:106} INFO - 26/01/29 20:03:53 INFO DAGScheduler: Submitting ResultStage 45 (MapPartitionsRDD[161] at approxQuantile at NativeMethodAccessorImpl.java:0), which has no missing parents
[2026-01-29T20:03:53.397+0530] {subprocess.py:106} INFO - 26/01/29 20:03:53 INFO MemoryStore: Block broadcast_61 stored as values in memory (estimated size 20.0 KiB, free 365.1 MiB)
[2026-01-29T20:03:53.398+0530] {subprocess.py:106} INFO - 26/01/29 20:03:53 INFO MemoryStore: Block broadcast_61_piece0 stored as bytes in memory (estimated size 9.5 KiB, free 365.1 MiB)
[2026-01-29T20:03:53.398+0530] {subprocess.py:106} INFO - 26/01/29 20:03:53 INFO BlockManagerInfo: Added broadcast_61_piece0 in memory on Aishwarya92848DBDA:42547 (size: 9.5 KiB, free: 366.2 MiB)
[2026-01-29T20:03:53.399+0530] {subprocess.py:106} INFO - 26/01/29 20:03:53 INFO SparkContext: Created broadcast 61 from broadcast at DAGScheduler.scala:1585
[2026-01-29T20:03:53.399+0530] {subprocess.py:106} INFO - 26/01/29 20:03:53 INFO DAGScheduler: Submitting 2 missing tasks from ResultStage 45 (MapPartitionsRDD[161] at approxQuantile at NativeMethodAccessorImpl.java:0) (first 15 tasks are for partitions Vector(0, 1))
[2026-01-29T20:03:53.399+0530] {subprocess.py:106} INFO - 26/01/29 20:03:53 INFO TaskSchedulerImpl: Adding task set 45.0 with 2 tasks resource profile 0
[2026-01-29T20:03:53.400+0530] {subprocess.py:106} INFO - 26/01/29 20:03:53 INFO TaskSetManager: Starting task 0.0 in stage 45.0 (TID 58) (Aishwarya92848DBDA, executor driver, partition 0, NODE_LOCAL, 8241 bytes)
[2026-01-29T20:03:53.401+0530] {subprocess.py:106} INFO - 26/01/29 20:03:53 INFO TaskSetManager: Starting task 1.0 in stage 45.0 (TID 59) (Aishwarya92848DBDA, executor driver, partition 1, NODE_LOCAL, 8241 bytes)
[2026-01-29T20:03:53.401+0530] {subprocess.py:106} INFO - 26/01/29 20:03:53 INFO Executor: Running task 1.0 in stage 45.0 (TID 59)
[2026-01-29T20:03:53.402+0530] {subprocess.py:106} INFO - 26/01/29 20:03:53 INFO Executor: Running task 0.0 in stage 45.0 (TID 58)
[2026-01-29T20:03:53.405+0530] {subprocess.py:106} INFO - 26/01/29 20:03:53 INFO FileScanRDD: Reading File path: hdfs://localhost:9000/weather/data/raw_data/weather_dataset.csv, range: 4194304-5651348, partition values: [empty row]
[2026-01-29T20:03:53.405+0530] {subprocess.py:106} INFO - 26/01/29 20:03:53 INFO FileScanRDD: Reading File path: hdfs://localhost:9000/weather/data/raw_data/weather_dataset.csv, range: 0-4194304, partition values: [empty row]
[2026-01-29T20:03:53.425+0530] {subprocess.py:106} INFO - 26/01/29 20:03:53 INFO BlockManagerInfo: Removed broadcast_59_piece0 on Aishwarya92848DBDA:42547 in memory (size: 9.5 KiB, free: 366.2 MiB)
[2026-01-29T20:03:53.426+0530] {subprocess.py:106} INFO - 26/01/29 20:03:53 INFO BlockManagerInfo: Removed broadcast_58_piece0 on Aishwarya92848DBDA:42547 in memory (size: 34.3 KiB, free: 366.2 MiB)
[2026-01-29T20:03:53.428+0530] {subprocess.py:106} INFO - 26/01/29 20:03:53 INFO BlockManagerInfo: Removed broadcast_56_piece0 on Aishwarya92848DBDA:42547 in memory (size: 34.3 KiB, free: 366.2 MiB)
[2026-01-29T20:03:53.429+0530] {subprocess.py:106} INFO - 26/01/29 20:03:53 INFO BlockManagerInfo: Removed broadcast_57_piece0 on Aishwarya92848DBDA:42547 in memory (size: 9.5 KiB, free: 366.3 MiB)
[2026-01-29T20:03:53.468+0530] {subprocess.py:106} INFO - 26/01/29 20:03:53 INFO Executor: Finished task 1.0 in stage 45.0 (TID 59). 8256 bytes result sent to driver
[2026-01-29T20:03:53.469+0530] {subprocess.py:106} INFO - 26/01/29 20:03:53 INFO TaskSetManager: Finished task 1.0 in stage 45.0 (TID 59) in 69 ms on Aishwarya92848DBDA (executor driver) (1/2)
[2026-01-29T20:03:53.526+0530] {subprocess.py:106} INFO - 26/01/29 20:03:53 INFO Executor: Finished task 0.0 in stage 45.0 (TID 58). 5753 bytes result sent to driver
[2026-01-29T20:03:53.527+0530] {subprocess.py:106} INFO - 26/01/29 20:03:53 INFO TaskSetManager: Finished task 0.0 in stage 45.0 (TID 58) in 127 ms on Aishwarya92848DBDA (executor driver) (2/2)
[2026-01-29T20:03:53.528+0530] {subprocess.py:106} INFO - 26/01/29 20:03:53 INFO TaskSchedulerImpl: Removed TaskSet 45.0, whose tasks have all completed, from pool
[2026-01-29T20:03:53.528+0530] {subprocess.py:106} INFO - 26/01/29 20:03:53 INFO DAGScheduler: ResultStage 45 (approxQuantile at NativeMethodAccessorImpl.java:0) finished in 0.133 s
[2026-01-29T20:03:53.528+0530] {subprocess.py:106} INFO - 26/01/29 20:03:53 INFO DAGScheduler: Job 35 is finished. Cancelling potential speculative or zombie tasks for this job
[2026-01-29T20:03:53.528+0530] {subprocess.py:106} INFO - 26/01/29 20:03:53 INFO TaskSchedulerImpl: Killing all running tasks in stage 45: Stage finished
[2026-01-29T20:03:53.529+0530] {subprocess.py:106} INFO - 26/01/29 20:03:53 INFO DAGScheduler: Job 35 finished: approxQuantile at NativeMethodAccessorImpl.java:0, took 0.137170 s
[2026-01-29T20:03:53.598+0530] {subprocess.py:106} INFO - 26/01/29 20:03:53 INFO FileSourceStrategy: Pushed Filters:
[2026-01-29T20:03:53.599+0530] {subprocess.py:106} INFO - 26/01/29 20:03:53 INFO FileSourceStrategy: Post-Scan Filters:
[2026-01-29T20:03:53.601+0530] {subprocess.py:106} INFO - 26/01/29 20:03:53 INFO MemoryStore: Block broadcast_62 stored as values in memory (estimated size 350.2 KiB, free 365.6 MiB)
[2026-01-29T20:03:53.607+0530] {subprocess.py:106} INFO - 26/01/29 20:03:53 INFO MemoryStore: Block broadcast_62_piece0 stored as bytes in memory (estimated size 34.3 KiB, free 365.5 MiB)
[2026-01-29T20:03:53.608+0530] {subprocess.py:106} INFO - 26/01/29 20:03:53 INFO BlockManagerInfo: Added broadcast_62_piece0 in memory on Aishwarya92848DBDA:42547 (size: 34.3 KiB, free: 366.2 MiB)
[2026-01-29T20:03:53.608+0530] {subprocess.py:106} INFO - 26/01/29 20:03:53 INFO SparkContext: Created broadcast 62 from approxQuantile at NativeMethodAccessorImpl.java:0
[2026-01-29T20:03:53.608+0530] {subprocess.py:106} INFO - 26/01/29 20:03:53 INFO FileSourceScanExec: Planning scan with bin packing, max size: 4194304 bytes, open cost is considered as scanning 4194304 bytes.
[2026-01-29T20:03:53.618+0530] {subprocess.py:106} INFO - 26/01/29 20:03:53 INFO SparkContext: Starting job: approxQuantile at NativeMethodAccessorImpl.java:0
[2026-01-29T20:03:53.618+0530] {subprocess.py:106} INFO - 26/01/29 20:03:53 INFO DAGScheduler: Got job 36 (approxQuantile at NativeMethodAccessorImpl.java:0) with 2 output partitions
[2026-01-29T20:03:53.619+0530] {subprocess.py:106} INFO - 26/01/29 20:03:53 INFO DAGScheduler: Final stage: ResultStage 46 (approxQuantile at NativeMethodAccessorImpl.java:0)
[2026-01-29T20:03:53.619+0530] {subprocess.py:106} INFO - 26/01/29 20:03:53 INFO DAGScheduler: Parents of final stage: List()
[2026-01-29T20:03:53.619+0530] {subprocess.py:106} INFO - 26/01/29 20:03:53 INFO DAGScheduler: Missing parents: List()
[2026-01-29T20:03:53.619+0530] {subprocess.py:106} INFO - 26/01/29 20:03:53 INFO DAGScheduler: Submitting ResultStage 46 (MapPartitionsRDD[167] at approxQuantile at NativeMethodAccessorImpl.java:0), which has no missing parents
[2026-01-29T20:03:53.623+0530] {subprocess.py:106} INFO - 26/01/29 20:03:53 INFO MemoryStore: Block broadcast_63 stored as values in memory (estimated size 20.0 KiB, free 365.5 MiB)
[2026-01-29T20:03:53.624+0530] {subprocess.py:106} INFO - 26/01/29 20:03:53 INFO MemoryStore: Block broadcast_63_piece0 stored as bytes in memory (estimated size 9.5 KiB, free 365.5 MiB)
[2026-01-29T20:03:53.624+0530] {subprocess.py:106} INFO - 26/01/29 20:03:53 INFO BlockManagerInfo: Added broadcast_63_piece0 in memory on Aishwarya92848DBDA:42547 (size: 9.5 KiB, free: 366.2 MiB)
[2026-01-29T20:03:53.625+0530] {subprocess.py:106} INFO - 26/01/29 20:03:53 INFO SparkContext: Created broadcast 63 from broadcast at DAGScheduler.scala:1585
[2026-01-29T20:03:53.625+0530] {subprocess.py:106} INFO - 26/01/29 20:03:53 INFO DAGScheduler: Submitting 2 missing tasks from ResultStage 46 (MapPartitionsRDD[167] at approxQuantile at NativeMethodAccessorImpl.java:0) (first 15 tasks are for partitions Vector(0, 1))
[2026-01-29T20:03:53.625+0530] {subprocess.py:106} INFO - 26/01/29 20:03:53 INFO TaskSchedulerImpl: Adding task set 46.0 with 2 tasks resource profile 0
[2026-01-29T20:03:53.626+0530] {subprocess.py:106} INFO - 26/01/29 20:03:53 INFO TaskSetManager: Starting task 0.0 in stage 46.0 (TID 60) (Aishwarya92848DBDA, executor driver, partition 0, NODE_LOCAL, 8241 bytes)
[2026-01-29T20:03:53.627+0530] {subprocess.py:106} INFO - 26/01/29 20:03:53 INFO TaskSetManager: Starting task 1.0 in stage 46.0 (TID 61) (Aishwarya92848DBDA, executor driver, partition 1, NODE_LOCAL, 8241 bytes)
[2026-01-29T20:03:53.627+0530] {subprocess.py:106} INFO - 26/01/29 20:03:53 INFO Executor: Running task 0.0 in stage 46.0 (TID 60)
[2026-01-29T20:03:53.627+0530] {subprocess.py:106} INFO - 26/01/29 20:03:53 INFO Executor: Running task 1.0 in stage 46.0 (TID 61)
[2026-01-29T20:03:53.630+0530] {subprocess.py:106} INFO - 26/01/29 20:03:53 INFO FileScanRDD: Reading File path: hdfs://localhost:9000/weather/data/raw_data/weather_dataset.csv, range: 4194304-5651348, partition values: [empty row]
[2026-01-29T20:03:53.631+0530] {subprocess.py:106} INFO - 26/01/29 20:03:53 INFO FileScanRDD: Reading File path: hdfs://localhost:9000/weather/data/raw_data/weather_dataset.csv, range: 0-4194304, partition values: [empty row]
[2026-01-29T20:03:53.675+0530] {subprocess.py:106} INFO - 26/01/29 20:03:53 INFO Executor: Finished task 1.0 in stage 46.0 (TID 61). 8213 bytes result sent to driver
[2026-01-29T20:03:53.676+0530] {subprocess.py:106} INFO - 26/01/29 20:03:53 INFO TaskSetManager: Finished task 1.0 in stage 46.0 (TID 61) in 49 ms on Aishwarya92848DBDA (executor driver) (1/2)
[2026-01-29T20:03:53.737+0530] {subprocess.py:106} INFO - 26/01/29 20:03:53 INFO Executor: Finished task 0.0 in stage 46.0 (TID 60). 5773 bytes result sent to driver
[2026-01-29T20:03:53.747+0530] {subprocess.py:106} INFO - 26/01/29 20:03:53 INFO TaskSetManager: Finished task 0.0 in stage 46.0 (TID 60) in 121 ms on Aishwarya92848DBDA (executor driver) (2/2)
[2026-01-29T20:03:53.748+0530] {subprocess.py:106} INFO - 26/01/29 20:03:53 INFO TaskSchedulerImpl: Removed TaskSet 46.0, whose tasks have all completed, from pool
[2026-01-29T20:03:53.748+0530] {subprocess.py:106} INFO - 26/01/29 20:03:53 INFO DAGScheduler: ResultStage 46 (approxQuantile at NativeMethodAccessorImpl.java:0) finished in 0.128 s
[2026-01-29T20:03:53.749+0530] {subprocess.py:106} INFO - 26/01/29 20:03:53 INFO DAGScheduler: Job 36 is finished. Cancelling potential speculative or zombie tasks for this job
[2026-01-29T20:03:53.749+0530] {subprocess.py:106} INFO - 26/01/29 20:03:53 INFO TaskSchedulerImpl: Killing all running tasks in stage 46: Stage finished
[2026-01-29T20:03:53.749+0530] {subprocess.py:106} INFO - 26/01/29 20:03:53 INFO BlockManagerInfo: Removed broadcast_61_piece0 on Aishwarya92848DBDA:42547 in memory (size: 9.5 KiB, free: 366.2 MiB)
[2026-01-29T20:03:53.749+0530] {subprocess.py:106} INFO - 26/01/29 20:03:53 INFO DAGScheduler: Job 36 finished: approxQuantile at NativeMethodAccessorImpl.java:0, took 0.130903 s
[2026-01-29T20:03:53.750+0530] {subprocess.py:106} INFO - 26/01/29 20:03:53 INFO BlockManagerInfo: Removed broadcast_60_piece0 on Aishwarya92848DBDA:42547 in memory (size: 34.3 KiB, free: 366.3 MiB)
[2026-01-29T20:03:53.816+0530] {subprocess.py:106} INFO - 26/01/29 20:03:53 INFO FileSourceStrategy: Pushed Filters:
[2026-01-29T20:03:53.816+0530] {subprocess.py:106} INFO - 26/01/29 20:03:53 INFO FileSourceStrategy: Post-Scan Filters:
[2026-01-29T20:03:53.819+0530] {subprocess.py:106} INFO - 26/01/29 20:03:53 INFO MemoryStore: Block broadcast_64 stored as values in memory (estimated size 350.2 KiB, free 365.6 MiB)
[2026-01-29T20:03:53.825+0530] {subprocess.py:106} INFO - 26/01/29 20:03:53 INFO MemoryStore: Block broadcast_64_piece0 stored as bytes in memory (estimated size 34.3 KiB, free 365.5 MiB)
[2026-01-29T20:03:53.825+0530] {subprocess.py:106} INFO - 26/01/29 20:03:53 INFO BlockManagerInfo: Added broadcast_64_piece0 in memory on Aishwarya92848DBDA:42547 (size: 34.3 KiB, free: 366.2 MiB)
[2026-01-29T20:03:53.825+0530] {subprocess.py:106} INFO - 26/01/29 20:03:53 INFO SparkContext: Created broadcast 64 from approxQuantile at NativeMethodAccessorImpl.java:0
[2026-01-29T20:03:53.826+0530] {subprocess.py:106} INFO - 26/01/29 20:03:53 INFO FileSourceScanExec: Planning scan with bin packing, max size: 4194304 bytes, open cost is considered as scanning 4194304 bytes.
[2026-01-29T20:03:53.835+0530] {subprocess.py:106} INFO - 26/01/29 20:03:53 INFO SparkContext: Starting job: approxQuantile at NativeMethodAccessorImpl.java:0
[2026-01-29T20:03:53.836+0530] {subprocess.py:106} INFO - 26/01/29 20:03:53 INFO DAGScheduler: Got job 37 (approxQuantile at NativeMethodAccessorImpl.java:0) with 2 output partitions
[2026-01-29T20:03:53.836+0530] {subprocess.py:106} INFO - 26/01/29 20:03:53 INFO DAGScheduler: Final stage: ResultStage 47 (approxQuantile at NativeMethodAccessorImpl.java:0)
[2026-01-29T20:03:53.836+0530] {subprocess.py:106} INFO - 26/01/29 20:03:53 INFO DAGScheduler: Parents of final stage: List()
[2026-01-29T20:03:53.836+0530] {subprocess.py:106} INFO - 26/01/29 20:03:53 INFO DAGScheduler: Missing parents: List()
[2026-01-29T20:03:53.836+0530] {subprocess.py:106} INFO - 26/01/29 20:03:53 INFO DAGScheduler: Submitting ResultStage 47 (MapPartitionsRDD[173] at approxQuantile at NativeMethodAccessorImpl.java:0), which has no missing parents
[2026-01-29T20:03:53.840+0530] {subprocess.py:106} INFO - 26/01/29 20:03:53 INFO MemoryStore: Block broadcast_65 stored as values in memory (estimated size 20.0 KiB, free 365.5 MiB)
[2026-01-29T20:03:53.841+0530] {subprocess.py:106} INFO - 26/01/29 20:03:53 INFO MemoryStore: Block broadcast_65_piece0 stored as bytes in memory (estimated size 9.5 KiB, free 365.5 MiB)
[2026-01-29T20:03:53.841+0530] {subprocess.py:106} INFO - 26/01/29 20:03:53 INFO BlockManagerInfo: Added broadcast_65_piece0 in memory on Aishwarya92848DBDA:42547 (size: 9.5 KiB, free: 366.2 MiB)
[2026-01-29T20:03:53.842+0530] {subprocess.py:106} INFO - 26/01/29 20:03:53 INFO SparkContext: Created broadcast 65 from broadcast at DAGScheduler.scala:1585
[2026-01-29T20:03:53.842+0530] {subprocess.py:106} INFO - 26/01/29 20:03:53 INFO DAGScheduler: Submitting 2 missing tasks from ResultStage 47 (MapPartitionsRDD[173] at approxQuantile at NativeMethodAccessorImpl.java:0) (first 15 tasks are for partitions Vector(0, 1))
[2026-01-29T20:03:53.842+0530] {subprocess.py:106} INFO - 26/01/29 20:03:53 INFO TaskSchedulerImpl: Adding task set 47.0 with 2 tasks resource profile 0
[2026-01-29T20:03:53.843+0530] {subprocess.py:106} INFO - 26/01/29 20:03:53 INFO TaskSetManager: Starting task 0.0 in stage 47.0 (TID 62) (Aishwarya92848DBDA, executor driver, partition 0, NODE_LOCAL, 8241 bytes)
[2026-01-29T20:03:53.843+0530] {subprocess.py:106} INFO - 26/01/29 20:03:53 INFO TaskSetManager: Starting task 1.0 in stage 47.0 (TID 63) (Aishwarya92848DBDA, executor driver, partition 1, NODE_LOCAL, 8241 bytes)
[2026-01-29T20:03:53.844+0530] {subprocess.py:106} INFO - 26/01/29 20:03:53 INFO Executor: Running task 1.0 in stage 47.0 (TID 63)
[2026-01-29T20:03:53.844+0530] {subprocess.py:106} INFO - 26/01/29 20:03:53 INFO Executor: Running task 0.0 in stage 47.0 (TID 62)
[2026-01-29T20:03:53.848+0530] {subprocess.py:106} INFO - 26/01/29 20:03:53 INFO FileScanRDD: Reading File path: hdfs://localhost:9000/weather/data/raw_data/weather_dataset.csv, range: 4194304-5651348, partition values: [empty row]
[2026-01-29T20:03:53.849+0530] {subprocess.py:106} INFO - 26/01/29 20:03:53 INFO FileScanRDD: Reading File path: hdfs://localhost:9000/weather/data/raw_data/weather_dataset.csv, range: 0-4194304, partition values: [empty row]
[2026-01-29T20:03:53.898+0530] {subprocess.py:106} INFO - 26/01/29 20:03:53 INFO Executor: Finished task 1.0 in stage 47.0 (TID 63). 8213 bytes result sent to driver
[2026-01-29T20:03:53.899+0530] {subprocess.py:106} INFO - 26/01/29 20:03:53 INFO TaskSetManager: Finished task 1.0 in stage 47.0 (TID 63) in 56 ms on Aishwarya92848DBDA (executor driver) (1/2)
[2026-01-29T20:03:53.958+0530] {subprocess.py:106} INFO - 26/01/29 20:03:53 INFO Executor: Finished task 0.0 in stage 47.0 (TID 62). 6013 bytes result sent to driver
[2026-01-29T20:03:53.959+0530] {subprocess.py:106} INFO - 26/01/29 20:03:53 INFO TaskSetManager: Finished task 0.0 in stage 47.0 (TID 62) in 116 ms on Aishwarya92848DBDA (executor driver) (2/2)
[2026-01-29T20:03:53.960+0530] {subprocess.py:106} INFO - 26/01/29 20:03:53 INFO TaskSchedulerImpl: Removed TaskSet 47.0, whose tasks have all completed, from pool
[2026-01-29T20:03:53.960+0530] {subprocess.py:106} INFO - 26/01/29 20:03:53 INFO DAGScheduler: ResultStage 47 (approxQuantile at NativeMethodAccessorImpl.java:0) finished in 0.122 s
[2026-01-29T20:03:53.960+0530] {subprocess.py:106} INFO - 26/01/29 20:03:53 INFO DAGScheduler: Job 37 is finished. Cancelling potential speculative or zombie tasks for this job
[2026-01-29T20:03:53.960+0530] {subprocess.py:106} INFO - 26/01/29 20:03:53 INFO TaskSchedulerImpl: Killing all running tasks in stage 47: Stage finished
[2026-01-29T20:03:53.961+0530] {subprocess.py:106} INFO - 26/01/29 20:03:53 INFO DAGScheduler: Job 37 finished: approxQuantile at NativeMethodAccessorImpl.java:0, took 0.125955 s
[2026-01-29T20:03:54.058+0530] {subprocess.py:106} INFO - 26/01/29 20:03:54 INFO FileSourceStrategy: Pushed Filters:
[2026-01-29T20:03:54.058+0530] {subprocess.py:106} INFO - 26/01/29 20:03:54 INFO FileSourceStrategy: Post-Scan Filters:
[2026-01-29T20:03:54.069+0530] {subprocess.py:106} INFO - 26/01/29 20:03:54 INFO CodeGenerator: Code generated in 6.343275 ms
[2026-01-29T20:03:54.071+0530] {subprocess.py:106} INFO - 26/01/29 20:03:54 INFO MemoryStore: Block broadcast_66 stored as values in memory (estimated size 350.2 KiB, free 365.1 MiB)
[2026-01-29T20:03:54.077+0530] {subprocess.py:106} INFO - 26/01/29 20:03:54 INFO MemoryStore: Block broadcast_66_piece0 stored as bytes in memory (estimated size 34.3 KiB, free 365.1 MiB)
[2026-01-29T20:03:54.077+0530] {subprocess.py:106} INFO - 26/01/29 20:03:54 INFO BlockManagerInfo: Added broadcast_66_piece0 in memory on Aishwarya92848DBDA:42547 (size: 34.3 KiB, free: 366.2 MiB)
[2026-01-29T20:03:54.077+0530] {subprocess.py:106} INFO - 26/01/29 20:03:54 INFO SparkContext: Created broadcast 66 from approxQuantile at NativeMethodAccessorImpl.java:0
[2026-01-29T20:03:54.078+0530] {subprocess.py:106} INFO - 26/01/29 20:03:54 INFO FileSourceScanExec: Planning scan with bin packing, max size: 4194304 bytes, open cost is considered as scanning 4194304 bytes.
[2026-01-29T20:03:54.088+0530] {subprocess.py:106} INFO - 26/01/29 20:03:54 INFO SparkContext: Starting job: approxQuantile at NativeMethodAccessorImpl.java:0
[2026-01-29T20:03:54.089+0530] {subprocess.py:106} INFO - 26/01/29 20:03:54 INFO DAGScheduler: Got job 38 (approxQuantile at NativeMethodAccessorImpl.java:0) with 2 output partitions
[2026-01-29T20:03:54.090+0530] {subprocess.py:106} INFO - 26/01/29 20:03:54 INFO DAGScheduler: Final stage: ResultStage 48 (approxQuantile at NativeMethodAccessorImpl.java:0)
[2026-01-29T20:03:54.090+0530] {subprocess.py:106} INFO - 26/01/29 20:03:54 INFO DAGScheduler: Parents of final stage: List()
[2026-01-29T20:03:54.090+0530] {subprocess.py:106} INFO - 26/01/29 20:03:54 INFO DAGScheduler: Missing parents: List()
[2026-01-29T20:03:54.090+0530] {subprocess.py:106} INFO - 26/01/29 20:03:54 INFO DAGScheduler: Submitting ResultStage 48 (MapPartitionsRDD[180] at approxQuantile at NativeMethodAccessorImpl.java:0), which has no missing parents
[2026-01-29T20:03:54.104+0530] {subprocess.py:106} INFO - 26/01/29 20:03:54 INFO MemoryStore: Block broadcast_67 stored as values in memory (estimated size 32.8 KiB, free 365.1 MiB)
[2026-01-29T20:03:54.106+0530] {subprocess.py:106} INFO - 26/01/29 20:03:54 INFO MemoryStore: Block broadcast_67_piece0 stored as bytes in memory (estimated size 15.2 KiB, free 365.1 MiB)
[2026-01-29T20:03:54.106+0530] {subprocess.py:106} INFO - 26/01/29 20:03:54 INFO BlockManagerInfo: Added broadcast_67_piece0 in memory on Aishwarya92848DBDA:42547 (size: 15.2 KiB, free: 366.2 MiB)
[2026-01-29T20:03:54.106+0530] {subprocess.py:106} INFO - 26/01/29 20:03:54 INFO SparkContext: Created broadcast 67 from broadcast at DAGScheduler.scala:1585
[2026-01-29T20:03:54.107+0530] {subprocess.py:106} INFO - 26/01/29 20:03:54 INFO DAGScheduler: Submitting 2 missing tasks from ResultStage 48 (MapPartitionsRDD[180] at approxQuantile at NativeMethodAccessorImpl.java:0) (first 15 tasks are for partitions Vector(0, 1))
[2026-01-29T20:03:54.107+0530] {subprocess.py:106} INFO - 26/01/29 20:03:54 INFO TaskSchedulerImpl: Adding task set 48.0 with 2 tasks resource profile 0
[2026-01-29T20:03:54.108+0530] {subprocess.py:106} INFO - 26/01/29 20:03:54 INFO TaskSetManager: Starting task 0.0 in stage 48.0 (TID 64) (Aishwarya92848DBDA, executor driver, partition 0, NODE_LOCAL, 8241 bytes)
[2026-01-29T20:03:54.108+0530] {subprocess.py:106} INFO - 26/01/29 20:03:54 INFO TaskSetManager: Starting task 1.0 in stage 48.0 (TID 65) (Aishwarya92848DBDA, executor driver, partition 1, NODE_LOCAL, 8241 bytes)
[2026-01-29T20:03:54.108+0530] {subprocess.py:106} INFO - 26/01/29 20:03:54 INFO Executor: Running task 0.0 in stage 48.0 (TID 64)
[2026-01-29T20:03:54.109+0530] {subprocess.py:106} INFO - 26/01/29 20:03:54 INFO Executor: Running task 1.0 in stage 48.0 (TID 65)
[2026-01-29T20:03:54.119+0530] {subprocess.py:106} INFO - 26/01/29 20:03:54 INFO CodeGenerator: Code generated in 7.489011 ms
[2026-01-29T20:03:54.121+0530] {subprocess.py:106} INFO - 26/01/29 20:03:54 INFO FileScanRDD: Reading File path: hdfs://localhost:9000/weather/data/raw_data/weather_dataset.csv, range: 0-4194304, partition values: [empty row]
[2026-01-29T20:03:54.122+0530] {subprocess.py:106} INFO - 26/01/29 20:03:54 INFO FileScanRDD: Reading File path: hdfs://localhost:9000/weather/data/raw_data/weather_dataset.csv, range: 4194304-5651348, partition values: [empty row]
[2026-01-29T20:03:54.200+0530] {subprocess.py:106} INFO - 26/01/29 20:03:54 INFO BlockManagerInfo: Removed broadcast_63_piece0 on Aishwarya92848DBDA:42547 in memory (size: 9.5 KiB, free: 366.2 MiB)
[2026-01-29T20:03:54.201+0530] {subprocess.py:106} INFO - 26/01/29 20:03:54 INFO Executor: Finished task 1.0 in stage 48.0 (TID 65). 8324 bytes result sent to driver
[2026-01-29T20:03:54.201+0530] {subprocess.py:106} INFO - 26/01/29 20:03:54 INFO BlockManagerInfo: Removed broadcast_65_piece0 on Aishwarya92848DBDA:42547 in memory (size: 9.5 KiB, free: 366.2 MiB)
[2026-01-29T20:03:54.202+0530] {subprocess.py:106} INFO - 26/01/29 20:03:54 INFO TaskSetManager: Finished task 1.0 in stage 48.0 (TID 65) in 94 ms on Aishwarya92848DBDA (executor driver) (1/2)
[2026-01-29T20:03:54.203+0530] {subprocess.py:106} INFO - 26/01/29 20:03:54 INFO BlockManagerInfo: Removed broadcast_64_piece0 on Aishwarya92848DBDA:42547 in memory (size: 34.3 KiB, free: 366.2 MiB)
[2026-01-29T20:03:54.204+0530] {subprocess.py:106} INFO - 26/01/29 20:03:54 INFO BlockManagerInfo: Removed broadcast_62_piece0 on Aishwarya92848DBDA:42547 in memory (size: 34.3 KiB, free: 366.3 MiB)
[2026-01-29T20:03:54.276+0530] {subprocess.py:106} INFO - 26/01/29 20:03:54 INFO Executor: Finished task 0.0 in stage 48.0 (TID 64). 7359 bytes result sent to driver
[2026-01-29T20:03:54.276+0530] {subprocess.py:106} INFO - 26/01/29 20:03:54 INFO TaskSetManager: Finished task 0.0 in stage 48.0 (TID 64) in 169 ms on Aishwarya92848DBDA (executor driver) (2/2)
[2026-01-29T20:03:54.277+0530] {subprocess.py:106} INFO - 26/01/29 20:03:54 INFO TaskSchedulerImpl: Removed TaskSet 48.0, whose tasks have all completed, from pool
[2026-01-29T20:03:54.277+0530] {subprocess.py:106} INFO - 26/01/29 20:03:54 INFO DAGScheduler: ResultStage 48 (approxQuantile at NativeMethodAccessorImpl.java:0) finished in 0.186 s
[2026-01-29T20:03:54.277+0530] {subprocess.py:106} INFO - 26/01/29 20:03:54 INFO DAGScheduler: Job 38 is finished. Cancelling potential speculative or zombie tasks for this job
[2026-01-29T20:03:54.277+0530] {subprocess.py:106} INFO - 26/01/29 20:03:54 INFO TaskSchedulerImpl: Killing all running tasks in stage 48: Stage finished
[2026-01-29T20:03:54.278+0530] {subprocess.py:106} INFO - 26/01/29 20:03:54 INFO DAGScheduler: Job 38 finished: approxQuantile at NativeMethodAccessorImpl.java:0, took 0.189571 s
[2026-01-29T20:03:54.343+0530] {subprocess.py:106} INFO - 26/01/29 20:03:54 INFO FileSourceStrategy: Pushed Filters:
[2026-01-29T20:03:54.344+0530] {subprocess.py:106} INFO - 26/01/29 20:03:54 INFO FileSourceStrategy: Post-Scan Filters: (CASE WHEN (temperature_2m_max#19 < 19.1) THEN false WHEN (temperature_2m_max#19 > 42.300000000000004) THEN false ELSE (temperature_2m_max#19 < 19.1) END OR CASE WHEN (temperature_2m_max#19 < 19.1) THEN false WHEN (temperature_2m_max#19 > 42.300000000000004) THEN false ELSE (temperature_2m_max#19 > 42.300000000000004) END)
[2026-01-29T20:03:54.365+0530] {subprocess.py:106} INFO - 26/01/29 20:03:54 INFO CodeGenerator: Code generated in 11.19295 ms
[2026-01-29T20:03:54.367+0530] {subprocess.py:106} INFO - 26/01/29 20:03:54 INFO MemoryStore: Block broadcast_68 stored as values in memory (estimated size 350.2 KiB, free 365.5 MiB)
[2026-01-29T20:03:54.374+0530] {subprocess.py:106} INFO - 26/01/29 20:03:54 INFO MemoryStore: Block broadcast_68_piece0 stored as bytes in memory (estimated size 34.3 KiB, free 365.5 MiB)
[2026-01-29T20:03:54.374+0530] {subprocess.py:106} INFO - 26/01/29 20:03:54 INFO BlockManagerInfo: Added broadcast_68_piece0 in memory on Aishwarya92848DBDA:42547 (size: 34.3 KiB, free: 366.2 MiB)
[2026-01-29T20:03:54.375+0530] {subprocess.py:106} INFO - 26/01/29 20:03:54 INFO SparkContext: Created broadcast 68 from count at NativeMethodAccessorImpl.java:0
[2026-01-29T20:03:54.376+0530] {subprocess.py:106} INFO - 26/01/29 20:03:54 INFO FileSourceScanExec: Planning scan with bin packing, max size: 4194304 bytes, open cost is considered as scanning 4194304 bytes.
[2026-01-29T20:03:54.379+0530] {subprocess.py:106} INFO - 26/01/29 20:03:54 INFO DAGScheduler: Registering RDD 184 (count at NativeMethodAccessorImpl.java:0) as input to shuffle 10
[2026-01-29T20:03:54.379+0530] {subprocess.py:106} INFO - 26/01/29 20:03:54 INFO DAGScheduler: Got map stage job 39 (count at NativeMethodAccessorImpl.java:0) with 2 output partitions
[2026-01-29T20:03:54.380+0530] {subprocess.py:106} INFO - 26/01/29 20:03:54 INFO DAGScheduler: Final stage: ShuffleMapStage 49 (count at NativeMethodAccessorImpl.java:0)
[2026-01-29T20:03:54.380+0530] {subprocess.py:106} INFO - 26/01/29 20:03:54 INFO DAGScheduler: Parents of final stage: List()
[2026-01-29T20:03:54.380+0530] {subprocess.py:106} INFO - 26/01/29 20:03:54 INFO DAGScheduler: Missing parents: List()
[2026-01-29T20:03:54.380+0530] {subprocess.py:106} INFO - 26/01/29 20:03:54 INFO DAGScheduler: Submitting ShuffleMapStage 49 (MapPartitionsRDD[184] at count at NativeMethodAccessorImpl.java:0), which has no missing parents
[2026-01-29T20:03:54.382+0530] {subprocess.py:106} INFO - 26/01/29 20:03:54 INFO MemoryStore: Block broadcast_69 stored as values in memory (estimated size 22.1 KiB, free 365.5 MiB)
[2026-01-29T20:03:54.383+0530] {subprocess.py:106} INFO - 26/01/29 20:03:54 INFO MemoryStore: Block broadcast_69_piece0 stored as bytes in memory (estimated size 10.0 KiB, free 365.5 MiB)
[2026-01-29T20:03:54.384+0530] {subprocess.py:106} INFO - 26/01/29 20:03:54 INFO BlockManagerInfo: Added broadcast_69_piece0 in memory on Aishwarya92848DBDA:42547 (size: 10.0 KiB, free: 366.2 MiB)
[2026-01-29T20:03:54.384+0530] {subprocess.py:106} INFO - 26/01/29 20:03:54 INFO SparkContext: Created broadcast 69 from broadcast at DAGScheduler.scala:1585
[2026-01-29T20:03:54.387+0530] {subprocess.py:106} INFO - 26/01/29 20:03:54 INFO DAGScheduler: Submitting 2 missing tasks from ShuffleMapStage 49 (MapPartitionsRDD[184] at count at NativeMethodAccessorImpl.java:0) (first 15 tasks are for partitions Vector(0, 1))
[2026-01-29T20:03:54.387+0530] {subprocess.py:106} INFO - 26/01/29 20:03:54 INFO TaskSchedulerImpl: Adding task set 49.0 with 2 tasks resource profile 0
[2026-01-29T20:03:54.388+0530] {subprocess.py:106} INFO - 26/01/29 20:03:54 INFO TaskSetManager: Starting task 0.0 in stage 49.0 (TID 66) (Aishwarya92848DBDA, executor driver, partition 0, NODE_LOCAL, 8230 bytes)
[2026-01-29T20:03:54.388+0530] {subprocess.py:106} INFO - 26/01/29 20:03:54 INFO TaskSetManager: Starting task 1.0 in stage 49.0 (TID 67) (Aishwarya92848DBDA, executor driver, partition 1, NODE_LOCAL, 8230 bytes)
[2026-01-29T20:03:54.389+0530] {subprocess.py:106} INFO - 26/01/29 20:03:54 INFO Executor: Running task 0.0 in stage 49.0 (TID 66)
[2026-01-29T20:03:54.389+0530] {subprocess.py:106} INFO - 26/01/29 20:03:54 INFO Executor: Running task 1.0 in stage 49.0 (TID 67)
[2026-01-29T20:03:54.404+0530] {subprocess.py:106} INFO - 26/01/29 20:03:54 INFO CodeGenerator: Code generated in 13.364494 ms
[2026-01-29T20:03:54.406+0530] {subprocess.py:106} INFO - 26/01/29 20:03:54 INFO FileScanRDD: Reading File path: hdfs://localhost:9000/weather/data/raw_data/weather_dataset.csv, range: 0-4194304, partition values: [empty row]
[2026-01-29T20:03:54.406+0530] {subprocess.py:106} INFO - 26/01/29 20:03:54 INFO FileScanRDD: Reading File path: hdfs://localhost:9000/weather/data/raw_data/weather_dataset.csv, range: 4194304-5651348, partition values: [empty row]
[2026-01-29T20:03:54.460+0530] {subprocess.py:106} INFO - 26/01/29 20:03:54 INFO Executor: Finished task 1.0 in stage 49.0 (TID 67). 1990 bytes result sent to driver
[2026-01-29T20:03:54.460+0530] {subprocess.py:106} INFO - 26/01/29 20:03:54 INFO TaskSetManager: Finished task 1.0 in stage 49.0 (TID 67) in 72 ms on Aishwarya92848DBDA (executor driver) (1/2)
[2026-01-29T20:03:54.523+0530] {subprocess.py:106} INFO - 26/01/29 20:03:54 INFO Executor: Finished task 0.0 in stage 49.0 (TID 66). 1990 bytes result sent to driver
[2026-01-29T20:03:54.523+0530] {subprocess.py:106} INFO - 26/01/29 20:03:54 INFO TaskSetManager: Finished task 0.0 in stage 49.0 (TID 66) in 136 ms on Aishwarya92848DBDA (executor driver) (2/2)
[2026-01-29T20:03:54.524+0530] {subprocess.py:106} INFO - 26/01/29 20:03:54 INFO TaskSchedulerImpl: Removed TaskSet 49.0, whose tasks have all completed, from pool
[2026-01-29T20:03:54.524+0530] {subprocess.py:106} INFO - 26/01/29 20:03:54 INFO DAGScheduler: ShuffleMapStage 49 (count at NativeMethodAccessorImpl.java:0) finished in 0.144 s
[2026-01-29T20:03:54.524+0530] {subprocess.py:106} INFO - 26/01/29 20:03:54 INFO DAGScheduler: looking for newly runnable stages
[2026-01-29T20:03:54.524+0530] {subprocess.py:106} INFO - 26/01/29 20:03:54 INFO DAGScheduler: running: Set()
[2026-01-29T20:03:54.525+0530] {subprocess.py:106} INFO - 26/01/29 20:03:54 INFO DAGScheduler: waiting: Set()
[2026-01-29T20:03:54.525+0530] {subprocess.py:106} INFO - 26/01/29 20:03:54 INFO DAGScheduler: failed: Set()
[2026-01-29T20:03:54.535+0530] {subprocess.py:106} INFO - 26/01/29 20:03:54 INFO SparkContext: Starting job: count at NativeMethodAccessorImpl.java:0
[2026-01-29T20:03:54.536+0530] {subprocess.py:106} INFO - 26/01/29 20:03:54 INFO DAGScheduler: Got job 40 (count at NativeMethodAccessorImpl.java:0) with 1 output partitions
[2026-01-29T20:03:54.536+0530] {subprocess.py:106} INFO - 26/01/29 20:03:54 INFO DAGScheduler: Final stage: ResultStage 51 (count at NativeMethodAccessorImpl.java:0)
[2026-01-29T20:03:54.537+0530] {subprocess.py:106} INFO - 26/01/29 20:03:54 INFO DAGScheduler: Parents of final stage: List(ShuffleMapStage 50)
[2026-01-29T20:03:54.537+0530] {subprocess.py:106} INFO - 26/01/29 20:03:54 INFO DAGScheduler: Missing parents: List()
[2026-01-29T20:03:54.537+0530] {subprocess.py:106} INFO - 26/01/29 20:03:54 INFO DAGScheduler: Submitting ResultStage 51 (MapPartitionsRDD[187] at count at NativeMethodAccessorImpl.java:0), which has no missing parents
[2026-01-29T20:03:54.538+0530] {subprocess.py:106} INFO - 26/01/29 20:03:54 INFO MemoryStore: Block broadcast_70 stored as values in memory (estimated size 12.5 KiB, free 365.5 MiB)
[2026-01-29T20:03:54.539+0530] {subprocess.py:106} INFO - 26/01/29 20:03:54 INFO MemoryStore: Block broadcast_70_piece0 stored as bytes in memory (estimated size 5.9 KiB, free 365.5 MiB)
[2026-01-29T20:03:54.540+0530] {subprocess.py:106} INFO - 26/01/29 20:03:54 INFO BlockManagerInfo: Added broadcast_70_piece0 in memory on Aishwarya92848DBDA:42547 (size: 5.9 KiB, free: 366.2 MiB)
[2026-01-29T20:03:54.540+0530] {subprocess.py:106} INFO - 26/01/29 20:03:54 INFO SparkContext: Created broadcast 70 from broadcast at DAGScheduler.scala:1585
[2026-01-29T20:03:54.540+0530] {subprocess.py:106} INFO - 26/01/29 20:03:54 INFO DAGScheduler: Submitting 1 missing tasks from ResultStage 51 (MapPartitionsRDD[187] at count at NativeMethodAccessorImpl.java:0) (first 15 tasks are for partitions Vector(0))
[2026-01-29T20:03:54.541+0530] {subprocess.py:106} INFO - 26/01/29 20:03:54 INFO TaskSchedulerImpl: Adding task set 51.0 with 1 tasks resource profile 0
[2026-01-29T20:03:54.541+0530] {subprocess.py:106} INFO - 26/01/29 20:03:54 INFO TaskSetManager: Starting task 0.0 in stage 51.0 (TID 68) (Aishwarya92848DBDA, executor driver, partition 0, NODE_LOCAL, 7615 bytes)
[2026-01-29T20:03:54.542+0530] {subprocess.py:106} INFO - 26/01/29 20:03:54 INFO Executor: Running task 0.0 in stage 51.0 (TID 68)
[2026-01-29T20:03:54.544+0530] {subprocess.py:106} INFO - 26/01/29 20:03:54 INFO ShuffleBlockFetcherIterator: Getting 2 (120.0 B) non-empty blocks including 2 (120.0 B) local and 0 (0.0 B) host-local and 0 (0.0 B) push-merged-local and 0 (0.0 B) remote blocks
[2026-01-29T20:03:54.544+0530] {subprocess.py:106} INFO - 26/01/29 20:03:54 INFO ShuffleBlockFetcherIterator: Started 0 remote fetches in 0 ms
[2026-01-29T20:03:54.546+0530] {subprocess.py:106} INFO - 26/01/29 20:03:54 INFO Executor: Finished task 0.0 in stage 51.0 (TID 68). 3988 bytes result sent to driver
[2026-01-29T20:03:54.546+0530] {subprocess.py:106} INFO - 26/01/29 20:03:54 INFO TaskSetManager: Finished task 0.0 in stage 51.0 (TID 68) in 5 ms on Aishwarya92848DBDA (executor driver) (1/1)
[2026-01-29T20:03:54.547+0530] {subprocess.py:106} INFO - 26/01/29 20:03:54 INFO TaskSchedulerImpl: Removed TaskSet 51.0, whose tasks have all completed, from pool
[2026-01-29T20:03:54.547+0530] {subprocess.py:106} INFO - 26/01/29 20:03:54 INFO DAGScheduler: ResultStage 51 (count at NativeMethodAccessorImpl.java:0) finished in 0.010 s
[2026-01-29T20:03:54.547+0530] {subprocess.py:106} INFO - 26/01/29 20:03:54 INFO DAGScheduler: Job 40 is finished. Cancelling potential speculative or zombie tasks for this job
[2026-01-29T20:03:54.547+0530] {subprocess.py:106} INFO - 26/01/29 20:03:54 INFO TaskSchedulerImpl: Killing all running tasks in stage 51: Stage finished
[2026-01-29T20:03:54.547+0530] {subprocess.py:106} INFO - 26/01/29 20:03:54 INFO DAGScheduler: Job 40 finished: count at NativeMethodAccessorImpl.java:0, took 0.011804 s
[2026-01-29T20:03:54.548+0530] {subprocess.py:106} INFO - temperature_2m_max: Outliers after handling = 0
[2026-01-29T20:03:54.570+0530] {subprocess.py:106} INFO - 26/01/29 20:03:54 INFO FileSourceStrategy: Pushed Filters:
[2026-01-29T20:03:54.570+0530] {subprocess.py:106} INFO - 26/01/29 20:03:54 INFO FileSourceStrategy: Post-Scan Filters:
[2026-01-29T20:03:54.580+0530] {subprocess.py:106} INFO - 26/01/29 20:03:54 INFO CodeGenerator: Code generated in 6.983397 ms
[2026-01-29T20:03:54.582+0530] {subprocess.py:106} INFO - 26/01/29 20:03:54 INFO MemoryStore: Block broadcast_71 stored as values in memory (estimated size 350.2 KiB, free 365.1 MiB)
[2026-01-29T20:03:54.587+0530] {subprocess.py:106} INFO - 26/01/29 20:03:54 INFO MemoryStore: Block broadcast_71_piece0 stored as bytes in memory (estimated size 34.3 KiB, free 365.1 MiB)
[2026-01-29T20:03:54.588+0530] {subprocess.py:106} INFO - 26/01/29 20:03:54 INFO BlockManagerInfo: Added broadcast_71_piece0 in memory on Aishwarya92848DBDA:42547 (size: 34.3 KiB, free: 366.2 MiB)
[2026-01-29T20:03:54.588+0530] {subprocess.py:106} INFO - 26/01/29 20:03:54 INFO SparkContext: Created broadcast 71 from approxQuantile at <unknown>:0
[2026-01-29T20:03:54.590+0530] {subprocess.py:106} INFO - 26/01/29 20:03:54 INFO FileSourceScanExec: Planning scan with bin packing, max size: 4194304 bytes, open cost is considered as scanning 4194304 bytes.
[2026-01-29T20:03:54.601+0530] {subprocess.py:106} INFO - 26/01/29 20:03:54 INFO SparkContext: Starting job: approxQuantile at <unknown>:0
[2026-01-29T20:03:54.602+0530] {subprocess.py:106} INFO - 26/01/29 20:03:54 INFO DAGScheduler: Got job 41 (approxQuantile at <unknown>:0) with 2 output partitions
[2026-01-29T20:03:54.603+0530] {subprocess.py:106} INFO - 26/01/29 20:03:54 INFO DAGScheduler: Final stage: ResultStage 52 (approxQuantile at <unknown>:0)
[2026-01-29T20:03:54.603+0530] {subprocess.py:106} INFO - 26/01/29 20:03:54 INFO DAGScheduler: Parents of final stage: List()
[2026-01-29T20:03:54.603+0530] {subprocess.py:106} INFO - 26/01/29 20:03:54 INFO DAGScheduler: Missing parents: List()
[2026-01-29T20:03:54.604+0530] {subprocess.py:106} INFO - 26/01/29 20:03:54 INFO DAGScheduler: Submitting ResultStage 52 (MapPartitionsRDD[194] at approxQuantile at <unknown>:0), which has no missing parents
[2026-01-29T20:03:54.608+0530] {subprocess.py:106} INFO - 26/01/29 20:03:54 INFO MemoryStore: Block broadcast_72 stored as values in memory (estimated size 32.8 KiB, free 365.0 MiB)
[2026-01-29T20:03:54.609+0530] {subprocess.py:106} INFO - 26/01/29 20:03:54 INFO MemoryStore: Block broadcast_72_piece0 stored as bytes in memory (estimated size 15.2 KiB, free 365.0 MiB)
[2026-01-29T20:03:54.610+0530] {subprocess.py:106} INFO - 26/01/29 20:03:54 INFO BlockManagerInfo: Added broadcast_72_piece0 in memory on Aishwarya92848DBDA:42547 (size: 15.2 KiB, free: 366.2 MiB)
[2026-01-29T20:03:54.610+0530] {subprocess.py:106} INFO - 26/01/29 20:03:54 INFO SparkContext: Created broadcast 72 from broadcast at DAGScheduler.scala:1585
[2026-01-29T20:03:54.610+0530] {subprocess.py:106} INFO - 26/01/29 20:03:54 INFO DAGScheduler: Submitting 2 missing tasks from ResultStage 52 (MapPartitionsRDD[194] at approxQuantile at <unknown>:0) (first 15 tasks are for partitions Vector(0, 1))
[2026-01-29T20:03:54.610+0530] {subprocess.py:106} INFO - 26/01/29 20:03:54 INFO TaskSchedulerImpl: Adding task set 52.0 with 2 tasks resource profile 0
[2026-01-29T20:03:54.611+0530] {subprocess.py:106} INFO - 26/01/29 20:03:54 INFO TaskSetManager: Starting task 0.0 in stage 52.0 (TID 69) (Aishwarya92848DBDA, executor driver, partition 0, NODE_LOCAL, 8241 bytes)
[2026-01-29T20:03:54.612+0530] {subprocess.py:106} INFO - 26/01/29 20:03:54 INFO TaskSetManager: Starting task 1.0 in stage 52.0 (TID 70) (Aishwarya92848DBDA, executor driver, partition 1, NODE_LOCAL, 8241 bytes)
[2026-01-29T20:03:54.612+0530] {subprocess.py:106} INFO - 26/01/29 20:03:54 INFO Executor: Running task 0.0 in stage 52.0 (TID 69)
[2026-01-29T20:03:54.612+0530] {subprocess.py:106} INFO - 26/01/29 20:03:54 INFO Executor: Running task 1.0 in stage 52.0 (TID 70)
[2026-01-29T20:03:54.623+0530] {subprocess.py:106} INFO - 26/01/29 20:03:54 INFO CodeGenerator: Code generated in 7.815875 ms
[2026-01-29T20:03:54.625+0530] {subprocess.py:106} INFO - 26/01/29 20:03:54 INFO FileScanRDD: Reading File path: hdfs://localhost:9000/weather/data/raw_data/weather_dataset.csv, range: 4194304-5651348, partition values: [empty row]
[2026-01-29T20:03:54.626+0530] {subprocess.py:106} INFO - 26/01/29 20:03:54 INFO FileScanRDD: Reading File path: hdfs://localhost:9000/weather/data/raw_data/weather_dataset.csv, range: 0-4194304, partition values: [empty row]
[2026-01-29T20:03:54.670+0530] {subprocess.py:106} INFO - 26/01/29 20:03:54 INFO BlockManagerInfo: Removed broadcast_68_piece0 on Aishwarya92848DBDA:42547 in memory (size: 34.3 KiB, free: 366.2 MiB)
[2026-01-29T20:03:54.671+0530] {subprocess.py:106} INFO - 26/01/29 20:03:54 INFO BlockManagerInfo: Removed broadcast_70_piece0 on Aishwarya92848DBDA:42547 in memory (size: 5.9 KiB, free: 366.2 MiB)
[2026-01-29T20:03:54.673+0530] {subprocess.py:106} INFO - 26/01/29 20:03:54 INFO BlockManagerInfo: Removed broadcast_66_piece0 on Aishwarya92848DBDA:42547 in memory (size: 34.3 KiB, free: 366.2 MiB)
[2026-01-29T20:03:54.674+0530] {subprocess.py:106} INFO - 26/01/29 20:03:54 INFO BlockManagerInfo: Removed broadcast_67_piece0 on Aishwarya92848DBDA:42547 in memory (size: 15.2 KiB, free: 366.2 MiB)
[2026-01-29T20:03:54.675+0530] {subprocess.py:106} INFO - 26/01/29 20:03:54 INFO BlockManagerInfo: Removed broadcast_69_piece0 on Aishwarya92848DBDA:42547 in memory (size: 10.0 KiB, free: 366.3 MiB)
[2026-01-29T20:03:54.688+0530] {subprocess.py:106} INFO - 26/01/29 20:03:54 INFO Executor: Finished task 1.0 in stage 52.0 (TID 70). 8324 bytes result sent to driver
[2026-01-29T20:03:54.689+0530] {subprocess.py:106} INFO - 26/01/29 20:03:54 INFO TaskSetManager: Finished task 1.0 in stage 52.0 (TID 70) in 78 ms on Aishwarya92848DBDA (executor driver) (1/2)
[2026-01-29T20:03:54.749+0530] {subprocess.py:106} INFO - 26/01/29 20:03:54 INFO Executor: Finished task 0.0 in stage 52.0 (TID 69). 6184 bytes result sent to driver
[2026-01-29T20:03:54.750+0530] {subprocess.py:106} INFO - 26/01/29 20:03:54 INFO TaskSetManager: Finished task 0.0 in stage 52.0 (TID 69) in 139 ms on Aishwarya92848DBDA (executor driver) (2/2)
[2026-01-29T20:03:54.750+0530] {subprocess.py:106} INFO - 26/01/29 20:03:54 INFO TaskSchedulerImpl: Removed TaskSet 52.0, whose tasks have all completed, from pool
[2026-01-29T20:03:54.751+0530] {subprocess.py:106} INFO - 26/01/29 20:03:54 INFO DAGScheduler: ResultStage 52 (approxQuantile at <unknown>:0) finished in 0.147 s
[2026-01-29T20:03:54.751+0530] {subprocess.py:106} INFO - 26/01/29 20:03:54 INFO DAGScheduler: Job 41 is finished. Cancelling potential speculative or zombie tasks for this job
[2026-01-29T20:03:54.751+0530] {subprocess.py:106} INFO - 26/01/29 20:03:54 INFO TaskSchedulerImpl: Killing all running tasks in stage 52: Stage finished
[2026-01-29T20:03:54.751+0530] {subprocess.py:106} INFO - 26/01/29 20:03:54 INFO DAGScheduler: Job 41 finished: approxQuantile at <unknown>:0, took 0.150648 s
[2026-01-29T20:03:54.814+0530] {subprocess.py:106} INFO - 26/01/29 20:03:54 INFO FileSourceStrategy: Pushed Filters:
[2026-01-29T20:03:54.814+0530] {subprocess.py:106} INFO - 26/01/29 20:03:54 INFO FileSourceStrategy: Post-Scan Filters: (CASE WHEN (temperature_2m_min#20 < 7.3000000000000025) THEN false WHEN (temperature_2m_min#20 > 36.1) THEN false ELSE (temperature_2m_min#20 < 7.3000000000000025) END OR CASE WHEN (temperature_2m_min#20 < 7.3000000000000025) THEN false WHEN (temperature_2m_min#20 > 36.1) THEN false ELSE (temperature_2m_min#20 > 36.1) END)
[2026-01-29T20:03:54.833+0530] {subprocess.py:106} INFO - 26/01/29 20:03:54 INFO CodeGenerator: Code generated in 8.775306 ms
[2026-01-29T20:03:54.835+0530] {subprocess.py:106} INFO - 26/01/29 20:03:54 INFO MemoryStore: Block broadcast_73 stored as values in memory (estimated size 350.2 KiB, free 365.5 MiB)
[2026-01-29T20:03:54.841+0530] {subprocess.py:106} INFO - 26/01/29 20:03:54 INFO MemoryStore: Block broadcast_73_piece0 stored as bytes in memory (estimated size 34.3 KiB, free 365.5 MiB)
[2026-01-29T20:03:54.841+0530] {subprocess.py:106} INFO - 26/01/29 20:03:54 INFO BlockManagerInfo: Added broadcast_73_piece0 in memory on Aishwarya92848DBDA:42547 (size: 34.3 KiB, free: 366.2 MiB)
[2026-01-29T20:03:54.842+0530] {subprocess.py:106} INFO - 26/01/29 20:03:54 INFO SparkContext: Created broadcast 73 from count at NativeMethodAccessorImpl.java:0
[2026-01-29T20:03:54.843+0530] {subprocess.py:106} INFO - 26/01/29 20:03:54 INFO FileSourceScanExec: Planning scan with bin packing, max size: 4194304 bytes, open cost is considered as scanning 4194304 bytes.
[2026-01-29T20:03:54.846+0530] {subprocess.py:106} INFO - 26/01/29 20:03:54 INFO DAGScheduler: Registering RDD 198 (count at NativeMethodAccessorImpl.java:0) as input to shuffle 11
[2026-01-29T20:03:54.846+0530] {subprocess.py:106} INFO - 26/01/29 20:03:54 INFO DAGScheduler: Got map stage job 42 (count at NativeMethodAccessorImpl.java:0) with 2 output partitions
[2026-01-29T20:03:54.846+0530] {subprocess.py:106} INFO - 26/01/29 20:03:54 INFO DAGScheduler: Final stage: ShuffleMapStage 53 (count at NativeMethodAccessorImpl.java:0)
[2026-01-29T20:03:54.847+0530] {subprocess.py:106} INFO - 26/01/29 20:03:54 INFO DAGScheduler: Parents of final stage: List()
[2026-01-29T20:03:54.847+0530] {subprocess.py:106} INFO - 26/01/29 20:03:54 INFO DAGScheduler: Missing parents: List()
[2026-01-29T20:03:54.847+0530] {subprocess.py:106} INFO - 26/01/29 20:03:54 INFO DAGScheduler: Submitting ShuffleMapStage 53 (MapPartitionsRDD[198] at count at NativeMethodAccessorImpl.java:0), which has no missing parents
[2026-01-29T20:03:54.848+0530] {subprocess.py:106} INFO - 26/01/29 20:03:54 INFO MemoryStore: Block broadcast_74 stored as values in memory (estimated size 22.1 KiB, free 365.5 MiB)
[2026-01-29T20:03:54.849+0530] {subprocess.py:106} INFO - 26/01/29 20:03:54 INFO MemoryStore: Block broadcast_74_piece0 stored as bytes in memory (estimated size 10.0 KiB, free 365.5 MiB)
[2026-01-29T20:03:54.850+0530] {subprocess.py:106} INFO - 26/01/29 20:03:54 INFO BlockManagerInfo: Added broadcast_74_piece0 in memory on Aishwarya92848DBDA:42547 (size: 10.0 KiB, free: 366.2 MiB)
[2026-01-29T20:03:54.850+0530] {subprocess.py:106} INFO - 26/01/29 20:03:54 INFO SparkContext: Created broadcast 74 from broadcast at DAGScheduler.scala:1585
[2026-01-29T20:03:54.850+0530] {subprocess.py:106} INFO - 26/01/29 20:03:54 INFO DAGScheduler: Submitting 2 missing tasks from ShuffleMapStage 53 (MapPartitionsRDD[198] at count at NativeMethodAccessorImpl.java:0) (first 15 tasks are for partitions Vector(0, 1))
[2026-01-29T20:03:54.850+0530] {subprocess.py:106} INFO - 26/01/29 20:03:54 INFO TaskSchedulerImpl: Adding task set 53.0 with 2 tasks resource profile 0
[2026-01-29T20:03:54.851+0530] {subprocess.py:106} INFO - 26/01/29 20:03:54 INFO TaskSetManager: Starting task 0.0 in stage 53.0 (TID 71) (Aishwarya92848DBDA, executor driver, partition 0, NODE_LOCAL, 8230 bytes)
[2026-01-29T20:03:54.851+0530] {subprocess.py:106} INFO - 26/01/29 20:03:54 INFO TaskSetManager: Starting task 1.0 in stage 53.0 (TID 72) (Aishwarya92848DBDA, executor driver, partition 1, NODE_LOCAL, 8230 bytes)
[2026-01-29T20:03:54.852+0530] {subprocess.py:106} INFO - 26/01/29 20:03:54 INFO Executor: Running task 0.0 in stage 53.0 (TID 71)
[2026-01-29T20:03:54.852+0530] {subprocess.py:106} INFO - 26/01/29 20:03:54 INFO Executor: Running task 1.0 in stage 53.0 (TID 72)
[2026-01-29T20:03:54.865+0530] {subprocess.py:106} INFO - 26/01/29 20:03:54 INFO CodeGenerator: Code generated in 10.806452 ms
[2026-01-29T20:03:54.867+0530] {subprocess.py:106} INFO - 26/01/29 20:03:54 INFO FileScanRDD: Reading File path: hdfs://localhost:9000/weather/data/raw_data/weather_dataset.csv, range: 0-4194304, partition values: [empty row]
[2026-01-29T20:03:54.867+0530] {subprocess.py:106} INFO - 26/01/29 20:03:54 INFO FileScanRDD: Reading File path: hdfs://localhost:9000/weather/data/raw_data/weather_dataset.csv, range: 4194304-5651348, partition values: [empty row]
[2026-01-29T20:03:54.940+0530] {subprocess.py:106} INFO - 26/01/29 20:03:54 INFO Executor: Finished task 1.0 in stage 53.0 (TID 72). 1990 bytes result sent to driver
[2026-01-29T20:03:54.941+0530] {subprocess.py:106} INFO - 26/01/29 20:03:54 INFO TaskSetManager: Finished task 1.0 in stage 53.0 (TID 72) in 90 ms on Aishwarya92848DBDA (executor driver) (1/2)
[2026-01-29T20:03:55.003+0530] {subprocess.py:106} INFO - 26/01/29 20:03:55 INFO Executor: Finished task 0.0 in stage 53.0 (TID 71). 1990 bytes result sent to driver
[2026-01-29T20:03:55.004+0530] {subprocess.py:106} INFO - 26/01/29 20:03:55 INFO TaskSetManager: Finished task 0.0 in stage 53.0 (TID 71) in 153 ms on Aishwarya92848DBDA (executor driver) (2/2)
[2026-01-29T20:03:55.005+0530] {subprocess.py:106} INFO - 26/01/29 20:03:55 INFO TaskSchedulerImpl: Removed TaskSet 53.0, whose tasks have all completed, from pool
[2026-01-29T20:03:55.005+0530] {subprocess.py:106} INFO - 26/01/29 20:03:55 INFO DAGScheduler: ShuffleMapStage 53 (count at NativeMethodAccessorImpl.java:0) finished in 0.157 s
[2026-01-29T20:03:55.005+0530] {subprocess.py:106} INFO - 26/01/29 20:03:55 INFO DAGScheduler: looking for newly runnable stages
[2026-01-29T20:03:55.005+0530] {subprocess.py:106} INFO - 26/01/29 20:03:55 INFO DAGScheduler: running: Set()
[2026-01-29T20:03:55.005+0530] {subprocess.py:106} INFO - 26/01/29 20:03:55 INFO DAGScheduler: waiting: Set()
[2026-01-29T20:03:55.006+0530] {subprocess.py:106} INFO - 26/01/29 20:03:55 INFO DAGScheduler: failed: Set()
[2026-01-29T20:03:55.017+0530] {subprocess.py:106} INFO - 26/01/29 20:03:55 INFO SparkContext: Starting job: count at NativeMethodAccessorImpl.java:0
[2026-01-29T20:03:55.018+0530] {subprocess.py:106} INFO - 26/01/29 20:03:55 INFO DAGScheduler: Got job 43 (count at NativeMethodAccessorImpl.java:0) with 1 output partitions
[2026-01-29T20:03:55.018+0530] {subprocess.py:106} INFO - 26/01/29 20:03:55 INFO DAGScheduler: Final stage: ResultStage 55 (count at NativeMethodAccessorImpl.java:0)
[2026-01-29T20:03:55.019+0530] {subprocess.py:106} INFO - 26/01/29 20:03:55 INFO DAGScheduler: Parents of final stage: List(ShuffleMapStage 54)
[2026-01-29T20:03:55.019+0530] {subprocess.py:106} INFO - 26/01/29 20:03:55 INFO DAGScheduler: Missing parents: List()
[2026-01-29T20:03:55.019+0530] {subprocess.py:106} INFO - 26/01/29 20:03:55 INFO DAGScheduler: Submitting ResultStage 55 (MapPartitionsRDD[201] at count at NativeMethodAccessorImpl.java:0), which has no missing parents
[2026-01-29T20:03:55.020+0530] {subprocess.py:106} INFO - 26/01/29 20:03:55 INFO MemoryStore: Block broadcast_75 stored as values in memory (estimated size 12.5 KiB, free 365.5 MiB)
[2026-01-29T20:03:55.021+0530] {subprocess.py:106} INFO - 26/01/29 20:03:55 INFO MemoryStore: Block broadcast_75_piece0 stored as bytes in memory (estimated size 5.9 KiB, free 365.5 MiB)
[2026-01-29T20:03:55.022+0530] {subprocess.py:106} INFO - 26/01/29 20:03:55 INFO BlockManagerInfo: Added broadcast_75_piece0 in memory on Aishwarya92848DBDA:42547 (size: 5.9 KiB, free: 366.2 MiB)
[2026-01-29T20:03:55.022+0530] {subprocess.py:106} INFO - 26/01/29 20:03:55 INFO SparkContext: Created broadcast 75 from broadcast at DAGScheduler.scala:1585
[2026-01-29T20:03:55.023+0530] {subprocess.py:106} INFO - 26/01/29 20:03:55 INFO DAGScheduler: Submitting 1 missing tasks from ResultStage 55 (MapPartitionsRDD[201] at count at NativeMethodAccessorImpl.java:0) (first 15 tasks are for partitions Vector(0))
[2026-01-29T20:03:55.023+0530] {subprocess.py:106} INFO - 26/01/29 20:03:55 INFO TaskSchedulerImpl: Adding task set 55.0 with 1 tasks resource profile 0
[2026-01-29T20:03:55.024+0530] {subprocess.py:106} INFO - 26/01/29 20:03:55 INFO TaskSetManager: Starting task 0.0 in stage 55.0 (TID 73) (Aishwarya92848DBDA, executor driver, partition 0, NODE_LOCAL, 7615 bytes)
[2026-01-29T20:03:55.024+0530] {subprocess.py:106} INFO - 26/01/29 20:03:55 INFO Executor: Running task 0.0 in stage 55.0 (TID 73)
[2026-01-29T20:03:55.026+0530] {subprocess.py:106} INFO - 26/01/29 20:03:55 INFO ShuffleBlockFetcherIterator: Getting 2 (120.0 B) non-empty blocks including 2 (120.0 B) local and 0 (0.0 B) host-local and 0 (0.0 B) push-merged-local and 0 (0.0 B) remote blocks
[2026-01-29T20:03:55.027+0530] {subprocess.py:106} INFO - 26/01/29 20:03:55 INFO ShuffleBlockFetcherIterator: Started 0 remote fetches in 0 ms
[2026-01-29T20:03:55.028+0530] {subprocess.py:106} INFO - 26/01/29 20:03:55 INFO Executor: Finished task 0.0 in stage 55.0 (TID 73). 3988 bytes result sent to driver
[2026-01-29T20:03:55.029+0530] {subprocess.py:106} INFO - 26/01/29 20:03:55 INFO TaskSetManager: Finished task 0.0 in stage 55.0 (TID 73) in 5 ms on Aishwarya92848DBDA (executor driver) (1/1)
[2026-01-29T20:03:55.029+0530] {subprocess.py:106} INFO - 26/01/29 20:03:55 INFO TaskSchedulerImpl: Removed TaskSet 55.0, whose tasks have all completed, from pool
[2026-01-29T20:03:55.030+0530] {subprocess.py:106} INFO - 26/01/29 20:03:55 INFO DAGScheduler: ResultStage 55 (count at NativeMethodAccessorImpl.java:0) finished in 0.010 s
[2026-01-29T20:03:55.030+0530] {subprocess.py:106} INFO - 26/01/29 20:03:55 INFO DAGScheduler: Job 43 is finished. Cancelling potential speculative or zombie tasks for this job
[2026-01-29T20:03:55.030+0530] {subprocess.py:106} INFO - 26/01/29 20:03:55 INFO TaskSchedulerImpl: Killing all running tasks in stage 55: Stage finished
[2026-01-29T20:03:55.031+0530] {subprocess.py:106} INFO - 26/01/29 20:03:55 INFO DAGScheduler: Job 43 finished: count at NativeMethodAccessorImpl.java:0, took 0.013019 s
[2026-01-29T20:03:55.031+0530] {subprocess.py:106} INFO - temperature_2m_min: Outliers after handling = 0
[2026-01-29T20:03:55.054+0530] {subprocess.py:106} INFO - 26/01/29 20:03:55 INFO FileSourceStrategy: Pushed Filters:
[2026-01-29T20:03:55.055+0530] {subprocess.py:106} INFO - 26/01/29 20:03:55 INFO FileSourceStrategy: Post-Scan Filters:
[2026-01-29T20:03:55.066+0530] {subprocess.py:106} INFO - 26/01/29 20:03:55 INFO CodeGenerator: Code generated in 7.922699 ms
[2026-01-29T20:03:55.068+0530] {subprocess.py:106} INFO - 26/01/29 20:03:55 INFO MemoryStore: Block broadcast_76 stored as values in memory (estimated size 350.2 KiB, free 365.1 MiB)
[2026-01-29T20:03:55.075+0530] {subprocess.py:106} INFO - 26/01/29 20:03:55 INFO MemoryStore: Block broadcast_76_piece0 stored as bytes in memory (estimated size 34.3 KiB, free 365.1 MiB)
[2026-01-29T20:03:55.075+0530] {subprocess.py:106} INFO - 26/01/29 20:03:55 INFO BlockManagerInfo: Added broadcast_76_piece0 in memory on Aishwarya92848DBDA:42547 (size: 34.3 KiB, free: 366.2 MiB)
[2026-01-29T20:03:55.076+0530] {subprocess.py:106} INFO - 26/01/29 20:03:55 INFO SparkContext: Created broadcast 76 from approxQuantile at <unknown>:0
[2026-01-29T20:03:55.076+0530] {subprocess.py:106} INFO - 26/01/29 20:03:55 INFO FileSourceScanExec: Planning scan with bin packing, max size: 4194304 bytes, open cost is considered as scanning 4194304 bytes.
[2026-01-29T20:03:55.088+0530] {subprocess.py:106} INFO - 26/01/29 20:03:55 INFO SparkContext: Starting job: approxQuantile at <unknown>:0
[2026-01-29T20:03:55.089+0530] {subprocess.py:106} INFO - 26/01/29 20:03:55 INFO DAGScheduler: Got job 44 (approxQuantile at <unknown>:0) with 2 output partitions
[2026-01-29T20:03:55.089+0530] {subprocess.py:106} INFO - 26/01/29 20:03:55 INFO DAGScheduler: Final stage: ResultStage 56 (approxQuantile at <unknown>:0)
[2026-01-29T20:03:55.089+0530] {subprocess.py:106} INFO - 26/01/29 20:03:55 INFO DAGScheduler: Parents of final stage: List()
[2026-01-29T20:03:55.089+0530] {subprocess.py:106} INFO - 26/01/29 20:03:55 INFO DAGScheduler: Missing parents: List()
[2026-01-29T20:03:55.089+0530] {subprocess.py:106} INFO - 26/01/29 20:03:55 INFO DAGScheduler: Submitting ResultStage 56 (MapPartitionsRDD[208] at approxQuantile at <unknown>:0), which has no missing parents
[2026-01-29T20:03:55.097+0530] {subprocess.py:106} INFO - 26/01/29 20:03:55 INFO MemoryStore: Block broadcast_77 stored as values in memory (estimated size 32.8 KiB, free 365.0 MiB)
[2026-01-29T20:03:55.098+0530] {subprocess.py:106} INFO - 26/01/29 20:03:55 INFO MemoryStore: Block broadcast_77_piece0 stored as bytes in memory (estimated size 15.2 KiB, free 365.0 MiB)
[2026-01-29T20:03:55.099+0530] {subprocess.py:106} INFO - 26/01/29 20:03:55 INFO BlockManagerInfo: Added broadcast_77_piece0 in memory on Aishwarya92848DBDA:42547 (size: 15.2 KiB, free: 366.2 MiB)
[2026-01-29T20:03:55.099+0530] {subprocess.py:106} INFO - 26/01/29 20:03:55 INFO SparkContext: Created broadcast 77 from broadcast at DAGScheduler.scala:1585
[2026-01-29T20:03:55.099+0530] {subprocess.py:106} INFO - 26/01/29 20:03:55 INFO DAGScheduler: Submitting 2 missing tasks from ResultStage 56 (MapPartitionsRDD[208] at approxQuantile at <unknown>:0) (first 15 tasks are for partitions Vector(0, 1))
[2026-01-29T20:03:55.099+0530] {subprocess.py:106} INFO - 26/01/29 20:03:55 INFO TaskSchedulerImpl: Adding task set 56.0 with 2 tasks resource profile 0
[2026-01-29T20:03:55.100+0530] {subprocess.py:106} INFO - 26/01/29 20:03:55 INFO TaskSetManager: Starting task 0.0 in stage 56.0 (TID 74) (Aishwarya92848DBDA, executor driver, partition 0, NODE_LOCAL, 8241 bytes)
[2026-01-29T20:03:55.101+0530] {subprocess.py:106} INFO - 26/01/29 20:03:55 INFO TaskSetManager: Starting task 1.0 in stage 56.0 (TID 75) (Aishwarya92848DBDA, executor driver, partition 1, NODE_LOCAL, 8241 bytes)
[2026-01-29T20:03:55.101+0530] {subprocess.py:106} INFO - 26/01/29 20:03:55 INFO Executor: Running task 1.0 in stage 56.0 (TID 75)
[2026-01-29T20:03:55.101+0530] {subprocess.py:106} INFO - 26/01/29 20:03:55 INFO Executor: Running task 0.0 in stage 56.0 (TID 74)
[2026-01-29T20:03:55.113+0530] {subprocess.py:106} INFO - 26/01/29 20:03:55 INFO CodeGenerator: Code generated in 8.008122 ms
[2026-01-29T20:03:55.115+0530] {subprocess.py:106} INFO - 26/01/29 20:03:55 INFO FileScanRDD: Reading File path: hdfs://localhost:9000/weather/data/raw_data/weather_dataset.csv, range: 0-4194304, partition values: [empty row]
[2026-01-29T20:03:55.116+0530] {subprocess.py:106} INFO - 26/01/29 20:03:55 INFO FileScanRDD: Reading File path: hdfs://localhost:9000/weather/data/raw_data/weather_dataset.csv, range: 4194304-5651348, partition values: [empty row]
[2026-01-29T20:03:55.149+0530] {subprocess.py:106} INFO - 26/01/29 20:03:55 INFO BlockManagerInfo: Removed broadcast_71_piece0 on Aishwarya92848DBDA:42547 in memory (size: 34.3 KiB, free: 366.2 MiB)
[2026-01-29T20:03:55.150+0530] {subprocess.py:106} INFO - 26/01/29 20:03:55 INFO BlockManagerInfo: Removed broadcast_73_piece0 on Aishwarya92848DBDA:42547 in memory (size: 34.3 KiB, free: 366.2 MiB)
[2026-01-29T20:03:55.152+0530] {subprocess.py:106} INFO - 26/01/29 20:03:55 INFO BlockManagerInfo: Removed broadcast_74_piece0 on Aishwarya92848DBDA:42547 in memory (size: 10.0 KiB, free: 366.2 MiB)
[2026-01-29T20:03:55.153+0530] {subprocess.py:106} INFO - 26/01/29 20:03:55 INFO BlockManagerInfo: Removed broadcast_75_piece0 on Aishwarya92848DBDA:42547 in memory (size: 5.9 KiB, free: 366.2 MiB)
[2026-01-29T20:03:55.154+0530] {subprocess.py:106} INFO - 26/01/29 20:03:55 INFO BlockManagerInfo: Removed broadcast_72_piece0 on Aishwarya92848DBDA:42547 in memory (size: 15.2 KiB, free: 366.3 MiB)
[2026-01-29T20:03:55.183+0530] {subprocess.py:106} INFO - 26/01/29 20:03:55 INFO Executor: Finished task 1.0 in stage 56.0 (TID 75). 8324 bytes result sent to driver
[2026-01-29T20:03:55.184+0530] {subprocess.py:106} INFO - 26/01/29 20:03:55 INFO TaskSetManager: Finished task 1.0 in stage 56.0 (TID 75) in 84 ms on Aishwarya92848DBDA (executor driver) (1/2)
[2026-01-29T20:03:55.252+0530] {subprocess.py:106} INFO - 26/01/29 20:03:55 INFO Executor: Finished task 0.0 in stage 56.0 (TID 74). 5761 bytes result sent to driver
[2026-01-29T20:03:55.253+0530] {subprocess.py:106} INFO - 26/01/29 20:03:55 INFO TaskSetManager: Finished task 0.0 in stage 56.0 (TID 74) in 153 ms on Aishwarya92848DBDA (executor driver) (2/2)
[2026-01-29T20:03:55.254+0530] {subprocess.py:106} INFO - 26/01/29 20:03:55 INFO TaskSchedulerImpl: Removed TaskSet 56.0, whose tasks have all completed, from pool
[2026-01-29T20:03:55.254+0530] {subprocess.py:106} INFO - 26/01/29 20:03:55 INFO DAGScheduler: ResultStage 56 (approxQuantile at <unknown>:0) finished in 0.163 s
[2026-01-29T20:03:55.254+0530] {subprocess.py:106} INFO - 26/01/29 20:03:55 INFO DAGScheduler: Job 44 is finished. Cancelling potential speculative or zombie tasks for this job
[2026-01-29T20:03:55.254+0530] {subprocess.py:106} INFO - 26/01/29 20:03:55 INFO TaskSchedulerImpl: Killing all running tasks in stage 56: Stage finished
[2026-01-29T20:03:55.255+0530] {subprocess.py:106} INFO - 26/01/29 20:03:55 INFO DAGScheduler: Job 44 finished: approxQuantile at <unknown>:0, took 0.166506 s
[2026-01-29T20:03:55.320+0530] {subprocess.py:106} INFO - 26/01/29 20:03:55 INFO FileSourceStrategy: Pushed Filters:
[2026-01-29T20:03:55.321+0530] {subprocess.py:106} INFO - 26/01/29 20:03:55 INFO FileSourceStrategy: Post-Scan Filters: (CASE WHEN (apparent_temperature_max#21 < 17.0) THEN false WHEN (apparent_temperature_max#21 > 49.8) THEN false ELSE (apparent_temperature_max#21 < 17.0) END OR CASE WHEN (apparent_temperature_max#21 < 17.0) THEN false WHEN (apparent_temperature_max#21 > 49.8) THEN false ELSE (apparent_temperature_max#21 > 49.8) END)
[2026-01-29T20:03:55.342+0530] {subprocess.py:106} INFO - 26/01/29 20:03:55 INFO CodeGenerator: Code generated in 10.163325 ms
[2026-01-29T20:03:55.344+0530] {subprocess.py:106} INFO - 26/01/29 20:03:55 INFO MemoryStore: Block broadcast_78 stored as values in memory (estimated size 350.2 KiB, free 365.5 MiB)
[2026-01-29T20:03:55.350+0530] {subprocess.py:106} INFO - 26/01/29 20:03:55 INFO MemoryStore: Block broadcast_78_piece0 stored as bytes in memory (estimated size 34.3 KiB, free 365.5 MiB)
[2026-01-29T20:03:55.351+0530] {subprocess.py:106} INFO - 26/01/29 20:03:55 INFO BlockManagerInfo: Added broadcast_78_piece0 in memory on Aishwarya92848DBDA:42547 (size: 34.3 KiB, free: 366.2 MiB)
[2026-01-29T20:03:55.351+0530] {subprocess.py:106} INFO - 26/01/29 20:03:55 INFO SparkContext: Created broadcast 78 from count at NativeMethodAccessorImpl.java:0
[2026-01-29T20:03:55.352+0530] {subprocess.py:106} INFO - 26/01/29 20:03:55 INFO FileSourceScanExec: Planning scan with bin packing, max size: 4194304 bytes, open cost is considered as scanning 4194304 bytes.
[2026-01-29T20:03:55.356+0530] {subprocess.py:106} INFO - 26/01/29 20:03:55 INFO DAGScheduler: Registering RDD 212 (count at NativeMethodAccessorImpl.java:0) as input to shuffle 12
[2026-01-29T20:03:55.356+0530] {subprocess.py:106} INFO - 26/01/29 20:03:55 INFO DAGScheduler: Got map stage job 45 (count at NativeMethodAccessorImpl.java:0) with 2 output partitions
[2026-01-29T20:03:55.356+0530] {subprocess.py:106} INFO - 26/01/29 20:03:55 INFO DAGScheduler: Final stage: ShuffleMapStage 57 (count at NativeMethodAccessorImpl.java:0)
[2026-01-29T20:03:55.357+0530] {subprocess.py:106} INFO - 26/01/29 20:03:55 INFO DAGScheduler: Parents of final stage: List()
[2026-01-29T20:03:55.357+0530] {subprocess.py:106} INFO - 26/01/29 20:03:55 INFO DAGScheduler: Missing parents: List()
[2026-01-29T20:03:55.357+0530] {subprocess.py:106} INFO - 26/01/29 20:03:55 INFO DAGScheduler: Submitting ShuffleMapStage 57 (MapPartitionsRDD[212] at count at NativeMethodAccessorImpl.java:0), which has no missing parents
[2026-01-29T20:03:55.359+0530] {subprocess.py:106} INFO - 26/01/29 20:03:55 INFO MemoryStore: Block broadcast_79 stored as values in memory (estimated size 22.0 KiB, free 365.5 MiB)
[2026-01-29T20:03:55.360+0530] {subprocess.py:106} INFO - 26/01/29 20:03:55 INFO MemoryStore: Block broadcast_79_piece0 stored as bytes in memory (estimated size 10.0 KiB, free 365.5 MiB)
[2026-01-29T20:03:55.360+0530] {subprocess.py:106} INFO - 26/01/29 20:03:55 INFO BlockManagerInfo: Added broadcast_79_piece0 in memory on Aishwarya92848DBDA:42547 (size: 10.0 KiB, free: 366.2 MiB)
[2026-01-29T20:03:55.360+0530] {subprocess.py:106} INFO - 26/01/29 20:03:55 INFO SparkContext: Created broadcast 79 from broadcast at DAGScheduler.scala:1585
[2026-01-29T20:03:55.361+0530] {subprocess.py:106} INFO - 26/01/29 20:03:55 INFO DAGScheduler: Submitting 2 missing tasks from ShuffleMapStage 57 (MapPartitionsRDD[212] at count at NativeMethodAccessorImpl.java:0) (first 15 tasks are for partitions Vector(0, 1))
[2026-01-29T20:03:55.361+0530] {subprocess.py:106} INFO - 26/01/29 20:03:55 INFO TaskSchedulerImpl: Adding task set 57.0 with 2 tasks resource profile 0
[2026-01-29T20:03:55.362+0530] {subprocess.py:106} INFO - 26/01/29 20:03:55 INFO TaskSetManager: Starting task 0.0 in stage 57.0 (TID 76) (Aishwarya92848DBDA, executor driver, partition 0, NODE_LOCAL, 8230 bytes)
[2026-01-29T20:03:55.363+0530] {subprocess.py:106} INFO - 26/01/29 20:03:55 INFO TaskSetManager: Starting task 1.0 in stage 57.0 (TID 77) (Aishwarya92848DBDA, executor driver, partition 1, NODE_LOCAL, 8230 bytes)
[2026-01-29T20:03:55.363+0530] {subprocess.py:106} INFO - 26/01/29 20:03:55 INFO Executor: Running task 0.0 in stage 57.0 (TID 76)
[2026-01-29T20:03:55.364+0530] {subprocess.py:106} INFO - 26/01/29 20:03:55 INFO Executor: Running task 1.0 in stage 57.0 (TID 77)
[2026-01-29T20:03:55.380+0530] {subprocess.py:106} INFO - 26/01/29 20:03:55 INFO CodeGenerator: Code generated in 14.221308 ms
[2026-01-29T20:03:55.381+0530] {subprocess.py:106} INFO - 26/01/29 20:03:55 INFO FileScanRDD: Reading File path: hdfs://localhost:9000/weather/data/raw_data/weather_dataset.csv, range: 4194304-5651348, partition values: [empty row]
[2026-01-29T20:03:55.382+0530] {subprocess.py:106} INFO - 26/01/29 20:03:55 INFO FileScanRDD: Reading File path: hdfs://localhost:9000/weather/data/raw_data/weather_dataset.csv, range: 0-4194304, partition values: [empty row]
[2026-01-29T20:03:55.442+0530] {subprocess.py:106} INFO - 26/01/29 20:03:55 INFO Executor: Finished task 1.0 in stage 57.0 (TID 77). 1990 bytes result sent to driver
[2026-01-29T20:03:55.442+0530] {subprocess.py:106} INFO - 26/01/29 20:03:55 INFO TaskSetManager: Finished task 1.0 in stage 57.0 (TID 77) in 80 ms on Aishwarya92848DBDA (executor driver) (1/2)
[2026-01-29T20:03:55.514+0530] {subprocess.py:106} INFO - 26/01/29 20:03:55 INFO Executor: Finished task 0.0 in stage 57.0 (TID 76). 1990 bytes result sent to driver
[2026-01-29T20:03:55.515+0530] {subprocess.py:106} INFO - 26/01/29 20:03:55 INFO TaskSetManager: Finished task 0.0 in stage 57.0 (TID 76) in 153 ms on Aishwarya92848DBDA (executor driver) (2/2)
[2026-01-29T20:03:55.515+0530] {subprocess.py:106} INFO - 26/01/29 20:03:55 INFO TaskSchedulerImpl: Removed TaskSet 57.0, whose tasks have all completed, from pool
[2026-01-29T20:03:55.515+0530] {subprocess.py:106} INFO - 26/01/29 20:03:55 INFO DAGScheduler: ShuffleMapStage 57 (count at NativeMethodAccessorImpl.java:0) finished in 0.158 s
[2026-01-29T20:03:55.516+0530] {subprocess.py:106} INFO - 26/01/29 20:03:55 INFO DAGScheduler: looking for newly runnable stages
[2026-01-29T20:03:55.516+0530] {subprocess.py:106} INFO - 26/01/29 20:03:55 INFO DAGScheduler: running: Set()
[2026-01-29T20:03:55.516+0530] {subprocess.py:106} INFO - 26/01/29 20:03:55 INFO DAGScheduler: waiting: Set()
[2026-01-29T20:03:55.516+0530] {subprocess.py:106} INFO - 26/01/29 20:03:55 INFO DAGScheduler: failed: Set()
[2026-01-29T20:03:55.529+0530] {subprocess.py:106} INFO - 26/01/29 20:03:55 INFO SparkContext: Starting job: count at NativeMethodAccessorImpl.java:0
[2026-01-29T20:03:55.530+0530] {subprocess.py:106} INFO - 26/01/29 20:03:55 INFO DAGScheduler: Got job 46 (count at NativeMethodAccessorImpl.java:0) with 1 output partitions
[2026-01-29T20:03:55.530+0530] {subprocess.py:106} INFO - 26/01/29 20:03:55 INFO DAGScheduler: Final stage: ResultStage 59 (count at NativeMethodAccessorImpl.java:0)
[2026-01-29T20:03:55.531+0530] {subprocess.py:106} INFO - 26/01/29 20:03:55 INFO DAGScheduler: Parents of final stage: List(ShuffleMapStage 58)
[2026-01-29T20:03:55.531+0530] {subprocess.py:106} INFO - 26/01/29 20:03:55 INFO DAGScheduler: Missing parents: List()
[2026-01-29T20:03:55.532+0530] {subprocess.py:106} INFO - 26/01/29 20:03:55 INFO DAGScheduler: Submitting ResultStage 59 (MapPartitionsRDD[215] at count at NativeMethodAccessorImpl.java:0), which has no missing parents
[2026-01-29T20:03:55.532+0530] {subprocess.py:106} INFO - 26/01/29 20:03:55 INFO MemoryStore: Block broadcast_80 stored as values in memory (estimated size 12.5 KiB, free 365.5 MiB)
[2026-01-29T20:03:55.533+0530] {subprocess.py:106} INFO - 26/01/29 20:03:55 INFO MemoryStore: Block broadcast_80_piece0 stored as bytes in memory (estimated size 5.9 KiB, free 365.5 MiB)
[2026-01-29T20:03:55.534+0530] {subprocess.py:106} INFO - 26/01/29 20:03:55 INFO BlockManagerInfo: Added broadcast_80_piece0 in memory on Aishwarya92848DBDA:42547 (size: 5.9 KiB, free: 366.2 MiB)
[2026-01-29T20:03:55.534+0530] {subprocess.py:106} INFO - 26/01/29 20:03:55 INFO SparkContext: Created broadcast 80 from broadcast at DAGScheduler.scala:1585
[2026-01-29T20:03:55.535+0530] {subprocess.py:106} INFO - 26/01/29 20:03:55 INFO DAGScheduler: Submitting 1 missing tasks from ResultStage 59 (MapPartitionsRDD[215] at count at NativeMethodAccessorImpl.java:0) (first 15 tasks are for partitions Vector(0))
[2026-01-29T20:03:55.535+0530] {subprocess.py:106} INFO - 26/01/29 20:03:55 INFO TaskSchedulerImpl: Adding task set 59.0 with 1 tasks resource profile 0
[2026-01-29T20:03:55.536+0530] {subprocess.py:106} INFO - 26/01/29 20:03:55 INFO TaskSetManager: Starting task 0.0 in stage 59.0 (TID 78) (Aishwarya92848DBDA, executor driver, partition 0, NODE_LOCAL, 7615 bytes)
[2026-01-29T20:03:55.536+0530] {subprocess.py:106} INFO - 26/01/29 20:03:55 INFO Executor: Running task 0.0 in stage 59.0 (TID 78)
[2026-01-29T20:03:55.539+0530] {subprocess.py:106} INFO - 26/01/29 20:03:55 INFO ShuffleBlockFetcherIterator: Getting 2 (120.0 B) non-empty blocks including 2 (120.0 B) local and 0 (0.0 B) host-local and 0 (0.0 B) push-merged-local and 0 (0.0 B) remote blocks
[2026-01-29T20:03:55.539+0530] {subprocess.py:106} INFO - 26/01/29 20:03:55 INFO ShuffleBlockFetcherIterator: Started 0 remote fetches in 0 ms
[2026-01-29T20:03:55.541+0530] {subprocess.py:106} INFO - 26/01/29 20:03:55 INFO Executor: Finished task 0.0 in stage 59.0 (TID 78). 3988 bytes result sent to driver
[2026-01-29T20:03:55.542+0530] {subprocess.py:106} INFO - 26/01/29 20:03:55 INFO TaskSetManager: Finished task 0.0 in stage 59.0 (TID 78) in 6 ms on Aishwarya92848DBDA (executor driver) (1/1)
[2026-01-29T20:03:55.542+0530] {subprocess.py:106} INFO - 26/01/29 20:03:55 INFO TaskSchedulerImpl: Removed TaskSet 59.0, whose tasks have all completed, from pool
[2026-01-29T20:03:55.542+0530] {subprocess.py:106} INFO - 26/01/29 20:03:55 INFO DAGScheduler: ResultStage 59 (count at NativeMethodAccessorImpl.java:0) finished in 0.011 s
[2026-01-29T20:03:55.542+0530] {subprocess.py:106} INFO - 26/01/29 20:03:55 INFO DAGScheduler: Job 46 is finished. Cancelling potential speculative or zombie tasks for this job
[2026-01-29T20:03:55.542+0530] {subprocess.py:106} INFO - 26/01/29 20:03:55 INFO TaskSchedulerImpl: Killing all running tasks in stage 59: Stage finished
[2026-01-29T20:03:55.543+0530] {subprocess.py:106} INFO - 26/01/29 20:03:55 INFO DAGScheduler: Job 46 finished: count at NativeMethodAccessorImpl.java:0, took 0.013325 s
[2026-01-29T20:03:55.544+0530] {subprocess.py:106} INFO - apparent_temperature_max: Outliers after handling = 0
[2026-01-29T20:03:55.566+0530] {subprocess.py:106} INFO - 26/01/29 20:03:55 INFO FileSourceStrategy: Pushed Filters:
[2026-01-29T20:03:55.567+0530] {subprocess.py:106} INFO - 26/01/29 20:03:55 INFO FileSourceStrategy: Post-Scan Filters:
[2026-01-29T20:03:55.578+0530] {subprocess.py:106} INFO - 26/01/29 20:03:55 INFO CodeGenerator: Code generated in 7.660268 ms
[2026-01-29T20:03:55.579+0530] {subprocess.py:106} INFO - 26/01/29 20:03:55 INFO MemoryStore: Block broadcast_81 stored as values in memory (estimated size 350.2 KiB, free 365.1 MiB)
[2026-01-29T20:03:55.585+0530] {subprocess.py:106} INFO - 26/01/29 20:03:55 INFO MemoryStore: Block broadcast_81_piece0 stored as bytes in memory (estimated size 34.3 KiB, free 365.1 MiB)
[2026-01-29T20:03:55.586+0530] {subprocess.py:106} INFO - 26/01/29 20:03:55 INFO BlockManagerInfo: Added broadcast_81_piece0 in memory on Aishwarya92848DBDA:42547 (size: 34.3 KiB, free: 366.2 MiB)
[2026-01-29T20:03:55.586+0530] {subprocess.py:106} INFO - 26/01/29 20:03:55 INFO SparkContext: Created broadcast 81 from approxQuantile at <unknown>:0
[2026-01-29T20:03:55.587+0530] {subprocess.py:106} INFO - 26/01/29 20:03:55 INFO FileSourceScanExec: Planning scan with bin packing, max size: 4194304 bytes, open cost is considered as scanning 4194304 bytes.
[2026-01-29T20:03:55.597+0530] {subprocess.py:106} INFO - 26/01/29 20:03:55 INFO SparkContext: Starting job: approxQuantile at <unknown>:0
[2026-01-29T20:03:55.598+0530] {subprocess.py:106} INFO - 26/01/29 20:03:55 INFO DAGScheduler: Got job 47 (approxQuantile at <unknown>:0) with 2 output partitions
[2026-01-29T20:03:55.599+0530] {subprocess.py:106} INFO - 26/01/29 20:03:55 INFO DAGScheduler: Final stage: ResultStage 60 (approxQuantile at <unknown>:0)
[2026-01-29T20:03:55.599+0530] {subprocess.py:106} INFO - 26/01/29 20:03:55 INFO DAGScheduler: Parents of final stage: List()
[2026-01-29T20:03:55.599+0530] {subprocess.py:106} INFO - 26/01/29 20:03:55 INFO DAGScheduler: Missing parents: List()
[2026-01-29T20:03:55.600+0530] {subprocess.py:106} INFO - 26/01/29 20:03:55 INFO DAGScheduler: Submitting ResultStage 60 (MapPartitionsRDD[222] at approxQuantile at <unknown>:0), which has no missing parents
[2026-01-29T20:03:55.607+0530] {subprocess.py:106} INFO - 26/01/29 20:03:55 INFO MemoryStore: Block broadcast_82 stored as values in memory (estimated size 32.9 KiB, free 365.0 MiB)
[2026-01-29T20:03:55.608+0530] {subprocess.py:106} INFO - 26/01/29 20:03:55 INFO MemoryStore: Block broadcast_82_piece0 stored as bytes in memory (estimated size 15.2 KiB, free 365.0 MiB)
[2026-01-29T20:03:55.608+0530] {subprocess.py:106} INFO - 26/01/29 20:03:55 INFO BlockManagerInfo: Added broadcast_82_piece0 in memory on Aishwarya92848DBDA:42547 (size: 15.2 KiB, free: 366.2 MiB)
[2026-01-29T20:03:55.608+0530] {subprocess.py:106} INFO - 26/01/29 20:03:55 INFO SparkContext: Created broadcast 82 from broadcast at DAGScheduler.scala:1585
[2026-01-29T20:03:55.609+0530] {subprocess.py:106} INFO - 26/01/29 20:03:55 INFO DAGScheduler: Submitting 2 missing tasks from ResultStage 60 (MapPartitionsRDD[222] at approxQuantile at <unknown>:0) (first 15 tasks are for partitions Vector(0, 1))
[2026-01-29T20:03:55.609+0530] {subprocess.py:106} INFO - 26/01/29 20:03:55 INFO TaskSchedulerImpl: Adding task set 60.0 with 2 tasks resource profile 0
[2026-01-29T20:03:55.610+0530] {subprocess.py:106} INFO - 26/01/29 20:03:55 INFO TaskSetManager: Starting task 0.0 in stage 60.0 (TID 79) (Aishwarya92848DBDA, executor driver, partition 0, NODE_LOCAL, 8241 bytes)
[2026-01-29T20:03:55.611+0530] {subprocess.py:106} INFO - 26/01/29 20:03:55 INFO TaskSetManager: Starting task 1.0 in stage 60.0 (TID 80) (Aishwarya92848DBDA, executor driver, partition 1, NODE_LOCAL, 8241 bytes)
[2026-01-29T20:03:55.611+0530] {subprocess.py:106} INFO - 26/01/29 20:03:55 INFO Executor: Running task 1.0 in stage 60.0 (TID 80)
[2026-01-29T20:03:55.611+0530] {subprocess.py:106} INFO - 26/01/29 20:03:55 INFO Executor: Running task 0.0 in stage 60.0 (TID 79)
[2026-01-29T20:03:55.626+0530] {subprocess.py:106} INFO - 26/01/29 20:03:55 INFO BlockManagerInfo: Removed broadcast_78_piece0 on Aishwarya92848DBDA:42547 in memory (size: 34.3 KiB, free: 366.2 MiB)
[2026-01-29T20:03:55.627+0530] {subprocess.py:106} INFO - 26/01/29 20:03:55 INFO BlockManagerInfo: Removed broadcast_76_piece0 on Aishwarya92848DBDA:42547 in memory (size: 34.3 KiB, free: 366.2 MiB)
[2026-01-29T20:03:55.628+0530] {subprocess.py:106} INFO - 26/01/29 20:03:55 INFO BlockManagerInfo: Removed broadcast_80_piece0 on Aishwarya92848DBDA:42547 in memory (size: 5.9 KiB, free: 366.2 MiB)
[2026-01-29T20:03:55.629+0530] {subprocess.py:106} INFO - 26/01/29 20:03:55 INFO CodeGenerator: Code generated in 15.190759 ms
[2026-01-29T20:03:55.629+0530] {subprocess.py:106} INFO - 26/01/29 20:03:55 INFO BlockManagerInfo: Removed broadcast_77_piece0 on Aishwarya92848DBDA:42547 in memory (size: 15.2 KiB, free: 366.2 MiB)
[2026-01-29T20:03:55.630+0530] {subprocess.py:106} INFO - 26/01/29 20:03:55 INFO BlockManagerInfo: Removed broadcast_79_piece0 on Aishwarya92848DBDA:42547 in memory (size: 10.0 KiB, free: 366.3 MiB)
[2026-01-29T20:03:55.631+0530] {subprocess.py:106} INFO - 26/01/29 20:03:55 INFO FileScanRDD: Reading File path: hdfs://localhost:9000/weather/data/raw_data/weather_dataset.csv, range: 0-4194304, partition values: [empty row]
[2026-01-29T20:03:55.632+0530] {subprocess.py:106} INFO - 26/01/29 20:03:55 INFO FileScanRDD: Reading File path: hdfs://localhost:9000/weather/data/raw_data/weather_dataset.csv, range: 4194304-5651348, partition values: [empty row]
[2026-01-29T20:03:55.683+0530] {subprocess.py:106} INFO - 26/01/29 20:03:55 INFO Executor: Finished task 1.0 in stage 60.0 (TID 80). 8324 bytes result sent to driver
[2026-01-29T20:03:55.684+0530] {subprocess.py:106} INFO - 26/01/29 20:03:55 INFO TaskSetManager: Finished task 1.0 in stage 60.0 (TID 80) in 74 ms on Aishwarya92848DBDA (executor driver) (1/2)
[2026-01-29T20:03:55.747+0530] {subprocess.py:106} INFO - 26/01/29 20:03:55 INFO Executor: Finished task 0.0 in stage 60.0 (TID 79). 5821 bytes result sent to driver
[2026-01-29T20:03:55.748+0530] {subprocess.py:106} INFO - 26/01/29 20:03:55 INFO TaskSetManager: Finished task 0.0 in stage 60.0 (TID 79) in 138 ms on Aishwarya92848DBDA (executor driver) (2/2)
[2026-01-29T20:03:55.749+0530] {subprocess.py:106} INFO - 26/01/29 20:03:55 INFO TaskSchedulerImpl: Removed TaskSet 60.0, whose tasks have all completed, from pool
[2026-01-29T20:03:55.749+0530] {subprocess.py:106} INFO - 26/01/29 20:03:55 INFO DAGScheduler: ResultStage 60 (approxQuantile at <unknown>:0) finished in 0.149 s
[2026-01-29T20:03:55.749+0530] {subprocess.py:106} INFO - 26/01/29 20:03:55 INFO DAGScheduler: Job 47 is finished. Cancelling potential speculative or zombie tasks for this job
[2026-01-29T20:03:55.750+0530] {subprocess.py:106} INFO - 26/01/29 20:03:55 INFO TaskSchedulerImpl: Killing all running tasks in stage 60: Stage finished
[2026-01-29T20:03:55.750+0530] {subprocess.py:106} INFO - 26/01/29 20:03:55 INFO DAGScheduler: Job 47 finished: approxQuantile at <unknown>:0, took 0.151708 s
[2026-01-29T20:03:55.809+0530] {subprocess.py:106} INFO - 26/01/29 20:03:55 INFO FileSourceStrategy: Pushed Filters:
[2026-01-29T20:03:55.810+0530] {subprocess.py:106} INFO - 26/01/29 20:03:55 INFO FileSourceStrategy: Post-Scan Filters: (CASE WHEN (apparent_temperature_min#22 < 1.7500000000000036) THEN false WHEN (apparent_temperature_min#22 > 45.349999999999994) THEN false ELSE (apparent_temperature_min#22 < 1.7500000000000036) END OR CASE WHEN (apparent_temperature_min#22 < 1.7500000000000036) THEN false WHEN (apparent_temperature_min#22 > 45.349999999999994) THEN false ELSE (apparent_temperature_min#22 > 45.349999999999994) END)
[2026-01-29T20:03:55.827+0530] {subprocess.py:106} INFO - 26/01/29 20:03:55 INFO CodeGenerator: Code generated in 8.885407 ms
[2026-01-29T20:03:55.829+0530] {subprocess.py:106} INFO - 26/01/29 20:03:55 INFO MemoryStore: Block broadcast_83 stored as values in memory (estimated size 350.2 KiB, free 365.5 MiB)
[2026-01-29T20:03:55.835+0530] {subprocess.py:106} INFO - 26/01/29 20:03:55 INFO MemoryStore: Block broadcast_83_piece0 stored as bytes in memory (estimated size 34.3 KiB, free 365.5 MiB)
[2026-01-29T20:03:55.836+0530] {subprocess.py:106} INFO - 26/01/29 20:03:55 INFO BlockManagerInfo: Added broadcast_83_piece0 in memory on Aishwarya92848DBDA:42547 (size: 34.3 KiB, free: 366.2 MiB)
[2026-01-29T20:03:55.836+0530] {subprocess.py:106} INFO - 26/01/29 20:03:55 INFO SparkContext: Created broadcast 83 from count at NativeMethodAccessorImpl.java:0
[2026-01-29T20:03:55.837+0530] {subprocess.py:106} INFO - 26/01/29 20:03:55 INFO FileSourceScanExec: Planning scan with bin packing, max size: 4194304 bytes, open cost is considered as scanning 4194304 bytes.
[2026-01-29T20:03:55.841+0530] {subprocess.py:106} INFO - 26/01/29 20:03:55 INFO DAGScheduler: Registering RDD 226 (count at NativeMethodAccessorImpl.java:0) as input to shuffle 13
[2026-01-29T20:03:55.841+0530] {subprocess.py:106} INFO - 26/01/29 20:03:55 INFO DAGScheduler: Got map stage job 48 (count at NativeMethodAccessorImpl.java:0) with 2 output partitions
[2026-01-29T20:03:55.842+0530] {subprocess.py:106} INFO - 26/01/29 20:03:55 INFO DAGScheduler: Final stage: ShuffleMapStage 61 (count at NativeMethodAccessorImpl.java:0)
[2026-01-29T20:03:55.842+0530] {subprocess.py:106} INFO - 26/01/29 20:03:55 INFO DAGScheduler: Parents of final stage: List()
[2026-01-29T20:03:55.842+0530] {subprocess.py:106} INFO - 26/01/29 20:03:55 INFO DAGScheduler: Missing parents: List()
[2026-01-29T20:03:55.842+0530] {subprocess.py:106} INFO - 26/01/29 20:03:55 INFO DAGScheduler: Submitting ShuffleMapStage 61 (MapPartitionsRDD[226] at count at NativeMethodAccessorImpl.java:0), which has no missing parents
[2026-01-29T20:03:55.844+0530] {subprocess.py:106} INFO - 26/01/29 20:03:55 INFO MemoryStore: Block broadcast_84 stored as values in memory (estimated size 22.1 KiB, free 365.5 MiB)
[2026-01-29T20:03:55.845+0530] {subprocess.py:106} INFO - 26/01/29 20:03:55 INFO MemoryStore: Block broadcast_84_piece0 stored as bytes in memory (estimated size 10.0 KiB, free 365.5 MiB)
[2026-01-29T20:03:55.845+0530] {subprocess.py:106} INFO - 26/01/29 20:03:55 INFO BlockManagerInfo: Added broadcast_84_piece0 in memory on Aishwarya92848DBDA:42547 (size: 10.0 KiB, free: 366.2 MiB)
[2026-01-29T20:03:55.846+0530] {subprocess.py:106} INFO - 26/01/29 20:03:55 INFO SparkContext: Created broadcast 84 from broadcast at DAGScheduler.scala:1585
[2026-01-29T20:03:55.846+0530] {subprocess.py:106} INFO - 26/01/29 20:03:55 INFO DAGScheduler: Submitting 2 missing tasks from ShuffleMapStage 61 (MapPartitionsRDD[226] at count at NativeMethodAccessorImpl.java:0) (first 15 tasks are for partitions Vector(0, 1))
[2026-01-29T20:03:55.846+0530] {subprocess.py:106} INFO - 26/01/29 20:03:55 INFO TaskSchedulerImpl: Adding task set 61.0 with 2 tasks resource profile 0
[2026-01-29T20:03:55.847+0530] {subprocess.py:106} INFO - 26/01/29 20:03:55 INFO TaskSetManager: Starting task 0.0 in stage 61.0 (TID 81) (Aishwarya92848DBDA, executor driver, partition 0, NODE_LOCAL, 8230 bytes)
[2026-01-29T20:03:55.847+0530] {subprocess.py:106} INFO - 26/01/29 20:03:55 INFO TaskSetManager: Starting task 1.0 in stage 61.0 (TID 82) (Aishwarya92848DBDA, executor driver, partition 1, NODE_LOCAL, 8230 bytes)
[2026-01-29T20:03:55.848+0530] {subprocess.py:106} INFO - 26/01/29 20:03:55 INFO Executor: Running task 1.0 in stage 61.0 (TID 82)
[2026-01-29T20:03:55.848+0530] {subprocess.py:106} INFO - 26/01/29 20:03:55 INFO Executor: Running task 0.0 in stage 61.0 (TID 81)
[2026-01-29T20:03:55.861+0530] {subprocess.py:106} INFO - 26/01/29 20:03:55 INFO CodeGenerator: Code generated in 9.892719 ms
[2026-01-29T20:03:55.862+0530] {subprocess.py:106} INFO - 26/01/29 20:03:55 INFO FileScanRDD: Reading File path: hdfs://localhost:9000/weather/data/raw_data/weather_dataset.csv, range: 4194304-5651348, partition values: [empty row]
[2026-01-29T20:03:55.863+0530] {subprocess.py:106} INFO - 26/01/29 20:03:55 INFO FileScanRDD: Reading File path: hdfs://localhost:9000/weather/data/raw_data/weather_dataset.csv, range: 0-4194304, partition values: [empty row]
[2026-01-29T20:03:55.925+0530] {subprocess.py:106} INFO - 26/01/29 20:03:55 INFO Executor: Finished task 1.0 in stage 61.0 (TID 82). 1990 bytes result sent to driver
[2026-01-29T20:03:55.926+0530] {subprocess.py:106} INFO - 26/01/29 20:03:55 INFO TaskSetManager: Finished task 1.0 in stage 61.0 (TID 82) in 79 ms on Aishwarya92848DBDA (executor driver) (1/2)
[2026-01-29T20:03:55.983+0530] {subprocess.py:106} INFO - 26/01/29 20:03:55 INFO Executor: Finished task 0.0 in stage 61.0 (TID 81). 1990 bytes result sent to driver
[2026-01-29T20:03:55.983+0530] {subprocess.py:106} INFO - 26/01/29 20:03:55 INFO TaskSetManager: Finished task 0.0 in stage 61.0 (TID 81) in 136 ms on Aishwarya92848DBDA (executor driver) (2/2)
[2026-01-29T20:03:55.984+0530] {subprocess.py:106} INFO - 26/01/29 20:03:55 INFO TaskSchedulerImpl: Removed TaskSet 61.0, whose tasks have all completed, from pool
[2026-01-29T20:03:55.984+0530] {subprocess.py:106} INFO - 26/01/29 20:03:55 INFO DAGScheduler: ShuffleMapStage 61 (count at NativeMethodAccessorImpl.java:0) finished in 0.141 s
[2026-01-29T20:03:55.984+0530] {subprocess.py:106} INFO - 26/01/29 20:03:55 INFO DAGScheduler: looking for newly runnable stages
[2026-01-29T20:03:55.984+0530] {subprocess.py:106} INFO - 26/01/29 20:03:55 INFO DAGScheduler: running: Set()
[2026-01-29T20:03:55.985+0530] {subprocess.py:106} INFO - 26/01/29 20:03:55 INFO DAGScheduler: waiting: Set()
[2026-01-29T20:03:55.985+0530] {subprocess.py:106} INFO - 26/01/29 20:03:55 INFO DAGScheduler: failed: Set()
[2026-01-29T20:03:55.995+0530] {subprocess.py:106} INFO - 26/01/29 20:03:55 INFO SparkContext: Starting job: count at NativeMethodAccessorImpl.java:0
[2026-01-29T20:03:55.996+0530] {subprocess.py:106} INFO - 26/01/29 20:03:55 INFO DAGScheduler: Got job 49 (count at NativeMethodAccessorImpl.java:0) with 1 output partitions
[2026-01-29T20:03:55.996+0530] {subprocess.py:106} INFO - 26/01/29 20:03:55 INFO DAGScheduler: Final stage: ResultStage 63 (count at NativeMethodAccessorImpl.java:0)
[2026-01-29T20:03:55.997+0530] {subprocess.py:106} INFO - 26/01/29 20:03:55 INFO DAGScheduler: Parents of final stage: List(ShuffleMapStage 62)
[2026-01-29T20:03:55.997+0530] {subprocess.py:106} INFO - 26/01/29 20:03:55 INFO DAGScheduler: Missing parents: List()
[2026-01-29T20:03:55.997+0530] {subprocess.py:106} INFO - 26/01/29 20:03:55 INFO DAGScheduler: Submitting ResultStage 63 (MapPartitionsRDD[229] at count at NativeMethodAccessorImpl.java:0), which has no missing parents
[2026-01-29T20:03:55.998+0530] {subprocess.py:106} INFO - 26/01/29 20:03:55 INFO MemoryStore: Block broadcast_85 stored as values in memory (estimated size 12.5 KiB, free 365.5 MiB)
[2026-01-29T20:03:55.999+0530] {subprocess.py:106} INFO - 26/01/29 20:03:55 INFO MemoryStore: Block broadcast_85_piece0 stored as bytes in memory (estimated size 5.9 KiB, free 365.5 MiB)
[2026-01-29T20:03:56.000+0530] {subprocess.py:106} INFO - 26/01/29 20:03:55 INFO BlockManagerInfo: Added broadcast_85_piece0 in memory on Aishwarya92848DBDA:42547 (size: 5.9 KiB, free: 366.2 MiB)
[2026-01-29T20:03:56.000+0530] {subprocess.py:106} INFO - 26/01/29 20:03:56 INFO SparkContext: Created broadcast 85 from broadcast at DAGScheduler.scala:1585
[2026-01-29T20:03:56.000+0530] {subprocess.py:106} INFO - 26/01/29 20:03:56 INFO DAGScheduler: Submitting 1 missing tasks from ResultStage 63 (MapPartitionsRDD[229] at count at NativeMethodAccessorImpl.java:0) (first 15 tasks are for partitions Vector(0))
[2026-01-29T20:03:56.001+0530] {subprocess.py:106} INFO - 26/01/29 20:03:56 INFO TaskSchedulerImpl: Adding task set 63.0 with 1 tasks resource profile 0
[2026-01-29T20:03:56.001+0530] {subprocess.py:106} INFO - 26/01/29 20:03:56 INFO TaskSetManager: Starting task 0.0 in stage 63.0 (TID 83) (Aishwarya92848DBDA, executor driver, partition 0, NODE_LOCAL, 7615 bytes)
[2026-01-29T20:03:56.002+0530] {subprocess.py:106} INFO - 26/01/29 20:03:56 INFO Executor: Running task 0.0 in stage 63.0 (TID 83)
[2026-01-29T20:03:56.004+0530] {subprocess.py:106} INFO - 26/01/29 20:03:56 INFO ShuffleBlockFetcherIterator: Getting 2 (120.0 B) non-empty blocks including 2 (120.0 B) local and 0 (0.0 B) host-local and 0 (0.0 B) push-merged-local and 0 (0.0 B) remote blocks
[2026-01-29T20:03:56.004+0530] {subprocess.py:106} INFO - 26/01/29 20:03:56 INFO ShuffleBlockFetcherIterator: Started 0 remote fetches in 0 ms
[2026-01-29T20:03:56.005+0530] {subprocess.py:106} INFO - 26/01/29 20:03:56 INFO Executor: Finished task 0.0 in stage 63.0 (TID 83). 3988 bytes result sent to driver
[2026-01-29T20:03:56.007+0530] {subprocess.py:106} INFO - 26/01/29 20:03:56 INFO TaskSetManager: Finished task 0.0 in stage 63.0 (TID 83) in 5 ms on Aishwarya92848DBDA (executor driver) (1/1)
[2026-01-29T20:03:56.007+0530] {subprocess.py:106} INFO - 26/01/29 20:03:56 INFO TaskSchedulerImpl: Removed TaskSet 63.0, whose tasks have all completed, from pool
[2026-01-29T20:03:56.008+0530] {subprocess.py:106} INFO - 26/01/29 20:03:56 INFO DAGScheduler: ResultStage 63 (count at NativeMethodAccessorImpl.java:0) finished in 0.010 s
[2026-01-29T20:03:56.008+0530] {subprocess.py:106} INFO - 26/01/29 20:03:56 INFO DAGScheduler: Job 49 is finished. Cancelling potential speculative or zombie tasks for this job
[2026-01-29T20:03:56.008+0530] {subprocess.py:106} INFO - 26/01/29 20:03:56 INFO TaskSchedulerImpl: Killing all running tasks in stage 63: Stage finished
[2026-01-29T20:03:56.008+0530] {subprocess.py:106} INFO - 26/01/29 20:03:56 INFO DAGScheduler: Job 49 finished: count at NativeMethodAccessorImpl.java:0, took 0.012225 s
[2026-01-29T20:03:56.009+0530] {subprocess.py:106} INFO - apparent_temperature_min: Outliers after handling = 0
[2026-01-29T20:03:56.029+0530] {subprocess.py:106} INFO - 26/01/29 20:03:56 INFO FileSourceStrategy: Pushed Filters:
[2026-01-29T20:03:56.030+0530] {subprocess.py:106} INFO - 26/01/29 20:03:56 INFO FileSourceStrategy: Post-Scan Filters:
[2026-01-29T20:03:56.031+0530] {subprocess.py:106} INFO - 26/01/29 20:03:56 INFO MemoryStore: Block broadcast_86 stored as values in memory (estimated size 350.2 KiB, free 365.1 MiB)
[2026-01-29T20:03:56.041+0530] {subprocess.py:106} INFO - 26/01/29 20:03:56 INFO BlockManagerInfo: Removed broadcast_81_piece0 on Aishwarya92848DBDA:42547 in memory (size: 34.3 KiB, free: 366.2 MiB)
[2026-01-29T20:03:56.042+0530] {subprocess.py:106} INFO - 26/01/29 20:03:56 INFO BlockManagerInfo: Removed broadcast_84_piece0 on Aishwarya92848DBDA:42547 in memory (size: 10.0 KiB, free: 366.2 MiB)
[2026-01-29T20:03:56.043+0530] {subprocess.py:106} INFO - 26/01/29 20:03:56 INFO BlockManagerInfo: Removed broadcast_82_piece0 on Aishwarya92848DBDA:42547 in memory (size: 15.2 KiB, free: 366.3 MiB)
[2026-01-29T20:03:56.044+0530] {subprocess.py:106} INFO - 26/01/29 20:03:56 INFO BlockManagerInfo: Removed broadcast_85_piece0 on Aishwarya92848DBDA:42547 in memory (size: 5.9 KiB, free: 366.3 MiB)
[2026-01-29T20:03:56.045+0530] {subprocess.py:106} INFO - 26/01/29 20:03:56 INFO MemoryStore: Block broadcast_86_piece0 stored as bytes in memory (estimated size 34.3 KiB, free 365.5 MiB)
[2026-01-29T20:03:56.045+0530] {subprocess.py:106} INFO - 26/01/29 20:03:56 INFO BlockManagerInfo: Added broadcast_86_piece0 in memory on Aishwarya92848DBDA:42547 (size: 34.3 KiB, free: 366.2 MiB)
[2026-01-29T20:03:56.045+0530] {subprocess.py:106} INFO - 26/01/29 20:03:56 INFO SparkContext: Created broadcast 86 from approxQuantile at <unknown>:0
[2026-01-29T20:03:56.046+0530] {subprocess.py:106} INFO - 26/01/29 20:03:56 INFO FileSourceScanExec: Planning scan with bin packing, max size: 4194304 bytes, open cost is considered as scanning 4194304 bytes.
[2026-01-29T20:03:56.055+0530] {subprocess.py:106} INFO - 26/01/29 20:03:56 INFO SparkContext: Starting job: approxQuantile at <unknown>:0
[2026-01-29T20:03:56.055+0530] {subprocess.py:106} INFO - 26/01/29 20:03:56 INFO DAGScheduler: Got job 50 (approxQuantile at <unknown>:0) with 2 output partitions
[2026-01-29T20:03:56.056+0530] {subprocess.py:106} INFO - 26/01/29 20:03:56 INFO DAGScheduler: Final stage: ResultStage 64 (approxQuantile at <unknown>:0)
[2026-01-29T20:03:56.056+0530] {subprocess.py:106} INFO - 26/01/29 20:03:56 INFO DAGScheduler: Parents of final stage: List()
[2026-01-29T20:03:56.056+0530] {subprocess.py:106} INFO - 26/01/29 20:03:56 INFO DAGScheduler: Missing parents: List()
[2026-01-29T20:03:56.056+0530] {subprocess.py:106} INFO - 26/01/29 20:03:56 INFO DAGScheduler: Submitting ResultStage 64 (MapPartitionsRDD[235] at approxQuantile at <unknown>:0), which has no missing parents
[2026-01-29T20:03:56.061+0530] {subprocess.py:106} INFO - 26/01/29 20:03:56 INFO MemoryStore: Block broadcast_87 stored as values in memory (estimated size 20.0 KiB, free 365.5 MiB)
[2026-01-29T20:03:56.062+0530] {subprocess.py:106} INFO - 26/01/29 20:03:56 INFO MemoryStore: Block broadcast_87_piece0 stored as bytes in memory (estimated size 9.5 KiB, free 365.5 MiB)
[2026-01-29T20:03:56.062+0530] {subprocess.py:106} INFO - 26/01/29 20:03:56 INFO BlockManagerInfo: Added broadcast_87_piece0 in memory on Aishwarya92848DBDA:42547 (size: 9.5 KiB, free: 366.2 MiB)
[2026-01-29T20:03:56.062+0530] {subprocess.py:106} INFO - 26/01/29 20:03:56 INFO SparkContext: Created broadcast 87 from broadcast at DAGScheduler.scala:1585
[2026-01-29T20:03:56.063+0530] {subprocess.py:106} INFO - 26/01/29 20:03:56 INFO DAGScheduler: Submitting 2 missing tasks from ResultStage 64 (MapPartitionsRDD[235] at approxQuantile at <unknown>:0) (first 15 tasks are for partitions Vector(0, 1))
[2026-01-29T20:03:56.063+0530] {subprocess.py:106} INFO - 26/01/29 20:03:56 INFO TaskSchedulerImpl: Adding task set 64.0 with 2 tasks resource profile 0
[2026-01-29T20:03:56.064+0530] {subprocess.py:106} INFO - 26/01/29 20:03:56 INFO TaskSetManager: Starting task 0.0 in stage 64.0 (TID 84) (Aishwarya92848DBDA, executor driver, partition 0, NODE_LOCAL, 8241 bytes)
[2026-01-29T20:03:56.064+0530] {subprocess.py:106} INFO - 26/01/29 20:03:56 INFO TaskSetManager: Starting task 1.0 in stage 64.0 (TID 85) (Aishwarya92848DBDA, executor driver, partition 1, NODE_LOCAL, 8241 bytes)
[2026-01-29T20:03:56.064+0530] {subprocess.py:106} INFO - 26/01/29 20:03:56 INFO Executor: Running task 0.0 in stage 64.0 (TID 84)
[2026-01-29T20:03:56.064+0530] {subprocess.py:106} INFO - 26/01/29 20:03:56 INFO Executor: Running task 1.0 in stage 64.0 (TID 85)
[2026-01-29T20:03:56.068+0530] {subprocess.py:106} INFO - 26/01/29 20:03:56 INFO FileScanRDD: Reading File path: hdfs://localhost:9000/weather/data/raw_data/weather_dataset.csv, range: 4194304-5651348, partition values: [empty row]
[2026-01-29T20:03:56.068+0530] {subprocess.py:106} INFO - 26/01/29 20:03:56 INFO FileScanRDD: Reading File path: hdfs://localhost:9000/weather/data/raw_data/weather_dataset.csv, range: 0-4194304, partition values: [empty row]
[2026-01-29T20:03:56.109+0530] {subprocess.py:106} INFO - 26/01/29 20:03:56 INFO Executor: Finished task 1.0 in stage 64.0 (TID 85). 8213 bytes result sent to driver
[2026-01-29T20:03:56.110+0530] {subprocess.py:106} INFO - 26/01/29 20:03:56 INFO TaskSetManager: Finished task 1.0 in stage 64.0 (TID 85) in 46 ms on Aishwarya92848DBDA (executor driver) (1/2)
[2026-01-29T20:03:56.167+0530] {subprocess.py:106} INFO - 26/01/29 20:03:56 INFO Executor: Finished task 0.0 in stage 64.0 (TID 84). 7308 bytes result sent to driver
[2026-01-29T20:03:56.168+0530] {subprocess.py:106} INFO - 26/01/29 20:03:56 INFO TaskSetManager: Finished task 0.0 in stage 64.0 (TID 84) in 105 ms on Aishwarya92848DBDA (executor driver) (2/2)
[2026-01-29T20:03:56.169+0530] {subprocess.py:106} INFO - 26/01/29 20:03:56 INFO TaskSchedulerImpl: Removed TaskSet 64.0, whose tasks have all completed, from pool
[2026-01-29T20:03:56.169+0530] {subprocess.py:106} INFO - 26/01/29 20:03:56 INFO DAGScheduler: ResultStage 64 (approxQuantile at <unknown>:0) finished in 0.111 s
[2026-01-29T20:03:56.169+0530] {subprocess.py:106} INFO - 26/01/29 20:03:56 INFO DAGScheduler: Job 50 is finished. Cancelling potential speculative or zombie tasks for this job
[2026-01-29T20:03:56.170+0530] {subprocess.py:106} INFO - 26/01/29 20:03:56 INFO TaskSchedulerImpl: Killing all running tasks in stage 64: Stage finished
[2026-01-29T20:03:56.170+0530] {subprocess.py:106} INFO - 26/01/29 20:03:56 INFO DAGScheduler: Job 50 finished: approxQuantile at <unknown>:0, took 0.114903 s
[2026-01-29T20:03:56.232+0530] {subprocess.py:106} INFO - 26/01/29 20:03:56 INFO FileSourceStrategy: Pushed Filters: Or(LessThan(precipitation_sum,-2.4000000000000004),GreaterThan(precipitation_sum,4.0))
[2026-01-29T20:03:56.233+0530] {subprocess.py:106} INFO - 26/01/29 20:03:56 INFO FileSourceStrategy: Post-Scan Filters: ((precipitation_sum#23 < -2.4000000000000004) OR (precipitation_sum#23 > 4.0))
[2026-01-29T20:03:56.242+0530] {subprocess.py:106} INFO - 26/01/29 20:03:56 INFO MemoryStore: Block broadcast_88 stored as values in memory (estimated size 350.2 KiB, free 365.2 MiB)
[2026-01-29T20:03:56.247+0530] {subprocess.py:106} INFO - 26/01/29 20:03:56 INFO MemoryStore: Block broadcast_88_piece0 stored as bytes in memory (estimated size 34.3 KiB, free 365.1 MiB)
[2026-01-29T20:03:56.248+0530] {subprocess.py:106} INFO - 26/01/29 20:03:56 INFO BlockManagerInfo: Added broadcast_88_piece0 in memory on Aishwarya92848DBDA:42547 (size: 34.3 KiB, free: 366.2 MiB)
[2026-01-29T20:03:56.248+0530] {subprocess.py:106} INFO - 26/01/29 20:03:56 INFO SparkContext: Created broadcast 88 from count at NativeMethodAccessorImpl.java:0
[2026-01-29T20:03:56.249+0530] {subprocess.py:106} INFO - 26/01/29 20:03:56 INFO FileSourceScanExec: Planning scan with bin packing, max size: 4194304 bytes, open cost is considered as scanning 4194304 bytes.
[2026-01-29T20:03:56.251+0530] {subprocess.py:106} INFO - 26/01/29 20:03:56 INFO DAGScheduler: Registering RDD 239 (count at NativeMethodAccessorImpl.java:0) as input to shuffle 14
[2026-01-29T20:03:56.252+0530] {subprocess.py:106} INFO - 26/01/29 20:03:56 INFO DAGScheduler: Got map stage job 51 (count at NativeMethodAccessorImpl.java:0) with 2 output partitions
[2026-01-29T20:03:56.252+0530] {subprocess.py:106} INFO - 26/01/29 20:03:56 INFO DAGScheduler: Final stage: ShuffleMapStage 65 (count at NativeMethodAccessorImpl.java:0)
[2026-01-29T20:03:56.252+0530] {subprocess.py:106} INFO - 26/01/29 20:03:56 INFO DAGScheduler: Parents of final stage: List()
[2026-01-29T20:03:56.252+0530] {subprocess.py:106} INFO - 26/01/29 20:03:56 INFO DAGScheduler: Missing parents: List()
[2026-01-29T20:03:56.253+0530] {subprocess.py:106} INFO - 26/01/29 20:03:56 INFO DAGScheduler: Submitting ShuffleMapStage 65 (MapPartitionsRDD[239] at count at NativeMethodAccessorImpl.java:0), which has no missing parents
[2026-01-29T20:03:56.254+0530] {subprocess.py:106} INFO - 26/01/29 20:03:56 INFO MemoryStore: Block broadcast_89 stored as values in memory (estimated size 20.0 KiB, free 365.1 MiB)
[2026-01-29T20:03:56.255+0530] {subprocess.py:106} INFO - 26/01/29 20:03:56 INFO MemoryStore: Block broadcast_89_piece0 stored as bytes in memory (estimated size 9.7 KiB, free 365.1 MiB)
[2026-01-29T20:03:56.255+0530] {subprocess.py:106} INFO - 26/01/29 20:03:56 INFO BlockManagerInfo: Added broadcast_89_piece0 in memory on Aishwarya92848DBDA:42547 (size: 9.7 KiB, free: 366.2 MiB)
[2026-01-29T20:03:56.256+0530] {subprocess.py:106} INFO - 26/01/29 20:03:56 INFO SparkContext: Created broadcast 89 from broadcast at DAGScheduler.scala:1585
[2026-01-29T20:03:56.256+0530] {subprocess.py:106} INFO - 26/01/29 20:03:56 INFO DAGScheduler: Submitting 2 missing tasks from ShuffleMapStage 65 (MapPartitionsRDD[239] at count at NativeMethodAccessorImpl.java:0) (first 15 tasks are for partitions Vector(0, 1))
[2026-01-29T20:03:56.256+0530] {subprocess.py:106} INFO - 26/01/29 20:03:56 INFO TaskSchedulerImpl: Adding task set 65.0 with 2 tasks resource profile 0
[2026-01-29T20:03:56.257+0530] {subprocess.py:106} INFO - 26/01/29 20:03:56 INFO TaskSetManager: Starting task 0.0 in stage 65.0 (TID 86) (Aishwarya92848DBDA, executor driver, partition 0, NODE_LOCAL, 8230 bytes)
[2026-01-29T20:03:56.257+0530] {subprocess.py:106} INFO - 26/01/29 20:03:56 INFO TaskSetManager: Starting task 1.0 in stage 65.0 (TID 87) (Aishwarya92848DBDA, executor driver, partition 1, NODE_LOCAL, 8230 bytes)
[2026-01-29T20:03:56.257+0530] {subprocess.py:106} INFO - 26/01/29 20:03:56 INFO Executor: Running task 1.0 in stage 65.0 (TID 87)
[2026-01-29T20:03:56.257+0530] {subprocess.py:106} INFO - 26/01/29 20:03:56 INFO Executor: Running task 0.0 in stage 65.0 (TID 86)
[2026-01-29T20:03:56.260+0530] {subprocess.py:106} INFO - 26/01/29 20:03:56 INFO FileScanRDD: Reading File path: hdfs://localhost:9000/weather/data/raw_data/weather_dataset.csv, range: 4194304-5651348, partition values: [empty row]
[2026-01-29T20:03:56.261+0530] {subprocess.py:106} INFO - 26/01/29 20:03:56 INFO FileScanRDD: Reading File path: hdfs://localhost:9000/weather/data/raw_data/weather_dataset.csv, range: 0-4194304, partition values: [empty row]
[2026-01-29T20:03:56.296+0530] {subprocess.py:106} INFO - 26/01/29 20:03:56 INFO Executor: Finished task 1.0 in stage 65.0 (TID 87). 1990 bytes result sent to driver
[2026-01-29T20:03:56.296+0530] {subprocess.py:106} INFO - 26/01/29 20:03:56 INFO TaskSetManager: Finished task 1.0 in stage 65.0 (TID 87) in 39 ms on Aishwarya92848DBDA (executor driver) (1/2)
[2026-01-29T20:03:56.342+0530] {subprocess.py:106} INFO - 26/01/29 20:03:56 INFO Executor: Finished task 0.0 in stage 65.0 (TID 86). 1990 bytes result sent to driver
[2026-01-29T20:03:56.343+0530] {subprocess.py:106} INFO - 26/01/29 20:03:56 INFO TaskSetManager: Finished task 0.0 in stage 65.0 (TID 86) in 86 ms on Aishwarya92848DBDA (executor driver) (2/2)
[2026-01-29T20:03:56.344+0530] {subprocess.py:106} INFO - 26/01/29 20:03:56 INFO TaskSchedulerImpl: Removed TaskSet 65.0, whose tasks have all completed, from pool
[2026-01-29T20:03:56.344+0530] {subprocess.py:106} INFO - 26/01/29 20:03:56 INFO DAGScheduler: ShuffleMapStage 65 (count at NativeMethodAccessorImpl.java:0) finished in 0.092 s
[2026-01-29T20:03:56.344+0530] {subprocess.py:106} INFO - 26/01/29 20:03:56 INFO DAGScheduler: looking for newly runnable stages
[2026-01-29T20:03:56.344+0530] {subprocess.py:106} INFO - 26/01/29 20:03:56 INFO DAGScheduler: running: Set()
[2026-01-29T20:03:56.345+0530] {subprocess.py:106} INFO - 26/01/29 20:03:56 INFO DAGScheduler: waiting: Set()
[2026-01-29T20:03:56.345+0530] {subprocess.py:106} INFO - 26/01/29 20:03:56 INFO DAGScheduler: failed: Set()
[2026-01-29T20:03:56.354+0530] {subprocess.py:106} INFO - 26/01/29 20:03:56 INFO SparkContext: Starting job: count at NativeMethodAccessorImpl.java:0
[2026-01-29T20:03:56.355+0530] {subprocess.py:106} INFO - 26/01/29 20:03:56 INFO DAGScheduler: Got job 52 (count at NativeMethodAccessorImpl.java:0) with 1 output partitions
[2026-01-29T20:03:56.355+0530] {subprocess.py:106} INFO - 26/01/29 20:03:56 INFO DAGScheduler: Final stage: ResultStage 67 (count at NativeMethodAccessorImpl.java:0)
[2026-01-29T20:03:56.355+0530] {subprocess.py:106} INFO - 26/01/29 20:03:56 INFO DAGScheduler: Parents of final stage: List(ShuffleMapStage 66)
[2026-01-29T20:03:56.356+0530] {subprocess.py:106} INFO - 26/01/29 20:03:56 INFO DAGScheduler: Missing parents: List()
[2026-01-29T20:03:56.356+0530] {subprocess.py:106} INFO - 26/01/29 20:03:56 INFO DAGScheduler: Submitting ResultStage 67 (MapPartitionsRDD[242] at count at NativeMethodAccessorImpl.java:0), which has no missing parents
[2026-01-29T20:03:56.356+0530] {subprocess.py:106} INFO - 26/01/29 20:03:56 INFO MemoryStore: Block broadcast_90 stored as values in memory (estimated size 12.5 KiB, free 365.1 MiB)
[2026-01-29T20:03:56.357+0530] {subprocess.py:106} INFO - 26/01/29 20:03:56 INFO MemoryStore: Block broadcast_90_piece0 stored as bytes in memory (estimated size 5.9 KiB, free 365.1 MiB)
[2026-01-29T20:03:56.358+0530] {subprocess.py:106} INFO - 26/01/29 20:03:56 INFO BlockManagerInfo: Added broadcast_90_piece0 in memory on Aishwarya92848DBDA:42547 (size: 5.9 KiB, free: 366.2 MiB)
[2026-01-29T20:03:56.358+0530] {subprocess.py:106} INFO - 26/01/29 20:03:56 INFO SparkContext: Created broadcast 90 from broadcast at DAGScheduler.scala:1585
[2026-01-29T20:03:56.358+0530] {subprocess.py:106} INFO - 26/01/29 20:03:56 INFO DAGScheduler: Submitting 1 missing tasks from ResultStage 67 (MapPartitionsRDD[242] at count at NativeMethodAccessorImpl.java:0) (first 15 tasks are for partitions Vector(0))
[2026-01-29T20:03:56.358+0530] {subprocess.py:106} INFO - 26/01/29 20:03:56 INFO TaskSchedulerImpl: Adding task set 67.0 with 1 tasks resource profile 0
[2026-01-29T20:03:56.359+0530] {subprocess.py:106} INFO - 26/01/29 20:03:56 INFO TaskSetManager: Starting task 0.0 in stage 67.0 (TID 88) (Aishwarya92848DBDA, executor driver, partition 0, NODE_LOCAL, 7615 bytes)
[2026-01-29T20:03:56.359+0530] {subprocess.py:106} INFO - 26/01/29 20:03:56 INFO Executor: Running task 0.0 in stage 67.0 (TID 88)
[2026-01-29T20:03:56.361+0530] {subprocess.py:106} INFO - 26/01/29 20:03:56 INFO ShuffleBlockFetcherIterator: Getting 2 (120.0 B) non-empty blocks including 2 (120.0 B) local and 0 (0.0 B) host-local and 0 (0.0 B) push-merged-local and 0 (0.0 B) remote blocks
[2026-01-29T20:03:56.362+0530] {subprocess.py:106} INFO - 26/01/29 20:03:56 INFO ShuffleBlockFetcherIterator: Started 0 remote fetches in 0 ms
[2026-01-29T20:03:56.363+0530] {subprocess.py:106} INFO - 26/01/29 20:03:56 INFO Executor: Finished task 0.0 in stage 67.0 (TID 88). 3995 bytes result sent to driver
[2026-01-29T20:03:56.364+0530] {subprocess.py:106} INFO - 26/01/29 20:03:56 INFO TaskSetManager: Finished task 0.0 in stage 67.0 (TID 88) in 5 ms on Aishwarya92848DBDA (executor driver) (1/1)
[2026-01-29T20:03:56.364+0530] {subprocess.py:106} INFO - 26/01/29 20:03:56 INFO TaskSchedulerImpl: Removed TaskSet 67.0, whose tasks have all completed, from pool
[2026-01-29T20:03:56.364+0530] {subprocess.py:106} INFO - 26/01/29 20:03:56 INFO DAGScheduler: ResultStage 67 (count at NativeMethodAccessorImpl.java:0) finished in 0.008 s
[2026-01-29T20:03:56.365+0530] {subprocess.py:106} INFO - 26/01/29 20:03:56 INFO DAGScheduler: Job 52 is finished. Cancelling potential speculative or zombie tasks for this job
[2026-01-29T20:03:56.365+0530] {subprocess.py:106} INFO - 26/01/29 20:03:56 INFO TaskSchedulerImpl: Killing all running tasks in stage 67: Stage finished
[2026-01-29T20:03:56.365+0530] {subprocess.py:106} INFO - 26/01/29 20:03:56 INFO DAGScheduler: Job 52 finished: count at NativeMethodAccessorImpl.java:0, took 0.010501 s
[2026-01-29T20:03:56.366+0530] {subprocess.py:106} INFO - precipitation_sum: Outliers after handling = 17360
[2026-01-29T20:03:56.381+0530] {subprocess.py:106} INFO - 26/01/29 20:03:56 INFO FileSourceStrategy: Pushed Filters:
[2026-01-29T20:03:56.382+0530] {subprocess.py:106} INFO - 26/01/29 20:03:56 INFO FileSourceStrategy: Post-Scan Filters:
[2026-01-29T20:03:56.383+0530] {subprocess.py:106} INFO - 26/01/29 20:03:56 INFO MemoryStore: Block broadcast_91 stored as values in memory (estimated size 350.2 KiB, free 364.8 MiB)
[2026-01-29T20:03:56.393+0530] {subprocess.py:106} INFO - 26/01/29 20:03:56 INFO BlockManagerInfo: Removed broadcast_83_piece0 on Aishwarya92848DBDA:42547 in memory (size: 34.3 KiB, free: 366.2 MiB)
[2026-01-29T20:03:56.394+0530] {subprocess.py:106} INFO - 26/01/29 20:03:56 INFO BlockManagerInfo: Removed broadcast_87_piece0 on Aishwarya92848DBDA:42547 in memory (size: 9.5 KiB, free: 366.2 MiB)
[2026-01-29T20:03:56.396+0530] {subprocess.py:106} INFO - 26/01/29 20:03:56 INFO BlockManagerInfo: Removed broadcast_90_piece0 on Aishwarya92848DBDA:42547 in memory (size: 5.9 KiB, free: 366.2 MiB)
[2026-01-29T20:03:56.396+0530] {subprocess.py:106} INFO - 26/01/29 20:03:56 INFO MemoryStore: Block broadcast_91_piece0 stored as bytes in memory (estimated size 34.3 KiB, free 365.1 MiB)
[2026-01-29T20:03:56.397+0530] {subprocess.py:106} INFO - 26/01/29 20:03:56 INFO BlockManagerInfo: Added broadcast_91_piece0 in memory on Aishwarya92848DBDA:42547 (size: 34.3 KiB, free: 366.2 MiB)
[2026-01-29T20:03:56.397+0530] {subprocess.py:106} INFO - 26/01/29 20:03:56 INFO SparkContext: Created broadcast 91 from approxQuantile at <unknown>:0
[2026-01-29T20:03:56.398+0530] {subprocess.py:106} INFO - 26/01/29 20:03:56 INFO BlockManagerInfo: Removed broadcast_89_piece0 on Aishwarya92848DBDA:42547 in memory (size: 9.7 KiB, free: 366.2 MiB)
[2026-01-29T20:03:56.398+0530] {subprocess.py:106} INFO - 26/01/29 20:03:56 INFO FileSourceScanExec: Planning scan with bin packing, max size: 4194304 bytes, open cost is considered as scanning 4194304 bytes.
[2026-01-29T20:03:56.399+0530] {subprocess.py:106} INFO - 26/01/29 20:03:56 INFO BlockManagerInfo: Removed broadcast_86_piece0 on Aishwarya92848DBDA:42547 in memory (size: 34.3 KiB, free: 366.2 MiB)
[2026-01-29T20:03:56.409+0530] {subprocess.py:106} INFO - 26/01/29 20:03:56 INFO SparkContext: Starting job: approxQuantile at <unknown>:0
[2026-01-29T20:03:56.409+0530] {subprocess.py:106} INFO - 26/01/29 20:03:56 INFO DAGScheduler: Got job 53 (approxQuantile at <unknown>:0) with 2 output partitions
[2026-01-29T20:03:56.410+0530] {subprocess.py:106} INFO - 26/01/29 20:03:56 INFO DAGScheduler: Final stage: ResultStage 68 (approxQuantile at <unknown>:0)
[2026-01-29T20:03:56.411+0530] {subprocess.py:106} INFO - 26/01/29 20:03:56 INFO DAGScheduler: Parents of final stage: List()
[2026-01-29T20:03:56.411+0530] {subprocess.py:106} INFO - 26/01/29 20:03:56 INFO DAGScheduler: Missing parents: List()
[2026-01-29T20:03:56.411+0530] {subprocess.py:106} INFO - 26/01/29 20:03:56 INFO DAGScheduler: Submitting ResultStage 68 (MapPartitionsRDD[248] at approxQuantile at <unknown>:0), which has no missing parents
[2026-01-29T20:03:56.415+0530] {subprocess.py:106} INFO - 26/01/29 20:03:56 INFO MemoryStore: Block broadcast_92 stored as values in memory (estimated size 20.0 KiB, free 365.5 MiB)
[2026-01-29T20:03:56.416+0530] {subprocess.py:106} INFO - 26/01/29 20:03:56 INFO MemoryStore: Block broadcast_92_piece0 stored as bytes in memory (estimated size 9.5 KiB, free 365.5 MiB)
[2026-01-29T20:03:56.416+0530] {subprocess.py:106} INFO - 26/01/29 20:03:56 INFO BlockManagerInfo: Added broadcast_92_piece0 in memory on Aishwarya92848DBDA:42547 (size: 9.5 KiB, free: 366.2 MiB)
[2026-01-29T20:03:56.417+0530] {subprocess.py:106} INFO - 26/01/29 20:03:56 INFO SparkContext: Created broadcast 92 from broadcast at DAGScheduler.scala:1585
[2026-01-29T20:03:56.417+0530] {subprocess.py:106} INFO - 26/01/29 20:03:56 INFO DAGScheduler: Submitting 2 missing tasks from ResultStage 68 (MapPartitionsRDD[248] at approxQuantile at <unknown>:0) (first 15 tasks are for partitions Vector(0, 1))
[2026-01-29T20:03:56.417+0530] {subprocess.py:106} INFO - 26/01/29 20:03:56 INFO TaskSchedulerImpl: Adding task set 68.0 with 2 tasks resource profile 0
[2026-01-29T20:03:56.418+0530] {subprocess.py:106} INFO - 26/01/29 20:03:56 INFO TaskSetManager: Starting task 0.0 in stage 68.0 (TID 89) (Aishwarya92848DBDA, executor driver, partition 0, NODE_LOCAL, 8241 bytes)
[2026-01-29T20:03:56.419+0530] {subprocess.py:106} INFO - 26/01/29 20:03:56 INFO TaskSetManager: Starting task 1.0 in stage 68.0 (TID 90) (Aishwarya92848DBDA, executor driver, partition 1, NODE_LOCAL, 8241 bytes)
[2026-01-29T20:03:56.419+0530] {subprocess.py:106} INFO - 26/01/29 20:03:56 INFO Executor: Running task 0.0 in stage 68.0 (TID 89)
[2026-01-29T20:03:56.419+0530] {subprocess.py:106} INFO - 26/01/29 20:03:56 INFO Executor: Running task 1.0 in stage 68.0 (TID 90)
[2026-01-29T20:03:56.423+0530] {subprocess.py:106} INFO - 26/01/29 20:03:56 INFO FileScanRDD: Reading File path: hdfs://localhost:9000/weather/data/raw_data/weather_dataset.csv, range: 4194304-5651348, partition values: [empty row]
[2026-01-29T20:03:56.424+0530] {subprocess.py:106} INFO - 26/01/29 20:03:56 INFO FileScanRDD: Reading File path: hdfs://localhost:9000/weather/data/raw_data/weather_dataset.csv, range: 0-4194304, partition values: [empty row]
[2026-01-29T20:03:56.472+0530] {subprocess.py:106} INFO - 26/01/29 20:03:56 INFO Executor: Finished task 1.0 in stage 68.0 (TID 90). 8213 bytes result sent to driver
[2026-01-29T20:03:56.473+0530] {subprocess.py:106} INFO - 26/01/29 20:03:56 INFO TaskSetManager: Finished task 1.0 in stage 68.0 (TID 90) in 55 ms on Aishwarya92848DBDA (executor driver) (1/2)
[2026-01-29T20:03:56.553+0530] {subprocess.py:106} INFO - 26/01/29 20:03:56 INFO Executor: Finished task 0.0 in stage 68.0 (TID 89). 7308 bytes result sent to driver
[2026-01-29T20:03:56.554+0530] {subprocess.py:106} INFO - 26/01/29 20:03:56 INFO TaskSetManager: Finished task 0.0 in stage 68.0 (TID 89) in 136 ms on Aishwarya92848DBDA (executor driver) (2/2)
[2026-01-29T20:03:56.555+0530] {subprocess.py:106} INFO - 26/01/29 20:03:56 INFO TaskSchedulerImpl: Removed TaskSet 68.0, whose tasks have all completed, from pool
[2026-01-29T20:03:56.555+0530] {subprocess.py:106} INFO - 26/01/29 20:03:56 INFO DAGScheduler: ResultStage 68 (approxQuantile at <unknown>:0) finished in 0.143 s
[2026-01-29T20:03:56.555+0530] {subprocess.py:106} INFO - 26/01/29 20:03:56 INFO DAGScheduler: Job 53 is finished. Cancelling potential speculative or zombie tasks for this job
[2026-01-29T20:03:56.555+0530] {subprocess.py:106} INFO - 26/01/29 20:03:56 INFO TaskSchedulerImpl: Killing all running tasks in stage 68: Stage finished
[2026-01-29T20:03:56.556+0530] {subprocess.py:106} INFO - 26/01/29 20:03:56 INFO DAGScheduler: Job 53 finished: approxQuantile at <unknown>:0, took 0.146881 s
[2026-01-29T20:03:56.629+0530] {subprocess.py:106} INFO - 26/01/29 20:03:56 INFO FileSourceStrategy: Pushed Filters: Or(LessThan(rain_sum,-2.4000000000000004),GreaterThan(rain_sum,4.0))
[2026-01-29T20:03:56.630+0530] {subprocess.py:106} INFO - 26/01/29 20:03:56 INFO FileSourceStrategy: Post-Scan Filters: ((rain_sum#24 < -2.4000000000000004) OR (rain_sum#24 > 4.0))
[2026-01-29T20:03:56.639+0530] {subprocess.py:106} INFO - 26/01/29 20:03:56 INFO MemoryStore: Block broadcast_93 stored as values in memory (estimated size 350.2 KiB, free 365.2 MiB)
[2026-01-29T20:03:56.644+0530] {subprocess.py:106} INFO - 26/01/29 20:03:56 INFO MemoryStore: Block broadcast_93_piece0 stored as bytes in memory (estimated size 34.3 KiB, free 365.1 MiB)
[2026-01-29T20:03:56.645+0530] {subprocess.py:106} INFO - 26/01/29 20:03:56 INFO BlockManagerInfo: Added broadcast_93_piece0 in memory on Aishwarya92848DBDA:42547 (size: 34.3 KiB, free: 366.2 MiB)
[2026-01-29T20:03:56.645+0530] {subprocess.py:106} INFO - 26/01/29 20:03:56 INFO SparkContext: Created broadcast 93 from count at NativeMethodAccessorImpl.java:0
[2026-01-29T20:03:56.646+0530] {subprocess.py:106} INFO - 26/01/29 20:03:56 INFO FileSourceScanExec: Planning scan with bin packing, max size: 4194304 bytes, open cost is considered as scanning 4194304 bytes.
[2026-01-29T20:03:56.649+0530] {subprocess.py:106} INFO - 26/01/29 20:03:56 INFO DAGScheduler: Registering RDD 252 (count at NativeMethodAccessorImpl.java:0) as input to shuffle 15
[2026-01-29T20:03:56.649+0530] {subprocess.py:106} INFO - 26/01/29 20:03:56 INFO DAGScheduler: Got map stage job 54 (count at NativeMethodAccessorImpl.java:0) with 2 output partitions
[2026-01-29T20:03:56.649+0530] {subprocess.py:106} INFO - 26/01/29 20:03:56 INFO DAGScheduler: Final stage: ShuffleMapStage 69 (count at NativeMethodAccessorImpl.java:0)
[2026-01-29T20:03:56.650+0530] {subprocess.py:106} INFO - 26/01/29 20:03:56 INFO DAGScheduler: Parents of final stage: List()
[2026-01-29T20:03:56.650+0530] {subprocess.py:106} INFO - 26/01/29 20:03:56 INFO DAGScheduler: Missing parents: List()
[2026-01-29T20:03:56.650+0530] {subprocess.py:106} INFO - 26/01/29 20:03:56 INFO DAGScheduler: Submitting ShuffleMapStage 69 (MapPartitionsRDD[252] at count at NativeMethodAccessorImpl.java:0), which has no missing parents
[2026-01-29T20:03:56.652+0530] {subprocess.py:106} INFO - 26/01/29 20:03:56 INFO MemoryStore: Block broadcast_94 stored as values in memory (estimated size 20.0 KiB, free 365.1 MiB)
[2026-01-29T20:03:56.653+0530] {subprocess.py:106} INFO - 26/01/29 20:03:56 INFO MemoryStore: Block broadcast_94_piece0 stored as bytes in memory (estimated size 9.7 KiB, free 365.1 MiB)
[2026-01-29T20:03:56.653+0530] {subprocess.py:106} INFO - 26/01/29 20:03:56 INFO BlockManagerInfo: Added broadcast_94_piece0 in memory on Aishwarya92848DBDA:42547 (size: 9.7 KiB, free: 366.2 MiB)
[2026-01-29T20:03:56.653+0530] {subprocess.py:106} INFO - 26/01/29 20:03:56 INFO SparkContext: Created broadcast 94 from broadcast at DAGScheduler.scala:1585
[2026-01-29T20:03:56.654+0530] {subprocess.py:106} INFO - 26/01/29 20:03:56 INFO DAGScheduler: Submitting 2 missing tasks from ShuffleMapStage 69 (MapPartitionsRDD[252] at count at NativeMethodAccessorImpl.java:0) (first 15 tasks are for partitions Vector(0, 1))
[2026-01-29T20:03:56.654+0530] {subprocess.py:106} INFO - 26/01/29 20:03:56 INFO TaskSchedulerImpl: Adding task set 69.0 with 2 tasks resource profile 0
[2026-01-29T20:03:56.655+0530] {subprocess.py:106} INFO - 26/01/29 20:03:56 INFO TaskSetManager: Starting task 0.0 in stage 69.0 (TID 91) (Aishwarya92848DBDA, executor driver, partition 0, NODE_LOCAL, 8230 bytes)
[2026-01-29T20:03:56.655+0530] {subprocess.py:106} INFO - 26/01/29 20:03:56 INFO TaskSetManager: Starting task 1.0 in stage 69.0 (TID 92) (Aishwarya92848DBDA, executor driver, partition 1, NODE_LOCAL, 8230 bytes)
[2026-01-29T20:03:56.656+0530] {subprocess.py:106} INFO - 26/01/29 20:03:56 INFO Executor: Running task 1.0 in stage 69.0 (TID 92)
[2026-01-29T20:03:56.656+0530] {subprocess.py:106} INFO - 26/01/29 20:03:56 INFO Executor: Running task 0.0 in stage 69.0 (TID 91)
[2026-01-29T20:03:56.659+0530] {subprocess.py:106} INFO - 26/01/29 20:03:56 INFO FileScanRDD: Reading File path: hdfs://localhost:9000/weather/data/raw_data/weather_dataset.csv, range: 0-4194304, partition values: [empty row]
[2026-01-29T20:03:56.660+0530] {subprocess.py:106} INFO - 26/01/29 20:03:56 INFO FileScanRDD: Reading File path: hdfs://localhost:9000/weather/data/raw_data/weather_dataset.csv, range: 4194304-5651348, partition values: [empty row]
[2026-01-29T20:03:56.704+0530] {subprocess.py:106} INFO - 26/01/29 20:03:56 INFO Executor: Finished task 1.0 in stage 69.0 (TID 92). 1990 bytes result sent to driver
[2026-01-29T20:03:56.705+0530] {subprocess.py:106} INFO - 26/01/29 20:03:56 INFO TaskSetManager: Finished task 1.0 in stage 69.0 (TID 92) in 50 ms on Aishwarya92848DBDA (executor driver) (1/2)
[2026-01-29T20:03:56.748+0530] {subprocess.py:106} INFO - 26/01/29 20:03:56 INFO Executor: Finished task 0.0 in stage 69.0 (TID 91). 1990 bytes result sent to driver
[2026-01-29T20:03:56.749+0530] {subprocess.py:106} INFO - 26/01/29 20:03:56 INFO TaskSetManager: Finished task 0.0 in stage 69.0 (TID 91) in 95 ms on Aishwarya92848DBDA (executor driver) (2/2)
[2026-01-29T20:03:56.750+0530] {subprocess.py:106} INFO - 26/01/29 20:03:56 INFO TaskSchedulerImpl: Removed TaskSet 69.0, whose tasks have all completed, from pool
[2026-01-29T20:03:56.750+0530] {subprocess.py:106} INFO - 26/01/29 20:03:56 INFO DAGScheduler: ShuffleMapStage 69 (count at NativeMethodAccessorImpl.java:0) finished in 0.100 s
[2026-01-29T20:03:56.750+0530] {subprocess.py:106} INFO - 26/01/29 20:03:56 INFO DAGScheduler: looking for newly runnable stages
[2026-01-29T20:03:56.750+0530] {subprocess.py:106} INFO - 26/01/29 20:03:56 INFO DAGScheduler: running: Set()
[2026-01-29T20:03:56.750+0530] {subprocess.py:106} INFO - 26/01/29 20:03:56 INFO DAGScheduler: waiting: Set()
[2026-01-29T20:03:56.750+0530] {subprocess.py:106} INFO - 26/01/29 20:03:56 INFO DAGScheduler: failed: Set()
[2026-01-29T20:03:56.760+0530] {subprocess.py:106} INFO - 26/01/29 20:03:56 INFO SparkContext: Starting job: count at NativeMethodAccessorImpl.java:0
[2026-01-29T20:03:56.761+0530] {subprocess.py:106} INFO - 26/01/29 20:03:56 INFO DAGScheduler: Got job 55 (count at NativeMethodAccessorImpl.java:0) with 1 output partitions
[2026-01-29T20:03:56.761+0530] {subprocess.py:106} INFO - 26/01/29 20:03:56 INFO DAGScheduler: Final stage: ResultStage 71 (count at NativeMethodAccessorImpl.java:0)
[2026-01-29T20:03:56.762+0530] {subprocess.py:106} INFO - 26/01/29 20:03:56 INFO DAGScheduler: Parents of final stage: List(ShuffleMapStage 70)
[2026-01-29T20:03:56.762+0530] {subprocess.py:106} INFO - 26/01/29 20:03:56 INFO DAGScheduler: Missing parents: List()
[2026-01-29T20:03:56.762+0530] {subprocess.py:106} INFO - 26/01/29 20:03:56 INFO DAGScheduler: Submitting ResultStage 71 (MapPartitionsRDD[255] at count at NativeMethodAccessorImpl.java:0), which has no missing parents
[2026-01-29T20:03:56.763+0530] {subprocess.py:106} INFO - 26/01/29 20:03:56 INFO MemoryStore: Block broadcast_95 stored as values in memory (estimated size 12.5 KiB, free 365.1 MiB)
[2026-01-29T20:03:56.764+0530] {subprocess.py:106} INFO - 26/01/29 20:03:56 INFO MemoryStore: Block broadcast_95_piece0 stored as bytes in memory (estimated size 5.9 KiB, free 365.1 MiB)
[2026-01-29T20:03:56.765+0530] {subprocess.py:106} INFO - 26/01/29 20:03:56 INFO BlockManagerInfo: Added broadcast_95_piece0 in memory on Aishwarya92848DBDA:42547 (size: 5.9 KiB, free: 366.2 MiB)
[2026-01-29T20:03:56.765+0530] {subprocess.py:106} INFO - 26/01/29 20:03:56 INFO SparkContext: Created broadcast 95 from broadcast at DAGScheduler.scala:1585
[2026-01-29T20:03:56.765+0530] {subprocess.py:106} INFO - 26/01/29 20:03:56 INFO DAGScheduler: Submitting 1 missing tasks from ResultStage 71 (MapPartitionsRDD[255] at count at NativeMethodAccessorImpl.java:0) (first 15 tasks are for partitions Vector(0))
[2026-01-29T20:03:56.765+0530] {subprocess.py:106} INFO - 26/01/29 20:03:56 INFO TaskSchedulerImpl: Adding task set 71.0 with 1 tasks resource profile 0
[2026-01-29T20:03:56.766+0530] {subprocess.py:106} INFO - 26/01/29 20:03:56 INFO TaskSetManager: Starting task 0.0 in stage 71.0 (TID 93) (Aishwarya92848DBDA, executor driver, partition 0, NODE_LOCAL, 7615 bytes)
[2026-01-29T20:03:56.766+0530] {subprocess.py:106} INFO - 26/01/29 20:03:56 INFO Executor: Running task 0.0 in stage 71.0 (TID 93)
[2026-01-29T20:03:56.768+0530] {subprocess.py:106} INFO - 26/01/29 20:03:56 INFO ShuffleBlockFetcherIterator: Getting 2 (120.0 B) non-empty blocks including 2 (120.0 B) local and 0 (0.0 B) host-local and 0 (0.0 B) push-merged-local and 0 (0.0 B) remote blocks
[2026-01-29T20:03:56.769+0530] {subprocess.py:106} INFO - 26/01/29 20:03:56 INFO ShuffleBlockFetcherIterator: Started 0 remote fetches in 0 ms
[2026-01-29T20:03:56.770+0530] {subprocess.py:106} INFO - 26/01/29 20:03:56 INFO Executor: Finished task 0.0 in stage 71.0 (TID 93). 3995 bytes result sent to driver
[2026-01-29T20:03:56.771+0530] {subprocess.py:106} INFO - 26/01/29 20:03:56 INFO TaskSetManager: Finished task 0.0 in stage 71.0 (TID 93) in 4 ms on Aishwarya92848DBDA (executor driver) (1/1)
[2026-01-29T20:03:56.771+0530] {subprocess.py:106} INFO - 26/01/29 20:03:56 INFO TaskSchedulerImpl: Removed TaskSet 71.0, whose tasks have all completed, from pool
[2026-01-29T20:03:56.771+0530] {subprocess.py:106} INFO - 26/01/29 20:03:56 INFO DAGScheduler: ResultStage 71 (count at NativeMethodAccessorImpl.java:0) finished in 0.009 s
[2026-01-29T20:03:56.772+0530] {subprocess.py:106} INFO - 26/01/29 20:03:56 INFO DAGScheduler: Job 55 is finished. Cancelling potential speculative or zombie tasks for this job
[2026-01-29T20:03:56.772+0530] {subprocess.py:106} INFO - 26/01/29 20:03:56 INFO TaskSchedulerImpl: Killing all running tasks in stage 71: Stage finished
[2026-01-29T20:03:56.772+0530] {subprocess.py:106} INFO - 26/01/29 20:03:56 INFO DAGScheduler: Job 55 finished: count at NativeMethodAccessorImpl.java:0, took 0.011307 s
[2026-01-29T20:03:56.773+0530] {subprocess.py:106} INFO - rain_sum: Outliers after handling = 17354
[2026-01-29T20:03:56.795+0530] {subprocess.py:106} INFO - 26/01/29 20:03:56 INFO FileSourceStrategy: Pushed Filters:
[2026-01-29T20:03:56.796+0530] {subprocess.py:106} INFO - 26/01/29 20:03:56 INFO FileSourceStrategy: Post-Scan Filters:
[2026-01-29T20:03:56.806+0530] {subprocess.py:106} INFO - 26/01/29 20:03:56 INFO BlockManagerInfo: Removed broadcast_95_piece0 on Aishwarya92848DBDA:42547 in memory (size: 5.9 KiB, free: 366.2 MiB)
[2026-01-29T20:03:56.807+0530] {subprocess.py:106} INFO - 26/01/29 20:03:56 INFO BlockManagerInfo: Removed broadcast_91_piece0 on Aishwarya92848DBDA:42547 in memory (size: 34.3 KiB, free: 366.2 MiB)
[2026-01-29T20:03:56.808+0530] {subprocess.py:106} INFO - 26/01/29 20:03:56 INFO BlockManagerInfo: Removed broadcast_92_piece0 on Aishwarya92848DBDA:42547 in memory (size: 9.5 KiB, free: 366.2 MiB)
[2026-01-29T20:03:56.809+0530] {subprocess.py:106} INFO - 26/01/29 20:03:56 INFO BlockManagerInfo: Removed broadcast_88_piece0 on Aishwarya92848DBDA:42547 in memory (size: 34.3 KiB, free: 366.3 MiB)
[2026-01-29T20:03:56.810+0530] {subprocess.py:106} INFO - 26/01/29 20:03:56 INFO BlockManagerInfo: Removed broadcast_94_piece0 on Aishwarya92848DBDA:42547 in memory (size: 9.7 KiB, free: 366.3 MiB)
[2026-01-29T20:03:56.813+0530] {subprocess.py:106} INFO - 26/01/29 20:03:56 INFO CodeGenerator: Code generated in 8.259732 ms
[2026-01-29T20:03:56.814+0530] {subprocess.py:106} INFO - 26/01/29 20:03:56 INFO MemoryStore: Block broadcast_96 stored as values in memory (estimated size 350.2 KiB, free 365.6 MiB)
[2026-01-29T20:03:56.820+0530] {subprocess.py:106} INFO - 26/01/29 20:03:56 INFO MemoryStore: Block broadcast_96_piece0 stored as bytes in memory (estimated size 34.3 KiB, free 365.5 MiB)
[2026-01-29T20:03:56.820+0530] {subprocess.py:106} INFO - 26/01/29 20:03:56 INFO BlockManagerInfo: Added broadcast_96_piece0 in memory on Aishwarya92848DBDA:42547 (size: 34.3 KiB, free: 366.2 MiB)
[2026-01-29T20:03:56.821+0530] {subprocess.py:106} INFO - 26/01/29 20:03:56 INFO SparkContext: Created broadcast 96 from approxQuantile at <unknown>:0
[2026-01-29T20:03:56.821+0530] {subprocess.py:106} INFO - 26/01/29 20:03:56 INFO FileSourceScanExec: Planning scan with bin packing, max size: 4194304 bytes, open cost is considered as scanning 4194304 bytes.
[2026-01-29T20:03:56.831+0530] {subprocess.py:106} INFO - 26/01/29 20:03:56 INFO SparkContext: Starting job: approxQuantile at <unknown>:0
[2026-01-29T20:03:56.832+0530] {subprocess.py:106} INFO - 26/01/29 20:03:56 INFO DAGScheduler: Got job 56 (approxQuantile at <unknown>:0) with 2 output partitions
[2026-01-29T20:03:56.832+0530] {subprocess.py:106} INFO - 26/01/29 20:03:56 INFO DAGScheduler: Final stage: ResultStage 72 (approxQuantile at <unknown>:0)
[2026-01-29T20:03:56.833+0530] {subprocess.py:106} INFO - 26/01/29 20:03:56 INFO DAGScheduler: Parents of final stage: List()
[2026-01-29T20:03:56.833+0530] {subprocess.py:106} INFO - 26/01/29 20:03:56 INFO DAGScheduler: Missing parents: List()
[2026-01-29T20:03:56.833+0530] {subprocess.py:106} INFO - 26/01/29 20:03:56 INFO DAGScheduler: Submitting ResultStage 72 (MapPartitionsRDD[262] at approxQuantile at <unknown>:0), which has no missing parents
[2026-01-29T20:03:56.840+0530] {subprocess.py:106} INFO - 26/01/29 20:03:56 INFO MemoryStore: Block broadcast_97 stored as values in memory (estimated size 32.9 KiB, free 365.5 MiB)
[2026-01-29T20:03:56.841+0530] {subprocess.py:106} INFO - 26/01/29 20:03:56 INFO MemoryStore: Block broadcast_97_piece0 stored as bytes in memory (estimated size 15.2 KiB, free 365.5 MiB)
[2026-01-29T20:03:56.841+0530] {subprocess.py:106} INFO - 26/01/29 20:03:56 INFO BlockManagerInfo: Added broadcast_97_piece0 in memory on Aishwarya92848DBDA:42547 (size: 15.2 KiB, free: 366.2 MiB)
[2026-01-29T20:03:56.842+0530] {subprocess.py:106} INFO - 26/01/29 20:03:56 INFO SparkContext: Created broadcast 97 from broadcast at DAGScheduler.scala:1585
[2026-01-29T20:03:56.842+0530] {subprocess.py:106} INFO - 26/01/29 20:03:56 INFO DAGScheduler: Submitting 2 missing tasks from ResultStage 72 (MapPartitionsRDD[262] at approxQuantile at <unknown>:0) (first 15 tasks are for partitions Vector(0, 1))
[2026-01-29T20:03:56.842+0530] {subprocess.py:106} INFO - 26/01/29 20:03:56 INFO TaskSchedulerImpl: Adding task set 72.0 with 2 tasks resource profile 0
[2026-01-29T20:03:56.843+0530] {subprocess.py:106} INFO - 26/01/29 20:03:56 INFO TaskSetManager: Starting task 0.0 in stage 72.0 (TID 94) (Aishwarya92848DBDA, executor driver, partition 0, NODE_LOCAL, 8241 bytes)
[2026-01-29T20:03:56.843+0530] {subprocess.py:106} INFO - 26/01/29 20:03:56 INFO TaskSetManager: Starting task 1.0 in stage 72.0 (TID 95) (Aishwarya92848DBDA, executor driver, partition 1, NODE_LOCAL, 8241 bytes)
[2026-01-29T20:03:56.843+0530] {subprocess.py:106} INFO - 26/01/29 20:03:56 INFO Executor: Running task 0.0 in stage 72.0 (TID 94)
[2026-01-29T20:03:56.844+0530] {subprocess.py:106} INFO - 26/01/29 20:03:56 INFO Executor: Running task 1.0 in stage 72.0 (TID 95)
[2026-01-29T20:03:56.854+0530] {subprocess.py:106} INFO - 26/01/29 20:03:56 INFO CodeGenerator: Code generated in 7.227693 ms
[2026-01-29T20:03:56.856+0530] {subprocess.py:106} INFO - 26/01/29 20:03:56 INFO FileScanRDD: Reading File path: hdfs://localhost:9000/weather/data/raw_data/weather_dataset.csv, range: 0-4194304, partition values: [empty row]
[2026-01-29T20:03:56.857+0530] {subprocess.py:106} INFO - 26/01/29 20:03:56 INFO FileScanRDD: Reading File path: hdfs://localhost:9000/weather/data/raw_data/weather_dataset.csv, range: 4194304-5651348, partition values: [empty row]
[2026-01-29T20:03:56.906+0530] {subprocess.py:106} INFO - 26/01/29 20:03:56 INFO Executor: Finished task 1.0 in stage 72.0 (TID 95). 8281 bytes result sent to driver
[2026-01-29T20:03:56.907+0530] {subprocess.py:106} INFO - 26/01/29 20:03:56 INFO TaskSetManager: Finished task 1.0 in stage 72.0 (TID 95) in 64 ms on Aishwarya92848DBDA (executor driver) (1/2)
[2026-01-29T20:03:56.972+0530] {subprocess.py:106} INFO - 26/01/29 20:03:56 INFO Executor: Finished task 0.0 in stage 72.0 (TID 94). 5841 bytes result sent to driver
[2026-01-29T20:03:56.973+0530] {subprocess.py:106} INFO - 26/01/29 20:03:56 INFO TaskSetManager: Finished task 0.0 in stage 72.0 (TID 94) in 129 ms on Aishwarya92848DBDA (executor driver) (2/2)
[2026-01-29T20:03:56.973+0530] {subprocess.py:106} INFO - 26/01/29 20:03:56 INFO TaskSchedulerImpl: Removed TaskSet 72.0, whose tasks have all completed, from pool
[2026-01-29T20:03:56.974+0530] {subprocess.py:106} INFO - 26/01/29 20:03:56 INFO DAGScheduler: ResultStage 72 (approxQuantile at <unknown>:0) finished in 0.140 s
[2026-01-29T20:03:56.974+0530] {subprocess.py:106} INFO - 26/01/29 20:03:56 INFO DAGScheduler: Job 56 is finished. Cancelling potential speculative or zombie tasks for this job
[2026-01-29T20:03:56.974+0530] {subprocess.py:106} INFO - 26/01/29 20:03:56 INFO TaskSchedulerImpl: Killing all running tasks in stage 72: Stage finished
[2026-01-29T20:03:56.974+0530] {subprocess.py:106} INFO - 26/01/29 20:03:56 INFO DAGScheduler: Job 56 finished: approxQuantile at <unknown>:0, took 0.142717 s
[2026-01-29T20:03:57.042+0530] {subprocess.py:106} INFO - 26/01/29 20:03:57 INFO FileSourceStrategy: Pushed Filters:
[2026-01-29T20:03:57.043+0530] {subprocess.py:106} INFO - 26/01/29 20:03:57 INFO FileSourceStrategy: Post-Scan Filters: (CASE WHEN (wind_speed_10m_max#26 < 0.9000000000000039) THEN false WHEN (wind_speed_10m_max#26 > 28.899999999999995) THEN false ELSE (wind_speed_10m_max#26 < 0.9000000000000039) END OR CASE WHEN (wind_speed_10m_max#26 < 0.9000000000000039) THEN false WHEN (wind_speed_10m_max#26 > 28.899999999999995) THEN false ELSE (wind_speed_10m_max#26 > 28.899999999999995) END)
[2026-01-29T20:03:57.060+0530] {subprocess.py:106} INFO - 26/01/29 20:03:57 INFO CodeGenerator: Code generated in 9.816142 ms
[2026-01-29T20:03:57.062+0530] {subprocess.py:106} INFO - 26/01/29 20:03:57 INFO MemoryStore: Block broadcast_98 stored as values in memory (estimated size 350.2 KiB, free 365.2 MiB)
[2026-01-29T20:03:57.068+0530] {subprocess.py:106} INFO - 26/01/29 20:03:57 INFO MemoryStore: Block broadcast_98_piece0 stored as bytes in memory (estimated size 34.3 KiB, free 365.1 MiB)
[2026-01-29T20:03:57.069+0530] {subprocess.py:106} INFO - 26/01/29 20:03:57 INFO BlockManagerInfo: Added broadcast_98_piece0 in memory on Aishwarya92848DBDA:42547 (size: 34.3 KiB, free: 366.2 MiB)
[2026-01-29T20:03:57.069+0530] {subprocess.py:106} INFO - 26/01/29 20:03:57 INFO SparkContext: Created broadcast 98 from count at NativeMethodAccessorImpl.java:0
[2026-01-29T20:03:57.070+0530] {subprocess.py:106} INFO - 26/01/29 20:03:57 INFO FileSourceScanExec: Planning scan with bin packing, max size: 4194304 bytes, open cost is considered as scanning 4194304 bytes.
[2026-01-29T20:03:57.074+0530] {subprocess.py:106} INFO - 26/01/29 20:03:57 INFO DAGScheduler: Registering RDD 266 (count at NativeMethodAccessorImpl.java:0) as input to shuffle 16
[2026-01-29T20:03:57.074+0530] {subprocess.py:106} INFO - 26/01/29 20:03:57 INFO DAGScheduler: Got map stage job 57 (count at NativeMethodAccessorImpl.java:0) with 2 output partitions
[2026-01-29T20:03:57.074+0530] {subprocess.py:106} INFO - 26/01/29 20:03:57 INFO DAGScheduler: Final stage: ShuffleMapStage 73 (count at NativeMethodAccessorImpl.java:0)
[2026-01-29T20:03:57.075+0530] {subprocess.py:106} INFO - 26/01/29 20:03:57 INFO DAGScheduler: Parents of final stage: List()
[2026-01-29T20:03:57.075+0530] {subprocess.py:106} INFO - 26/01/29 20:03:57 INFO DAGScheduler: Missing parents: List()
[2026-01-29T20:03:57.075+0530] {subprocess.py:106} INFO - 26/01/29 20:03:57 INFO DAGScheduler: Submitting ShuffleMapStage 73 (MapPartitionsRDD[266] at count at NativeMethodAccessorImpl.java:0), which has no missing parents
[2026-01-29T20:03:57.078+0530] {subprocess.py:106} INFO - 26/01/29 20:03:57 INFO MemoryStore: Block broadcast_99 stored as values in memory (estimated size 22.1 KiB, free 365.1 MiB)
[2026-01-29T20:03:57.079+0530] {subprocess.py:106} INFO - 26/01/29 20:03:57 INFO MemoryStore: Block broadcast_99_piece0 stored as bytes in memory (estimated size 10.0 KiB, free 365.1 MiB)
[2026-01-29T20:03:57.079+0530] {subprocess.py:106} INFO - 26/01/29 20:03:57 INFO BlockManagerInfo: Added broadcast_99_piece0 in memory on Aishwarya92848DBDA:42547 (size: 10.0 KiB, free: 366.2 MiB)
[2026-01-29T20:03:57.079+0530] {subprocess.py:106} INFO - 26/01/29 20:03:57 INFO SparkContext: Created broadcast 99 from broadcast at DAGScheduler.scala:1585
[2026-01-29T20:03:57.080+0530] {subprocess.py:106} INFO - 26/01/29 20:03:57 INFO DAGScheduler: Submitting 2 missing tasks from ShuffleMapStage 73 (MapPartitionsRDD[266] at count at NativeMethodAccessorImpl.java:0) (first 15 tasks are for partitions Vector(0, 1))
[2026-01-29T20:03:57.080+0530] {subprocess.py:106} INFO - 26/01/29 20:03:57 INFO TaskSchedulerImpl: Adding task set 73.0 with 2 tasks resource profile 0
[2026-01-29T20:03:57.080+0530] {subprocess.py:106} INFO - 26/01/29 20:03:57 INFO TaskSetManager: Starting task 0.0 in stage 73.0 (TID 96) (Aishwarya92848DBDA, executor driver, partition 0, NODE_LOCAL, 8230 bytes)
[2026-01-29T20:03:57.081+0530] {subprocess.py:106} INFO - 26/01/29 20:03:57 INFO TaskSetManager: Starting task 1.0 in stage 73.0 (TID 97) (Aishwarya92848DBDA, executor driver, partition 1, NODE_LOCAL, 8230 bytes)
[2026-01-29T20:03:57.081+0530] {subprocess.py:106} INFO - 26/01/29 20:03:57 INFO Executor: Running task 0.0 in stage 73.0 (TID 96)
[2026-01-29T20:03:57.081+0530] {subprocess.py:106} INFO - 26/01/29 20:03:57 INFO Executor: Running task 1.0 in stage 73.0 (TID 97)
[2026-01-29T20:03:57.094+0530] {subprocess.py:106} INFO - 26/01/29 20:03:57 INFO CodeGenerator: Code generated in 9.717093 ms
[2026-01-29T20:03:57.095+0530] {subprocess.py:106} INFO - 26/01/29 20:03:57 INFO FileScanRDD: Reading File path: hdfs://localhost:9000/weather/data/raw_data/weather_dataset.csv, range: 4194304-5651348, partition values: [empty row]
[2026-01-29T20:03:57.095+0530] {subprocess.py:106} INFO - 26/01/29 20:03:57 INFO FileScanRDD: Reading File path: hdfs://localhost:9000/weather/data/raw_data/weather_dataset.csv, range: 0-4194304, partition values: [empty row]
[2026-01-29T20:03:57.148+0530] {subprocess.py:106} INFO - 26/01/29 20:03:57 INFO Executor: Finished task 1.0 in stage 73.0 (TID 97). 1990 bytes result sent to driver
[2026-01-29T20:03:57.148+0530] {subprocess.py:106} INFO - 26/01/29 20:03:57 INFO TaskSetManager: Finished task 1.0 in stage 73.0 (TID 97) in 68 ms on Aishwarya92848DBDA (executor driver) (1/2)
[2026-01-29T20:03:57.209+0530] {subprocess.py:106} INFO - 26/01/29 20:03:57 INFO BlockManagerInfo: Removed broadcast_96_piece0 on Aishwarya92848DBDA:42547 in memory (size: 34.3 KiB, free: 366.2 MiB)
[2026-01-29T20:03:57.210+0530] {subprocess.py:106} INFO - 26/01/29 20:03:57 INFO BlockManagerInfo: Removed broadcast_93_piece0 on Aishwarya92848DBDA:42547 in memory (size: 34.3 KiB, free: 366.2 MiB)
[2026-01-29T20:03:57.211+0530] {subprocess.py:106} INFO - 26/01/29 20:03:57 INFO BlockManagerInfo: Removed broadcast_97_piece0 on Aishwarya92848DBDA:42547 in memory (size: 15.2 KiB, free: 366.3 MiB)
[2026-01-29T20:03:57.215+0530] {subprocess.py:106} INFO - 26/01/29 20:03:57 INFO Executor: Finished task 0.0 in stage 73.0 (TID 96). 2033 bytes result sent to driver
[2026-01-29T20:03:57.215+0530] {subprocess.py:106} INFO - 26/01/29 20:03:57 INFO TaskSetManager: Finished task 0.0 in stage 73.0 (TID 96) in 135 ms on Aishwarya92848DBDA (executor driver) (2/2)
[2026-01-29T20:03:57.215+0530] {subprocess.py:106} INFO - 26/01/29 20:03:57 INFO TaskSchedulerImpl: Removed TaskSet 73.0, whose tasks have all completed, from pool
[2026-01-29T20:03:57.216+0530] {subprocess.py:106} INFO - 26/01/29 20:03:57 INFO DAGScheduler: ShuffleMapStage 73 (count at NativeMethodAccessorImpl.java:0) finished in 0.140 s
[2026-01-29T20:03:57.216+0530] {subprocess.py:106} INFO - 26/01/29 20:03:57 INFO DAGScheduler: looking for newly runnable stages
[2026-01-29T20:03:57.216+0530] {subprocess.py:106} INFO - 26/01/29 20:03:57 INFO DAGScheduler: running: Set()
[2026-01-29T20:03:57.216+0530] {subprocess.py:106} INFO - 26/01/29 20:03:57 INFO DAGScheduler: waiting: Set()
[2026-01-29T20:03:57.216+0530] {subprocess.py:106} INFO - 26/01/29 20:03:57 INFO DAGScheduler: failed: Set()
[2026-01-29T20:03:57.227+0530] {subprocess.py:106} INFO - 26/01/29 20:03:57 INFO SparkContext: Starting job: count at NativeMethodAccessorImpl.java:0
[2026-01-29T20:03:57.227+0530] {subprocess.py:106} INFO - 26/01/29 20:03:57 INFO DAGScheduler: Got job 58 (count at NativeMethodAccessorImpl.java:0) with 1 output partitions
[2026-01-29T20:03:57.228+0530] {subprocess.py:106} INFO - 26/01/29 20:03:57 INFO DAGScheduler: Final stage: ResultStage 75 (count at NativeMethodAccessorImpl.java:0)
[2026-01-29T20:03:57.228+0530] {subprocess.py:106} INFO - 26/01/29 20:03:57 INFO DAGScheduler: Parents of final stage: List(ShuffleMapStage 74)
[2026-01-29T20:03:57.229+0530] {subprocess.py:106} INFO - 26/01/29 20:03:57 INFO DAGScheduler: Missing parents: List()
[2026-01-29T20:03:57.229+0530] {subprocess.py:106} INFO - 26/01/29 20:03:57 INFO DAGScheduler: Submitting ResultStage 75 (MapPartitionsRDD[269] at count at NativeMethodAccessorImpl.java:0), which has no missing parents
[2026-01-29T20:03:57.229+0530] {subprocess.py:106} INFO - 26/01/29 20:03:57 INFO MemoryStore: Block broadcast_100 stored as values in memory (estimated size 12.5 KiB, free 365.9 MiB)
[2026-01-29T20:03:57.229+0530] {subprocess.py:106} INFO - 26/01/29 20:03:57 INFO MemoryStore: Block broadcast_100_piece0 stored as bytes in memory (estimated size 5.9 KiB, free 365.9 MiB)
[2026-01-29T20:03:57.230+0530] {subprocess.py:106} INFO - 26/01/29 20:03:57 INFO BlockManagerInfo: Added broadcast_100_piece0 in memory on Aishwarya92848DBDA:42547 (size: 5.9 KiB, free: 366.3 MiB)
[2026-01-29T20:03:57.230+0530] {subprocess.py:106} INFO - 26/01/29 20:03:57 INFO SparkContext: Created broadcast 100 from broadcast at DAGScheduler.scala:1585
[2026-01-29T20:03:57.230+0530] {subprocess.py:106} INFO - 26/01/29 20:03:57 INFO DAGScheduler: Submitting 1 missing tasks from ResultStage 75 (MapPartitionsRDD[269] at count at NativeMethodAccessorImpl.java:0) (first 15 tasks are for partitions Vector(0))
[2026-01-29T20:03:57.230+0530] {subprocess.py:106} INFO - 26/01/29 20:03:57 INFO TaskSchedulerImpl: Adding task set 75.0 with 1 tasks resource profile 0
[2026-01-29T20:03:57.231+0530] {subprocess.py:106} INFO - 26/01/29 20:03:57 INFO TaskSetManager: Starting task 0.0 in stage 75.0 (TID 98) (Aishwarya92848DBDA, executor driver, partition 0, NODE_LOCAL, 7615 bytes)
[2026-01-29T20:03:57.231+0530] {subprocess.py:106} INFO - 26/01/29 20:03:57 INFO Executor: Running task 0.0 in stage 75.0 (TID 98)
[2026-01-29T20:03:57.233+0530] {subprocess.py:106} INFO - 26/01/29 20:03:57 INFO ShuffleBlockFetcherIterator: Getting 2 (120.0 B) non-empty blocks including 2 (120.0 B) local and 0 (0.0 B) host-local and 0 (0.0 B) push-merged-local and 0 (0.0 B) remote blocks
[2026-01-29T20:03:57.234+0530] {subprocess.py:106} INFO - 26/01/29 20:03:57 INFO ShuffleBlockFetcherIterator: Started 0 remote fetches in 0 ms
[2026-01-29T20:03:57.235+0530] {subprocess.py:106} INFO - 26/01/29 20:03:57 INFO Executor: Finished task 0.0 in stage 75.0 (TID 98). 3988 bytes result sent to driver
[2026-01-29T20:03:57.235+0530] {subprocess.py:106} INFO - 26/01/29 20:03:57 INFO TaskSetManager: Finished task 0.0 in stage 75.0 (TID 98) in 4 ms on Aishwarya92848DBDA (executor driver) (1/1)
[2026-01-29T20:03:57.236+0530] {subprocess.py:106} INFO - 26/01/29 20:03:57 INFO TaskSchedulerImpl: Removed TaskSet 75.0, whose tasks have all completed, from pool
[2026-01-29T20:03:57.236+0530] {subprocess.py:106} INFO - 26/01/29 20:03:57 INFO DAGScheduler: ResultStage 75 (count at NativeMethodAccessorImpl.java:0) finished in 0.008 s
[2026-01-29T20:03:57.236+0530] {subprocess.py:106} INFO - 26/01/29 20:03:57 INFO DAGScheduler: Job 58 is finished. Cancelling potential speculative or zombie tasks for this job
[2026-01-29T20:03:57.236+0530] {subprocess.py:106} INFO - 26/01/29 20:03:57 INFO TaskSchedulerImpl: Killing all running tasks in stage 75: Stage finished
[2026-01-29T20:03:57.237+0530] {subprocess.py:106} INFO - 26/01/29 20:03:57 INFO DAGScheduler: Job 58 finished: count at NativeMethodAccessorImpl.java:0, took 0.009324 s
[2026-01-29T20:03:57.237+0530] {subprocess.py:106} INFO - wind_speed_10m_max: Outliers after handling = 0
[2026-01-29T20:03:57.253+0530] {subprocess.py:106} INFO - 26/01/29 20:03:57 INFO FileSourceStrategy: Pushed Filters:
[2026-01-29T20:03:57.253+0530] {subprocess.py:106} INFO - 26/01/29 20:03:57 INFO FileSourceStrategy: Post-Scan Filters:
[2026-01-29T20:03:57.261+0530] {subprocess.py:106} INFO - 26/01/29 20:03:57 INFO CodeGenerator: Code generated in 5.417428 ms
[2026-01-29T20:03:57.262+0530] {subprocess.py:106} INFO - 26/01/29 20:03:57 INFO MemoryStore: Block broadcast_101 stored as values in memory (estimated size 350.2 KiB, free 365.5 MiB)
[2026-01-29T20:03:57.267+0530] {subprocess.py:106} INFO - 26/01/29 20:03:57 INFO MemoryStore: Block broadcast_101_piece0 stored as bytes in memory (estimated size 34.3 KiB, free 365.5 MiB)
[2026-01-29T20:03:57.268+0530] {subprocess.py:106} INFO - 26/01/29 20:03:57 INFO BlockManagerInfo: Added broadcast_101_piece0 in memory on Aishwarya92848DBDA:42547 (size: 34.3 KiB, free: 366.2 MiB)
[2026-01-29T20:03:57.268+0530] {subprocess.py:106} INFO - 26/01/29 20:03:57 INFO SparkContext: Created broadcast 101 from approxQuantile at <unknown>:0
[2026-01-29T20:03:57.269+0530] {subprocess.py:106} INFO - 26/01/29 20:03:57 INFO FileSourceScanExec: Planning scan with bin packing, max size: 4194304 bytes, open cost is considered as scanning 4194304 bytes.
[2026-01-29T20:03:57.278+0530] {subprocess.py:106} INFO - 26/01/29 20:03:57 INFO SparkContext: Starting job: approxQuantile at <unknown>:0
[2026-01-29T20:03:57.279+0530] {subprocess.py:106} INFO - 26/01/29 20:03:57 INFO DAGScheduler: Got job 59 (approxQuantile at <unknown>:0) with 2 output partitions
[2026-01-29T20:03:57.279+0530] {subprocess.py:106} INFO - 26/01/29 20:03:57 INFO DAGScheduler: Final stage: ResultStage 76 (approxQuantile at <unknown>:0)
[2026-01-29T20:03:57.279+0530] {subprocess.py:106} INFO - 26/01/29 20:03:57 INFO DAGScheduler: Parents of final stage: List()
[2026-01-29T20:03:57.280+0530] {subprocess.py:106} INFO - 26/01/29 20:03:57 INFO DAGScheduler: Missing parents: List()
[2026-01-29T20:03:57.280+0530] {subprocess.py:106} INFO - 26/01/29 20:03:57 INFO DAGScheduler: Submitting ResultStage 76 (MapPartitionsRDD[276] at approxQuantile at <unknown>:0), which has no missing parents
[2026-01-29T20:03:57.284+0530] {subprocess.py:106} INFO - 26/01/29 20:03:57 INFO MemoryStore: Block broadcast_102 stored as values in memory (estimated size 32.9 KiB, free 365.5 MiB)
[2026-01-29T20:03:57.285+0530] {subprocess.py:106} INFO - 26/01/29 20:03:57 INFO MemoryStore: Block broadcast_102_piece0 stored as bytes in memory (estimated size 15.2 KiB, free 365.5 MiB)
[2026-01-29T20:03:57.286+0530] {subprocess.py:106} INFO - 26/01/29 20:03:57 INFO BlockManagerInfo: Added broadcast_102_piece0 in memory on Aishwarya92848DBDA:42547 (size: 15.2 KiB, free: 366.2 MiB)
[2026-01-29T20:03:57.286+0530] {subprocess.py:106} INFO - 26/01/29 20:03:57 INFO SparkContext: Created broadcast 102 from broadcast at DAGScheduler.scala:1585
[2026-01-29T20:03:57.286+0530] {subprocess.py:106} INFO - 26/01/29 20:03:57 INFO DAGScheduler: Submitting 2 missing tasks from ResultStage 76 (MapPartitionsRDD[276] at approxQuantile at <unknown>:0) (first 15 tasks are for partitions Vector(0, 1))
[2026-01-29T20:03:57.287+0530] {subprocess.py:106} INFO - 26/01/29 20:03:57 INFO TaskSchedulerImpl: Adding task set 76.0 with 2 tasks resource profile 0
[2026-01-29T20:03:57.287+0530] {subprocess.py:106} INFO - 26/01/29 20:03:57 INFO TaskSetManager: Starting task 0.0 in stage 76.0 (TID 99) (Aishwarya92848DBDA, executor driver, partition 0, NODE_LOCAL, 8241 bytes)
[2026-01-29T20:03:57.288+0530] {subprocess.py:106} INFO - 26/01/29 20:03:57 INFO TaskSetManager: Starting task 1.0 in stage 76.0 (TID 100) (Aishwarya92848DBDA, executor driver, partition 1, NODE_LOCAL, 8241 bytes)
[2026-01-29T20:03:57.288+0530] {subprocess.py:106} INFO - 26/01/29 20:03:57 INFO Executor: Running task 0.0 in stage 76.0 (TID 99)
[2026-01-29T20:03:57.288+0530] {subprocess.py:106} INFO - 26/01/29 20:03:57 INFO Executor: Running task 1.0 in stage 76.0 (TID 100)
[2026-01-29T20:03:57.297+0530] {subprocess.py:106} INFO - 26/01/29 20:03:57 INFO CodeGenerator: Code generated in 6.701759 ms
[2026-01-29T20:03:57.299+0530] {subprocess.py:106} INFO - 26/01/29 20:03:57 INFO FileScanRDD: Reading File path: hdfs://localhost:9000/weather/data/raw_data/weather_dataset.csv, range: 0-4194304, partition values: [empty row]
[2026-01-29T20:03:57.300+0530] {subprocess.py:106} INFO - 26/01/29 20:03:57 INFO FileScanRDD: Reading File path: hdfs://localhost:9000/weather/data/raw_data/weather_dataset.csv, range: 4194304-5651348, partition values: [empty row]
[2026-01-29T20:03:57.350+0530] {subprocess.py:106} INFO - 26/01/29 20:03:57 INFO Executor: Finished task 1.0 in stage 76.0 (TID 100). 8281 bytes result sent to driver
[2026-01-29T20:03:57.351+0530] {subprocess.py:106} INFO - 26/01/29 20:03:57 INFO TaskSetManager: Finished task 1.0 in stage 76.0 (TID 100) in 63 ms on Aishwarya92848DBDA (executor driver) (1/2)
[2026-01-29T20:03:57.412+0530] {subprocess.py:106} INFO - 26/01/29 20:03:57 INFO Executor: Finished task 0.0 in stage 76.0 (TID 99). 6081 bytes result sent to driver
[2026-01-29T20:03:57.413+0530] {subprocess.py:106} INFO - 26/01/29 20:03:57 INFO TaskSetManager: Finished task 0.0 in stage 76.0 (TID 99) in 125 ms on Aishwarya92848DBDA (executor driver) (2/2)
[2026-01-29T20:03:57.413+0530] {subprocess.py:106} INFO - 26/01/29 20:03:57 INFO TaskSchedulerImpl: Removed TaskSet 76.0, whose tasks have all completed, from pool
[2026-01-29T20:03:57.413+0530] {subprocess.py:106} INFO - 26/01/29 20:03:57 INFO DAGScheduler: ResultStage 76 (approxQuantile at <unknown>:0) finished in 0.134 s
[2026-01-29T20:03:57.414+0530] {subprocess.py:106} INFO - 26/01/29 20:03:57 INFO DAGScheduler: Job 59 is finished. Cancelling potential speculative or zombie tasks for this job
[2026-01-29T20:03:57.414+0530] {subprocess.py:106} INFO - 26/01/29 20:03:57 INFO TaskSchedulerImpl: Killing all running tasks in stage 76: Stage finished
[2026-01-29T20:03:57.414+0530] {subprocess.py:106} INFO - 26/01/29 20:03:57 INFO DAGScheduler: Job 59 finished: approxQuantile at <unknown>:0, took 0.135525 s
[2026-01-29T20:03:57.480+0530] {subprocess.py:106} INFO - 26/01/29 20:03:57 INFO FileSourceStrategy: Pushed Filters:
[2026-01-29T20:03:57.480+0530] {subprocess.py:106} INFO - 26/01/29 20:03:57 INFO FileSourceStrategy: Post-Scan Filters: (CASE WHEN (wind_gusts_10m_max#27 < 7.900000000000006) THEN false WHEN (wind_gusts_10m_max#27 > 55.099999999999994) THEN false ELSE (wind_gusts_10m_max#27 < 7.900000000000006) END OR CASE WHEN (wind_gusts_10m_max#27 < 7.900000000000006) THEN false WHEN (wind_gusts_10m_max#27 > 55.099999999999994) THEN false ELSE (wind_gusts_10m_max#27 > 55.099999999999994) END)
[2026-01-29T20:03:57.498+0530] {subprocess.py:106} INFO - 26/01/29 20:03:57 INFO CodeGenerator: Code generated in 7.841774 ms
[2026-01-29T20:03:57.500+0530] {subprocess.py:106} INFO - 26/01/29 20:03:57 INFO MemoryStore: Block broadcast_103 stored as values in memory (estimated size 350.2 KiB, free 365.1 MiB)
[2026-01-29T20:03:57.505+0530] {subprocess.py:106} INFO - 26/01/29 20:03:57 INFO MemoryStore: Block broadcast_103_piece0 stored as bytes in memory (estimated size 34.3 KiB, free 365.1 MiB)
[2026-01-29T20:03:57.506+0530] {subprocess.py:106} INFO - 26/01/29 20:03:57 INFO BlockManagerInfo: Added broadcast_103_piece0 in memory on Aishwarya92848DBDA:42547 (size: 34.3 KiB, free: 366.2 MiB)
[2026-01-29T20:03:57.506+0530] {subprocess.py:106} INFO - 26/01/29 20:03:57 INFO SparkContext: Created broadcast 103 from count at <unknown>:0
[2026-01-29T20:03:57.507+0530] {subprocess.py:106} INFO - 26/01/29 20:03:57 INFO FileSourceScanExec: Planning scan with bin packing, max size: 4194304 bytes, open cost is considered as scanning 4194304 bytes.
[2026-01-29T20:03:57.510+0530] {subprocess.py:106} INFO - 26/01/29 20:03:57 INFO DAGScheduler: Registering RDD 280 (count at <unknown>:0) as input to shuffle 17
[2026-01-29T20:03:57.510+0530] {subprocess.py:106} INFO - 26/01/29 20:03:57 INFO DAGScheduler: Got map stage job 60 (count at <unknown>:0) with 2 output partitions
[2026-01-29T20:03:57.511+0530] {subprocess.py:106} INFO - 26/01/29 20:03:57 INFO DAGScheduler: Final stage: ShuffleMapStage 77 (count at <unknown>:0)
[2026-01-29T20:03:57.511+0530] {subprocess.py:106} INFO - 26/01/29 20:03:57 INFO DAGScheduler: Parents of final stage: List()
[2026-01-29T20:03:57.511+0530] {subprocess.py:106} INFO - 26/01/29 20:03:57 INFO DAGScheduler: Missing parents: List()
[2026-01-29T20:03:57.511+0530] {subprocess.py:106} INFO - 26/01/29 20:03:57 INFO DAGScheduler: Submitting ShuffleMapStage 77 (MapPartitionsRDD[280] at count at <unknown>:0), which has no missing parents
[2026-01-29T20:03:57.512+0530] {subprocess.py:106} INFO - 26/01/29 20:03:57 INFO MemoryStore: Block broadcast_104 stored as values in memory (estimated size 22.1 KiB, free 365.1 MiB)
[2026-01-29T20:03:57.513+0530] {subprocess.py:106} INFO - 26/01/29 20:03:57 INFO MemoryStore: Block broadcast_104_piece0 stored as bytes in memory (estimated size 10.0 KiB, free 365.0 MiB)
[2026-01-29T20:03:57.514+0530] {subprocess.py:106} INFO - 26/01/29 20:03:57 INFO BlockManagerInfo: Added broadcast_104_piece0 in memory on Aishwarya92848DBDA:42547 (size: 10.0 KiB, free: 366.2 MiB)
[2026-01-29T20:03:57.514+0530] {subprocess.py:106} INFO - 26/01/29 20:03:57 INFO SparkContext: Created broadcast 104 from broadcast at DAGScheduler.scala:1585
[2026-01-29T20:03:57.514+0530] {subprocess.py:106} INFO - 26/01/29 20:03:57 INFO DAGScheduler: Submitting 2 missing tasks from ShuffleMapStage 77 (MapPartitionsRDD[280] at count at <unknown>:0) (first 15 tasks are for partitions Vector(0, 1))
[2026-01-29T20:03:57.514+0530] {subprocess.py:106} INFO - 26/01/29 20:03:57 INFO TaskSchedulerImpl: Adding task set 77.0 with 2 tasks resource profile 0
[2026-01-29T20:03:57.515+0530] {subprocess.py:106} INFO - 26/01/29 20:03:57 INFO TaskSetManager: Starting task 0.0 in stage 77.0 (TID 101) (Aishwarya92848DBDA, executor driver, partition 0, NODE_LOCAL, 8230 bytes)
[2026-01-29T20:03:57.515+0530] {subprocess.py:106} INFO - 26/01/29 20:03:57 INFO TaskSetManager: Starting task 1.0 in stage 77.0 (TID 102) (Aishwarya92848DBDA, executor driver, partition 1, NODE_LOCAL, 8230 bytes)
[2026-01-29T20:03:57.516+0530] {subprocess.py:106} INFO - 26/01/29 20:03:57 INFO Executor: Running task 0.0 in stage 77.0 (TID 101)
[2026-01-29T20:03:57.516+0530] {subprocess.py:106} INFO - 26/01/29 20:03:57 INFO Executor: Running task 1.0 in stage 77.0 (TID 102)
[2026-01-29T20:03:57.527+0530] {subprocess.py:106} INFO - 26/01/29 20:03:57 INFO CodeGenerator: Code generated in 8.171373 ms
[2026-01-29T20:03:57.528+0530] {subprocess.py:106} INFO - 26/01/29 20:03:57 INFO FileScanRDD: Reading File path: hdfs://localhost:9000/weather/data/raw_data/weather_dataset.csv, range: 4194304-5651348, partition values: [empty row]
[2026-01-29T20:03:57.528+0530] {subprocess.py:106} INFO - 26/01/29 20:03:57 INFO FileScanRDD: Reading File path: hdfs://localhost:9000/weather/data/raw_data/weather_dataset.csv, range: 0-4194304, partition values: [empty row]
[2026-01-29T20:03:57.579+0530] {subprocess.py:106} INFO - 26/01/29 20:03:57 INFO Executor: Finished task 1.0 in stage 77.0 (TID 102). 1990 bytes result sent to driver
[2026-01-29T20:03:57.580+0530] {subprocess.py:106} INFO - 26/01/29 20:03:57 INFO TaskSetManager: Finished task 1.0 in stage 77.0 (TID 102) in 65 ms on Aishwarya92848DBDA (executor driver) (1/2)
[2026-01-29T20:03:57.619+0530] {subprocess.py:106} INFO - 26/01/29 20:03:57 INFO BlockManagerInfo: Removed broadcast_102_piece0 on Aishwarya92848DBDA:42547 in memory (size: 15.2 KiB, free: 366.2 MiB)
[2026-01-29T20:03:57.619+0530] {subprocess.py:106} INFO - 26/01/29 20:03:57 INFO BlockManagerInfo: Removed broadcast_99_piece0 on Aishwarya92848DBDA:42547 in memory (size: 10.0 KiB, free: 366.2 MiB)
[2026-01-29T20:03:57.620+0530] {subprocess.py:106} INFO - 26/01/29 20:03:57 INFO BlockManagerInfo: Removed broadcast_100_piece0 on Aishwarya92848DBDA:42547 in memory (size: 5.9 KiB, free: 366.2 MiB)
[2026-01-29T20:03:57.621+0530] {subprocess.py:106} INFO - 26/01/29 20:03:57 INFO BlockManagerInfo: Removed broadcast_98_piece0 on Aishwarya92848DBDA:42547 in memory (size: 34.3 KiB, free: 366.2 MiB)
[2026-01-29T20:03:57.622+0530] {subprocess.py:106} INFO - 26/01/29 20:03:57 INFO BlockManagerInfo: Removed broadcast_101_piece0 on Aishwarya92848DBDA:42547 in memory (size: 34.3 KiB, free: 366.3 MiB)
[2026-01-29T20:03:57.652+0530] {subprocess.py:106} INFO - 26/01/29 20:03:57 INFO Executor: Finished task 0.0 in stage 77.0 (TID 101). 2033 bytes result sent to driver
[2026-01-29T20:03:57.652+0530] {subprocess.py:106} INFO - 26/01/29 20:03:57 INFO TaskSetManager: Finished task 0.0 in stage 77.0 (TID 101) in 137 ms on Aishwarya92848DBDA (executor driver) (2/2)
[2026-01-29T20:03:57.653+0530] {subprocess.py:106} INFO - 26/01/29 20:03:57 INFO TaskSchedulerImpl: Removed TaskSet 77.0, whose tasks have all completed, from pool
[2026-01-29T20:03:57.653+0530] {subprocess.py:106} INFO - 26/01/29 20:03:57 INFO DAGScheduler: ShuffleMapStage 77 (count at <unknown>:0) finished in 0.142 s
[2026-01-29T20:03:57.653+0530] {subprocess.py:106} INFO - 26/01/29 20:03:57 INFO DAGScheduler: looking for newly runnable stages
[2026-01-29T20:03:57.653+0530] {subprocess.py:106} INFO - 26/01/29 20:03:57 INFO DAGScheduler: running: Set()
[2026-01-29T20:03:57.654+0530] {subprocess.py:106} INFO - 26/01/29 20:03:57 INFO DAGScheduler: waiting: Set()
[2026-01-29T20:03:57.654+0530] {subprocess.py:106} INFO - 26/01/29 20:03:57 INFO DAGScheduler: failed: Set()
[2026-01-29T20:03:57.662+0530] {subprocess.py:106} INFO - 26/01/29 20:03:57 INFO SparkContext: Starting job: count at <unknown>:0
[2026-01-29T20:03:57.663+0530] {subprocess.py:106} INFO - 26/01/29 20:03:57 INFO DAGScheduler: Got job 61 (count at <unknown>:0) with 1 output partitions
[2026-01-29T20:03:57.663+0530] {subprocess.py:106} INFO - 26/01/29 20:03:57 INFO DAGScheduler: Final stage: ResultStage 79 (count at <unknown>:0)
[2026-01-29T20:03:57.663+0530] {subprocess.py:106} INFO - 26/01/29 20:03:57 INFO DAGScheduler: Parents of final stage: List(ShuffleMapStage 78)
[2026-01-29T20:03:57.664+0530] {subprocess.py:106} INFO - 26/01/29 20:03:57 INFO DAGScheduler: Missing parents: List()
[2026-01-29T20:03:57.664+0530] {subprocess.py:106} INFO - 26/01/29 20:03:57 INFO DAGScheduler: Submitting ResultStage 79 (MapPartitionsRDD[283] at count at <unknown>:0), which has no missing parents
[2026-01-29T20:03:57.665+0530] {subprocess.py:106} INFO - 26/01/29 20:03:57 INFO MemoryStore: Block broadcast_105 stored as values in memory (estimated size 12.5 KiB, free 365.9 MiB)
[2026-01-29T20:03:57.666+0530] {subprocess.py:106} INFO - 26/01/29 20:03:57 INFO MemoryStore: Block broadcast_105_piece0 stored as bytes in memory (estimated size 5.9 KiB, free 365.9 MiB)
[2026-01-29T20:03:57.666+0530] {subprocess.py:106} INFO - 26/01/29 20:03:57 INFO BlockManagerInfo: Added broadcast_105_piece0 in memory on Aishwarya92848DBDA:42547 (size: 5.9 KiB, free: 366.3 MiB)
[2026-01-29T20:03:57.666+0530] {subprocess.py:106} INFO - 26/01/29 20:03:57 INFO SparkContext: Created broadcast 105 from broadcast at DAGScheduler.scala:1585
[2026-01-29T20:03:57.666+0530] {subprocess.py:106} INFO - 26/01/29 20:03:57 INFO DAGScheduler: Submitting 1 missing tasks from ResultStage 79 (MapPartitionsRDD[283] at count at <unknown>:0) (first 15 tasks are for partitions Vector(0))
[2026-01-29T20:03:57.667+0530] {subprocess.py:106} INFO - 26/01/29 20:03:57 INFO TaskSchedulerImpl: Adding task set 79.0 with 1 tasks resource profile 0
[2026-01-29T20:03:57.667+0530] {subprocess.py:106} INFO - 26/01/29 20:03:57 INFO TaskSetManager: Starting task 0.0 in stage 79.0 (TID 103) (Aishwarya92848DBDA, executor driver, partition 0, NODE_LOCAL, 7615 bytes)
[2026-01-29T20:03:57.667+0530] {subprocess.py:106} INFO - 26/01/29 20:03:57 INFO Executor: Running task 0.0 in stage 79.0 (TID 103)
[2026-01-29T20:03:57.669+0530] {subprocess.py:106} INFO - 26/01/29 20:03:57 INFO ShuffleBlockFetcherIterator: Getting 2 (120.0 B) non-empty blocks including 2 (120.0 B) local and 0 (0.0 B) host-local and 0 (0.0 B) push-merged-local and 0 (0.0 B) remote blocks
[2026-01-29T20:03:57.669+0530] {subprocess.py:106} INFO - 26/01/29 20:03:57 INFO ShuffleBlockFetcherIterator: Started 0 remote fetches in 0 ms
[2026-01-29T20:03:57.670+0530] {subprocess.py:106} INFO - 26/01/29 20:03:57 INFO Executor: Finished task 0.0 in stage 79.0 (TID 103). 3988 bytes result sent to driver
[2026-01-29T20:03:57.671+0530] {subprocess.py:106} INFO - 26/01/29 20:03:57 INFO TaskSetManager: Finished task 0.0 in stage 79.0 (TID 103) in 4 ms on Aishwarya92848DBDA (executor driver) (1/1)
[2026-01-29T20:03:57.671+0530] {subprocess.py:106} INFO - 26/01/29 20:03:57 INFO TaskSchedulerImpl: Removed TaskSet 79.0, whose tasks have all completed, from pool
[2026-01-29T20:03:57.671+0530] {subprocess.py:106} INFO - 26/01/29 20:03:57 INFO DAGScheduler: ResultStage 79 (count at <unknown>:0) finished in 0.008 s
[2026-01-29T20:03:57.672+0530] {subprocess.py:106} INFO - 26/01/29 20:03:57 INFO DAGScheduler: Job 61 is finished. Cancelling potential speculative or zombie tasks for this job
[2026-01-29T20:03:57.672+0530] {subprocess.py:106} INFO - 26/01/29 20:03:57 INFO TaskSchedulerImpl: Killing all running tasks in stage 79: Stage finished
[2026-01-29T20:03:57.672+0530] {subprocess.py:106} INFO - 26/01/29 20:03:57 INFO DAGScheduler: Job 61 finished: count at <unknown>:0, took 0.009694 s
[2026-01-29T20:03:57.673+0530] {subprocess.py:106} INFO - wind_gusts_10m_max: Outliers after handling = 0
[2026-01-29T20:03:57.714+0530] {subprocess.py:106} INFO - 26/01/29 20:03:57 INFO FileSourceStrategy: Pushed Filters:
[2026-01-29T20:03:57.715+0530] {subprocess.py:106} INFO - 26/01/29 20:03:57 INFO FileSourceStrategy: Post-Scan Filters:
[2026-01-29T20:03:57.774+0530] {subprocess.py:106} INFO - 26/01/29 20:03:57 INFO CodeGenerator: Code generated in 30.662071 ms
[2026-01-29T20:03:57.775+0530] {subprocess.py:106} INFO - 26/01/29 20:03:57 INFO MemoryStore: Block broadcast_106 stored as values in memory (estimated size 350.2 KiB, free 365.5 MiB)
[2026-01-29T20:03:57.780+0530] {subprocess.py:106} INFO - 26/01/29 20:03:57 INFO MemoryStore: Block broadcast_106_piece0 stored as bytes in memory (estimated size 34.3 KiB, free 365.5 MiB)
[2026-01-29T20:03:57.781+0530] {subprocess.py:106} INFO - 26/01/29 20:03:57 INFO BlockManagerInfo: Added broadcast_106_piece0 in memory on Aishwarya92848DBDA:42547 (size: 34.3 KiB, free: 366.2 MiB)
[2026-01-29T20:03:57.781+0530] {subprocess.py:106} INFO - 26/01/29 20:03:57 INFO SparkContext: Created broadcast 106 from showString at NativeMethodAccessorImpl.java:0
[2026-01-29T20:03:57.782+0530] {subprocess.py:106} INFO - 26/01/29 20:03:57 INFO FileSourceScanExec: Planning scan with bin packing, max size: 4194304 bytes, open cost is considered as scanning 4194304 bytes.
[2026-01-29T20:03:57.790+0530] {subprocess.py:106} INFO - 26/01/29 20:03:57 INFO DAGScheduler: Registering RDD 287 (showString at NativeMethodAccessorImpl.java:0) as input to shuffle 18
[2026-01-29T20:03:57.790+0530] {subprocess.py:106} INFO - 26/01/29 20:03:57 INFO DAGScheduler: Got map stage job 62 (showString at NativeMethodAccessorImpl.java:0) with 2 output partitions
[2026-01-29T20:03:57.790+0530] {subprocess.py:106} INFO - 26/01/29 20:03:57 INFO DAGScheduler: Final stage: ShuffleMapStage 80 (showString at NativeMethodAccessorImpl.java:0)
[2026-01-29T20:03:57.790+0530] {subprocess.py:106} INFO - 26/01/29 20:03:57 INFO DAGScheduler: Parents of final stage: List()
[2026-01-29T20:03:57.790+0530] {subprocess.py:106} INFO - 26/01/29 20:03:57 INFO DAGScheduler: Missing parents: List()
[2026-01-29T20:03:57.791+0530] {subprocess.py:106} INFO - 26/01/29 20:03:57 INFO DAGScheduler: Submitting ShuffleMapStage 80 (MapPartitionsRDD[287] at showString at NativeMethodAccessorImpl.java:0), which has no missing parents
[2026-01-29T20:03:57.793+0530] {subprocess.py:106} INFO - 26/01/29 20:03:57 INFO MemoryStore: Block broadcast_107 stored as values in memory (estimated size 39.1 KiB, free 365.5 MiB)
[2026-01-29T20:03:57.794+0530] {subprocess.py:106} INFO - 26/01/29 20:03:57 INFO MemoryStore: Block broadcast_107_piece0 stored as bytes in memory (estimated size 18.6 KiB, free 365.4 MiB)
[2026-01-29T20:03:57.794+0530] {subprocess.py:106} INFO - 26/01/29 20:03:57 INFO BlockManagerInfo: Added broadcast_107_piece0 in memory on Aishwarya92848DBDA:42547 (size: 18.6 KiB, free: 366.2 MiB)
[2026-01-29T20:03:57.795+0530] {subprocess.py:106} INFO - 26/01/29 20:03:57 INFO SparkContext: Created broadcast 107 from broadcast at DAGScheduler.scala:1585
[2026-01-29T20:03:57.795+0530] {subprocess.py:106} INFO - 26/01/29 20:03:57 INFO DAGScheduler: Submitting 2 missing tasks from ShuffleMapStage 80 (MapPartitionsRDD[287] at showString at NativeMethodAccessorImpl.java:0) (first 15 tasks are for partitions Vector(0, 1))
[2026-01-29T20:03:57.795+0530] {subprocess.py:106} INFO - 26/01/29 20:03:57 INFO TaskSchedulerImpl: Adding task set 80.0 with 2 tasks resource profile 0
[2026-01-29T20:03:57.796+0530] {subprocess.py:106} INFO - 26/01/29 20:03:57 INFO TaskSetManager: Starting task 0.0 in stage 80.0 (TID 104) (Aishwarya92848DBDA, executor driver, partition 0, NODE_LOCAL, 8230 bytes)
[2026-01-29T20:03:57.796+0530] {subprocess.py:106} INFO - 26/01/29 20:03:57 INFO TaskSetManager: Starting task 1.0 in stage 80.0 (TID 105) (Aishwarya92848DBDA, executor driver, partition 1, NODE_LOCAL, 8230 bytes)
[2026-01-29T20:03:57.796+0530] {subprocess.py:106} INFO - 26/01/29 20:03:57 INFO Executor: Running task 0.0 in stage 80.0 (TID 104)
[2026-01-29T20:03:57.796+0530] {subprocess.py:106} INFO - 26/01/29 20:03:57 INFO Executor: Running task 1.0 in stage 80.0 (TID 105)
[2026-01-29T20:03:57.818+0530] {subprocess.py:106} INFO - 26/01/29 20:03:57 INFO CodeGenerator: Code generated in 17.797703 ms
[2026-01-29T20:03:57.830+0530] {subprocess.py:106} INFO - 26/01/29 20:03:57 INFO CodeGenerator: Code generated in 6.713001 ms
[2026-01-29T20:03:57.839+0530] {subprocess.py:106} INFO - 26/01/29 20:03:57 INFO CodeGenerator: Code generated in 4.246824 ms
[2026-01-29T20:03:57.849+0530] {subprocess.py:106} INFO - 26/01/29 20:03:57 INFO CodeGenerator: Code generated in 4.026053 ms
[2026-01-29T20:03:57.858+0530] {subprocess.py:106} INFO - 26/01/29 20:03:57 INFO FileScanRDD: Reading File path: hdfs://localhost:9000/weather/data/raw_data/weather_dataset.csv, range: 0-4194304, partition values: [empty row]
[2026-01-29T20:03:57.859+0530] {subprocess.py:106} INFO - 26/01/29 20:03:57 INFO FileScanRDD: Reading File path: hdfs://localhost:9000/weather/data/raw_data/weather_dataset.csv, range: 4194304-5651348, partition values: [empty row]
[2026-01-29T20:03:57.938+0530] {subprocess.py:106} INFO - 26/01/29 20:03:57 INFO Executor: Finished task 1.0 in stage 80.0 (TID 105). 2728 bytes result sent to driver
[2026-01-29T20:03:57.938+0530] {subprocess.py:106} INFO - 26/01/29 20:03:57 INFO TaskSetManager: Finished task 1.0 in stage 80.0 (TID 105) in 142 ms on Aishwarya92848DBDA (executor driver) (1/2)
[2026-01-29T20:03:58.011+0530] {subprocess.py:106} INFO - 26/01/29 20:03:58 INFO Executor: Finished task 0.0 in stage 80.0 (TID 104). 2728 bytes result sent to driver
[2026-01-29T20:03:58.012+0530] {subprocess.py:106} INFO - 26/01/29 20:03:58 INFO TaskSetManager: Finished task 0.0 in stage 80.0 (TID 104) in 217 ms on Aishwarya92848DBDA (executor driver) (2/2)
[2026-01-29T20:03:58.012+0530] {subprocess.py:106} INFO - 26/01/29 20:03:58 INFO TaskSchedulerImpl: Removed TaskSet 80.0, whose tasks have all completed, from pool
[2026-01-29T20:03:58.012+0530] {subprocess.py:106} INFO - 26/01/29 20:03:58 INFO DAGScheduler: ShuffleMapStage 80 (showString at NativeMethodAccessorImpl.java:0) finished in 0.221 s
[2026-01-29T20:03:58.013+0530] {subprocess.py:106} INFO - 26/01/29 20:03:58 INFO DAGScheduler: looking for newly runnable stages
[2026-01-29T20:03:58.013+0530] {subprocess.py:106} INFO - 26/01/29 20:03:58 INFO DAGScheduler: running: Set()
[2026-01-29T20:03:58.013+0530] {subprocess.py:106} INFO - 26/01/29 20:03:58 INFO DAGScheduler: waiting: Set()
[2026-01-29T20:03:58.013+0530] {subprocess.py:106} INFO - 26/01/29 20:03:58 INFO DAGScheduler: failed: Set()
[2026-01-29T20:03:58.045+0530] {subprocess.py:106} INFO - 26/01/29 20:03:58 INFO ShufflePartitionsUtil: For shuffle(18), advisory target size: 67108864, actual target size 1048576, minimum partition size: 1048576
[2026-01-29T20:03:58.075+0530] {subprocess.py:106} INFO - 26/01/29 20:03:58 INFO CodeGenerator: Code generated in 11.37154 ms
[2026-01-29T20:03:58.077+0530] {subprocess.py:106} INFO - 26/01/29 20:03:58 INFO HashAggregateExec: spark.sql.codegen.aggregate.map.twolevel.enabled is set to true, but current version of codegened fast hashmap does not support this aggregate.
[2026-01-29T20:03:58.092+0530] {subprocess.py:106} INFO - 26/01/29 20:03:58 INFO CodeGenerator: Code generated in 8.269049 ms
[2026-01-29T20:03:58.118+0530] {subprocess.py:106} INFO - 26/01/29 20:03:58 INFO SparkContext: Starting job: showString at NativeMethodAccessorImpl.java:0
[2026-01-29T20:03:58.118+0530] {subprocess.py:106} INFO - 26/01/29 20:03:58 INFO DAGScheduler: Got job 63 (showString at NativeMethodAccessorImpl.java:0) with 1 output partitions
[2026-01-29T20:03:58.119+0530] {subprocess.py:106} INFO - 26/01/29 20:03:58 INFO DAGScheduler: Final stage: ResultStage 82 (showString at NativeMethodAccessorImpl.java:0)
[2026-01-29T20:03:58.119+0530] {subprocess.py:106} INFO - 26/01/29 20:03:58 INFO DAGScheduler: Parents of final stage: List(ShuffleMapStage 81)
[2026-01-29T20:03:58.119+0530] {subprocess.py:106} INFO - 26/01/29 20:03:58 INFO DAGScheduler: Missing parents: List()
[2026-01-29T20:03:58.119+0530] {subprocess.py:106} INFO - 26/01/29 20:03:58 INFO DAGScheduler: Submitting ResultStage 82 (MapPartitionsRDD[291] at showString at NativeMethodAccessorImpl.java:0), which has no missing parents
[2026-01-29T20:03:58.122+0530] {subprocess.py:106} INFO - 26/01/29 20:03:58 INFO MemoryStore: Block broadcast_108 stored as values in memory (estimated size 42.4 KiB, free 365.4 MiB)
[2026-01-29T20:03:58.124+0530] {subprocess.py:106} INFO - 26/01/29 20:03:58 INFO MemoryStore: Block broadcast_108_piece0 stored as bytes in memory (estimated size 20.2 KiB, free 365.4 MiB)
[2026-01-29T20:03:58.124+0530] {subprocess.py:106} INFO - 26/01/29 20:03:58 INFO BlockManagerInfo: Added broadcast_108_piece0 in memory on Aishwarya92848DBDA:42547 (size: 20.2 KiB, free: 366.2 MiB)
[2026-01-29T20:03:58.125+0530] {subprocess.py:106} INFO - 26/01/29 20:03:58 INFO SparkContext: Created broadcast 108 from broadcast at DAGScheduler.scala:1585
[2026-01-29T20:03:58.125+0530] {subprocess.py:106} INFO - 26/01/29 20:03:58 INFO DAGScheduler: Submitting 1 missing tasks from ResultStage 82 (MapPartitionsRDD[291] at showString at NativeMethodAccessorImpl.java:0) (first 15 tasks are for partitions Vector(0))
[2026-01-29T20:03:58.125+0530] {subprocess.py:106} INFO - 26/01/29 20:03:58 INFO TaskSchedulerImpl: Adding task set 82.0 with 1 tasks resource profile 0
[2026-01-29T20:03:58.126+0530] {subprocess.py:106} INFO - 26/01/29 20:03:58 INFO TaskSetManager: Starting task 0.0 in stage 82.0 (TID 106) (Aishwarya92848DBDA, executor driver, partition 0, NODE_LOCAL, 7615 bytes)
[2026-01-29T20:03:58.127+0530] {subprocess.py:106} INFO - 26/01/29 20:03:58 INFO Executor: Running task 0.0 in stage 82.0 (TID 106)
[2026-01-29T20:03:58.139+0530] {subprocess.py:106} INFO - 26/01/29 20:03:58 INFO CodeGenerator: Code generated in 4.681854 ms
[2026-01-29T20:03:58.143+0530] {subprocess.py:106} INFO - 26/01/29 20:03:58 INFO ShuffleBlockFetcherIterator: Getting 2 (1353.0 B) non-empty blocks including 2 (1353.0 B) local and 0 (0.0 B) host-local and 0 (0.0 B) push-merged-local and 0 (0.0 B) remote blocks
[2026-01-29T20:03:58.144+0530] {subprocess.py:106} INFO - 26/01/29 20:03:58 INFO ShuffleBlockFetcherIterator: Started 0 remote fetches in 1 ms
[2026-01-29T20:03:58.152+0530] {subprocess.py:106} INFO - 26/01/29 20:03:58 INFO CodeGenerator: Code generated in 8.150213 ms
[2026-01-29T20:03:58.167+0530] {subprocess.py:106} INFO - 26/01/29 20:03:58 INFO Executor: Finished task 0.0 in stage 82.0 (TID 106). 5583 bytes result sent to driver
[2026-01-29T20:03:58.168+0530] {subprocess.py:106} INFO - 26/01/29 20:03:58 INFO TaskSetManager: Finished task 0.0 in stage 82.0 (TID 106) in 42 ms on Aishwarya92848DBDA (executor driver) (1/1)
[2026-01-29T20:03:58.168+0530] {subprocess.py:106} INFO - 26/01/29 20:03:58 INFO TaskSchedulerImpl: Removed TaskSet 82.0, whose tasks have all completed, from pool
[2026-01-29T20:03:58.169+0530] {subprocess.py:106} INFO - 26/01/29 20:03:58 INFO DAGScheduler: ResultStage 82 (showString at NativeMethodAccessorImpl.java:0) finished in 0.047 s
[2026-01-29T20:03:58.169+0530] {subprocess.py:106} INFO - 26/01/29 20:03:58 INFO DAGScheduler: Job 63 is finished. Cancelling potential speculative or zombie tasks for this job
[2026-01-29T20:03:58.170+0530] {subprocess.py:106} INFO - 26/01/29 20:03:58 INFO TaskSchedulerImpl: Killing all running tasks in stage 82: Stage finished
[2026-01-29T20:03:58.170+0530] {subprocess.py:106} INFO - 26/01/29 20:03:58 INFO DAGScheduler: Job 63 finished: showString at NativeMethodAccessorImpl.java:0, took 0.050909 s
[2026-01-29T20:03:58.176+0530] {subprocess.py:106} INFO - 26/01/29 20:03:58 INFO CodeGenerator: Code generated in 5.326916 ms
[2026-01-29T20:03:58.182+0530] {subprocess.py:106} INFO - 26/01/29 20:03:58 INFO CodeGenerator: Code generated in 4.261773 ms
[2026-01-29T20:03:58.184+0530] {subprocess.py:106} INFO - +---------+-----+
[2026-01-29T20:03:58.185+0530] {subprocess.py:106} INFO - |     city|count|
[2026-01-29T20:03:58.185+0530] {subprocess.py:106} INFO - +---------+-----+
[2026-01-29T20:03:58.185+0530] {subprocess.py:106} INFO - |Bangalore| 9533|
[2026-01-29T20:03:58.185+0530] {subprocess.py:106} INFO - |  Chennai| 9533|
[2026-01-29T20:03:58.185+0530] {subprocess.py:106} INFO - |   Mumbai| 9533|
[2026-01-29T20:03:58.186+0530] {subprocess.py:106} INFO - |Ahmedabad| 9533|
[2026-01-29T20:03:58.186+0530] {subprocess.py:106} INFO - |  Kolkata| 9533|
[2026-01-29T20:03:58.186+0530] {subprocess.py:106} INFO - |     Pune| 9533|
[2026-01-29T20:03:58.186+0530] {subprocess.py:106} INFO - |    Delhi| 9533|
[2026-01-29T20:03:58.186+0530] {subprocess.py:106} INFO - |Hyderabad| 9533|
[2026-01-29T20:03:58.186+0530] {subprocess.py:106} INFO - |  Lucknow| 9533|
[2026-01-29T20:03:58.186+0530] {subprocess.py:106} INFO - |   Jaipur| 9533|
[2026-01-29T20:03:58.186+0530] {subprocess.py:106} INFO - +---------+-----+
[2026-01-29T20:03:58.187+0530] {subprocess.py:106} INFO - 
[2026-01-29T20:03:58.348+0530] {subprocess.py:106} INFO - 26/01/29 20:03:58 INFO FileSourceStrategy: Pushed Filters:
[2026-01-29T20:03:58.349+0530] {subprocess.py:106} INFO - 26/01/29 20:03:58 INFO FileSourceStrategy: Post-Scan Filters:
[2026-01-29T20:03:58.385+0530] {subprocess.py:106} INFO - 26/01/29 20:03:58 INFO CodeGenerator: Code generated in 8.803269 ms
[2026-01-29T20:03:58.386+0530] {subprocess.py:106} INFO - 26/01/29 20:03:58 INFO MemoryStore: Block broadcast_109 stored as values in memory (estimated size 350.2 KiB, free 365.0 MiB)
[2026-01-29T20:03:58.399+0530] {subprocess.py:106} INFO - 26/01/29 20:03:58 INFO BlockManagerInfo: Removed broadcast_105_piece0 on Aishwarya92848DBDA:42547 in memory (size: 5.9 KiB, free: 366.2 MiB)
[2026-01-29T20:03:58.400+0530] {subprocess.py:106} INFO - 26/01/29 20:03:58 INFO BlockManagerInfo: Removed broadcast_103_piece0 on Aishwarya92848DBDA:42547 in memory (size: 34.3 KiB, free: 366.2 MiB)
[2026-01-29T20:03:58.401+0530] {subprocess.py:106} INFO - 26/01/29 20:03:58 INFO BlockManagerInfo: Removed broadcast_104_piece0 on Aishwarya92848DBDA:42547 in memory (size: 10.0 KiB, free: 366.2 MiB)
[2026-01-29T20:03:58.403+0530] {subprocess.py:106} INFO - 26/01/29 20:03:58 INFO MemoryStore: Block broadcast_109_piece0 stored as bytes in memory (estimated size 34.3 KiB, free 365.8 MiB)
[2026-01-29T20:03:58.403+0530] {subprocess.py:106} INFO - 26/01/29 20:03:58 INFO BlockManagerInfo: Removed broadcast_106_piece0 on Aishwarya92848DBDA:42547 in memory (size: 34.3 KiB, free: 366.3 MiB)
[2026-01-29T20:03:58.403+0530] {subprocess.py:106} INFO - 26/01/29 20:03:58 INFO BlockManagerInfo: Added broadcast_109_piece0 in memory on Aishwarya92848DBDA:42547 (size: 34.3 KiB, free: 366.2 MiB)
[2026-01-29T20:03:58.404+0530] {subprocess.py:106} INFO - 26/01/29 20:03:58 INFO SparkContext: Created broadcast 109 from showString at NativeMethodAccessorImpl.java:0
[2026-01-29T20:03:58.405+0530] {subprocess.py:106} INFO - 26/01/29 20:03:58 INFO FileSourceScanExec: Planning scan with bin packing, max size: 4194304 bytes, open cost is considered as scanning 4194304 bytes.
[2026-01-29T20:03:58.405+0530] {subprocess.py:106} INFO - 26/01/29 20:03:58 INFO BlockManagerInfo: Removed broadcast_107_piece0 on Aishwarya92848DBDA:42547 in memory (size: 18.6 KiB, free: 366.2 MiB)
[2026-01-29T20:03:58.406+0530] {subprocess.py:106} INFO - 26/01/29 20:03:58 INFO BlockManagerInfo: Removed broadcast_108_piece0 on Aishwarya92848DBDA:42547 in memory (size: 20.2 KiB, free: 366.3 MiB)
[2026-01-29T20:03:58.410+0530] {subprocess.py:106} INFO - 26/01/29 20:03:58 INFO DAGScheduler: Registering RDD 295 (showString at NativeMethodAccessorImpl.java:0) as input to shuffle 19
[2026-01-29T20:03:58.410+0530] {subprocess.py:106} INFO - 26/01/29 20:03:58 INFO DAGScheduler: Got map stage job 64 (showString at NativeMethodAccessorImpl.java:0) with 2 output partitions
[2026-01-29T20:03:58.410+0530] {subprocess.py:106} INFO - 26/01/29 20:03:58 INFO DAGScheduler: Final stage: ShuffleMapStage 83 (showString at NativeMethodAccessorImpl.java:0)
[2026-01-29T20:03:58.411+0530] {subprocess.py:106} INFO - 26/01/29 20:03:58 INFO DAGScheduler: Parents of final stage: List()
[2026-01-29T20:03:58.411+0530] {subprocess.py:106} INFO - 26/01/29 20:03:58 INFO DAGScheduler: Missing parents: List()
[2026-01-29T20:03:58.411+0530] {subprocess.py:106} INFO - 26/01/29 20:03:58 INFO DAGScheduler: Submitting ShuffleMapStage 83 (MapPartitionsRDD[295] at showString at NativeMethodAccessorImpl.java:0), which has no missing parents
[2026-01-29T20:03:58.413+0530] {subprocess.py:106} INFO - 26/01/29 20:03:58 INFO MemoryStore: Block broadcast_110 stored as values in memory (estimated size 20.8 KiB, free 365.9 MiB)
[2026-01-29T20:03:58.414+0530] {subprocess.py:106} INFO - 26/01/29 20:03:58 INFO MemoryStore: Block broadcast_110_piece0 stored as bytes in memory (estimated size 9.7 KiB, free 365.9 MiB)
[2026-01-29T20:03:58.414+0530] {subprocess.py:106} INFO - 26/01/29 20:03:58 INFO BlockManagerInfo: Added broadcast_110_piece0 in memory on Aishwarya92848DBDA:42547 (size: 9.7 KiB, free: 366.3 MiB)
[2026-01-29T20:03:58.415+0530] {subprocess.py:106} INFO - 26/01/29 20:03:58 INFO SparkContext: Created broadcast 110 from broadcast at DAGScheduler.scala:1585
[2026-01-29T20:03:58.415+0530] {subprocess.py:106} INFO - 26/01/29 20:03:58 INFO DAGScheduler: Submitting 2 missing tasks from ShuffleMapStage 83 (MapPartitionsRDD[295] at showString at NativeMethodAccessorImpl.java:0) (first 15 tasks are for partitions Vector(0, 1))
[2026-01-29T20:03:58.415+0530] {subprocess.py:106} INFO - 26/01/29 20:03:58 INFO TaskSchedulerImpl: Adding task set 83.0 with 2 tasks resource profile 0
[2026-01-29T20:03:58.416+0530] {subprocess.py:106} INFO - 26/01/29 20:03:58 INFO TaskSetManager: Starting task 0.0 in stage 83.0 (TID 107) (Aishwarya92848DBDA, executor driver, partition 0, NODE_LOCAL, 8230 bytes)
[2026-01-29T20:03:58.417+0530] {subprocess.py:106} INFO - 26/01/29 20:03:58 INFO TaskSetManager: Starting task 1.0 in stage 83.0 (TID 108) (Aishwarya92848DBDA, executor driver, partition 1, NODE_LOCAL, 8230 bytes)
[2026-01-29T20:03:58.417+0530] {subprocess.py:106} INFO - 26/01/29 20:03:58 INFO Executor: Running task 1.0 in stage 83.0 (TID 108)
[2026-01-29T20:03:58.417+0530] {subprocess.py:106} INFO - 26/01/29 20:03:58 INFO Executor: Running task 0.0 in stage 83.0 (TID 107)
[2026-01-29T20:03:58.431+0530] {subprocess.py:106} INFO - 26/01/29 20:03:58 INFO CodeGenerator: Code generated in 8.646129 ms
[2026-01-29T20:03:58.433+0530] {subprocess.py:106} INFO - 26/01/29 20:03:58 INFO FileScanRDD: Reading File path: hdfs://localhost:9000/weather/data/raw_data/weather_dataset.csv, range: 4194304-5651348, partition values: [empty row]
[2026-01-29T20:03:58.434+0530] {subprocess.py:106} INFO - 26/01/29 20:03:58 INFO FileScanRDD: Reading File path: hdfs://localhost:9000/weather/data/raw_data/weather_dataset.csv, range: 0-4194304, partition values: [empty row]
[2026-01-29T20:03:58.576+0530] {subprocess.py:106} INFO - 26/01/29 20:03:58 INFO Executor: Finished task 1.0 in stage 83.0 (TID 108). 1995 bytes result sent to driver
[2026-01-29T20:03:58.577+0530] {subprocess.py:106} INFO - 26/01/29 20:03:58 INFO TaskSetManager: Finished task 1.0 in stage 83.0 (TID 108) in 161 ms on Aishwarya92848DBDA (executor driver) (1/2)
[2026-01-29T20:03:58.696+0530] {subprocess.py:106} INFO - 26/01/29 20:03:58 INFO Executor: Finished task 0.0 in stage 83.0 (TID 107). 1995 bytes result sent to driver
[2026-01-29T20:03:58.696+0530] {subprocess.py:106} INFO - 26/01/29 20:03:58 INFO TaskSetManager: Finished task 0.0 in stage 83.0 (TID 107) in 280 ms on Aishwarya92848DBDA (executor driver) (2/2)
[2026-01-29T20:03:58.697+0530] {subprocess.py:106} INFO - 26/01/29 20:03:58 INFO TaskSchedulerImpl: Removed TaskSet 83.0, whose tasks have all completed, from pool
[2026-01-29T20:03:58.697+0530] {subprocess.py:106} INFO - 26/01/29 20:03:58 INFO DAGScheduler: ShuffleMapStage 83 (showString at NativeMethodAccessorImpl.java:0) finished in 0.286 s
[2026-01-29T20:03:58.697+0530] {subprocess.py:106} INFO - 26/01/29 20:03:58 INFO DAGScheduler: looking for newly runnable stages
[2026-01-29T20:03:58.698+0530] {subprocess.py:106} INFO - 26/01/29 20:03:58 INFO DAGScheduler: running: Set()
[2026-01-29T20:03:58.698+0530] {subprocess.py:106} INFO - 26/01/29 20:03:58 INFO DAGScheduler: waiting: Set()
[2026-01-29T20:03:58.698+0530] {subprocess.py:106} INFO - 26/01/29 20:03:58 INFO DAGScheduler: failed: Set()
[2026-01-29T20:03:58.701+0530] {subprocess.py:106} INFO - 26/01/29 20:03:58 INFO ShufflePartitionsUtil: For shuffle(19), advisory target size: 67108864, actual target size 1048576, minimum partition size: 1048576
[2026-01-29T20:03:58.717+0530] {subprocess.py:106} INFO - 26/01/29 20:03:58 INFO CodeGenerator: Code generated in 7.284832 ms
[2026-01-29T20:03:58.734+0530] {subprocess.py:106} INFO - 26/01/29 20:03:58 INFO CodeGenerator: Code generated in 7.3314 ms
[2026-01-29T20:03:58.760+0530] {subprocess.py:106} INFO - 26/01/29 20:03:58 INFO SparkContext: Starting job: showString at NativeMethodAccessorImpl.java:0
[2026-01-29T20:03:58.760+0530] {subprocess.py:106} INFO - 26/01/29 20:03:58 INFO DAGScheduler: Got job 65 (showString at NativeMethodAccessorImpl.java:0) with 1 output partitions
[2026-01-29T20:03:58.761+0530] {subprocess.py:106} INFO - 26/01/29 20:03:58 INFO DAGScheduler: Final stage: ResultStage 85 (showString at NativeMethodAccessorImpl.java:0)
[2026-01-29T20:03:58.761+0530] {subprocess.py:106} INFO - 26/01/29 20:03:58 INFO DAGScheduler: Parents of final stage: List(ShuffleMapStage 84)
[2026-01-29T20:03:58.762+0530] {subprocess.py:106} INFO - 26/01/29 20:03:58 INFO DAGScheduler: Missing parents: List()
[2026-01-29T20:03:58.762+0530] {subprocess.py:106} INFO - 26/01/29 20:03:58 INFO DAGScheduler: Submitting ResultStage 85 (MapPartitionsRDD[300] at showString at NativeMethodAccessorImpl.java:0), which has no missing parents
[2026-01-29T20:03:58.765+0530] {subprocess.py:106} INFO - 26/01/29 20:03:58 INFO MemoryStore: Block broadcast_111 stored as values in memory (estimated size 46.7 KiB, free 365.8 MiB)
[2026-01-29T20:03:58.766+0530] {subprocess.py:106} INFO - 26/01/29 20:03:58 INFO MemoryStore: Block broadcast_111_piece0 stored as bytes in memory (estimated size 21.2 KiB, free 365.8 MiB)
[2026-01-29T20:03:58.766+0530] {subprocess.py:106} INFO - 26/01/29 20:03:58 INFO BlockManagerInfo: Added broadcast_111_piece0 in memory on Aishwarya92848DBDA:42547 (size: 21.2 KiB, free: 366.2 MiB)
[2026-01-29T20:03:58.767+0530] {subprocess.py:106} INFO - 26/01/29 20:03:58 INFO SparkContext: Created broadcast 111 from broadcast at DAGScheduler.scala:1585
[2026-01-29T20:03:58.767+0530] {subprocess.py:106} INFO - 26/01/29 20:03:58 INFO DAGScheduler: Submitting 1 missing tasks from ResultStage 85 (MapPartitionsRDD[300] at showString at NativeMethodAccessorImpl.java:0) (first 15 tasks are for partitions Vector(0))
[2026-01-29T20:03:58.767+0530] {subprocess.py:106} INFO - 26/01/29 20:03:58 INFO TaskSchedulerImpl: Adding task set 85.0 with 1 tasks resource profile 0
[2026-01-29T20:03:58.769+0530] {subprocess.py:106} INFO - 26/01/29 20:03:58 INFO TaskSetManager: Starting task 0.0 in stage 85.0 (TID 109) (Aishwarya92848DBDA, executor driver, partition 0, NODE_LOCAL, 7615 bytes)
[2026-01-29T20:03:58.769+0530] {subprocess.py:106} INFO - 26/01/29 20:03:58 INFO Executor: Running task 0.0 in stage 85.0 (TID 109)
[2026-01-29T20:03:58.785+0530] {subprocess.py:106} INFO - 26/01/29 20:03:58 INFO ShuffleBlockFetcherIterator: Getting 2 (1810.2 KiB) non-empty blocks including 2 (1810.2 KiB) local and 0 (0.0 B) host-local and 0 (0.0 B) push-merged-local and 0 (0.0 B) remote blocks
[2026-01-29T20:03:58.786+0530] {subprocess.py:106} INFO - 26/01/29 20:03:58 INFO ShuffleBlockFetcherIterator: Started 0 remote fetches in 0 ms
[2026-01-29T20:03:58.792+0530] {subprocess.py:106} INFO - 26/01/29 20:03:58 INFO CodeGenerator: Code generated in 6.641784 ms
[2026-01-29T20:03:58.798+0530] {subprocess.py:106} INFO - 26/01/29 20:03:58 INFO CodeGenerator: Code generated in 4.495519 ms
[2026-01-29T20:03:58.815+0530] {subprocess.py:106} INFO - 26/01/29 20:03:58 INFO CodeGenerator: Code generated in 8.593077 ms
[2026-01-29T20:03:58.841+0530] {subprocess.py:106} INFO - 26/01/29 20:03:58 INFO CodeGenerator: Code generated in 8.28004 ms
[2026-01-29T20:03:58.950+0530] {subprocess.py:106} INFO - 26/01/29 20:03:58 INFO CodeGenerator: Code generated in 4.350602 ms
[2026-01-29T20:03:58.958+0530] {subprocess.py:106} INFO - 26/01/29 20:03:58 INFO CodeGenerator: Code generated in 3.623344 ms
[2026-01-29T20:03:58.963+0530] {subprocess.py:106} INFO - 26/01/29 20:03:58 INFO CodeGenerator: Code generated in 3.195648 ms
[2026-01-29T20:03:58.971+0530] {subprocess.py:106} INFO - 26/01/29 20:03:58 INFO CodeGenerator: Code generated in 3.189606 ms
[2026-01-29T20:03:58.982+0530] {subprocess.py:106} INFO - 26/01/29 20:03:58 INFO CodeGenerator: Code generated in 4.639403 ms
[2026-01-29T20:03:58.988+0530] {subprocess.py:106} INFO - 26/01/29 20:03:58 INFO CodeGenerator: Code generated in 3.712344 ms
[2026-01-29T20:03:58.994+0530] {subprocess.py:106} INFO - 26/01/29 20:03:58 INFO CodeGenerator: Code generated in 3.401811 ms
[2026-01-29T20:03:58.999+0530] {subprocess.py:106} INFO - 26/01/29 20:03:58 INFO CodeGenerator: Code generated in 3.459642 ms
[2026-01-29T20:03:59.008+0530] {subprocess.py:106} INFO - 26/01/29 20:03:59 INFO CodeGenerator: Code generated in 8.018792 ms
[2026-01-29T20:03:59.018+0530] {subprocess.py:106} INFO - 26/01/29 20:03:59 INFO ExternalAppendOnlyUnsafeRowArray: Reached spill threshold of 4096 rows, switching to org.apache.spark.util.collection.unsafe.sort.UnsafeExternalSorter
[2026-01-29T20:03:59.028+0530] {subprocess.py:106} INFO - 26/01/29 20:03:59 INFO Executor: Finished task 0.0 in stage 85.0 (TID 109). 4920 bytes result sent to driver
[2026-01-29T20:03:59.029+0530] {subprocess.py:106} INFO - 26/01/29 20:03:59 INFO TaskSetManager: Finished task 0.0 in stage 85.0 (TID 109) in 261 ms on Aishwarya92848DBDA (executor driver) (1/1)
[2026-01-29T20:03:59.030+0530] {subprocess.py:106} INFO - 26/01/29 20:03:59 INFO TaskSchedulerImpl: Removed TaskSet 85.0, whose tasks have all completed, from pool
[2026-01-29T20:03:59.030+0530] {subprocess.py:106} INFO - 26/01/29 20:03:59 INFO DAGScheduler: ResultStage 85 (showString at NativeMethodAccessorImpl.java:0) finished in 0.267 s
[2026-01-29T20:03:59.031+0530] {subprocess.py:106} INFO - 26/01/29 20:03:59 INFO DAGScheduler: Job 65 is finished. Cancelling potential speculative or zombie tasks for this job
[2026-01-29T20:03:59.031+0530] {subprocess.py:106} INFO - 26/01/29 20:03:59 INFO TaskSchedulerImpl: Killing all running tasks in stage 85: Stage finished
[2026-01-29T20:03:59.031+0530] {subprocess.py:106} INFO - 26/01/29 20:03:59 INFO DAGScheduler: Job 65 finished: showString at NativeMethodAccessorImpl.java:0, took 0.270456 s
[2026-01-29T20:03:59.041+0530] {subprocess.py:106} INFO - 26/01/29 20:03:59 INFO CodeGenerator: Code generated in 7.541401 ms
[2026-01-29T20:03:59.043+0530] {subprocess.py:106} INFO - +---------+----------+------------------+----------+----------+------------------+---+-----+-----------+
[2026-01-29T20:03:59.044+0530] {subprocess.py:106} INFO - |     city|      date|temperature_2m_max|temp_lag_1|temp_lag_2|    temp_rolling_3|day|month|day_of_week|
[2026-01-29T20:03:59.044+0530] {subprocess.py:106} INFO - +---------+----------+------------------+----------+----------+------------------+---+-----+-----------+
[2026-01-29T20:03:59.044+0530] {subprocess.py:106} INFO - |Ahmedabad|2000-01-01|              29.9|      NULL|      NULL|              29.9|  1|    1|          7|
[2026-01-29T20:03:59.044+0530] {subprocess.py:106} INFO - |Ahmedabad|2000-01-02|              29.9|      29.9|      NULL|              29.9|  2|    1|          1|
[2026-01-29T20:03:59.044+0530] {subprocess.py:106} INFO - |Ahmedabad|2000-01-03|              29.1|      29.9|      29.9|29.633333333333336|  3|    1|          2|
[2026-01-29T20:03:59.044+0530] {subprocess.py:106} INFO - |Ahmedabad|2000-01-04|              28.6|      29.1|      29.9|              29.2|  4|    1|          3|
[2026-01-29T20:03:59.045+0530] {subprocess.py:106} INFO - |Ahmedabad|2000-01-05|              28.1|      28.6|      29.1|28.600000000000005|  5|    1|          4|
[2026-01-29T20:03:59.045+0530] {subprocess.py:106} INFO - +---------+----------+------------------+----------+----------+------------------+---+-----+-----------+
[2026-01-29T20:03:59.045+0530] {subprocess.py:106} INFO - only showing top 5 rows
[2026-01-29T20:03:59.045+0530] {subprocess.py:106} INFO - 
[2026-01-29T20:03:59.075+0530] {subprocess.py:106} INFO - 26/01/29 20:03:59 INFO BlockManagerInfo: Removed broadcast_110_piece0 on Aishwarya92848DBDA:42547 in memory (size: 9.7 KiB, free: 366.2 MiB)
[2026-01-29T20:03:59.077+0530] {subprocess.py:106} INFO - 26/01/29 20:03:59 INFO BlockManagerInfo: Removed broadcast_111_piece0 on Aishwarya92848DBDA:42547 in memory (size: 21.2 KiB, free: 366.3 MiB)
[2026-01-29T20:03:59.192+0530] {subprocess.py:106} INFO - 26/01/29 20:03:59 INFO FileSourceStrategy: Pushed Filters:
[2026-01-29T20:03:59.193+0530] {subprocess.py:106} INFO - 26/01/29 20:03:59 INFO FileSourceStrategy: Post-Scan Filters:
[2026-01-29T20:03:59.237+0530] {subprocess.py:106} INFO - 26/01/29 20:03:59 INFO CodeGenerator: Code generated in 17.540832 ms
[2026-01-29T20:03:59.239+0530] {subprocess.py:106} INFO - 26/01/29 20:03:59 INFO MemoryStore: Block broadcast_112 stored as values in memory (estimated size 350.2 KiB, free 365.6 MiB)
[2026-01-29T20:03:59.248+0530] {subprocess.py:106} INFO - 26/01/29 20:03:59 INFO MemoryStore: Block broadcast_112_piece0 stored as bytes in memory (estimated size 34.3 KiB, free 365.5 MiB)
[2026-01-29T20:03:59.249+0530] {subprocess.py:106} INFO - 26/01/29 20:03:59 INFO BlockManagerInfo: Added broadcast_112_piece0 in memory on Aishwarya92848DBDA:42547 (size: 34.3 KiB, free: 366.2 MiB)
[2026-01-29T20:03:59.249+0530] {subprocess.py:106} INFO - 26/01/29 20:03:59 INFO SparkContext: Created broadcast 112 from showString at NativeMethodAccessorImpl.java:0
[2026-01-29T20:03:59.250+0530] {subprocess.py:106} INFO - 26/01/29 20:03:59 INFO FileSourceScanExec: Planning scan with bin packing, max size: 4194304 bytes, open cost is considered as scanning 4194304 bytes.
[2026-01-29T20:03:59.255+0530] {subprocess.py:106} INFO - 26/01/29 20:03:59 INFO DAGScheduler: Registering RDD 304 (showString at NativeMethodAccessorImpl.java:0) as input to shuffle 20
[2026-01-29T20:03:59.256+0530] {subprocess.py:106} INFO - 26/01/29 20:03:59 INFO DAGScheduler: Got map stage job 66 (showString at NativeMethodAccessorImpl.java:0) with 2 output partitions
[2026-01-29T20:03:59.257+0530] {subprocess.py:106} INFO - 26/01/29 20:03:59 INFO DAGScheduler: Final stage: ShuffleMapStage 86 (showString at NativeMethodAccessorImpl.java:0)
[2026-01-29T20:03:59.257+0530] {subprocess.py:106} INFO - 26/01/29 20:03:59 INFO DAGScheduler: Parents of final stage: List()
[2026-01-29T20:03:59.257+0530] {subprocess.py:106} INFO - 26/01/29 20:03:59 INFO DAGScheduler: Missing parents: List()
[2026-01-29T20:03:59.257+0530] {subprocess.py:106} INFO - 26/01/29 20:03:59 INFO DAGScheduler: Submitting ShuffleMapStage 86 (MapPartitionsRDD[304] at showString at NativeMethodAccessorImpl.java:0), which has no missing parents
[2026-01-29T20:03:59.259+0530] {subprocess.py:106} INFO - 26/01/29 20:03:59 INFO MemoryStore: Block broadcast_113 stored as values in memory (estimated size 28.9 KiB, free 365.5 MiB)
[2026-01-29T20:03:59.260+0530] {subprocess.py:106} INFO - 26/01/29 20:03:59 INFO MemoryStore: Block broadcast_113_piece0 stored as bytes in memory (estimated size 11.1 KiB, free 365.5 MiB)
[2026-01-29T20:03:59.261+0530] {subprocess.py:106} INFO - 26/01/29 20:03:59 INFO BlockManagerInfo: Added broadcast_113_piece0 in memory on Aishwarya92848DBDA:42547 (size: 11.1 KiB, free: 366.2 MiB)
[2026-01-29T20:03:59.261+0530] {subprocess.py:106} INFO - 26/01/29 20:03:59 INFO SparkContext: Created broadcast 113 from broadcast at DAGScheduler.scala:1585
[2026-01-29T20:03:59.261+0530] {subprocess.py:106} INFO - 26/01/29 20:03:59 INFO DAGScheduler: Submitting 2 missing tasks from ShuffleMapStage 86 (MapPartitionsRDD[304] at showString at NativeMethodAccessorImpl.java:0) (first 15 tasks are for partitions Vector(0, 1))
[2026-01-29T20:03:59.261+0530] {subprocess.py:106} INFO - 26/01/29 20:03:59 INFO TaskSchedulerImpl: Adding task set 86.0 with 2 tasks resource profile 0
[2026-01-29T20:03:59.262+0530] {subprocess.py:106} INFO - 26/01/29 20:03:59 INFO TaskSetManager: Starting task 0.0 in stage 86.0 (TID 110) (Aishwarya92848DBDA, executor driver, partition 0, NODE_LOCAL, 8230 bytes)
[2026-01-29T20:03:59.262+0530] {subprocess.py:106} INFO - 26/01/29 20:03:59 INFO TaskSetManager: Starting task 1.0 in stage 86.0 (TID 111) (Aishwarya92848DBDA, executor driver, partition 1, NODE_LOCAL, 8230 bytes)
[2026-01-29T20:03:59.263+0530] {subprocess.py:106} INFO - 26/01/29 20:03:59 INFO Executor: Running task 1.0 in stage 86.0 (TID 111)
[2026-01-29T20:03:59.263+0530] {subprocess.py:106} INFO - 26/01/29 20:03:59 INFO Executor: Running task 0.0 in stage 86.0 (TID 110)
[2026-01-29T20:03:59.279+0530] {subprocess.py:106} INFO - 26/01/29 20:03:59 INFO CodeGenerator: Code generated in 12.777212 ms
[2026-01-29T20:03:59.282+0530] {subprocess.py:106} INFO - 26/01/29 20:03:59 INFO FileScanRDD: Reading File path: hdfs://localhost:9000/weather/data/raw_data/weather_dataset.csv, range: 4194304-5651348, partition values: [empty row]
[2026-01-29T20:03:59.282+0530] {subprocess.py:106} INFO - 26/01/29 20:03:59 INFO FileScanRDD: Reading File path: hdfs://localhost:9000/weather/data/raw_data/weather_dataset.csv, range: 0-4194304, partition values: [empty row]
[2026-01-29T20:03:59.289+0530] {subprocess.py:106} INFO - 26/01/29 20:03:59 INFO CodeGenerator: Code generated in 5.640723 ms
[2026-01-29T20:03:59.412+0530] {subprocess.py:106} INFO - 26/01/29 20:03:59 INFO Executor: Finished task 1.0 in stage 86.0 (TID 111). 1995 bytes result sent to driver
[2026-01-29T20:03:59.413+0530] {subprocess.py:106} INFO - 26/01/29 20:03:59 INFO TaskSetManager: Finished task 1.0 in stage 86.0 (TID 111) in 150 ms on Aishwarya92848DBDA (executor driver) (1/2)
[2026-01-29T20:03:59.509+0530] {subprocess.py:106} INFO - 26/01/29 20:03:59 INFO BlockManagerInfo: Removed broadcast_109_piece0 on Aishwarya92848DBDA:42547 in memory (size: 34.3 KiB, free: 366.3 MiB)
[2026-01-29T20:03:59.547+0530] {subprocess.py:106} INFO - 26/01/29 20:03:59 INFO Executor: Finished task 0.0 in stage 86.0 (TID 110). 2038 bytes result sent to driver
[2026-01-29T20:03:59.548+0530] {subprocess.py:106} INFO - 26/01/29 20:03:59 INFO TaskSetManager: Finished task 0.0 in stage 86.0 (TID 110) in 286 ms on Aishwarya92848DBDA (executor driver) (2/2)
[2026-01-29T20:03:59.548+0530] {subprocess.py:106} INFO - 26/01/29 20:03:59 INFO TaskSchedulerImpl: Removed TaskSet 86.0, whose tasks have all completed, from pool
[2026-01-29T20:03:59.548+0530] {subprocess.py:106} INFO - 26/01/29 20:03:59 INFO DAGScheduler: ShuffleMapStage 86 (showString at NativeMethodAccessorImpl.java:0) finished in 0.292 s
[2026-01-29T20:03:59.548+0530] {subprocess.py:106} INFO - 26/01/29 20:03:59 INFO DAGScheduler: looking for newly runnable stages
[2026-01-29T20:03:59.548+0530] {subprocess.py:106} INFO - 26/01/29 20:03:59 INFO DAGScheduler: running: Set()
[2026-01-29T20:03:59.549+0530] {subprocess.py:106} INFO - 26/01/29 20:03:59 INFO DAGScheduler: waiting: Set()
[2026-01-29T20:03:59.549+0530] {subprocess.py:106} INFO - 26/01/29 20:03:59 INFO DAGScheduler: failed: Set()
[2026-01-29T20:03:59.555+0530] {subprocess.py:106} INFO - 26/01/29 20:03:59 INFO ShufflePartitionsUtil: For shuffle(20), advisory target size: 67108864, actual target size 1048576, minimum partition size: 1048576
[2026-01-29T20:03:59.588+0530] {subprocess.py:106} INFO - 26/01/29 20:03:59 INFO CodeGenerator: Code generated in 9.295247 ms
[2026-01-29T20:03:59.603+0530] {subprocess.py:106} INFO - 26/01/29 20:03:59 INFO DAGScheduler: Registering RDD 309 (showString at NativeMethodAccessorImpl.java:0) as input to shuffle 21
[2026-01-29T20:03:59.604+0530] {subprocess.py:106} INFO - 26/01/29 20:03:59 INFO DAGScheduler: Got map stage job 67 (showString at NativeMethodAccessorImpl.java:0) with 2 output partitions
[2026-01-29T20:03:59.605+0530] {subprocess.py:106} INFO - 26/01/29 20:03:59 INFO DAGScheduler: Final stage: ShuffleMapStage 88 (showString at NativeMethodAccessorImpl.java:0)
[2026-01-29T20:03:59.605+0530] {subprocess.py:106} INFO - 26/01/29 20:03:59 INFO DAGScheduler: Parents of final stage: List(ShuffleMapStage 87)
[2026-01-29T20:03:59.606+0530] {subprocess.py:106} INFO - 26/01/29 20:03:59 INFO DAGScheduler: Missing parents: List()
[2026-01-29T20:03:59.606+0530] {subprocess.py:106} INFO - 26/01/29 20:03:59 INFO DAGScheduler: Submitting ShuffleMapStage 88 (MapPartitionsRDD[309] at showString at NativeMethodAccessorImpl.java:0), which has no missing parents
[2026-01-29T20:03:59.609+0530] {subprocess.py:106} INFO - 26/01/29 20:03:59 INFO MemoryStore: Block broadcast_114 stored as values in memory (estimated size 61.9 KiB, free 365.8 MiB)
[2026-01-29T20:03:59.611+0530] {subprocess.py:106} INFO - 26/01/29 20:03:59 INFO MemoryStore: Block broadcast_114_piece0 stored as bytes in memory (estimated size 25.3 KiB, free 365.8 MiB)
[2026-01-29T20:03:59.611+0530] {subprocess.py:106} INFO - 26/01/29 20:03:59 INFO BlockManagerInfo: Added broadcast_114_piece0 in memory on Aishwarya92848DBDA:42547 (size: 25.3 KiB, free: 366.2 MiB)
[2026-01-29T20:03:59.612+0530] {subprocess.py:106} INFO - 26/01/29 20:03:59 INFO SparkContext: Created broadcast 114 from broadcast at DAGScheduler.scala:1585
[2026-01-29T20:03:59.612+0530] {subprocess.py:106} INFO - 26/01/29 20:03:59 INFO DAGScheduler: Submitting 2 missing tasks from ShuffleMapStage 88 (MapPartitionsRDD[309] at showString at NativeMethodAccessorImpl.java:0) (first 15 tasks are for partitions Vector(0, 1))
[2026-01-29T20:03:59.612+0530] {subprocess.py:106} INFO - 26/01/29 20:03:59 INFO TaskSchedulerImpl: Adding task set 88.0 with 2 tasks resource profile 0
[2026-01-29T20:03:59.613+0530] {subprocess.py:106} INFO - 26/01/29 20:03:59 INFO TaskSetManager: Starting task 0.0 in stage 88.0 (TID 112) (Aishwarya92848DBDA, executor driver, partition 0, NODE_LOCAL, 7604 bytes)
[2026-01-29T20:03:59.614+0530] {subprocess.py:106} INFO - 26/01/29 20:03:59 INFO TaskSetManager: Starting task 1.0 in stage 88.0 (TID 113) (Aishwarya92848DBDA, executor driver, partition 1, NODE_LOCAL, 7604 bytes)
[2026-01-29T20:03:59.614+0530] {subprocess.py:106} INFO - 26/01/29 20:03:59 INFO Executor: Running task 0.0 in stage 88.0 (TID 112)
[2026-01-29T20:03:59.614+0530] {subprocess.py:106} INFO - 26/01/29 20:03:59 INFO Executor: Running task 1.0 in stage 88.0 (TID 113)
[2026-01-29T20:03:59.621+0530] {subprocess.py:106} INFO - 26/01/29 20:03:59 INFO ShuffleBlockFetcherIterator: Getting 2 (1189.4 KiB) non-empty blocks including 2 (1189.4 KiB) local and 0 (0.0 B) host-local and 0 (0.0 B) push-merged-local and 0 (0.0 B) remote blocks
[2026-01-29T20:03:59.621+0530] {subprocess.py:106} INFO - 26/01/29 20:03:59 INFO ShuffleBlockFetcherIterator: Started 0 remote fetches in 1 ms
[2026-01-29T20:03:59.622+0530] {subprocess.py:106} INFO - 26/01/29 20:03:59 INFO ShuffleBlockFetcherIterator: Getting 2 (1764.5 KiB) non-empty blocks including 2 (1764.5 KiB) local and 0 (0.0 B) host-local and 0 (0.0 B) push-merged-local and 0 (0.0 B) remote blocks
[2026-01-29T20:03:59.622+0530] {subprocess.py:106} INFO - 26/01/29 20:03:59 INFO ShuffleBlockFetcherIterator: Started 0 remote fetches in 0 ms
[2026-01-29T20:03:59.631+0530] {subprocess.py:106} INFO - 26/01/29 20:03:59 INFO CodeGenerator: Code generated in 6.274213 ms
[2026-01-29T20:03:59.672+0530] {subprocess.py:106} INFO - 26/01/29 20:03:59 INFO CodeGenerator: Code generated in 10.626989 ms
[2026-01-29T20:03:59.679+0530] {subprocess.py:106} INFO - 26/01/29 20:03:59 INFO ExternalAppendOnlyUnsafeRowArray: Reached spill threshold of 4096 rows, switching to org.apache.spark.util.collection.unsafe.sort.UnsafeExternalSorter
[2026-01-29T20:03:59.680+0530] {subprocess.py:106} INFO - 26/01/29 20:03:59 INFO ExternalAppendOnlyUnsafeRowArray: Reached spill threshold of 4096 rows, switching to org.apache.spark.util.collection.unsafe.sort.UnsafeExternalSorter
[2026-01-29T20:03:59.787+0530] {subprocess.py:106} INFO - 26/01/29 20:03:59 INFO ExternalAppendOnlyUnsafeRowArray: Reached spill threshold of 4096 rows, switching to org.apache.spark.util.collection.unsafe.sort.UnsafeExternalSorter
[2026-01-29T20:03:59.788+0530] {subprocess.py:106} INFO - 26/01/29 20:03:59 INFO ExternalAppendOnlyUnsafeRowArray: Reached spill threshold of 4096 rows, switching to org.apache.spark.util.collection.unsafe.sort.UnsafeExternalSorter
[2026-01-29T20:03:59.835+0530] {subprocess.py:106} INFO - 26/01/29 20:03:59 INFO ExternalAppendOnlyUnsafeRowArray: Reached spill threshold of 4096 rows, switching to org.apache.spark.util.collection.unsafe.sort.UnsafeExternalSorter
[2026-01-29T20:03:59.839+0530] {subprocess.py:106} INFO - 26/01/29 20:03:59 INFO ExternalAppendOnlyUnsafeRowArray: Reached spill threshold of 4096 rows, switching to org.apache.spark.util.collection.unsafe.sort.UnsafeExternalSorter
[2026-01-29T20:03:59.893+0530] {subprocess.py:106} INFO - 26/01/29 20:03:59 INFO ExternalAppendOnlyUnsafeRowArray: Reached spill threshold of 4096 rows, switching to org.apache.spark.util.collection.unsafe.sort.UnsafeExternalSorter
[2026-01-29T20:03:59.897+0530] {subprocess.py:106} INFO - 26/01/29 20:03:59 INFO ExternalAppendOnlyUnsafeRowArray: Reached spill threshold of 4096 rows, switching to org.apache.spark.util.collection.unsafe.sort.UnsafeExternalSorter
[2026-01-29T20:03:59.925+0530] {subprocess.py:106} INFO - 26/01/29 20:03:59 INFO Executor: Finished task 0.0 in stage 88.0 (TID 112). 4933 bytes result sent to driver
[2026-01-29T20:03:59.926+0530] {subprocess.py:106} INFO - 26/01/29 20:03:59 INFO TaskSetManager: Finished task 0.0 in stage 88.0 (TID 112) in 313 ms on Aishwarya92848DBDA (executor driver) (1/2)
[2026-01-29T20:03:59.927+0530] {subprocess.py:106} INFO - 26/01/29 20:03:59 INFO ExternalAppendOnlyUnsafeRowArray: Reached spill threshold of 4096 rows, switching to org.apache.spark.util.collection.unsafe.sort.UnsafeExternalSorter
[2026-01-29T20:03:59.936+0530] {subprocess.py:106} INFO - 26/01/29 20:03:59 INFO ExternalAppendOnlyUnsafeRowArray: Reached spill threshold of 4096 rows, switching to org.apache.spark.util.collection.unsafe.sort.UnsafeExternalSorter
[2026-01-29T20:03:59.947+0530] {subprocess.py:106} INFO - 26/01/29 20:03:59 INFO Executor: Finished task 1.0 in stage 88.0 (TID 113). 4933 bytes result sent to driver
[2026-01-29T20:03:59.947+0530] {subprocess.py:106} INFO - 26/01/29 20:03:59 INFO TaskSetManager: Finished task 1.0 in stage 88.0 (TID 113) in 334 ms on Aishwarya92848DBDA (executor driver) (2/2)
[2026-01-29T20:03:59.948+0530] {subprocess.py:106} INFO - 26/01/29 20:03:59 INFO TaskSchedulerImpl: Removed TaskSet 88.0, whose tasks have all completed, from pool
[2026-01-29T20:03:59.948+0530] {subprocess.py:106} INFO - 26/01/29 20:03:59 INFO DAGScheduler: ShuffleMapStage 88 (showString at NativeMethodAccessorImpl.java:0) finished in 0.341 s
[2026-01-29T20:03:59.949+0530] {subprocess.py:106} INFO - 26/01/29 20:03:59 INFO DAGScheduler: looking for newly runnable stages
[2026-01-29T20:03:59.949+0530] {subprocess.py:106} INFO - 26/01/29 20:03:59 INFO DAGScheduler: running: Set()
[2026-01-29T20:03:59.949+0530] {subprocess.py:106} INFO - 26/01/29 20:03:59 INFO DAGScheduler: waiting: Set()
[2026-01-29T20:03:59.949+0530] {subprocess.py:106} INFO - 26/01/29 20:03:59 INFO DAGScheduler: failed: Set()
[2026-01-29T20:03:59.973+0530] {subprocess.py:106} INFO - 26/01/29 20:03:59 INFO CodeGenerator: Code generated in 12.14723 ms
[2026-01-29T20:03:59.980+0530] {subprocess.py:106} INFO - 26/01/29 20:03:59 INFO SparkContext: Starting job: showString at NativeMethodAccessorImpl.java:0
[2026-01-29T20:03:59.981+0530] {subprocess.py:106} INFO - 26/01/29 20:03:59 INFO DAGScheduler: Got job 68 (showString at NativeMethodAccessorImpl.java:0) with 1 output partitions
[2026-01-29T20:03:59.982+0530] {subprocess.py:106} INFO - 26/01/29 20:03:59 INFO DAGScheduler: Final stage: ResultStage 91 (showString at NativeMethodAccessorImpl.java:0)
[2026-01-29T20:03:59.982+0530] {subprocess.py:106} INFO - 26/01/29 20:03:59 INFO DAGScheduler: Parents of final stage: List(ShuffleMapStage 90)
[2026-01-29T20:03:59.982+0530] {subprocess.py:106} INFO - 26/01/29 20:03:59 INFO DAGScheduler: Missing parents: List()
[2026-01-29T20:03:59.983+0530] {subprocess.py:106} INFO - 26/01/29 20:03:59 INFO DAGScheduler: Submitting ResultStage 91 (MapPartitionsRDD[312] at showString at NativeMethodAccessorImpl.java:0), which has no missing parents
[2026-01-29T20:03:59.984+0530] {subprocess.py:106} INFO - 26/01/29 20:03:59 INFO MemoryStore: Block broadcast_115 stored as values in memory (estimated size 19.6 KiB, free 365.8 MiB)
[2026-01-29T20:03:59.985+0530] {subprocess.py:106} INFO - 26/01/29 20:03:59 INFO MemoryStore: Block broadcast_115_piece0 stored as bytes in memory (estimated size 7.5 KiB, free 365.8 MiB)
[2026-01-29T20:03:59.985+0530] {subprocess.py:106} INFO - 26/01/29 20:03:59 INFO BlockManagerInfo: Added broadcast_115_piece0 in memory on Aishwarya92848DBDA:42547 (size: 7.5 KiB, free: 366.2 MiB)
[2026-01-29T20:03:59.985+0530] {subprocess.py:106} INFO - 26/01/29 20:03:59 INFO SparkContext: Created broadcast 115 from broadcast at DAGScheduler.scala:1585
[2026-01-29T20:03:59.985+0530] {subprocess.py:106} INFO - 26/01/29 20:03:59 INFO DAGScheduler: Submitting 1 missing tasks from ResultStage 91 (MapPartitionsRDD[312] at showString at NativeMethodAccessorImpl.java:0) (first 15 tasks are for partitions Vector(0))
[2026-01-29T20:03:59.986+0530] {subprocess.py:106} INFO - 26/01/29 20:03:59 INFO TaskSchedulerImpl: Adding task set 91.0 with 1 tasks resource profile 0
[2026-01-29T20:03:59.986+0530] {subprocess.py:106} INFO - 26/01/29 20:03:59 INFO TaskSetManager: Starting task 0.0 in stage 91.0 (TID 114) (Aishwarya92848DBDA, executor driver, partition 0, NODE_LOCAL, 7615 bytes)
[2026-01-29T20:03:59.987+0530] {subprocess.py:106} INFO - 26/01/29 20:03:59 INFO Executor: Running task 0.0 in stage 91.0 (TID 114)
[2026-01-29T20:03:59.989+0530] {subprocess.py:106} INFO - 26/01/29 20:03:59 INFO ShuffleBlockFetcherIterator: Getting 2 (144.0 B) non-empty blocks including 2 (144.0 B) local and 0 (0.0 B) host-local and 0 (0.0 B) push-merged-local and 0 (0.0 B) remote blocks
[2026-01-29T20:03:59.990+0530] {subprocess.py:106} INFO - 26/01/29 20:03:59 INFO ShuffleBlockFetcherIterator: Started 0 remote fetches in 0 ms
[2026-01-29T20:03:59.999+0530] {subprocess.py:106} INFO - 26/01/29 20:03:59 INFO CodeGenerator: Code generated in 8.760738 ms
[2026-01-29T20:04:00.002+0530] {subprocess.py:106} INFO - 26/01/29 20:04:00 INFO Executor: Finished task 0.0 in stage 91.0 (TID 114). 4055 bytes result sent to driver
[2026-01-29T20:04:00.003+0530] {subprocess.py:106} INFO - 26/01/29 20:04:00 INFO TaskSetManager: Finished task 0.0 in stage 91.0 (TID 114) in 17 ms on Aishwarya92848DBDA (executor driver) (1/1)
[2026-01-29T20:04:00.003+0530] {subprocess.py:106} INFO - 26/01/29 20:04:00 INFO TaskSchedulerImpl: Removed TaskSet 91.0, whose tasks have all completed, from pool
[2026-01-29T20:04:00.004+0530] {subprocess.py:106} INFO - 26/01/29 20:04:00 INFO DAGScheduler: ResultStage 91 (showString at NativeMethodAccessorImpl.java:0) finished in 0.021 s
[2026-01-29T20:04:00.004+0530] {subprocess.py:106} INFO - 26/01/29 20:04:00 INFO DAGScheduler: Job 68 is finished. Cancelling potential speculative or zombie tasks for this job
[2026-01-29T20:04:00.004+0530] {subprocess.py:106} INFO - 26/01/29 20:04:00 INFO TaskSchedulerImpl: Killing all running tasks in stage 91: Stage finished
[2026-01-29T20:04:00.004+0530] {subprocess.py:106} INFO - 26/01/29 20:04:00 INFO DAGScheduler: Job 68 finished: showString at NativeMethodAccessorImpl.java:0, took 0.023909 s
[2026-01-29T20:04:00.012+0530] {subprocess.py:106} INFO - 26/01/29 20:04:00 INFO CodeGenerator: Code generated in 5.510135 ms
[2026-01-29T20:04:00.014+0530] {subprocess.py:106} INFO - +------------------+------------------+------------------------+------------------------+------------------+------------------+------------+----------+----------+--------------+
[2026-01-29T20:04:00.015+0530] {subprocess.py:106} INFO - |temperature_2m_max|temperature_2m_min|apparent_temperature_max|apparent_temperature_min|wind_speed_10m_max|wind_gusts_10m_max|rain_sum_log|temp_lag_1|temp_lag_2|temp_rolling_3|
[2026-01-29T20:04:00.015+0530] {subprocess.py:106} INFO - +------------------+------------------+------------------------+------------------------+------------------+------------------+------------+----------+----------+--------------+
[2026-01-29T20:04:00.015+0530] {subprocess.py:106} INFO - |0                 |0                 |0                       |0                       |0                 |0                 |0           |10        |20        |0             |
[2026-01-29T20:04:00.015+0530] {subprocess.py:106} INFO - +------------------+------------------+------------------------+------------------------+------------------+------------------+------------+----------+----------+--------------+
[2026-01-29T20:04:00.015+0530] {subprocess.py:106} INFO - 
[2026-01-29T20:04:00.150+0530] {subprocess.py:106} INFO - 26/01/29 20:04:00 INFO FileSourceStrategy: Pushed Filters:
[2026-01-29T20:04:00.150+0530] {subprocess.py:106} INFO - 26/01/29 20:04:00 INFO FileSourceStrategy: Post-Scan Filters:
[2026-01-29T20:04:00.169+0530] {subprocess.py:106} INFO - 26/01/29 20:04:00 INFO MemoryStore: Block broadcast_116 stored as values in memory (estimated size 350.2 KiB, free 365.4 MiB)
[2026-01-29T20:04:00.176+0530] {subprocess.py:106} INFO - 26/01/29 20:04:00 INFO MemoryStore: Block broadcast_116_piece0 stored as bytes in memory (estimated size 34.3 KiB, free 365.4 MiB)
[2026-01-29T20:04:00.177+0530] {subprocess.py:106} INFO - 26/01/29 20:04:00 INFO BlockManagerInfo: Added broadcast_116_piece0 in memory on Aishwarya92848DBDA:42547 (size: 34.3 KiB, free: 366.2 MiB)
[2026-01-29T20:04:00.177+0530] {subprocess.py:106} INFO - 26/01/29 20:04:00 INFO SparkContext: Created broadcast 116 from showString at NativeMethodAccessorImpl.java:0
[2026-01-29T20:04:00.178+0530] {subprocess.py:106} INFO - 26/01/29 20:04:00 INFO FileSourceScanExec: Planning scan with bin packing, max size: 4194304 bytes, open cost is considered as scanning 4194304 bytes.
[2026-01-29T20:04:00.181+0530] {subprocess.py:106} INFO - 26/01/29 20:04:00 INFO DAGScheduler: Registering RDD 316 (showString at NativeMethodAccessorImpl.java:0) as input to shuffle 22
[2026-01-29T20:04:00.182+0530] {subprocess.py:106} INFO - 26/01/29 20:04:00 INFO DAGScheduler: Got map stage job 69 (showString at NativeMethodAccessorImpl.java:0) with 2 output partitions
[2026-01-29T20:04:00.182+0530] {subprocess.py:106} INFO - 26/01/29 20:04:00 INFO DAGScheduler: Final stage: ShuffleMapStage 92 (showString at NativeMethodAccessorImpl.java:0)
[2026-01-29T20:04:00.183+0530] {subprocess.py:106} INFO - 26/01/29 20:04:00 INFO DAGScheduler: Parents of final stage: List()
[2026-01-29T20:04:00.183+0530] {subprocess.py:106} INFO - 26/01/29 20:04:00 INFO DAGScheduler: Missing parents: List()
[2026-01-29T20:04:00.183+0530] {subprocess.py:106} INFO - 26/01/29 20:04:00 INFO DAGScheduler: Submitting ShuffleMapStage 92 (MapPartitionsRDD[316] at showString at NativeMethodAccessorImpl.java:0), which has no missing parents
[2026-01-29T20:04:00.185+0530] {subprocess.py:106} INFO - 26/01/29 20:04:00 INFO MemoryStore: Block broadcast_117 stored as values in memory (estimated size 28.9 KiB, free 365.4 MiB)
[2026-01-29T20:04:00.187+0530] {subprocess.py:106} INFO - 26/01/29 20:04:00 INFO MemoryStore: Block broadcast_117_piece0 stored as bytes in memory (estimated size 11.1 KiB, free 365.4 MiB)
[2026-01-29T20:04:00.187+0530] {subprocess.py:106} INFO - 26/01/29 20:04:00 INFO BlockManagerInfo: Added broadcast_117_piece0 in memory on Aishwarya92848DBDA:42547 (size: 11.1 KiB, free: 366.2 MiB)
[2026-01-29T20:04:00.187+0530] {subprocess.py:106} INFO - 26/01/29 20:04:00 INFO SparkContext: Created broadcast 117 from broadcast at DAGScheduler.scala:1585
[2026-01-29T20:04:00.188+0530] {subprocess.py:106} INFO - 26/01/29 20:04:00 INFO DAGScheduler: Submitting 2 missing tasks from ShuffleMapStage 92 (MapPartitionsRDD[316] at showString at NativeMethodAccessorImpl.java:0) (first 15 tasks are for partitions Vector(0, 1))
[2026-01-29T20:04:00.188+0530] {subprocess.py:106} INFO - 26/01/29 20:04:00 INFO TaskSchedulerImpl: Adding task set 92.0 with 2 tasks resource profile 0
[2026-01-29T20:04:00.189+0530] {subprocess.py:106} INFO - 26/01/29 20:04:00 INFO TaskSetManager: Starting task 0.0 in stage 92.0 (TID 115) (Aishwarya92848DBDA, executor driver, partition 0, NODE_LOCAL, 8230 bytes)
[2026-01-29T20:04:00.189+0530] {subprocess.py:106} INFO - 26/01/29 20:04:00 INFO TaskSetManager: Starting task 1.0 in stage 92.0 (TID 116) (Aishwarya92848DBDA, executor driver, partition 1, NODE_LOCAL, 8230 bytes)
[2026-01-29T20:04:00.190+0530] {subprocess.py:106} INFO - 26/01/29 20:04:00 INFO Executor: Running task 0.0 in stage 92.0 (TID 115)
[2026-01-29T20:04:00.190+0530] {subprocess.py:106} INFO - 26/01/29 20:04:00 INFO Executor: Running task 1.0 in stage 92.0 (TID 116)
[2026-01-29T20:04:00.194+0530] {subprocess.py:106} INFO - 26/01/29 20:04:00 INFO FileScanRDD: Reading File path: hdfs://localhost:9000/weather/data/raw_data/weather_dataset.csv, range: 4194304-5651348, partition values: [empty row]
[2026-01-29T20:04:00.195+0530] {subprocess.py:106} INFO - 26/01/29 20:04:00 INFO FileScanRDD: Reading File path: hdfs://localhost:9000/weather/data/raw_data/weather_dataset.csv, range: 0-4194304, partition values: [empty row]
[2026-01-29T20:04:00.279+0530] {subprocess.py:106} INFO - 26/01/29 20:04:00 INFO BlockManagerInfo: Removed broadcast_113_piece0 on Aishwarya92848DBDA:42547 in memory (size: 11.1 KiB, free: 366.2 MiB)
[2026-01-29T20:04:00.280+0530] {subprocess.py:106} INFO - 26/01/29 20:04:00 INFO BlockManagerInfo: Removed broadcast_112_piece0 on Aishwarya92848DBDA:42547 in memory (size: 34.3 KiB, free: 366.2 MiB)
[2026-01-29T20:04:00.281+0530] {subprocess.py:106} INFO - 26/01/29 20:04:00 INFO BlockManagerInfo: Removed broadcast_115_piece0 on Aishwarya92848DBDA:42547 in memory (size: 7.5 KiB, free: 366.2 MiB)
[2026-01-29T20:04:00.283+0530] {subprocess.py:106} INFO - 26/01/29 20:04:00 INFO BlockManagerInfo: Removed broadcast_114_piece0 on Aishwarya92848DBDA:42547 in memory (size: 25.3 KiB, free: 366.3 MiB)
[2026-01-29T20:04:00.305+0530] {subprocess.py:106} INFO - 26/01/29 20:04:00 INFO Executor: Finished task 1.0 in stage 92.0 (TID 116). 2038 bytes result sent to driver
[2026-01-29T20:04:00.305+0530] {subprocess.py:106} INFO - 26/01/29 20:04:00 INFO TaskSetManager: Finished task 1.0 in stage 92.0 (TID 116) in 116 ms on Aishwarya92848DBDA (executor driver) (1/2)
[2026-01-29T20:04:00.422+0530] {subprocess.py:106} INFO - 26/01/29 20:04:00 INFO Executor: Finished task 0.0 in stage 92.0 (TID 115). 2038 bytes result sent to driver
[2026-01-29T20:04:00.423+0530] {subprocess.py:106} INFO - 26/01/29 20:04:00 INFO TaskSetManager: Finished task 0.0 in stage 92.0 (TID 115) in 235 ms on Aishwarya92848DBDA (executor driver) (2/2)
[2026-01-29T20:04:00.423+0530] {subprocess.py:106} INFO - 26/01/29 20:04:00 INFO TaskSchedulerImpl: Removed TaskSet 92.0, whose tasks have all completed, from pool
[2026-01-29T20:04:00.424+0530] {subprocess.py:106} INFO - 26/01/29 20:04:00 INFO DAGScheduler: ShuffleMapStage 92 (showString at NativeMethodAccessorImpl.java:0) finished in 0.240 s
[2026-01-29T20:04:00.424+0530] {subprocess.py:106} INFO - 26/01/29 20:04:00 INFO DAGScheduler: looking for newly runnable stages
[2026-01-29T20:04:00.424+0530] {subprocess.py:106} INFO - 26/01/29 20:04:00 INFO DAGScheduler: running: Set()
[2026-01-29T20:04:00.425+0530] {subprocess.py:106} INFO - 26/01/29 20:04:00 INFO DAGScheduler: waiting: Set()
[2026-01-29T20:04:00.425+0530] {subprocess.py:106} INFO - 26/01/29 20:04:00 INFO DAGScheduler: failed: Set()
[2026-01-29T20:04:00.429+0530] {subprocess.py:106} INFO - 26/01/29 20:04:00 INFO ShufflePartitionsUtil: For shuffle(22), advisory target size: 67108864, actual target size 1048576, minimum partition size: 1048576
[2026-01-29T20:04:00.533+0530] {subprocess.py:106} INFO - 26/01/29 20:04:00 INFO CodeGenerator: Code generated in 25.226147 ms
[2026-01-29T20:04:00.577+0530] {subprocess.py:106} INFO - 26/01/29 20:04:00 INFO SparkContext: Starting job: showString at NativeMethodAccessorImpl.java:0
[2026-01-29T20:04:00.578+0530] {subprocess.py:106} INFO - 26/01/29 20:04:00 INFO DAGScheduler: Got job 70 (showString at NativeMethodAccessorImpl.java:0) with 1 output partitions
[2026-01-29T20:04:00.579+0530] {subprocess.py:106} INFO - 26/01/29 20:04:00 INFO DAGScheduler: Final stage: ResultStage 94 (showString at NativeMethodAccessorImpl.java:0)
[2026-01-29T20:04:00.580+0530] {subprocess.py:106} INFO - 26/01/29 20:04:00 INFO DAGScheduler: Parents of final stage: List(ShuffleMapStage 93)
[2026-01-29T20:04:00.580+0530] {subprocess.py:106} INFO - 26/01/29 20:04:00 INFO DAGScheduler: Missing parents: List()
[2026-01-29T20:04:00.581+0530] {subprocess.py:106} INFO - 26/01/29 20:04:00 INFO DAGScheduler: Submitting ResultStage 94 (MapPartitionsRDD[321] at showString at NativeMethodAccessorImpl.java:0), which has no missing parents
[2026-01-29T20:04:00.583+0530] {subprocess.py:106} INFO - 26/01/29 20:04:00 INFO MemoryStore: Block broadcast_118 stored as values in memory (estimated size 63.6 KiB, free 365.8 MiB)
[2026-01-29T20:04:00.584+0530] {subprocess.py:106} INFO - 26/01/29 20:04:00 INFO MemoryStore: Block broadcast_118_piece0 stored as bytes in memory (estimated size 26.5 KiB, free 365.8 MiB)
[2026-01-29T20:04:00.585+0530] {subprocess.py:106} INFO - 26/01/29 20:04:00 INFO BlockManagerInfo: Added broadcast_118_piece0 in memory on Aishwarya92848DBDA:42547 (size: 26.5 KiB, free: 366.2 MiB)
[2026-01-29T20:04:00.585+0530] {subprocess.py:106} INFO - 26/01/29 20:04:00 INFO SparkContext: Created broadcast 118 from broadcast at DAGScheduler.scala:1585
[2026-01-29T20:04:00.585+0530] {subprocess.py:106} INFO - 26/01/29 20:04:00 INFO DAGScheduler: Submitting 1 missing tasks from ResultStage 94 (MapPartitionsRDD[321] at showString at NativeMethodAccessorImpl.java:0) (first 15 tasks are for partitions Vector(0))
[2026-01-29T20:04:00.586+0530] {subprocess.py:106} INFO - 26/01/29 20:04:00 INFO TaskSchedulerImpl: Adding task set 94.0 with 1 tasks resource profile 0
[2026-01-29T20:04:00.587+0530] {subprocess.py:106} INFO - 26/01/29 20:04:00 INFO TaskSetManager: Starting task 0.0 in stage 94.0 (TID 117) (Aishwarya92848DBDA, executor driver, partition 0, NODE_LOCAL, 7615 bytes)
[2026-01-29T20:04:00.587+0530] {subprocess.py:106} INFO - 26/01/29 20:04:00 INFO Executor: Running task 0.0 in stage 94.0 (TID 117)
[2026-01-29T20:04:00.608+0530] {subprocess.py:106} INFO - 26/01/29 20:04:00 INFO ShuffleBlockFetcherIterator: Getting 2 (1189.4 KiB) non-empty blocks including 2 (1189.4 KiB) local and 0 (0.0 B) host-local and 0 (0.0 B) push-merged-local and 0 (0.0 B) remote blocks
[2026-01-29T20:04:00.609+0530] {subprocess.py:106} INFO - 26/01/29 20:04:00 INFO ShuffleBlockFetcherIterator: Started 0 remote fetches in 0 ms
[2026-01-29T20:04:00.655+0530] {subprocess.py:106} INFO - 26/01/29 20:04:00 INFO CodeGenerator: Code generated in 17.122975 ms
[2026-01-29T20:04:00.662+0530] {subprocess.py:106} INFO - 26/01/29 20:04:00 INFO ExternalAppendOnlyUnsafeRowArray: Reached spill threshold of 4096 rows, switching to org.apache.spark.util.collection.unsafe.sort.UnsafeExternalSorter
[2026-01-29T20:04:00.690+0530] {subprocess.py:106} INFO - 26/01/29 20:04:00 INFO CodeGenerator: Code generated in 6.175193 ms
[2026-01-29T20:04:00.694+0530] {subprocess.py:106} INFO - 26/01/29 20:04:00 INFO Executor: Finished task 0.0 in stage 94.0 (TID 117). 4926 bytes result sent to driver
[2026-01-29T20:04:00.695+0530] {subprocess.py:106} INFO - 26/01/29 20:04:00 INFO TaskSetManager: Finished task 0.0 in stage 94.0 (TID 117) in 109 ms on Aishwarya92848DBDA (executor driver) (1/1)
[2026-01-29T20:04:00.696+0530] {subprocess.py:106} INFO - 26/01/29 20:04:00 INFO TaskSchedulerImpl: Removed TaskSet 94.0, whose tasks have all completed, from pool
[2026-01-29T20:04:00.696+0530] {subprocess.py:106} INFO - 26/01/29 20:04:00 INFO DAGScheduler: ResultStage 94 (showString at NativeMethodAccessorImpl.java:0) finished in 0.114 s
[2026-01-29T20:04:00.696+0530] {subprocess.py:106} INFO - 26/01/29 20:04:00 INFO DAGScheduler: Job 70 is finished. Cancelling potential speculative or zombie tasks for this job
[2026-01-29T20:04:00.697+0530] {subprocess.py:106} INFO - 26/01/29 20:04:00 INFO TaskSchedulerImpl: Killing all running tasks in stage 94: Stage finished
[2026-01-29T20:04:00.697+0530] {subprocess.py:106} INFO - 26/01/29 20:04:00 INFO DAGScheduler: Job 70 finished: showString at NativeMethodAccessorImpl.java:0, took 0.118572 s
[2026-01-29T20:04:00.703+0530] {subprocess.py:106} INFO - 26/01/29 20:04:00 INFO CodeGenerator: Code generated in 4.812644 ms
[2026-01-29T20:04:00.704+0530] {subprocess.py:106} INFO - +----------------------------------------------------------------+
[2026-01-29T20:04:00.705+0530] {subprocess.py:106} INFO - |features                                                        |
[2026-01-29T20:04:00.705+0530] {subprocess.py:106} INFO - +----------------------------------------------------------------+
[2026-01-29T20:04:00.705+0530] {subprocess.py:106} INFO - |[25.4,13.6,25.8,13.3,13.5,31.3,0.0,25.4,24.6,25.133333333333336]|
[2026-01-29T20:04:00.706+0530] {subprocess.py:106} INFO - |[25.6,14.9,26.1,15.2,13.8,26.6,0.0,25.4,25.4,25.46666666666667] |
[2026-01-29T20:04:00.706+0530] {subprocess.py:106} INFO - |[26.6,14.5,26.0,14.0,12.8,29.9,0.0,25.6,25.4,25.866666666666664]|
[2026-01-29T20:04:00.706+0530] {subprocess.py:106} INFO - |[25.5,14.7,26.2,14.5,14.4,29.9,0.0,26.6,25.6,25.900000000000002]|
[2026-01-29T20:04:00.706+0530] {subprocess.py:106} INFO - |[26.3,15.4,26.7,15.1,15.2,33.1,0.0,25.5,26.6,26.133333333333336]|
[2026-01-29T20:04:00.706+0530] {subprocess.py:106} INFO - +----------------------------------------------------------------+
[2026-01-29T20:04:00.706+0530] {subprocess.py:106} INFO - only showing top 5 rows
[2026-01-29T20:04:00.707+0530] {subprocess.py:106} INFO - 
[2026-01-29T20:04:00.769+0530] {subprocess.py:106} INFO - 26/01/29 20:04:00 INFO FileSourceStrategy: Pushed Filters:
[2026-01-29T20:04:00.769+0530] {subprocess.py:106} INFO - 26/01/29 20:04:00 INFO FileSourceStrategy: Post-Scan Filters:
[2026-01-29T20:04:00.792+0530] {subprocess.py:106} INFO - 26/01/29 20:04:00 INFO MemoryStore: Block broadcast_119 stored as values in memory (estimated size 350.2 KiB, free 365.5 MiB)
[2026-01-29T20:04:00.799+0530] {subprocess.py:106} INFO - 26/01/29 20:04:00 INFO MemoryStore: Block broadcast_119_piece0 stored as bytes in memory (estimated size 34.3 KiB, free 365.4 MiB)
[2026-01-29T20:04:00.800+0530] {subprocess.py:106} INFO - 26/01/29 20:04:00 INFO BlockManagerInfo: Added broadcast_119_piece0 in memory on Aishwarya92848DBDA:42547 (size: 34.3 KiB, free: 366.2 MiB)
[2026-01-29T20:04:00.800+0530] {subprocess.py:106} INFO - 26/01/29 20:04:00 INFO SparkContext: Created broadcast 119 from first at MinMaxScaler.scala:120
[2026-01-29T20:04:00.801+0530] {subprocess.py:106} INFO - 26/01/29 20:04:00 INFO FileSourceScanExec: Planning scan with bin packing, max size: 4194304 bytes, open cost is considered as scanning 4194304 bytes.
[2026-01-29T20:04:00.804+0530] {subprocess.py:106} INFO - 26/01/29 20:04:00 INFO DAGScheduler: Registering RDD 325 (first at MinMaxScaler.scala:120) as input to shuffle 23
[2026-01-29T20:04:00.805+0530] {subprocess.py:106} INFO - 26/01/29 20:04:00 INFO DAGScheduler: Got map stage job 71 (first at MinMaxScaler.scala:120) with 2 output partitions
[2026-01-29T20:04:00.805+0530] {subprocess.py:106} INFO - 26/01/29 20:04:00 INFO DAGScheduler: Final stage: ShuffleMapStage 95 (first at MinMaxScaler.scala:120)
[2026-01-29T20:04:00.805+0530] {subprocess.py:106} INFO - 26/01/29 20:04:00 INFO DAGScheduler: Parents of final stage: List()
[2026-01-29T20:04:00.805+0530] {subprocess.py:106} INFO - 26/01/29 20:04:00 INFO DAGScheduler: Missing parents: List()
[2026-01-29T20:04:00.805+0530] {subprocess.py:106} INFO - 26/01/29 20:04:00 INFO DAGScheduler: Submitting ShuffleMapStage 95 (MapPartitionsRDD[325] at first at MinMaxScaler.scala:120), which has no missing parents
[2026-01-29T20:04:00.807+0530] {subprocess.py:106} INFO - 26/01/29 20:04:00 INFO MemoryStore: Block broadcast_120 stored as values in memory (estimated size 28.9 KiB, free 365.4 MiB)
[2026-01-29T20:04:00.808+0530] {subprocess.py:106} INFO - 26/01/29 20:04:00 INFO MemoryStore: Block broadcast_120_piece0 stored as bytes in memory (estimated size 11.1 KiB, free 365.4 MiB)
[2026-01-29T20:04:00.809+0530] {subprocess.py:106} INFO - 26/01/29 20:04:00 INFO BlockManagerInfo: Added broadcast_120_piece0 in memory on Aishwarya92848DBDA:42547 (size: 11.1 KiB, free: 366.2 MiB)
[2026-01-29T20:04:00.809+0530] {subprocess.py:106} INFO - 26/01/29 20:04:00 INFO SparkContext: Created broadcast 120 from broadcast at DAGScheduler.scala:1585
[2026-01-29T20:04:00.809+0530] {subprocess.py:106} INFO - 26/01/29 20:04:00 INFO DAGScheduler: Submitting 2 missing tasks from ShuffleMapStage 95 (MapPartitionsRDD[325] at first at MinMaxScaler.scala:120) (first 15 tasks are for partitions Vector(0, 1))
[2026-01-29T20:04:00.809+0530] {subprocess.py:106} INFO - 26/01/29 20:04:00 INFO TaskSchedulerImpl: Adding task set 95.0 with 2 tasks resource profile 0
[2026-01-29T20:04:00.810+0530] {subprocess.py:106} INFO - 26/01/29 20:04:00 INFO TaskSetManager: Starting task 0.0 in stage 95.0 (TID 118) (Aishwarya92848DBDA, executor driver, partition 0, NODE_LOCAL, 8230 bytes)
[2026-01-29T20:04:00.811+0530] {subprocess.py:106} INFO - 26/01/29 20:04:00 INFO TaskSetManager: Starting task 1.0 in stage 95.0 (TID 119) (Aishwarya92848DBDA, executor driver, partition 1, NODE_LOCAL, 8230 bytes)
[2026-01-29T20:04:00.811+0530] {subprocess.py:106} INFO - 26/01/29 20:04:00 INFO Executor: Running task 1.0 in stage 95.0 (TID 119)
[2026-01-29T20:04:00.811+0530] {subprocess.py:106} INFO - 26/01/29 20:04:00 INFO Executor: Running task 0.0 in stage 95.0 (TID 118)
[2026-01-29T20:04:00.815+0530] {subprocess.py:106} INFO - 26/01/29 20:04:00 INFO FileScanRDD: Reading File path: hdfs://localhost:9000/weather/data/raw_data/weather_dataset.csv, range: 0-4194304, partition values: [empty row]
[2026-01-29T20:04:00.815+0530] {subprocess.py:106} INFO - 26/01/29 20:04:00 INFO FileScanRDD: Reading File path: hdfs://localhost:9000/weather/data/raw_data/weather_dataset.csv, range: 4194304-5651348, partition values: [empty row]
[2026-01-29T20:04:00.881+0530] {subprocess.py:106} INFO - 26/01/29 20:04:00 INFO BlockManagerInfo: Removed broadcast_116_piece0 on Aishwarya92848DBDA:42547 in memory (size: 34.3 KiB, free: 366.2 MiB)
[2026-01-29T20:04:00.882+0530] {subprocess.py:106} INFO - 26/01/29 20:04:00 INFO BlockManagerInfo: Removed broadcast_118_piece0 on Aishwarya92848DBDA:42547 in memory (size: 26.5 KiB, free: 366.2 MiB)
[2026-01-29T20:04:00.883+0530] {subprocess.py:106} INFO - 26/01/29 20:04:00 INFO BlockManagerInfo: Removed broadcast_117_piece0 on Aishwarya92848DBDA:42547 in memory (size: 11.1 KiB, free: 366.3 MiB)
[2026-01-29T20:04:00.935+0530] {subprocess.py:106} INFO - 26/01/29 20:04:00 INFO Executor: Finished task 1.0 in stage 95.0 (TID 119). 2038 bytes result sent to driver
[2026-01-29T20:04:00.935+0530] {subprocess.py:106} INFO - 26/01/29 20:04:00 INFO TaskSetManager: Finished task 1.0 in stage 95.0 (TID 119) in 125 ms on Aishwarya92848DBDA (executor driver) (1/2)
[2026-01-29T20:04:01.037+0530] {subprocess.py:106} INFO - 26/01/29 20:04:01 INFO Executor: Finished task 0.0 in stage 95.0 (TID 118). 2038 bytes result sent to driver
[2026-01-29T20:04:01.038+0530] {subprocess.py:106} INFO - 26/01/29 20:04:01 INFO TaskSetManager: Finished task 0.0 in stage 95.0 (TID 118) in 228 ms on Aishwarya92848DBDA (executor driver) (2/2)
[2026-01-29T20:04:01.039+0530] {subprocess.py:106} INFO - 26/01/29 20:04:01 INFO TaskSchedulerImpl: Removed TaskSet 95.0, whose tasks have all completed, from pool
[2026-01-29T20:04:01.039+0530] {subprocess.py:106} INFO - 26/01/29 20:04:01 INFO DAGScheduler: ShuffleMapStage 95 (first at MinMaxScaler.scala:120) finished in 0.233 s
[2026-01-29T20:04:01.039+0530] {subprocess.py:106} INFO - 26/01/29 20:04:01 INFO DAGScheduler: looking for newly runnable stages
[2026-01-29T20:04:01.039+0530] {subprocess.py:106} INFO - 26/01/29 20:04:01 INFO DAGScheduler: running: Set()
[2026-01-29T20:04:01.040+0530] {subprocess.py:106} INFO - 26/01/29 20:04:01 INFO DAGScheduler: waiting: Set()
[2026-01-29T20:04:01.040+0530] {subprocess.py:106} INFO - 26/01/29 20:04:01 INFO DAGScheduler: failed: Set()
[2026-01-29T20:04:01.044+0530] {subprocess.py:106} INFO - 26/01/29 20:04:01 INFO ShufflePartitionsUtil: For shuffle(23), advisory target size: 67108864, actual target size 1048576, minimum partition size: 1048576
[2026-01-29T20:04:01.065+0530] {subprocess.py:106} INFO - 26/01/29 20:04:01 INFO CodeGenerator: Code generated in 10.618783 ms
[2026-01-29T20:04:01.081+0530] {subprocess.py:106} INFO - 26/01/29 20:04:01 INFO DAGScheduler: Registering RDD 331 (first at MinMaxScaler.scala:120) as input to shuffle 24
[2026-01-29T20:04:01.082+0530] {subprocess.py:106} INFO - 26/01/29 20:04:01 INFO DAGScheduler: Got map stage job 72 (first at MinMaxScaler.scala:120) with 2 output partitions
[2026-01-29T20:04:01.082+0530] {subprocess.py:106} INFO - 26/01/29 20:04:01 INFO DAGScheduler: Final stage: ShuffleMapStage 97 (first at MinMaxScaler.scala:120)
[2026-01-29T20:04:01.082+0530] {subprocess.py:106} INFO - 26/01/29 20:04:01 INFO DAGScheduler: Parents of final stage: List(ShuffleMapStage 96)
[2026-01-29T20:04:01.082+0530] {subprocess.py:106} INFO - 26/01/29 20:04:01 INFO DAGScheduler: Missing parents: List()
[2026-01-29T20:04:01.083+0530] {subprocess.py:106} INFO - 26/01/29 20:04:01 INFO DAGScheduler: Submitting ShuffleMapStage 97 (MapPartitionsRDD[331] at first at MinMaxScaler.scala:120), which has no missing parents
[2026-01-29T20:04:01.099+0530] {subprocess.py:106} INFO - 26/01/29 20:04:01 INFO MemoryStore: Block broadcast_121 stored as values in memory (estimated size 71.8 KiB, free 365.8 MiB)
[2026-01-29T20:04:01.100+0530] {subprocess.py:106} INFO - 26/01/29 20:04:01 INFO MemoryStore: Block broadcast_121_piece0 stored as bytes in memory (estimated size 30.4 KiB, free 365.8 MiB)
[2026-01-29T20:04:01.100+0530] {subprocess.py:106} INFO - 26/01/29 20:04:01 INFO BlockManagerInfo: Added broadcast_121_piece0 in memory on Aishwarya92848DBDA:42547 (size: 30.4 KiB, free: 366.2 MiB)
[2026-01-29T20:04:01.101+0530] {subprocess.py:106} INFO - 26/01/29 20:04:01 INFO SparkContext: Created broadcast 121 from broadcast at DAGScheduler.scala:1585
[2026-01-29T20:04:01.101+0530] {subprocess.py:106} INFO - 26/01/29 20:04:01 INFO DAGScheduler: Submitting 2 missing tasks from ShuffleMapStage 97 (MapPartitionsRDD[331] at first at MinMaxScaler.scala:120) (first 15 tasks are for partitions Vector(0, 1))
[2026-01-29T20:04:01.102+0530] {subprocess.py:106} INFO - 26/01/29 20:04:01 INFO TaskSchedulerImpl: Adding task set 97.0 with 2 tasks resource profile 0
[2026-01-29T20:04:01.102+0530] {subprocess.py:106} INFO - 26/01/29 20:04:01 INFO TaskSetManager: Starting task 0.0 in stage 97.0 (TID 120) (Aishwarya92848DBDA, executor driver, partition 0, NODE_LOCAL, 7604 bytes)
[2026-01-29T20:04:01.102+0530] {subprocess.py:106} INFO - 26/01/29 20:04:01 INFO TaskSetManager: Starting task 1.0 in stage 97.0 (TID 121) (Aishwarya92848DBDA, executor driver, partition 1, NODE_LOCAL, 7604 bytes)
[2026-01-29T20:04:01.103+0530] {subprocess.py:106} INFO - 26/01/29 20:04:01 INFO Executor: Running task 0.0 in stage 97.0 (TID 120)
[2026-01-29T20:04:01.103+0530] {subprocess.py:106} INFO - 26/01/29 20:04:01 INFO Executor: Running task 1.0 in stage 97.0 (TID 121)
[2026-01-29T20:04:01.113+0530] {subprocess.py:106} INFO - 26/01/29 20:04:01 INFO ShuffleBlockFetcherIterator: Getting 2 (1189.4 KiB) non-empty blocks including 2 (1189.4 KiB) local and 0 (0.0 B) host-local and 0 (0.0 B) push-merged-local and 0 (0.0 B) remote blocks
[2026-01-29T20:04:01.113+0530] {subprocess.py:106} INFO - 26/01/29 20:04:01 INFO ShuffleBlockFetcherIterator: Getting 2 (1764.5 KiB) non-empty blocks including 2 (1764.5 KiB) local and 0 (0.0 B) host-local and 0 (0.0 B) push-merged-local and 0 (0.0 B) remote blocks
[2026-01-29T20:04:01.114+0530] {subprocess.py:106} INFO - 26/01/29 20:04:01 INFO ShuffleBlockFetcherIterator: Started 0 remote fetches in 0 ms
[2026-01-29T20:04:01.114+0530] {subprocess.py:106} INFO - 26/01/29 20:04:01 INFO ShuffleBlockFetcherIterator: Started 0 remote fetches in 0 ms
[2026-01-29T20:04:01.146+0530] {subprocess.py:106} INFO - 26/01/29 20:04:01 INFO CodeGenerator: Code generated in 11.164384 ms
[2026-01-29T20:04:01.149+0530] {subprocess.py:106} INFO - 26/01/29 20:04:01 INFO ExternalAppendOnlyUnsafeRowArray: Reached spill threshold of 4096 rows, switching to org.apache.spark.util.collection.unsafe.sort.UnsafeExternalSorter
[2026-01-29T20:04:01.150+0530] {subprocess.py:106} INFO - 26/01/29 20:04:01 INFO ExternalAppendOnlyUnsafeRowArray: Reached spill threshold of 4096 rows, switching to org.apache.spark.util.collection.unsafe.sort.UnsafeExternalSorter
[2026-01-29T20:04:01.160+0530] {subprocess.py:106} INFO - 26/01/29 20:04:01 INFO CodeGenerator: Code generated in 3.821102 ms
[2026-01-29T20:04:01.165+0530] {subprocess.py:106} INFO - 26/01/29 20:04:01 INFO CodeGenerator: Code generated in 3.164989 ms
[2026-01-29T20:04:01.311+0530] {subprocess.py:106} INFO - 26/01/29 20:04:01 INFO BlockManagerInfo: Removed broadcast_120_piece0 on Aishwarya92848DBDA:42547 in memory (size: 11.1 KiB, free: 366.2 MiB)
[2026-01-29T20:04:01.414+0530] {subprocess.py:106} INFO - 26/01/29 20:04:01 INFO ExternalAppendOnlyUnsafeRowArray: Reached spill threshold of 4096 rows, switching to org.apache.spark.util.collection.unsafe.sort.UnsafeExternalSorter
[2026-01-29T20:04:01.416+0530] {subprocess.py:106} INFO - 26/01/29 20:04:01 INFO ExternalAppendOnlyUnsafeRowArray: Reached spill threshold of 4096 rows, switching to org.apache.spark.util.collection.unsafe.sort.UnsafeExternalSorter
[2026-01-29T20:04:01.513+0530] {subprocess.py:106} INFO - 26/01/29 20:04:01 INFO ExternalAppendOnlyUnsafeRowArray: Reached spill threshold of 4096 rows, switching to org.apache.spark.util.collection.unsafe.sort.UnsafeExternalSorter
[2026-01-29T20:04:01.524+0530] {subprocess.py:106} INFO - 26/01/29 20:04:01 INFO ExternalAppendOnlyUnsafeRowArray: Reached spill threshold of 4096 rows, switching to org.apache.spark.util.collection.unsafe.sort.UnsafeExternalSorter
[2026-01-29T20:04:01.571+0530] {subprocess.py:106} INFO - 26/01/29 20:04:01 INFO ExternalAppendOnlyUnsafeRowArray: Reached spill threshold of 4096 rows, switching to org.apache.spark.util.collection.unsafe.sort.UnsafeExternalSorter
[2026-01-29T20:04:01.575+0530] {subprocess.py:106} INFO - 26/01/29 20:04:01 INFO ExternalAppendOnlyUnsafeRowArray: Reached spill threshold of 4096 rows, switching to org.apache.spark.util.collection.unsafe.sort.UnsafeExternalSorter
[2026-01-29T20:04:01.613+0530] {subprocess.py:106} INFO - 26/01/29 20:04:01 INFO ExternalAppendOnlyUnsafeRowArray: Reached spill threshold of 4096 rows, switching to org.apache.spark.util.collection.unsafe.sort.UnsafeExternalSorter
[2026-01-29T20:04:01.618+0530] {subprocess.py:106} INFO - 26/01/29 20:04:01 INFO Executor: Finished task 0.0 in stage 97.0 (TID 120). 5177 bytes result sent to driver
[2026-01-29T20:04:01.619+0530] {subprocess.py:106} INFO - 26/01/29 20:04:01 INFO TaskSetManager: Finished task 0.0 in stage 97.0 (TID 120) in 517 ms on Aishwarya92848DBDA (executor driver) (1/2)
[2026-01-29T20:04:01.632+0530] {subprocess.py:106} INFO - 26/01/29 20:04:01 INFO ExternalAppendOnlyUnsafeRowArray: Reached spill threshold of 4096 rows, switching to org.apache.spark.util.collection.unsafe.sort.UnsafeExternalSorter
[2026-01-29T20:04:01.650+0530] {subprocess.py:106} INFO - 26/01/29 20:04:01 INFO Executor: Finished task 1.0 in stage 97.0 (TID 121). 5177 bytes result sent to driver
[2026-01-29T20:04:01.651+0530] {subprocess.py:106} INFO - 26/01/29 20:04:01 INFO TaskSetManager: Finished task 1.0 in stage 97.0 (TID 121) in 549 ms on Aishwarya92848DBDA (executor driver) (2/2)
[2026-01-29T20:04:01.651+0530] {subprocess.py:106} INFO - 26/01/29 20:04:01 INFO TaskSchedulerImpl: Removed TaskSet 97.0, whose tasks have all completed, from pool
[2026-01-29T20:04:01.652+0530] {subprocess.py:106} INFO - 26/01/29 20:04:01 INFO DAGScheduler: ShuffleMapStage 97 (first at MinMaxScaler.scala:120) finished in 0.568 s
[2026-01-29T20:04:01.652+0530] {subprocess.py:106} INFO - 26/01/29 20:04:01 INFO DAGScheduler: looking for newly runnable stages
[2026-01-29T20:04:01.652+0530] {subprocess.py:106} INFO - 26/01/29 20:04:01 INFO DAGScheduler: running: Set()
[2026-01-29T20:04:01.652+0530] {subprocess.py:106} INFO - 26/01/29 20:04:01 INFO DAGScheduler: waiting: Set()
[2026-01-29T20:04:01.652+0530] {subprocess.py:106} INFO - 26/01/29 20:04:01 INFO DAGScheduler: failed: Set()
[2026-01-29T20:04:01.667+0530] {subprocess.py:106} INFO - 26/01/29 20:04:01 INFO CodeGenerator: Code generated in 6.478212 ms
[2026-01-29T20:04:01.678+0530] {subprocess.py:106} INFO - 26/01/29 20:04:01 INFO SparkContext: Starting job: first at MinMaxScaler.scala:120
[2026-01-29T20:04:01.679+0530] {subprocess.py:106} INFO - 26/01/29 20:04:01 INFO DAGScheduler: Got job 73 (first at MinMaxScaler.scala:120) with 1 output partitions
[2026-01-29T20:04:01.679+0530] {subprocess.py:106} INFO - 26/01/29 20:04:01 INFO DAGScheduler: Final stage: ResultStage 100 (first at MinMaxScaler.scala:120)
[2026-01-29T20:04:01.680+0530] {subprocess.py:106} INFO - 26/01/29 20:04:01 INFO DAGScheduler: Parents of final stage: List(ShuffleMapStage 99)
[2026-01-29T20:04:01.680+0530] {subprocess.py:106} INFO - 26/01/29 20:04:01 INFO DAGScheduler: Missing parents: List()
[2026-01-29T20:04:01.680+0530] {subprocess.py:106} INFO - 26/01/29 20:04:01 INFO DAGScheduler: Submitting ResultStage 100 (MapPartitionsRDD[335] at first at MinMaxScaler.scala:120), which has no missing parents
[2026-01-29T20:04:01.682+0530] {subprocess.py:106} INFO - 26/01/29 20:04:01 INFO MemoryStore: Block broadcast_122 stored as values in memory (estimated size 69.9 KiB, free 365.8 MiB)
[2026-01-29T20:04:01.683+0530] {subprocess.py:106} INFO - 26/01/29 20:04:01 INFO MemoryStore: Block broadcast_122_piece0 stored as bytes in memory (estimated size 29.8 KiB, free 365.7 MiB)
[2026-01-29T20:04:01.684+0530] {subprocess.py:106} INFO - 26/01/29 20:04:01 INFO BlockManagerInfo: Added broadcast_122_piece0 in memory on Aishwarya92848DBDA:42547 (size: 29.8 KiB, free: 366.2 MiB)
[2026-01-29T20:04:01.684+0530] {subprocess.py:106} INFO - 26/01/29 20:04:01 INFO SparkContext: Created broadcast 122 from broadcast at DAGScheduler.scala:1585
[2026-01-29T20:04:01.684+0530] {subprocess.py:106} INFO - 26/01/29 20:04:01 INFO DAGScheduler: Submitting 1 missing tasks from ResultStage 100 (MapPartitionsRDD[335] at first at MinMaxScaler.scala:120) (first 15 tasks are for partitions Vector(0))
[2026-01-29T20:04:01.684+0530] {subprocess.py:106} INFO - 26/01/29 20:04:01 INFO TaskSchedulerImpl: Adding task set 100.0 with 1 tasks resource profile 0
[2026-01-29T20:04:01.685+0530] {subprocess.py:106} INFO - 26/01/29 20:04:01 INFO TaskSetManager: Starting task 0.0 in stage 100.0 (TID 122) (Aishwarya92848DBDA, executor driver, partition 0, NODE_LOCAL, 7615 bytes)
[2026-01-29T20:04:01.686+0530] {subprocess.py:106} INFO - 26/01/29 20:04:01 INFO Executor: Running task 0.0 in stage 100.0 (TID 122)
[2026-01-29T20:04:01.691+0530] {subprocess.py:106} INFO - 26/01/29 20:04:01 INFO ShuffleBlockFetcherIterator: Getting 2 (1578.0 B) non-empty blocks including 2 (1578.0 B) local and 0 (0.0 B) host-local and 0 (0.0 B) push-merged-local and 0 (0.0 B) remote blocks
[2026-01-29T20:04:01.692+0530] {subprocess.py:106} INFO - 26/01/29 20:04:01 INFO ShuffleBlockFetcherIterator: Started 0 remote fetches in 0 ms
[2026-01-29T20:04:01.703+0530] {subprocess.py:106} INFO - 26/01/29 20:04:01 INFO CodeGenerator: Code generated in 7.660527 ms
[2026-01-29T20:04:01.714+0530] {subprocess.py:106} INFO - 26/01/29 20:04:01 INFO CodeGenerator: Code generated in 6.185733 ms
[2026-01-29T20:04:01.717+0530] {subprocess.py:106} INFO - 26/01/29 20:04:01 INFO Executor: Finished task 0.0 in stage 100.0 (TID 122). 6586 bytes result sent to driver
[2026-01-29T20:04:01.719+0530] {subprocess.py:106} INFO - 26/01/29 20:04:01 INFO TaskSetManager: Finished task 0.0 in stage 100.0 (TID 122) in 33 ms on Aishwarya92848DBDA (executor driver) (1/1)
[2026-01-29T20:04:01.719+0530] {subprocess.py:106} INFO - 26/01/29 20:04:01 INFO TaskSchedulerImpl: Removed TaskSet 100.0, whose tasks have all completed, from pool
[2026-01-29T20:04:01.719+0530] {subprocess.py:106} INFO - 26/01/29 20:04:01 INFO DAGScheduler: ResultStage 100 (first at MinMaxScaler.scala:120) finished in 0.039 s
[2026-01-29T20:04:01.720+0530] {subprocess.py:106} INFO - 26/01/29 20:04:01 INFO DAGScheduler: Job 73 is finished. Cancelling potential speculative or zombie tasks for this job
[2026-01-29T20:04:01.720+0530] {subprocess.py:106} INFO - 26/01/29 20:04:01 INFO TaskSchedulerImpl: Killing all running tasks in stage 100: Stage finished
[2026-01-29T20:04:01.720+0530] {subprocess.py:106} INFO - 26/01/29 20:04:01 INFO DAGScheduler: Job 73 finished: first at MinMaxScaler.scala:120, took 0.041701 s
[2026-01-29T20:04:01.726+0530] {subprocess.py:106} INFO - 26/01/29 20:04:01 INFO CodeGenerator: Code generated in 3.540807 ms
[2026-01-29T20:04:01.752+0530] {subprocess.py:106} INFO - 26/01/29 20:04:01 INFO BlockManagerInfo: Removed broadcast_121_piece0 on Aishwarya92848DBDA:42547 in memory (size: 30.4 KiB, free: 366.2 MiB)
[2026-01-29T20:04:01.753+0530] {subprocess.py:106} INFO - 26/01/29 20:04:01 INFO BlockManagerInfo: Removed broadcast_122_piece0 on Aishwarya92848DBDA:42547 in memory (size: 29.8 KiB, free: 366.3 MiB)
[2026-01-29T20:04:01.827+0530] {subprocess.py:106} INFO - 26/01/29 20:04:01 INFO FileSourceStrategy: Pushed Filters:
[2026-01-29T20:04:01.828+0530] {subprocess.py:106} INFO - 26/01/29 20:04:01 INFO FileSourceStrategy: Post-Scan Filters:
[2026-01-29T20:04:01.847+0530] {subprocess.py:106} INFO - 26/01/29 20:04:01 INFO MemoryStore: Block broadcast_123 stored as values in memory (estimated size 350.2 KiB, free 365.6 MiB)
[2026-01-29T20:04:01.853+0530] {subprocess.py:106} INFO - 26/01/29 20:04:01 INFO MemoryStore: Block broadcast_123_piece0 stored as bytes in memory (estimated size 34.3 KiB, free 365.5 MiB)
[2026-01-29T20:04:01.853+0530] {subprocess.py:106} INFO - 26/01/29 20:04:01 INFO BlockManagerInfo: Added broadcast_123_piece0 in memory on Aishwarya92848DBDA:42547 (size: 34.3 KiB, free: 366.2 MiB)
[2026-01-29T20:04:01.853+0530] {subprocess.py:106} INFO - 26/01/29 20:04:01 INFO SparkContext: Created broadcast 123 from count at <unknown>:0
[2026-01-29T20:04:01.854+0530] {subprocess.py:106} INFO - 26/01/29 20:04:01 INFO FileSourceScanExec: Planning scan with bin packing, max size: 4194304 bytes, open cost is considered as scanning 4194304 bytes.
[2026-01-29T20:04:01.857+0530] {subprocess.py:106} INFO - 26/01/29 20:04:01 INFO DAGScheduler: Registering RDD 339 (count at <unknown>:0) as input to shuffle 25
[2026-01-29T20:04:01.857+0530] {subprocess.py:106} INFO - 26/01/29 20:04:01 INFO DAGScheduler: Got map stage job 74 (count at <unknown>:0) with 2 output partitions
[2026-01-29T20:04:01.857+0530] {subprocess.py:106} INFO - 26/01/29 20:04:01 INFO DAGScheduler: Final stage: ShuffleMapStage 101 (count at <unknown>:0)
[2026-01-29T20:04:01.858+0530] {subprocess.py:106} INFO - 26/01/29 20:04:01 INFO DAGScheduler: Parents of final stage: List()
[2026-01-29T20:04:01.858+0530] {subprocess.py:106} INFO - 26/01/29 20:04:01 INFO DAGScheduler: Missing parents: List()
[2026-01-29T20:04:01.858+0530] {subprocess.py:106} INFO - 26/01/29 20:04:01 INFO DAGScheduler: Submitting ShuffleMapStage 101 (MapPartitionsRDD[339] at count at <unknown>:0), which has no missing parents
[2026-01-29T20:04:01.861+0530] {subprocess.py:106} INFO - 26/01/29 20:04:01 INFO MemoryStore: Block broadcast_124 stored as values in memory (estimated size 28.9 KiB, free 365.5 MiB)
[2026-01-29T20:04:01.861+0530] {subprocess.py:106} INFO - 26/01/29 20:04:01 INFO MemoryStore: Block broadcast_124_piece0 stored as bytes in memory (estimated size 11.1 KiB, free 365.5 MiB)
[2026-01-29T20:04:01.862+0530] {subprocess.py:106} INFO - 26/01/29 20:04:01 INFO BlockManagerInfo: Added broadcast_124_piece0 in memory on Aishwarya92848DBDA:42547 (size: 11.1 KiB, free: 366.2 MiB)
[2026-01-29T20:04:01.862+0530] {subprocess.py:106} INFO - 26/01/29 20:04:01 INFO SparkContext: Created broadcast 124 from broadcast at DAGScheduler.scala:1585
[2026-01-29T20:04:01.862+0530] {subprocess.py:106} INFO - 26/01/29 20:04:01 INFO DAGScheduler: Submitting 2 missing tasks from ShuffleMapStage 101 (MapPartitionsRDD[339] at count at <unknown>:0) (first 15 tasks are for partitions Vector(0, 1))
[2026-01-29T20:04:01.862+0530] {subprocess.py:106} INFO - 26/01/29 20:04:01 INFO TaskSchedulerImpl: Adding task set 101.0 with 2 tasks resource profile 0
[2026-01-29T20:04:01.863+0530] {subprocess.py:106} INFO - 26/01/29 20:04:01 INFO TaskSetManager: Starting task 0.0 in stage 101.0 (TID 123) (Aishwarya92848DBDA, executor driver, partition 0, NODE_LOCAL, 8230 bytes)
[2026-01-29T20:04:01.863+0530] {subprocess.py:106} INFO - 26/01/29 20:04:01 INFO TaskSetManager: Starting task 1.0 in stage 101.0 (TID 124) (Aishwarya92848DBDA, executor driver, partition 1, NODE_LOCAL, 8230 bytes)
[2026-01-29T20:04:01.864+0530] {subprocess.py:106} INFO - 26/01/29 20:04:01 INFO Executor: Running task 1.0 in stage 101.0 (TID 124)
[2026-01-29T20:04:01.864+0530] {subprocess.py:106} INFO - 26/01/29 20:04:01 INFO Executor: Running task 0.0 in stage 101.0 (TID 123)
[2026-01-29T20:04:01.869+0530] {subprocess.py:106} INFO - 26/01/29 20:04:01 INFO FileScanRDD: Reading File path: hdfs://localhost:9000/weather/data/raw_data/weather_dataset.csv, range: 0-4194304, partition values: [empty row]
[2026-01-29T20:04:01.869+0530] {subprocess.py:106} INFO - 26/01/29 20:04:01 INFO FileScanRDD: Reading File path: hdfs://localhost:9000/weather/data/raw_data/weather_dataset.csv, range: 4194304-5651348, partition values: [empty row]
[2026-01-29T20:04:01.954+0530] {subprocess.py:106} INFO - 26/01/29 20:04:01 INFO Executor: Finished task 1.0 in stage 101.0 (TID 124). 1995 bytes result sent to driver
[2026-01-29T20:04:01.955+0530] {subprocess.py:106} INFO - 26/01/29 20:04:01 INFO TaskSetManager: Finished task 1.0 in stage 101.0 (TID 124) in 92 ms on Aishwarya92848DBDA (executor driver) (1/2)
[2026-01-29T20:04:02.072+0530] {subprocess.py:106} INFO - 26/01/29 20:04:02 INFO Executor: Finished task 0.0 in stage 101.0 (TID 123). 2081 bytes result sent to driver
[2026-01-29T20:04:02.072+0530] {subprocess.py:106} INFO - 26/01/29 20:04:02 INFO TaskSetManager: Finished task 0.0 in stage 101.0 (TID 123) in 209 ms on Aishwarya92848DBDA (executor driver) (2/2)
[2026-01-29T20:04:02.073+0530] {subprocess.py:106} INFO - 26/01/29 20:04:02 INFO TaskSchedulerImpl: Removed TaskSet 101.0, whose tasks have all completed, from pool
[2026-01-29T20:04:02.073+0530] {subprocess.py:106} INFO - 26/01/29 20:04:02 INFO BlockManagerInfo: Removed broadcast_119_piece0 on Aishwarya92848DBDA:42547 in memory (size: 34.3 KiB, free: 366.3 MiB)
[2026-01-29T20:04:02.073+0530] {subprocess.py:106} INFO - 26/01/29 20:04:02 INFO DAGScheduler: ShuffleMapStage 101 (count at <unknown>:0) finished in 0.215 s
[2026-01-29T20:04:02.073+0530] {subprocess.py:106} INFO - 26/01/29 20:04:02 INFO DAGScheduler: looking for newly runnable stages
[2026-01-29T20:04:02.074+0530] {subprocess.py:106} INFO - 26/01/29 20:04:02 INFO DAGScheduler: running: Set()
[2026-01-29T20:04:02.074+0530] {subprocess.py:106} INFO - 26/01/29 20:04:02 INFO DAGScheduler: waiting: Set()
[2026-01-29T20:04:02.074+0530] {subprocess.py:106} INFO - 26/01/29 20:04:02 INFO DAGScheduler: failed: Set()
[2026-01-29T20:04:02.079+0530] {subprocess.py:106} INFO - 26/01/29 20:04:02 INFO ShufflePartitionsUtil: For shuffle(25), advisory target size: 67108864, actual target size 1048576, minimum partition size: 1048576
[2026-01-29T20:04:02.094+0530] {subprocess.py:106} INFO - 26/01/29 20:04:02 INFO CodeGenerator: Code generated in 6.386336 ms
[2026-01-29T20:04:02.106+0530] {subprocess.py:106} INFO - 26/01/29 20:04:02 INFO DAGScheduler: Registering RDD 344 (count at <unknown>:0) as input to shuffle 26
[2026-01-29T20:04:02.106+0530] {subprocess.py:106} INFO - 26/01/29 20:04:02 INFO DAGScheduler: Got map stage job 75 (count at <unknown>:0) with 2 output partitions
[2026-01-29T20:04:02.107+0530] {subprocess.py:106} INFO - 26/01/29 20:04:02 INFO DAGScheduler: Final stage: ShuffleMapStage 103 (count at <unknown>:0)
[2026-01-29T20:04:02.107+0530] {subprocess.py:106} INFO - 26/01/29 20:04:02 INFO DAGScheduler: Parents of final stage: List(ShuffleMapStage 102)
[2026-01-29T20:04:02.107+0530] {subprocess.py:106} INFO - 26/01/29 20:04:02 INFO DAGScheduler: Missing parents: List()
[2026-01-29T20:04:02.107+0530] {subprocess.py:106} INFO - 26/01/29 20:04:02 INFO DAGScheduler: Submitting ShuffleMapStage 103 (MapPartitionsRDD[344] at count at <unknown>:0), which has no missing parents
[2026-01-29T20:04:02.109+0530] {subprocess.py:106} INFO - 26/01/29 20:04:02 INFO MemoryStore: Block broadcast_125 stored as values in memory (estimated size 51.8 KiB, free 365.8 MiB)
[2026-01-29T20:04:02.110+0530] {subprocess.py:106} INFO - 26/01/29 20:04:02 INFO MemoryStore: Block broadcast_125_piece0 stored as bytes in memory (estimated size 22.5 KiB, free 365.8 MiB)
[2026-01-29T20:04:02.111+0530] {subprocess.py:106} INFO - 26/01/29 20:04:02 INFO BlockManagerInfo: Added broadcast_125_piece0 in memory on Aishwarya92848DBDA:42547 (size: 22.5 KiB, free: 366.2 MiB)
[2026-01-29T20:04:02.111+0530] {subprocess.py:106} INFO - 26/01/29 20:04:02 INFO SparkContext: Created broadcast 125 from broadcast at DAGScheduler.scala:1585
[2026-01-29T20:04:02.111+0530] {subprocess.py:106} INFO - 26/01/29 20:04:02 INFO DAGScheduler: Submitting 2 missing tasks from ShuffleMapStage 103 (MapPartitionsRDD[344] at count at <unknown>:0) (first 15 tasks are for partitions Vector(0, 1))
[2026-01-29T20:04:02.112+0530] {subprocess.py:106} INFO - 26/01/29 20:04:02 INFO TaskSchedulerImpl: Adding task set 103.0 with 2 tasks resource profile 0
[2026-01-29T20:04:02.112+0530] {subprocess.py:106} INFO - 26/01/29 20:04:02 INFO TaskSetManager: Starting task 0.0 in stage 103.0 (TID 125) (Aishwarya92848DBDA, executor driver, partition 0, NODE_LOCAL, 7604 bytes)
[2026-01-29T20:04:02.112+0530] {subprocess.py:106} INFO - 26/01/29 20:04:02 INFO TaskSetManager: Starting task 1.0 in stage 103.0 (TID 126) (Aishwarya92848DBDA, executor driver, partition 1, NODE_LOCAL, 7604 bytes)
[2026-01-29T20:04:02.112+0530] {subprocess.py:106} INFO - 26/01/29 20:04:02 INFO Executor: Running task 1.0 in stage 103.0 (TID 126)
[2026-01-29T20:04:02.112+0530] {subprocess.py:106} INFO - 26/01/29 20:04:02 INFO Executor: Running task 0.0 in stage 103.0 (TID 125)
[2026-01-29T20:04:02.118+0530] {subprocess.py:106} INFO - 26/01/29 20:04:02 INFO ShuffleBlockFetcherIterator: Getting 2 (1189.4 KiB) non-empty blocks including 2 (1189.4 KiB) local and 0 (0.0 B) host-local and 0 (0.0 B) push-merged-local and 0 (0.0 B) remote blocks
[2026-01-29T20:04:02.119+0530] {subprocess.py:106} INFO - 26/01/29 20:04:02 INFO ShuffleBlockFetcherIterator: Started 0 remote fetches in 0 ms
[2026-01-29T20:04:02.119+0530] {subprocess.py:106} INFO - 26/01/29 20:04:02 INFO ShuffleBlockFetcherIterator: Getting 2 (1764.5 KiB) non-empty blocks including 2 (1764.5 KiB) local and 0 (0.0 B) host-local and 0 (0.0 B) push-merged-local and 0 (0.0 B) remote blocks
[2026-01-29T20:04:02.119+0530] {subprocess.py:106} INFO - 26/01/29 20:04:02 INFO ShuffleBlockFetcherIterator: Started 0 remote fetches in 0 ms
[2026-01-29T20:04:02.152+0530] {subprocess.py:106} INFO - 26/01/29 20:04:02 INFO CodeGenerator: Code generated in 7.148712 ms
[2026-01-29T20:04:02.154+0530] {subprocess.py:106} INFO - 26/01/29 20:04:02 INFO ExternalAppendOnlyUnsafeRowArray: Reached spill threshold of 4096 rows, switching to org.apache.spark.util.collection.unsafe.sort.UnsafeExternalSorter
[2026-01-29T20:04:02.154+0530] {subprocess.py:106} INFO - 26/01/29 20:04:02 INFO ExternalAppendOnlyUnsafeRowArray: Reached spill threshold of 4096 rows, switching to org.apache.spark.util.collection.unsafe.sort.UnsafeExternalSorter
[2026-01-29T20:04:02.169+0530] {subprocess.py:106} INFO - 26/01/29 20:04:02 INFO ExternalAppendOnlyUnsafeRowArray: Reached spill threshold of 4096 rows, switching to org.apache.spark.util.collection.unsafe.sort.UnsafeExternalSorter
[2026-01-29T20:04:02.171+0530] {subprocess.py:106} INFO - 26/01/29 20:04:02 INFO ExternalAppendOnlyUnsafeRowArray: Reached spill threshold of 4096 rows, switching to org.apache.spark.util.collection.unsafe.sort.UnsafeExternalSorter
[2026-01-29T20:04:02.183+0530] {subprocess.py:106} INFO - 26/01/29 20:04:02 INFO ExternalAppendOnlyUnsafeRowArray: Reached spill threshold of 4096 rows, switching to org.apache.spark.util.collection.unsafe.sort.UnsafeExternalSorter
[2026-01-29T20:04:02.186+0530] {subprocess.py:106} INFO - 26/01/29 20:04:02 INFO ExternalAppendOnlyUnsafeRowArray: Reached spill threshold of 4096 rows, switching to org.apache.spark.util.collection.unsafe.sort.UnsafeExternalSorter
[2026-01-29T20:04:02.198+0530] {subprocess.py:106} INFO - 26/01/29 20:04:02 INFO ExternalAppendOnlyUnsafeRowArray: Reached spill threshold of 4096 rows, switching to org.apache.spark.util.collection.unsafe.sort.UnsafeExternalSorter
[2026-01-29T20:04:02.200+0530] {subprocess.py:106} INFO - 26/01/29 20:04:02 INFO ExternalAppendOnlyUnsafeRowArray: Reached spill threshold of 4096 rows, switching to org.apache.spark.util.collection.unsafe.sort.UnsafeExternalSorter
[2026-01-29T20:04:02.212+0530] {subprocess.py:106} INFO - 26/01/29 20:04:02 INFO ExternalAppendOnlyUnsafeRowArray: Reached spill threshold of 4096 rows, switching to org.apache.spark.util.collection.unsafe.sort.UnsafeExternalSorter
[2026-01-29T20:04:02.213+0530] {subprocess.py:106} INFO - 26/01/29 20:04:02 INFO Executor: Finished task 0.0 in stage 103.0 (TID 125). 4989 bytes result sent to driver
[2026-01-29T20:04:02.213+0530] {subprocess.py:106} INFO - 26/01/29 20:04:02 INFO TaskSetManager: Finished task 0.0 in stage 103.0 (TID 125) in 101 ms on Aishwarya92848DBDA (executor driver) (1/2)
[2026-01-29T20:04:02.219+0530] {subprocess.py:106} INFO - 26/01/29 20:04:02 INFO ExternalAppendOnlyUnsafeRowArray: Reached spill threshold of 4096 rows, switching to org.apache.spark.util.collection.unsafe.sort.UnsafeExternalSorter
[2026-01-29T20:04:02.226+0530] {subprocess.py:106} INFO - 26/01/29 20:04:02 INFO Executor: Finished task 1.0 in stage 103.0 (TID 126). 4989 bytes result sent to driver
[2026-01-29T20:04:02.227+0530] {subprocess.py:106} INFO - 26/01/29 20:04:02 INFO TaskSetManager: Finished task 1.0 in stage 103.0 (TID 126) in 115 ms on Aishwarya92848DBDA (executor driver) (2/2)
[2026-01-29T20:04:02.228+0530] {subprocess.py:106} INFO - 26/01/29 20:04:02 INFO TaskSchedulerImpl: Removed TaskSet 103.0, whose tasks have all completed, from pool
[2026-01-29T20:04:02.228+0530] {subprocess.py:106} INFO - 26/01/29 20:04:02 INFO DAGScheduler: ShuffleMapStage 103 (count at <unknown>:0) finished in 0.119 s
[2026-01-29T20:04:02.229+0530] {subprocess.py:106} INFO - 26/01/29 20:04:02 INFO DAGScheduler: looking for newly runnable stages
[2026-01-29T20:04:02.229+0530] {subprocess.py:106} INFO - 26/01/29 20:04:02 INFO DAGScheduler: running: Set()
[2026-01-29T20:04:02.229+0530] {subprocess.py:106} INFO - 26/01/29 20:04:02 INFO DAGScheduler: waiting: Set()
[2026-01-29T20:04:02.229+0530] {subprocess.py:106} INFO - 26/01/29 20:04:02 INFO DAGScheduler: failed: Set()
[2026-01-29T20:04:02.239+0530] {subprocess.py:106} INFO - 26/01/29 20:04:02 INFO CodeGenerator: Code generated in 4.707042 ms
[2026-01-29T20:04:02.245+0530] {subprocess.py:106} INFO - 26/01/29 20:04:02 INFO SparkContext: Starting job: count at <unknown>:0
[2026-01-29T20:04:02.247+0530] {subprocess.py:106} INFO - 26/01/29 20:04:02 INFO DAGScheduler: Got job 76 (count at <unknown>:0) with 1 output partitions
[2026-01-29T20:04:02.247+0530] {subprocess.py:106} INFO - 26/01/29 20:04:02 INFO DAGScheduler: Final stage: ResultStage 106 (count at <unknown>:0)
[2026-01-29T20:04:02.248+0530] {subprocess.py:106} INFO - 26/01/29 20:04:02 INFO DAGScheduler: Parents of final stage: List(ShuffleMapStage 105)
[2026-01-29T20:04:02.248+0530] {subprocess.py:106} INFO - 26/01/29 20:04:02 INFO DAGScheduler: Missing parents: List()
[2026-01-29T20:04:02.249+0530] {subprocess.py:106} INFO - 26/01/29 20:04:02 INFO DAGScheduler: Submitting ResultStage 106 (MapPartitionsRDD[347] at count at <unknown>:0), which has no missing parents
[2026-01-29T20:04:02.249+0530] {subprocess.py:106} INFO - 26/01/29 20:04:02 INFO MemoryStore: Block broadcast_126 stored as values in memory (estimated size 12.5 KiB, free 365.8 MiB)
[2026-01-29T20:04:02.250+0530] {subprocess.py:106} INFO - 26/01/29 20:04:02 INFO MemoryStore: Block broadcast_126_piece0 stored as bytes in memory (estimated size 5.9 KiB, free 365.8 MiB)
[2026-01-29T20:04:02.251+0530] {subprocess.py:106} INFO - 26/01/29 20:04:02 INFO BlockManagerInfo: Added broadcast_126_piece0 in memory on Aishwarya92848DBDA:42547 (size: 5.9 KiB, free: 366.2 MiB)
[2026-01-29T20:04:02.251+0530] {subprocess.py:106} INFO - 26/01/29 20:04:02 INFO SparkContext: Created broadcast 126 from broadcast at DAGScheduler.scala:1585
[2026-01-29T20:04:02.251+0530] {subprocess.py:106} INFO - 26/01/29 20:04:02 INFO DAGScheduler: Submitting 1 missing tasks from ResultStage 106 (MapPartitionsRDD[347] at count at <unknown>:0) (first 15 tasks are for partitions Vector(0))
[2026-01-29T20:04:02.252+0530] {subprocess.py:106} INFO - 26/01/29 20:04:02 INFO TaskSchedulerImpl: Adding task set 106.0 with 1 tasks resource profile 0
[2026-01-29T20:04:02.252+0530] {subprocess.py:106} INFO - 26/01/29 20:04:02 INFO TaskSetManager: Starting task 0.0 in stage 106.0 (TID 127) (Aishwarya92848DBDA, executor driver, partition 0, NODE_LOCAL, 7615 bytes)
[2026-01-29T20:04:02.253+0530] {subprocess.py:106} INFO - 26/01/29 20:04:02 INFO Executor: Running task 0.0 in stage 106.0 (TID 127)
[2026-01-29T20:04:02.255+0530] {subprocess.py:106} INFO - 26/01/29 20:04:02 INFO ShuffleBlockFetcherIterator: Getting 2 (120.0 B) non-empty blocks including 2 (120.0 B) local and 0 (0.0 B) host-local and 0 (0.0 B) push-merged-local and 0 (0.0 B) remote blocks
[2026-01-29T20:04:02.255+0530] {subprocess.py:106} INFO - 26/01/29 20:04:02 INFO ShuffleBlockFetcherIterator: Started 0 remote fetches in 0 ms
[2026-01-29T20:04:02.261+0530] {subprocess.py:106} INFO - 26/01/29 20:04:02 INFO CodeGenerator: Code generated in 5.118036 ms
[2026-01-29T20:04:02.264+0530] {subprocess.py:106} INFO - 26/01/29 20:04:02 INFO Executor: Finished task 0.0 in stage 106.0 (TID 127). 3988 bytes result sent to driver
[2026-01-29T20:04:02.264+0530] {subprocess.py:106} INFO - 26/01/29 20:04:02 INFO TaskSetManager: Finished task 0.0 in stage 106.0 (TID 127) in 12 ms on Aishwarya92848DBDA (executor driver) (1/1)
[2026-01-29T20:04:02.265+0530] {subprocess.py:106} INFO - 26/01/29 20:04:02 INFO TaskSchedulerImpl: Removed TaskSet 106.0, whose tasks have all completed, from pool
[2026-01-29T20:04:02.265+0530] {subprocess.py:106} INFO - 26/01/29 20:04:02 INFO DAGScheduler: ResultStage 106 (count at <unknown>:0) finished in 0.017 s
[2026-01-29T20:04:02.265+0530] {subprocess.py:106} INFO - 26/01/29 20:04:02 INFO DAGScheduler: Job 76 is finished. Cancelling potential speculative or zombie tasks for this job
[2026-01-29T20:04:02.266+0530] {subprocess.py:106} INFO - 26/01/29 20:04:02 INFO TaskSchedulerImpl: Killing all running tasks in stage 106: Stage finished
[2026-01-29T20:04:02.266+0530] {subprocess.py:106} INFO - 26/01/29 20:04:02 INFO DAGScheduler: Job 76 finished: count at <unknown>:0, took 0.019905 s
[2026-01-29T20:04:02.266+0530] {subprocess.py:106} INFO - Critical NULL rows: 0
[2026-01-29T20:04:02.317+0530] {subprocess.py:106} INFO - 26/01/29 20:04:02 INFO FileSourceStrategy: Pushed Filters:
[2026-01-29T20:04:02.317+0530] {subprocess.py:106} INFO - 26/01/29 20:04:02 INFO FileSourceStrategy: Post-Scan Filters:
[2026-01-29T20:04:02.339+0530] {subprocess.py:106} INFO - 26/01/29 20:04:02 INFO MemoryStore: Block broadcast_127 stored as values in memory (estimated size 350.2 KiB, free 365.5 MiB)
[2026-01-29T20:04:02.347+0530] {subprocess.py:106} INFO - 26/01/29 20:04:02 INFO MemoryStore: Block broadcast_127_piece0 stored as bytes in memory (estimated size 34.3 KiB, free 365.4 MiB)
[2026-01-29T20:04:02.348+0530] {subprocess.py:106} INFO - 26/01/29 20:04:02 INFO BlockManagerInfo: Added broadcast_127_piece0 in memory on Aishwarya92848DBDA:42547 (size: 34.3 KiB, free: 366.2 MiB)
[2026-01-29T20:04:02.348+0530] {subprocess.py:106} INFO - 26/01/29 20:04:02 INFO SparkContext: Created broadcast 127 from count at <unknown>:0
[2026-01-29T20:04:02.349+0530] {subprocess.py:106} INFO - 26/01/29 20:04:02 INFO FileSourceScanExec: Planning scan with bin packing, max size: 4194304 bytes, open cost is considered as scanning 4194304 bytes.
[2026-01-29T20:04:02.353+0530] {subprocess.py:106} INFO - 26/01/29 20:04:02 INFO DAGScheduler: Registering RDD 351 (count at <unknown>:0) as input to shuffle 27
[2026-01-29T20:04:02.353+0530] {subprocess.py:106} INFO - 26/01/29 20:04:02 INFO DAGScheduler: Got map stage job 77 (count at <unknown>:0) with 2 output partitions
[2026-01-29T20:04:02.354+0530] {subprocess.py:106} INFO - 26/01/29 20:04:02 INFO DAGScheduler: Final stage: ShuffleMapStage 107 (count at <unknown>:0)
[2026-01-29T20:04:02.354+0530] {subprocess.py:106} INFO - 26/01/29 20:04:02 INFO DAGScheduler: Parents of final stage: List()
[2026-01-29T20:04:02.355+0530] {subprocess.py:106} INFO - 26/01/29 20:04:02 INFO DAGScheduler: Missing parents: List()
[2026-01-29T20:04:02.355+0530] {subprocess.py:106} INFO - 26/01/29 20:04:02 INFO DAGScheduler: Submitting ShuffleMapStage 107 (MapPartitionsRDD[351] at count at <unknown>:0), which has no missing parents
[2026-01-29T20:04:02.356+0530] {subprocess.py:106} INFO - 26/01/29 20:04:02 INFO MemoryStore: Block broadcast_128 stored as values in memory (estimated size 28.9 KiB, free 365.4 MiB)
[2026-01-29T20:04:02.358+0530] {subprocess.py:106} INFO - 26/01/29 20:04:02 INFO MemoryStore: Block broadcast_128_piece0 stored as bytes in memory (estimated size 11.1 KiB, free 365.4 MiB)
[2026-01-29T20:04:02.358+0530] {subprocess.py:106} INFO - 26/01/29 20:04:02 INFO BlockManagerInfo: Added broadcast_128_piece0 in memory on Aishwarya92848DBDA:42547 (size: 11.1 KiB, free: 366.2 MiB)
[2026-01-29T20:04:02.359+0530] {subprocess.py:106} INFO - 26/01/29 20:04:02 INFO SparkContext: Created broadcast 128 from broadcast at DAGScheduler.scala:1585
[2026-01-29T20:04:02.359+0530] {subprocess.py:106} INFO - 26/01/29 20:04:02 INFO DAGScheduler: Submitting 2 missing tasks from ShuffleMapStage 107 (MapPartitionsRDD[351] at count at <unknown>:0) (first 15 tasks are for partitions Vector(0, 1))
[2026-01-29T20:04:02.359+0530] {subprocess.py:106} INFO - 26/01/29 20:04:02 INFO TaskSchedulerImpl: Adding task set 107.0 with 2 tasks resource profile 0
[2026-01-29T20:04:02.360+0530] {subprocess.py:106} INFO - 26/01/29 20:04:02 INFO TaskSetManager: Starting task 0.0 in stage 107.0 (TID 128) (Aishwarya92848DBDA, executor driver, partition 0, NODE_LOCAL, 8230 bytes)
[2026-01-29T20:04:02.361+0530] {subprocess.py:106} INFO - 26/01/29 20:04:02 INFO TaskSetManager: Starting task 1.0 in stage 107.0 (TID 129) (Aishwarya92848DBDA, executor driver, partition 1, NODE_LOCAL, 8230 bytes)
[2026-01-29T20:04:02.361+0530] {subprocess.py:106} INFO - 26/01/29 20:04:02 INFO Executor: Running task 0.0 in stage 107.0 (TID 128)
[2026-01-29T20:04:02.361+0530] {subprocess.py:106} INFO - 26/01/29 20:04:02 INFO Executor: Running task 1.0 in stage 107.0 (TID 129)
[2026-01-29T20:04:02.365+0530] {subprocess.py:106} INFO - 26/01/29 20:04:02 INFO FileScanRDD: Reading File path: hdfs://localhost:9000/weather/data/raw_data/weather_dataset.csv, range: 0-4194304, partition values: [empty row]
[2026-01-29T20:04:02.366+0530] {subprocess.py:106} INFO - 26/01/29 20:04:02 INFO FileScanRDD: Reading File path: hdfs://localhost:9000/weather/data/raw_data/weather_dataset.csv, range: 4194304-5651348, partition values: [empty row]
[2026-01-29T20:04:02.452+0530] {subprocess.py:106} INFO - 26/01/29 20:04:02 INFO Executor: Finished task 1.0 in stage 107.0 (TID 129). 1995 bytes result sent to driver
[2026-01-29T20:04:02.452+0530] {subprocess.py:106} INFO - 26/01/29 20:04:02 INFO TaskSetManager: Finished task 1.0 in stage 107.0 (TID 129) in 92 ms on Aishwarya92848DBDA (executor driver) (1/2)
[2026-01-29T20:04:02.485+0530] {subprocess.py:106} INFO - 26/01/29 20:04:02 INFO BlockManagerInfo: Removed broadcast_126_piece0 on Aishwarya92848DBDA:42547 in memory (size: 5.9 KiB, free: 366.2 MiB)
[2026-01-29T20:04:02.487+0530] {subprocess.py:106} INFO - 26/01/29 20:04:02 INFO BlockManagerInfo: Removed broadcast_125_piece0 on Aishwarya92848DBDA:42547 in memory (size: 22.5 KiB, free: 366.2 MiB)
[2026-01-29T20:04:02.488+0530] {subprocess.py:106} INFO - 26/01/29 20:04:02 INFO BlockManagerInfo: Removed broadcast_123_piece0 on Aishwarya92848DBDA:42547 in memory (size: 34.3 KiB, free: 366.2 MiB)
[2026-01-29T20:04:02.489+0530] {subprocess.py:106} INFO - 26/01/29 20:04:02 INFO BlockManagerInfo: Removed broadcast_124_piece0 on Aishwarya92848DBDA:42547 in memory (size: 11.1 KiB, free: 366.3 MiB)
[2026-01-29T20:04:02.576+0530] {subprocess.py:106} INFO - 26/01/29 20:04:02 INFO Executor: Finished task 0.0 in stage 107.0 (TID 128). 2038 bytes result sent to driver
[2026-01-29T20:04:02.576+0530] {subprocess.py:106} INFO - 26/01/29 20:04:02 INFO TaskSetManager: Finished task 0.0 in stage 107.0 (TID 128) in 216 ms on Aishwarya92848DBDA (executor driver) (2/2)
[2026-01-29T20:04:02.577+0530] {subprocess.py:106} INFO - 26/01/29 20:04:02 INFO TaskSchedulerImpl: Removed TaskSet 107.0, whose tasks have all completed, from pool
[2026-01-29T20:04:02.577+0530] {subprocess.py:106} INFO - 26/01/29 20:04:02 INFO DAGScheduler: ShuffleMapStage 107 (count at <unknown>:0) finished in 0.223 s
[2026-01-29T20:04:02.577+0530] {subprocess.py:106} INFO - 26/01/29 20:04:02 INFO DAGScheduler: looking for newly runnable stages
[2026-01-29T20:04:02.577+0530] {subprocess.py:106} INFO - 26/01/29 20:04:02 INFO DAGScheduler: running: Set()
[2026-01-29T20:04:02.577+0530] {subprocess.py:106} INFO - 26/01/29 20:04:02 INFO DAGScheduler: waiting: Set()
[2026-01-29T20:04:02.577+0530] {subprocess.py:106} INFO - 26/01/29 20:04:02 INFO DAGScheduler: failed: Set()
[2026-01-29T20:04:02.582+0530] {subprocess.py:106} INFO - 26/01/29 20:04:02 INFO ShufflePartitionsUtil: For shuffle(27), advisory target size: 67108864, actual target size 1048576, minimum partition size: 1048576
[2026-01-29T20:04:02.596+0530] {subprocess.py:106} INFO - 26/01/29 20:04:02 INFO CodeGenerator: Code generated in 7.840691 ms
[2026-01-29T20:04:02.611+0530] {subprocess.py:106} INFO - 26/01/29 20:04:02 INFO DAGScheduler: Registering RDD 356 (count at <unknown>:0) as input to shuffle 28
[2026-01-29T20:04:02.612+0530] {subprocess.py:106} INFO - 26/01/29 20:04:02 INFO DAGScheduler: Got map stage job 78 (count at <unknown>:0) with 2 output partitions
[2026-01-29T20:04:02.612+0530] {subprocess.py:106} INFO - 26/01/29 20:04:02 INFO DAGScheduler: Final stage: ShuffleMapStage 109 (count at <unknown>:0)
[2026-01-29T20:04:02.613+0530] {subprocess.py:106} INFO - 26/01/29 20:04:02 INFO DAGScheduler: Parents of final stage: List(ShuffleMapStage 108)
[2026-01-29T20:04:02.613+0530] {subprocess.py:106} INFO - 26/01/29 20:04:02 INFO DAGScheduler: Missing parents: List()
[2026-01-29T20:04:02.613+0530] {subprocess.py:106} INFO - 26/01/29 20:04:02 INFO DAGScheduler: Submitting ShuffleMapStage 109 (MapPartitionsRDD[356] at count at <unknown>:0), which has no missing parents
[2026-01-29T20:04:02.615+0530] {subprocess.py:106} INFO - 26/01/29 20:04:02 INFO MemoryStore: Block broadcast_129 stored as values in memory (estimated size 53.1 KiB, free 365.8 MiB)
[2026-01-29T20:04:02.617+0530] {subprocess.py:106} INFO - 26/01/29 20:04:02 INFO MemoryStore: Block broadcast_129_piece0 stored as bytes in memory (estimated size 22.9 KiB, free 365.8 MiB)
[2026-01-29T20:04:02.617+0530] {subprocess.py:106} INFO - 26/01/29 20:04:02 INFO BlockManagerInfo: Added broadcast_129_piece0 in memory on Aishwarya92848DBDA:42547 (size: 22.9 KiB, free: 366.2 MiB)
[2026-01-29T20:04:02.618+0530] {subprocess.py:106} INFO - 26/01/29 20:04:02 INFO SparkContext: Created broadcast 129 from broadcast at DAGScheduler.scala:1585
[2026-01-29T20:04:02.618+0530] {subprocess.py:106} INFO - 26/01/29 20:04:02 INFO DAGScheduler: Submitting 2 missing tasks from ShuffleMapStage 109 (MapPartitionsRDD[356] at count at <unknown>:0) (first 15 tasks are for partitions Vector(0, 1))
[2026-01-29T20:04:02.619+0530] {subprocess.py:106} INFO - 26/01/29 20:04:02 INFO TaskSchedulerImpl: Adding task set 109.0 with 2 tasks resource profile 0
[2026-01-29T20:04:02.619+0530] {subprocess.py:106} INFO - 26/01/29 20:04:02 INFO TaskSetManager: Starting task 0.0 in stage 109.0 (TID 130) (Aishwarya92848DBDA, executor driver, partition 0, NODE_LOCAL, 7604 bytes)
[2026-01-29T20:04:02.620+0530] {subprocess.py:106} INFO - 26/01/29 20:04:02 INFO TaskSetManager: Starting task 1.0 in stage 109.0 (TID 131) (Aishwarya92848DBDA, executor driver, partition 1, NODE_LOCAL, 7604 bytes)
[2026-01-29T20:04:02.620+0530] {subprocess.py:106} INFO - 26/01/29 20:04:02 INFO Executor: Running task 0.0 in stage 109.0 (TID 130)
[2026-01-29T20:04:02.620+0530] {subprocess.py:106} INFO - 26/01/29 20:04:02 INFO Executor: Running task 1.0 in stage 109.0 (TID 131)
[2026-01-29T20:04:02.625+0530] {subprocess.py:106} INFO - 26/01/29 20:04:02 INFO ShuffleBlockFetcherIterator: Getting 2 (1764.5 KiB) non-empty blocks including 2 (1764.5 KiB) local and 0 (0.0 B) host-local and 0 (0.0 B) push-merged-local and 0 (0.0 B) remote blocks
[2026-01-29T20:04:02.626+0530] {subprocess.py:106} INFO - 26/01/29 20:04:02 INFO ShuffleBlockFetcherIterator: Getting 2 (1189.4 KiB) non-empty blocks including 2 (1189.4 KiB) local and 0 (0.0 B) host-local and 0 (0.0 B) push-merged-local and 0 (0.0 B) remote blocks
[2026-01-29T20:04:02.626+0530] {subprocess.py:106} INFO - 26/01/29 20:04:02 INFO ShuffleBlockFetcherIterator: Started 0 remote fetches in 0 ms
[2026-01-29T20:04:02.627+0530] {subprocess.py:106} INFO - 26/01/29 20:04:02 INFO ShuffleBlockFetcherIterator: Started 0 remote fetches in 0 ms
[2026-01-29T20:04:02.836+0530] {subprocess.py:106} INFO - 26/01/29 20:04:02 INFO BlockManagerInfo: Removed broadcast_128_piece0 on Aishwarya92848DBDA:42547 in memory (size: 11.1 KiB, free: 366.2 MiB)
[2026-01-29T20:04:02.846+0530] {subprocess.py:106} INFO - 26/01/29 20:04:02 INFO CodeGenerator: Code generated in 199.833051 ms
[2026-01-29T20:04:02.848+0530] {subprocess.py:106} INFO - 26/01/29 20:04:02 INFO ExternalAppendOnlyUnsafeRowArray: Reached spill threshold of 4096 rows, switching to org.apache.spark.util.collection.unsafe.sort.UnsafeExternalSorter
[2026-01-29T20:04:02.848+0530] {subprocess.py:106} INFO - 26/01/29 20:04:02 INFO ExternalAppendOnlyUnsafeRowArray: Reached spill threshold of 4096 rows, switching to org.apache.spark.util.collection.unsafe.sort.UnsafeExternalSorter
[2026-01-29T20:04:02.865+0530] {subprocess.py:106} INFO - 26/01/29 20:04:02 INFO ExternalAppendOnlyUnsafeRowArray: Reached spill threshold of 4096 rows, switching to org.apache.spark.util.collection.unsafe.sort.UnsafeExternalSorter
[2026-01-29T20:04:02.865+0530] {subprocess.py:106} INFO - 26/01/29 20:04:02 INFO ExternalAppendOnlyUnsafeRowArray: Reached spill threshold of 4096 rows, switching to org.apache.spark.util.collection.unsafe.sort.UnsafeExternalSorter
[2026-01-29T20:04:02.880+0530] {subprocess.py:106} INFO - 26/01/29 20:04:02 INFO ExternalAppendOnlyUnsafeRowArray: Reached spill threshold of 4096 rows, switching to org.apache.spark.util.collection.unsafe.sort.UnsafeExternalSorter
[2026-01-29T20:04:02.881+0530] {subprocess.py:106} INFO - 26/01/29 20:04:02 INFO ExternalAppendOnlyUnsafeRowArray: Reached spill threshold of 4096 rows, switching to org.apache.spark.util.collection.unsafe.sort.UnsafeExternalSorter
[2026-01-29T20:04:02.895+0530] {subprocess.py:106} INFO - 26/01/29 20:04:02 INFO ExternalAppendOnlyUnsafeRowArray: Reached spill threshold of 4096 rows, switching to org.apache.spark.util.collection.unsafe.sort.UnsafeExternalSorter
[2026-01-29T20:04:02.896+0530] {subprocess.py:106} INFO - 26/01/29 20:04:02 INFO ExternalAppendOnlyUnsafeRowArray: Reached spill threshold of 4096 rows, switching to org.apache.spark.util.collection.unsafe.sort.UnsafeExternalSorter
[2026-01-29T20:04:02.908+0530] {subprocess.py:106} INFO - 26/01/29 20:04:02 INFO ExternalAppendOnlyUnsafeRowArray: Reached spill threshold of 4096 rows, switching to org.apache.spark.util.collection.unsafe.sort.UnsafeExternalSorter
[2026-01-29T20:04:02.908+0530] {subprocess.py:106} INFO - 26/01/29 20:04:02 INFO Executor: Finished task 0.0 in stage 109.0 (TID 130). 5032 bytes result sent to driver
[2026-01-29T20:04:02.909+0530] {subprocess.py:106} INFO - 26/01/29 20:04:02 INFO TaskSetManager: Finished task 0.0 in stage 109.0 (TID 130) in 289 ms on Aishwarya92848DBDA (executor driver) (1/2)
[2026-01-29T20:04:02.917+0530] {subprocess.py:106} INFO - 26/01/29 20:04:02 INFO ExternalAppendOnlyUnsafeRowArray: Reached spill threshold of 4096 rows, switching to org.apache.spark.util.collection.unsafe.sort.UnsafeExternalSorter
[2026-01-29T20:04:02.925+0530] {subprocess.py:106} INFO - 26/01/29 20:04:02 INFO Executor: Finished task 1.0 in stage 109.0 (TID 131). 5032 bytes result sent to driver
[2026-01-29T20:04:02.926+0530] {subprocess.py:106} INFO - 26/01/29 20:04:02 INFO TaskSetManager: Finished task 1.0 in stage 109.0 (TID 131) in 307 ms on Aishwarya92848DBDA (executor driver) (2/2)
[2026-01-29T20:04:02.927+0530] {subprocess.py:106} INFO - 26/01/29 20:04:02 INFO TaskSchedulerImpl: Removed TaskSet 109.0, whose tasks have all completed, from pool
[2026-01-29T20:04:02.928+0530] {subprocess.py:106} INFO - 26/01/29 20:04:02 INFO DAGScheduler: ShuffleMapStage 109 (count at <unknown>:0) finished in 0.313 s
[2026-01-29T20:04:02.928+0530] {subprocess.py:106} INFO - 26/01/29 20:04:02 INFO DAGScheduler: looking for newly runnable stages
[2026-01-29T20:04:02.928+0530] {subprocess.py:106} INFO - 26/01/29 20:04:02 INFO DAGScheduler: running: Set()
[2026-01-29T20:04:02.928+0530] {subprocess.py:106} INFO - 26/01/29 20:04:02 INFO DAGScheduler: waiting: Set()
[2026-01-29T20:04:02.928+0530] {subprocess.py:106} INFO - 26/01/29 20:04:02 INFO DAGScheduler: failed: Set()
[2026-01-29T20:04:02.940+0530] {subprocess.py:106} INFO - 26/01/29 20:04:02 INFO SparkContext: Starting job: count at <unknown>:0
[2026-01-29T20:04:02.941+0530] {subprocess.py:106} INFO - 26/01/29 20:04:02 INFO DAGScheduler: Got job 79 (count at <unknown>:0) with 1 output partitions
[2026-01-29T20:04:02.942+0530] {subprocess.py:106} INFO - 26/01/29 20:04:02 INFO DAGScheduler: Final stage: ResultStage 112 (count at <unknown>:0)
[2026-01-29T20:04:02.942+0530] {subprocess.py:106} INFO - 26/01/29 20:04:02 INFO DAGScheduler: Parents of final stage: List(ShuffleMapStage 111)
[2026-01-29T20:04:02.942+0530] {subprocess.py:106} INFO - 26/01/29 20:04:02 INFO DAGScheduler: Missing parents: List()
[2026-01-29T20:04:02.942+0530] {subprocess.py:106} INFO - 26/01/29 20:04:02 INFO DAGScheduler: Submitting ResultStage 112 (MapPartitionsRDD[359] at count at <unknown>:0), which has no missing parents
[2026-01-29T20:04:02.943+0530] {subprocess.py:106} INFO - 26/01/29 20:04:02 INFO MemoryStore: Block broadcast_130 stored as values in memory (estimated size 12.5 KiB, free 365.8 MiB)
[2026-01-29T20:04:02.945+0530] {subprocess.py:106} INFO - 26/01/29 20:04:02 INFO MemoryStore: Block broadcast_130_piece0 stored as bytes in memory (estimated size 5.9 KiB, free 365.8 MiB)
[2026-01-29T20:04:02.945+0530] {subprocess.py:106} INFO - 26/01/29 20:04:02 INFO BlockManagerInfo: Added broadcast_130_piece0 in memory on Aishwarya92848DBDA:42547 (size: 5.9 KiB, free: 366.2 MiB)
[2026-01-29T20:04:02.945+0530] {subprocess.py:106} INFO - 26/01/29 20:04:02 INFO SparkContext: Created broadcast 130 from broadcast at DAGScheduler.scala:1585
[2026-01-29T20:04:02.945+0530] {subprocess.py:106} INFO - 26/01/29 20:04:02 INFO DAGScheduler: Submitting 1 missing tasks from ResultStage 112 (MapPartitionsRDD[359] at count at <unknown>:0) (first 15 tasks are for partitions Vector(0))
[2026-01-29T20:04:02.945+0530] {subprocess.py:106} INFO - 26/01/29 20:04:02 INFO TaskSchedulerImpl: Adding task set 112.0 with 1 tasks resource profile 0
[2026-01-29T20:04:02.946+0530] {subprocess.py:106} INFO - 26/01/29 20:04:02 INFO TaskSetManager: Starting task 0.0 in stage 112.0 (TID 132) (Aishwarya92848DBDA, executor driver, partition 0, NODE_LOCAL, 7615 bytes)
[2026-01-29T20:04:02.947+0530] {subprocess.py:106} INFO - 26/01/29 20:04:02 INFO Executor: Running task 0.0 in stage 112.0 (TID 132)
[2026-01-29T20:04:02.949+0530] {subprocess.py:106} INFO - 26/01/29 20:04:02 INFO ShuffleBlockFetcherIterator: Getting 2 (120.0 B) non-empty blocks including 2 (120.0 B) local and 0 (0.0 B) host-local and 0 (0.0 B) push-merged-local and 0 (0.0 B) remote blocks
[2026-01-29T20:04:02.950+0530] {subprocess.py:106} INFO - 26/01/29 20:04:02 INFO ShuffleBlockFetcherIterator: Started 0 remote fetches in 0 ms
[2026-01-29T20:04:02.952+0530] {subprocess.py:106} INFO - 26/01/29 20:04:02 INFO Executor: Finished task 0.0 in stage 112.0 (TID 132). 3988 bytes result sent to driver
[2026-01-29T20:04:02.952+0530] {subprocess.py:106} INFO - 26/01/29 20:04:02 INFO TaskSetManager: Finished task 0.0 in stage 112.0 (TID 132) in 6 ms on Aishwarya92848DBDA (executor driver) (1/1)
[2026-01-29T20:04:02.953+0530] {subprocess.py:106} INFO - 26/01/29 20:04:02 INFO TaskSchedulerImpl: Removed TaskSet 112.0, whose tasks have all completed, from pool
[2026-01-29T20:04:02.953+0530] {subprocess.py:106} INFO - 26/01/29 20:04:02 INFO DAGScheduler: ResultStage 112 (count at <unknown>:0) finished in 0.011 s
[2026-01-29T20:04:02.953+0530] {subprocess.py:106} INFO - 26/01/29 20:04:02 INFO DAGScheduler: Job 79 is finished. Cancelling potential speculative or zombie tasks for this job
[2026-01-29T20:04:02.953+0530] {subprocess.py:106} INFO - 26/01/29 20:04:02 INFO TaskSchedulerImpl: Killing all running tasks in stage 112: Stage finished
[2026-01-29T20:04:02.954+0530] {subprocess.py:106} INFO - 26/01/29 20:04:02 INFO DAGScheduler: Job 79 finished: count at <unknown>:0, took 0.013312 s
[2026-01-29T20:04:02.955+0530] {subprocess.py:106} INFO - Invalid temperature rows: 0
[2026-01-29T20:04:03.035+0530] {subprocess.py:106} INFO - 26/01/29 20:04:03 INFO FileSourceStrategy: Pushed Filters:
[2026-01-29T20:04:03.036+0530] {subprocess.py:106} INFO - 26/01/29 20:04:03 INFO FileSourceStrategy: Post-Scan Filters:
[2026-01-29T20:04:03.061+0530] {subprocess.py:106} INFO - 26/01/29 20:04:03 INFO MemoryStore: Block broadcast_131 stored as values in memory (estimated size 350.2 KiB, free 365.5 MiB)
[2026-01-29T20:04:03.068+0530] {subprocess.py:106} INFO - 26/01/29 20:04:03 INFO MemoryStore: Block broadcast_131_piece0 stored as bytes in memory (estimated size 34.3 KiB, free 365.5 MiB)
[2026-01-29T20:04:03.069+0530] {subprocess.py:106} INFO - 26/01/29 20:04:03 INFO BlockManagerInfo: Added broadcast_131_piece0 in memory on Aishwarya92848DBDA:42547 (size: 34.3 KiB, free: 366.2 MiB)
[2026-01-29T20:04:03.069+0530] {subprocess.py:106} INFO - 26/01/29 20:04:03 INFO SparkContext: Created broadcast 131 from count at <unknown>:0
[2026-01-29T20:04:03.070+0530] {subprocess.py:106} INFO - 26/01/29 20:04:03 INFO FileSourceScanExec: Planning scan with bin packing, max size: 4194304 bytes, open cost is considered as scanning 4194304 bytes.
[2026-01-29T20:04:03.073+0530] {subprocess.py:106} INFO - 26/01/29 20:04:03 INFO DAGScheduler: Registering RDD 363 (count at <unknown>:0) as input to shuffle 29
[2026-01-29T20:04:03.074+0530] {subprocess.py:106} INFO - 26/01/29 20:04:03 INFO DAGScheduler: Got map stage job 80 (count at <unknown>:0) with 2 output partitions
[2026-01-29T20:04:03.074+0530] {subprocess.py:106} INFO - 26/01/29 20:04:03 INFO DAGScheduler: Final stage: ShuffleMapStage 113 (count at <unknown>:0)
[2026-01-29T20:04:03.075+0530] {subprocess.py:106} INFO - 26/01/29 20:04:03 INFO DAGScheduler: Parents of final stage: List()
[2026-01-29T20:04:03.075+0530] {subprocess.py:106} INFO - 26/01/29 20:04:03 INFO DAGScheduler: Missing parents: List()
[2026-01-29T20:04:03.075+0530] {subprocess.py:106} INFO - 26/01/29 20:04:03 INFO DAGScheduler: Submitting ShuffleMapStage 113 (MapPartitionsRDD[363] at count at <unknown>:0), which has no missing parents
[2026-01-29T20:04:03.077+0530] {subprocess.py:106} INFO - 26/01/29 20:04:03 INFO MemoryStore: Block broadcast_132 stored as values in memory (estimated size 28.9 KiB, free 365.4 MiB)
[2026-01-29T20:04:03.078+0530] {subprocess.py:106} INFO - 26/01/29 20:04:03 INFO MemoryStore: Block broadcast_132_piece0 stored as bytes in memory (estimated size 11.1 KiB, free 365.4 MiB)
[2026-01-29T20:04:03.079+0530] {subprocess.py:106} INFO - 26/01/29 20:04:03 INFO BlockManagerInfo: Added broadcast_132_piece0 in memory on Aishwarya92848DBDA:42547 (size: 11.1 KiB, free: 366.2 MiB)
[2026-01-29T20:04:03.079+0530] {subprocess.py:106} INFO - 26/01/29 20:04:03 INFO SparkContext: Created broadcast 132 from broadcast at DAGScheduler.scala:1585
[2026-01-29T20:04:03.079+0530] {subprocess.py:106} INFO - 26/01/29 20:04:03 INFO DAGScheduler: Submitting 2 missing tasks from ShuffleMapStage 113 (MapPartitionsRDD[363] at count at <unknown>:0) (first 15 tasks are for partitions Vector(0, 1))
[2026-01-29T20:04:03.079+0530] {subprocess.py:106} INFO - 26/01/29 20:04:03 INFO TaskSchedulerImpl: Adding task set 113.0 with 2 tasks resource profile 0
[2026-01-29T20:04:03.080+0530] {subprocess.py:106} INFO - 26/01/29 20:04:03 INFO TaskSetManager: Starting task 0.0 in stage 113.0 (TID 133) (Aishwarya92848DBDA, executor driver, partition 0, NODE_LOCAL, 8230 bytes)
[2026-01-29T20:04:03.081+0530] {subprocess.py:106} INFO - 26/01/29 20:04:03 INFO TaskSetManager: Starting task 1.0 in stage 113.0 (TID 134) (Aishwarya92848DBDA, executor driver, partition 1, NODE_LOCAL, 8230 bytes)
[2026-01-29T20:04:03.082+0530] {subprocess.py:106} INFO - 26/01/29 20:04:03 INFO Executor: Running task 0.0 in stage 113.0 (TID 133)
[2026-01-29T20:04:03.082+0530] {subprocess.py:106} INFO - 26/01/29 20:04:03 INFO Executor: Running task 1.0 in stage 113.0 (TID 134)
[2026-01-29T20:04:03.086+0530] {subprocess.py:106} INFO - 26/01/29 20:04:03 INFO FileScanRDD: Reading File path: hdfs://localhost:9000/weather/data/raw_data/weather_dataset.csv, range: 4194304-5651348, partition values: [empty row]
[2026-01-29T20:04:03.087+0530] {subprocess.py:106} INFO - 26/01/29 20:04:03 INFO FileScanRDD: Reading File path: hdfs://localhost:9000/weather/data/raw_data/weather_dataset.csv, range: 0-4194304, partition values: [empty row]
[2026-01-29T20:04:03.176+0530] {subprocess.py:106} INFO - 26/01/29 20:04:03 INFO Executor: Finished task 1.0 in stage 113.0 (TID 134). 1995 bytes result sent to driver
[2026-01-29T20:04:03.177+0530] {subprocess.py:106} INFO - 26/01/29 20:04:03 INFO TaskSetManager: Finished task 1.0 in stage 113.0 (TID 134) in 97 ms on Aishwarya92848DBDA (executor driver) (1/2)
[2026-01-29T20:04:03.241+0530] {subprocess.py:106} INFO - 26/01/29 20:04:03 INFO BlockManagerInfo: Removed broadcast_130_piece0 on Aishwarya92848DBDA:42547 in memory (size: 5.9 KiB, free: 366.2 MiB)
[2026-01-29T20:04:03.292+0530] {subprocess.py:106} INFO - 26/01/29 20:04:03 INFO Executor: Finished task 0.0 in stage 113.0 (TID 133). 2038 bytes result sent to driver
[2026-01-29T20:04:03.293+0530] {subprocess.py:106} INFO - 26/01/29 20:04:03 INFO TaskSetManager: Finished task 0.0 in stage 113.0 (TID 133) in 213 ms on Aishwarya92848DBDA (executor driver) (2/2)
[2026-01-29T20:04:03.294+0530] {subprocess.py:106} INFO - 26/01/29 20:04:03 INFO TaskSchedulerImpl: Removed TaskSet 113.0, whose tasks have all completed, from pool
[2026-01-29T20:04:03.294+0530] {subprocess.py:106} INFO - 26/01/29 20:04:03 INFO DAGScheduler: ShuffleMapStage 113 (count at <unknown>:0) finished in 0.219 s
[2026-01-29T20:04:03.294+0530] {subprocess.py:106} INFO - 26/01/29 20:04:03 INFO DAGScheduler: looking for newly runnable stages
[2026-01-29T20:04:03.294+0530] {subprocess.py:106} INFO - 26/01/29 20:04:03 INFO DAGScheduler: running: Set()
[2026-01-29T20:04:03.294+0530] {subprocess.py:106} INFO - 26/01/29 20:04:03 INFO DAGScheduler: waiting: Set()
[2026-01-29T20:04:03.295+0530] {subprocess.py:106} INFO - 26/01/29 20:04:03 INFO DAGScheduler: failed: Set()
[2026-01-29T20:04:03.299+0530] {subprocess.py:106} INFO - 26/01/29 20:04:03 INFO ShufflePartitionsUtil: For shuffle(29), advisory target size: 67108864, actual target size 1048576, minimum partition size: 1048576
[2026-01-29T20:04:03.313+0530] {subprocess.py:106} INFO - 26/01/29 20:04:03 INFO CodeGenerator: Code generated in 4.91532 ms
[2026-01-29T20:04:03.321+0530] {subprocess.py:106} INFO - 26/01/29 20:04:03 INFO CodeGenerator: Code generated in 5.468956 ms
[2026-01-29T20:04:03.333+0530] {subprocess.py:106} INFO - 26/01/29 20:04:03 INFO DAGScheduler: Registering RDD 370 (count at <unknown>:0) as input to shuffle 30
[2026-01-29T20:04:03.333+0530] {subprocess.py:106} INFO - 26/01/29 20:04:03 INFO DAGScheduler: Got map stage job 81 (count at <unknown>:0) with 2 output partitions
[2026-01-29T20:04:03.334+0530] {subprocess.py:106} INFO - 26/01/29 20:04:03 INFO DAGScheduler: Final stage: ShuffleMapStage 115 (count at <unknown>:0)
[2026-01-29T20:04:03.334+0530] {subprocess.py:106} INFO - 26/01/29 20:04:03 INFO DAGScheduler: Parents of final stage: List(ShuffleMapStage 114)
[2026-01-29T20:04:03.334+0530] {subprocess.py:106} INFO - 26/01/29 20:04:03 INFO DAGScheduler: Missing parents: List()
[2026-01-29T20:04:03.334+0530] {subprocess.py:106} INFO - 26/01/29 20:04:03 INFO DAGScheduler: Submitting ShuffleMapStage 115 (MapPartitionsRDD[370] at count at <unknown>:0), which has no missing parents
[2026-01-29T20:04:03.336+0530] {subprocess.py:106} INFO - 26/01/29 20:04:03 INFO MemoryStore: Block broadcast_133 stored as values in memory (estimated size 56.4 KiB, free 365.4 MiB)
[2026-01-29T20:04:03.337+0530] {subprocess.py:106} INFO - 26/01/29 20:04:03 INFO MemoryStore: Block broadcast_133_piece0 stored as bytes in memory (estimated size 23.6 KiB, free 365.4 MiB)
[2026-01-29T20:04:03.337+0530] {subprocess.py:106} INFO - 26/01/29 20:04:03 INFO BlockManagerInfo: Added broadcast_133_piece0 in memory on Aishwarya92848DBDA:42547 (size: 23.6 KiB, free: 366.2 MiB)
[2026-01-29T20:04:03.338+0530] {subprocess.py:106} INFO - 26/01/29 20:04:03 INFO SparkContext: Created broadcast 133 from broadcast at DAGScheduler.scala:1585
[2026-01-29T20:04:03.338+0530] {subprocess.py:106} INFO - 26/01/29 20:04:03 INFO DAGScheduler: Submitting 2 missing tasks from ShuffleMapStage 115 (MapPartitionsRDD[370] at count at <unknown>:0) (first 15 tasks are for partitions Vector(0, 1))
[2026-01-29T20:04:03.338+0530] {subprocess.py:106} INFO - 26/01/29 20:04:03 INFO TaskSchedulerImpl: Adding task set 115.0 with 2 tasks resource profile 0
[2026-01-29T20:04:03.339+0530] {subprocess.py:106} INFO - 26/01/29 20:04:03 INFO TaskSetManager: Starting task 0.0 in stage 115.0 (TID 135) (Aishwarya92848DBDA, executor driver, partition 0, NODE_LOCAL, 7604 bytes)
[2026-01-29T20:04:03.339+0530] {subprocess.py:106} INFO - 26/01/29 20:04:03 INFO TaskSetManager: Starting task 1.0 in stage 115.0 (TID 136) (Aishwarya92848DBDA, executor driver, partition 1, NODE_LOCAL, 7604 bytes)
[2026-01-29T20:04:03.339+0530] {subprocess.py:106} INFO - 26/01/29 20:04:03 INFO Executor: Running task 1.0 in stage 115.0 (TID 136)
[2026-01-29T20:04:03.339+0530] {subprocess.py:106} INFO - 26/01/29 20:04:03 INFO Executor: Running task 0.0 in stage 115.0 (TID 135)
[2026-01-29T20:04:03.345+0530] {subprocess.py:106} INFO - 26/01/29 20:04:03 INFO ShuffleBlockFetcherIterator: Getting 2 (1189.4 KiB) non-empty blocks including 2 (1189.4 KiB) local and 0 (0.0 B) host-local and 0 (0.0 B) push-merged-local and 0 (0.0 B) remote blocks
[2026-01-29T20:04:03.346+0530] {subprocess.py:106} INFO - 26/01/29 20:04:03 INFO ShuffleBlockFetcherIterator: Started 0 remote fetches in 0 ms
[2026-01-29T20:04:03.346+0530] {subprocess.py:106} INFO - 26/01/29 20:04:03 INFO ShuffleBlockFetcherIterator: Getting 2 (1764.5 KiB) non-empty blocks including 2 (1764.5 KiB) local and 0 (0.0 B) host-local and 0 (0.0 B) push-merged-local and 0 (0.0 B) remote blocks
[2026-01-29T20:04:03.346+0530] {subprocess.py:106} INFO - 26/01/29 20:04:03 INFO ShuffleBlockFetcherIterator: Started 0 remote fetches in 0 ms
[2026-01-29T20:04:03.371+0530] {subprocess.py:106} INFO - 26/01/29 20:04:03 INFO CodeGenerator: Code generated in 6.764858 ms
[2026-01-29T20:04:03.377+0530] {subprocess.py:106} INFO - 26/01/29 20:04:03 INFO CodeGenerator: Code generated in 4.209703 ms
[2026-01-29T20:04:03.379+0530] {subprocess.py:106} INFO - 26/01/29 20:04:03 INFO ExternalAppendOnlyUnsafeRowArray: Reached spill threshold of 4096 rows, switching to org.apache.spark.util.collection.unsafe.sort.UnsafeExternalSorter
[2026-01-29T20:04:03.380+0530] {subprocess.py:106} INFO - 26/01/29 20:04:03 INFO ExternalAppendOnlyUnsafeRowArray: Reached spill threshold of 4096 rows, switching to org.apache.spark.util.collection.unsafe.sort.UnsafeExternalSorter
[2026-01-29T20:04:03.385+0530] {subprocess.py:106} INFO - 26/01/29 20:04:03 INFO CodeGenerator: Code generated in 3.436628 ms
[2026-01-29T20:04:03.390+0530] {subprocess.py:106} INFO - 26/01/29 20:04:03 INFO CodeGenerator: Code generated in 3.20228 ms
[2026-01-29T20:04:03.394+0530] {subprocess.py:106} INFO - 26/01/29 20:04:03 INFO CodeGenerator: Code generated in 3.05033 ms
[2026-01-29T20:04:03.401+0530] {subprocess.py:106} INFO - 26/01/29 20:04:03 INFO CodeGenerator: Code generated in 5.351963 ms
[2026-01-29T20:04:03.413+0530] {subprocess.py:106} INFO - 26/01/29 20:04:03 INFO ExternalAppendOnlyUnsafeRowArray: Reached spill threshold of 4096 rows, switching to org.apache.spark.util.collection.unsafe.sort.UnsafeExternalSorter
[2026-01-29T20:04:03.415+0530] {subprocess.py:106} INFO - 26/01/29 20:04:03 INFO ExternalAppendOnlyUnsafeRowArray: Reached spill threshold of 4096 rows, switching to org.apache.spark.util.collection.unsafe.sort.UnsafeExternalSorter
[2026-01-29T20:04:03.423+0530] {subprocess.py:106} INFO - 26/01/29 20:04:03 INFO ExternalAppendOnlyUnsafeRowArray: Reached spill threshold of 4096 rows, switching to org.apache.spark.util.collection.unsafe.sort.UnsafeExternalSorter
[2026-01-29T20:04:03.434+0530] {subprocess.py:106} INFO - 26/01/29 20:04:03 INFO ExternalAppendOnlyUnsafeRowArray: Reached spill threshold of 4096 rows, switching to org.apache.spark.util.collection.unsafe.sort.UnsafeExternalSorter
[2026-01-29T20:04:03.450+0530] {subprocess.py:106} INFO - 26/01/29 20:04:03 INFO ExternalAppendOnlyUnsafeRowArray: Reached spill threshold of 4096 rows, switching to org.apache.spark.util.collection.unsafe.sort.UnsafeExternalSorter
[2026-01-29T20:04:03.460+0530] {subprocess.py:106} INFO - 26/01/29 20:04:03 INFO ExternalAppendOnlyUnsafeRowArray: Reached spill threshold of 4096 rows, switching to org.apache.spark.util.collection.unsafe.sort.UnsafeExternalSorter
[2026-01-29T20:04:03.462+0530] {subprocess.py:106} INFO - 26/01/29 20:04:03 INFO ExternalAppendOnlyUnsafeRowArray: Reached spill threshold of 4096 rows, switching to org.apache.spark.util.collection.unsafe.sort.UnsafeExternalSorter
[2026-01-29T20:04:03.474+0530] {subprocess.py:106} INFO - 26/01/29 20:04:03 INFO ExternalAppendOnlyUnsafeRowArray: Reached spill threshold of 4096 rows, switching to org.apache.spark.util.collection.unsafe.sort.UnsafeExternalSorter
[2026-01-29T20:04:03.474+0530] {subprocess.py:106} INFO - 26/01/29 20:04:03 INFO ExternalAppendOnlyUnsafeRowArray: Reached spill threshold of 4096 rows, switching to org.apache.spark.util.collection.unsafe.sort.UnsafeExternalSorter
[2026-01-29T20:04:03.484+0530] {subprocess.py:106} INFO - 26/01/29 20:04:03 INFO ExternalAppendOnlyUnsafeRowArray: Reached spill threshold of 4096 rows, switching to org.apache.spark.util.collection.unsafe.sort.UnsafeExternalSorter
[2026-01-29T20:04:03.486+0530] {subprocess.py:106} INFO - 26/01/29 20:04:03 INFO ExternalAppendOnlyUnsafeRowArray: Reached spill threshold of 4096 rows, switching to org.apache.spark.util.collection.unsafe.sort.UnsafeExternalSorter
[2026-01-29T20:04:03.496+0530] {subprocess.py:106} INFO - 26/01/29 20:04:03 INFO ExternalAppendOnlyUnsafeRowArray: Reached spill threshold of 4096 rows, switching to org.apache.spark.util.collection.unsafe.sort.UnsafeExternalSorter
[2026-01-29T20:04:03.499+0530] {subprocess.py:106} INFO - 26/01/29 20:04:03 INFO ExternalAppendOnlyUnsafeRowArray: Reached spill threshold of 4096 rows, switching to org.apache.spark.util.collection.unsafe.sort.UnsafeExternalSorter
[2026-01-29T20:04:03.507+0530] {subprocess.py:106} INFO - 26/01/29 20:04:03 INFO Executor: Finished task 0.0 in stage 115.0 (TID 135). 5157 bytes result sent to driver
[2026-01-29T20:04:03.508+0530] {subprocess.py:106} INFO - 26/01/29 20:04:03 INFO TaskSetManager: Finished task 0.0 in stage 115.0 (TID 135) in 169 ms on Aishwarya92848DBDA (executor driver) (1/2)
[2026-01-29T20:04:03.508+0530] {subprocess.py:106} INFO - 26/01/29 20:04:03 INFO ExternalAppendOnlyUnsafeRowArray: Reached spill threshold of 4096 rows, switching to org.apache.spark.util.collection.unsafe.sort.UnsafeExternalSorter
[2026-01-29T20:04:03.513+0530] {subprocess.py:106} INFO - 26/01/29 20:04:03 INFO ExternalAppendOnlyUnsafeRowArray: Reached spill threshold of 4096 rows, switching to org.apache.spark.util.collection.unsafe.sort.UnsafeExternalSorter
[2026-01-29T20:04:03.517+0530] {subprocess.py:106} INFO - 26/01/29 20:04:03 INFO ExternalAppendOnlyUnsafeRowArray: Reached spill threshold of 4096 rows, switching to org.apache.spark.util.collection.unsafe.sort.UnsafeExternalSorter
[2026-01-29T20:04:03.520+0530] {subprocess.py:106} INFO - 26/01/29 20:04:03 INFO ExternalAppendOnlyUnsafeRowArray: Reached spill threshold of 4096 rows, switching to org.apache.spark.util.collection.unsafe.sort.UnsafeExternalSorter
[2026-01-29T20:04:03.523+0530] {subprocess.py:106} INFO - 26/01/29 20:04:03 INFO ExternalAppendOnlyUnsafeRowArray: Reached spill threshold of 4096 rows, switching to org.apache.spark.util.collection.unsafe.sort.UnsafeExternalSorter
[2026-01-29T20:04:03.528+0530] {subprocess.py:106} INFO - 26/01/29 20:04:03 INFO Executor: Finished task 1.0 in stage 115.0 (TID 136). 5157 bytes result sent to driver
[2026-01-29T20:04:03.529+0530] {subprocess.py:106} INFO - 26/01/29 20:04:03 INFO TaskSetManager: Finished task 1.0 in stage 115.0 (TID 136) in 190 ms on Aishwarya92848DBDA (executor driver) (2/2)
[2026-01-29T20:04:03.529+0530] {subprocess.py:106} INFO - 26/01/29 20:04:03 INFO TaskSchedulerImpl: Removed TaskSet 115.0, whose tasks have all completed, from pool
[2026-01-29T20:04:03.529+0530] {subprocess.py:106} INFO - 26/01/29 20:04:03 INFO DAGScheduler: ShuffleMapStage 115 (count at <unknown>:0) finished in 0.195 s
[2026-01-29T20:04:03.530+0530] {subprocess.py:106} INFO - 26/01/29 20:04:03 INFO DAGScheduler: looking for newly runnable stages
[2026-01-29T20:04:03.530+0530] {subprocess.py:106} INFO - 26/01/29 20:04:03 INFO DAGScheduler: running: Set()
[2026-01-29T20:04:03.530+0530] {subprocess.py:106} INFO - 26/01/29 20:04:03 INFO DAGScheduler: waiting: Set()
[2026-01-29T20:04:03.530+0530] {subprocess.py:106} INFO - 26/01/29 20:04:03 INFO DAGScheduler: failed: Set()
[2026-01-29T20:04:03.538+0530] {subprocess.py:106} INFO - 26/01/29 20:04:03 INFO CodeGenerator: Code generated in 3.651928 ms
[2026-01-29T20:04:03.544+0530] {subprocess.py:106} INFO - 26/01/29 20:04:03 INFO SparkContext: Starting job: count at <unknown>:0
[2026-01-29T20:04:03.545+0530] {subprocess.py:106} INFO - 26/01/29 20:04:03 INFO DAGScheduler: Got job 82 (count at <unknown>:0) with 1 output partitions
[2026-01-29T20:04:03.545+0530] {subprocess.py:106} INFO - 26/01/29 20:04:03 INFO DAGScheduler: Final stage: ResultStage 118 (count at <unknown>:0)
[2026-01-29T20:04:03.545+0530] {subprocess.py:106} INFO - 26/01/29 20:04:03 INFO DAGScheduler: Parents of final stage: List(ShuffleMapStage 117)
[2026-01-29T20:04:03.545+0530] {subprocess.py:106} INFO - 26/01/29 20:04:03 INFO DAGScheduler: Missing parents: List()
[2026-01-29T20:04:03.545+0530] {subprocess.py:106} INFO - 26/01/29 20:04:03 INFO DAGScheduler: Submitting ResultStage 118 (MapPartitionsRDD[373] at count at <unknown>:0), which has no missing parents
[2026-01-29T20:04:03.546+0530] {subprocess.py:106} INFO - 26/01/29 20:04:03 INFO MemoryStore: Block broadcast_134 stored as values in memory (estimated size 12.5 KiB, free 365.3 MiB)
[2026-01-29T20:04:03.548+0530] {subprocess.py:106} INFO - 26/01/29 20:04:03 INFO MemoryStore: Block broadcast_134_piece0 stored as bytes in memory (estimated size 5.9 KiB, free 365.3 MiB)
[2026-01-29T20:04:03.548+0530] {subprocess.py:106} INFO - 26/01/29 20:04:03 INFO BlockManagerInfo: Added broadcast_134_piece0 in memory on Aishwarya92848DBDA:42547 (size: 5.9 KiB, free: 366.2 MiB)
[2026-01-29T20:04:03.548+0530] {subprocess.py:106} INFO - 26/01/29 20:04:03 INFO SparkContext: Created broadcast 134 from broadcast at DAGScheduler.scala:1585
[2026-01-29T20:04:03.549+0530] {subprocess.py:106} INFO - 26/01/29 20:04:03 INFO DAGScheduler: Submitting 1 missing tasks from ResultStage 118 (MapPartitionsRDD[373] at count at <unknown>:0) (first 15 tasks are for partitions Vector(0))
[2026-01-29T20:04:03.549+0530] {subprocess.py:106} INFO - 26/01/29 20:04:03 INFO TaskSchedulerImpl: Adding task set 118.0 with 1 tasks resource profile 0
[2026-01-29T20:04:03.549+0530] {subprocess.py:106} INFO - 26/01/29 20:04:03 INFO TaskSetManager: Starting task 0.0 in stage 118.0 (TID 137) (Aishwarya92848DBDA, executor driver, partition 0, NODE_LOCAL, 7615 bytes)
[2026-01-29T20:04:03.550+0530] {subprocess.py:106} INFO - 26/01/29 20:04:03 INFO Executor: Running task 0.0 in stage 118.0 (TID 137)
[2026-01-29T20:04:03.552+0530] {subprocess.py:106} INFO - 26/01/29 20:04:03 INFO ShuffleBlockFetcherIterator: Getting 2 (120.0 B) non-empty blocks including 2 (120.0 B) local and 0 (0.0 B) host-local and 0 (0.0 B) push-merged-local and 0 (0.0 B) remote blocks
[2026-01-29T20:04:03.552+0530] {subprocess.py:106} INFO - 26/01/29 20:04:03 INFO ShuffleBlockFetcherIterator: Started 0 remote fetches in 0 ms
[2026-01-29T20:04:03.557+0530] {subprocess.py:106} INFO - 26/01/29 20:04:03 INFO CodeGenerator: Code generated in 3.991317 ms
[2026-01-29T20:04:03.558+0530] {subprocess.py:106} INFO - 26/01/29 20:04:03 INFO Executor: Finished task 0.0 in stage 118.0 (TID 137). 3988 bytes result sent to driver
[2026-01-29T20:04:03.559+0530] {subprocess.py:106} INFO - 26/01/29 20:04:03 INFO TaskSetManager: Finished task 0.0 in stage 118.0 (TID 137) in 10 ms on Aishwarya92848DBDA (executor driver) (1/1)
[2026-01-29T20:04:03.559+0530] {subprocess.py:106} INFO - 26/01/29 20:04:03 INFO TaskSchedulerImpl: Removed TaskSet 118.0, whose tasks have all completed, from pool
[2026-01-29T20:04:03.559+0530] {subprocess.py:106} INFO - 26/01/29 20:04:03 INFO DAGScheduler: ResultStage 118 (count at <unknown>:0) finished in 0.014 s
[2026-01-29T20:04:03.560+0530] {subprocess.py:106} INFO - 26/01/29 20:04:03 INFO DAGScheduler: Job 82 is finished. Cancelling potential speculative or zombie tasks for this job
[2026-01-29T20:04:03.560+0530] {subprocess.py:106} INFO - 26/01/29 20:04:03 INFO TaskSchedulerImpl: Killing all running tasks in stage 118: Stage finished
[2026-01-29T20:04:03.560+0530] {subprocess.py:106} INFO - 26/01/29 20:04:03 INFO DAGScheduler: Job 82 finished: count at <unknown>:0, took 0.015477 s
[2026-01-29T20:04:03.560+0530] {subprocess.py:106} INFO - Non-monotonic timestamp rows: 0
[2026-01-29T20:04:03.561+0530] {subprocess.py:106} INFO - {'null_critical': 0, 'invalid_temp': 0, 'non_monotonic_time': 0}
[2026-01-29T20:04:03.618+0530] {subprocess.py:106} INFO - 26/01/29 20:04:03 INFO FileSourceStrategy: Pushed Filters:
[2026-01-29T20:04:03.619+0530] {subprocess.py:106} INFO - 26/01/29 20:04:03 INFO FileSourceStrategy: Post-Scan Filters:
[2026-01-29T20:04:03.658+0530] {subprocess.py:106} INFO - 26/01/29 20:04:03 INFO CodeGenerator: Code generated in 17.180523 ms
[2026-01-29T20:04:03.659+0530] {subprocess.py:106} INFO - 26/01/29 20:04:03 INFO MemoryStore: Block broadcast_135 stored as values in memory (estimated size 350.2 KiB, free 365.0 MiB)
[2026-01-29T20:04:03.665+0530] {subprocess.py:106} INFO - 26/01/29 20:04:03 INFO MemoryStore: Block broadcast_135_piece0 stored as bytes in memory (estimated size 34.3 KiB, free 365.0 MiB)
[2026-01-29T20:04:03.666+0530] {subprocess.py:106} INFO - 26/01/29 20:04:03 INFO BlockManagerInfo: Added broadcast_135_piece0 in memory on Aishwarya92848DBDA:42547 (size: 34.3 KiB, free: 366.1 MiB)
[2026-01-29T20:04:03.666+0530] {subprocess.py:106} INFO - 26/01/29 20:04:03 INFO SparkContext: Created broadcast 135 from parquet at NativeMethodAccessorImpl.java:0
[2026-01-29T20:04:03.667+0530] {subprocess.py:106} INFO - 26/01/29 20:04:03 INFO FileSourceScanExec: Planning scan with bin packing, max size: 4194304 bytes, open cost is considered as scanning 4194304 bytes.
[2026-01-29T20:04:03.681+0530] {subprocess.py:106} INFO - 26/01/29 20:04:03 INFO DAGScheduler: Registering RDD 377 (parquet at NativeMethodAccessorImpl.java:0) as input to shuffle 31
[2026-01-29T20:04:03.682+0530] {subprocess.py:106} INFO - 26/01/29 20:04:03 INFO DAGScheduler: Got map stage job 83 (parquet at NativeMethodAccessorImpl.java:0) with 2 output partitions
[2026-01-29T20:04:03.682+0530] {subprocess.py:106} INFO - 26/01/29 20:04:03 INFO DAGScheduler: Final stage: ShuffleMapStage 119 (parquet at NativeMethodAccessorImpl.java:0)
[2026-01-29T20:04:03.683+0530] {subprocess.py:106} INFO - 26/01/29 20:04:03 INFO DAGScheduler: Parents of final stage: List()
[2026-01-29T20:04:03.683+0530] {subprocess.py:106} INFO - 26/01/29 20:04:03 INFO DAGScheduler: Missing parents: List()
[2026-01-29T20:04:03.683+0530] {subprocess.py:106} INFO - 26/01/29 20:04:03 INFO DAGScheduler: Submitting ShuffleMapStage 119 (MapPartitionsRDD[377] at parquet at NativeMethodAccessorImpl.java:0), which has no missing parents
[2026-01-29T20:04:03.686+0530] {subprocess.py:106} INFO - 26/01/29 20:04:03 INFO MemoryStore: Block broadcast_136 stored as values in memory (estimated size 59.7 KiB, free 364.9 MiB)
[2026-01-29T20:04:03.687+0530] {subprocess.py:106} INFO - 26/01/29 20:04:03 INFO MemoryStore: Block broadcast_136_piece0 stored as bytes in memory (estimated size 23.6 KiB, free 364.9 MiB)
[2026-01-29T20:04:03.688+0530] {subprocess.py:106} INFO - 26/01/29 20:04:03 INFO BlockManagerInfo: Added broadcast_136_piece0 in memory on Aishwarya92848DBDA:42547 (size: 23.6 KiB, free: 366.1 MiB)
[2026-01-29T20:04:03.688+0530] {subprocess.py:106} INFO - 26/01/29 20:04:03 INFO SparkContext: Created broadcast 136 from broadcast at DAGScheduler.scala:1585
[2026-01-29T20:04:03.689+0530] {subprocess.py:106} INFO - 26/01/29 20:04:03 INFO DAGScheduler: Submitting 2 missing tasks from ShuffleMapStage 119 (MapPartitionsRDD[377] at parquet at NativeMethodAccessorImpl.java:0) (first 15 tasks are for partitions Vector(0, 1))
[2026-01-29T20:04:03.689+0530] {subprocess.py:106} INFO - 26/01/29 20:04:03 INFO TaskSchedulerImpl: Adding task set 119.0 with 2 tasks resource profile 0
[2026-01-29T20:04:03.690+0530] {subprocess.py:106} INFO - 26/01/29 20:04:03 INFO TaskSetManager: Starting task 0.0 in stage 119.0 (TID 138) (Aishwarya92848DBDA, executor driver, partition 0, NODE_LOCAL, 8230 bytes)
[2026-01-29T20:04:03.690+0530] {subprocess.py:106} INFO - 26/01/29 20:04:03 INFO TaskSetManager: Starting task 1.0 in stage 119.0 (TID 139) (Aishwarya92848DBDA, executor driver, partition 1, NODE_LOCAL, 8230 bytes)
[2026-01-29T20:04:03.690+0530] {subprocess.py:106} INFO - 26/01/29 20:04:03 INFO Executor: Running task 1.0 in stage 119.0 (TID 139)
[2026-01-29T20:04:03.691+0530] {subprocess.py:106} INFO - 26/01/29 20:04:03 INFO Executor: Running task 0.0 in stage 119.0 (TID 138)
[2026-01-29T20:04:03.723+0530] {subprocess.py:106} INFO - 26/01/29 20:04:03 INFO CodeGenerator: Code generated in 16.349658 ms
[2026-01-29T20:04:03.726+0530] {subprocess.py:106} INFO - 26/01/29 20:04:03 INFO FileScanRDD: Reading File path: hdfs://localhost:9000/weather/data/raw_data/weather_dataset.csv, range: 4194304-5651348, partition values: [empty row]
[2026-01-29T20:04:03.726+0530] {subprocess.py:106} INFO - 26/01/29 20:04:03 INFO FileScanRDD: Reading File path: hdfs://localhost:9000/weather/data/raw_data/weather_dataset.csv, range: 0-4194304, partition values: [empty row]
[2026-01-29T20:04:03.736+0530] {subprocess.py:106} INFO - 26/01/29 20:04:03 INFO CodeGenerator: Code generated in 3.482475 ms
[2026-01-29T20:04:03.908+0530] {subprocess.py:106} INFO - 26/01/29 20:04:03 INFO BlockManagerInfo: Removed broadcast_131_piece0 on Aishwarya92848DBDA:42547 in memory (size: 34.3 KiB, free: 366.1 MiB)
[2026-01-29T20:04:03.909+0530] {subprocess.py:106} INFO - 26/01/29 20:04:03 INFO BlockManagerInfo: Removed broadcast_133_piece0 on Aishwarya92848DBDA:42547 in memory (size: 23.6 KiB, free: 366.2 MiB)
[2026-01-29T20:04:03.910+0530] {subprocess.py:106} INFO - 26/01/29 20:04:03 INFO BlockManagerInfo: Removed broadcast_132_piece0 on Aishwarya92848DBDA:42547 in memory (size: 11.1 KiB, free: 366.2 MiB)
[2026-01-29T20:04:03.911+0530] {subprocess.py:106} INFO - 26/01/29 20:04:03 INFO BlockManagerInfo: Removed broadcast_134_piece0 on Aishwarya92848DBDA:42547 in memory (size: 5.9 KiB, free: 366.2 MiB)
[2026-01-29T20:04:04.147+0530] {subprocess.py:106} INFO - 26/01/29 20:04:04 INFO Executor: Finished task 1.0 in stage 119.0 (TID 139). 2038 bytes result sent to driver
[2026-01-29T20:04:04.148+0530] {subprocess.py:106} INFO - 26/01/29 20:04:04 INFO TaskSetManager: Finished task 1.0 in stage 119.0 (TID 139) in 458 ms on Aishwarya92848DBDA (executor driver) (1/2)
[2026-01-29T20:04:04.326+0530] {subprocess.py:106} INFO - 26/01/29 20:04:04 INFO Executor: Finished task 0.0 in stage 119.0 (TID 138). 2038 bytes result sent to driver
[2026-01-29T20:04:04.327+0530] {subprocess.py:106} INFO - 26/01/29 20:04:04 INFO TaskSetManager: Finished task 0.0 in stage 119.0 (TID 138) in 637 ms on Aishwarya92848DBDA (executor driver) (2/2)
[2026-01-29T20:04:04.327+0530] {subprocess.py:106} INFO - 26/01/29 20:04:04 INFO TaskSchedulerImpl: Removed TaskSet 119.0, whose tasks have all completed, from pool
[2026-01-29T20:04:04.327+0530] {subprocess.py:106} INFO - 26/01/29 20:04:04 INFO DAGScheduler: ShuffleMapStage 119 (parquet at NativeMethodAccessorImpl.java:0) finished in 0.645 s
[2026-01-29T20:04:04.327+0530] {subprocess.py:106} INFO - 26/01/29 20:04:04 INFO DAGScheduler: looking for newly runnable stages
[2026-01-29T20:04:04.327+0530] {subprocess.py:106} INFO - 26/01/29 20:04:04 INFO DAGScheduler: running: Set()
[2026-01-29T20:04:04.328+0530] {subprocess.py:106} INFO - 26/01/29 20:04:04 INFO DAGScheduler: waiting: Set()
[2026-01-29T20:04:04.328+0530] {subprocess.py:106} INFO - 26/01/29 20:04:04 INFO DAGScheduler: failed: Set()
[2026-01-29T20:04:04.333+0530] {subprocess.py:106} INFO - 26/01/29 20:04:04 INFO ShufflePartitionsUtil: For shuffle(31), advisory target size: 67108864, actual target size 1048576, minimum partition size: 1048576
[2026-01-29T20:04:04.380+0530] {subprocess.py:106} INFO - 26/01/29 20:04:04 INFO ParquetUtils: Using default output committer for Parquet: org.apache.parquet.hadoop.ParquetOutputCommitter
[2026-01-29T20:04:04.395+0530] {subprocess.py:106} INFO - 26/01/29 20:04:04 INFO FileOutputCommitter: File Output Committer Algorithm version is 1
[2026-01-29T20:04:04.396+0530] {subprocess.py:106} INFO - 26/01/29 20:04:04 INFO FileOutputCommitter: FileOutputCommitter skip cleanup _temporary folders under output directory:false, ignore cleanup failures: false
[2026-01-29T20:04:04.396+0530] {subprocess.py:106} INFO - 26/01/29 20:04:04 INFO SQLHadoopMapReduceCommitProtocol: Using user defined output committer class org.apache.parquet.hadoop.ParquetOutputCommitter
[2026-01-29T20:04:04.396+0530] {subprocess.py:106} INFO - 26/01/29 20:04:04 INFO FileOutputCommitter: File Output Committer Algorithm version is 1
[2026-01-29T20:04:04.397+0530] {subprocess.py:106} INFO - 26/01/29 20:04:04 INFO FileOutputCommitter: FileOutputCommitter skip cleanup _temporary folders under output directory:false, ignore cleanup failures: false
[2026-01-29T20:04:04.397+0530] {subprocess.py:106} INFO - 26/01/29 20:04:04 INFO SQLHadoopMapReduceCommitProtocol: Using output committer class org.apache.parquet.hadoop.ParquetOutputCommitter
[2026-01-29T20:04:04.424+0530] {subprocess.py:106} INFO - 26/01/29 20:04:04 INFO CodeGenerator: Code generated in 14.37506 ms
[2026-01-29T20:04:04.443+0530] {subprocess.py:106} INFO - 26/01/29 20:04:04 INFO SparkContext: Starting job: parquet at NativeMethodAccessorImpl.java:0
[2026-01-29T20:04:04.443+0530] {subprocess.py:106} INFO - 26/01/29 20:04:04 INFO DAGScheduler: Got job 84 (parquet at NativeMethodAccessorImpl.java:0) with 4 output partitions
[2026-01-29T20:04:04.444+0530] {subprocess.py:106} INFO - 26/01/29 20:04:04 INFO DAGScheduler: Final stage: ResultStage 121 (parquet at NativeMethodAccessorImpl.java:0)
[2026-01-29T20:04:04.444+0530] {subprocess.py:106} INFO - 26/01/29 20:04:04 INFO DAGScheduler: Parents of final stage: List(ShuffleMapStage 120)
[2026-01-29T20:04:04.445+0530] {subprocess.py:106} INFO - 26/01/29 20:04:04 INFO DAGScheduler: Missing parents: List()
[2026-01-29T20:04:04.445+0530] {subprocess.py:106} INFO - 26/01/29 20:04:04 INFO DAGScheduler: Submitting ResultStage 121 (MapPartitionsRDD[382] at parquet at NativeMethodAccessorImpl.java:0), which has no missing parents
[2026-01-29T20:04:04.463+0530] {subprocess.py:106} INFO - 26/01/29 20:04:04 INFO MemoryStore: Block broadcast_137 stored as values in memory (estimated size 309.1 KiB, free 365.1 MiB)
[2026-01-29T20:04:04.464+0530] {subprocess.py:106} INFO - 26/01/29 20:04:04 INFO MemoryStore: Block broadcast_137_piece0 stored as bytes in memory (estimated size 110.6 KiB, free 365.0 MiB)
[2026-01-29T20:04:04.465+0530] {subprocess.py:106} INFO - 26/01/29 20:04:04 INFO BlockManagerInfo: Added broadcast_137_piece0 in memory on Aishwarya92848DBDA:42547 (size: 110.6 KiB, free: 366.1 MiB)
[2026-01-29T20:04:04.465+0530] {subprocess.py:106} INFO - 26/01/29 20:04:04 INFO SparkContext: Created broadcast 137 from broadcast at DAGScheduler.scala:1585
[2026-01-29T20:04:04.465+0530] {subprocess.py:106} INFO - 26/01/29 20:04:04 INFO DAGScheduler: Submitting 4 missing tasks from ResultStage 121 (MapPartitionsRDD[382] at parquet at NativeMethodAccessorImpl.java:0) (first 15 tasks are for partitions Vector(0, 1, 2, 3))
[2026-01-29T20:04:04.466+0530] {subprocess.py:106} INFO - 26/01/29 20:04:04 INFO TaskSchedulerImpl: Adding task set 121.0 with 4 tasks resource profile 0
[2026-01-29T20:04:04.466+0530] {subprocess.py:106} INFO - 26/01/29 20:04:04 INFO TaskSetManager: Starting task 0.0 in stage 121.0 (TID 140) (Aishwarya92848DBDA, executor driver, partition 0, NODE_LOCAL, 7615 bytes)
[2026-01-29T20:04:04.466+0530] {subprocess.py:106} INFO - 26/01/29 20:04:04 INFO TaskSetManager: Starting task 1.0 in stage 121.0 (TID 141) (Aishwarya92848DBDA, executor driver, partition 1, NODE_LOCAL, 7615 bytes)
[2026-01-29T20:04:04.467+0530] {subprocess.py:106} INFO - 26/01/29 20:04:04 INFO TaskSetManager: Starting task 2.0 in stage 121.0 (TID 142) (Aishwarya92848DBDA, executor driver, partition 2, NODE_LOCAL, 7615 bytes)
[2026-01-29T20:04:04.467+0530] {subprocess.py:106} INFO - 26/01/29 20:04:04 INFO TaskSetManager: Starting task 3.0 in stage 121.0 (TID 143) (Aishwarya92848DBDA, executor driver, partition 3, NODE_LOCAL, 7615 bytes)
[2026-01-29T20:04:04.467+0530] {subprocess.py:106} INFO - 26/01/29 20:04:04 INFO Executor: Running task 1.0 in stage 121.0 (TID 141)
[2026-01-29T20:04:04.467+0530] {subprocess.py:106} INFO - 26/01/29 20:04:04 INFO Executor: Running task 0.0 in stage 121.0 (TID 140)
[2026-01-29T20:04:04.469+0530] {subprocess.py:106} INFO - 26/01/29 20:04:04 INFO Executor: Running task 2.0 in stage 121.0 (TID 142)
[2026-01-29T20:04:04.469+0530] {subprocess.py:106} INFO - 26/01/29 20:04:04 INFO Executor: Running task 3.0 in stage 121.0 (TID 143)
[2026-01-29T20:04:04.539+0530] {subprocess.py:106} INFO - 26/01/29 20:04:04 INFO ShuffleBlockFetcherIterator: Getting 2 (1149.8 KiB) non-empty blocks including 2 (1149.8 KiB) local and 0 (0.0 B) host-local and 0 (0.0 B) push-merged-local and 0 (0.0 B) remote blocks
[2026-01-29T20:04:04.540+0530] {subprocess.py:106} INFO - 26/01/29 20:04:04 INFO ShuffleBlockFetcherIterator: Getting 2 (1155.1 KiB) non-empty blocks including 2 (1155.1 KiB) local and 0 (0.0 B) host-local and 0 (0.0 B) push-merged-local and 0 (0.0 B) remote blocks
[2026-01-29T20:04:04.540+0530] {subprocess.py:106} INFO - 26/01/29 20:04:04 INFO ShuffleBlockFetcherIterator: Getting 2 (1708.8 KiB) non-empty blocks including 2 (1708.8 KiB) local and 0 (0.0 B) host-local and 0 (0.0 B) push-merged-local and 0 (0.0 B) remote blocks
[2026-01-29T20:04:04.540+0530] {subprocess.py:106} INFO - 26/01/29 20:04:04 INFO ShuffleBlockFetcherIterator: Getting 2 (1740.3 KiB) non-empty blocks including 2 (1740.3 KiB) local and 0 (0.0 B) host-local and 0 (0.0 B) push-merged-local and 0 (0.0 B) remote blocks
[2026-01-29T20:04:04.541+0530] {subprocess.py:106} INFO - 26/01/29 20:04:04 INFO ShuffleBlockFetcherIterator: Started 0 remote fetches in 0 ms
[2026-01-29T20:04:04.541+0530] {subprocess.py:106} INFO - 26/01/29 20:04:04 INFO ShuffleBlockFetcherIterator: Started 0 remote fetches in 0 ms
[2026-01-29T20:04:04.541+0530] {subprocess.py:106} INFO - 26/01/29 20:04:04 INFO ShuffleBlockFetcherIterator: Started 0 remote fetches in 0 ms
[2026-01-29T20:04:04.541+0530] {subprocess.py:106} INFO - 26/01/29 20:04:04 INFO ShuffleBlockFetcherIterator: Started 0 remote fetches in 0 ms
[2026-01-29T20:04:04.552+0530] {subprocess.py:106} INFO - 26/01/29 20:04:04 INFO CodeGenerator: Code generated in 7.611655 ms
[2026-01-29T20:04:04.585+0530] {subprocess.py:106} INFO - 26/01/29 20:04:04 INFO CodeGenerator: Code generated in 15.08244 ms
[2026-01-29T20:04:04.589+0530] {subprocess.py:106} INFO - 26/01/29 20:04:04 INFO FileOutputCommitter: File Output Committer Algorithm version is 1
[2026-01-29T20:04:04.590+0530] {subprocess.py:106} INFO - 26/01/29 20:04:04 INFO FileOutputCommitter: File Output Committer Algorithm version is 1
[2026-01-29T20:04:04.590+0530] {subprocess.py:106} INFO - 26/01/29 20:04:04 INFO FileOutputCommitter: File Output Committer Algorithm version is 1
[2026-01-29T20:04:04.590+0530] {subprocess.py:106} INFO - 26/01/29 20:04:04 INFO FileOutputCommitter: FileOutputCommitter skip cleanup _temporary folders under output directory:false, ignore cleanup failures: false
[2026-01-29T20:04:04.590+0530] {subprocess.py:106} INFO - 26/01/29 20:04:04 INFO FileOutputCommitter: FileOutputCommitter skip cleanup _temporary folders under output directory:false, ignore cleanup failures: false
[2026-01-29T20:04:04.590+0530] {subprocess.py:106} INFO - 26/01/29 20:04:04 INFO FileOutputCommitter: FileOutputCommitter skip cleanup _temporary folders under output directory:false, ignore cleanup failures: false
[2026-01-29T20:04:04.590+0530] {subprocess.py:106} INFO - 26/01/29 20:04:04 INFO FileOutputCommitter: File Output Committer Algorithm version is 1
[2026-01-29T20:04:04.590+0530] {subprocess.py:106} INFO - 26/01/29 20:04:04 INFO FileOutputCommitter: FileOutputCommitter skip cleanup _temporary folders under output directory:false, ignore cleanup failures: false
[2026-01-29T20:04:04.591+0530] {subprocess.py:106} INFO - 26/01/29 20:04:04 INFO SQLHadoopMapReduceCommitProtocol: Using user defined output committer class org.apache.parquet.hadoop.ParquetOutputCommitter
[2026-01-29T20:04:04.591+0530] {subprocess.py:106} INFO - 26/01/29 20:04:04 INFO SQLHadoopMapReduceCommitProtocol: Using user defined output committer class org.apache.parquet.hadoop.ParquetOutputCommitter
[2026-01-29T20:04:04.591+0530] {subprocess.py:106} INFO - 26/01/29 20:04:04 INFO SQLHadoopMapReduceCommitProtocol: Using user defined output committer class org.apache.parquet.hadoop.ParquetOutputCommitter
[2026-01-29T20:04:04.591+0530] {subprocess.py:106} INFO - 26/01/29 20:04:04 INFO FileOutputCommitter: File Output Committer Algorithm version is 1
[2026-01-29T20:04:04.591+0530] {subprocess.py:106} INFO - 26/01/29 20:04:04 INFO FileOutputCommitter: File Output Committer Algorithm version is 1
[2026-01-29T20:04:04.592+0530] {subprocess.py:106} INFO - 26/01/29 20:04:04 INFO FileOutputCommitter: FileOutputCommitter skip cleanup _temporary folders under output directory:false, ignore cleanup failures: false
[2026-01-29T20:04:04.592+0530] {subprocess.py:106} INFO - 26/01/29 20:04:04 INFO SQLHadoopMapReduceCommitProtocol: Using user defined output committer class org.apache.parquet.hadoop.ParquetOutputCommitter
[2026-01-29T20:04:04.592+0530] {subprocess.py:106} INFO - 26/01/29 20:04:04 INFO FileOutputCommitter: FileOutputCommitter skip cleanup _temporary folders under output directory:false, ignore cleanup failures: false
[2026-01-29T20:04:04.593+0530] {subprocess.py:106} INFO - 26/01/29 20:04:04 INFO FileOutputCommitter: File Output Committer Algorithm version is 1
[2026-01-29T20:04:04.594+0530] {subprocess.py:106} INFO - 26/01/29 20:04:04 INFO FileOutputCommitter: FileOutputCommitter skip cleanup _temporary folders under output directory:false, ignore cleanup failures: false
[2026-01-29T20:04:04.595+0530] {subprocess.py:106} INFO - 26/01/29 20:04:04 INFO FileOutputCommitter: File Output Committer Algorithm version is 1
[2026-01-29T20:04:04.596+0530] {subprocess.py:106} INFO - 26/01/29 20:04:04 INFO FileOutputCommitter: FileOutputCommitter skip cleanup _temporary folders under output directory:false, ignore cleanup failures: false
[2026-01-29T20:04:04.596+0530] {subprocess.py:106} INFO - 26/01/29 20:04:04 INFO SQLHadoopMapReduceCommitProtocol: Using output committer class org.apache.parquet.hadoop.ParquetOutputCommitter
[2026-01-29T20:04:04.596+0530] {subprocess.py:106} INFO - 26/01/29 20:04:04 INFO SQLHadoopMapReduceCommitProtocol: Using output committer class org.apache.parquet.hadoop.ParquetOutputCommitter
[2026-01-29T20:04:04.596+0530] {subprocess.py:106} INFO - 26/01/29 20:04:04 INFO SQLHadoopMapReduceCommitProtocol: Using output committer class org.apache.parquet.hadoop.ParquetOutputCommitter
[2026-01-29T20:04:04.597+0530] {subprocess.py:106} INFO - 26/01/29 20:04:04 INFO SQLHadoopMapReduceCommitProtocol: Using output committer class org.apache.parquet.hadoop.ParquetOutputCommitter
[2026-01-29T20:04:04.597+0530] {subprocess.py:106} INFO - 26/01/29 20:04:04 INFO ExternalAppendOnlyUnsafeRowArray: Reached spill threshold of 4096 rows, switching to org.apache.spark.util.collection.unsafe.sort.UnsafeExternalSorter
[2026-01-29T20:04:04.597+0530] {subprocess.py:106} INFO - 26/01/29 20:04:04 INFO ExternalAppendOnlyUnsafeRowArray: Reached spill threshold of 4096 rows, switching to org.apache.spark.util.collection.unsafe.sort.UnsafeExternalSorter
[2026-01-29T20:04:04.597+0530] {subprocess.py:106} INFO - 26/01/29 20:04:04 INFO ExternalAppendOnlyUnsafeRowArray: Reached spill threshold of 4096 rows, switching to org.apache.spark.util.collection.unsafe.sort.UnsafeExternalSorter
[2026-01-29T20:04:04.602+0530] {subprocess.py:106} INFO - 26/01/29 20:04:04 INFO CodecConfig: Compression: SNAPPY
[2026-01-29T20:04:04.602+0530] {subprocess.py:106} INFO - 26/01/29 20:04:04 INFO CodeGenerator: Code generated in 3.829858 ms
[2026-01-29T20:04:04.604+0530] {subprocess.py:106} INFO - 26/01/29 20:04:04 INFO CodecConfig: Compression: SNAPPY
[2026-01-29T20:04:04.605+0530] {subprocess.py:106} INFO - 26/01/29 20:04:04 INFO CodecConfig: Compression: SNAPPY
[2026-01-29T20:04:04.606+0530] {subprocess.py:106} INFO - 26/01/29 20:04:04 INFO CodecConfig: Compression: SNAPPY
[2026-01-29T20:04:04.606+0530] {subprocess.py:106} INFO - 26/01/29 20:04:04 INFO CodecConfig: Compression: SNAPPY
[2026-01-29T20:04:04.606+0530] {subprocess.py:106} INFO - 26/01/29 20:04:04 INFO CodecConfig: Compression: SNAPPY
[2026-01-29T20:04:04.606+0530] {subprocess.py:106} INFO - 26/01/29 20:04:04 INFO CodecConfig: Compression: SNAPPY
[2026-01-29T20:04:04.607+0530] {subprocess.py:106} INFO - 26/01/29 20:04:04 INFO CodecConfig: Compression: SNAPPY
[2026-01-29T20:04:04.625+0530] {subprocess.py:106} INFO - 26/01/29 20:04:04 INFO ParquetOutputFormat: ParquetRecordWriter [block size: 134217728b, row group padding size: 8388608b, validating: false]
[2026-01-29T20:04:04.625+0530] {subprocess.py:106} INFO - 26/01/29 20:04:04 INFO ParquetOutputFormat: ParquetRecordWriter [block size: 134217728b, row group padding size: 8388608b, validating: false]
[2026-01-29T20:04:04.625+0530] {subprocess.py:106} INFO - 26/01/29 20:04:04 INFO ParquetOutputFormat: ParquetRecordWriter [block size: 134217728b, row group padding size: 8388608b, validating: false]
[2026-01-29T20:04:04.625+0530] {subprocess.py:106} INFO - 26/01/29 20:04:04 INFO ParquetOutputFormat: ParquetRecordWriter [block size: 134217728b, row group padding size: 8388608b, validating: false]
[2026-01-29T20:04:04.678+0530] {subprocess.py:106} INFO - 26/01/29 20:04:04 INFO ParquetWriteSupport: Initialized Parquet WriteSupport with Catalyst schema:
[2026-01-29T20:04:04.678+0530] {subprocess.py:106} INFO - {
[2026-01-29T20:04:04.678+0530] {subprocess.py:106} INFO -   "type" : "struct",
[2026-01-29T20:04:04.679+0530] {subprocess.py:106} INFO -   "fields" : [ {
[2026-01-29T20:04:04.679+0530] {subprocess.py:106} INFO -     "name" : "city",
[2026-01-29T20:04:04.679+0530] {subprocess.py:106} INFO -     "type" : "string",
[2026-01-29T20:04:04.679+0530] {subprocess.py:106} INFO -     "nullable" : true,
[2026-01-29T20:04:04.679+0530] {subprocess.py:106} INFO -     "metadata" : { }
[2026-01-29T20:04:04.679+0530] {subprocess.py:106} INFO -   }, {
[2026-01-29T20:04:04.679+0530] {subprocess.py:106} INFO -     "name" : "date",
[2026-01-29T20:04:04.680+0530] {subprocess.py:106} INFO -     "type" : "date",
[2026-01-29T20:04:04.680+0530] {subprocess.py:106} INFO -     "nullable" : true,
[2026-01-29T20:04:04.680+0530] {subprocess.py:106} INFO -     "metadata" : { }
[2026-01-29T20:04:04.680+0530] {subprocess.py:106} INFO -   }, {
[2026-01-29T20:04:04.680+0530] {subprocess.py:106} INFO -     "name" : "temperature_2m_max",
[2026-01-29T20:04:04.680+0530] {subprocess.py:106} INFO -     "type" : "double",
[2026-01-29T20:04:04.680+0530] {subprocess.py:106} INFO -     "nullable" : true,
[2026-01-29T20:04:04.680+0530] {subprocess.py:106} INFO -     "metadata" : { }
[2026-01-29T20:04:04.681+0530] {subprocess.py:106} INFO -   }, {
[2026-01-29T20:04:04.681+0530] {subprocess.py:106} INFO -     "name" : "temperature_2m_min",
[2026-01-29T20:04:04.681+0530] {subprocess.py:106} INFO -     "type" : "double",
[2026-01-29T20:04:04.681+0530] {subprocess.py:106} INFO -     "nullable" : true,
[2026-01-29T20:04:04.681+0530] {subprocess.py:106} INFO -     "metadata" : { }
[2026-01-29T20:04:04.681+0530] {subprocess.py:106} INFO -   }, {
[2026-01-29T20:04:04.681+0530] {subprocess.py:106} INFO -     "name" : "apparent_temperature_max",
[2026-01-29T20:04:04.681+0530] {subprocess.py:106} INFO -     "type" : "double",
[2026-01-29T20:04:04.681+0530] {subprocess.py:106} INFO -     "nullable" : true,
[2026-01-29T20:04:04.682+0530] {subprocess.py:106} INFO -     "metadata" : { }
[2026-01-29T20:04:04.682+0530] {subprocess.py:106} INFO -   }, {
[2026-01-29T20:04:04.682+0530] {subprocess.py:106} INFO -     "name" : "apparent_temperature_min",
[2026-01-29T20:04:04.682+0530] {subprocess.py:106} INFO -     "type" : "double",
[2026-01-29T20:04:04.682+0530] {subprocess.py:106} INFO -     "nullable" : true,
[2026-01-29T20:04:04.682+0530] {subprocess.py:106} INFO -     "metadata" : { }
[2026-01-29T20:04:04.682+0530] {subprocess.py:106} INFO -   }, {
[2026-01-29T20:04:04.682+0530] {subprocess.py:106} INFO -     "name" : "precipitation_sum",
[2026-01-29T20:04:04.683+0530] {subprocess.py:106} INFO -     "type" : "double",
[2026-01-29T20:04:04.683+0530] {subprocess.py:106} INFO -     "nullable" : true,
[2026-01-29T20:04:04.683+0530] {subprocess.py:106} INFO -     "metadata" : { }
[2026-01-29T20:04:04.683+0530] {subprocess.py:106} INFO -   }, {
[2026-01-29T20:04:04.683+0530] {subprocess.py:106} INFO -     "name" : "rain_sum",
[2026-01-29T20:04:04.683+0530] {subprocess.py:106} INFO -     "type" : "double",
[2026-01-29T20:04:04.683+0530] {subprocess.py:106} INFO -     "nullable" : true,
[2026-01-29T20:04:04.683+0530] {subprocess.py:106} INFO -     "metadata" : { }
[2026-01-29T20:04:04.684+0530] {subprocess.py:106} INFO -   }, {
[2026-01-29T20:04:04.684+0530] {subprocess.py:106} INFO -     "name" : "weather_code",
[2026-01-29T20:04:04.684+0530] {subprocess.py:106} INFO -     "type" : "integer",
[2026-01-29T20:04:04.684+0530] {subprocess.py:106} INFO -     "nullable" : true,
[2026-01-29T20:04:04.684+0530] {subprocess.py:106} INFO -     "metadata" : { }
[2026-01-29T20:04:04.684+0530] {subprocess.py:106} INFO -   }, {
[2026-01-29T20:04:04.684+0530] {subprocess.py:106} INFO -     "name" : "wind_speed_10m_max",
[2026-01-29T20:04:04.684+0530] {subprocess.py:106} INFO -     "type" : "double",
[2026-01-29T20:04:04.685+0530] {subprocess.py:106} INFO -     "nullable" : true,
[2026-01-29T20:04:04.685+0530] {subprocess.py:106} INFO -     "metadata" : { }
[2026-01-29T20:04:04.685+0530] {subprocess.py:106} INFO -   }, {
[2026-01-29T20:04:04.685+0530] {subprocess.py:106} INFO -     "name" : "wind_gusts_10m_max",
[2026-01-29T20:04:04.685+0530] {subprocess.py:106} INFO -     "type" : "double",
[2026-01-29T20:04:04.685+0530] {subprocess.py:106} INFO -     "nullable" : true,
[2026-01-29T20:04:04.685+0530] {subprocess.py:106} INFO -     "metadata" : { }
[2026-01-29T20:04:04.685+0530] {subprocess.py:106} INFO -   }, {
[2026-01-29T20:04:04.686+0530] {subprocess.py:106} INFO -     "name" : "wind_direction_10m_dominant",
[2026-01-29T20:04:04.686+0530] {subprocess.py:106} INFO -     "type" : "integer",
[2026-01-29T20:04:04.686+0530] {subprocess.py:106} INFO -     "nullable" : true,
[2026-01-29T20:04:04.686+0530] {subprocess.py:106} INFO -     "metadata" : { }
[2026-01-29T20:04:04.686+0530] {subprocess.py:106} INFO -   }, {
[2026-01-29T20:04:04.686+0530] {subprocess.py:106} INFO -     "name" : "city_index",
[2026-01-29T20:04:04.686+0530] {subprocess.py:106} INFO -     "type" : "double",
[2026-01-29T20:04:04.687+0530] {subprocess.py:106} INFO -     "nullable" : false,
[2026-01-29T20:04:04.687+0530] {subprocess.py:106} INFO -     "metadata" : {
[2026-01-29T20:04:04.687+0530] {subprocess.py:106} INFO -       "ml_attr" : {
[2026-01-29T20:04:04.687+0530] {subprocess.py:106} INFO -         "type" : "nominal",
[2026-01-29T20:04:04.687+0530] {subprocess.py:106} INFO -         "vals" : [ "Ahmedabad", "Bangalore", "Chennai", "Delhi", "Hyderabad", "Jaipur", "Kolkata", "Lucknow", "Mumbai", "Pune", "__unknown" ],
[2026-01-29T20:04:04.687+0530] {subprocess.py:106} INFO -         "name" : "city_index"
[2026-01-29T20:04:04.687+0530] {subprocess.py:106} INFO -       }
[2026-01-29T20:04:04.688+0530] {subprocess.py:106} INFO -     }
[2026-01-29T20:04:04.688+0530] {subprocess.py:106} INFO -   }, {
[2026-01-29T20:04:04.688+0530] {subprocess.py:106} INFO -     "name" : "city_vector",
[2026-01-29T20:04:04.688+0530] {subprocess.py:106} INFO -     "type" : {
[2026-01-29T20:04:04.688+0530] {subprocess.py:106} INFO -       "type" : "udt",
[2026-01-29T20:04:04.688+0530] {subprocess.py:106} INFO -       "class" : "org.apache.spark.ml.linalg.VectorUDT",
[2026-01-29T20:04:04.689+0530] {subprocess.py:106} INFO -       "pyClass" : "pyspark.ml.linalg.VectorUDT",
[2026-01-29T20:04:04.689+0530] {subprocess.py:106} INFO -       "sqlType" : {
[2026-01-29T20:04:04.689+0530] {subprocess.py:106} INFO -         "type" : "struct",
[2026-01-29T20:04:04.689+0530] {subprocess.py:106} INFO -         "fields" : [ {
[2026-01-29T20:04:04.689+0530] {subprocess.py:106} INFO -           "name" : "type",
[2026-01-29T20:04:04.689+0530] {subprocess.py:106} INFO -           "type" : "byte",
[2026-01-29T20:04:04.690+0530] {subprocess.py:106} INFO -           "nullable" : false,
[2026-01-29T20:04:04.690+0530] {subprocess.py:106} INFO -           "metadata" : { }
[2026-01-29T20:04:04.690+0530] {subprocess.py:106} INFO -         }, {
[2026-01-29T20:04:04.690+0530] {subprocess.py:106} INFO -           "name" : "size",
[2026-01-29T20:04:04.690+0530] {subprocess.py:106} INFO -           "type" : "integer",
[2026-01-29T20:04:04.690+0530] {subprocess.py:106} INFO -           "nullable" : true,
[2026-01-29T20:04:04.690+0530] {subprocess.py:106} INFO -           "metadata" : { }
[2026-01-29T20:04:04.690+0530] {subprocess.py:106} INFO -         }, {
[2026-01-29T20:04:04.691+0530] {subprocess.py:106} INFO -           "name" : "indices",
[2026-01-29T20:04:04.691+0530] {subprocess.py:106} INFO -           "type" : {
[2026-01-29T20:04:04.691+0530] {subprocess.py:106} INFO -             "type" : "array",
[2026-01-29T20:04:04.691+0530] {subprocess.py:106} INFO -             "elementType" : "integer",
[2026-01-29T20:04:04.691+0530] {subprocess.py:106} INFO -             "containsNull" : false
[2026-01-29T20:04:04.691+0530] {subprocess.py:106} INFO -           },
[2026-01-29T20:04:04.691+0530] {subprocess.py:106} INFO -           "nullable" : true,
[2026-01-29T20:04:04.691+0530] {subprocess.py:106} INFO -           "metadata" : { }
[2026-01-29T20:04:04.692+0530] {subprocess.py:106} INFO -         }, {
[2026-01-29T20:04:04.692+0530] {subprocess.py:106} INFO -           "name" : "values",
[2026-01-29T20:04:04.692+0530] {subprocess.py:106} INFO -           "type" : {
[2026-01-29T20:04:04.692+0530] {subprocess.py:106} INFO -             "type" : "array",
[2026-01-29T20:04:04.692+0530] {subprocess.py:106} INFO -             "elementType" : "double",
[2026-01-29T20:04:04.692+0530] {subprocess.py:106} INFO -             "containsNull" : false
[2026-01-29T20:04:04.692+0530] {subprocess.py:106} INFO -           },
[2026-01-29T20:04:04.692+0530] {subprocess.py:106} INFO -           "nullable" : true,
[2026-01-29T20:04:04.693+0530] {subprocess.py:106} INFO -           "metadata" : { }
[2026-01-29T20:04:04.693+0530] {subprocess.py:106} INFO -         } ]
[2026-01-29T20:04:04.693+0530] {subprocess.py:106} INFO -       }
[2026-01-29T20:04:04.693+0530] {subprocess.py:106} INFO -     },
[2026-01-29T20:04:04.693+0530] {subprocess.py:106} INFO -     "nullable" : true,
[2026-01-29T20:04:04.693+0530] {subprocess.py:106} INFO -     "metadata" : {
[2026-01-29T20:04:04.693+0530] {subprocess.py:106} INFO -       "ml_attr" : {
[2026-01-29T20:04:04.693+0530] {subprocess.py:106} INFO -         "attrs" : {
[2026-01-29T20:04:04.694+0530] {subprocess.py:106} INFO -           "binary" : [ {
[2026-01-29T20:04:04.694+0530] {subprocess.py:106} INFO -             "idx" : 0,
[2026-01-29T20:04:04.694+0530] {subprocess.py:106} INFO -             "name" : "Ahmedabad"
[2026-01-29T20:04:04.694+0530] {subprocess.py:106} INFO -           }, {
[2026-01-29T20:04:04.694+0530] {subprocess.py:106} INFO -             "idx" : 1,
[2026-01-29T20:04:04.694+0530] {subprocess.py:106} INFO -             "name" : "Bangalore"
[2026-01-29T20:04:04.694+0530] {subprocess.py:106} INFO -           }, {
[2026-01-29T20:04:04.694+0530] {subprocess.py:106} INFO -             "idx" : 2,
[2026-01-29T20:04:04.694+0530] {subprocess.py:106} INFO -             "name" : "Chennai"
[2026-01-29T20:04:04.695+0530] {subprocess.py:106} INFO -           }, {
[2026-01-29T20:04:04.695+0530] {subprocess.py:106} INFO -             "idx" : 3,
[2026-01-29T20:04:04.695+0530] {subprocess.py:106} INFO -             "name" : "Delhi"
[2026-01-29T20:04:04.695+0530] {subprocess.py:106} INFO -           }, {
[2026-01-29T20:04:04.695+0530] {subprocess.py:106} INFO -             "idx" : 4,
[2026-01-29T20:04:04.695+0530] {subprocess.py:106} INFO -             "name" : "Hyderabad"
[2026-01-29T20:04:04.695+0530] {subprocess.py:106} INFO -           }, {
[2026-01-29T20:04:04.695+0530] {subprocess.py:106} INFO -             "idx" : 5,
[2026-01-29T20:04:04.696+0530] {subprocess.py:106} INFO -             "name" : "Jaipur"
[2026-01-29T20:04:04.696+0530] {subprocess.py:106} INFO -           }, {
[2026-01-29T20:04:04.696+0530] {subprocess.py:106} INFO -             "idx" : 6,
[2026-01-29T20:04:04.696+0530] {subprocess.py:106} INFO -             "name" : "Kolkata"
[2026-01-29T20:04:04.696+0530] {subprocess.py:106} INFO -           }, {
[2026-01-29T20:04:04.696+0530] {subprocess.py:106} INFO -             "idx" : 7,
[2026-01-29T20:04:04.696+0530] {subprocess.py:106} INFO -             "name" : "Lucknow"
[2026-01-29T20:04:04.696+0530] {subprocess.py:106} INFO -           }, {
[2026-01-29T20:04:04.697+0530] {subprocess.py:106} INFO -             "idx" : 8,
[2026-01-29T20:04:04.697+0530] {subprocess.py:106} INFO -             "name" : "Mumbai"
[2026-01-29T20:04:04.697+0530] {subprocess.py:106} INFO -           }, {
[2026-01-29T20:04:04.697+0530] {subprocess.py:106} INFO -             "idx" : 9,
[2026-01-29T20:04:04.697+0530] {subprocess.py:106} INFO -             "name" : "Pune"
[2026-01-29T20:04:04.697+0530] {subprocess.py:106} INFO -           } ]
[2026-01-29T20:04:04.697+0530] {subprocess.py:106} INFO -         },
[2026-01-29T20:04:04.697+0530] {subprocess.py:106} INFO -         "num_attrs" : 10
[2026-01-29T20:04:04.698+0530] {subprocess.py:106} INFO -       }
[2026-01-29T20:04:04.698+0530] {subprocess.py:106} INFO -     }
[2026-01-29T20:04:04.698+0530] {subprocess.py:106} INFO -   }, {
[2026-01-29T20:04:04.698+0530] {subprocess.py:106} INFO -     "name" : "rain_sum_log",
[2026-01-29T20:04:04.698+0530] {subprocess.py:106} INFO -     "type" : "double",
[2026-01-29T20:04:04.698+0530] {subprocess.py:106} INFO -     "nullable" : true,
[2026-01-29T20:04:04.698+0530] {subprocess.py:106} INFO -     "metadata" : { }
[2026-01-29T20:04:04.698+0530] {subprocess.py:106} INFO -   }, {
[2026-01-29T20:04:04.699+0530] {subprocess.py:106} INFO -     "name" : "precipitation_sum_log",
[2026-01-29T20:04:04.699+0530] {subprocess.py:106} INFO -     "type" : "double",
[2026-01-29T20:04:04.699+0530] {subprocess.py:106} INFO -     "nullable" : true,
[2026-01-29T20:04:04.699+0530] {subprocess.py:106} INFO -     "metadata" : { }
[2026-01-29T20:04:04.699+0530] {subprocess.py:106} INFO -   }, {
[2026-01-29T20:04:04.699+0530] {subprocess.py:106} INFO -     "name" : "day",
[2026-01-29T20:04:04.699+0530] {subprocess.py:106} INFO -     "type" : "integer",
[2026-01-29T20:04:04.699+0530] {subprocess.py:106} INFO -     "nullable" : true,
[2026-01-29T20:04:04.699+0530] {subprocess.py:106} INFO -     "metadata" : { }
[2026-01-29T20:04:04.700+0530] {subprocess.py:106} INFO -   }, {
[2026-01-29T20:04:04.700+0530] {subprocess.py:106} INFO -     "name" : "month",
[2026-01-29T20:04:04.700+0530] {subprocess.py:106} INFO -     "type" : "integer",
[2026-01-29T20:04:04.700+0530] {subprocess.py:106} INFO -     "nullable" : true,
[2026-01-29T20:04:04.700+0530] {subprocess.py:106} INFO -     "metadata" : { }
[2026-01-29T20:04:04.700+0530] {subprocess.py:106} INFO -   }, {
[2026-01-29T20:04:04.700+0530] {subprocess.py:106} INFO -     "name" : "day_of_week",
[2026-01-29T20:04:04.700+0530] {subprocess.py:106} INFO -     "type" : "integer",
[2026-01-29T20:04:04.701+0530] {subprocess.py:106} INFO -     "nullable" : true,
[2026-01-29T20:04:04.701+0530] {subprocess.py:106} INFO -     "metadata" : { }
[2026-01-29T20:04:04.701+0530] {subprocess.py:106} INFO -   }, {
[2026-01-29T20:04:04.701+0530] {subprocess.py:106} INFO -     "name" : "year",
[2026-01-29T20:04:04.701+0530] {subprocess.py:106} INFO -     "type" : "integer",
[2026-01-29T20:04:04.701+0530] {subprocess.py:106} INFO -     "nullable" : true,
[2026-01-29T20:04:04.701+0530] {subprocess.py:106} INFO -     "metadata" : { }
[2026-01-29T20:04:04.701+0530] {subprocess.py:106} INFO -   }, {
[2026-01-29T20:04:04.702+0530] {subprocess.py:106} INFO -     "name" : "temp_lag_1",
[2026-01-29T20:04:04.702+0530] {subprocess.py:106} INFO -     "type" : "double",
[2026-01-29T20:04:04.702+0530] {subprocess.py:106} INFO -     "nullable" : true,
[2026-01-29T20:04:04.702+0530] {subprocess.py:106} INFO -     "metadata" : { }
[2026-01-29T20:04:04.702+0530] {subprocess.py:106} INFO -   }, {
[2026-01-29T20:04:04.702+0530] {subprocess.py:106} INFO -     "name" : "temp_lag_2",
[2026-01-29T20:04:04.702+0530] {subprocess.py:106} INFO -     "type" : "double",
[2026-01-29T20:04:04.702+0530] {subprocess.py:106} INFO -     "nullable" : true,
[2026-01-29T20:04:04.703+0530] {subprocess.py:106} INFO -     "metadata" : { }
[2026-01-29T20:04:04.703+0530] {subprocess.py:106} INFO -   }, {
[2026-01-29T20:04:04.703+0530] {subprocess.py:106} INFO -     "name" : "temp_rolling_3",
[2026-01-29T20:04:04.703+0530] {subprocess.py:106} INFO -     "type" : "double",
[2026-01-29T20:04:04.703+0530] {subprocess.py:106} INFO -     "nullable" : true,
[2026-01-29T20:04:04.703+0530] {subprocess.py:106} INFO -     "metadata" : { }
[2026-01-29T20:04:04.703+0530] {subprocess.py:106} INFO -   }, {
[2026-01-29T20:04:04.703+0530] {subprocess.py:106} INFO -     "name" : "features",
[2026-01-29T20:04:04.704+0530] {subprocess.py:106} INFO -     "type" : {
[2026-01-29T20:04:04.704+0530] {subprocess.py:106} INFO -       "type" : "udt",
[2026-01-29T20:04:04.704+0530] {subprocess.py:106} INFO -       "class" : "org.apache.spark.ml.linalg.VectorUDT",
[2026-01-29T20:04:04.704+0530] {subprocess.py:106} INFO -       "pyClass" : "pyspark.ml.linalg.VectorUDT",
[2026-01-29T20:04:04.704+0530] {subprocess.py:106} INFO -       "sqlType" : {
[2026-01-29T20:04:04.705+0530] {subprocess.py:106} INFO -         "type" : "struct",
[2026-01-29T20:04:04.705+0530] {subprocess.py:106} INFO -         "fields" : [ {
[2026-01-29T20:04:04.705+0530] {subprocess.py:106} INFO -           "name" : "type",
[2026-01-29T20:04:04.705+0530] {subprocess.py:106} INFO -           "type" : "byte",
[2026-01-29T20:04:04.705+0530] {subprocess.py:106} INFO -           "nullable" : false,
[2026-01-29T20:04:04.705+0530] {subprocess.py:106} INFO -           "metadata" : { }
[2026-01-29T20:04:04.705+0530] {subprocess.py:106} INFO -         }, {
[2026-01-29T20:04:04.705+0530] {subprocess.py:106} INFO -           "name" : "size",
[2026-01-29T20:04:04.706+0530] {subprocess.py:106} INFO -           "type" : "integer",
[2026-01-29T20:04:04.706+0530] {subprocess.py:106} INFO -           "nullable" : true,
[2026-01-29T20:04:04.706+0530] {subprocess.py:106} INFO -           "metadata" : { }
[2026-01-29T20:04:04.706+0530] {subprocess.py:106} INFO -         }, {
[2026-01-29T20:04:04.706+0530] {subprocess.py:106} INFO -           "name" : "indices",
[2026-01-29T20:04:04.706+0530] {subprocess.py:106} INFO -           "type" : {
[2026-01-29T20:04:04.706+0530] {subprocess.py:106} INFO -             "type" : "array",
[2026-01-29T20:04:04.706+0530] {subprocess.py:106} INFO -             "elementType" : "integer",
[2026-01-29T20:04:04.707+0530] {subprocess.py:106} INFO -             "containsNull" : false
[2026-01-29T20:04:04.707+0530] {subprocess.py:106} INFO -           },
[2026-01-29T20:04:04.707+0530] {subprocess.py:106} INFO -           "nullable" : true,
[2026-01-29T20:04:04.707+0530] {subprocess.py:106} INFO -           "metadata" : { }
[2026-01-29T20:04:04.707+0530] {subprocess.py:106} INFO -         }, {
[2026-01-29T20:04:04.707+0530] {subprocess.py:106} INFO -           "name" : "values",
[2026-01-29T20:04:04.707+0530] {subprocess.py:106} INFO -           "type" : {
[2026-01-29T20:04:04.707+0530] {subprocess.py:106} INFO -             "type" : "array",
[2026-01-29T20:04:04.707+0530] {subprocess.py:106} INFO -             "elementType" : "double",
[2026-01-29T20:04:04.708+0530] {subprocess.py:106} INFO -             "containsNull" : false
[2026-01-29T20:04:04.708+0530] {subprocess.py:106} INFO -           },
[2026-01-29T20:04:04.708+0530] {subprocess.py:106} INFO -           "nullable" : true,
[2026-01-29T20:04:04.708+0530] {subprocess.py:106} INFO -           "metadata" : { }
[2026-01-29T20:04:04.708+0530] {subprocess.py:106} INFO -         } ]
[2026-01-29T20:04:04.708+0530] {subprocess.py:106} INFO -       }
[2026-01-29T20:04:04.708+0530] {subprocess.py:106} INFO -     },
[2026-01-29T20:04:04.708+0530] {subprocess.py:106} INFO -     "nullable" : true,
[2026-01-29T20:04:04.708+0530] {subprocess.py:106} INFO -     "metadata" : {
[2026-01-29T20:04:04.709+0530] {subprocess.py:106} INFO -       "ml_attr" : {
[2026-01-29T20:04:04.709+0530] {subprocess.py:106} INFO -         "attrs" : {
[2026-01-29T20:04:04.709+0530] {subprocess.py:106} INFO -           "numeric" : [ {
[2026-01-29T20:04:04.709+0530] {subprocess.py:106} INFO -             "idx" : 0,
[2026-01-29T20:04:04.709+0530] {subprocess.py:106} INFO -             "name" : "temperature_2m_max"
[2026-01-29T20:04:04.709+0530] {subprocess.py:106} INFO -           }, {
[2026-01-29T20:04:04.709+0530] {subprocess.py:106} INFO -             "idx" : 1,
[2026-01-29T20:04:04.709+0530] {subprocess.py:106} INFO -             "name" : "temperature_2m_min"
[2026-01-29T20:04:04.709+0530] {subprocess.py:106} INFO -           }, {
[2026-01-29T20:04:04.709+0530] {subprocess.py:106} INFO -             "idx" : 2,
[2026-01-29T20:04:04.710+0530] {subprocess.py:106} INFO -             "name" : "apparent_temperature_max"
[2026-01-29T20:04:04.710+0530] {subprocess.py:106} INFO -           }, {
[2026-01-29T20:04:04.710+0530] {subprocess.py:106} INFO -             "idx" : 3,
[2026-01-29T20:04:04.710+0530] {subprocess.py:106} INFO -             "name" : "apparent_temperature_min"
[2026-01-29T20:04:04.710+0530] {subprocess.py:106} INFO -           }, {
[2026-01-29T20:04:04.710+0530] {subprocess.py:106} INFO -             "idx" : 4,
[2026-01-29T20:04:04.710+0530] {subprocess.py:106} INFO -             "name" : "wind_speed_10m_max"
[2026-01-29T20:04:04.710+0530] {subprocess.py:106} INFO -           }, {
[2026-01-29T20:04:04.710+0530] {subprocess.py:106} INFO -             "idx" : 5,
[2026-01-29T20:04:04.711+0530] {subprocess.py:106} INFO -             "name" : "wind_gusts_10m_max"
[2026-01-29T20:04:04.711+0530] {subprocess.py:106} INFO -           }, {
[2026-01-29T20:04:04.711+0530] {subprocess.py:106} INFO -             "idx" : 6,
[2026-01-29T20:04:04.711+0530] {subprocess.py:106} INFO -             "name" : "rain_sum_log"
[2026-01-29T20:04:04.711+0530] {subprocess.py:106} INFO -           }, {
[2026-01-29T20:04:04.711+0530] {subprocess.py:106} INFO -             "idx" : 7,
[2026-01-29T20:04:04.711+0530] {subprocess.py:106} INFO -             "name" : "temp_lag_1"
[2026-01-29T20:04:04.711+0530] {subprocess.py:106} INFO -           }, {
[2026-01-29T20:04:04.711+0530] {subprocess.py:106} INFO -             "idx" : 8,
[2026-01-29T20:04:04.712+0530] {subprocess.py:106} INFO -             "name" : "temp_lag_2"
[2026-01-29T20:04:04.712+0530] {subprocess.py:106} INFO -           }, {
[2026-01-29T20:04:04.712+0530] {subprocess.py:106} INFO -             "idx" : 9,
[2026-01-29T20:04:04.712+0530] {subprocess.py:106} INFO -             "name" : "temp_rolling_3"
[2026-01-29T20:04:04.712+0530] {subprocess.py:106} INFO -           } ]
[2026-01-29T20:04:04.712+0530] {subprocess.py:106} INFO -         },
[2026-01-29T20:04:04.712+0530] {subprocess.py:106} INFO -         "num_attrs" : 10
[2026-01-29T20:04:04.712+0530] {subprocess.py:106} INFO -       }
[2026-01-29T20:04:04.712+0530] {subprocess.py:106} INFO -     }
[2026-01-29T20:04:04.713+0530] {subprocess.py:106} INFO -   }, {
[2026-01-29T20:04:04.713+0530] {subprocess.py:106} INFO -     "name" : "scaled_features",
[2026-01-29T20:04:04.713+0530] {subprocess.py:106} INFO -     "type" : {
[2026-01-29T20:04:04.713+0530] {subprocess.py:106} INFO -       "type" : "udt",
[2026-01-29T20:04:04.713+0530] {subprocess.py:106} INFO -       "class" : "org.apache.spark.ml.linalg.VectorUDT",
[2026-01-29T20:04:04.713+0530] {subprocess.py:106} INFO -       "pyClass" : "pyspark.ml.linalg.VectorUDT",
[2026-01-29T20:04:04.713+0530] {subprocess.py:106} INFO -       "sqlType" : {
[2026-01-29T20:04:04.713+0530] {subprocess.py:106} INFO -         "type" : "struct",
[2026-01-29T20:04:04.714+0530] {subprocess.py:106} INFO -         "fields" : [ {
[2026-01-29T20:04:04.714+0530] {subprocess.py:106} INFO -           "name" : "type",
[2026-01-29T20:04:04.714+0530] {subprocess.py:106} INFO -           "type" : "byte",
[2026-01-29T20:04:04.714+0530] {subprocess.py:106} INFO -           "nullable" : false,
[2026-01-29T20:04:04.714+0530] {subprocess.py:106} INFO -           "metadata" : { }
[2026-01-29T20:04:04.714+0530] {subprocess.py:106} INFO -         }, {
[2026-01-29T20:04:04.714+0530] {subprocess.py:106} INFO -           "name" : "size",
[2026-01-29T20:04:04.714+0530] {subprocess.py:106} INFO -           "type" : "integer",
[2026-01-29T20:04:04.714+0530] {subprocess.py:106} INFO -           "nullable" : true,
[2026-01-29T20:04:04.714+0530] {subprocess.py:106} INFO -           "metadata" : { }
[2026-01-29T20:04:04.715+0530] {subprocess.py:106} INFO -         }, {
[2026-01-29T20:04:04.715+0530] {subprocess.py:106} INFO -           "name" : "indices",
[2026-01-29T20:04:04.715+0530] {subprocess.py:106} INFO -           "type" : {
[2026-01-29T20:04:04.715+0530] {subprocess.py:106} INFO -             "type" : "array",
[2026-01-29T20:04:04.715+0530] {subprocess.py:106} INFO -             "elementType" : "integer",
[2026-01-29T20:04:04.715+0530] {subprocess.py:106} INFO -             "containsNull" : false
[2026-01-29T20:04:04.715+0530] {subprocess.py:106} INFO -           },
[2026-01-29T20:04:04.715+0530] {subprocess.py:106} INFO -           "nullable" : true,
[2026-01-29T20:04:04.715+0530] {subprocess.py:106} INFO -           "metadata" : { }
[2026-01-29T20:04:04.716+0530] {subprocess.py:106} INFO -         }, {
[2026-01-29T20:04:04.716+0530] {subprocess.py:106} INFO -           "name" : "values",
[2026-01-29T20:04:04.716+0530] {subprocess.py:106} INFO -           "type" : {
[2026-01-29T20:04:04.716+0530] {subprocess.py:106} INFO -             "type" : "array",
[2026-01-29T20:04:04.716+0530] {subprocess.py:106} INFO -             "elementType" : "double",
[2026-01-29T20:04:04.716+0530] {subprocess.py:106} INFO -             "containsNull" : false
[2026-01-29T20:04:04.716+0530] {subprocess.py:106} INFO -           },
[2026-01-29T20:04:04.716+0530] {subprocess.py:106} INFO -           "nullable" : true,
[2026-01-29T20:04:04.716+0530] {subprocess.py:106} INFO -           "metadata" : { }
[2026-01-29T20:04:04.717+0530] {subprocess.py:106} INFO -         } ]
[2026-01-29T20:04:04.717+0530] {subprocess.py:106} INFO -       }
[2026-01-29T20:04:04.717+0530] {subprocess.py:106} INFO -     },
[2026-01-29T20:04:04.717+0530] {subprocess.py:106} INFO -     "nullable" : true,
[2026-01-29T20:04:04.717+0530] {subprocess.py:106} INFO -     "metadata" : {
[2026-01-29T20:04:04.717+0530] {subprocess.py:106} INFO -       "ml_attr" : {
[2026-01-29T20:04:04.718+0530] {subprocess.py:106} INFO -         "num_attrs" : 10
[2026-01-29T20:04:04.718+0530] {subprocess.py:106} INFO -       }
[2026-01-29T20:04:04.718+0530] {subprocess.py:106} INFO -     }
[2026-01-29T20:04:04.718+0530] {subprocess.py:106} INFO -   } ]
[2026-01-29T20:04:04.718+0530] {subprocess.py:106} INFO - }
[2026-01-29T20:04:04.718+0530] {subprocess.py:106} INFO - and corresponding Parquet message type:
[2026-01-29T20:04:04.718+0530] {subprocess.py:106} INFO - message spark_schema {
[2026-01-29T20:04:04.719+0530] {subprocess.py:106} INFO -   optional binary city (STRING);
[2026-01-29T20:04:04.719+0530] {subprocess.py:106} INFO -   optional int32 date (DATE);
[2026-01-29T20:04:04.719+0530] {subprocess.py:106} INFO -   optional double temperature_2m_max;
[2026-01-29T20:04:04.719+0530] {subprocess.py:106} INFO -   optional double temperature_2m_min;
[2026-01-29T20:04:04.719+0530] {subprocess.py:106} INFO -   optional double apparent_temperature_max;
[2026-01-29T20:04:04.719+0530] {subprocess.py:106} INFO -   optional double apparent_temperature_min;
[2026-01-29T20:04:04.720+0530] {subprocess.py:106} INFO -   optional double precipitation_sum;
[2026-01-29T20:04:04.720+0530] {subprocess.py:106} INFO -   optional double rain_sum;
[2026-01-29T20:04:04.720+0530] {subprocess.py:106} INFO -   optional int32 weather_code;
[2026-01-29T20:04:04.720+0530] {subprocess.py:106} INFO -   optional double wind_speed_10m_max;
[2026-01-29T20:04:04.720+0530] {subprocess.py:106} INFO -   optional double wind_gusts_10m_max;
[2026-01-29T20:04:04.720+0530] {subprocess.py:106} INFO -   optional int32 wind_direction_10m_dominant;
[2026-01-29T20:04:04.721+0530] {subprocess.py:106} INFO -   required double city_index;
[2026-01-29T20:04:04.721+0530] {subprocess.py:106} INFO -   optional group city_vector {
[2026-01-29T20:04:04.721+0530] {subprocess.py:106} INFO -     required int32 type (INTEGER(8,true));
[2026-01-29T20:04:04.721+0530] {subprocess.py:106} INFO -     optional int32 size;
[2026-01-29T20:04:04.721+0530] {subprocess.py:106} INFO -     optional group indices (LIST) {
[2026-01-29T20:04:04.721+0530] {subprocess.py:106} INFO -       repeated group list {
[2026-01-29T20:04:04.722+0530] {subprocess.py:106} INFO -         required int32 element;
[2026-01-29T20:04:04.722+0530] {subprocess.py:106} INFO -       }
[2026-01-29T20:04:04.722+0530] {subprocess.py:106} INFO -     }
[2026-01-29T20:04:04.722+0530] {subprocess.py:106} INFO -     optional group values (LIST) {
[2026-01-29T20:04:04.722+0530] {subprocess.py:106} INFO -       repeated group list {
[2026-01-29T20:04:04.723+0530] {subprocess.py:106} INFO -         required double element;
[2026-01-29T20:04:04.723+0530] {subprocess.py:106} INFO -       }
[2026-01-29T20:04:04.723+0530] {subprocess.py:106} INFO -     }
[2026-01-29T20:04:04.723+0530] {subprocess.py:106} INFO -   }
[2026-01-29T20:04:04.723+0530] {subprocess.py:106} INFO -   optional double rain_sum_log;
[2026-01-29T20:04:04.723+0530] {subprocess.py:106} INFO -   optional double precipitation_sum_log;
[2026-01-29T20:04:04.724+0530] {subprocess.py:106} INFO -   optional int32 day;
[2026-01-29T20:04:04.724+0530] {subprocess.py:106} INFO -   optional int32 month;
[2026-01-29T20:04:04.724+0530] {subprocess.py:106} INFO -   optional int32 day_of_week;
[2026-01-29T20:04:04.724+0530] {subprocess.py:106} INFO -   optional int32 year;
[2026-01-29T20:04:04.724+0530] {subprocess.py:106} INFO -   optional double temp_lag_1;
[2026-01-29T20:04:04.725+0530] {subprocess.py:106} INFO -   optional double temp_lag_2;
[2026-01-29T20:04:04.725+0530] {subprocess.py:106} INFO -   optional double temp_rolling_3;
[2026-01-29T20:04:04.725+0530] {subprocess.py:106} INFO -   optional group features {
[2026-01-29T20:04:04.725+0530] {subprocess.py:106} INFO -     required int32 type (INTEGER(8,true));
[2026-01-29T20:04:04.725+0530] {subprocess.py:106} INFO -     optional int32 size;
[2026-01-29T20:04:04.725+0530] {subprocess.py:106} INFO -     optional group indices (LIST) {
[2026-01-29T20:04:04.726+0530] {subprocess.py:106} INFO -       repeated group list {
[2026-01-29T20:04:04.726+0530] {subprocess.py:106} INFO -         required int32 element;
[2026-01-29T20:04:04.726+0530] {subprocess.py:106} INFO -       }
[2026-01-29T20:04:04.726+0530] {subprocess.py:106} INFO -     }
[2026-01-29T20:04:04.726+0530] {subprocess.py:106} INFO -     optional group values (LIST) {
[2026-01-29T20:04:04.727+0530] {subprocess.py:106} INFO -       repeated group list {
[2026-01-29T20:04:04.727+0530] {subprocess.py:106} INFO -         required double element;
[2026-01-29T20:04:04.727+0530] {subprocess.py:106} INFO -       }
[2026-01-29T20:04:04.727+0530] {subprocess.py:106} INFO -     }
[2026-01-29T20:04:04.727+0530] {subprocess.py:106} INFO -   }
[2026-01-29T20:04:04.727+0530] {subprocess.py:106} INFO -   optional group scaled_features {
[2026-01-29T20:04:04.728+0530] {subprocess.py:106} INFO -     required int32 type (INTEGER(8,true));
[2026-01-29T20:04:04.728+0530] {subprocess.py:106} INFO -     optional int32 size;
[2026-01-29T20:04:04.728+0530] {subprocess.py:106} INFO -     optional group indices (LIST) {
[2026-01-29T20:04:04.728+0530] {subprocess.py:106} INFO -       repeated group list {
[2026-01-29T20:04:04.728+0530] {subprocess.py:106} INFO -         required int32 element;
[2026-01-29T20:04:04.728+0530] {subprocess.py:106} INFO -       }
[2026-01-29T20:04:04.729+0530] {subprocess.py:106} INFO -     }
[2026-01-29T20:04:04.729+0530] {subprocess.py:106} INFO -     optional group values (LIST) {
[2026-01-29T20:04:04.729+0530] {subprocess.py:106} INFO -       repeated group list {
[2026-01-29T20:04:04.729+0530] {subprocess.py:106} INFO -         required double element;
[2026-01-29T20:04:04.729+0530] {subprocess.py:106} INFO -       }
[2026-01-29T20:04:04.729+0530] {subprocess.py:106} INFO -     }
[2026-01-29T20:04:04.730+0530] {subprocess.py:106} INFO -   }
[2026-01-29T20:04:04.730+0530] {subprocess.py:106} INFO - }
[2026-01-29T20:04:04.730+0530] {subprocess.py:106} INFO - 
[2026-01-29T20:04:04.730+0530] {subprocess.py:106} INFO - 
[2026-01-29T20:04:04.730+0530] {subprocess.py:106} INFO - 26/01/29 20:04:04 INFO ParquetWriteSupport: Initialized Parquet WriteSupport with Catalyst schema:
[2026-01-29T20:04:04.730+0530] {subprocess.py:106} INFO - {
[2026-01-29T20:04:04.731+0530] {subprocess.py:106} INFO -   "type" : "struct",
[2026-01-29T20:04:04.731+0530] {subprocess.py:106} INFO -   "fields" : [ {
[2026-01-29T20:04:04.731+0530] {subprocess.py:106} INFO -     "name" : "city",
[2026-01-29T20:04:04.731+0530] {subprocess.py:106} INFO -     "type" : "string",
[2026-01-29T20:04:04.731+0530] {subprocess.py:106} INFO -     "nullable" : true,
[2026-01-29T20:04:04.731+0530] {subprocess.py:106} INFO -     "metadata" : { }
[2026-01-29T20:04:04.732+0530] {subprocess.py:106} INFO -   }, {
[2026-01-29T20:04:04.732+0530] {subprocess.py:106} INFO -     "name" : "date",
[2026-01-29T20:04:04.732+0530] {subprocess.py:106} INFO -     "type" : "date",
[2026-01-29T20:04:04.732+0530] {subprocess.py:106} INFO -     "nullable" : true,
[2026-01-29T20:04:04.732+0530] {subprocess.py:106} INFO -     "metadata" : { }
[2026-01-29T20:04:04.732+0530] {subprocess.py:106} INFO -   }, {
[2026-01-29T20:04:04.733+0530] {subprocess.py:106} INFO -     "name" : "temperature_2m_max",
[2026-01-29T20:04:04.733+0530] {subprocess.py:106} INFO -     "type" : "double",
[2026-01-29T20:04:04.733+0530] {subprocess.py:106} INFO -     "nullable" : true,
[2026-01-29T20:04:04.733+0530] {subprocess.py:106} INFO -     "metadata" : { }
[2026-01-29T20:04:04.733+0530] {subprocess.py:106} INFO -   }, {
[2026-01-29T20:04:04.733+0530] {subprocess.py:106} INFO -     "name" : "temperature_2m_min",
[2026-01-29T20:04:04.734+0530] {subprocess.py:106} INFO -     "type" : "double",
[2026-01-29T20:04:04.734+0530] {subprocess.py:106} INFO -     "nullable" : true,
[2026-01-29T20:04:04.734+0530] {subprocess.py:106} INFO -     "metadata" : { }
[2026-01-29T20:04:04.734+0530] {subprocess.py:106} INFO -   }, {
[2026-01-29T20:04:04.734+0530] {subprocess.py:106} INFO -     "name" : "apparent_temperature_max",
[2026-01-29T20:04:04.735+0530] {subprocess.py:106} INFO -     "type" : "double",
[2026-01-29T20:04:04.735+0530] {subprocess.py:106} INFO -     "nullable" : true,
[2026-01-29T20:04:04.735+0530] {subprocess.py:106} INFO -     "metadata" : { }
[2026-01-29T20:04:04.735+0530] {subprocess.py:106} INFO -   }, {
[2026-01-29T20:04:04.735+0530] {subprocess.py:106} INFO -     "name" : "apparent_temperature_min",
[2026-01-29T20:04:04.735+0530] {subprocess.py:106} INFO -     "type" : "double",
[2026-01-29T20:04:04.736+0530] {subprocess.py:106} INFO -     "nullable" : true,
[2026-01-29T20:04:04.736+0530] {subprocess.py:106} INFO -     "metadata" : { }
[2026-01-29T20:04:04.736+0530] {subprocess.py:106} INFO -   }, {
[2026-01-29T20:04:04.736+0530] {subprocess.py:106} INFO -     "name" : "precipitation_sum",
[2026-01-29T20:04:04.736+0530] {subprocess.py:106} INFO -     "type" : "double",
[2026-01-29T20:04:04.736+0530] {subprocess.py:106} INFO -     "nullable" : true,
[2026-01-29T20:04:04.737+0530] {subprocess.py:106} INFO -     "metadata" : { }
[2026-01-29T20:04:04.737+0530] {subprocess.py:106} INFO -   }, {
[2026-01-29T20:04:04.737+0530] {subprocess.py:106} INFO -     "name" : "rain_sum",
[2026-01-29T20:04:04.737+0530] {subprocess.py:106} INFO -     "type" : "double",
[2026-01-29T20:04:04.737+0530] {subprocess.py:106} INFO -     "nullable" : true,
[2026-01-29T20:04:04.737+0530] {subprocess.py:106} INFO -     "metadata" : { }
[2026-01-29T20:04:04.737+0530] {subprocess.py:106} INFO -   }, {
[2026-01-29T20:04:04.738+0530] {subprocess.py:106} INFO -     "name" : "weather_code",
[2026-01-29T20:04:04.738+0530] {subprocess.py:106} INFO -     "type" : "integer",
[2026-01-29T20:04:04.738+0530] {subprocess.py:106} INFO -     "nullable" : true,
[2026-01-29T20:04:04.738+0530] {subprocess.py:106} INFO -     "metadata" : { }
[2026-01-29T20:04:04.738+0530] {subprocess.py:106} INFO -   }, {
[2026-01-29T20:04:04.738+0530] {subprocess.py:106} INFO -     "name" : "wind_speed_10m_max",
[2026-01-29T20:04:04.738+0530] {subprocess.py:106} INFO -     "type" : "double",
[2026-01-29T20:04:04.738+0530] {subprocess.py:106} INFO -     "nullable" : true,
[2026-01-29T20:04:04.738+0530] {subprocess.py:106} INFO -     "metadata" : { }
[2026-01-29T20:04:04.739+0530] {subprocess.py:106} INFO -   }, {
[2026-01-29T20:04:04.739+0530] {subprocess.py:106} INFO -     "name" : "wind_gusts_10m_max",
[2026-01-29T20:04:04.739+0530] {subprocess.py:106} INFO -     "type" : "double",
[2026-01-29T20:04:04.739+0530] {subprocess.py:106} INFO -     "nullable" : true,
[2026-01-29T20:04:04.739+0530] {subprocess.py:106} INFO -     "metadata" : { }
[2026-01-29T20:04:04.739+0530] {subprocess.py:106} INFO -   }, {
[2026-01-29T20:04:04.739+0530] {subprocess.py:106} INFO -     "name" : "wind_direction_10m_dominant",
[2026-01-29T20:04:04.739+0530] {subprocess.py:106} INFO -     "type" : "integer",
[2026-01-29T20:04:04.740+0530] {subprocess.py:106} INFO -     "nullable" : true,
[2026-01-29T20:04:04.740+0530] {subprocess.py:106} INFO -     "metadata" : { }
[2026-01-29T20:04:04.740+0530] {subprocess.py:106} INFO -   }, {
[2026-01-29T20:04:04.740+0530] {subprocess.py:106} INFO -     "name" : "city_index",
[2026-01-29T20:04:04.740+0530] {subprocess.py:106} INFO -     "type" : "double",
[2026-01-29T20:04:04.740+0530] {subprocess.py:106} INFO -     "nullable" : false,
[2026-01-29T20:04:04.740+0530] {subprocess.py:106} INFO -     "metadata" : {
[2026-01-29T20:04:04.740+0530] {subprocess.py:106} INFO -       "ml_attr" : {
[2026-01-29T20:04:04.740+0530] {subprocess.py:106} INFO -         "type" : "nominal",
[2026-01-29T20:04:04.741+0530] {subprocess.py:106} INFO -         "vals" : [ "Ahmedabad", "Bangalore", "Chennai", "Delhi", "Hyderabad", "Jaipur", "Kolkata", "Lucknow", "Mumbai", "Pune", "__unknown" ],
[2026-01-29T20:04:04.741+0530] {subprocess.py:106} INFO -         "name" : "city_index"
[2026-01-29T20:04:04.741+0530] {subprocess.py:106} INFO -       }
[2026-01-29T20:04:04.741+0530] {subprocess.py:106} INFO -     }
[2026-01-29T20:04:04.741+0530] {subprocess.py:106} INFO -   }, {
[2026-01-29T20:04:04.741+0530] {subprocess.py:106} INFO -     "name" : "city_vector",
[2026-01-29T20:04:04.741+0530] {subprocess.py:106} INFO -     "type" : {
[2026-01-29T20:04:04.741+0530] {subprocess.py:106} INFO -       "type" : "udt",
[2026-01-29T20:04:04.742+0530] {subprocess.py:106} INFO -       "class" : "org.apache.spark.ml.linalg.VectorUDT",
[2026-01-29T20:04:04.742+0530] {subprocess.py:106} INFO -       "pyClass" : "pyspark.ml.linalg.VectorUDT",
[2026-01-29T20:04:04.742+0530] {subprocess.py:106} INFO -       "sqlType" : {
[2026-01-29T20:04:04.742+0530] {subprocess.py:106} INFO -         "type" : "struct",
[2026-01-29T20:04:04.742+0530] {subprocess.py:106} INFO -         "fields" : [ {
[2026-01-29T20:04:04.742+0530] {subprocess.py:106} INFO -           "name" : "type",
[2026-01-29T20:04:04.742+0530] {subprocess.py:106} INFO -           "type" : "byte",
[2026-01-29T20:04:04.742+0530] {subprocess.py:106} INFO -           "nullable" : false,
[2026-01-29T20:04:04.742+0530] {subprocess.py:106} INFO -           "metadata" : { }
[2026-01-29T20:04:04.743+0530] {subprocess.py:106} INFO -         }, {
[2026-01-29T20:04:04.743+0530] {subprocess.py:106} INFO -           "name" : "size",
[2026-01-29T20:04:04.743+0530] {subprocess.py:106} INFO -           "type" : "integer",
[2026-01-29T20:04:04.743+0530] {subprocess.py:106} INFO -           "nullable" : true,
[2026-01-29T20:04:04.743+0530] {subprocess.py:106} INFO -           "metadata" : { }
[2026-01-29T20:04:04.743+0530] {subprocess.py:106} INFO -         }, {
[2026-01-29T20:04:04.743+0530] {subprocess.py:106} INFO -           "name" : "indices",
[2026-01-29T20:04:04.743+0530] {subprocess.py:106} INFO -           "type" : {
[2026-01-29T20:04:04.743+0530] {subprocess.py:106} INFO -             "type" : "array",
[2026-01-29T20:04:04.744+0530] {subprocess.py:106} INFO -             "elementType" : "integer",
[2026-01-29T20:04:04.744+0530] {subprocess.py:106} INFO -             "containsNull" : false
[2026-01-29T20:04:04.744+0530] {subprocess.py:106} INFO -           },
[2026-01-29T20:04:04.744+0530] {subprocess.py:106} INFO -           "nullable" : true,
[2026-01-29T20:04:04.744+0530] {subprocess.py:106} INFO -           "metadata" : { }
[2026-01-29T20:04:04.744+0530] {subprocess.py:106} INFO -         }, {
[2026-01-29T20:04:04.744+0530] {subprocess.py:106} INFO -           "name" : "values",
[2026-01-29T20:04:04.744+0530] {subprocess.py:106} INFO -           "type" : {
[2026-01-29T20:04:04.744+0530] {subprocess.py:106} INFO -             "type" : "array",
[2026-01-29T20:04:04.745+0530] {subprocess.py:106} INFO -             "elementType" : "double",
[2026-01-29T20:04:04.745+0530] {subprocess.py:106} INFO -             "containsNull" : false
[2026-01-29T20:04:04.745+0530] {subprocess.py:106} INFO -           },
[2026-01-29T20:04:04.745+0530] {subprocess.py:106} INFO -           "nullable" : true,
[2026-01-29T20:04:04.745+0530] {subprocess.py:106} INFO -           "metadata" : { }
[2026-01-29T20:04:04.745+0530] {subprocess.py:106} INFO -         } ]
[2026-01-29T20:04:04.745+0530] {subprocess.py:106} INFO -       }
[2026-01-29T20:04:04.745+0530] {subprocess.py:106} INFO -     },
[2026-01-29T20:04:04.745+0530] {subprocess.py:106} INFO -     "nullable" : true,
[2026-01-29T20:04:04.745+0530] {subprocess.py:106} INFO -     "metadata" : {
[2026-01-29T20:04:04.746+0530] {subprocess.py:106} INFO -       "ml_attr" : {
[2026-01-29T20:04:04.746+0530] {subprocess.py:106} INFO -         "attrs" : {
[2026-01-29T20:04:04.746+0530] {subprocess.py:106} INFO -           "binary" : [ {
[2026-01-29T20:04:04.746+0530] {subprocess.py:106} INFO -             "idx" : 0,
[2026-01-29T20:04:04.746+0530] {subprocess.py:106} INFO -             "name" : "Ahmedabad"
[2026-01-29T20:04:04.746+0530] {subprocess.py:106} INFO -           }, {
[2026-01-29T20:04:04.746+0530] {subprocess.py:106} INFO -             "idx" : 1,
[2026-01-29T20:04:04.746+0530] {subprocess.py:106} INFO -             "name" : "Bangalore"
[2026-01-29T20:04:04.746+0530] {subprocess.py:106} INFO -           }, {
[2026-01-29T20:04:04.747+0530] {subprocess.py:106} INFO -             "idx" : 2,
[2026-01-29T20:04:04.747+0530] {subprocess.py:106} INFO -             "name" : "Chennai"
[2026-01-29T20:04:04.747+0530] {subprocess.py:106} INFO -           }, {
[2026-01-29T20:04:04.747+0530] {subprocess.py:106} INFO -             "idx" : 3,
[2026-01-29T20:04:04.747+0530] {subprocess.py:106} INFO -             "name" : "Delhi"
[2026-01-29T20:04:04.747+0530] {subprocess.py:106} INFO -           }, {
[2026-01-29T20:04:04.747+0530] {subprocess.py:106} INFO -             "idx" : 4,
[2026-01-29T20:04:04.747+0530] {subprocess.py:106} INFO -             "name" : "Hyderabad"
[2026-01-29T20:04:04.747+0530] {subprocess.py:106} INFO -           }, {
[2026-01-29T20:04:04.748+0530] {subprocess.py:106} INFO -             "idx" : 5,
[2026-01-29T20:04:04.748+0530] {subprocess.py:106} INFO -             "name" : "Jaipur"
[2026-01-29T20:04:04.748+0530] {subprocess.py:106} INFO -           }, {
[2026-01-29T20:04:04.748+0530] {subprocess.py:106} INFO -             "idx" : 6,
[2026-01-29T20:04:04.748+0530] {subprocess.py:106} INFO -             "name" : "Kolkata"
[2026-01-29T20:04:04.748+0530] {subprocess.py:106} INFO -           }, {
[2026-01-29T20:04:04.748+0530] {subprocess.py:106} INFO -             "idx" : 7,
[2026-01-29T20:04:04.748+0530] {subprocess.py:106} INFO -             "name" : "Lucknow"
[2026-01-29T20:04:04.748+0530] {subprocess.py:106} INFO -           }, {
[2026-01-29T20:04:04.748+0530] {subprocess.py:106} INFO -             "idx" : 8,
[2026-01-29T20:04:04.749+0530] {subprocess.py:106} INFO -             "name" : "Mumbai"
[2026-01-29T20:04:04.749+0530] {subprocess.py:106} INFO -           }, {
[2026-01-29T20:04:04.749+0530] {subprocess.py:106} INFO -             "idx" : 9,
[2026-01-29T20:04:04.749+0530] {subprocess.py:106} INFO -             "name" : "Pune"
[2026-01-29T20:04:04.749+0530] {subprocess.py:106} INFO -           } ]
[2026-01-29T20:04:04.749+0530] {subprocess.py:106} INFO -         },
[2026-01-29T20:04:04.749+0530] {subprocess.py:106} INFO -         "num_attrs" : 10
[2026-01-29T20:04:04.749+0530] {subprocess.py:106} INFO -       }
[2026-01-29T20:04:04.749+0530] {subprocess.py:106} INFO -     }
[2026-01-29T20:04:04.749+0530] {subprocess.py:106} INFO -   }, {
[2026-01-29T20:04:04.750+0530] {subprocess.py:106} INFO -     "name" : "rain_sum_log",
[2026-01-29T20:04:04.750+0530] {subprocess.py:106} INFO -     "type" : "double",
[2026-01-29T20:04:04.750+0530] {subprocess.py:106} INFO -     "nullable" : true,
[2026-01-29T20:04:04.750+0530] {subprocess.py:106} INFO -     "metadata" : { }
[2026-01-29T20:04:04.750+0530] {subprocess.py:106} INFO -   }, {
[2026-01-29T20:04:04.750+0530] {subprocess.py:106} INFO -     "name" : "precipitation_sum_log",
[2026-01-29T20:04:04.750+0530] {subprocess.py:106} INFO -     "type" : "double",
[2026-01-29T20:04:04.750+0530] {subprocess.py:106} INFO -     "nullable" : true,
[2026-01-29T20:04:04.750+0530] {subprocess.py:106} INFO -     "metadata" : { }
[2026-01-29T20:04:04.751+0530] {subprocess.py:106} INFO -   }, {
[2026-01-29T20:04:04.751+0530] {subprocess.py:106} INFO -     "name" : "day",
[2026-01-29T20:04:04.751+0530] {subprocess.py:106} INFO -     "type" : "integer",
[2026-01-29T20:04:04.751+0530] {subprocess.py:106} INFO -     "nullable" : true,
[2026-01-29T20:04:04.751+0530] {subprocess.py:106} INFO -     "metadata" : { }
[2026-01-29T20:04:04.751+0530] {subprocess.py:106} INFO -   }, {
[2026-01-29T20:04:04.751+0530] {subprocess.py:106} INFO -     "name" : "month",
[2026-01-29T20:04:04.751+0530] {subprocess.py:106} INFO -     "type" : "integer",
[2026-01-29T20:04:04.752+0530] {subprocess.py:106} INFO -     "nullable" : true,
[2026-01-29T20:04:04.752+0530] {subprocess.py:106} INFO -     "metadata" : { }
[2026-01-29T20:04:04.752+0530] {subprocess.py:106} INFO -   }, {
[2026-01-29T20:04:04.752+0530] {subprocess.py:106} INFO -     "name" : "day_of_week",
[2026-01-29T20:04:04.752+0530] {subprocess.py:106} INFO -     "type" : "integer",
[2026-01-29T20:04:04.752+0530] {subprocess.py:106} INFO -     "nullable" : true,
[2026-01-29T20:04:04.752+0530] {subprocess.py:106} INFO -     "metadata" : { }
[2026-01-29T20:04:04.753+0530] {subprocess.py:106} INFO -   }, {
[2026-01-29T20:04:04.753+0530] {subprocess.py:106} INFO -     "name" : "year",
[2026-01-29T20:04:04.753+0530] {subprocess.py:106} INFO -     "type" : "integer",
[2026-01-29T20:04:04.753+0530] {subprocess.py:106} INFO -     "nullable" : true,
[2026-01-29T20:04:04.753+0530] {subprocess.py:106} INFO -     "metadata" : { }
[2026-01-29T20:04:04.753+0530] {subprocess.py:106} INFO -   }, {
[2026-01-29T20:04:04.753+0530] {subprocess.py:106} INFO -     "name" : "temp_lag_1",
[2026-01-29T20:04:04.753+0530] {subprocess.py:106} INFO -     "type" : "double",
[2026-01-29T20:04:04.754+0530] {subprocess.py:106} INFO -     "nullable" : true,
[2026-01-29T20:04:04.754+0530] {subprocess.py:106} INFO -     "metadata" : { }
[2026-01-29T20:04:04.754+0530] {subprocess.py:106} INFO -   }, {
[2026-01-29T20:04:04.754+0530] {subprocess.py:106} INFO -     "name" : "temp_lag_2",
[2026-01-29T20:04:04.754+0530] {subprocess.py:106} INFO -     "type" : "double",
[2026-01-29T20:04:04.754+0530] {subprocess.py:106} INFO -     "nullable" : true,
[2026-01-29T20:04:04.754+0530] {subprocess.py:106} INFO -     "metadata" : { }
[2026-01-29T20:04:04.754+0530] {subprocess.py:106} INFO -   }, {
[2026-01-29T20:04:04.754+0530] {subprocess.py:106} INFO -     "name" : "temp_rolling_3",
[2026-01-29T20:04:04.755+0530] {subprocess.py:106} INFO -     "type" : "double",
[2026-01-29T20:04:04.755+0530] {subprocess.py:106} INFO -     "nullable" : true,
[2026-01-29T20:04:04.755+0530] {subprocess.py:106} INFO -     "metadata" : { }
[2026-01-29T20:04:04.755+0530] {subprocess.py:106} INFO -   }, {
[2026-01-29T20:04:04.755+0530] {subprocess.py:106} INFO -     "name" : "features",
[2026-01-29T20:04:04.755+0530] {subprocess.py:106} INFO -     "type" : {
[2026-01-29T20:04:04.755+0530] {subprocess.py:106} INFO -       "type" : "udt",
[2026-01-29T20:04:04.755+0530] {subprocess.py:106} INFO -       "class" : "org.apache.spark.ml.linalg.VectorUDT",
[2026-01-29T20:04:04.756+0530] {subprocess.py:106} INFO -       "pyClass" : "pyspark.ml.linalg.VectorUDT",
[2026-01-29T20:04:04.756+0530] {subprocess.py:106} INFO -       "sqlType" : {
[2026-01-29T20:04:04.756+0530] {subprocess.py:106} INFO -         "type" : "struct",
[2026-01-29T20:04:04.756+0530] {subprocess.py:106} INFO -         "fields" : [ {
[2026-01-29T20:04:04.756+0530] {subprocess.py:106} INFO -           "name" : "type",
[2026-01-29T20:04:04.756+0530] {subprocess.py:106} INFO -           "type" : "byte",
[2026-01-29T20:04:04.756+0530] {subprocess.py:106} INFO -           "nullable" : false,
[2026-01-29T20:04:04.756+0530] {subprocess.py:106} INFO -           "metadata" : { }
[2026-01-29T20:04:04.756+0530] {subprocess.py:106} INFO -         }, {
[2026-01-29T20:04:04.757+0530] {subprocess.py:106} INFO -           "name" : "size",
[2026-01-29T20:04:04.757+0530] {subprocess.py:106} INFO -           "type" : "integer",
[2026-01-29T20:04:04.757+0530] {subprocess.py:106} INFO -           "nullable" : true,
[2026-01-29T20:04:04.757+0530] {subprocess.py:106} INFO -           "metadata" : { }
[2026-01-29T20:04:04.757+0530] {subprocess.py:106} INFO -         }, {
[2026-01-29T20:04:04.757+0530] {subprocess.py:106} INFO -           "name" : "indices",
[2026-01-29T20:04:04.757+0530] {subprocess.py:106} INFO -           "type" : {
[2026-01-29T20:04:04.757+0530] {subprocess.py:106} INFO -             "type" : "array",
[2026-01-29T20:04:04.757+0530] {subprocess.py:106} INFO -             "elementType" : "integer",
[2026-01-29T20:04:04.757+0530] {subprocess.py:106} INFO -             "containsNull" : false
[2026-01-29T20:04:04.758+0530] {subprocess.py:106} INFO -           },
[2026-01-29T20:04:04.758+0530] {subprocess.py:106} INFO -           "nullable" : true,
[2026-01-29T20:04:04.758+0530] {subprocess.py:106} INFO -           "metadata" : { }
[2026-01-29T20:04:04.758+0530] {subprocess.py:106} INFO -         }, {
[2026-01-29T20:04:04.758+0530] {subprocess.py:106} INFO -           "name" : "values",
[2026-01-29T20:04:04.758+0530] {subprocess.py:106} INFO -           "type" : {
[2026-01-29T20:04:04.758+0530] {subprocess.py:106} INFO -             "type" : "array",
[2026-01-29T20:04:04.758+0530] {subprocess.py:106} INFO -             "elementType" : "double",
[2026-01-29T20:04:04.758+0530] {subprocess.py:106} INFO -             "containsNull" : false
[2026-01-29T20:04:04.759+0530] {subprocess.py:106} INFO -           },
[2026-01-29T20:04:04.759+0530] {subprocess.py:106} INFO -           "nullable" : true,
[2026-01-29T20:04:04.759+0530] {subprocess.py:106} INFO -           "metadata" : { }
[2026-01-29T20:04:04.759+0530] {subprocess.py:106} INFO -         } ]
[2026-01-29T20:04:04.759+0530] {subprocess.py:106} INFO -       }
[2026-01-29T20:04:04.759+0530] {subprocess.py:106} INFO -     },
[2026-01-29T20:04:04.759+0530] {subprocess.py:106} INFO -     "nullable" : true,
[2026-01-29T20:04:04.759+0530] {subprocess.py:106} INFO -     "metadata" : {
[2026-01-29T20:04:04.759+0530] {subprocess.py:106} INFO -       "ml_attr" : {
[2026-01-29T20:04:04.759+0530] {subprocess.py:106} INFO -         "attrs" : {
[2026-01-29T20:04:04.760+0530] {subprocess.py:106} INFO -           "numeric" : [ {
[2026-01-29T20:04:04.760+0530] {subprocess.py:106} INFO -             "idx" : 0,
[2026-01-29T20:04:04.760+0530] {subprocess.py:106} INFO -             "name" : "temperature_2m_max"
[2026-01-29T20:04:04.760+0530] {subprocess.py:106} INFO -           }, {
[2026-01-29T20:04:04.760+0530] {subprocess.py:106} INFO -             "idx" : 1,
[2026-01-29T20:04:04.760+0530] {subprocess.py:106} INFO -             "name" : "temperature_2m_min"
[2026-01-29T20:04:04.760+0530] {subprocess.py:106} INFO -           }, {
[2026-01-29T20:04:04.760+0530] {subprocess.py:106} INFO -             "idx" : 2,
[2026-01-29T20:04:04.760+0530] {subprocess.py:106} INFO -             "name" : "apparent_temperature_max"
[2026-01-29T20:04:04.761+0530] {subprocess.py:106} INFO -           }, {
[2026-01-29T20:04:04.761+0530] {subprocess.py:106} INFO -             "idx" : 3,
[2026-01-29T20:04:04.761+0530] {subprocess.py:106} INFO -             "name" : "apparent_temperature_min"
[2026-01-29T20:04:04.761+0530] {subprocess.py:106} INFO -           }, {
[2026-01-29T20:04:04.761+0530] {subprocess.py:106} INFO -             "idx" : 4,
[2026-01-29T20:04:04.761+0530] {subprocess.py:106} INFO -             "name" : "wind_speed_10m_max"
[2026-01-29T20:04:04.761+0530] {subprocess.py:106} INFO -           }, {
[2026-01-29T20:04:04.761+0530] {subprocess.py:106} INFO -             "idx" : 5,
[2026-01-29T20:04:04.761+0530] {subprocess.py:106} INFO -             "name" : "wind_gusts_10m_max"
[2026-01-29T20:04:04.762+0530] {subprocess.py:106} INFO -           }, {
[2026-01-29T20:04:04.762+0530] {subprocess.py:106} INFO -             "idx" : 6,
[2026-01-29T20:04:04.762+0530] {subprocess.py:106} INFO -             "name" : "rain_sum_log"
[2026-01-29T20:04:04.762+0530] {subprocess.py:106} INFO -           }, {
[2026-01-29T20:04:04.762+0530] {subprocess.py:106} INFO -             "idx" : 7,
[2026-01-29T20:04:04.762+0530] {subprocess.py:106} INFO -             "name" : "temp_lag_1"
[2026-01-29T20:04:04.762+0530] {subprocess.py:106} INFO -           }, {
[2026-01-29T20:04:04.762+0530] {subprocess.py:106} INFO -             "idx" : 8,
[2026-01-29T20:04:04.763+0530] {subprocess.py:106} INFO -             "name" : "temp_lag_2"
[2026-01-29T20:04:04.763+0530] {subprocess.py:106} INFO -           }, {
[2026-01-29T20:04:04.763+0530] {subprocess.py:106} INFO -             "idx" : 9,
[2026-01-29T20:04:04.763+0530] {subprocess.py:106} INFO -             "name" : "temp_rolling_3"
[2026-01-29T20:04:04.763+0530] {subprocess.py:106} INFO -           } ]
[2026-01-29T20:04:04.763+0530] {subprocess.py:106} INFO -         },
[2026-01-29T20:04:04.763+0530] {subprocess.py:106} INFO -         "num_attrs" : 10
[2026-01-29T20:04:04.763+0530] {subprocess.py:106} INFO -       }
[2026-01-29T20:04:04.763+0530] {subprocess.py:106} INFO -     }
[2026-01-29T20:04:04.764+0530] {subprocess.py:106} INFO -   }, {
[2026-01-29T20:04:04.764+0530] {subprocess.py:106} INFO -     "name" : "scaled_features",
[2026-01-29T20:04:04.764+0530] {subprocess.py:106} INFO -     "type" : {
[2026-01-29T20:04:04.764+0530] {subprocess.py:106} INFO -       "type" : "udt",
[2026-01-29T20:04:04.764+0530] {subprocess.py:106} INFO -       "class" : "org.apache.spark.ml.linalg.VectorUDT",
[2026-01-29T20:04:04.764+0530] {subprocess.py:106} INFO -       "pyClass" : "pyspark.ml.linalg.VectorUDT",
[2026-01-29T20:04:04.764+0530] {subprocess.py:106} INFO -       "sqlType" : {
[2026-01-29T20:04:04.764+0530] {subprocess.py:106} INFO -         "type" : "struct",
[2026-01-29T20:04:04.764+0530] {subprocess.py:106} INFO -         "fields" : [ {
[2026-01-29T20:04:04.765+0530] {subprocess.py:106} INFO -           "name" : "type",
[2026-01-29T20:04:04.765+0530] {subprocess.py:106} INFO -           "type" : "byte",
[2026-01-29T20:04:04.765+0530] {subprocess.py:106} INFO -           "nullable" : false,
[2026-01-29T20:04:04.765+0530] {subprocess.py:106} INFO -           "metadata" : { }
[2026-01-29T20:04:04.765+0530] {subprocess.py:106} INFO -         }, {
[2026-01-29T20:04:04.765+0530] {subprocess.py:106} INFO -           "name" : "size",
[2026-01-29T20:04:04.765+0530] {subprocess.py:106} INFO -           "type" : "integer",
[2026-01-29T20:04:04.765+0530] {subprocess.py:106} INFO -           "nullable" : true,
[2026-01-29T20:04:04.765+0530] {subprocess.py:106} INFO -           "metadata" : { }
[2026-01-29T20:04:04.766+0530] {subprocess.py:106} INFO -         }, {
[2026-01-29T20:04:04.766+0530] {subprocess.py:106} INFO -           "name" : "indices",
[2026-01-29T20:04:04.766+0530] {subprocess.py:106} INFO -           "type" : {
[2026-01-29T20:04:04.766+0530] {subprocess.py:106} INFO -             "type" : "array",
[2026-01-29T20:04:04.766+0530] {subprocess.py:106} INFO -             "elementType" : "integer",
[2026-01-29T20:04:04.766+0530] {subprocess.py:106} INFO -             "containsNull" : false
[2026-01-29T20:04:04.766+0530] {subprocess.py:106} INFO -           },
[2026-01-29T20:04:04.766+0530] {subprocess.py:106} INFO -           "nullable" : true,
[2026-01-29T20:04:04.766+0530] {subprocess.py:106} INFO -           "metadata" : { }
[2026-01-29T20:04:04.767+0530] {subprocess.py:106} INFO -         }, {
[2026-01-29T20:04:04.767+0530] {subprocess.py:106} INFO -           "name" : "values",
[2026-01-29T20:04:04.767+0530] {subprocess.py:106} INFO -           "type" : {
[2026-01-29T20:04:04.767+0530] {subprocess.py:106} INFO -             "type" : "array",
[2026-01-29T20:04:04.767+0530] {subprocess.py:106} INFO -             "elementType" : "double",
[2026-01-29T20:04:04.767+0530] {subprocess.py:106} INFO -             "containsNull" : false
[2026-01-29T20:04:04.767+0530] {subprocess.py:106} INFO -           },
[2026-01-29T20:04:04.767+0530] {subprocess.py:106} INFO -           "nullable" : true,
[2026-01-29T20:04:04.768+0530] {subprocess.py:106} INFO -           "metadata" : { }
[2026-01-29T20:04:04.768+0530] {subprocess.py:106} INFO -         } ]
[2026-01-29T20:04:04.768+0530] {subprocess.py:106} INFO -       }
[2026-01-29T20:04:04.768+0530] {subprocess.py:106} INFO -     },
[2026-01-29T20:04:04.768+0530] {subprocess.py:106} INFO -     "nullable" : true,
[2026-01-29T20:04:04.768+0530] {subprocess.py:106} INFO -     "metadata" : {
[2026-01-29T20:04:04.768+0530] {subprocess.py:106} INFO -       "ml_attr" : {
[2026-01-29T20:04:04.768+0530] {subprocess.py:106} INFO -         "num_attrs" : 10
[2026-01-29T20:04:04.768+0530] {subprocess.py:106} INFO -       }
[2026-01-29T20:04:04.769+0530] {subprocess.py:106} INFO -     }
[2026-01-29T20:04:04.769+0530] {subprocess.py:106} INFO -   } ]
[2026-01-29T20:04:04.769+0530] {subprocess.py:106} INFO - }
[2026-01-29T20:04:04.769+0530] {subprocess.py:106} INFO - and corresponding Parquet message type:
[2026-01-29T20:04:04.769+0530] {subprocess.py:106} INFO - message spark_schema {
[2026-01-29T20:04:04.769+0530] {subprocess.py:106} INFO -   optional binary city (STRING);
[2026-01-29T20:04:04.769+0530] {subprocess.py:106} INFO -   optional int32 date (DATE);
[2026-01-29T20:04:04.769+0530] {subprocess.py:106} INFO -   optional double temperature_2m_max;
[2026-01-29T20:04:04.769+0530] {subprocess.py:106} INFO -   optional double temperature_2m_min;
[2026-01-29T20:04:04.769+0530] {subprocess.py:106} INFO -   optional double apparent_temperature_max;
[2026-01-29T20:04:04.770+0530] {subprocess.py:106} INFO -   optional double apparent_temperature_min;
[2026-01-29T20:04:04.770+0530] {subprocess.py:106} INFO -   optional double precipitation_sum;
[2026-01-29T20:04:04.770+0530] {subprocess.py:106} INFO -   optional double rain_sum;
[2026-01-29T20:04:04.770+0530] {subprocess.py:106} INFO -   optional int32 weather_code;
[2026-01-29T20:04:04.770+0530] {subprocess.py:106} INFO -   optional double wind_speed_10m_max;
[2026-01-29T20:04:04.770+0530] {subprocess.py:106} INFO -   optional double wind_gusts_10m_max;
[2026-01-29T20:04:04.770+0530] {subprocess.py:106} INFO -   optional int32 wind_direction_10m_dominant;
[2026-01-29T20:04:04.770+0530] {subprocess.py:106} INFO -   required double city_index;
[2026-01-29T20:04:04.770+0530] {subprocess.py:106} INFO -   optional group city_vector {
[2026-01-29T20:04:04.770+0530] {subprocess.py:106} INFO -     required int32 type (INTEGER(8,true));
[2026-01-29T20:04:04.771+0530] {subprocess.py:106} INFO -     optional int32 size;
[2026-01-29T20:04:04.771+0530] {subprocess.py:106} INFO -     optional group indices (LIST) {
[2026-01-29T20:04:04.771+0530] {subprocess.py:106} INFO -       repeated group list {
[2026-01-29T20:04:04.771+0530] {subprocess.py:106} INFO -         required int32 element;
[2026-01-29T20:04:04.771+0530] {subprocess.py:106} INFO -       }
[2026-01-29T20:04:04.771+0530] {subprocess.py:106} INFO -     }
[2026-01-29T20:04:04.771+0530] {subprocess.py:106} INFO -     optional group values (LIST) {
[2026-01-29T20:04:04.771+0530] {subprocess.py:106} INFO -       repeated group list {
[2026-01-29T20:04:04.771+0530] {subprocess.py:106} INFO -         required double element;
[2026-01-29T20:04:04.772+0530] {subprocess.py:106} INFO -       }
[2026-01-29T20:04:04.772+0530] {subprocess.py:106} INFO -     }
[2026-01-29T20:04:04.772+0530] {subprocess.py:106} INFO -   }
[2026-01-29T20:04:04.772+0530] {subprocess.py:106} INFO -   optional double rain_sum_log;
[2026-01-29T20:04:04.772+0530] {subprocess.py:106} INFO -   optional double precipitation_sum_log;
[2026-01-29T20:04:04.772+0530] {subprocess.py:106} INFO -   optional int32 day;
[2026-01-29T20:04:04.772+0530] {subprocess.py:106} INFO -   optional int32 month;
[2026-01-29T20:04:04.772+0530] {subprocess.py:106} INFO -   optional int32 day_of_week;
[2026-01-29T20:04:04.772+0530] {subprocess.py:106} INFO -   optional int32 year;
[2026-01-29T20:04:04.773+0530] {subprocess.py:106} INFO -   optional double temp_lag_1;
[2026-01-29T20:04:04.773+0530] {subprocess.py:106} INFO -   optional double temp_lag_2;
[2026-01-29T20:04:04.773+0530] {subprocess.py:106} INFO -   optional double temp_rolling_3;
[2026-01-29T20:04:04.773+0530] {subprocess.py:106} INFO -   optional group features {
[2026-01-29T20:04:04.773+0530] {subprocess.py:106} INFO -     required int32 type (INTEGER(8,true));
[2026-01-29T20:04:04.773+0530] {subprocess.py:106} INFO -     optional int32 size;
[2026-01-29T20:04:04.773+0530] {subprocess.py:106} INFO -     optional group indices (LIST) {
[2026-01-29T20:04:04.773+0530] {subprocess.py:106} INFO -       repeated group list {
[2026-01-29T20:04:04.773+0530] {subprocess.py:106} INFO -         required int32 element;
[2026-01-29T20:04:04.773+0530] {subprocess.py:106} INFO -       }
[2026-01-29T20:04:04.774+0530] {subprocess.py:106} INFO -     }
[2026-01-29T20:04:04.774+0530] {subprocess.py:106} INFO -     optional group values (LIST) {
[2026-01-29T20:04:04.774+0530] {subprocess.py:106} INFO -       repeated group list {
[2026-01-29T20:04:04.774+0530] {subprocess.py:106} INFO -         required double element;
[2026-01-29T20:04:04.774+0530] {subprocess.py:106} INFO -       }
[2026-01-29T20:04:04.774+0530] {subprocess.py:106} INFO -     }
[2026-01-29T20:04:04.774+0530] {subprocess.py:106} INFO -   }
[2026-01-29T20:04:04.774+0530] {subprocess.py:106} INFO -   optional group scaled_features {
[2026-01-29T20:04:04.774+0530] {subprocess.py:106} INFO -     required int32 type (INTEGER(8,true));
[2026-01-29T20:04:04.775+0530] {subprocess.py:106} INFO -     optional int32 size;
[2026-01-29T20:04:04.775+0530] {subprocess.py:106} INFO -     optional group indices (LIST) {
[2026-01-29T20:04:04.775+0530] {subprocess.py:106} INFO -       repeated group list {
[2026-01-29T20:04:04.775+0530] {subprocess.py:106} INFO -         required int32 element;
[2026-01-29T20:04:04.775+0530] {subprocess.py:106} INFO -       }
[2026-01-29T20:04:04.775+0530] {subprocess.py:106} INFO -     }
[2026-01-29T20:04:04.775+0530] {subprocess.py:106} INFO -     optional group values (LIST) {
[2026-01-29T20:04:04.775+0530] {subprocess.py:106} INFO -       repeated group list {
[2026-01-29T20:04:04.776+0530] {subprocess.py:106} INFO -         required double element;
[2026-01-29T20:04:04.776+0530] {subprocess.py:106} INFO -       }
[2026-01-29T20:04:04.776+0530] {subprocess.py:106} INFO -     }
[2026-01-29T20:04:04.776+0530] {subprocess.py:106} INFO -   }
[2026-01-29T20:04:04.776+0530] {subprocess.py:106} INFO - }
[2026-01-29T20:04:04.776+0530] {subprocess.py:106} INFO - 
[2026-01-29T20:04:04.777+0530] {subprocess.py:106} INFO - 
[2026-01-29T20:04:04.777+0530] {subprocess.py:106} INFO - 26/01/29 20:04:04 INFO ParquetWriteSupport: Initialized Parquet WriteSupport with Catalyst schema:
[2026-01-29T20:04:04.777+0530] {subprocess.py:106} INFO - {
[2026-01-29T20:04:04.777+0530] {subprocess.py:106} INFO -   "type" : "struct",
[2026-01-29T20:04:04.777+0530] {subprocess.py:106} INFO -   "fields" : [ {
[2026-01-29T20:04:04.777+0530] {subprocess.py:106} INFO -     "name" : "city",
[2026-01-29T20:04:04.777+0530] {subprocess.py:106} INFO -     "type" : "string",
[2026-01-29T20:04:04.778+0530] {subprocess.py:106} INFO -     "nullable" : true,
[2026-01-29T20:04:04.778+0530] {subprocess.py:106} INFO -     "metadata" : { }
[2026-01-29T20:04:04.778+0530] {subprocess.py:106} INFO -   }, {
[2026-01-29T20:04:04.778+0530] {subprocess.py:106} INFO -     "name" : "date",
[2026-01-29T20:04:04.778+0530] {subprocess.py:106} INFO -     "type" : "date",
[2026-01-29T20:04:04.778+0530] {subprocess.py:106} INFO -     "nullable" : true,
[2026-01-29T20:04:04.779+0530] {subprocess.py:106} INFO -     "metadata" : { }
[2026-01-29T20:04:04.779+0530] {subprocess.py:106} INFO -   }, {
[2026-01-29T20:04:04.779+0530] {subprocess.py:106} INFO -     "name" : "temperature_2m_max",
[2026-01-29T20:04:04.779+0530] {subprocess.py:106} INFO -     "type" : "double",
[2026-01-29T20:04:04.779+0530] {subprocess.py:106} INFO -     "nullable" : true,
[2026-01-29T20:04:04.780+0530] {subprocess.py:106} INFO -     "metadata" : { }
[2026-01-29T20:04:04.780+0530] {subprocess.py:106} INFO -   }, {
[2026-01-29T20:04:04.780+0530] {subprocess.py:106} INFO -     "name" : "temperature_2m_min",
[2026-01-29T20:04:04.780+0530] {subprocess.py:106} INFO -     "type" : "double",
[2026-01-29T20:04:04.780+0530] {subprocess.py:106} INFO -     "nullable" : true,
[2026-01-29T20:04:04.780+0530] {subprocess.py:106} INFO -     "metadata" : { }
[2026-01-29T20:04:04.781+0530] {subprocess.py:106} INFO -   }, {
[2026-01-29T20:04:04.781+0530] {subprocess.py:106} INFO -     "name" : "apparent_temperature_max",
[2026-01-29T20:04:04.781+0530] {subprocess.py:106} INFO -     "type" : "double",
[2026-01-29T20:04:04.781+0530] {subprocess.py:106} INFO -     "nullable" : true,
[2026-01-29T20:04:04.781+0530] {subprocess.py:106} INFO -     "metadata" : { }
[2026-01-29T20:04:04.781+0530] {subprocess.py:106} INFO -   }, {
[2026-01-29T20:04:04.781+0530] {subprocess.py:106} INFO -     "name" : "apparent_temperature_min",
[2026-01-29T20:04:04.782+0530] {subprocess.py:106} INFO -     "type" : "double",
[2026-01-29T20:04:04.782+0530] {subprocess.py:106} INFO -     "nullable" : true,
[2026-01-29T20:04:04.782+0530] {subprocess.py:106} INFO -     "metadata" : { }
[2026-01-29T20:04:04.782+0530] {subprocess.py:106} INFO -   }, {
[2026-01-29T20:04:04.782+0530] {subprocess.py:106} INFO -     "name" : "precipitation_sum",
[2026-01-29T20:04:04.782+0530] {subprocess.py:106} INFO -     "type" : "double",
[2026-01-29T20:04:04.782+0530] {subprocess.py:106} INFO -     "nullable" : true,
[2026-01-29T20:04:04.783+0530] {subprocess.py:106} INFO -     "metadata" : { }
[2026-01-29T20:04:04.783+0530] {subprocess.py:106} INFO -   }, {
[2026-01-29T20:04:04.783+0530] {subprocess.py:106} INFO -     "name" : "rain_sum",
[2026-01-29T20:04:04.783+0530] {subprocess.py:106} INFO -     "type" : "double",
[2026-01-29T20:04:04.783+0530] {subprocess.py:106} INFO -     "nullable" : true,
[2026-01-29T20:04:04.783+0530] {subprocess.py:106} INFO -     "metadata" : { }
[2026-01-29T20:04:04.783+0530] {subprocess.py:106} INFO -   }, {
[2026-01-29T20:04:04.783+0530] {subprocess.py:106} INFO -     "name" : "weather_code",
[2026-01-29T20:04:04.784+0530] {subprocess.py:106} INFO -     "type" : "integer",
[2026-01-29T20:04:04.784+0530] {subprocess.py:106} INFO -     "nullable" : true,
[2026-01-29T20:04:04.784+0530] {subprocess.py:106} INFO -     "metadata" : { }
[2026-01-29T20:04:04.784+0530] {subprocess.py:106} INFO -   }, {
[2026-01-29T20:04:04.784+0530] {subprocess.py:106} INFO -     "name" : "wind_speed_10m_max",
[2026-01-29T20:04:04.784+0530] {subprocess.py:106} INFO -     "type" : "double",
[2026-01-29T20:04:04.784+0530] {subprocess.py:106} INFO -     "nullable" : true,
[2026-01-29T20:04:04.784+0530] {subprocess.py:106} INFO -     "metadata" : { }
[2026-01-29T20:04:04.785+0530] {subprocess.py:106} INFO -   }, {
[2026-01-29T20:04:04.785+0530] {subprocess.py:106} INFO -     "name" : "wind_gusts_10m_max",
[2026-01-29T20:04:04.785+0530] {subprocess.py:106} INFO -     "type" : "double",
[2026-01-29T20:04:04.785+0530] {subprocess.py:106} INFO -     "nullable" : true,
[2026-01-29T20:04:04.785+0530] {subprocess.py:106} INFO -     "metadata" : { }
[2026-01-29T20:04:04.785+0530] {subprocess.py:106} INFO -   }, {
[2026-01-29T20:04:04.785+0530] {subprocess.py:106} INFO -     "name" : "wind_direction_10m_dominant",
[2026-01-29T20:04:04.785+0530] {subprocess.py:106} INFO -     "type" : "integer",
[2026-01-29T20:04:04.786+0530] {subprocess.py:106} INFO -     "nullable" : true,
[2026-01-29T20:04:04.786+0530] {subprocess.py:106} INFO -     "metadata" : { }
[2026-01-29T20:04:04.786+0530] {subprocess.py:106} INFO -   }, {
[2026-01-29T20:04:04.786+0530] {subprocess.py:106} INFO -     "name" : "city_index",
[2026-01-29T20:04:04.786+0530] {subprocess.py:106} INFO -     "type" : "double",
[2026-01-29T20:04:04.786+0530] {subprocess.py:106} INFO -     "nullable" : false,
[2026-01-29T20:04:04.786+0530] {subprocess.py:106} INFO -     "metadata" : {
[2026-01-29T20:04:04.786+0530] {subprocess.py:106} INFO -       "ml_attr" : {
[2026-01-29T20:04:04.786+0530] {subprocess.py:106} INFO -         "type" : "nominal",
[2026-01-29T20:04:04.787+0530] {subprocess.py:106} INFO -         "vals" : [ "Ahmedabad", "Bangalore", "Chennai", "Delhi", "Hyderabad", "Jaipur", "Kolkata", "Lucknow", "Mumbai", "Pune", "__unknown" ],
[2026-01-29T20:04:04.787+0530] {subprocess.py:106} INFO -         "name" : "city_index"
[2026-01-29T20:04:04.787+0530] {subprocess.py:106} INFO -       }
[2026-01-29T20:04:04.787+0530] {subprocess.py:106} INFO -     }
[2026-01-29T20:04:04.787+0530] {subprocess.py:106} INFO -   }, {
[2026-01-29T20:04:04.787+0530] {subprocess.py:106} INFO -     "name" : "city_vector",
[2026-01-29T20:04:04.787+0530] {subprocess.py:106} INFO -     "type" : {
[2026-01-29T20:04:04.787+0530] {subprocess.py:106} INFO -       "type" : "udt",
[2026-01-29T20:04:04.788+0530] {subprocess.py:106} INFO -       "class" : "org.apache.spark.ml.linalg.VectorUDT",
[2026-01-29T20:04:04.788+0530] {subprocess.py:106} INFO -       "pyClass" : "pyspark.ml.linalg.VectorUDT",
[2026-01-29T20:04:04.788+0530] {subprocess.py:106} INFO -       "sqlType" : {
[2026-01-29T20:04:04.788+0530] {subprocess.py:106} INFO -         "type" : "struct",
[2026-01-29T20:04:04.788+0530] {subprocess.py:106} INFO -         "fields" : [ {
[2026-01-29T20:04:04.788+0530] {subprocess.py:106} INFO -           "name" : "type",
[2026-01-29T20:04:04.788+0530] {subprocess.py:106} INFO -           "type" : "byte",
[2026-01-29T20:04:04.788+0530] {subprocess.py:106} INFO -           "nullable" : false,
[2026-01-29T20:04:04.789+0530] {subprocess.py:106} INFO -           "metadata" : { }
[2026-01-29T20:04:04.789+0530] {subprocess.py:106} INFO -         }, {
[2026-01-29T20:04:04.789+0530] {subprocess.py:106} INFO -           "name" : "size",
[2026-01-29T20:04:04.789+0530] {subprocess.py:106} INFO -           "type" : "integer",
[2026-01-29T20:04:04.789+0530] {subprocess.py:106} INFO -           "nullable" : true,
[2026-01-29T20:04:04.789+0530] {subprocess.py:106} INFO -           "metadata" : { }
[2026-01-29T20:04:04.789+0530] {subprocess.py:106} INFO -         }, {
[2026-01-29T20:04:04.789+0530] {subprocess.py:106} INFO -           "name" : "indices",
[2026-01-29T20:04:04.790+0530] {subprocess.py:106} INFO -           "type" : {
[2026-01-29T20:04:04.790+0530] {subprocess.py:106} INFO -             "type" : "array",
[2026-01-29T20:04:04.790+0530] {subprocess.py:106} INFO -             "elementType" : "integer",
[2026-01-29T20:04:04.790+0530] {subprocess.py:106} INFO -             "containsNull" : false
[2026-01-29T20:04:04.790+0530] {subprocess.py:106} INFO -           },
[2026-01-29T20:04:04.790+0530] {subprocess.py:106} INFO -           "nullable" : true,
[2026-01-29T20:04:04.790+0530] {subprocess.py:106} INFO -           "metadata" : { }
[2026-01-29T20:04:04.790+0530] {subprocess.py:106} INFO -         }, {
[2026-01-29T20:04:04.790+0530] {subprocess.py:106} INFO -           "name" : "values",
[2026-01-29T20:04:04.791+0530] {subprocess.py:106} INFO -           "type" : {
[2026-01-29T20:04:04.791+0530] {subprocess.py:106} INFO -             "type" : "array",
[2026-01-29T20:04:04.791+0530] {subprocess.py:106} INFO -             "elementType" : "double",
[2026-01-29T20:04:04.791+0530] {subprocess.py:106} INFO -             "containsNull" : false
[2026-01-29T20:04:04.791+0530] {subprocess.py:106} INFO -           },
[2026-01-29T20:04:04.791+0530] {subprocess.py:106} INFO -           "nullable" : true,
[2026-01-29T20:04:04.791+0530] {subprocess.py:106} INFO -           "metadata" : { }
[2026-01-29T20:04:04.791+0530] {subprocess.py:106} INFO -         } ]
[2026-01-29T20:04:04.792+0530] {subprocess.py:106} INFO -       }
[2026-01-29T20:04:04.792+0530] {subprocess.py:106} INFO -     },
[2026-01-29T20:04:04.792+0530] {subprocess.py:106} INFO -     "nullable" : true,
[2026-01-29T20:04:04.792+0530] {subprocess.py:106} INFO -     "metadata" : {
[2026-01-29T20:04:04.792+0530] {subprocess.py:106} INFO -       "ml_attr" : {
[2026-01-29T20:04:04.792+0530] {subprocess.py:106} INFO -         "attrs" : {
[2026-01-29T20:04:04.792+0530] {subprocess.py:106} INFO -           "binary" : [ {
[2026-01-29T20:04:04.792+0530] {subprocess.py:106} INFO -             "idx" : 0,
[2026-01-29T20:04:04.792+0530] {subprocess.py:106} INFO -             "name" : "Ahmedabad"
[2026-01-29T20:04:04.793+0530] {subprocess.py:106} INFO -           }, {
[2026-01-29T20:04:04.793+0530] {subprocess.py:106} INFO -             "idx" : 1,
[2026-01-29T20:04:04.793+0530] {subprocess.py:106} INFO -             "name" : "Bangalore"
[2026-01-29T20:04:04.793+0530] {subprocess.py:106} INFO -           }, {
[2026-01-29T20:04:04.793+0530] {subprocess.py:106} INFO -             "idx" : 2,
[2026-01-29T20:04:04.793+0530] {subprocess.py:106} INFO -             "name" : "Chennai"
[2026-01-29T20:04:04.793+0530] {subprocess.py:106} INFO -           }, {
[2026-01-29T20:04:04.793+0530] {subprocess.py:106} INFO -             "idx" : 3,
[2026-01-29T20:04:04.793+0530] {subprocess.py:106} INFO -             "name" : "Delhi"
[2026-01-29T20:04:04.794+0530] {subprocess.py:106} INFO -           }, {
[2026-01-29T20:04:04.794+0530] {subprocess.py:106} INFO -             "idx" : 4,
[2026-01-29T20:04:04.794+0530] {subprocess.py:106} INFO -             "name" : "Hyderabad"
[2026-01-29T20:04:04.794+0530] {subprocess.py:106} INFO -           }, {
[2026-01-29T20:04:04.794+0530] {subprocess.py:106} INFO -             "idx" : 5,
[2026-01-29T20:04:04.794+0530] {subprocess.py:106} INFO -             "name" : "Jaipur"
[2026-01-29T20:04:04.794+0530] {subprocess.py:106} INFO -           }, {
[2026-01-29T20:04:04.794+0530] {subprocess.py:106} INFO -             "idx" : 6,
[2026-01-29T20:04:04.794+0530] {subprocess.py:106} INFO -             "name" : "Kolkata"
[2026-01-29T20:04:04.795+0530] {subprocess.py:106} INFO -           }, {
[2026-01-29T20:04:04.795+0530] {subprocess.py:106} INFO -             "idx" : 7,
[2026-01-29T20:04:04.795+0530] {subprocess.py:106} INFO -             "name" : "Lucknow"
[2026-01-29T20:04:04.795+0530] {subprocess.py:106} INFO -           }, {
[2026-01-29T20:04:04.795+0530] {subprocess.py:106} INFO -             "idx" : 8,
[2026-01-29T20:04:04.795+0530] {subprocess.py:106} INFO -             "name" : "Mumbai"
[2026-01-29T20:04:04.795+0530] {subprocess.py:106} INFO -           }, {
[2026-01-29T20:04:04.795+0530] {subprocess.py:106} INFO -             "idx" : 9,
[2026-01-29T20:04:04.795+0530] {subprocess.py:106} INFO -             "name" : "Pune"
[2026-01-29T20:04:04.796+0530] {subprocess.py:106} INFO -           } ]
[2026-01-29T20:04:04.796+0530] {subprocess.py:106} INFO -         },
[2026-01-29T20:04:04.796+0530] {subprocess.py:106} INFO -         "num_attrs" : 10
[2026-01-29T20:04:04.796+0530] {subprocess.py:106} INFO -       }
[2026-01-29T20:04:04.796+0530] {subprocess.py:106} INFO -     }
[2026-01-29T20:04:04.796+0530] {subprocess.py:106} INFO -   }, {
[2026-01-29T20:04:04.796+0530] {subprocess.py:106} INFO -     "name" : "rain_sum_log",
[2026-01-29T20:04:04.796+0530] {subprocess.py:106} INFO -     "type" : "double",
[2026-01-29T20:04:04.796+0530] {subprocess.py:106} INFO -     "nullable" : true,
[2026-01-29T20:04:04.797+0530] {subprocess.py:106} INFO -     "metadata" : { }
[2026-01-29T20:04:04.797+0530] {subprocess.py:106} INFO -   }, {
[2026-01-29T20:04:04.797+0530] {subprocess.py:106} INFO -     "name" : "precipitation_sum_log",
[2026-01-29T20:04:04.797+0530] {subprocess.py:106} INFO -     "type" : "double",
[2026-01-29T20:04:04.797+0530] {subprocess.py:106} INFO -     "nullable" : true,
[2026-01-29T20:04:04.797+0530] {subprocess.py:106} INFO -     "metadata" : { }
[2026-01-29T20:04:04.797+0530] {subprocess.py:106} INFO -   }, {
[2026-01-29T20:04:04.797+0530] {subprocess.py:106} INFO -     "name" : "day",
[2026-01-29T20:04:04.797+0530] {subprocess.py:106} INFO -     "type" : "integer",
[2026-01-29T20:04:04.798+0530] {subprocess.py:106} INFO -     "nullable" : true,
[2026-01-29T20:04:04.798+0530] {subprocess.py:106} INFO -     "metadata" : { }
[2026-01-29T20:04:04.798+0530] {subprocess.py:106} INFO -   }, {
[2026-01-29T20:04:04.798+0530] {subprocess.py:106} INFO -     "name" : "month",
[2026-01-29T20:04:04.798+0530] {subprocess.py:106} INFO -     "type" : "integer",
[2026-01-29T20:04:04.798+0530] {subprocess.py:106} INFO -     "nullable" : true,
[2026-01-29T20:04:04.798+0530] {subprocess.py:106} INFO -     "metadata" : { }
[2026-01-29T20:04:04.798+0530] {subprocess.py:106} INFO -   }, {
[2026-01-29T20:04:04.798+0530] {subprocess.py:106} INFO -     "name" : "day_of_week",
[2026-01-29T20:04:04.799+0530] {subprocess.py:106} INFO -     "type" : "integer",
[2026-01-29T20:04:04.799+0530] {subprocess.py:106} INFO -     "nullable" : true,
[2026-01-29T20:04:04.799+0530] {subprocess.py:106} INFO -     "metadata" : { }
[2026-01-29T20:04:04.799+0530] {subprocess.py:106} INFO -   }, {
[2026-01-29T20:04:04.799+0530] {subprocess.py:106} INFO -     "name" : "year",
[2026-01-29T20:04:04.799+0530] {subprocess.py:106} INFO -     "type" : "integer",
[2026-01-29T20:04:04.799+0530] {subprocess.py:106} INFO -     "nullable" : true,
[2026-01-29T20:04:04.799+0530] {subprocess.py:106} INFO -     "metadata" : { }
[2026-01-29T20:04:04.799+0530] {subprocess.py:106} INFO -   }, {
[2026-01-29T20:04:04.800+0530] {subprocess.py:106} INFO -     "name" : "temp_lag_1",
[2026-01-29T20:04:04.800+0530] {subprocess.py:106} INFO -     "type" : "double",
[2026-01-29T20:04:04.800+0530] {subprocess.py:106} INFO -     "nullable" : true,
[2026-01-29T20:04:04.800+0530] {subprocess.py:106} INFO -     "metadata" : { }
[2026-01-29T20:04:04.800+0530] {subprocess.py:106} INFO -   }, {
[2026-01-29T20:04:04.800+0530] {subprocess.py:106} INFO -     "name" : "temp_lag_2",
[2026-01-29T20:04:04.800+0530] {subprocess.py:106} INFO -     "type" : "double",
[2026-01-29T20:04:04.800+0530] {subprocess.py:106} INFO -     "nullable" : true,
[2026-01-29T20:04:04.800+0530] {subprocess.py:106} INFO -     "metadata" : { }
[2026-01-29T20:04:04.801+0530] {subprocess.py:106} INFO -   }, {
[2026-01-29T20:04:04.801+0530] {subprocess.py:106} INFO -     "name" : "temp_rolling_3",
[2026-01-29T20:04:04.801+0530] {subprocess.py:106} INFO -     "type" : "double",
[2026-01-29T20:04:04.801+0530] {subprocess.py:106} INFO -     "nullable" : true,
[2026-01-29T20:04:04.801+0530] {subprocess.py:106} INFO -     "metadata" : { }
[2026-01-29T20:04:04.801+0530] {subprocess.py:106} INFO -   }, {
[2026-01-29T20:04:04.801+0530] {subprocess.py:106} INFO -     "name" : "features",
[2026-01-29T20:04:04.801+0530] {subprocess.py:106} INFO -     "type" : {
[2026-01-29T20:04:04.801+0530] {subprocess.py:106} INFO -       "type" : "udt",
[2026-01-29T20:04:04.802+0530] {subprocess.py:106} INFO -       "class" : "org.apache.spark.ml.linalg.VectorUDT",
[2026-01-29T20:04:04.802+0530] {subprocess.py:106} INFO -       "pyClass" : "pyspark.ml.linalg.VectorUDT",
[2026-01-29T20:04:04.802+0530] {subprocess.py:106} INFO -       "sqlType" : {
[2026-01-29T20:04:04.802+0530] {subprocess.py:106} INFO -         "type" : "struct",
[2026-01-29T20:04:04.802+0530] {subprocess.py:106} INFO -         "fields" : [ {
[2026-01-29T20:04:04.802+0530] {subprocess.py:106} INFO -           "name" : "type",
[2026-01-29T20:04:04.802+0530] {subprocess.py:106} INFO -           "type" : "byte",
[2026-01-29T20:04:04.802+0530] {subprocess.py:106} INFO -           "nullable" : false,
[2026-01-29T20:04:04.802+0530] {subprocess.py:106} INFO -           "metadata" : { }
[2026-01-29T20:04:04.803+0530] {subprocess.py:106} INFO -         }, {
[2026-01-29T20:04:04.803+0530] {subprocess.py:106} INFO -           "name" : "size",
[2026-01-29T20:04:04.803+0530] {subprocess.py:106} INFO -           "type" : "integer",
[2026-01-29T20:04:04.803+0530] {subprocess.py:106} INFO -           "nullable" : true,
[2026-01-29T20:04:04.803+0530] {subprocess.py:106} INFO -           "metadata" : { }
[2026-01-29T20:04:04.803+0530] {subprocess.py:106} INFO -         }, {
[2026-01-29T20:04:04.803+0530] {subprocess.py:106} INFO -           "name" : "indices",
[2026-01-29T20:04:04.803+0530] {subprocess.py:106} INFO -           "type" : {
[2026-01-29T20:04:04.803+0530] {subprocess.py:106} INFO -             "type" : "array",
[2026-01-29T20:04:04.804+0530] {subprocess.py:106} INFO -             "elementType" : "integer",
[2026-01-29T20:04:04.804+0530] {subprocess.py:106} INFO -             "containsNull" : false
[2026-01-29T20:04:04.804+0530] {subprocess.py:106} INFO -           },
[2026-01-29T20:04:04.804+0530] {subprocess.py:106} INFO -           "nullable" : true,
[2026-01-29T20:04:04.804+0530] {subprocess.py:106} INFO -           "metadata" : { }
[2026-01-29T20:04:04.804+0530] {subprocess.py:106} INFO -         }, {
[2026-01-29T20:04:04.804+0530] {subprocess.py:106} INFO -           "name" : "values",
[2026-01-29T20:04:04.804+0530] {subprocess.py:106} INFO -           "type" : {
[2026-01-29T20:04:04.805+0530] {subprocess.py:106} INFO -             "type" : "array",
[2026-01-29T20:04:04.805+0530] {subprocess.py:106} INFO -             "elementType" : "double",
[2026-01-29T20:04:04.805+0530] {subprocess.py:106} INFO -             "containsNull" : false
[2026-01-29T20:04:04.805+0530] {subprocess.py:106} INFO -           },
[2026-01-29T20:04:04.805+0530] {subprocess.py:106} INFO -           "nullable" : true,
[2026-01-29T20:04:04.805+0530] {subprocess.py:106} INFO -           "metadata" : { }
[2026-01-29T20:04:04.805+0530] {subprocess.py:106} INFO -         } ]
[2026-01-29T20:04:04.805+0530] {subprocess.py:106} INFO -       }
[2026-01-29T20:04:04.806+0530] {subprocess.py:106} INFO -     },
[2026-01-29T20:04:04.806+0530] {subprocess.py:106} INFO -     "nullable" : true,
[2026-01-29T20:04:04.806+0530] {subprocess.py:106} INFO -     "metadata" : {
[2026-01-29T20:04:04.806+0530] {subprocess.py:106} INFO -       "ml_attr" : {
[2026-01-29T20:04:04.806+0530] {subprocess.py:106} INFO -         "attrs" : {
[2026-01-29T20:04:04.806+0530] {subprocess.py:106} INFO -           "numeric" : [ {
[2026-01-29T20:04:04.806+0530] {subprocess.py:106} INFO -             "idx" : 0,
[2026-01-29T20:04:04.806+0530] {subprocess.py:106} INFO -             "name" : "temperature_2m_max"
[2026-01-29T20:04:04.806+0530] {subprocess.py:106} INFO -           }, {
[2026-01-29T20:04:04.807+0530] {subprocess.py:106} INFO -             "idx" : 1,
[2026-01-29T20:04:04.807+0530] {subprocess.py:106} INFO -             "name" : "temperature_2m_min"
[2026-01-29T20:04:04.807+0530] {subprocess.py:106} INFO -           }, {
[2026-01-29T20:04:04.807+0530] {subprocess.py:106} INFO -             "idx" : 2,
[2026-01-29T20:04:04.807+0530] {subprocess.py:106} INFO -             "name" : "apparent_temperature_max"
[2026-01-29T20:04:04.807+0530] {subprocess.py:106} INFO -           }, {
[2026-01-29T20:04:04.807+0530] {subprocess.py:106} INFO -             "idx" : 3,
[2026-01-29T20:04:04.807+0530] {subprocess.py:106} INFO -             "name" : "apparent_temperature_min"
[2026-01-29T20:04:04.808+0530] {subprocess.py:106} INFO -           }, {
[2026-01-29T20:04:04.808+0530] {subprocess.py:106} INFO -             "idx" : 4,
[2026-01-29T20:04:04.808+0530] {subprocess.py:106} INFO -             "name" : "wind_speed_10m_max"
[2026-01-29T20:04:04.808+0530] {subprocess.py:106} INFO -           }, {
[2026-01-29T20:04:04.808+0530] {subprocess.py:106} INFO -             "idx" : 5,
[2026-01-29T20:04:04.808+0530] {subprocess.py:106} INFO -             "name" : "wind_gusts_10m_max"
[2026-01-29T20:04:04.808+0530] {subprocess.py:106} INFO -           }, {
[2026-01-29T20:04:04.808+0530] {subprocess.py:106} INFO -             "idx" : 6,
[2026-01-29T20:04:04.808+0530] {subprocess.py:106} INFO -             "name" : "rain_sum_log"
[2026-01-29T20:04:04.809+0530] {subprocess.py:106} INFO -           }, {
[2026-01-29T20:04:04.809+0530] {subprocess.py:106} INFO -             "idx" : 7,
[2026-01-29T20:04:04.809+0530] {subprocess.py:106} INFO -             "name" : "temp_lag_1"
[2026-01-29T20:04:04.809+0530] {subprocess.py:106} INFO -           }, {
[2026-01-29T20:04:04.809+0530] {subprocess.py:106} INFO -             "idx" : 8,
[2026-01-29T20:04:04.809+0530] {subprocess.py:106} INFO -             "name" : "temp_lag_2"
[2026-01-29T20:04:04.809+0530] {subprocess.py:106} INFO -           }, {
[2026-01-29T20:04:04.809+0530] {subprocess.py:106} INFO -             "idx" : 9,
[2026-01-29T20:04:04.809+0530] {subprocess.py:106} INFO -             "name" : "temp_rolling_3"
[2026-01-29T20:04:04.810+0530] {subprocess.py:106} INFO -           } ]
[2026-01-29T20:04:04.810+0530] {subprocess.py:106} INFO -         },
[2026-01-29T20:04:04.810+0530] {subprocess.py:106} INFO -         "num_attrs" : 10
[2026-01-29T20:04:04.810+0530] {subprocess.py:106} INFO -       }
[2026-01-29T20:04:04.810+0530] {subprocess.py:106} INFO -     }
[2026-01-29T20:04:04.810+0530] {subprocess.py:106} INFO -   }, {
[2026-01-29T20:04:04.810+0530] {subprocess.py:106} INFO -     "name" : "scaled_features",
[2026-01-29T20:04:04.810+0530] {subprocess.py:106} INFO -     "type" : {
[2026-01-29T20:04:04.810+0530] {subprocess.py:106} INFO -       "type" : "udt",
[2026-01-29T20:04:04.811+0530] {subprocess.py:106} INFO -       "class" : "org.apache.spark.ml.linalg.VectorUDT",
[2026-01-29T20:04:04.811+0530] {subprocess.py:106} INFO -       "pyClass" : "pyspark.ml.linalg.VectorUDT",
[2026-01-29T20:04:04.811+0530] {subprocess.py:106} INFO -       "sqlType" : {
[2026-01-29T20:04:04.811+0530] {subprocess.py:106} INFO -         "type" : "struct",
[2026-01-29T20:04:04.811+0530] {subprocess.py:106} INFO -         "fields" : [ {
[2026-01-29T20:04:04.811+0530] {subprocess.py:106} INFO -           "name" : "type",
[2026-01-29T20:04:04.811+0530] {subprocess.py:106} INFO -           "type" : "byte",
[2026-01-29T20:04:04.811+0530] {subprocess.py:106} INFO -           "nullable" : false,
[2026-01-29T20:04:04.811+0530] {subprocess.py:106} INFO -           "metadata" : { }
[2026-01-29T20:04:04.812+0530] {subprocess.py:106} INFO -         }, {
[2026-01-29T20:04:04.812+0530] {subprocess.py:106} INFO -           "name" : "size",
[2026-01-29T20:04:04.812+0530] {subprocess.py:106} INFO -           "type" : "integer",
[2026-01-29T20:04:04.812+0530] {subprocess.py:106} INFO -           "nullable" : true,
[2026-01-29T20:04:04.812+0530] {subprocess.py:106} INFO -           "metadata" : { }
[2026-01-29T20:04:04.812+0530] {subprocess.py:106} INFO -         }, {
[2026-01-29T20:04:04.812+0530] {subprocess.py:106} INFO -           "name" : "indices",
[2026-01-29T20:04:04.812+0530] {subprocess.py:106} INFO -           "type" : {
[2026-01-29T20:04:04.812+0530] {subprocess.py:106} INFO -             "type" : "array",
[2026-01-29T20:04:04.813+0530] {subprocess.py:106} INFO -             "elementType" : "integer",
[2026-01-29T20:04:04.813+0530] {subprocess.py:106} INFO -             "containsNull" : false
[2026-01-29T20:04:04.813+0530] {subprocess.py:106} INFO -           },
[2026-01-29T20:04:04.813+0530] {subprocess.py:106} INFO -           "nullable" : true,
[2026-01-29T20:04:04.813+0530] {subprocess.py:106} INFO -           "metadata" : { }
[2026-01-29T20:04:04.813+0530] {subprocess.py:106} INFO -         }, {
[2026-01-29T20:04:04.813+0530] {subprocess.py:106} INFO -           "name" : "values",
[2026-01-29T20:04:04.813+0530] {subprocess.py:106} INFO -           "type" : {
[2026-01-29T20:04:04.813+0530] {subprocess.py:106} INFO -             "type" : "array",
[2026-01-29T20:04:04.814+0530] {subprocess.py:106} INFO -             "elementType" : "double",
[2026-01-29T20:04:04.814+0530] {subprocess.py:106} INFO -             "containsNull" : false
[2026-01-29T20:04:04.814+0530] {subprocess.py:106} INFO -           },
[2026-01-29T20:04:04.814+0530] {subprocess.py:106} INFO -           "nullable" : true,
[2026-01-29T20:04:04.814+0530] {subprocess.py:106} INFO -           "metadata" : { }
[2026-01-29T20:04:04.814+0530] {subprocess.py:106} INFO -         } ]
[2026-01-29T20:04:04.814+0530] {subprocess.py:106} INFO -       }
[2026-01-29T20:04:04.814+0530] {subprocess.py:106} INFO -     },
[2026-01-29T20:04:04.814+0530] {subprocess.py:106} INFO -     "nullable" : true,
[2026-01-29T20:04:04.815+0530] {subprocess.py:106} INFO -     "metadata" : {
[2026-01-29T20:04:04.815+0530] {subprocess.py:106} INFO -       "ml_attr" : {
[2026-01-29T20:04:04.815+0530] {subprocess.py:106} INFO -         "num_attrs" : 10
[2026-01-29T20:04:04.815+0530] {subprocess.py:106} INFO -       }
[2026-01-29T20:04:04.815+0530] {subprocess.py:106} INFO -     }
[2026-01-29T20:04:04.815+0530] {subprocess.py:106} INFO -   } ]
[2026-01-29T20:04:04.815+0530] {subprocess.py:106} INFO - }
[2026-01-29T20:04:04.815+0530] {subprocess.py:106} INFO - and corresponding Parquet message type:
[2026-01-29T20:04:04.815+0530] {subprocess.py:106} INFO - message spark_schema {
[2026-01-29T20:04:04.816+0530] {subprocess.py:106} INFO -   optional binary city (STRING);
[2026-01-29T20:04:04.816+0530] {subprocess.py:106} INFO -   optional int32 date (DATE);
[2026-01-29T20:04:04.816+0530] {subprocess.py:106} INFO -   optional double temperature_2m_max;
[2026-01-29T20:04:04.816+0530] {subprocess.py:106} INFO -   optional double temperature_2m_min;
[2026-01-29T20:04:04.816+0530] {subprocess.py:106} INFO -   optional double apparent_temperature_max;
[2026-01-29T20:04:04.816+0530] {subprocess.py:106} INFO -   optional double apparent_temperature_min;
[2026-01-29T20:04:04.816+0530] {subprocess.py:106} INFO -   optional double precipitation_sum;
[2026-01-29T20:04:04.816+0530] {subprocess.py:106} INFO -   optional double rain_sum;
[2026-01-29T20:04:04.816+0530] {subprocess.py:106} INFO -   optional int32 weather_code;
[2026-01-29T20:04:04.817+0530] {subprocess.py:106} INFO -   optional double wind_speed_10m_max;
[2026-01-29T20:04:04.817+0530] {subprocess.py:106} INFO -   optional double wind_gusts_10m_max;
[2026-01-29T20:04:04.817+0530] {subprocess.py:106} INFO -   optional int32 wind_direction_10m_dominant;
[2026-01-29T20:04:04.817+0530] {subprocess.py:106} INFO -   required double city_index;
[2026-01-29T20:04:04.817+0530] {subprocess.py:106} INFO -   optional group city_vector {
[2026-01-29T20:04:04.817+0530] {subprocess.py:106} INFO -     required int32 type (INTEGER(8,true));
[2026-01-29T20:04:04.817+0530] {subprocess.py:106} INFO -     optional int32 size;
[2026-01-29T20:04:04.817+0530] {subprocess.py:106} INFO -     optional group indices (LIST) {
[2026-01-29T20:04:04.818+0530] {subprocess.py:106} INFO -       repeated group list {
[2026-01-29T20:04:04.818+0530] {subprocess.py:106} INFO -         required int32 element;
[2026-01-29T20:04:04.818+0530] {subprocess.py:106} INFO -       }
[2026-01-29T20:04:04.818+0530] {subprocess.py:106} INFO -     }
[2026-01-29T20:04:04.818+0530] {subprocess.py:106} INFO -     optional group values (LIST) {
[2026-01-29T20:04:04.818+0530] {subprocess.py:106} INFO -       repeated group list {
[2026-01-29T20:04:04.818+0530] {subprocess.py:106} INFO -         required double element;
[2026-01-29T20:04:04.818+0530] {subprocess.py:106} INFO -       }
[2026-01-29T20:04:04.818+0530] {subprocess.py:106} INFO -     }
[2026-01-29T20:04:04.819+0530] {subprocess.py:106} INFO -   }
[2026-01-29T20:04:04.819+0530] {subprocess.py:106} INFO -   optional double rain_sum_log;
[2026-01-29T20:04:04.819+0530] {subprocess.py:106} INFO -   optional double precipitation_sum_log;
[2026-01-29T20:04:04.819+0530] {subprocess.py:106} INFO -   optional int32 day;
[2026-01-29T20:04:04.819+0530] {subprocess.py:106} INFO -   optional int32 month;
[2026-01-29T20:04:04.819+0530] {subprocess.py:106} INFO -   optional int32 day_of_week;
[2026-01-29T20:04:04.819+0530] {subprocess.py:106} INFO -   optional int32 year;
[2026-01-29T20:04:04.819+0530] {subprocess.py:106} INFO -   optional double temp_lag_1;
[2026-01-29T20:04:04.819+0530] {subprocess.py:106} INFO -   optional double temp_lag_2;
[2026-01-29T20:04:04.820+0530] {subprocess.py:106} INFO -   optional double temp_rolling_3;
[2026-01-29T20:04:04.820+0530] {subprocess.py:106} INFO -   optional group features {
[2026-01-29T20:04:04.820+0530] {subprocess.py:106} INFO -     required int32 type (INTEGER(8,true));
[2026-01-29T20:04:04.820+0530] {subprocess.py:106} INFO -     optional int32 size;
[2026-01-29T20:04:04.820+0530] {subprocess.py:106} INFO -     optional group indices (LIST) {
[2026-01-29T20:04:04.820+0530] {subprocess.py:106} INFO -       repeated group list {
[2026-01-29T20:04:04.820+0530] {subprocess.py:106} INFO -         required int32 element;
[2026-01-29T20:04:04.820+0530] {subprocess.py:106} INFO -       }
[2026-01-29T20:04:04.821+0530] {subprocess.py:106} INFO -     }
[2026-01-29T20:04:04.821+0530] {subprocess.py:106} INFO -     optional group values (LIST) {
[2026-01-29T20:04:04.821+0530] {subprocess.py:106} INFO -       repeated group list {
[2026-01-29T20:04:04.821+0530] {subprocess.py:106} INFO -         required double element;
[2026-01-29T20:04:04.821+0530] {subprocess.py:106} INFO -       }
[2026-01-29T20:04:04.821+0530] {subprocess.py:106} INFO -     }
[2026-01-29T20:04:04.821+0530] {subprocess.py:106} INFO -   }
[2026-01-29T20:04:04.821+0530] {subprocess.py:106} INFO -   optional group scaled_features {
[2026-01-29T20:04:04.822+0530] {subprocess.py:106} INFO -     required int32 type (INTEGER(8,true));
[2026-01-29T20:04:04.822+0530] {subprocess.py:106} INFO -     optional int32 size;
[2026-01-29T20:04:04.822+0530] {subprocess.py:106} INFO -     optional group indices (LIST) {
[2026-01-29T20:04:04.822+0530] {subprocess.py:106} INFO -       repeated group list {
[2026-01-29T20:04:04.822+0530] {subprocess.py:106} INFO -         required int32 element;
[2026-01-29T20:04:04.822+0530] {subprocess.py:106} INFO -       }
[2026-01-29T20:04:04.822+0530] {subprocess.py:106} INFO -     }
[2026-01-29T20:04:04.822+0530] {subprocess.py:106} INFO -     optional group values (LIST) {
[2026-01-29T20:04:04.823+0530] {subprocess.py:106} INFO -       repeated group list {
[2026-01-29T20:04:04.823+0530] {subprocess.py:106} INFO -         required double element;
[2026-01-29T20:04:04.823+0530] {subprocess.py:106} INFO -       }
[2026-01-29T20:04:04.823+0530] {subprocess.py:106} INFO -     }
[2026-01-29T20:04:04.823+0530] {subprocess.py:106} INFO -   }
[2026-01-29T20:04:04.823+0530] {subprocess.py:106} INFO - }
[2026-01-29T20:04:04.823+0530] {subprocess.py:106} INFO - 
[2026-01-29T20:04:04.823+0530] {subprocess.py:106} INFO - 
[2026-01-29T20:04:04.823+0530] {subprocess.py:106} INFO - 26/01/29 20:04:04 INFO ParquetWriteSupport: Initialized Parquet WriteSupport with Catalyst schema:
[2026-01-29T20:04:04.824+0530] {subprocess.py:106} INFO - {
[2026-01-29T20:04:04.824+0530] {subprocess.py:106} INFO -   "type" : "struct",
[2026-01-29T20:04:04.824+0530] {subprocess.py:106} INFO -   "fields" : [ {
[2026-01-29T20:04:04.824+0530] {subprocess.py:106} INFO -     "name" : "city",
[2026-01-29T20:04:04.824+0530] {subprocess.py:106} INFO -     "type" : "string",
[2026-01-29T20:04:04.824+0530] {subprocess.py:106} INFO -     "nullable" : true,
[2026-01-29T20:04:04.824+0530] {subprocess.py:106} INFO -     "metadata" : { }
[2026-01-29T20:04:04.824+0530] {subprocess.py:106} INFO -   }, {
[2026-01-29T20:04:04.825+0530] {subprocess.py:106} INFO -     "name" : "date",
[2026-01-29T20:04:04.825+0530] {subprocess.py:106} INFO -     "type" : "date",
[2026-01-29T20:04:04.825+0530] {subprocess.py:106} INFO -     "nullable" : true,
[2026-01-29T20:04:04.825+0530] {subprocess.py:106} INFO -     "metadata" : { }
[2026-01-29T20:04:04.825+0530] {subprocess.py:106} INFO -   }, {
[2026-01-29T20:04:04.825+0530] {subprocess.py:106} INFO -     "name" : "temperature_2m_max",
[2026-01-29T20:04:04.825+0530] {subprocess.py:106} INFO -     "type" : "double",
[2026-01-29T20:04:04.825+0530] {subprocess.py:106} INFO -     "nullable" : true,
[2026-01-29T20:04:04.825+0530] {subprocess.py:106} INFO -     "metadata" : { }
[2026-01-29T20:04:04.826+0530] {subprocess.py:106} INFO -   }, {
[2026-01-29T20:04:04.826+0530] {subprocess.py:106} INFO -     "name" : "temperature_2m_min",
[2026-01-29T20:04:04.826+0530] {subprocess.py:106} INFO -     "type" : "double",
[2026-01-29T20:04:04.826+0530] {subprocess.py:106} INFO -     "nullable" : true,
[2026-01-29T20:04:04.826+0530] {subprocess.py:106} INFO -     "metadata" : { }
[2026-01-29T20:04:04.826+0530] {subprocess.py:106} INFO -   }, {
[2026-01-29T20:04:04.826+0530] {subprocess.py:106} INFO -     "name" : "apparent_temperature_max",
[2026-01-29T20:04:04.826+0530] {subprocess.py:106} INFO -     "type" : "double",
[2026-01-29T20:04:04.827+0530] {subprocess.py:106} INFO -     "nullable" : true,
[2026-01-29T20:04:04.827+0530] {subprocess.py:106} INFO -     "metadata" : { }
[2026-01-29T20:04:04.827+0530] {subprocess.py:106} INFO -   }, {
[2026-01-29T20:04:04.827+0530] {subprocess.py:106} INFO -     "name" : "apparent_temperature_min",
[2026-01-29T20:04:04.827+0530] {subprocess.py:106} INFO -     "type" : "double",
[2026-01-29T20:04:04.827+0530] {subprocess.py:106} INFO -     "nullable" : true,
[2026-01-29T20:04:04.827+0530] {subprocess.py:106} INFO -     "metadata" : { }
[2026-01-29T20:04:04.827+0530] {subprocess.py:106} INFO -   }, {
[2026-01-29T20:04:04.827+0530] {subprocess.py:106} INFO -     "name" : "precipitation_sum",
[2026-01-29T20:04:04.828+0530] {subprocess.py:106} INFO -     "type" : "double",
[2026-01-29T20:04:04.828+0530] {subprocess.py:106} INFO -     "nullable" : true,
[2026-01-29T20:04:04.828+0530] {subprocess.py:106} INFO -     "metadata" : { }
[2026-01-29T20:04:04.828+0530] {subprocess.py:106} INFO -   }, {
[2026-01-29T20:04:04.828+0530] {subprocess.py:106} INFO -     "name" : "rain_sum",
[2026-01-29T20:04:04.828+0530] {subprocess.py:106} INFO -     "type" : "double",
[2026-01-29T20:04:04.828+0530] {subprocess.py:106} INFO -     "nullable" : true,
[2026-01-29T20:04:04.828+0530] {subprocess.py:106} INFO -     "metadata" : { }
[2026-01-29T20:04:04.829+0530] {subprocess.py:106} INFO -   }, {
[2026-01-29T20:04:04.829+0530] {subprocess.py:106} INFO -     "name" : "weather_code",
[2026-01-29T20:04:04.829+0530] {subprocess.py:106} INFO -     "type" : "integer",
[2026-01-29T20:04:04.829+0530] {subprocess.py:106} INFO -     "nullable" : true,
[2026-01-29T20:04:04.829+0530] {subprocess.py:106} INFO -     "metadata" : { }
[2026-01-29T20:04:04.829+0530] {subprocess.py:106} INFO -   }, {
[2026-01-29T20:04:04.829+0530] {subprocess.py:106} INFO -     "name" : "wind_speed_10m_max",
[2026-01-29T20:04:04.830+0530] {subprocess.py:106} INFO -     "type" : "double",
[2026-01-29T20:04:04.830+0530] {subprocess.py:106} INFO -     "nullable" : true,
[2026-01-29T20:04:04.830+0530] {subprocess.py:106} INFO -     "metadata" : { }
[2026-01-29T20:04:04.830+0530] {subprocess.py:106} INFO -   }, {
[2026-01-29T20:04:04.830+0530] {subprocess.py:106} INFO -     "name" : "wind_gusts_10m_max",
[2026-01-29T20:04:04.830+0530] {subprocess.py:106} INFO -     "type" : "double",
[2026-01-29T20:04:04.830+0530] {subprocess.py:106} INFO -     "nullable" : true,
[2026-01-29T20:04:04.830+0530] {subprocess.py:106} INFO -     "metadata" : { }
[2026-01-29T20:04:04.831+0530] {subprocess.py:106} INFO -   }, {
[2026-01-29T20:04:04.831+0530] {subprocess.py:106} INFO -     "name" : "wind_direction_10m_dominant",
[2026-01-29T20:04:04.831+0530] {subprocess.py:106} INFO -     "type" : "integer",
[2026-01-29T20:04:04.831+0530] {subprocess.py:106} INFO -     "nullable" : true,
[2026-01-29T20:04:04.831+0530] {subprocess.py:106} INFO -     "metadata" : { }
[2026-01-29T20:04:04.831+0530] {subprocess.py:106} INFO -   }, {
[2026-01-29T20:04:04.831+0530] {subprocess.py:106} INFO -     "name" : "city_index",
[2026-01-29T20:04:04.831+0530] {subprocess.py:106} INFO -     "type" : "double",
[2026-01-29T20:04:04.831+0530] {subprocess.py:106} INFO -     "nullable" : false,
[2026-01-29T20:04:04.832+0530] {subprocess.py:106} INFO -     "metadata" : {
[2026-01-29T20:04:04.832+0530] {subprocess.py:106} INFO -       "ml_attr" : {
[2026-01-29T20:04:04.832+0530] {subprocess.py:106} INFO -         "type" : "nominal",
[2026-01-29T20:04:04.832+0530] {subprocess.py:106} INFO -         "vals" : [ "Ahmedabad", "Bangalore", "Chennai", "Delhi", "Hyderabad", "Jaipur", "Kolkata", "Lucknow", "Mumbai", "Pune", "__unknown" ],
[2026-01-29T20:04:04.832+0530] {subprocess.py:106} INFO -         "name" : "city_index"
[2026-01-29T20:04:04.832+0530] {subprocess.py:106} INFO -       }
[2026-01-29T20:04:04.832+0530] {subprocess.py:106} INFO -     }
[2026-01-29T20:04:04.832+0530] {subprocess.py:106} INFO -   }, {
[2026-01-29T20:04:04.833+0530] {subprocess.py:106} INFO -     "name" : "city_vector",
[2026-01-29T20:04:04.833+0530] {subprocess.py:106} INFO -     "type" : {
[2026-01-29T20:04:04.833+0530] {subprocess.py:106} INFO -       "type" : "udt",
[2026-01-29T20:04:04.833+0530] {subprocess.py:106} INFO -       "class" : "org.apache.spark.ml.linalg.VectorUDT",
[2026-01-29T20:04:04.833+0530] {subprocess.py:106} INFO -       "pyClass" : "pyspark.ml.linalg.VectorUDT",
[2026-01-29T20:04:04.833+0530] {subprocess.py:106} INFO -       "sqlType" : {
[2026-01-29T20:04:04.833+0530] {subprocess.py:106} INFO -         "type" : "struct",
[2026-01-29T20:04:04.833+0530] {subprocess.py:106} INFO -         "fields" : [ {
[2026-01-29T20:04:04.834+0530] {subprocess.py:106} INFO -           "name" : "type",
[2026-01-29T20:04:04.834+0530] {subprocess.py:106} INFO -           "type" : "byte",
[2026-01-29T20:04:04.834+0530] {subprocess.py:106} INFO -           "nullable" : false,
[2026-01-29T20:04:04.834+0530] {subprocess.py:106} INFO -           "metadata" : { }
[2026-01-29T20:04:04.834+0530] {subprocess.py:106} INFO -         }, {
[2026-01-29T20:04:04.834+0530] {subprocess.py:106} INFO -           "name" : "size",
[2026-01-29T20:04:04.834+0530] {subprocess.py:106} INFO -           "type" : "integer",
[2026-01-29T20:04:04.834+0530] {subprocess.py:106} INFO -           "nullable" : true,
[2026-01-29T20:04:04.834+0530] {subprocess.py:106} INFO -           "metadata" : { }
[2026-01-29T20:04:04.835+0530] {subprocess.py:106} INFO -         }, {
[2026-01-29T20:04:04.835+0530] {subprocess.py:106} INFO -           "name" : "indices",
[2026-01-29T20:04:04.835+0530] {subprocess.py:106} INFO -           "type" : {
[2026-01-29T20:04:04.835+0530] {subprocess.py:106} INFO -             "type" : "array",
[2026-01-29T20:04:04.835+0530] {subprocess.py:106} INFO -             "elementType" : "integer",
[2026-01-29T20:04:04.835+0530] {subprocess.py:106} INFO -             "containsNull" : false
[2026-01-29T20:04:04.835+0530] {subprocess.py:106} INFO -           },
[2026-01-29T20:04:04.835+0530] {subprocess.py:106} INFO -           "nullable" : true,
[2026-01-29T20:04:04.836+0530] {subprocess.py:106} INFO -           "metadata" : { }
[2026-01-29T20:04:04.836+0530] {subprocess.py:106} INFO -         }, {
[2026-01-29T20:04:04.836+0530] {subprocess.py:106} INFO -           "name" : "values",
[2026-01-29T20:04:04.836+0530] {subprocess.py:106} INFO -           "type" : {
[2026-01-29T20:04:04.836+0530] {subprocess.py:106} INFO -             "type" : "array",
[2026-01-29T20:04:04.836+0530] {subprocess.py:106} INFO -             "elementType" : "double",
[2026-01-29T20:04:04.836+0530] {subprocess.py:106} INFO -             "containsNull" : false
[2026-01-29T20:04:04.836+0530] {subprocess.py:106} INFO -           },
[2026-01-29T20:04:04.836+0530] {subprocess.py:106} INFO -           "nullable" : true,
[2026-01-29T20:04:04.837+0530] {subprocess.py:106} INFO -           "metadata" : { }
[2026-01-29T20:04:04.837+0530] {subprocess.py:106} INFO -         } ]
[2026-01-29T20:04:04.837+0530] {subprocess.py:106} INFO -       }
[2026-01-29T20:04:04.837+0530] {subprocess.py:106} INFO -     },
[2026-01-29T20:04:04.837+0530] {subprocess.py:106} INFO -     "nullable" : true,
[2026-01-29T20:04:04.837+0530] {subprocess.py:106} INFO -     "metadata" : {
[2026-01-29T20:04:04.837+0530] {subprocess.py:106} INFO -       "ml_attr" : {
[2026-01-29T20:04:04.837+0530] {subprocess.py:106} INFO -         "attrs" : {
[2026-01-29T20:04:04.837+0530] {subprocess.py:106} INFO -           "binary" : [ {
[2026-01-29T20:04:04.838+0530] {subprocess.py:106} INFO -             "idx" : 0,
[2026-01-29T20:04:04.838+0530] {subprocess.py:106} INFO -             "name" : "Ahmedabad"
[2026-01-29T20:04:04.838+0530] {subprocess.py:106} INFO -           }, {
[2026-01-29T20:04:04.838+0530] {subprocess.py:106} INFO -             "idx" : 1,
[2026-01-29T20:04:04.838+0530] {subprocess.py:106} INFO -             "name" : "Bangalore"
[2026-01-29T20:04:04.838+0530] {subprocess.py:106} INFO -           }, {
[2026-01-29T20:04:04.838+0530] {subprocess.py:106} INFO -             "idx" : 2,
[2026-01-29T20:04:04.838+0530] {subprocess.py:106} INFO -             "name" : "Chennai"
[2026-01-29T20:04:04.839+0530] {subprocess.py:106} INFO -           }, {
[2026-01-29T20:04:04.839+0530] {subprocess.py:106} INFO -             "idx" : 3,
[2026-01-29T20:04:04.839+0530] {subprocess.py:106} INFO -             "name" : "Delhi"
[2026-01-29T20:04:04.839+0530] {subprocess.py:106} INFO -           }, {
[2026-01-29T20:04:04.839+0530] {subprocess.py:106} INFO -             "idx" : 4,
[2026-01-29T20:04:04.839+0530] {subprocess.py:106} INFO -             "name" : "Hyderabad"
[2026-01-29T20:04:04.839+0530] {subprocess.py:106} INFO -           }, {
[2026-01-29T20:04:04.839+0530] {subprocess.py:106} INFO -             "idx" : 5,
[2026-01-29T20:04:04.839+0530] {subprocess.py:106} INFO -             "name" : "Jaipur"
[2026-01-29T20:04:04.840+0530] {subprocess.py:106} INFO -           }, {
[2026-01-29T20:04:04.840+0530] {subprocess.py:106} INFO -             "idx" : 6,
[2026-01-29T20:04:04.840+0530] {subprocess.py:106} INFO -             "name" : "Kolkata"
[2026-01-29T20:04:04.840+0530] {subprocess.py:106} INFO -           }, {
[2026-01-29T20:04:04.840+0530] {subprocess.py:106} INFO -             "idx" : 7,
[2026-01-29T20:04:04.840+0530] {subprocess.py:106} INFO -             "name" : "Lucknow"
[2026-01-29T20:04:04.840+0530] {subprocess.py:106} INFO -           }, {
[2026-01-29T20:04:04.840+0530] {subprocess.py:106} INFO -             "idx" : 8,
[2026-01-29T20:04:04.840+0530] {subprocess.py:106} INFO -             "name" : "Mumbai"
[2026-01-29T20:04:04.841+0530] {subprocess.py:106} INFO -           }, {
[2026-01-29T20:04:04.841+0530] {subprocess.py:106} INFO -             "idx" : 9,
[2026-01-29T20:04:04.841+0530] {subprocess.py:106} INFO -             "name" : "Pune"
[2026-01-29T20:04:04.841+0530] {subprocess.py:106} INFO -           } ]
[2026-01-29T20:04:04.841+0530] {subprocess.py:106} INFO -         },
[2026-01-29T20:04:04.841+0530] {subprocess.py:106} INFO -         "num_attrs" : 10
[2026-01-29T20:04:04.841+0530] {subprocess.py:106} INFO -       }
[2026-01-29T20:04:04.841+0530] {subprocess.py:106} INFO -     }
[2026-01-29T20:04:04.842+0530] {subprocess.py:106} INFO -   }, {
[2026-01-29T20:04:04.842+0530] {subprocess.py:106} INFO -     "name" : "rain_sum_log",
[2026-01-29T20:04:04.842+0530] {subprocess.py:106} INFO -     "type" : "double",
[2026-01-29T20:04:04.842+0530] {subprocess.py:106} INFO -     "nullable" : true,
[2026-01-29T20:04:04.842+0530] {subprocess.py:106} INFO -     "metadata" : { }
[2026-01-29T20:04:04.842+0530] {subprocess.py:106} INFO -   }, {
[2026-01-29T20:04:04.842+0530] {subprocess.py:106} INFO -     "name" : "precipitation_sum_log",
[2026-01-29T20:04:04.842+0530] {subprocess.py:106} INFO -     "type" : "double",
[2026-01-29T20:04:04.842+0530] {subprocess.py:106} INFO -     "nullable" : true,
[2026-01-29T20:04:04.843+0530] {subprocess.py:106} INFO -     "metadata" : { }
[2026-01-29T20:04:04.843+0530] {subprocess.py:106} INFO -   }, {
[2026-01-29T20:04:04.843+0530] {subprocess.py:106} INFO -     "name" : "day",
[2026-01-29T20:04:04.843+0530] {subprocess.py:106} INFO -     "type" : "integer",
[2026-01-29T20:04:04.843+0530] {subprocess.py:106} INFO -     "nullable" : true,
[2026-01-29T20:04:04.843+0530] {subprocess.py:106} INFO -     "metadata" : { }
[2026-01-29T20:04:04.843+0530] {subprocess.py:106} INFO -   }, {
[2026-01-29T20:04:04.843+0530] {subprocess.py:106} INFO -     "name" : "month",
[2026-01-29T20:04:04.844+0530] {subprocess.py:106} INFO -     "type" : "integer",
[2026-01-29T20:04:04.844+0530] {subprocess.py:106} INFO -     "nullable" : true,
[2026-01-29T20:04:04.844+0530] {subprocess.py:106} INFO -     "metadata" : { }
[2026-01-29T20:04:04.844+0530] {subprocess.py:106} INFO -   }, {
[2026-01-29T20:04:04.844+0530] {subprocess.py:106} INFO -     "name" : "day_of_week",
[2026-01-29T20:04:04.844+0530] {subprocess.py:106} INFO -     "type" : "integer",
[2026-01-29T20:04:04.844+0530] {subprocess.py:106} INFO -     "nullable" : true,
[2026-01-29T20:04:04.844+0530] {subprocess.py:106} INFO -     "metadata" : { }
[2026-01-29T20:04:04.845+0530] {subprocess.py:106} INFO -   }, {
[2026-01-29T20:04:04.845+0530] {subprocess.py:106} INFO -     "name" : "year",
[2026-01-29T20:04:04.845+0530] {subprocess.py:106} INFO -     "type" : "integer",
[2026-01-29T20:04:04.845+0530] {subprocess.py:106} INFO -     "nullable" : true,
[2026-01-29T20:04:04.845+0530] {subprocess.py:106} INFO -     "metadata" : { }
[2026-01-29T20:04:04.845+0530] {subprocess.py:106} INFO -   }, {
[2026-01-29T20:04:04.845+0530] {subprocess.py:106} INFO -     "name" : "temp_lag_1",
[2026-01-29T20:04:04.845+0530] {subprocess.py:106} INFO -     "type" : "double",
[2026-01-29T20:04:04.846+0530] {subprocess.py:106} INFO -     "nullable" : true,
[2026-01-29T20:04:04.846+0530] {subprocess.py:106} INFO -     "metadata" : { }
[2026-01-29T20:04:04.846+0530] {subprocess.py:106} INFO -   }, {
[2026-01-29T20:04:04.846+0530] {subprocess.py:106} INFO -     "name" : "temp_lag_2",
[2026-01-29T20:04:04.846+0530] {subprocess.py:106} INFO -     "type" : "double",
[2026-01-29T20:04:04.846+0530] {subprocess.py:106} INFO -     "nullable" : true,
[2026-01-29T20:04:04.846+0530] {subprocess.py:106} INFO -     "metadata" : { }
[2026-01-29T20:04:04.846+0530] {subprocess.py:106} INFO -   }, {
[2026-01-29T20:04:04.847+0530] {subprocess.py:106} INFO -     "name" : "temp_rolling_3",
[2026-01-29T20:04:04.847+0530] {subprocess.py:106} INFO -     "type" : "double",
[2026-01-29T20:04:04.847+0530] {subprocess.py:106} INFO -     "nullable" : true,
[2026-01-29T20:04:04.847+0530] {subprocess.py:106} INFO -     "metadata" : { }
[2026-01-29T20:04:04.847+0530] {subprocess.py:106} INFO -   }, {
[2026-01-29T20:04:04.847+0530] {subprocess.py:106} INFO -     "name" : "features",
[2026-01-29T20:04:04.847+0530] {subprocess.py:106} INFO -     "type" : {
[2026-01-29T20:04:04.847+0530] {subprocess.py:106} INFO -       "type" : "udt",
[2026-01-29T20:04:04.848+0530] {subprocess.py:106} INFO -       "class" : "org.apache.spark.ml.linalg.VectorUDT",
[2026-01-29T20:04:04.848+0530] {subprocess.py:106} INFO -       "pyClass" : "pyspark.ml.linalg.VectorUDT",
[2026-01-29T20:04:04.848+0530] {subprocess.py:106} INFO -       "sqlType" : {
[2026-01-29T20:04:04.848+0530] {subprocess.py:106} INFO -         "type" : "struct",
[2026-01-29T20:04:04.848+0530] {subprocess.py:106} INFO -         "fields" : [ {
[2026-01-29T20:04:04.848+0530] {subprocess.py:106} INFO -           "name" : "type",
[2026-01-29T20:04:04.848+0530] {subprocess.py:106} INFO -           "type" : "byte",
[2026-01-29T20:04:04.848+0530] {subprocess.py:106} INFO -           "nullable" : false,
[2026-01-29T20:04:04.848+0530] {subprocess.py:106} INFO -           "metadata" : { }
[2026-01-29T20:04:04.849+0530] {subprocess.py:106} INFO -         }, {
[2026-01-29T20:04:04.849+0530] {subprocess.py:106} INFO -           "name" : "size",
[2026-01-29T20:04:04.849+0530] {subprocess.py:106} INFO -           "type" : "integer",
[2026-01-29T20:04:04.849+0530] {subprocess.py:106} INFO -           "nullable" : true,
[2026-01-29T20:04:04.849+0530] {subprocess.py:106} INFO -           "metadata" : { }
[2026-01-29T20:04:04.849+0530] {subprocess.py:106} INFO -         }, {
[2026-01-29T20:04:04.849+0530] {subprocess.py:106} INFO -           "name" : "indices",
[2026-01-29T20:04:04.849+0530] {subprocess.py:106} INFO -           "type" : {
[2026-01-29T20:04:04.849+0530] {subprocess.py:106} INFO -             "type" : "array",
[2026-01-29T20:04:04.849+0530] {subprocess.py:106} INFO -             "elementType" : "integer",
[2026-01-29T20:04:04.850+0530] {subprocess.py:106} INFO -             "containsNull" : false
[2026-01-29T20:04:04.850+0530] {subprocess.py:106} INFO -           },
[2026-01-29T20:04:04.850+0530] {subprocess.py:106} INFO -           "nullable" : true,
[2026-01-29T20:04:04.850+0530] {subprocess.py:106} INFO -           "metadata" : { }
[2026-01-29T20:04:04.850+0530] {subprocess.py:106} INFO -         }, {
[2026-01-29T20:04:04.850+0530] {subprocess.py:106} INFO -           "name" : "values",
[2026-01-29T20:04:04.850+0530] {subprocess.py:106} INFO -           "type" : {
[2026-01-29T20:04:04.850+0530] {subprocess.py:106} INFO -             "type" : "array",
[2026-01-29T20:04:04.851+0530] {subprocess.py:106} INFO -             "elementType" : "double",
[2026-01-29T20:04:04.851+0530] {subprocess.py:106} INFO -             "containsNull" : false
[2026-01-29T20:04:04.851+0530] {subprocess.py:106} INFO -           },
[2026-01-29T20:04:04.851+0530] {subprocess.py:106} INFO -           "nullable" : true,
[2026-01-29T20:04:04.851+0530] {subprocess.py:106} INFO -           "metadata" : { }
[2026-01-29T20:04:04.851+0530] {subprocess.py:106} INFO -         } ]
[2026-01-29T20:04:04.851+0530] {subprocess.py:106} INFO -       }
[2026-01-29T20:04:04.851+0530] {subprocess.py:106} INFO -     },
[2026-01-29T20:04:04.852+0530] {subprocess.py:106} INFO -     "nullable" : true,
[2026-01-29T20:04:04.852+0530] {subprocess.py:106} INFO -     "metadata" : {
[2026-01-29T20:04:04.852+0530] {subprocess.py:106} INFO -       "ml_attr" : {
[2026-01-29T20:04:04.852+0530] {subprocess.py:106} INFO -         "attrs" : {
[2026-01-29T20:04:04.852+0530] {subprocess.py:106} INFO -           "numeric" : [ {
[2026-01-29T20:04:04.852+0530] {subprocess.py:106} INFO -             "idx" : 0,
[2026-01-29T20:04:04.852+0530] {subprocess.py:106} INFO -             "name" : "temperature_2m_max"
[2026-01-29T20:04:04.852+0530] {subprocess.py:106} INFO -           }, {
[2026-01-29T20:04:04.852+0530] {subprocess.py:106} INFO -             "idx" : 1,
[2026-01-29T20:04:04.853+0530] {subprocess.py:106} INFO -             "name" : "temperature_2m_min"
[2026-01-29T20:04:04.853+0530] {subprocess.py:106} INFO -           }, {
[2026-01-29T20:04:04.853+0530] {subprocess.py:106} INFO -             "idx" : 2,
[2026-01-29T20:04:04.853+0530] {subprocess.py:106} INFO -             "name" : "apparent_temperature_max"
[2026-01-29T20:04:04.853+0530] {subprocess.py:106} INFO -           }, {
[2026-01-29T20:04:04.853+0530] {subprocess.py:106} INFO -             "idx" : 3,
[2026-01-29T20:04:04.853+0530] {subprocess.py:106} INFO -             "name" : "apparent_temperature_min"
[2026-01-29T20:04:04.853+0530] {subprocess.py:106} INFO -           }, {
[2026-01-29T20:04:04.853+0530] {subprocess.py:106} INFO -             "idx" : 4,
[2026-01-29T20:04:04.854+0530] {subprocess.py:106} INFO -             "name" : "wind_speed_10m_max"
[2026-01-29T20:04:04.854+0530] {subprocess.py:106} INFO -           }, {
[2026-01-29T20:04:04.854+0530] {subprocess.py:106} INFO -             "idx" : 5,
[2026-01-29T20:04:04.854+0530] {subprocess.py:106} INFO -             "name" : "wind_gusts_10m_max"
[2026-01-29T20:04:04.854+0530] {subprocess.py:106} INFO -           }, {
[2026-01-29T20:04:04.854+0530] {subprocess.py:106} INFO -             "idx" : 6,
[2026-01-29T20:04:04.854+0530] {subprocess.py:106} INFO -             "name" : "rain_sum_log"
[2026-01-29T20:04:04.854+0530] {subprocess.py:106} INFO -           }, {
[2026-01-29T20:04:04.855+0530] {subprocess.py:106} INFO -             "idx" : 7,
[2026-01-29T20:04:04.855+0530] {subprocess.py:106} INFO -             "name" : "temp_lag_1"
[2026-01-29T20:04:04.855+0530] {subprocess.py:106} INFO -           }, {
[2026-01-29T20:04:04.855+0530] {subprocess.py:106} INFO -             "idx" : 8,
[2026-01-29T20:04:04.855+0530] {subprocess.py:106} INFO -             "name" : "temp_lag_2"
[2026-01-29T20:04:04.855+0530] {subprocess.py:106} INFO -           }, {
[2026-01-29T20:04:04.855+0530] {subprocess.py:106} INFO -             "idx" : 9,
[2026-01-29T20:04:04.855+0530] {subprocess.py:106} INFO -             "name" : "temp_rolling_3"
[2026-01-29T20:04:04.856+0530] {subprocess.py:106} INFO -           } ]
[2026-01-29T20:04:04.856+0530] {subprocess.py:106} INFO -         },
[2026-01-29T20:04:04.856+0530] {subprocess.py:106} INFO -         "num_attrs" : 10
[2026-01-29T20:04:04.856+0530] {subprocess.py:106} INFO -       }
[2026-01-29T20:04:04.856+0530] {subprocess.py:106} INFO -     }
[2026-01-29T20:04:04.856+0530] {subprocess.py:106} INFO -   }, {
[2026-01-29T20:04:04.856+0530] {subprocess.py:106} INFO -     "name" : "scaled_features",
[2026-01-29T20:04:04.856+0530] {subprocess.py:106} INFO -     "type" : {
[2026-01-29T20:04:04.856+0530] {subprocess.py:106} INFO -       "type" : "udt",
[2026-01-29T20:04:04.857+0530] {subprocess.py:106} INFO -       "class" : "org.apache.spark.ml.linalg.VectorUDT",
[2026-01-29T20:04:04.857+0530] {subprocess.py:106} INFO -       "pyClass" : "pyspark.ml.linalg.VectorUDT",
[2026-01-29T20:04:04.857+0530] {subprocess.py:106} INFO -       "sqlType" : {
[2026-01-29T20:04:04.857+0530] {subprocess.py:106} INFO -         "type" : "struct",
[2026-01-29T20:04:04.857+0530] {subprocess.py:106} INFO -         "fields" : [ {
[2026-01-29T20:04:04.857+0530] {subprocess.py:106} INFO -           "name" : "type",
[2026-01-29T20:04:04.857+0530] {subprocess.py:106} INFO -           "type" : "byte",
[2026-01-29T20:04:04.857+0530] {subprocess.py:106} INFO -           "nullable" : false,
[2026-01-29T20:04:04.857+0530] {subprocess.py:106} INFO -           "metadata" : { }
[2026-01-29T20:04:04.858+0530] {subprocess.py:106} INFO -         }, {
[2026-01-29T20:04:04.858+0530] {subprocess.py:106} INFO -           "name" : "size",
[2026-01-29T20:04:04.858+0530] {subprocess.py:106} INFO -           "type" : "integer",
[2026-01-29T20:04:04.858+0530] {subprocess.py:106} INFO -           "nullable" : true,
[2026-01-29T20:04:04.858+0530] {subprocess.py:106} INFO -           "metadata" : { }
[2026-01-29T20:04:04.858+0530] {subprocess.py:106} INFO -         }, {
[2026-01-29T20:04:04.858+0530] {subprocess.py:106} INFO -           "name" : "indices",
[2026-01-29T20:04:04.858+0530] {subprocess.py:106} INFO -           "type" : {
[2026-01-29T20:04:04.859+0530] {subprocess.py:106} INFO -             "type" : "array",
[2026-01-29T20:04:04.859+0530] {subprocess.py:106} INFO -             "elementType" : "integer",
[2026-01-29T20:04:04.859+0530] {subprocess.py:106} INFO -             "containsNull" : false
[2026-01-29T20:04:04.859+0530] {subprocess.py:106} INFO -           },
[2026-01-29T20:04:04.859+0530] {subprocess.py:106} INFO -           "nullable" : true,
[2026-01-29T20:04:04.859+0530] {subprocess.py:106} INFO -           "metadata" : { }
[2026-01-29T20:04:04.859+0530] {subprocess.py:106} INFO -         }, {
[2026-01-29T20:04:04.859+0530] {subprocess.py:106} INFO -           "name" : "values",
[2026-01-29T20:04:04.860+0530] {subprocess.py:106} INFO -           "type" : {
[2026-01-29T20:04:04.860+0530] {subprocess.py:106} INFO -             "type" : "array",
[2026-01-29T20:04:04.860+0530] {subprocess.py:106} INFO -             "elementType" : "double",
[2026-01-29T20:04:04.860+0530] {subprocess.py:106} INFO -             "containsNull" : false
[2026-01-29T20:04:04.860+0530] {subprocess.py:106} INFO -           },
[2026-01-29T20:04:04.860+0530] {subprocess.py:106} INFO -           "nullable" : true,
[2026-01-29T20:04:04.860+0530] {subprocess.py:106} INFO -           "metadata" : { }
[2026-01-29T20:04:04.860+0530] {subprocess.py:106} INFO -         } ]
[2026-01-29T20:04:04.860+0530] {subprocess.py:106} INFO -       }
[2026-01-29T20:04:04.861+0530] {subprocess.py:106} INFO -     },
[2026-01-29T20:04:04.861+0530] {subprocess.py:106} INFO -     "nullable" : true,
[2026-01-29T20:04:04.861+0530] {subprocess.py:106} INFO -     "metadata" : {
[2026-01-29T20:04:04.861+0530] {subprocess.py:106} INFO -       "ml_attr" : {
[2026-01-29T20:04:04.861+0530] {subprocess.py:106} INFO -         "num_attrs" : 10
[2026-01-29T20:04:04.861+0530] {subprocess.py:106} INFO -       }
[2026-01-29T20:04:04.861+0530] {subprocess.py:106} INFO -     }
[2026-01-29T20:04:04.861+0530] {subprocess.py:106} INFO -   } ]
[2026-01-29T20:04:04.862+0530] {subprocess.py:106} INFO - }
[2026-01-29T20:04:04.862+0530] {subprocess.py:106} INFO - and corresponding Parquet message type:
[2026-01-29T20:04:04.862+0530] {subprocess.py:106} INFO - message spark_schema {
[2026-01-29T20:04:04.862+0530] {subprocess.py:106} INFO -   optional binary city (STRING);
[2026-01-29T20:04:04.862+0530] {subprocess.py:106} INFO -   optional int32 date (DATE);
[2026-01-29T20:04:04.862+0530] {subprocess.py:106} INFO -   optional double temperature_2m_max;
[2026-01-29T20:04:04.862+0530] {subprocess.py:106} INFO -   optional double temperature_2m_min;
[2026-01-29T20:04:04.862+0530] {subprocess.py:106} INFO -   optional double apparent_temperature_max;
[2026-01-29T20:04:04.862+0530] {subprocess.py:106} INFO -   optional double apparent_temperature_min;
[2026-01-29T20:04:04.862+0530] {subprocess.py:106} INFO -   optional double precipitation_sum;
[2026-01-29T20:04:04.863+0530] {subprocess.py:106} INFO -   optional double rain_sum;
[2026-01-29T20:04:04.863+0530] {subprocess.py:106} INFO -   optional int32 weather_code;
[2026-01-29T20:04:04.863+0530] {subprocess.py:106} INFO -   optional double wind_speed_10m_max;
[2026-01-29T20:04:04.863+0530] {subprocess.py:106} INFO -   optional double wind_gusts_10m_max;
[2026-01-29T20:04:04.863+0530] {subprocess.py:106} INFO -   optional int32 wind_direction_10m_dominant;
[2026-01-29T20:04:04.863+0530] {subprocess.py:106} INFO -   required double city_index;
[2026-01-29T20:04:04.863+0530] {subprocess.py:106} INFO -   optional group city_vector {
[2026-01-29T20:04:04.863+0530] {subprocess.py:106} INFO -     required int32 type (INTEGER(8,true));
[2026-01-29T20:04:04.863+0530] {subprocess.py:106} INFO -     optional int32 size;
[2026-01-29T20:04:04.864+0530] {subprocess.py:106} INFO -     optional group indices (LIST) {
[2026-01-29T20:04:04.864+0530] {subprocess.py:106} INFO -       repeated group list {
[2026-01-29T20:04:04.864+0530] {subprocess.py:106} INFO -         required int32 element;
[2026-01-29T20:04:04.864+0530] {subprocess.py:106} INFO -       }
[2026-01-29T20:04:04.864+0530] {subprocess.py:106} INFO -     }
[2026-01-29T20:04:04.864+0530] {subprocess.py:106} INFO -     optional group values (LIST) {
[2026-01-29T20:04:04.864+0530] {subprocess.py:106} INFO -       repeated group list {
[2026-01-29T20:04:04.864+0530] {subprocess.py:106} INFO -         required double element;
[2026-01-29T20:04:04.864+0530] {subprocess.py:106} INFO -       }
[2026-01-29T20:04:04.864+0530] {subprocess.py:106} INFO -     }
[2026-01-29T20:04:04.865+0530] {subprocess.py:106} INFO -   }
[2026-01-29T20:04:04.865+0530] {subprocess.py:106} INFO -   optional double rain_sum_log;
[2026-01-29T20:04:04.865+0530] {subprocess.py:106} INFO -   optional double precipitation_sum_log;
[2026-01-29T20:04:04.865+0530] {subprocess.py:106} INFO -   optional int32 day;
[2026-01-29T20:04:04.865+0530] {subprocess.py:106} INFO -   optional int32 month;
[2026-01-29T20:04:04.865+0530] {subprocess.py:106} INFO -   optional int32 day_of_week;
[2026-01-29T20:04:04.865+0530] {subprocess.py:106} INFO -   optional int32 year;
[2026-01-29T20:04:04.865+0530] {subprocess.py:106} INFO -   optional double temp_lag_1;
[2026-01-29T20:04:04.865+0530] {subprocess.py:106} INFO -   optional double temp_lag_2;
[2026-01-29T20:04:04.866+0530] {subprocess.py:106} INFO -   optional double temp_rolling_3;
[2026-01-29T20:04:04.866+0530] {subprocess.py:106} INFO -   optional group features {
[2026-01-29T20:04:04.866+0530] {subprocess.py:106} INFO -     required int32 type (INTEGER(8,true));
[2026-01-29T20:04:04.866+0530] {subprocess.py:106} INFO -     optional int32 size;
[2026-01-29T20:04:04.866+0530] {subprocess.py:106} INFO -     optional group indices (LIST) {
[2026-01-29T20:04:04.866+0530] {subprocess.py:106} INFO -       repeated group list {
[2026-01-29T20:04:04.866+0530] {subprocess.py:106} INFO -         required int32 element;
[2026-01-29T20:04:04.866+0530] {subprocess.py:106} INFO -       }
[2026-01-29T20:04:04.866+0530] {subprocess.py:106} INFO -     }
[2026-01-29T20:04:04.867+0530] {subprocess.py:106} INFO -     optional group values (LIST) {
[2026-01-29T20:04:04.867+0530] {subprocess.py:106} INFO -       repeated group list {
[2026-01-29T20:04:04.867+0530] {subprocess.py:106} INFO -         required double element;
[2026-01-29T20:04:04.867+0530] {subprocess.py:106} INFO -       }
[2026-01-29T20:04:04.867+0530] {subprocess.py:106} INFO -     }
[2026-01-29T20:04:04.867+0530] {subprocess.py:106} INFO -   }
[2026-01-29T20:04:04.867+0530] {subprocess.py:106} INFO -   optional group scaled_features {
[2026-01-29T20:04:04.867+0530] {subprocess.py:106} INFO -     required int32 type (INTEGER(8,true));
[2026-01-29T20:04:04.867+0530] {subprocess.py:106} INFO -     optional int32 size;
[2026-01-29T20:04:04.868+0530] {subprocess.py:106} INFO -     optional group indices (LIST) {
[2026-01-29T20:04:04.868+0530] {subprocess.py:106} INFO -       repeated group list {
[2026-01-29T20:04:04.868+0530] {subprocess.py:106} INFO -         required int32 element;
[2026-01-29T20:04:04.868+0530] {subprocess.py:106} INFO -       }
[2026-01-29T20:04:04.868+0530] {subprocess.py:106} INFO -     }
[2026-01-29T20:04:04.868+0530] {subprocess.py:106} INFO -     optional group values (LIST) {
[2026-01-29T20:04:04.868+0530] {subprocess.py:106} INFO -       repeated group list {
[2026-01-29T20:04:04.868+0530] {subprocess.py:106} INFO -         required double element;
[2026-01-29T20:04:04.868+0530] {subprocess.py:106} INFO -       }
[2026-01-29T20:04:04.869+0530] {subprocess.py:106} INFO -     }
[2026-01-29T20:04:04.869+0530] {subprocess.py:106} INFO -   }
[2026-01-29T20:04:04.869+0530] {subprocess.py:106} INFO - }
[2026-01-29T20:04:04.869+0530] {subprocess.py:106} INFO - 
[2026-01-29T20:04:04.869+0530] {subprocess.py:106} INFO - 
[2026-01-29T20:04:04.869+0530] {subprocess.py:106} INFO - 26/01/29 20:04:04 INFO CodecPool: Got brand-new compressor [.snappy]
[2026-01-29T20:04:04.869+0530] {subprocess.py:106} INFO - 26/01/29 20:04:04 INFO CodecPool: Got brand-new compressor [.snappy]
[2026-01-29T20:04:04.869+0530] {subprocess.py:106} INFO - 26/01/29 20:04:04 INFO CodecPool: Got brand-new compressor [.snappy]
[2026-01-29T20:04:04.869+0530] {subprocess.py:106} INFO - 26/01/29 20:04:04 INFO CodecPool: Got brand-new compressor [.snappy]
[2026-01-29T20:04:04.998+0530] {subprocess.py:106} INFO - 26/01/29 20:04:04 INFO ExternalAppendOnlyUnsafeRowArray: Reached spill threshold of 4096 rows, switching to org.apache.spark.util.collection.unsafe.sort.UnsafeExternalSorter
[2026-01-29T20:04:05.253+0530] {subprocess.py:106} INFO - 26/01/29 20:04:05 INFO BlockManagerInfo: Removed broadcast_136_piece0 on Aishwarya92848DBDA:42547 in memory (size: 23.6 KiB, free: 366.1 MiB)
[2026-01-29T20:04:05.387+0530] {subprocess.py:106} INFO - 26/01/29 20:04:05 INFO ExternalAppendOnlyUnsafeRowArray: Reached spill threshold of 4096 rows, switching to org.apache.spark.util.collection.unsafe.sort.UnsafeExternalSorter
[2026-01-29T20:04:05.402+0530] {subprocess.py:106} INFO - 26/01/29 20:04:05 INFO ExternalAppendOnlyUnsafeRowArray: Reached spill threshold of 4096 rows, switching to org.apache.spark.util.collection.unsafe.sort.UnsafeExternalSorter
[2026-01-29T20:04:05.456+0530] {subprocess.py:106} INFO - 26/01/29 20:04:05 INFO ExternalAppendOnlyUnsafeRowArray: Reached spill threshold of 4096 rows, switching to org.apache.spark.util.collection.unsafe.sort.UnsafeExternalSorter
[2026-01-29T20:04:05.461+0530] {subprocess.py:106} INFO - 26/01/29 20:04:05 INFO ExternalAppendOnlyUnsafeRowArray: Reached spill threshold of 4096 rows, switching to org.apache.spark.util.collection.unsafe.sort.UnsafeExternalSorter
[2026-01-29T20:04:05.697+0530] {subprocess.py:106} INFO - 26/01/29 20:04:05 INFO ExternalAppendOnlyUnsafeRowArray: Reached spill threshold of 4096 rows, switching to org.apache.spark.util.collection.unsafe.sort.UnsafeExternalSorter
[2026-01-29T20:04:05.702+0530] {subprocess.py:106} INFO - 26/01/29 20:04:05 INFO ExternalAppendOnlyUnsafeRowArray: Reached spill threshold of 4096 rows, switching to org.apache.spark.util.collection.unsafe.sort.UnsafeExternalSorter
[2026-01-29T20:04:06.089+0530] {subprocess.py:106} INFO - 26/01/29 20:04:06 INFO FileOutputCommitter: Saved output of task 'attempt_202601292004047671544679180173342_0121_m_000001_141' to hdfs://localhost:9000/weather/data/processed/weather_processed.parquet/_temporary/0/task_202601292004047671544679180173342_0121_m_000001
[2026-01-29T20:04:06.089+0530] {subprocess.py:106} INFO - 26/01/29 20:04:06 INFO FileOutputCommitter: Saved output of task 'attempt_202601292004047671544679180173342_0121_m_000002_142' to hdfs://localhost:9000/weather/data/processed/weather_processed.parquet/_temporary/0/task_202601292004047671544679180173342_0121_m_000002
[2026-01-29T20:04:06.089+0530] {subprocess.py:106} INFO - 26/01/29 20:04:06 INFO FileOutputCommitter: Saved output of task 'attempt_202601292004047671544679180173342_0121_m_000003_143' to hdfs://localhost:9000/weather/data/processed/weather_processed.parquet/_temporary/0/task_202601292004047671544679180173342_0121_m_000003
[2026-01-29T20:04:06.090+0530] {subprocess.py:106} INFO - 26/01/29 20:04:06 INFO FileOutputCommitter: Saved output of task 'attempt_202601292004047671544679180173342_0121_m_000000_140' to hdfs://localhost:9000/weather/data/processed/weather_processed.parquet/_temporary/0/task_202601292004047671544679180173342_0121_m_000000
[2026-01-29T20:04:06.090+0530] {subprocess.py:106} INFO - 26/01/29 20:04:06 INFO SparkHadoopMapRedUtil: attempt_202601292004047671544679180173342_0121_m_000003_143: Committed. Elapsed time: 7 ms.
[2026-01-29T20:04:06.090+0530] {subprocess.py:106} INFO - 26/01/29 20:04:06 INFO SparkHadoopMapRedUtil: attempt_202601292004047671544679180173342_0121_m_000002_142: Committed. Elapsed time: 7 ms.
[2026-01-29T20:04:06.090+0530] {subprocess.py:106} INFO - 26/01/29 20:04:06 INFO SparkHadoopMapRedUtil: attempt_202601292004047671544679180173342_0121_m_000000_140: Committed. Elapsed time: 7 ms.
[2026-01-29T20:04:06.090+0530] {subprocess.py:106} INFO - 26/01/29 20:04:06 INFO SparkHadoopMapRedUtil: attempt_202601292004047671544679180173342_0121_m_000001_141: Committed. Elapsed time: 6 ms.
[2026-01-29T20:04:06.095+0530] {subprocess.py:106} INFO - 26/01/29 20:04:06 INFO Executor: Finished task 1.0 in stage 121.0 (TID 141). 5763 bytes result sent to driver
[2026-01-29T20:04:06.096+0530] {subprocess.py:106} INFO - 26/01/29 20:04:06 INFO Executor: Finished task 2.0 in stage 121.0 (TID 142). 5763 bytes result sent to driver
[2026-01-29T20:04:06.096+0530] {subprocess.py:106} INFO - 26/01/29 20:04:06 INFO Executor: Finished task 0.0 in stage 121.0 (TID 140). 5763 bytes result sent to driver
[2026-01-29T20:04:06.096+0530] {subprocess.py:106} INFO - 26/01/29 20:04:06 INFO Executor: Finished task 3.0 in stage 121.0 (TID 143). 5763 bytes result sent to driver
[2026-01-29T20:04:06.097+0530] {subprocess.py:106} INFO - 26/01/29 20:04:06 INFO TaskSetManager: Finished task 0.0 in stage 121.0 (TID 140) in 1630 ms on Aishwarya92848DBDA (executor driver) (1/4)
[2026-01-29T20:04:06.097+0530] {subprocess.py:106} INFO - 26/01/29 20:04:06 INFO TaskSetManager: Finished task 1.0 in stage 121.0 (TID 141) in 1631 ms on Aishwarya92848DBDA (executor driver) (2/4)
[2026-01-29T20:04:06.097+0530] {subprocess.py:106} INFO - 26/01/29 20:04:06 INFO TaskSetManager: Finished task 2.0 in stage 121.0 (TID 142) in 1631 ms on Aishwarya92848DBDA (executor driver) (3/4)
[2026-01-29T20:04:06.097+0530] {subprocess.py:106} INFO - 26/01/29 20:04:06 INFO TaskSetManager: Finished task 3.0 in stage 121.0 (TID 143) in 1631 ms on Aishwarya92848DBDA (executor driver) (4/4)
[2026-01-29T20:04:06.098+0530] {subprocess.py:106} INFO - 26/01/29 20:04:06 INFO TaskSchedulerImpl: Removed TaskSet 121.0, whose tasks have all completed, from pool
[2026-01-29T20:04:06.098+0530] {subprocess.py:106} INFO - 26/01/29 20:04:06 INFO DAGScheduler: ResultStage 121 (parquet at NativeMethodAccessorImpl.java:0) finished in 1.653 s
[2026-01-29T20:04:06.099+0530] {subprocess.py:106} INFO - 26/01/29 20:04:06 INFO DAGScheduler: Job 84 is finished. Cancelling potential speculative or zombie tasks for this job
[2026-01-29T20:04:06.099+0530] {subprocess.py:106} INFO - 26/01/29 20:04:06 INFO TaskSchedulerImpl: Killing all running tasks in stage 121: Stage finished
[2026-01-29T20:04:06.113+0530] {subprocess.py:106} INFO - 26/01/29 20:04:06 INFO DAGScheduler: Job 84 finished: parquet at NativeMethodAccessorImpl.java:0, took 1.655874 s
[2026-01-29T20:04:06.115+0530] {subprocess.py:106} INFO - 26/01/29 20:04:06 INFO FileFormatWriter: Start to commit write Job 01dfa160-cb64-423f-8ef9-3ae47cb7920e.
[2026-01-29T20:04:06.141+0530] {subprocess.py:106} INFO - 26/01/29 20:04:06 INFO FileFormatWriter: Write Job 01dfa160-cb64-423f-8ef9-3ae47cb7920e committed. Elapsed time: 24 ms.
[2026-01-29T20:04:06.143+0530] {subprocess.py:106} INFO - 26/01/29 20:04:06 INFO FileFormatWriter: Finished processing stats for write job 01dfa160-cb64-423f-8ef9-3ae47cb7920e.
[2026-01-29T20:04:06.146+0530] {subprocess.py:106} INFO - 26/01/29 20:04:06 INFO SparkContext: SparkContext is stopping with exitCode 0.
[2026-01-29T20:04:06.157+0530] {subprocess.py:106} INFO - 26/01/29 20:04:06 INFO SparkUI: Stopped Spark web UI at http://Aishwarya92848DBDA:4040
[2026-01-29T20:04:06.169+0530] {subprocess.py:106} INFO - 26/01/29 20:04:06 INFO MapOutputTrackerMasterEndpoint: MapOutputTrackerMasterEndpoint stopped!
[2026-01-29T20:04:06.195+0530] {subprocess.py:106} INFO - 26/01/29 20:04:06 INFO MemoryStore: MemoryStore cleared
[2026-01-29T20:04:06.195+0530] {subprocess.py:106} INFO - 26/01/29 20:04:06 INFO BlockManager: BlockManager stopped
[2026-01-29T20:04:06.198+0530] {subprocess.py:106} INFO - 26/01/29 20:04:06 INFO BlockManagerMaster: BlockManagerMaster stopped
[2026-01-29T20:04:06.202+0530] {subprocess.py:106} INFO - 26/01/29 20:04:06 INFO OutputCommitCoordinator$OutputCommitCoordinatorEndpoint: OutputCommitCoordinator stopped!
[2026-01-29T20:04:06.212+0530] {subprocess.py:106} INFO - 26/01/29 20:04:06 INFO SparkContext: Successfully stopped SparkContext
[2026-01-29T20:04:06.703+0530] {subprocess.py:106} INFO - 26/01/29 20:04:06 INFO ShutdownHookManager: Shutdown hook called
[2026-01-29T20:04:06.703+0530] {subprocess.py:106} INFO - 26/01/29 20:04:06 INFO ShutdownHookManager: Deleting directory /tmp/spark-904d6708-17ee-4409-a8ea-a5cf826f4d42
[2026-01-29T20:04:06.707+0530] {subprocess.py:106} INFO - 26/01/29 20:04:06 INFO ShutdownHookManager: Deleting directory /tmp/spark-c15fb408-cf55-413a-9c87-fcae4a648d5f
[2026-01-29T20:04:06.710+0530] {subprocess.py:106} INFO - 26/01/29 20:04:06 INFO ShutdownHookManager: Deleting directory /tmp/spark-904d6708-17ee-4409-a8ea-a5cf826f4d42/pyspark-898d41ca-8afa-4b7f-8190-92ec3f6c8478
[2026-01-29T20:04:06.814+0530] {subprocess.py:110} INFO - Command exited with return code 0
[2026-01-29T20:04:06.835+0530] {taskinstance.py:349} INFO - ::group::Post task execution logs
[2026-01-29T20:04:06.835+0530] {taskinstance.py:361} INFO - Marking task as SUCCESS. dag_id=weather_system_pipeline_finally, task_id=process_weather_data, run_id=manual__2026-01-29T14:29:37.808341+00:00, execution_date=20260129T142937, start_date=20260129T143337, end_date=20260129T143406
[2026-01-29T20:04:06.857+0530] {local_task_job_runner.py:266} INFO - Task exited with return code 0
[2026-01-29T20:04:06.870+0530] {taskinstance.py:3924} INFO - 1 downstream tasks scheduled from follow-on schedule check
[2026-01-29T20:04:06.872+0530] {local_task_job_runner.py:245} INFO - ::endgroup::
