[2026-01-29T16:41:35.575+0530] {local_task_job_runner.py:123} INFO - ::group::Pre task execution logs
[2026-01-29T16:41:35.587+0530] {taskinstance.py:2631} INFO - Dependencies all met for dep_context=non-requeueable deps ti=<TaskInstance: weather_system_pipeline_v4.process_weather_data scheduled__2026-01-27T00:00:00+00:00 [queued]>
[2026-01-29T16:41:35.592+0530] {taskinstance.py:2631} INFO - Dependencies all met for dep_context=requeueable deps ti=<TaskInstance: weather_system_pipeline_v4.process_weather_data scheduled__2026-01-27T00:00:00+00:00 [queued]>
[2026-01-29T16:41:35.593+0530] {taskinstance.py:2884} INFO - Starting attempt 1 of 4
[2026-01-29T16:41:35.602+0530] {taskinstance.py:2907} INFO - Executing <Task(BashOperator): process_weather_data> on 2026-01-27 00:00:00+00:00
[2026-01-29T16:41:35.606+0530] {standard_task_runner.py:72} INFO - Started process 45965 to run task
[2026-01-29T16:41:35.610+0530] {standard_task_runner.py:104} INFO - Running: ['airflow', 'tasks', 'run', 'weather_system_pipeline_v4', 'process_weather_data', 'scheduled__2026-01-27T00:00:00+00:00', '--job-id', '270', '--raw', '--subdir', 'DAGS_FOLDER/dag_2.py', '--cfg-path', '/tmp/tmpum_xrwe8']
[2026-01-29T16:41:35.611+0530] {standard_task_runner.py:105} INFO - Job 270: Subtask process_weather_data
[2026-01-29T16:41:35.641+0530] {task_command.py:467} INFO - Running <TaskInstance: weather_system_pipeline_v4.process_weather_data scheduled__2026-01-27T00:00:00+00:00 [running]> on host Aishwarya92848DBDA
[2026-01-29T16:41:35.689+0530] {taskinstance.py:3157} INFO - Exporting env vars: AIRFLOW_CTX_DAG_OWNER='Aishwarya' AIRFLOW_CTX_DAG_ID='weather_system_pipeline_v4' AIRFLOW_CTX_TASK_ID='process_weather_data' AIRFLOW_CTX_EXECUTION_DATE='2026-01-27T00:00:00+00:00' AIRFLOW_CTX_TRY_NUMBER='1' AIRFLOW_CTX_DAG_RUN_ID='scheduled__2026-01-27T00:00:00+00:00'
[2026-01-29T16:41:35.689+0530] {taskinstance.py:740} INFO - ::endgroup::
[2026-01-29T16:41:35.699+0530] {subprocess.py:78} INFO - Tmp dir root location: /tmp
[2026-01-29T16:41:35.699+0530] {subprocess.py:88} INFO - Running command: ['/usr/bin/bash', '-c', '\n     export SPARK_HOME=/home/hp/.local/lib/python3.10/site-packages/pyspark\n     export PATH=$SPARK_HOME/bin:$PATH\n     export PYSPARK_PYTHON=/home/hp/Desktop/Bigdata_project/BigData-Project/airflow-venv/bin/python\n\n     spark-submit --master local[2]      /home/hp/Desktop/Bigdata_project/BigData-Project/pre_processing.py\n    ']
[2026-01-29T16:41:35.708+0530] {subprocess.py:99} INFO - Output:
[2026-01-29T16:41:37.769+0530] {subprocess.py:106} INFO - 26/01/29 16:41:37 INFO SparkContext: Running Spark version 3.5.1
[2026-01-29T16:41:37.771+0530] {subprocess.py:106} INFO - 26/01/29 16:41:37 INFO SparkContext: OS info Linux, 6.8.0-90-generic, amd64
[2026-01-29T16:41:37.772+0530] {subprocess.py:106} INFO - 26/01/29 16:41:37 INFO SparkContext: Java version 1.8.0_472
[2026-01-29T16:41:37.819+0530] {subprocess.py:106} INFO - 26/01/29 16:41:37 WARN NativeCodeLoader: Unable to load native-hadoop library for your platform... using builtin-java classes where applicable
[2026-01-29T16:41:37.884+0530] {subprocess.py:106} INFO - 26/01/29 16:41:37 INFO ResourceUtils: ==============================================================
[2026-01-29T16:41:37.884+0530] {subprocess.py:106} INFO - 26/01/29 16:41:37 INFO ResourceUtils: No custom resources configured for spark.driver.
[2026-01-29T16:41:37.884+0530] {subprocess.py:106} INFO - 26/01/29 16:41:37 INFO ResourceUtils: ==============================================================
[2026-01-29T16:41:37.885+0530] {subprocess.py:106} INFO - 26/01/29 16:41:37 INFO SparkContext: Submitted application: WeatherSpark
[2026-01-29T16:41:37.906+0530] {subprocess.py:106} INFO - 26/01/29 16:41:37 INFO ResourceProfile: Default ResourceProfile created, executor resources: Map(cores -> name: cores, amount: 1, script: , vendor: , memory -> name: memory, amount: 1024, script: , vendor: , offHeap -> name: offHeap, amount: 0, script: , vendor: ), task resources: Map(cpus -> name: cpus, amount: 1.0)
[2026-01-29T16:41:37.917+0530] {subprocess.py:106} INFO - 26/01/29 16:41:37 INFO ResourceProfile: Limiting resource is cpu
[2026-01-29T16:41:37.917+0530] {subprocess.py:106} INFO - 26/01/29 16:41:37 INFO ResourceProfileManager: Added ResourceProfile id: 0
[2026-01-29T16:41:37.967+0530] {subprocess.py:106} INFO - 26/01/29 16:41:37 INFO SecurityManager: Changing view acls to: hp
[2026-01-29T16:41:37.968+0530] {subprocess.py:106} INFO - 26/01/29 16:41:37 INFO SecurityManager: Changing modify acls to: hp
[2026-01-29T16:41:37.968+0530] {subprocess.py:106} INFO - 26/01/29 16:41:37 INFO SecurityManager: Changing view acls groups to:
[2026-01-29T16:41:37.969+0530] {subprocess.py:106} INFO - 26/01/29 16:41:37 INFO SecurityManager: Changing modify acls groups to:
[2026-01-29T16:41:37.969+0530] {subprocess.py:106} INFO - 26/01/29 16:41:37 INFO SecurityManager: SecurityManager: authentication disabled; ui acls disabled; users with view permissions: hp; groups with view permissions: EMPTY; users with modify permissions: hp; groups with modify permissions: EMPTY
[2026-01-29T16:41:38.181+0530] {subprocess.py:106} INFO - 26/01/29 16:41:38 INFO Utils: Successfully started service 'sparkDriver' on port 39617.
[2026-01-29T16:41:38.206+0530] {subprocess.py:106} INFO - 26/01/29 16:41:38 INFO SparkEnv: Registering MapOutputTracker
[2026-01-29T16:41:38.234+0530] {subprocess.py:106} INFO - 26/01/29 16:41:38 INFO SparkEnv: Registering BlockManagerMaster
[2026-01-29T16:41:38.247+0530] {subprocess.py:106} INFO - 26/01/29 16:41:38 INFO BlockManagerMasterEndpoint: Using org.apache.spark.storage.DefaultTopologyMapper for getting topology information
[2026-01-29T16:41:38.248+0530] {subprocess.py:106} INFO - 26/01/29 16:41:38 INFO BlockManagerMasterEndpoint: BlockManagerMasterEndpoint up
[2026-01-29T16:41:38.251+0530] {subprocess.py:106} INFO - 26/01/29 16:41:38 INFO SparkEnv: Registering BlockManagerMasterHeartbeat
[2026-01-29T16:41:38.296+0530] {subprocess.py:106} INFO - 26/01/29 16:41:38 INFO DiskBlockManager: Created local directory at /tmp/blockmgr-a3809545-6d4f-473a-b718-20f6abe04168
[2026-01-29T16:41:38.307+0530] {subprocess.py:106} INFO - 26/01/29 16:41:38 INFO MemoryStore: MemoryStore started with capacity 366.3 MiB
[2026-01-29T16:41:38.321+0530] {subprocess.py:106} INFO - 26/01/29 16:41:38 INFO SparkEnv: Registering OutputCommitCoordinator
[2026-01-29T16:41:38.441+0530] {subprocess.py:106} INFO - 26/01/29 16:41:38 INFO JettyUtils: Start Jetty 0.0.0.0:4040 for SparkUI
[2026-01-29T16:41:38.494+0530] {subprocess.py:106} INFO - 26/01/29 16:41:38 INFO Utils: Successfully started service 'SparkUI' on port 4040.
[2026-01-29T16:41:38.576+0530] {subprocess.py:106} INFO - 26/01/29 16:41:38 INFO Executor: Starting executor ID driver on host Aishwarya92848DBDA
[2026-01-29T16:41:38.576+0530] {subprocess.py:106} INFO - 26/01/29 16:41:38 INFO Executor: OS info Linux, 6.8.0-90-generic, amd64
[2026-01-29T16:41:38.577+0530] {subprocess.py:106} INFO - 26/01/29 16:41:38 INFO Executor: Java version 1.8.0_472
[2026-01-29T16:41:38.584+0530] {subprocess.py:106} INFO - 26/01/29 16:41:38 INFO Executor: Starting executor with user classpath (userClassPathFirst = false): ''
[2026-01-29T16:41:38.584+0530] {subprocess.py:106} INFO - 26/01/29 16:41:38 INFO Executor: Created or updated repl class loader org.apache.spark.util.MutableURLClassLoader@1dd93a7d for default.
[2026-01-29T16:41:38.604+0530] {subprocess.py:106} INFO - 26/01/29 16:41:38 INFO Utils: Successfully started service 'org.apache.spark.network.netty.NettyBlockTransferService' on port 35477.
[2026-01-29T16:41:38.604+0530] {subprocess.py:106} INFO - 26/01/29 16:41:38 INFO NettyBlockTransferService: Server created on Aishwarya92848DBDA:35477
[2026-01-29T16:41:38.605+0530] {subprocess.py:106} INFO - 26/01/29 16:41:38 INFO BlockManager: Using org.apache.spark.storage.RandomBlockReplicationPolicy for block replication policy
[2026-01-29T16:41:38.610+0530] {subprocess.py:106} INFO - 26/01/29 16:41:38 INFO BlockManagerMaster: Registering BlockManager BlockManagerId(driver, Aishwarya92848DBDA, 35477, None)
[2026-01-29T16:41:38.614+0530] {subprocess.py:106} INFO - 26/01/29 16:41:38 INFO BlockManagerMasterEndpoint: Registering block manager Aishwarya92848DBDA:35477 with 366.3 MiB RAM, BlockManagerId(driver, Aishwarya92848DBDA, 35477, None)
[2026-01-29T16:41:38.616+0530] {subprocess.py:106} INFO - 26/01/29 16:41:38 INFO BlockManagerMaster: Registered BlockManager BlockManagerId(driver, Aishwarya92848DBDA, 35477, None)
[2026-01-29T16:41:38.617+0530] {subprocess.py:106} INFO - 26/01/29 16:41:38 INFO BlockManager: Initialized BlockManager: BlockManagerId(driver, Aishwarya92848DBDA, 35477, None)
[2026-01-29T16:41:39.021+0530] {subprocess.py:106} INFO - 26/01/29 16:41:39 INFO SharedState: Setting hive.metastore.warehouse.dir ('null') to the value of spark.sql.warehouse.dir.
[2026-01-29T16:41:39.027+0530] {subprocess.py:106} INFO - 26/01/29 16:41:39 INFO SharedState: Warehouse path is 'file:/tmp/airflowtmph6z8f3d1/spark-warehouse'.
[2026-01-29T16:41:40.181+0530] {subprocess.py:106} INFO - 26/01/29 16:41:40 INFO InMemoryFileIndex: It took 54 ms to list leaf files for 1 paths.
[2026-01-29T16:41:40.238+0530] {subprocess.py:106} INFO - 26/01/29 16:41:40 INFO InMemoryFileIndex: It took 5 ms to list leaf files for 1 paths.
[2026-01-29T16:41:42.092+0530] {subprocess.py:106} INFO - 26/01/29 16:41:42 INFO FileSourceStrategy: Pushed Filters:
[2026-01-29T16:41:42.095+0530] {subprocess.py:106} INFO - 26/01/29 16:41:42 INFO FileSourceStrategy: Post-Scan Filters: (length(trim(value#0, None)) > 0)
[2026-01-29T16:41:42.601+0530] {subprocess.py:106} INFO - 26/01/29 16:41:42 INFO CodeGenerator: Code generated in 164.637386 ms
[2026-01-29T16:41:42.909+0530] {subprocess.py:106} INFO - 26/01/29 16:41:42 INFO MemoryStore: Block broadcast_0 stored as values in memory (estimated size 350.3 KiB, free 366.0 MiB)
[2026-01-29T16:41:43.313+0530] {subprocess.py:106} INFO - 26/01/29 16:41:43 INFO MemoryStore: Block broadcast_0_piece0 stored as bytes in memory (estimated size 34.3 KiB, free 365.9 MiB)
[2026-01-29T16:41:43.334+0530] {subprocess.py:106} INFO - 26/01/29 16:41:43 INFO BlockManagerInfo: Added broadcast_0_piece0 in memory on Aishwarya92848DBDA:35477 (size: 34.3 KiB, free: 366.3 MiB)
[2026-01-29T16:41:43.366+0530] {subprocess.py:106} INFO - 26/01/29 16:41:43 INFO SparkContext: Created broadcast 0 from csv at NativeMethodAccessorImpl.java:0
[2026-01-29T16:41:43.463+0530] {subprocess.py:106} INFO - 26/01/29 16:41:43 INFO FileSourceScanExec: Planning scan with bin packing, max size: 4194304 bytes, open cost is considered as scanning 4194304 bytes.
[2026-01-29T16:41:44.462+0530] {subprocess.py:106} INFO - 26/01/29 16:41:44 INFO SparkContext: Starting job: csv at NativeMethodAccessorImpl.java:0
[2026-01-29T16:41:44.617+0530] {subprocess.py:106} INFO - 26/01/29 16:41:44 INFO DAGScheduler: Got job 0 (csv at NativeMethodAccessorImpl.java:0) with 1 output partitions
[2026-01-29T16:41:44.620+0530] {subprocess.py:106} INFO - 26/01/29 16:41:44 INFO DAGScheduler: Final stage: ResultStage 0 (csv at NativeMethodAccessorImpl.java:0)
[2026-01-29T16:41:44.623+0530] {subprocess.py:106} INFO - 26/01/29 16:41:44 INFO DAGScheduler: Parents of final stage: List()
[2026-01-29T16:41:44.639+0530] {subprocess.py:106} INFO - 26/01/29 16:41:44 INFO DAGScheduler: Missing parents: List()
[2026-01-29T16:41:44.674+0530] {subprocess.py:106} INFO - 26/01/29 16:41:44 INFO DAGScheduler: Submitting ResultStage 0 (MapPartitionsRDD[3] at csv at NativeMethodAccessorImpl.java:0), which has no missing parents
[2026-01-29T16:41:45.232+0530] {subprocess.py:106} INFO - 26/01/29 16:41:45 INFO MemoryStore: Block broadcast_1 stored as values in memory (estimated size 13.5 KiB, free 365.9 MiB)
[2026-01-29T16:41:45.252+0530] {subprocess.py:106} INFO - 26/01/29 16:41:45 INFO MemoryStore: Block broadcast_1_piece0 stored as bytes in memory (estimated size 6.4 KiB, free 365.9 MiB)
[2026-01-29T16:41:45.255+0530] {subprocess.py:106} INFO - 26/01/29 16:41:45 INFO BlockManagerInfo: Added broadcast_1_piece0 in memory on Aishwarya92848DBDA:35477 (size: 6.4 KiB, free: 366.3 MiB)
[2026-01-29T16:41:45.260+0530] {subprocess.py:106} INFO - 26/01/29 16:41:45 INFO SparkContext: Created broadcast 1 from broadcast at DAGScheduler.scala:1585
[2026-01-29T16:41:45.374+0530] {subprocess.py:106} INFO - 26/01/29 16:41:45 INFO DAGScheduler: Submitting 1 missing tasks from ResultStage 0 (MapPartitionsRDD[3] at csv at NativeMethodAccessorImpl.java:0) (first 15 tasks are for partitions Vector(0))
[2026-01-29T16:41:45.383+0530] {subprocess.py:106} INFO - 26/01/29 16:41:45 INFO TaskSchedulerImpl: Adding task set 0.0 with 1 tasks resource profile 0
[2026-01-29T16:41:45.740+0530] {subprocess.py:106} INFO - 26/01/29 16:41:45 INFO TaskSetManager: Starting task 0.0 in stage 0.0 (TID 0) (Aishwarya92848DBDA, executor driver, partition 0, NODE_LOCAL, 8241 bytes)
[2026-01-29T16:41:45.845+0530] {subprocess.py:106} INFO - 26/01/29 16:41:45 INFO Executor: Running task 0.0 in stage 0.0 (TID 0)
[2026-01-29T16:41:47.444+0530] {subprocess.py:106} INFO - 26/01/29 16:41:47 INFO CodeGenerator: Code generated in 13.00535 ms
[2026-01-29T16:41:47.449+0530] {subprocess.py:106} INFO - 26/01/29 16:41:47 INFO FileScanRDD: Reading File path: hdfs://localhost:9000/weather/data/raw_data/weather_dataset.csv, range: 0-4194304, partition values: [empty row]
[2026-01-29T16:41:47.466+0530] {subprocess.py:106} INFO - 26/01/29 16:41:47 INFO CodeGenerator: Code generated in 11.924938 ms
[2026-01-29T16:41:47.575+0530] {subprocess.py:106} INFO - 26/01/29 16:41:47 INFO Executor: Finished task 0.0 in stage 0.0 (TID 0). 1802 bytes result sent to driver
[2026-01-29T16:41:47.588+0530] {subprocess.py:106} INFO - 26/01/29 16:41:47 INFO TaskSetManager: Finished task 0.0 in stage 0.0 (TID 0) in 1948 ms on Aishwarya92848DBDA (executor driver) (1/1)
[2026-01-29T16:41:47.589+0530] {subprocess.py:106} INFO - 26/01/29 16:41:47 INFO TaskSchedulerImpl: Removed TaskSet 0.0, whose tasks have all completed, from pool
[2026-01-29T16:41:47.598+0530] {subprocess.py:106} INFO - 26/01/29 16:41:47 INFO DAGScheduler: ResultStage 0 (csv at NativeMethodAccessorImpl.java:0) finished in 2.819 s
[2026-01-29T16:41:47.603+0530] {subprocess.py:106} INFO - 26/01/29 16:41:47 INFO DAGScheduler: Job 0 is finished. Cancelling potential speculative or zombie tasks for this job
[2026-01-29T16:41:47.604+0530] {subprocess.py:106} INFO - 26/01/29 16:41:47 INFO TaskSchedulerImpl: Killing all running tasks in stage 0: Stage finished
[2026-01-29T16:41:47.606+0530] {subprocess.py:106} INFO - 26/01/29 16:41:47 INFO DAGScheduler: Job 0 finished: csv at NativeMethodAccessorImpl.java:0, took 3.143446 s
[2026-01-29T16:41:47.635+0530] {subprocess.py:106} INFO - 26/01/29 16:41:47 INFO CodeGenerator: Code generated in 14.658087 ms
[2026-01-29T16:41:47.691+0530] {subprocess.py:106} INFO - 26/01/29 16:41:47 INFO FileSourceStrategy: Pushed Filters:
[2026-01-29T16:41:47.691+0530] {subprocess.py:106} INFO - 26/01/29 16:41:47 INFO FileSourceStrategy: Post-Scan Filters:
[2026-01-29T16:41:47.699+0530] {subprocess.py:106} INFO - 26/01/29 16:41:47 INFO MemoryStore: Block broadcast_2 stored as values in memory (estimated size 350.3 KiB, free 365.6 MiB)
[2026-01-29T16:41:47.709+0530] {subprocess.py:106} INFO - 26/01/29 16:41:47 INFO MemoryStore: Block broadcast_2_piece0 stored as bytes in memory (estimated size 34.3 KiB, free 365.5 MiB)
[2026-01-29T16:41:47.710+0530] {subprocess.py:106} INFO - 26/01/29 16:41:47 INFO BlockManagerInfo: Added broadcast_2_piece0 in memory on Aishwarya92848DBDA:35477 (size: 34.3 KiB, free: 366.2 MiB)
[2026-01-29T16:41:47.711+0530] {subprocess.py:106} INFO - 26/01/29 16:41:47 INFO SparkContext: Created broadcast 2 from csv at NativeMethodAccessorImpl.java:0
[2026-01-29T16:41:47.713+0530] {subprocess.py:106} INFO - 26/01/29 16:41:47 INFO FileSourceScanExec: Planning scan with bin packing, max size: 4194304 bytes, open cost is considered as scanning 4194304 bytes.
[2026-01-29T16:41:47.787+0530] {subprocess.py:106} INFO - 26/01/29 16:41:47 INFO SparkContext: Starting job: csv at NativeMethodAccessorImpl.java:0
[2026-01-29T16:41:47.788+0530] {subprocess.py:106} INFO - 26/01/29 16:41:47 INFO DAGScheduler: Got job 1 (csv at NativeMethodAccessorImpl.java:0) with 2 output partitions
[2026-01-29T16:41:47.789+0530] {subprocess.py:106} INFO - 26/01/29 16:41:47 INFO DAGScheduler: Final stage: ResultStage 1 (csv at NativeMethodAccessorImpl.java:0)
[2026-01-29T16:41:47.789+0530] {subprocess.py:106} INFO - 26/01/29 16:41:47 INFO DAGScheduler: Parents of final stage: List()
[2026-01-29T16:41:47.791+0530] {subprocess.py:106} INFO - 26/01/29 16:41:47 INFO DAGScheduler: Missing parents: List()
[2026-01-29T16:41:47.792+0530] {subprocess.py:106} INFO - 26/01/29 16:41:47 INFO DAGScheduler: Submitting ResultStage 1 (MapPartitionsRDD[9] at csv at NativeMethodAccessorImpl.java:0), which has no missing parents
[2026-01-29T16:41:47.825+0530] {subprocess.py:106} INFO - 26/01/29 16:41:47 INFO MemoryStore: Block broadcast_3 stored as values in memory (estimated size 27.8 KiB, free 365.5 MiB)
[2026-01-29T16:41:47.827+0530] {subprocess.py:106} INFO - 26/01/29 16:41:47 INFO MemoryStore: Block broadcast_3_piece0 stored as bytes in memory (estimated size 12.8 KiB, free 365.5 MiB)
[2026-01-29T16:41:47.828+0530] {subprocess.py:106} INFO - 26/01/29 16:41:47 INFO BlockManagerInfo: Added broadcast_3_piece0 in memory on Aishwarya92848DBDA:35477 (size: 12.8 KiB, free: 366.2 MiB)
[2026-01-29T16:41:47.829+0530] {subprocess.py:106} INFO - 26/01/29 16:41:47 INFO SparkContext: Created broadcast 3 from broadcast at DAGScheduler.scala:1585
[2026-01-29T16:41:47.830+0530] {subprocess.py:106} INFO - 26/01/29 16:41:47 INFO DAGScheduler: Submitting 2 missing tasks from ResultStage 1 (MapPartitionsRDD[9] at csv at NativeMethodAccessorImpl.java:0) (first 15 tasks are for partitions Vector(0, 1))
[2026-01-29T16:41:47.830+0530] {subprocess.py:106} INFO - 26/01/29 16:41:47 INFO TaskSchedulerImpl: Adding task set 1.0 with 2 tasks resource profile 0
[2026-01-29T16:41:47.832+0530] {subprocess.py:106} INFO - 26/01/29 16:41:47 INFO TaskSetManager: Starting task 0.0 in stage 1.0 (TID 1) (Aishwarya92848DBDA, executor driver, partition 0, NODE_LOCAL, 8241 bytes)
[2026-01-29T16:41:47.832+0530] {subprocess.py:106} INFO - 26/01/29 16:41:47 INFO TaskSetManager: Starting task 1.0 in stage 1.0 (TID 2) (Aishwarya92848DBDA, executor driver, partition 1, NODE_LOCAL, 8241 bytes)
[2026-01-29T16:41:47.833+0530] {subprocess.py:106} INFO - 26/01/29 16:41:47 INFO Executor: Running task 0.0 in stage 1.0 (TID 1)
[2026-01-29T16:41:47.834+0530] {subprocess.py:106} INFO - 26/01/29 16:41:47 INFO Executor: Running task 1.0 in stage 1.0 (TID 2)
[2026-01-29T16:41:47.919+0530] {subprocess.py:106} INFO - 26/01/29 16:41:47 INFO CodeGenerator: Code generated in 8.407706 ms
[2026-01-29T16:41:47.922+0530] {subprocess.py:106} INFO - 26/01/29 16:41:47 INFO FileScanRDD: Reading File path: hdfs://localhost:9000/weather/data/raw_data/weather_dataset.csv, range: 0-4194304, partition values: [empty row]
[2026-01-29T16:41:47.922+0530] {subprocess.py:106} INFO - 26/01/29 16:41:47 INFO FileScanRDD: Reading File path: hdfs://localhost:9000/weather/data/raw_data/weather_dataset.csv, range: 4194304-6329103, partition values: [empty row]
[2026-01-29T16:41:48.207+0530] {subprocess.py:106} INFO - 26/01/29 16:41:48 INFO BlockManagerInfo: Removed broadcast_0_piece0 on Aishwarya92848DBDA:35477 in memory (size: 34.3 KiB, free: 366.2 MiB)
[2026-01-29T16:41:48.216+0530] {subprocess.py:106} INFO - 26/01/29 16:41:48 INFO BlockManagerInfo: Removed broadcast_1_piece0 on Aishwarya92848DBDA:35477 in memory (size: 6.4 KiB, free: 366.3 MiB)
[2026-01-29T16:41:48.289+0530] {subprocess.py:106} INFO - 26/01/29 16:41:48 INFO Executor: Finished task 1.0 in stage 1.0 (TID 2). 1805 bytes result sent to driver
[2026-01-29T16:41:48.292+0530] {subprocess.py:106} INFO - 26/01/29 16:41:48 INFO TaskSetManager: Finished task 1.0 in stage 1.0 (TID 2) in 459 ms on Aishwarya92848DBDA (executor driver) (1/2)
[2026-01-29T16:41:48.371+0530] {subprocess.py:106} INFO - 26/01/29 16:41:48 INFO Executor: Finished task 0.0 in stage 1.0 (TID 1). 1762 bytes result sent to driver
[2026-01-29T16:41:48.372+0530] {subprocess.py:106} INFO - 26/01/29 16:41:48 INFO TaskSetManager: Finished task 0.0 in stage 1.0 (TID 1) in 541 ms on Aishwarya92848DBDA (executor driver) (2/2)
[2026-01-29T16:41:48.373+0530] {subprocess.py:106} INFO - 26/01/29 16:41:48 INFO TaskSchedulerImpl: Removed TaskSet 1.0, whose tasks have all completed, from pool
[2026-01-29T16:41:48.374+0530] {subprocess.py:106} INFO - 26/01/29 16:41:48 INFO DAGScheduler: ResultStage 1 (csv at NativeMethodAccessorImpl.java:0) finished in 0.579 s
[2026-01-29T16:41:48.374+0530] {subprocess.py:106} INFO - 26/01/29 16:41:48 INFO DAGScheduler: Job 1 is finished. Cancelling potential speculative or zombie tasks for this job
[2026-01-29T16:41:48.374+0530] {subprocess.py:106} INFO - 26/01/29 16:41:48 INFO TaskSchedulerImpl: Killing all running tasks in stage 1: Stage finished
[2026-01-29T16:41:48.375+0530] {subprocess.py:106} INFO - 26/01/29 16:41:48 INFO DAGScheduler: Job 1 finished: csv at NativeMethodAccessorImpl.java:0, took 0.587816 s
[2026-01-29T16:41:48.420+0530] {subprocess.py:106} INFO - root
[2026-01-29T16:41:48.420+0530] {subprocess.py:106} INFO -  |-- city: string (nullable = true)
[2026-01-29T16:41:48.421+0530] {subprocess.py:106} INFO -  |-- date: date (nullable = true)
[2026-01-29T16:41:48.421+0530] {subprocess.py:106} INFO -  |-- temperature_2m_max: double (nullable = true)
[2026-01-29T16:41:48.421+0530] {subprocess.py:106} INFO -  |-- temperature_2m_min: double (nullable = true)
[2026-01-29T16:41:48.421+0530] {subprocess.py:106} INFO -  |-- apparent_temperature_max: double (nullable = true)
[2026-01-29T16:41:48.422+0530] {subprocess.py:106} INFO -  |-- apparent_temperature_min: double (nullable = true)
[2026-01-29T16:41:48.422+0530] {subprocess.py:106} INFO -  |-- precipitation_sum: double (nullable = true)
[2026-01-29T16:41:48.422+0530] {subprocess.py:106} INFO -  |-- rain_sum: double (nullable = true)
[2026-01-29T16:41:48.422+0530] {subprocess.py:106} INFO -  |-- weather_code: integer (nullable = true)
[2026-01-29T16:41:48.423+0530] {subprocess.py:106} INFO -  |-- wind_speed_10m_max: double (nullable = true)
[2026-01-29T16:41:48.423+0530] {subprocess.py:106} INFO -  |-- wind_gusts_10m_max: double (nullable = true)
[2026-01-29T16:41:48.423+0530] {subprocess.py:106} INFO -  |-- wind_direction_10m_dominant: integer (nullable = true)
[2026-01-29T16:41:48.423+0530] {subprocess.py:106} INFO - 
[2026-01-29T16:41:48.438+0530] {subprocess.py:106} INFO - 26/01/29 16:41:48 INFO BlockManagerInfo: Removed broadcast_3_piece0 on Aishwarya92848DBDA:35477 in memory (size: 12.8 KiB, free: 366.3 MiB)
[2026-01-29T16:41:48.441+0530] {subprocess.py:106} INFO - 26/01/29 16:41:48 INFO BlockManagerInfo: Removed broadcast_2_piece0 on Aishwarya92848DBDA:35477 in memory (size: 34.3 KiB, free: 366.3 MiB)
[2026-01-29T16:41:48.656+0530] {subprocess.py:106} INFO - 26/01/29 16:41:48 INFO FileSourceStrategy: Pushed Filters: Or(Or(Or(Or(IsNull(city),IsNull(date)),IsNull(temperature_2m_max)),Or(Or(IsNull(temperature_2m_min),IsNull(apparent_temperature_max)),IsNull(apparent_temperature_min))),Or(Or(Or(IsNull(precipitation_sum),IsNull(rain_sum)),IsNull(weather_code)),Or(Or(IsNull(wind_speed_10m_max),IsNull(wind_gusts_10m_max)),IsNull(wind_direction_10m_dominant))))
[2026-01-29T16:41:48.657+0530] {subprocess.py:106} INFO - 26/01/29 16:41:48 INFO FileSourceStrategy: Post-Scan Filters: ((((isnull(city#17) OR isnull(date#18)) OR isnull(temperature_2m_max#19)) OR ((isnull(temperature_2m_min#20) OR isnull(apparent_temperature_max#21)) OR isnull(apparent_temperature_min#22))) OR (((isnull(precipitation_sum#23) OR isnull(rain_sum#24)) OR isnull(weather_code#25)) OR ((isnull(wind_speed_10m_max#26) OR isnull(wind_gusts_10m_max#27)) OR isnull(wind_direction_10m_dominant#28))))
[2026-01-29T16:41:48.791+0530] {subprocess.py:106} INFO - 26/01/29 16:41:48 INFO CodeGenerator: Code generated in 28.699858 ms
[2026-01-29T16:41:48.796+0530] {subprocess.py:106} INFO - 26/01/29 16:41:48 INFO MemoryStore: Block broadcast_4 stored as values in memory (estimated size 350.2 KiB, free 366.0 MiB)
[2026-01-29T16:41:48.808+0530] {subprocess.py:106} INFO - 26/01/29 16:41:48 INFO MemoryStore: Block broadcast_4_piece0 stored as bytes in memory (estimated size 34.3 KiB, free 365.9 MiB)
[2026-01-29T16:41:48.809+0530] {subprocess.py:106} INFO - 26/01/29 16:41:48 INFO BlockManagerInfo: Added broadcast_4_piece0 in memory on Aishwarya92848DBDA:35477 (size: 34.3 KiB, free: 366.3 MiB)
[2026-01-29T16:41:48.810+0530] {subprocess.py:106} INFO - 26/01/29 16:41:48 INFO SparkContext: Created broadcast 4 from count at NativeMethodAccessorImpl.java:0
[2026-01-29T16:41:48.817+0530] {subprocess.py:106} INFO - 26/01/29 16:41:48 INFO FileSourceScanExec: Planning scan with bin packing, max size: 4194304 bytes, open cost is considered as scanning 4194304 bytes.
[2026-01-29T16:41:48.844+0530] {subprocess.py:106} INFO - 26/01/29 16:41:48 INFO DAGScheduler: Registering RDD 13 (count at NativeMethodAccessorImpl.java:0) as input to shuffle 0
[2026-01-29T16:41:48.847+0530] {subprocess.py:106} INFO - 26/01/29 16:41:48 INFO DAGScheduler: Got map stage job 2 (count at NativeMethodAccessorImpl.java:0) with 2 output partitions
[2026-01-29T16:41:48.848+0530] {subprocess.py:106} INFO - 26/01/29 16:41:48 INFO DAGScheduler: Final stage: ShuffleMapStage 2 (count at NativeMethodAccessorImpl.java:0)
[2026-01-29T16:41:48.848+0530] {subprocess.py:106} INFO - 26/01/29 16:41:48 INFO DAGScheduler: Parents of final stage: List()
[2026-01-29T16:41:48.849+0530] {subprocess.py:106} INFO - 26/01/29 16:41:48 INFO DAGScheduler: Missing parents: List()
[2026-01-29T16:41:48.850+0530] {subprocess.py:106} INFO - 26/01/29 16:41:48 INFO DAGScheduler: Submitting ShuffleMapStage 2 (MapPartitionsRDD[13] at count at NativeMethodAccessorImpl.java:0), which has no missing parents
[2026-01-29T16:41:48.862+0530] {subprocess.py:106} INFO - 26/01/29 16:41:48 INFO MemoryStore: Block broadcast_5 stored as values in memory (estimated size 22.8 KiB, free 365.9 MiB)
[2026-01-29T16:41:48.864+0530] {subprocess.py:106} INFO - 26/01/29 16:41:48 INFO MemoryStore: Block broadcast_5_piece0 stored as bytes in memory (estimated size 10.3 KiB, free 365.9 MiB)
[2026-01-29T16:41:48.864+0530] {subprocess.py:106} INFO - 26/01/29 16:41:48 INFO BlockManagerInfo: Added broadcast_5_piece0 in memory on Aishwarya92848DBDA:35477 (size: 10.3 KiB, free: 366.3 MiB)
[2026-01-29T16:41:48.865+0530] {subprocess.py:106} INFO - 26/01/29 16:41:48 INFO SparkContext: Created broadcast 5 from broadcast at DAGScheduler.scala:1585
[2026-01-29T16:41:48.866+0530] {subprocess.py:106} INFO - 26/01/29 16:41:48 INFO DAGScheduler: Submitting 2 missing tasks from ShuffleMapStage 2 (MapPartitionsRDD[13] at count at NativeMethodAccessorImpl.java:0) (first 15 tasks are for partitions Vector(0, 1))
[2026-01-29T16:41:48.867+0530] {subprocess.py:106} INFO - 26/01/29 16:41:48 INFO TaskSchedulerImpl: Adding task set 2.0 with 2 tasks resource profile 0
[2026-01-29T16:41:48.868+0530] {subprocess.py:106} INFO - 26/01/29 16:41:48 INFO TaskSetManager: Starting task 0.0 in stage 2.0 (TID 3) (Aishwarya92848DBDA, executor driver, partition 0, NODE_LOCAL, 8230 bytes)
[2026-01-29T16:41:48.869+0530] {subprocess.py:106} INFO - 26/01/29 16:41:48 INFO TaskSetManager: Starting task 1.0 in stage 2.0 (TID 4) (Aishwarya92848DBDA, executor driver, partition 1, NODE_LOCAL, 8230 bytes)
[2026-01-29T16:41:48.870+0530] {subprocess.py:106} INFO - 26/01/29 16:41:48 INFO Executor: Running task 1.0 in stage 2.0 (TID 4)
[2026-01-29T16:41:48.870+0530] {subprocess.py:106} INFO - 26/01/29 16:41:48 INFO Executor: Running task 0.0 in stage 2.0 (TID 3)
[2026-01-29T16:41:48.906+0530] {subprocess.py:106} INFO - 26/01/29 16:41:48 INFO CodeGenerator: Code generated in 18.452893 ms
[2026-01-29T16:41:48.917+0530] {subprocess.py:106} INFO - 26/01/29 16:41:48 INFO FileScanRDD: Reading File path: hdfs://localhost:9000/weather/data/raw_data/weather_dataset.csv, range: 0-4194304, partition values: [empty row]
[2026-01-29T16:41:48.917+0530] {subprocess.py:106} INFO - 26/01/29 16:41:48 INFO FileScanRDD: Reading File path: hdfs://localhost:9000/weather/data/raw_data/weather_dataset.csv, range: 4194304-6329103, partition values: [empty row]
[2026-01-29T16:41:48.943+0530] {subprocess.py:106} INFO - 26/01/29 16:41:48 INFO CodeGenerator: Code generated in 18.603466 ms
[2026-01-29T16:41:48.985+0530] {subprocess.py:106} INFO - 26/01/29 16:41:48 INFO CodeGenerator: Code generated in 12.400844 ms
[2026-01-29T16:41:49.241+0530] {subprocess.py:106} INFO - 26/01/29 16:41:49 INFO Executor: Finished task 1.0 in stage 2.0 (TID 4). 2076 bytes result sent to driver
[2026-01-29T16:41:49.243+0530] {subprocess.py:106} INFO - 26/01/29 16:41:49 INFO TaskSetManager: Finished task 1.0 in stage 2.0 (TID 4) in 375 ms on Aishwarya92848DBDA (executor driver) (1/2)
[2026-01-29T16:41:49.307+0530] {subprocess.py:106} INFO - 26/01/29 16:41:49 INFO Executor: Finished task 0.0 in stage 2.0 (TID 3). 1990 bytes result sent to driver
[2026-01-29T16:41:49.308+0530] {subprocess.py:106} INFO - 26/01/29 16:41:49 INFO TaskSetManager: Finished task 0.0 in stage 2.0 (TID 3) in 441 ms on Aishwarya92848DBDA (executor driver) (2/2)
[2026-01-29T16:41:49.308+0530] {subprocess.py:106} INFO - 26/01/29 16:41:49 INFO TaskSchedulerImpl: Removed TaskSet 2.0, whose tasks have all completed, from pool
[2026-01-29T16:41:49.309+0530] {subprocess.py:106} INFO - 26/01/29 16:41:49 INFO DAGScheduler: ShuffleMapStage 2 (count at NativeMethodAccessorImpl.java:0) finished in 0.457 s
[2026-01-29T16:41:49.309+0530] {subprocess.py:106} INFO - 26/01/29 16:41:49 INFO DAGScheduler: looking for newly runnable stages
[2026-01-29T16:41:49.310+0530] {subprocess.py:106} INFO - 26/01/29 16:41:49 INFO DAGScheduler: running: Set()
[2026-01-29T16:41:49.310+0530] {subprocess.py:106} INFO - 26/01/29 16:41:49 INFO DAGScheduler: waiting: Set()
[2026-01-29T16:41:49.310+0530] {subprocess.py:106} INFO - 26/01/29 16:41:49 INFO DAGScheduler: failed: Set()
[2026-01-29T16:41:49.351+0530] {subprocess.py:106} INFO - 26/01/29 16:41:49 INFO CodeGenerator: Code generated in 11.974884 ms
[2026-01-29T16:41:49.371+0530] {subprocess.py:106} INFO - 26/01/29 16:41:49 INFO SparkContext: Starting job: count at NativeMethodAccessorImpl.java:0
[2026-01-29T16:41:49.373+0530] {subprocess.py:106} INFO - 26/01/29 16:41:49 INFO DAGScheduler: Got job 3 (count at NativeMethodAccessorImpl.java:0) with 1 output partitions
[2026-01-29T16:41:49.374+0530] {subprocess.py:106} INFO - 26/01/29 16:41:49 INFO DAGScheduler: Final stage: ResultStage 4 (count at NativeMethodAccessorImpl.java:0)
[2026-01-29T16:41:49.374+0530] {subprocess.py:106} INFO - 26/01/29 16:41:49 INFO DAGScheduler: Parents of final stage: List(ShuffleMapStage 3)
[2026-01-29T16:41:49.374+0530] {subprocess.py:106} INFO - 26/01/29 16:41:49 INFO DAGScheduler: Missing parents: List()
[2026-01-29T16:41:49.375+0530] {subprocess.py:106} INFO - 26/01/29 16:41:49 INFO DAGScheduler: Submitting ResultStage 4 (MapPartitionsRDD[16] at count at NativeMethodAccessorImpl.java:0), which has no missing parents
[2026-01-29T16:41:49.383+0530] {subprocess.py:106} INFO - 26/01/29 16:41:49 INFO MemoryStore: Block broadcast_6 stored as values in memory (estimated size 12.5 KiB, free 365.9 MiB)
[2026-01-29T16:41:49.384+0530] {subprocess.py:106} INFO - 26/01/29 16:41:49 INFO MemoryStore: Block broadcast_6_piece0 stored as bytes in memory (estimated size 5.9 KiB, free 365.9 MiB)
[2026-01-29T16:41:49.385+0530] {subprocess.py:106} INFO - 26/01/29 16:41:49 INFO BlockManagerInfo: Added broadcast_6_piece0 in memory on Aishwarya92848DBDA:35477 (size: 5.9 KiB, free: 366.3 MiB)
[2026-01-29T16:41:49.385+0530] {subprocess.py:106} INFO - 26/01/29 16:41:49 INFO SparkContext: Created broadcast 6 from broadcast at DAGScheduler.scala:1585
[2026-01-29T16:41:49.386+0530] {subprocess.py:106} INFO - 26/01/29 16:41:49 INFO DAGScheduler: Submitting 1 missing tasks from ResultStage 4 (MapPartitionsRDD[16] at count at NativeMethodAccessorImpl.java:0) (first 15 tasks are for partitions Vector(0))
[2026-01-29T16:41:49.387+0530] {subprocess.py:106} INFO - 26/01/29 16:41:49 INFO TaskSchedulerImpl: Adding task set 4.0 with 1 tasks resource profile 0
[2026-01-29T16:41:49.389+0530] {subprocess.py:106} INFO - 26/01/29 16:41:49 INFO TaskSetManager: Starting task 0.0 in stage 4.0 (TID 5) (Aishwarya92848DBDA, executor driver, partition 0, NODE_LOCAL, 7615 bytes)
[2026-01-29T16:41:49.390+0530] {subprocess.py:106} INFO - 26/01/29 16:41:49 INFO Executor: Running task 0.0 in stage 4.0 (TID 5)
[2026-01-29T16:41:49.419+0530] {subprocess.py:106} INFO - 26/01/29 16:41:49 INFO ShuffleBlockFetcherIterator: Getting 2 (120.0 B) non-empty blocks including 2 (120.0 B) local and 0 (0.0 B) host-local and 0 (0.0 B) push-merged-local and 0 (0.0 B) remote blocks
[2026-01-29T16:41:49.421+0530] {subprocess.py:106} INFO - 26/01/29 16:41:49 INFO ShuffleBlockFetcherIterator: Started 0 remote fetches in 10 ms
[2026-01-29T16:41:49.440+0530] {subprocess.py:106} INFO - 26/01/29 16:41:49 INFO CodeGenerator: Code generated in 11.670152 ms
[2026-01-29T16:41:49.455+0530] {subprocess.py:106} INFO - 26/01/29 16:41:49 INFO Executor: Finished task 0.0 in stage 4.0 (TID 5). 3995 bytes result sent to driver
[2026-01-29T16:41:49.457+0530] {subprocess.py:106} INFO - 26/01/29 16:41:49 INFO TaskSetManager: Finished task 0.0 in stage 4.0 (TID 5) in 69 ms on Aishwarya92848DBDA (executor driver) (1/1)
[2026-01-29T16:41:49.458+0530] {subprocess.py:106} INFO - 26/01/29 16:41:49 INFO TaskSchedulerImpl: Removed TaskSet 4.0, whose tasks have all completed, from pool
[2026-01-29T16:41:49.459+0530] {subprocess.py:106} INFO - 26/01/29 16:41:49 INFO DAGScheduler: ResultStage 4 (count at NativeMethodAccessorImpl.java:0) finished in 0.079 s
[2026-01-29T16:41:49.459+0530] {subprocess.py:106} INFO - 26/01/29 16:41:49 INFO DAGScheduler: Job 3 is finished. Cancelling potential speculative or zombie tasks for this job
[2026-01-29T16:41:49.460+0530] {subprocess.py:106} INFO - 26/01/29 16:41:49 INFO TaskSchedulerImpl: Killing all running tasks in stage 4: Stage finished
[2026-01-29T16:41:49.460+0530] {subprocess.py:106} INFO - 26/01/29 16:41:49 INFO DAGScheduler: Job 3 finished: count at NativeMethodAccessorImpl.java:0, took 0.088207 s
[2026-01-29T16:41:49.778+0530] {subprocess.py:106} INFO - 26/01/29 16:41:49 INFO FileSourceStrategy: Pushed Filters:
[2026-01-29T16:41:49.778+0530] {subprocess.py:106} INFO - 26/01/29 16:41:49 INFO FileSourceStrategy: Post-Scan Filters:
[2026-01-29T16:41:49.791+0530] {subprocess.py:106} INFO - 26/01/29 16:41:49 INFO MemoryStore: Block broadcast_7 stored as values in memory (estimated size 350.2 KiB, free 365.5 MiB)
[2026-01-29T16:41:49.800+0530] {subprocess.py:106} INFO - 26/01/29 16:41:49 INFO MemoryStore: Block broadcast_7_piece0 stored as bytes in memory (estimated size 34.3 KiB, free 365.5 MiB)
[2026-01-29T16:41:49.800+0530] {subprocess.py:106} INFO - 26/01/29 16:41:49 INFO BlockManagerInfo: Added broadcast_7_piece0 in memory on Aishwarya92848DBDA:35477 (size: 34.3 KiB, free: 366.2 MiB)
[2026-01-29T16:41:49.801+0530] {subprocess.py:106} INFO - 26/01/29 16:41:49 INFO SparkContext: Created broadcast 7 from collect at StringIndexer.scala:204
[2026-01-29T16:41:49.802+0530] {subprocess.py:106} INFO - 26/01/29 16:41:49 INFO FileSourceScanExec: Planning scan with bin packing, max size: 4194304 bytes, open cost is considered as scanning 4194304 bytes.
[2026-01-29T16:41:49.808+0530] {subprocess.py:106} INFO - 26/01/29 16:41:49 INFO DAGScheduler: Registering RDD 20 (collect at StringIndexer.scala:204) as input to shuffle 1
[2026-01-29T16:41:49.808+0530] {subprocess.py:106} INFO - 26/01/29 16:41:49 INFO DAGScheduler: Got map stage job 4 (collect at StringIndexer.scala:204) with 2 output partitions
[2026-01-29T16:41:49.808+0530] {subprocess.py:106} INFO - 26/01/29 16:41:49 INFO DAGScheduler: Final stage: ShuffleMapStage 5 (collect at StringIndexer.scala:204)
[2026-01-29T16:41:49.809+0530] {subprocess.py:106} INFO - 26/01/29 16:41:49 INFO DAGScheduler: Parents of final stage: List()
[2026-01-29T16:41:49.810+0530] {subprocess.py:106} INFO - 26/01/29 16:41:49 INFO DAGScheduler: Missing parents: List()
[2026-01-29T16:41:49.811+0530] {subprocess.py:106} INFO - 26/01/29 16:41:49 INFO DAGScheduler: Submitting ShuffleMapStage 5 (MapPartitionsRDD[20] at collect at StringIndexer.scala:204), which has no missing parents
[2026-01-29T16:41:49.833+0530] {subprocess.py:106} INFO - 26/01/29 16:41:49 INFO MemoryStore: Block broadcast_8 stored as values in memory (estimated size 28.7 KiB, free 365.5 MiB)
[2026-01-29T16:41:49.834+0530] {subprocess.py:106} INFO - 26/01/29 16:41:49 INFO MemoryStore: Block broadcast_8_piece0 stored as bytes in memory (estimated size 13.8 KiB, free 365.5 MiB)
[2026-01-29T16:41:49.835+0530] {subprocess.py:106} INFO - 26/01/29 16:41:49 INFO BlockManagerInfo: Added broadcast_8_piece0 in memory on Aishwarya92848DBDA:35477 (size: 13.8 KiB, free: 366.2 MiB)
[2026-01-29T16:41:49.836+0530] {subprocess.py:106} INFO - 26/01/29 16:41:49 INFO SparkContext: Created broadcast 8 from broadcast at DAGScheduler.scala:1585
[2026-01-29T16:41:49.836+0530] {subprocess.py:106} INFO - 26/01/29 16:41:49 INFO DAGScheduler: Submitting 2 missing tasks from ShuffleMapStage 5 (MapPartitionsRDD[20] at collect at StringIndexer.scala:204) (first 15 tasks are for partitions Vector(0, 1))
[2026-01-29T16:41:49.837+0530] {subprocess.py:106} INFO - 26/01/29 16:41:49 INFO TaskSchedulerImpl: Adding task set 5.0 with 2 tasks resource profile 0
[2026-01-29T16:41:49.838+0530] {subprocess.py:106} INFO - 26/01/29 16:41:49 INFO TaskSetManager: Starting task 0.0 in stage 5.0 (TID 6) (Aishwarya92848DBDA, executor driver, partition 0, NODE_LOCAL, 8230 bytes)
[2026-01-29T16:41:49.838+0530] {subprocess.py:106} INFO - 26/01/29 16:41:49 INFO TaskSetManager: Starting task 1.0 in stage 5.0 (TID 7) (Aishwarya92848DBDA, executor driver, partition 1, NODE_LOCAL, 8230 bytes)
[2026-01-29T16:41:49.839+0530] {subprocess.py:106} INFO - 26/01/29 16:41:49 INFO Executor: Running task 0.0 in stage 5.0 (TID 6)
[2026-01-29T16:41:49.840+0530] {subprocess.py:106} INFO - 26/01/29 16:41:49 INFO Executor: Running task 1.0 in stage 5.0 (TID 7)
[2026-01-29T16:41:49.860+0530] {subprocess.py:106} INFO - 26/01/29 16:41:49 INFO FileScanRDD: Reading File path: hdfs://localhost:9000/weather/data/raw_data/weather_dataset.csv, range: 0-4194304, partition values: [empty row]
[2026-01-29T16:41:49.860+0530] {subprocess.py:106} INFO - 26/01/29 16:41:49 INFO FileScanRDD: Reading File path: hdfs://localhost:9000/weather/data/raw_data/weather_dataset.csv, range: 4194304-6329103, partition values: [empty row]
[2026-01-29T16:41:49.892+0530] {subprocess.py:106} INFO - 26/01/29 16:41:49 INFO CodeGenerator: Code generated in 5.837866 ms
[2026-01-29T16:41:49.906+0530] {subprocess.py:106} INFO - 26/01/29 16:41:49 INFO CodeGenerator: Code generated in 5.968552 ms
[2026-01-29T16:41:49.917+0530] {subprocess.py:106} INFO - 26/01/29 16:41:49 INFO CodeGenerator: Code generated in 7.320153 ms
[2026-01-29T16:41:49.938+0530] {subprocess.py:106} INFO - 26/01/29 16:41:49 INFO CodeGenerator: Code generated in 6.76536 ms
[2026-01-29T16:41:50.215+0530] {subprocess.py:106} INFO - 26/01/29 16:41:50 INFO CodeGenerator: Code generated in 12.411056 ms
[2026-01-29T16:41:50.265+0530] {subprocess.py:106} INFO - 26/01/29 16:41:50 INFO BlockManagerInfo: Removed broadcast_6_piece0 on Aishwarya92848DBDA:35477 in memory (size: 5.9 KiB, free: 366.2 MiB)
[2026-01-29T16:41:50.269+0530] {subprocess.py:106} INFO - 26/01/29 16:41:50 INFO BlockManagerInfo: Removed broadcast_5_piece0 on Aishwarya92848DBDA:35477 in memory (size: 10.3 KiB, free: 366.2 MiB)
[2026-01-29T16:41:50.272+0530] {subprocess.py:106} INFO - 26/01/29 16:41:50 INFO BlockManagerInfo: Removed broadcast_4_piece0 on Aishwarya92848DBDA:35477 in memory (size: 34.3 KiB, free: 366.3 MiB)
[2026-01-29T16:41:50.424+0530] {subprocess.py:106} INFO - 26/01/29 16:41:50 INFO Executor: Finished task 0.0 in stage 5.0 (TID 6). 2299 bytes result sent to driver
[2026-01-29T16:41:50.425+0530] {subprocess.py:106} INFO - 26/01/29 16:41:50 INFO Executor: Finished task 1.0 in stage 5.0 (TID 7). 2299 bytes result sent to driver
[2026-01-29T16:41:50.426+0530] {subprocess.py:106} INFO - 26/01/29 16:41:50 INFO TaskSetManager: Finished task 0.0 in stage 5.0 (TID 6) in 589 ms on Aishwarya92848DBDA (executor driver) (1/2)
[2026-01-29T16:41:50.426+0530] {subprocess.py:106} INFO - 26/01/29 16:41:50 INFO TaskSetManager: Finished task 1.0 in stage 5.0 (TID 7) in 588 ms on Aishwarya92848DBDA (executor driver) (2/2)
[2026-01-29T16:41:50.427+0530] {subprocess.py:106} INFO - 26/01/29 16:41:50 INFO TaskSchedulerImpl: Removed TaskSet 5.0, whose tasks have all completed, from pool
[2026-01-29T16:41:50.429+0530] {subprocess.py:106} INFO - 26/01/29 16:41:50 INFO DAGScheduler: ShuffleMapStage 5 (collect at StringIndexer.scala:204) finished in 0.617 s
[2026-01-29T16:41:50.430+0530] {subprocess.py:106} INFO - 26/01/29 16:41:50 INFO DAGScheduler: looking for newly runnable stages
[2026-01-29T16:41:50.430+0530] {subprocess.py:106} INFO - 26/01/29 16:41:50 INFO DAGScheduler: running: Set()
[2026-01-29T16:41:50.430+0530] {subprocess.py:106} INFO - 26/01/29 16:41:50 INFO DAGScheduler: waiting: Set()
[2026-01-29T16:41:50.431+0530] {subprocess.py:106} INFO - 26/01/29 16:41:50 INFO DAGScheduler: failed: Set()
[2026-01-29T16:41:50.456+0530] {subprocess.py:106} INFO - 26/01/29 16:41:50 INFO SparkContext: Starting job: collect at StringIndexer.scala:204
[2026-01-29T16:41:50.457+0530] {subprocess.py:106} INFO - 26/01/29 16:41:50 INFO DAGScheduler: Got job 5 (collect at StringIndexer.scala:204) with 1 output partitions
[2026-01-29T16:41:50.458+0530] {subprocess.py:106} INFO - 26/01/29 16:41:50 INFO DAGScheduler: Final stage: ResultStage 7 (collect at StringIndexer.scala:204)
[2026-01-29T16:41:50.458+0530] {subprocess.py:106} INFO - 26/01/29 16:41:50 INFO DAGScheduler: Parents of final stage: List(ShuffleMapStage 6)
[2026-01-29T16:41:50.458+0530] {subprocess.py:106} INFO - 26/01/29 16:41:50 INFO DAGScheduler: Missing parents: List()
[2026-01-29T16:41:50.458+0530] {subprocess.py:106} INFO - 26/01/29 16:41:50 INFO DAGScheduler: Submitting ResultStage 7 (MapPartitionsRDD[23] at collect at StringIndexer.scala:204), which has no missing parents
[2026-01-29T16:41:50.462+0530] {subprocess.py:106} INFO - 26/01/29 16:41:50 INFO MemoryStore: Block broadcast_9 stored as values in memory (estimated size 33.6 KiB, free 365.9 MiB)
[2026-01-29T16:41:50.464+0530] {subprocess.py:106} INFO - 26/01/29 16:41:50 INFO MemoryStore: Block broadcast_9_piece0 stored as bytes in memory (estimated size 16.1 KiB, free 365.8 MiB)
[2026-01-29T16:41:50.465+0530] {subprocess.py:106} INFO - 26/01/29 16:41:50 INFO BlockManagerInfo: Added broadcast_9_piece0 in memory on Aishwarya92848DBDA:35477 (size: 16.1 KiB, free: 366.2 MiB)
[2026-01-29T16:41:50.465+0530] {subprocess.py:106} INFO - 26/01/29 16:41:50 INFO SparkContext: Created broadcast 9 from broadcast at DAGScheduler.scala:1585
[2026-01-29T16:41:50.465+0530] {subprocess.py:106} INFO - 26/01/29 16:41:50 INFO DAGScheduler: Submitting 1 missing tasks from ResultStage 7 (MapPartitionsRDD[23] at collect at StringIndexer.scala:204) (first 15 tasks are for partitions Vector(0))
[2026-01-29T16:41:50.466+0530] {subprocess.py:106} INFO - 26/01/29 16:41:50 INFO TaskSchedulerImpl: Adding task set 7.0 with 1 tasks resource profile 0
[2026-01-29T16:41:50.467+0530] {subprocess.py:106} INFO - 26/01/29 16:41:50 INFO TaskSetManager: Starting task 0.0 in stage 7.0 (TID 8) (Aishwarya92848DBDA, executor driver, partition 0, NODE_LOCAL, 7615 bytes)
[2026-01-29T16:41:50.468+0530] {subprocess.py:106} INFO - 26/01/29 16:41:50 INFO Executor: Running task 0.0 in stage 7.0 (TID 8)
[2026-01-29T16:41:50.477+0530] {subprocess.py:106} INFO - 26/01/29 16:41:50 INFO ShuffleBlockFetcherIterator: Getting 2 (935.0 B) non-empty blocks including 2 (935.0 B) local and 0 (0.0 B) host-local and 0 (0.0 B) push-merged-local and 0 (0.0 B) remote blocks
[2026-01-29T16:41:50.477+0530] {subprocess.py:106} INFO - 26/01/29 16:41:50 INFO ShuffleBlockFetcherIterator: Started 0 remote fetches in 0 ms
[2026-01-29T16:41:50.501+0530] {subprocess.py:106} INFO - 26/01/29 16:41:50 INFO CodeGenerator: Code generated in 11.866713 ms
[2026-01-29T16:41:50.545+0530] {subprocess.py:106} INFO - 26/01/29 16:41:50 INFO Executor: Finished task 0.0 in stage 7.0 (TID 8). 5050 bytes result sent to driver
[2026-01-29T16:41:50.547+0530] {subprocess.py:106} INFO - 26/01/29 16:41:50 INFO TaskSetManager: Finished task 0.0 in stage 7.0 (TID 8) in 80 ms on Aishwarya92848DBDA (executor driver) (1/1)
[2026-01-29T16:41:50.547+0530] {subprocess.py:106} INFO - 26/01/29 16:41:50 INFO TaskSchedulerImpl: Removed TaskSet 7.0, whose tasks have all completed, from pool
[2026-01-29T16:41:50.548+0530] {subprocess.py:106} INFO - 26/01/29 16:41:50 INFO DAGScheduler: ResultStage 7 (collect at StringIndexer.scala:204) finished in 0.089 s
[2026-01-29T16:41:50.548+0530] {subprocess.py:106} INFO - 26/01/29 16:41:50 INFO DAGScheduler: Job 5 is finished. Cancelling potential speculative or zombie tasks for this job
[2026-01-29T16:41:50.549+0530] {subprocess.py:106} INFO - 26/01/29 16:41:50 INFO TaskSchedulerImpl: Killing all running tasks in stage 7: Stage finished
[2026-01-29T16:41:50.549+0530] {subprocess.py:106} INFO - 26/01/29 16:41:50 INFO DAGScheduler: Job 5 finished: collect at StringIndexer.scala:204, took 0.092750 s
[2026-01-29T16:41:50.561+0530] {subprocess.py:106} INFO - 26/01/29 16:41:50 INFO CodeGenerator: Code generated in 9.182235 ms
[2026-01-29T16:41:50.782+0530] {subprocess.py:106} INFO - 26/01/29 16:41:50 INFO FileSourceStrategy: Pushed Filters:
[2026-01-29T16:41:50.783+0530] {subprocess.py:106} INFO - 26/01/29 16:41:50 INFO FileSourceStrategy: Post-Scan Filters:
[2026-01-29T16:41:50.786+0530] {subprocess.py:106} INFO - 26/01/29 16:41:50 INFO MemoryStore: Block broadcast_10 stored as values in memory (estimated size 350.2 KiB, free 365.5 MiB)
[2026-01-29T16:41:50.793+0530] {subprocess.py:106} INFO - 26/01/29 16:41:50 INFO MemoryStore: Block broadcast_10_piece0 stored as bytes in memory (estimated size 34.3 KiB, free 365.5 MiB)
[2026-01-29T16:41:50.793+0530] {subprocess.py:106} INFO - 26/01/29 16:41:50 INFO BlockManagerInfo: Added broadcast_10_piece0 in memory on Aishwarya92848DBDA:35477 (size: 34.3 KiB, free: 366.2 MiB)
[2026-01-29T16:41:50.794+0530] {subprocess.py:106} INFO - 26/01/29 16:41:50 INFO SparkContext: Created broadcast 10 from approxQuantile at NativeMethodAccessorImpl.java:0
[2026-01-29T16:41:50.795+0530] {subprocess.py:106} INFO - 26/01/29 16:41:50 INFO FileSourceScanExec: Planning scan with bin packing, max size: 4194304 bytes, open cost is considered as scanning 4194304 bytes.
[2026-01-29T16:41:50.826+0530] {subprocess.py:106} INFO - 26/01/29 16:41:50 INFO SparkContext: Starting job: approxQuantile at NativeMethodAccessorImpl.java:0
[2026-01-29T16:41:50.828+0530] {subprocess.py:106} INFO - 26/01/29 16:41:50 INFO DAGScheduler: Got job 6 (approxQuantile at NativeMethodAccessorImpl.java:0) with 2 output partitions
[2026-01-29T16:41:50.828+0530] {subprocess.py:106} INFO - 26/01/29 16:41:50 INFO DAGScheduler: Final stage: ResultStage 8 (approxQuantile at NativeMethodAccessorImpl.java:0)
[2026-01-29T16:41:50.829+0530] {subprocess.py:106} INFO - 26/01/29 16:41:50 INFO DAGScheduler: Parents of final stage: List()
[2026-01-29T16:41:50.830+0530] {subprocess.py:106} INFO - 26/01/29 16:41:50 INFO DAGScheduler: Missing parents: List()
[2026-01-29T16:41:50.831+0530] {subprocess.py:106} INFO - 26/01/29 16:41:50 INFO DAGScheduler: Submitting ResultStage 8 (MapPartitionsRDD[29] at approxQuantile at NativeMethodAccessorImpl.java:0), which has no missing parents
[2026-01-29T16:41:50.837+0530] {subprocess.py:106} INFO - 26/01/29 16:41:50 INFO MemoryStore: Block broadcast_11 stored as values in memory (estimated size 20.0 KiB, free 365.4 MiB)
[2026-01-29T16:41:50.839+0530] {subprocess.py:106} INFO - 26/01/29 16:41:50 INFO MemoryStore: Block broadcast_11_piece0 stored as bytes in memory (estimated size 9.5 KiB, free 365.4 MiB)
[2026-01-29T16:41:50.839+0530] {subprocess.py:106} INFO - 26/01/29 16:41:50 INFO BlockManagerInfo: Added broadcast_11_piece0 in memory on Aishwarya92848DBDA:35477 (size: 9.5 KiB, free: 366.2 MiB)
[2026-01-29T16:41:50.840+0530] {subprocess.py:106} INFO - 26/01/29 16:41:50 INFO SparkContext: Created broadcast 11 from broadcast at DAGScheduler.scala:1585
[2026-01-29T16:41:50.840+0530] {subprocess.py:106} INFO - 26/01/29 16:41:50 INFO DAGScheduler: Submitting 2 missing tasks from ResultStage 8 (MapPartitionsRDD[29] at approxQuantile at NativeMethodAccessorImpl.java:0) (first 15 tasks are for partitions Vector(0, 1))
[2026-01-29T16:41:50.841+0530] {subprocess.py:106} INFO - 26/01/29 16:41:50 INFO TaskSchedulerImpl: Adding task set 8.0 with 2 tasks resource profile 0
[2026-01-29T16:41:50.841+0530] {subprocess.py:106} INFO - 26/01/29 16:41:50 INFO TaskSetManager: Starting task 0.0 in stage 8.0 (TID 9) (Aishwarya92848DBDA, executor driver, partition 0, NODE_LOCAL, 8241 bytes)
[2026-01-29T16:41:50.842+0530] {subprocess.py:106} INFO - 26/01/29 16:41:50 INFO TaskSetManager: Starting task 1.0 in stage 8.0 (TID 10) (Aishwarya92848DBDA, executor driver, partition 1, NODE_LOCAL, 8241 bytes)
[2026-01-29T16:41:50.842+0530] {subprocess.py:106} INFO - 26/01/29 16:41:50 INFO Executor: Running task 1.0 in stage 8.0 (TID 10)
[2026-01-29T16:41:50.843+0530] {subprocess.py:106} INFO - 26/01/29 16:41:50 INFO Executor: Running task 0.0 in stage 8.0 (TID 9)
[2026-01-29T16:41:50.866+0530] {subprocess.py:106} INFO - 26/01/29 16:41:50 INFO CodeGenerator: Code generated in 7.282794 ms
[2026-01-29T16:41:50.867+0530] {subprocess.py:106} INFO - 26/01/29 16:41:50 INFO FileScanRDD: Reading File path: hdfs://localhost:9000/weather/data/raw_data/weather_dataset.csv, range: 0-4194304, partition values: [empty row]
[2026-01-29T16:41:50.868+0530] {subprocess.py:106} INFO - 26/01/29 16:41:50 INFO FileScanRDD: Reading File path: hdfs://localhost:9000/weather/data/raw_data/weather_dataset.csv, range: 4194304-6329103, partition values: [empty row]
[2026-01-29T16:41:50.877+0530] {subprocess.py:106} INFO - 26/01/29 16:41:50 INFO CodeGenerator: Code generated in 8.181042 ms
[2026-01-29T16:41:51.019+0530] {subprocess.py:106} INFO - 26/01/29 16:41:51 INFO Executor: Finished task 1.0 in stage 8.0 (TID 10). 8136 bytes result sent to driver
[2026-01-29T16:41:51.021+0530] {subprocess.py:106} INFO - 26/01/29 16:41:51 INFO TaskSetManager: Finished task 1.0 in stage 8.0 (TID 10) in 180 ms on Aishwarya92848DBDA (executor driver) (1/2)
[2026-01-29T16:41:51.082+0530] {subprocess.py:106} INFO - 26/01/29 16:41:51 INFO Executor: Finished task 0.0 in stage 8.0 (TID 9). 7943 bytes result sent to driver
[2026-01-29T16:41:51.083+0530] {subprocess.py:106} INFO - 26/01/29 16:41:51 INFO TaskSetManager: Finished task 0.0 in stage 8.0 (TID 9) in 242 ms on Aishwarya92848DBDA (executor driver) (2/2)
[2026-01-29T16:41:51.084+0530] {subprocess.py:106} INFO - 26/01/29 16:41:51 INFO TaskSchedulerImpl: Removed TaskSet 8.0, whose tasks have all completed, from pool
[2026-01-29T16:41:51.085+0530] {subprocess.py:106} INFO - 26/01/29 16:41:51 INFO DAGScheduler: ResultStage 8 (approxQuantile at NativeMethodAccessorImpl.java:0) finished in 0.252 s
[2026-01-29T16:41:51.085+0530] {subprocess.py:106} INFO - 26/01/29 16:41:51 INFO DAGScheduler: Job 6 is finished. Cancelling potential speculative or zombie tasks for this job
[2026-01-29T16:41:51.086+0530] {subprocess.py:106} INFO - 26/01/29 16:41:51 INFO TaskSchedulerImpl: Killing all running tasks in stage 8: Stage finished
[2026-01-29T16:41:51.087+0530] {subprocess.py:106} INFO - 26/01/29 16:41:51 INFO DAGScheduler: Job 6 finished: approxQuantile at NativeMethodAccessorImpl.java:0, took 0.260892 s
[2026-01-29T16:41:51.199+0530] {subprocess.py:106} INFO - 26/01/29 16:41:51 INFO FileSourceStrategy: Pushed Filters: Or(LessThan(temperature_2m_max,18.949999999999996),GreaterThan(temperature_2m_max,42.550000000000004))
[2026-01-29T16:41:51.200+0530] {subprocess.py:106} INFO - 26/01/29 16:41:51 INFO FileSourceStrategy: Post-Scan Filters: ((temperature_2m_max#19 < 18.949999999999996) OR (temperature_2m_max#19 > 42.550000000000004))
[2026-01-29T16:41:51.226+0530] {subprocess.py:106} INFO - 26/01/29 16:41:51 INFO CodeGenerator: Code generated in 10.641048 ms
[2026-01-29T16:41:51.229+0530] {subprocess.py:106} INFO - 26/01/29 16:41:51 INFO MemoryStore: Block broadcast_12 stored as values in memory (estimated size 350.2 KiB, free 365.1 MiB)
[2026-01-29T16:41:51.238+0530] {subprocess.py:106} INFO - 26/01/29 16:41:51 INFO MemoryStore: Block broadcast_12_piece0 stored as bytes in memory (estimated size 34.3 KiB, free 365.1 MiB)
[2026-01-29T16:41:51.239+0530] {subprocess.py:106} INFO - 26/01/29 16:41:51 INFO BlockManagerInfo: Added broadcast_12_piece0 in memory on Aishwarya92848DBDA:35477 (size: 34.3 KiB, free: 366.2 MiB)
[2026-01-29T16:41:51.240+0530] {subprocess.py:106} INFO - 26/01/29 16:41:51 INFO SparkContext: Created broadcast 12 from count at NativeMethodAccessorImpl.java:0
[2026-01-29T16:41:51.241+0530] {subprocess.py:106} INFO - 26/01/29 16:41:51 INFO FileSourceScanExec: Planning scan with bin packing, max size: 4194304 bytes, open cost is considered as scanning 4194304 bytes.
[2026-01-29T16:41:51.248+0530] {subprocess.py:106} INFO - 26/01/29 16:41:51 INFO DAGScheduler: Registering RDD 33 (count at NativeMethodAccessorImpl.java:0) as input to shuffle 2
[2026-01-29T16:41:51.248+0530] {subprocess.py:106} INFO - 26/01/29 16:41:51 INFO DAGScheduler: Got map stage job 7 (count at NativeMethodAccessorImpl.java:0) with 2 output partitions
[2026-01-29T16:41:51.248+0530] {subprocess.py:106} INFO - 26/01/29 16:41:51 INFO DAGScheduler: Final stage: ShuffleMapStage 9 (count at NativeMethodAccessorImpl.java:0)
[2026-01-29T16:41:51.248+0530] {subprocess.py:106} INFO - 26/01/29 16:41:51 INFO DAGScheduler: Parents of final stage: List()
[2026-01-29T16:41:51.249+0530] {subprocess.py:106} INFO - 26/01/29 16:41:51 INFO DAGScheduler: Missing parents: List()
[2026-01-29T16:41:51.250+0530] {subprocess.py:106} INFO - 26/01/29 16:41:51 INFO DAGScheduler: Submitting ShuffleMapStage 9 (MapPartitionsRDD[33] at count at NativeMethodAccessorImpl.java:0), which has no missing parents
[2026-01-29T16:41:51.255+0530] {subprocess.py:106} INFO - 26/01/29 16:41:51 INFO MemoryStore: Block broadcast_13 stored as values in memory (estimated size 20.0 KiB, free 365.0 MiB)
[2026-01-29T16:41:51.257+0530] {subprocess.py:106} INFO - 26/01/29 16:41:51 INFO MemoryStore: Block broadcast_13_piece0 stored as bytes in memory (estimated size 9.7 KiB, free 365.0 MiB)
[2026-01-29T16:41:51.257+0530] {subprocess.py:106} INFO - 26/01/29 16:41:51 INFO BlockManagerInfo: Added broadcast_13_piece0 in memory on Aishwarya92848DBDA:35477 (size: 9.7 KiB, free: 366.2 MiB)
[2026-01-29T16:41:51.258+0530] {subprocess.py:106} INFO - 26/01/29 16:41:51 INFO SparkContext: Created broadcast 13 from broadcast at DAGScheduler.scala:1585
[2026-01-29T16:41:51.258+0530] {subprocess.py:106} INFO - 26/01/29 16:41:51 INFO DAGScheduler: Submitting 2 missing tasks from ShuffleMapStage 9 (MapPartitionsRDD[33] at count at NativeMethodAccessorImpl.java:0) (first 15 tasks are for partitions Vector(0, 1))
[2026-01-29T16:41:51.259+0530] {subprocess.py:106} INFO - 26/01/29 16:41:51 INFO TaskSchedulerImpl: Adding task set 9.0 with 2 tasks resource profile 0
[2026-01-29T16:41:51.260+0530] {subprocess.py:106} INFO - 26/01/29 16:41:51 INFO TaskSetManager: Starting task 0.0 in stage 9.0 (TID 11) (Aishwarya92848DBDA, executor driver, partition 0, NODE_LOCAL, 8230 bytes)
[2026-01-29T16:41:51.261+0530] {subprocess.py:106} INFO - 26/01/29 16:41:51 INFO TaskSetManager: Starting task 1.0 in stage 9.0 (TID 12) (Aishwarya92848DBDA, executor driver, partition 1, NODE_LOCAL, 8230 bytes)
[2026-01-29T16:41:51.261+0530] {subprocess.py:106} INFO - 26/01/29 16:41:51 INFO Executor: Running task 0.0 in stage 9.0 (TID 11)
[2026-01-29T16:41:51.262+0530] {subprocess.py:106} INFO - 26/01/29 16:41:51 INFO Executor: Running task 1.0 in stage 9.0 (TID 12)
[2026-01-29T16:41:51.279+0530] {subprocess.py:106} INFO - 26/01/29 16:41:51 INFO CodeGenerator: Code generated in 12.595384 ms
[2026-01-29T16:41:51.281+0530] {subprocess.py:106} INFO - 26/01/29 16:41:51 INFO FileScanRDD: Reading File path: hdfs://localhost:9000/weather/data/raw_data/weather_dataset.csv, range: 4194304-6329103, partition values: [empty row]
[2026-01-29T16:41:51.281+0530] {subprocess.py:106} INFO - 26/01/29 16:41:51 INFO FileScanRDD: Reading File path: hdfs://localhost:9000/weather/data/raw_data/weather_dataset.csv, range: 0-4194304, partition values: [empty row]
[2026-01-29T16:41:51.297+0530] {subprocess.py:106} INFO - 26/01/29 16:41:51 INFO CodeGenerator: Code generated in 8.904463 ms
[2026-01-29T16:41:51.322+0530] {subprocess.py:106} INFO - 26/01/29 16:41:51 INFO BlockManagerInfo: Removed broadcast_10_piece0 on Aishwarya92848DBDA:35477 in memory (size: 34.3 KiB, free: 366.2 MiB)
[2026-01-29T16:41:51.326+0530] {subprocess.py:106} INFO - 26/01/29 16:41:51 INFO BlockManagerInfo: Removed broadcast_8_piece0 on Aishwarya92848DBDA:35477 in memory (size: 13.8 KiB, free: 366.2 MiB)
[2026-01-29T16:41:51.331+0530] {subprocess.py:106} INFO - 26/01/29 16:41:51 INFO BlockManagerInfo: Removed broadcast_7_piece0 on Aishwarya92848DBDA:35477 in memory (size: 34.3 KiB, free: 366.2 MiB)
[2026-01-29T16:41:51.335+0530] {subprocess.py:106} INFO - 26/01/29 16:41:51 INFO BlockManagerInfo: Removed broadcast_11_piece0 on Aishwarya92848DBDA:35477 in memory (size: 9.5 KiB, free: 366.2 MiB)
[2026-01-29T16:41:51.339+0530] {subprocess.py:106} INFO - 26/01/29 16:41:51 INFO BlockManagerInfo: Removed broadcast_9_piece0 on Aishwarya92848DBDA:35477 in memory (size: 16.1 KiB, free: 366.3 MiB)
[2026-01-29T16:41:51.403+0530] {subprocess.py:106} INFO - 26/01/29 16:41:51 INFO Executor: Finished task 1.0 in stage 9.0 (TID 12). 2033 bytes result sent to driver
[2026-01-29T16:41:51.404+0530] {subprocess.py:106} INFO - 26/01/29 16:41:51 INFO TaskSetManager: Finished task 1.0 in stage 9.0 (TID 12) in 144 ms on Aishwarya92848DBDA (executor driver) (1/2)
[2026-01-29T16:41:51.441+0530] {subprocess.py:106} INFO - 26/01/29 16:41:51 INFO Executor: Finished task 0.0 in stage 9.0 (TID 11). 2033 bytes result sent to driver
[2026-01-29T16:41:51.442+0530] {subprocess.py:106} INFO - 26/01/29 16:41:51 INFO TaskSetManager: Finished task 0.0 in stage 9.0 (TID 11) in 182 ms on Aishwarya92848DBDA (executor driver) (2/2)
[2026-01-29T16:41:51.443+0530] {subprocess.py:106} INFO - 26/01/29 16:41:51 INFO TaskSchedulerImpl: Removed TaskSet 9.0, whose tasks have all completed, from pool
[2026-01-29T16:41:51.444+0530] {subprocess.py:106} INFO - 26/01/29 16:41:51 INFO DAGScheduler: ShuffleMapStage 9 (count at NativeMethodAccessorImpl.java:0) finished in 0.192 s
[2026-01-29T16:41:51.445+0530] {subprocess.py:106} INFO - 26/01/29 16:41:51 INFO DAGScheduler: looking for newly runnable stages
[2026-01-29T16:41:51.445+0530] {subprocess.py:106} INFO - 26/01/29 16:41:51 INFO DAGScheduler: running: Set()
[2026-01-29T16:41:51.445+0530] {subprocess.py:106} INFO - 26/01/29 16:41:51 INFO DAGScheduler: waiting: Set()
[2026-01-29T16:41:51.446+0530] {subprocess.py:106} INFO - 26/01/29 16:41:51 INFO DAGScheduler: failed: Set()
[2026-01-29T16:41:51.466+0530] {subprocess.py:106} INFO - 26/01/29 16:41:51 INFO SparkContext: Starting job: count at NativeMethodAccessorImpl.java:0
[2026-01-29T16:41:51.468+0530] {subprocess.py:106} INFO - 26/01/29 16:41:51 INFO DAGScheduler: Got job 8 (count at NativeMethodAccessorImpl.java:0) with 1 output partitions
[2026-01-29T16:41:51.468+0530] {subprocess.py:106} INFO - 26/01/29 16:41:51 INFO DAGScheduler: Final stage: ResultStage 11 (count at NativeMethodAccessorImpl.java:0)
[2026-01-29T16:41:51.468+0530] {subprocess.py:106} INFO - 26/01/29 16:41:51 INFO DAGScheduler: Parents of final stage: List(ShuffleMapStage 10)
[2026-01-29T16:41:51.468+0530] {subprocess.py:106} INFO - 26/01/29 16:41:51 INFO DAGScheduler: Missing parents: List()
[2026-01-29T16:41:51.469+0530] {subprocess.py:106} INFO - 26/01/29 16:41:51 INFO DAGScheduler: Submitting ResultStage 11 (MapPartitionsRDD[36] at count at NativeMethodAccessorImpl.java:0), which has no missing parents
[2026-01-29T16:41:51.471+0530] {subprocess.py:106} INFO - 26/01/29 16:41:51 INFO MemoryStore: Block broadcast_14 stored as values in memory (estimated size 12.5 KiB, free 365.9 MiB)
[2026-01-29T16:41:51.472+0530] {subprocess.py:106} INFO - 26/01/29 16:41:51 INFO MemoryStore: Block broadcast_14_piece0 stored as bytes in memory (estimated size 5.9 KiB, free 365.9 MiB)
[2026-01-29T16:41:51.472+0530] {subprocess.py:106} INFO - 26/01/29 16:41:51 INFO BlockManagerInfo: Added broadcast_14_piece0 in memory on Aishwarya92848DBDA:35477 (size: 5.9 KiB, free: 366.3 MiB)
[2026-01-29T16:41:51.473+0530] {subprocess.py:106} INFO - 26/01/29 16:41:51 INFO SparkContext: Created broadcast 14 from broadcast at DAGScheduler.scala:1585
[2026-01-29T16:41:51.473+0530] {subprocess.py:106} INFO - 26/01/29 16:41:51 INFO DAGScheduler: Submitting 1 missing tasks from ResultStage 11 (MapPartitionsRDD[36] at count at NativeMethodAccessorImpl.java:0) (first 15 tasks are for partitions Vector(0))
[2026-01-29T16:41:51.474+0530] {subprocess.py:106} INFO - 26/01/29 16:41:51 INFO TaskSchedulerImpl: Adding task set 11.0 with 1 tasks resource profile 0
[2026-01-29T16:41:51.475+0530] {subprocess.py:106} INFO - 26/01/29 16:41:51 INFO TaskSetManager: Starting task 0.0 in stage 11.0 (TID 13) (Aishwarya92848DBDA, executor driver, partition 0, NODE_LOCAL, 7615 bytes)
[2026-01-29T16:41:51.475+0530] {subprocess.py:106} INFO - 26/01/29 16:41:51 INFO Executor: Running task 0.0 in stage 11.0 (TID 13)
[2026-01-29T16:41:51.479+0530] {subprocess.py:106} INFO - 26/01/29 16:41:51 INFO ShuffleBlockFetcherIterator: Getting 2 (120.0 B) non-empty blocks including 2 (120.0 B) local and 0 (0.0 B) host-local and 0 (0.0 B) push-merged-local and 0 (0.0 B) remote blocks
[2026-01-29T16:41:51.479+0530] {subprocess.py:106} INFO - 26/01/29 16:41:51 INFO ShuffleBlockFetcherIterator: Started 0 remote fetches in 0 ms
[2026-01-29T16:41:51.482+0530] {subprocess.py:106} INFO - 26/01/29 16:41:51 INFO Executor: Finished task 0.0 in stage 11.0 (TID 13). 3995 bytes result sent to driver
[2026-01-29T16:41:51.484+0530] {subprocess.py:106} INFO - 26/01/29 16:41:51 INFO TaskSetManager: Finished task 0.0 in stage 11.0 (TID 13) in 9 ms on Aishwarya92848DBDA (executor driver) (1/1)
[2026-01-29T16:41:51.484+0530] {subprocess.py:106} INFO - 26/01/29 16:41:51 INFO TaskSchedulerImpl: Removed TaskSet 11.0, whose tasks have all completed, from pool
[2026-01-29T16:41:51.485+0530] {subprocess.py:106} INFO - 26/01/29 16:41:51 INFO DAGScheduler: ResultStage 11 (count at NativeMethodAccessorImpl.java:0) finished in 0.016 s
[2026-01-29T16:41:51.485+0530] {subprocess.py:106} INFO - 26/01/29 16:41:51 INFO DAGScheduler: Job 8 is finished. Cancelling potential speculative or zombie tasks for this job
[2026-01-29T16:41:51.486+0530] {subprocess.py:106} INFO - 26/01/29 16:41:51 INFO TaskSchedulerImpl: Killing all running tasks in stage 11: Stage finished
[2026-01-29T16:41:51.486+0530] {subprocess.py:106} INFO - 26/01/29 16:41:51 INFO DAGScheduler: Job 8 finished: count at NativeMethodAccessorImpl.java:0, took 0.019021 s
[2026-01-29T16:41:51.487+0530] {subprocess.py:106} INFO - temperature_2m_max: Outliers = 1742
[2026-01-29T16:41:51.529+0530] {subprocess.py:106} INFO - 26/01/29 16:41:51 INFO FileSourceStrategy: Pushed Filters:
[2026-01-29T16:41:51.530+0530] {subprocess.py:106} INFO - 26/01/29 16:41:51 INFO FileSourceStrategy: Post-Scan Filters:
[2026-01-29T16:41:51.534+0530] {subprocess.py:106} INFO - 26/01/29 16:41:51 INFO MemoryStore: Block broadcast_15 stored as values in memory (estimated size 350.2 KiB, free 365.5 MiB)
[2026-01-29T16:41:51.543+0530] {subprocess.py:106} INFO - 26/01/29 16:41:51 INFO MemoryStore: Block broadcast_15_piece0 stored as bytes in memory (estimated size 34.3 KiB, free 365.5 MiB)
[2026-01-29T16:41:51.544+0530] {subprocess.py:106} INFO - 26/01/29 16:41:51 INFO BlockManagerInfo: Added broadcast_15_piece0 in memory on Aishwarya92848DBDA:35477 (size: 34.3 KiB, free: 366.2 MiB)
[2026-01-29T16:41:51.544+0530] {subprocess.py:106} INFO - 26/01/29 16:41:51 INFO SparkContext: Created broadcast 15 from approxQuantile at NativeMethodAccessorImpl.java:0
[2026-01-29T16:41:51.546+0530] {subprocess.py:106} INFO - 26/01/29 16:41:51 INFO FileSourceScanExec: Planning scan with bin packing, max size: 4194304 bytes, open cost is considered as scanning 4194304 bytes.
[2026-01-29T16:41:51.561+0530] {subprocess.py:106} INFO - 26/01/29 16:41:51 INFO SparkContext: Starting job: approxQuantile at NativeMethodAccessorImpl.java:0
[2026-01-29T16:41:51.562+0530] {subprocess.py:106} INFO - 26/01/29 16:41:51 INFO DAGScheduler: Got job 9 (approxQuantile at NativeMethodAccessorImpl.java:0) with 2 output partitions
[2026-01-29T16:41:51.563+0530] {subprocess.py:106} INFO - 26/01/29 16:41:51 INFO DAGScheduler: Final stage: ResultStage 12 (approxQuantile at NativeMethodAccessorImpl.java:0)
[2026-01-29T16:41:51.563+0530] {subprocess.py:106} INFO - 26/01/29 16:41:51 INFO DAGScheduler: Parents of final stage: List()
[2026-01-29T16:41:51.564+0530] {subprocess.py:106} INFO - 26/01/29 16:41:51 INFO DAGScheduler: Missing parents: List()
[2026-01-29T16:41:51.564+0530] {subprocess.py:106} INFO - 26/01/29 16:41:51 INFO DAGScheduler: Submitting ResultStage 12 (MapPartitionsRDD[42] at approxQuantile at NativeMethodAccessorImpl.java:0), which has no missing parents
[2026-01-29T16:41:51.568+0530] {subprocess.py:106} INFO - 26/01/29 16:41:51 INFO MemoryStore: Block broadcast_16 stored as values in memory (estimated size 20.0 KiB, free 365.5 MiB)
[2026-01-29T16:41:51.570+0530] {subprocess.py:106} INFO - 26/01/29 16:41:51 INFO MemoryStore: Block broadcast_16_piece0 stored as bytes in memory (estimated size 9.5 KiB, free 365.5 MiB)
[2026-01-29T16:41:51.570+0530] {subprocess.py:106} INFO - 26/01/29 16:41:51 INFO BlockManagerInfo: Added broadcast_16_piece0 in memory on Aishwarya92848DBDA:35477 (size: 9.5 KiB, free: 366.2 MiB)
[2026-01-29T16:41:51.571+0530] {subprocess.py:106} INFO - 26/01/29 16:41:51 INFO SparkContext: Created broadcast 16 from broadcast at DAGScheduler.scala:1585
[2026-01-29T16:41:51.571+0530] {subprocess.py:106} INFO - 26/01/29 16:41:51 INFO DAGScheduler: Submitting 2 missing tasks from ResultStage 12 (MapPartitionsRDD[42] at approxQuantile at NativeMethodAccessorImpl.java:0) (first 15 tasks are for partitions Vector(0, 1))
[2026-01-29T16:41:51.571+0530] {subprocess.py:106} INFO - 26/01/29 16:41:51 INFO TaskSchedulerImpl: Adding task set 12.0 with 2 tasks resource profile 0
[2026-01-29T16:41:51.572+0530] {subprocess.py:106} INFO - 26/01/29 16:41:51 INFO TaskSetManager: Starting task 0.0 in stage 12.0 (TID 14) (Aishwarya92848DBDA, executor driver, partition 0, NODE_LOCAL, 8241 bytes)
[2026-01-29T16:41:51.573+0530] {subprocess.py:106} INFO - 26/01/29 16:41:51 INFO TaskSetManager: Starting task 1.0 in stage 12.0 (TID 15) (Aishwarya92848DBDA, executor driver, partition 1, NODE_LOCAL, 8241 bytes)
[2026-01-29T16:41:51.573+0530] {subprocess.py:106} INFO - 26/01/29 16:41:51 INFO Executor: Running task 0.0 in stage 12.0 (TID 14)
[2026-01-29T16:41:51.574+0530] {subprocess.py:106} INFO - 26/01/29 16:41:51 INFO Executor: Running task 1.0 in stage 12.0 (TID 15)
[2026-01-29T16:41:51.578+0530] {subprocess.py:106} INFO - 26/01/29 16:41:51 INFO FileScanRDD: Reading File path: hdfs://localhost:9000/weather/data/raw_data/weather_dataset.csv, range: 4194304-6329103, partition values: [empty row]
[2026-01-29T16:41:51.579+0530] {subprocess.py:106} INFO - 26/01/29 16:41:51 INFO FileScanRDD: Reading File path: hdfs://localhost:9000/weather/data/raw_data/weather_dataset.csv, range: 0-4194304, partition values: [empty row]
[2026-01-29T16:41:51.647+0530] {subprocess.py:106} INFO - 26/01/29 16:41:51 INFO Executor: Finished task 1.0 in stage 12.0 (TID 15). 8093 bytes result sent to driver
[2026-01-29T16:41:51.648+0530] {subprocess.py:106} INFO - 26/01/29 16:41:51 INFO TaskSetManager: Finished task 1.0 in stage 12.0 (TID 15) in 75 ms on Aishwarya92848DBDA (executor driver) (1/2)
[2026-01-29T16:41:51.705+0530] {subprocess.py:106} INFO - 26/01/29 16:41:51 INFO Executor: Finished task 0.0 in stage 12.0 (TID 14). 6073 bytes result sent to driver
[2026-01-29T16:41:51.707+0530] {subprocess.py:106} INFO - 26/01/29 16:41:51 INFO TaskSetManager: Finished task 0.0 in stage 12.0 (TID 14) in 135 ms on Aishwarya92848DBDA (executor driver) (2/2)
[2026-01-29T16:41:51.707+0530] {subprocess.py:106} INFO - 26/01/29 16:41:51 INFO TaskSchedulerImpl: Removed TaskSet 12.0, whose tasks have all completed, from pool
[2026-01-29T16:41:51.708+0530] {subprocess.py:106} INFO - 26/01/29 16:41:51 INFO DAGScheduler: ResultStage 12 (approxQuantile at NativeMethodAccessorImpl.java:0) finished in 0.143 s
[2026-01-29T16:41:51.709+0530] {subprocess.py:106} INFO - 26/01/29 16:41:51 INFO DAGScheduler: Job 9 is finished. Cancelling potential speculative or zombie tasks for this job
[2026-01-29T16:41:51.709+0530] {subprocess.py:106} INFO - 26/01/29 16:41:51 INFO TaskSchedulerImpl: Killing all running tasks in stage 12: Stage finished
[2026-01-29T16:41:51.710+0530] {subprocess.py:106} INFO - 26/01/29 16:41:51 INFO DAGScheduler: Job 9 finished: approxQuantile at NativeMethodAccessorImpl.java:0, took 0.148987 s
[2026-01-29T16:41:51.758+0530] {subprocess.py:106} INFO - 26/01/29 16:41:51 INFO BlockManagerInfo: Removed broadcast_16_piece0 on Aishwarya92848DBDA:35477 in memory (size: 9.5 KiB, free: 366.2 MiB)
[2026-01-29T16:41:51.762+0530] {subprocess.py:106} INFO - 26/01/29 16:41:51 INFO BlockManagerInfo: Removed broadcast_12_piece0 on Aishwarya92848DBDA:35477 in memory (size: 34.3 KiB, free: 366.3 MiB)
[2026-01-29T16:41:51.765+0530] {subprocess.py:106} INFO - 26/01/29 16:41:51 INFO BlockManagerInfo: Removed broadcast_14_piece0 on Aishwarya92848DBDA:35477 in memory (size: 5.9 KiB, free: 366.3 MiB)
[2026-01-29T16:41:51.768+0530] {subprocess.py:106} INFO - 26/01/29 16:41:51 INFO BlockManagerInfo: Removed broadcast_15_piece0 on Aishwarya92848DBDA:35477 in memory (size: 34.3 KiB, free: 366.3 MiB)
[2026-01-29T16:41:51.771+0530] {subprocess.py:106} INFO - 26/01/29 16:41:51 INFO BlockManagerInfo: Removed broadcast_13_piece0 on Aishwarya92848DBDA:35477 in memory (size: 9.7 KiB, free: 366.3 MiB)
[2026-01-29T16:41:51.817+0530] {subprocess.py:106} INFO - 26/01/29 16:41:51 INFO FileSourceStrategy: Pushed Filters: Or(LessThan(temperature_2m_min,7.3000000000000025),GreaterThan(temperature_2m_min,36.1))
[2026-01-29T16:41:51.818+0530] {subprocess.py:106} INFO - 26/01/29 16:41:51 INFO FileSourceStrategy: Post-Scan Filters: ((temperature_2m_min#20 < 7.3000000000000025) OR (temperature_2m_min#20 > 36.1))
[2026-01-29T16:41:51.849+0530] {subprocess.py:106} INFO - 26/01/29 16:41:51 INFO CodeGenerator: Code generated in 13.247069 ms
[2026-01-29T16:41:51.853+0530] {subprocess.py:106} INFO - 26/01/29 16:41:51 INFO MemoryStore: Block broadcast_17 stored as values in memory (estimated size 350.2 KiB, free 366.0 MiB)
[2026-01-29T16:41:51.860+0530] {subprocess.py:106} INFO - 26/01/29 16:41:51 INFO MemoryStore: Block broadcast_17_piece0 stored as bytes in memory (estimated size 34.3 KiB, free 365.9 MiB)
[2026-01-29T16:41:51.861+0530] {subprocess.py:106} INFO - 26/01/29 16:41:51 INFO BlockManagerInfo: Added broadcast_17_piece0 in memory on Aishwarya92848DBDA:35477 (size: 34.3 KiB, free: 366.3 MiB)
[2026-01-29T16:41:51.861+0530] {subprocess.py:106} INFO - 26/01/29 16:41:51 INFO SparkContext: Created broadcast 17 from count at NativeMethodAccessorImpl.java:0
[2026-01-29T16:41:51.863+0530] {subprocess.py:106} INFO - 26/01/29 16:41:51 INFO FileSourceScanExec: Planning scan with bin packing, max size: 4194304 bytes, open cost is considered as scanning 4194304 bytes.
[2026-01-29T16:41:51.867+0530] {subprocess.py:106} INFO - 26/01/29 16:41:51 INFO DAGScheduler: Registering RDD 46 (count at NativeMethodAccessorImpl.java:0) as input to shuffle 3
[2026-01-29T16:41:51.868+0530] {subprocess.py:106} INFO - 26/01/29 16:41:51 INFO DAGScheduler: Got map stage job 10 (count at NativeMethodAccessorImpl.java:0) with 2 output partitions
[2026-01-29T16:41:51.868+0530] {subprocess.py:106} INFO - 26/01/29 16:41:51 INFO DAGScheduler: Final stage: ShuffleMapStage 13 (count at NativeMethodAccessorImpl.java:0)
[2026-01-29T16:41:51.869+0530] {subprocess.py:106} INFO - 26/01/29 16:41:51 INFO DAGScheduler: Parents of final stage: List()
[2026-01-29T16:41:51.869+0530] {subprocess.py:106} INFO - 26/01/29 16:41:51 INFO DAGScheduler: Missing parents: List()
[2026-01-29T16:41:51.869+0530] {subprocess.py:106} INFO - 26/01/29 16:41:51 INFO DAGScheduler: Submitting ShuffleMapStage 13 (MapPartitionsRDD[46] at count at NativeMethodAccessorImpl.java:0), which has no missing parents
[2026-01-29T16:41:51.871+0530] {subprocess.py:106} INFO - 26/01/29 16:41:51 INFO MemoryStore: Block broadcast_18 stored as values in memory (estimated size 20.0 KiB, free 365.9 MiB)
[2026-01-29T16:41:51.873+0530] {subprocess.py:106} INFO - 26/01/29 16:41:51 INFO MemoryStore: Block broadcast_18_piece0 stored as bytes in memory (estimated size 9.7 KiB, free 365.9 MiB)
[2026-01-29T16:41:51.874+0530] {subprocess.py:106} INFO - 26/01/29 16:41:51 INFO BlockManagerInfo: Added broadcast_18_piece0 in memory on Aishwarya92848DBDA:35477 (size: 9.7 KiB, free: 366.3 MiB)
[2026-01-29T16:41:51.874+0530] {subprocess.py:106} INFO - 26/01/29 16:41:51 INFO SparkContext: Created broadcast 18 from broadcast at DAGScheduler.scala:1585
[2026-01-29T16:41:51.875+0530] {subprocess.py:106} INFO - 26/01/29 16:41:51 INFO DAGScheduler: Submitting 2 missing tasks from ShuffleMapStage 13 (MapPartitionsRDD[46] at count at NativeMethodAccessorImpl.java:0) (first 15 tasks are for partitions Vector(0, 1))
[2026-01-29T16:41:51.875+0530] {subprocess.py:106} INFO - 26/01/29 16:41:51 INFO TaskSchedulerImpl: Adding task set 13.0 with 2 tasks resource profile 0
[2026-01-29T16:41:51.877+0530] {subprocess.py:106} INFO - 26/01/29 16:41:51 INFO TaskSetManager: Starting task 0.0 in stage 13.0 (TID 16) (Aishwarya92848DBDA, executor driver, partition 0, NODE_LOCAL, 8230 bytes)
[2026-01-29T16:41:51.877+0530] {subprocess.py:106} INFO - 26/01/29 16:41:51 INFO TaskSetManager: Starting task 1.0 in stage 13.0 (TID 17) (Aishwarya92848DBDA, executor driver, partition 1, NODE_LOCAL, 8230 bytes)
[2026-01-29T16:41:51.878+0530] {subprocess.py:106} INFO - 26/01/29 16:41:51 INFO Executor: Running task 0.0 in stage 13.0 (TID 16)
[2026-01-29T16:41:51.878+0530] {subprocess.py:106} INFO - 26/01/29 16:41:51 INFO Executor: Running task 1.0 in stage 13.0 (TID 17)
[2026-01-29T16:41:51.893+0530] {subprocess.py:106} INFO - 26/01/29 16:41:51 INFO CodeGenerator: Code generated in 10.893473 ms
[2026-01-29T16:41:51.895+0530] {subprocess.py:106} INFO - 26/01/29 16:41:51 INFO FileScanRDD: Reading File path: hdfs://localhost:9000/weather/data/raw_data/weather_dataset.csv, range: 4194304-6329103, partition values: [empty row]
[2026-01-29T16:41:51.895+0530] {subprocess.py:106} INFO - 26/01/29 16:41:51 INFO FileScanRDD: Reading File path: hdfs://localhost:9000/weather/data/raw_data/weather_dataset.csv, range: 0-4194304, partition values: [empty row]
[2026-01-29T16:41:51.906+0530] {subprocess.py:106} INFO - 26/01/29 16:41:51 INFO CodeGenerator: Code generated in 7.225937 ms
[2026-01-29T16:41:51.957+0530] {subprocess.py:106} INFO - 26/01/29 16:41:51 INFO Executor: Finished task 1.0 in stage 13.0 (TID 17). 1990 bytes result sent to driver
[2026-01-29T16:41:51.958+0530] {subprocess.py:106} INFO - 26/01/29 16:41:51 INFO TaskSetManager: Finished task 1.0 in stage 13.0 (TID 17) in 81 ms on Aishwarya92848DBDA (executor driver) (1/2)
[2026-01-29T16:41:51.986+0530] {subprocess.py:106} INFO - 26/01/29 16:41:51 INFO Executor: Finished task 0.0 in stage 13.0 (TID 16). 1990 bytes result sent to driver
[2026-01-29T16:41:51.987+0530] {subprocess.py:106} INFO - 26/01/29 16:41:51 INFO TaskSetManager: Finished task 0.0 in stage 13.0 (TID 16) in 111 ms on Aishwarya92848DBDA (executor driver) (2/2)
[2026-01-29T16:41:51.987+0530] {subprocess.py:106} INFO - 26/01/29 16:41:51 INFO TaskSchedulerImpl: Removed TaskSet 13.0, whose tasks have all completed, from pool
[2026-01-29T16:41:51.987+0530] {subprocess.py:106} INFO - 26/01/29 16:41:51 INFO DAGScheduler: ShuffleMapStage 13 (count at NativeMethodAccessorImpl.java:0) finished in 0.118 s
[2026-01-29T16:41:51.988+0530] {subprocess.py:106} INFO - 26/01/29 16:41:51 INFO DAGScheduler: looking for newly runnable stages
[2026-01-29T16:41:51.988+0530] {subprocess.py:106} INFO - 26/01/29 16:41:51 INFO DAGScheduler: running: Set()
[2026-01-29T16:41:51.988+0530] {subprocess.py:106} INFO - 26/01/29 16:41:51 INFO DAGScheduler: waiting: Set()
[2026-01-29T16:41:51.988+0530] {subprocess.py:106} INFO - 26/01/29 16:41:51 INFO DAGScheduler: failed: Set()
[2026-01-29T16:41:52.001+0530] {subprocess.py:106} INFO - 26/01/29 16:41:52 INFO SparkContext: Starting job: count at NativeMethodAccessorImpl.java:0
[2026-01-29T16:41:52.002+0530] {subprocess.py:106} INFO - 26/01/29 16:41:52 INFO DAGScheduler: Got job 11 (count at NativeMethodAccessorImpl.java:0) with 1 output partitions
[2026-01-29T16:41:52.002+0530] {subprocess.py:106} INFO - 26/01/29 16:41:52 INFO DAGScheduler: Final stage: ResultStage 15 (count at NativeMethodAccessorImpl.java:0)
[2026-01-29T16:41:52.002+0530] {subprocess.py:106} INFO - 26/01/29 16:41:52 INFO DAGScheduler: Parents of final stage: List(ShuffleMapStage 14)
[2026-01-29T16:41:52.002+0530] {subprocess.py:106} INFO - 26/01/29 16:41:52 INFO DAGScheduler: Missing parents: List()
[2026-01-29T16:41:52.003+0530] {subprocess.py:106} INFO - 26/01/29 16:41:52 INFO DAGScheduler: Submitting ResultStage 15 (MapPartitionsRDD[49] at count at NativeMethodAccessorImpl.java:0), which has no missing parents
[2026-01-29T16:41:52.004+0530] {subprocess.py:106} INFO - 26/01/29 16:41:52 INFO MemoryStore: Block broadcast_19 stored as values in memory (estimated size 12.5 KiB, free 365.9 MiB)
[2026-01-29T16:41:52.005+0530] {subprocess.py:106} INFO - 26/01/29 16:41:52 INFO MemoryStore: Block broadcast_19_piece0 stored as bytes in memory (estimated size 5.9 KiB, free 365.9 MiB)
[2026-01-29T16:41:52.006+0530] {subprocess.py:106} INFO - 26/01/29 16:41:52 INFO BlockManagerInfo: Added broadcast_19_piece0 in memory on Aishwarya92848DBDA:35477 (size: 5.9 KiB, free: 366.3 MiB)
[2026-01-29T16:41:52.006+0530] {subprocess.py:106} INFO - 26/01/29 16:41:52 INFO SparkContext: Created broadcast 19 from broadcast at DAGScheduler.scala:1585
[2026-01-29T16:41:52.006+0530] {subprocess.py:106} INFO - 26/01/29 16:41:52 INFO DAGScheduler: Submitting 1 missing tasks from ResultStage 15 (MapPartitionsRDD[49] at count at NativeMethodAccessorImpl.java:0) (first 15 tasks are for partitions Vector(0))
[2026-01-29T16:41:52.007+0530] {subprocess.py:106} INFO - 26/01/29 16:41:52 INFO TaskSchedulerImpl: Adding task set 15.0 with 1 tasks resource profile 0
[2026-01-29T16:41:52.008+0530] {subprocess.py:106} INFO - 26/01/29 16:41:52 INFO TaskSetManager: Starting task 0.0 in stage 15.0 (TID 18) (Aishwarya92848DBDA, executor driver, partition 0, NODE_LOCAL, 7615 bytes)
[2026-01-29T16:41:52.008+0530] {subprocess.py:106} INFO - 26/01/29 16:41:52 INFO Executor: Running task 0.0 in stage 15.0 (TID 18)
[2026-01-29T16:41:52.011+0530] {subprocess.py:106} INFO - 26/01/29 16:41:52 INFO ShuffleBlockFetcherIterator: Getting 2 (120.0 B) non-empty blocks including 2 (120.0 B) local and 0 (0.0 B) host-local and 0 (0.0 B) push-merged-local and 0 (0.0 B) remote blocks
[2026-01-29T16:41:52.011+0530] {subprocess.py:106} INFO - 26/01/29 16:41:52 INFO ShuffleBlockFetcherIterator: Started 0 remote fetches in 0 ms
[2026-01-29T16:41:52.014+0530] {subprocess.py:106} INFO - 26/01/29 16:41:52 INFO Executor: Finished task 0.0 in stage 15.0 (TID 18). 3995 bytes result sent to driver
[2026-01-29T16:41:52.015+0530] {subprocess.py:106} INFO - 26/01/29 16:41:52 INFO TaskSetManager: Finished task 0.0 in stage 15.0 (TID 18) in 7 ms on Aishwarya92848DBDA (executor driver) (1/1)
[2026-01-29T16:41:52.015+0530] {subprocess.py:106} INFO - 26/01/29 16:41:52 INFO TaskSchedulerImpl: Removed TaskSet 15.0, whose tasks have all completed, from pool
[2026-01-29T16:41:52.015+0530] {subprocess.py:106} INFO - 26/01/29 16:41:52 INFO DAGScheduler: ResultStage 15 (count at NativeMethodAccessorImpl.java:0) finished in 0.012 s
[2026-01-29T16:41:52.016+0530] {subprocess.py:106} INFO - 26/01/29 16:41:52 INFO DAGScheduler: Job 11 is finished. Cancelling potential speculative or zombie tasks for this job
[2026-01-29T16:41:52.016+0530] {subprocess.py:106} INFO - 26/01/29 16:41:52 INFO TaskSchedulerImpl: Killing all running tasks in stage 15: Stage finished
[2026-01-29T16:41:52.016+0530] {subprocess.py:106} INFO - 26/01/29 16:41:52 INFO DAGScheduler: Job 11 finished: count at NativeMethodAccessorImpl.java:0, took 0.014835 s
[2026-01-29T16:41:52.017+0530] {subprocess.py:106} INFO - temperature_2m_min: Outliers = 1423
[2026-01-29T16:41:52.042+0530] {subprocess.py:106} INFO - 26/01/29 16:41:52 INFO FileSourceStrategy: Pushed Filters:
[2026-01-29T16:41:52.042+0530] {subprocess.py:106} INFO - 26/01/29 16:41:52 INFO FileSourceStrategy: Post-Scan Filters:
[2026-01-29T16:41:52.046+0530] {subprocess.py:106} INFO - 26/01/29 16:41:52 INFO MemoryStore: Block broadcast_20 stored as values in memory (estimated size 350.2 KiB, free 365.5 MiB)
[2026-01-29T16:41:52.051+0530] {subprocess.py:106} INFO - 26/01/29 16:41:52 INFO MemoryStore: Block broadcast_20_piece0 stored as bytes in memory (estimated size 34.3 KiB, free 365.5 MiB)
[2026-01-29T16:41:52.052+0530] {subprocess.py:106} INFO - 26/01/29 16:41:52 INFO BlockManagerInfo: Added broadcast_20_piece0 in memory on Aishwarya92848DBDA:35477 (size: 34.3 KiB, free: 366.2 MiB)
[2026-01-29T16:41:52.052+0530] {subprocess.py:106} INFO - 26/01/29 16:41:52 INFO SparkContext: Created broadcast 20 from approxQuantile at NativeMethodAccessorImpl.java:0
[2026-01-29T16:41:52.053+0530] {subprocess.py:106} INFO - 26/01/29 16:41:52 INFO FileSourceScanExec: Planning scan with bin packing, max size: 4194304 bytes, open cost is considered as scanning 4194304 bytes.
[2026-01-29T16:41:52.064+0530] {subprocess.py:106} INFO - 26/01/29 16:41:52 INFO SparkContext: Starting job: approxQuantile at NativeMethodAccessorImpl.java:0
[2026-01-29T16:41:52.065+0530] {subprocess.py:106} INFO - 26/01/29 16:41:52 INFO DAGScheduler: Got job 12 (approxQuantile at NativeMethodAccessorImpl.java:0) with 2 output partitions
[2026-01-29T16:41:52.065+0530] {subprocess.py:106} INFO - 26/01/29 16:41:52 INFO DAGScheduler: Final stage: ResultStage 16 (approxQuantile at NativeMethodAccessorImpl.java:0)
[2026-01-29T16:41:52.066+0530] {subprocess.py:106} INFO - 26/01/29 16:41:52 INFO DAGScheduler: Parents of final stage: List()
[2026-01-29T16:41:52.066+0530] {subprocess.py:106} INFO - 26/01/29 16:41:52 INFO DAGScheduler: Missing parents: List()
[2026-01-29T16:41:52.066+0530] {subprocess.py:106} INFO - 26/01/29 16:41:52 INFO DAGScheduler: Submitting ResultStage 16 (MapPartitionsRDD[55] at approxQuantile at NativeMethodAccessorImpl.java:0), which has no missing parents
[2026-01-29T16:41:52.069+0530] {subprocess.py:106} INFO - 26/01/29 16:41:52 INFO MemoryStore: Block broadcast_21 stored as values in memory (estimated size 20.0 KiB, free 365.5 MiB)
[2026-01-29T16:41:52.070+0530] {subprocess.py:106} INFO - 26/01/29 16:41:52 INFO MemoryStore: Block broadcast_21_piece0 stored as bytes in memory (estimated size 9.5 KiB, free 365.5 MiB)
[2026-01-29T16:41:52.071+0530] {subprocess.py:106} INFO - 26/01/29 16:41:52 INFO BlockManagerInfo: Added broadcast_21_piece0 in memory on Aishwarya92848DBDA:35477 (size: 9.5 KiB, free: 366.2 MiB)
[2026-01-29T16:41:52.071+0530] {subprocess.py:106} INFO - 26/01/29 16:41:52 INFO SparkContext: Created broadcast 21 from broadcast at DAGScheduler.scala:1585
[2026-01-29T16:41:52.072+0530] {subprocess.py:106} INFO - 26/01/29 16:41:52 INFO DAGScheduler: Submitting 2 missing tasks from ResultStage 16 (MapPartitionsRDD[55] at approxQuantile at NativeMethodAccessorImpl.java:0) (first 15 tasks are for partitions Vector(0, 1))
[2026-01-29T16:41:52.072+0530] {subprocess.py:106} INFO - 26/01/29 16:41:52 INFO TaskSchedulerImpl: Adding task set 16.0 with 2 tasks resource profile 0
[2026-01-29T16:41:52.073+0530] {subprocess.py:106} INFO - 26/01/29 16:41:52 INFO TaskSetManager: Starting task 0.0 in stage 16.0 (TID 19) (Aishwarya92848DBDA, executor driver, partition 0, NODE_LOCAL, 8241 bytes)
[2026-01-29T16:41:52.074+0530] {subprocess.py:106} INFO - 26/01/29 16:41:52 INFO TaskSetManager: Starting task 1.0 in stage 16.0 (TID 20) (Aishwarya92848DBDA, executor driver, partition 1, NODE_LOCAL, 8241 bytes)
[2026-01-29T16:41:52.074+0530] {subprocess.py:106} INFO - 26/01/29 16:41:52 INFO Executor: Running task 1.0 in stage 16.0 (TID 20)
[2026-01-29T16:41:52.075+0530] {subprocess.py:106} INFO - 26/01/29 16:41:52 INFO Executor: Running task 0.0 in stage 16.0 (TID 19)
[2026-01-29T16:41:52.079+0530] {subprocess.py:106} INFO - 26/01/29 16:41:52 INFO FileScanRDD: Reading File path: hdfs://localhost:9000/weather/data/raw_data/weather_dataset.csv, range: 4194304-6329103, partition values: [empty row]
[2026-01-29T16:41:52.080+0530] {subprocess.py:106} INFO - 26/01/29 16:41:52 INFO FileScanRDD: Reading File path: hdfs://localhost:9000/weather/data/raw_data/weather_dataset.csv, range: 0-4194304, partition values: [empty row]
[2026-01-29T16:41:52.130+0530] {subprocess.py:106} INFO - 26/01/29 16:41:52 INFO Executor: Finished task 1.0 in stage 16.0 (TID 20). 8093 bytes result sent to driver
[2026-01-29T16:41:52.131+0530] {subprocess.py:106} INFO - 26/01/29 16:41:52 INFO TaskSetManager: Finished task 1.0 in stage 16.0 (TID 20) in 58 ms on Aishwarya92848DBDA (executor driver) (1/2)
[2026-01-29T16:41:52.165+0530] {subprocess.py:106} INFO - 26/01/29 16:41:52 INFO BlockManagerInfo: Removed broadcast_18_piece0 on Aishwarya92848DBDA:35477 in memory (size: 9.7 KiB, free: 366.2 MiB)
[2026-01-29T16:41:52.168+0530] {subprocess.py:106} INFO - 26/01/29 16:41:52 INFO BlockManagerInfo: Removed broadcast_19_piece0 on Aishwarya92848DBDA:35477 in memory (size: 5.9 KiB, free: 366.2 MiB)
[2026-01-29T16:41:52.171+0530] {subprocess.py:106} INFO - 26/01/29 16:41:52 INFO BlockManagerInfo: Removed broadcast_17_piece0 on Aishwarya92848DBDA:35477 in memory (size: 34.3 KiB, free: 366.3 MiB)
[2026-01-29T16:41:52.182+0530] {subprocess.py:106} INFO - 26/01/29 16:41:52 INFO Executor: Finished task 0.0 in stage 16.0 (TID 19). 6026 bytes result sent to driver
[2026-01-29T16:41:52.183+0530] {subprocess.py:106} INFO - 26/01/29 16:41:52 INFO TaskSetManager: Finished task 0.0 in stage 16.0 (TID 19) in 111 ms on Aishwarya92848DBDA (executor driver) (2/2)
[2026-01-29T16:41:52.183+0530] {subprocess.py:106} INFO - 26/01/29 16:41:52 INFO TaskSchedulerImpl: Removed TaskSet 16.0, whose tasks have all completed, from pool
[2026-01-29T16:41:52.184+0530] {subprocess.py:106} INFO - 26/01/29 16:41:52 INFO DAGScheduler: ResultStage 16 (approxQuantile at NativeMethodAccessorImpl.java:0) finished in 0.118 s
[2026-01-29T16:41:52.184+0530] {subprocess.py:106} INFO - 26/01/29 16:41:52 INFO DAGScheduler: Job 12 is finished. Cancelling potential speculative or zombie tasks for this job
[2026-01-29T16:41:52.184+0530] {subprocess.py:106} INFO - 26/01/29 16:41:52 INFO TaskSchedulerImpl: Killing all running tasks in stage 16: Stage finished
[2026-01-29T16:41:52.185+0530] {subprocess.py:106} INFO - 26/01/29 16:41:52 INFO DAGScheduler: Job 12 finished: approxQuantile at NativeMethodAccessorImpl.java:0, took 0.121564 s
[2026-01-29T16:41:52.249+0530] {subprocess.py:106} INFO - 26/01/29 16:41:52 INFO FileSourceStrategy: Pushed Filters: Or(LessThan(apparent_temperature_max,17.0),GreaterThan(apparent_temperature_max,49.8))
[2026-01-29T16:41:52.249+0530] {subprocess.py:106} INFO - 26/01/29 16:41:52 INFO FileSourceStrategy: Post-Scan Filters: ((apparent_temperature_max#21 < 17.0) OR (apparent_temperature_max#21 > 49.8))
[2026-01-29T16:41:52.268+0530] {subprocess.py:106} INFO - 26/01/29 16:41:52 INFO CodeGenerator: Code generated in 8.774279 ms
[2026-01-29T16:41:52.270+0530] {subprocess.py:106} INFO - 26/01/29 16:41:52 INFO MemoryStore: Block broadcast_22 stored as values in memory (estimated size 350.2 KiB, free 365.6 MiB)
[2026-01-29T16:41:52.275+0530] {subprocess.py:106} INFO - 26/01/29 16:41:52 INFO MemoryStore: Block broadcast_22_piece0 stored as bytes in memory (estimated size 34.3 KiB, free 365.5 MiB)
[2026-01-29T16:41:52.276+0530] {subprocess.py:106} INFO - 26/01/29 16:41:52 INFO BlockManagerInfo: Added broadcast_22_piece0 in memory on Aishwarya92848DBDA:35477 (size: 34.3 KiB, free: 366.2 MiB)
[2026-01-29T16:41:52.276+0530] {subprocess.py:106} INFO - 26/01/29 16:41:52 INFO SparkContext: Created broadcast 22 from count at NativeMethodAccessorImpl.java:0
[2026-01-29T16:41:52.277+0530] {subprocess.py:106} INFO - 26/01/29 16:41:52 INFO FileSourceScanExec: Planning scan with bin packing, max size: 4194304 bytes, open cost is considered as scanning 4194304 bytes.
[2026-01-29T16:41:52.281+0530] {subprocess.py:106} INFO - 26/01/29 16:41:52 INFO DAGScheduler: Registering RDD 59 (count at NativeMethodAccessorImpl.java:0) as input to shuffle 4
[2026-01-29T16:41:52.282+0530] {subprocess.py:106} INFO - 26/01/29 16:41:52 INFO DAGScheduler: Got map stage job 13 (count at NativeMethodAccessorImpl.java:0) with 2 output partitions
[2026-01-29T16:41:52.282+0530] {subprocess.py:106} INFO - 26/01/29 16:41:52 INFO DAGScheduler: Final stage: ShuffleMapStage 17 (count at NativeMethodAccessorImpl.java:0)
[2026-01-29T16:41:52.282+0530] {subprocess.py:106} INFO - 26/01/29 16:41:52 INFO DAGScheduler: Parents of final stage: List()
[2026-01-29T16:41:52.282+0530] {subprocess.py:106} INFO - 26/01/29 16:41:52 INFO DAGScheduler: Missing parents: List()
[2026-01-29T16:41:52.282+0530] {subprocess.py:106} INFO - 26/01/29 16:41:52 INFO DAGScheduler: Submitting ShuffleMapStage 17 (MapPartitionsRDD[59] at count at NativeMethodAccessorImpl.java:0), which has no missing parents
[2026-01-29T16:41:52.285+0530] {subprocess.py:106} INFO - 26/01/29 16:41:52 INFO MemoryStore: Block broadcast_23 stored as values in memory (estimated size 20.0 KiB, free 365.5 MiB)
[2026-01-29T16:41:52.286+0530] {subprocess.py:106} INFO - 26/01/29 16:41:52 INFO MemoryStore: Block broadcast_23_piece0 stored as bytes in memory (estimated size 9.7 KiB, free 365.5 MiB)
[2026-01-29T16:41:52.286+0530] {subprocess.py:106} INFO - 26/01/29 16:41:52 INFO BlockManagerInfo: Added broadcast_23_piece0 in memory on Aishwarya92848DBDA:35477 (size: 9.7 KiB, free: 366.2 MiB)
[2026-01-29T16:41:52.287+0530] {subprocess.py:106} INFO - 26/01/29 16:41:52 INFO SparkContext: Created broadcast 23 from broadcast at DAGScheduler.scala:1585
[2026-01-29T16:41:52.287+0530] {subprocess.py:106} INFO - 26/01/29 16:41:52 INFO DAGScheduler: Submitting 2 missing tasks from ShuffleMapStage 17 (MapPartitionsRDD[59] at count at NativeMethodAccessorImpl.java:0) (first 15 tasks are for partitions Vector(0, 1))
[2026-01-29T16:41:52.287+0530] {subprocess.py:106} INFO - 26/01/29 16:41:52 INFO TaskSchedulerImpl: Adding task set 17.0 with 2 tasks resource profile 0
[2026-01-29T16:41:52.288+0530] {subprocess.py:106} INFO - 26/01/29 16:41:52 INFO TaskSetManager: Starting task 0.0 in stage 17.0 (TID 21) (Aishwarya92848DBDA, executor driver, partition 0, NODE_LOCAL, 8230 bytes)
[2026-01-29T16:41:52.289+0530] {subprocess.py:106} INFO - 26/01/29 16:41:52 INFO TaskSetManager: Starting task 1.0 in stage 17.0 (TID 22) (Aishwarya92848DBDA, executor driver, partition 1, NODE_LOCAL, 8230 bytes)
[2026-01-29T16:41:52.289+0530] {subprocess.py:106} INFO - 26/01/29 16:41:52 INFO Executor: Running task 0.0 in stage 17.0 (TID 21)
[2026-01-29T16:41:52.289+0530] {subprocess.py:106} INFO - 26/01/29 16:41:52 INFO Executor: Running task 1.0 in stage 17.0 (TID 22)
[2026-01-29T16:41:52.304+0530] {subprocess.py:106} INFO - 26/01/29 16:41:52 INFO CodeGenerator: Code generated in 11.31121 ms
[2026-01-29T16:41:52.305+0530] {subprocess.py:106} INFO - 26/01/29 16:41:52 INFO FileScanRDD: Reading File path: hdfs://localhost:9000/weather/data/raw_data/weather_dataset.csv, range: 0-4194304, partition values: [empty row]
[2026-01-29T16:41:52.305+0530] {subprocess.py:106} INFO - 26/01/29 16:41:52 INFO FileScanRDD: Reading File path: hdfs://localhost:9000/weather/data/raw_data/weather_dataset.csv, range: 4194304-6329103, partition values: [empty row]
[2026-01-29T16:41:52.315+0530] {subprocess.py:106} INFO - 26/01/29 16:41:52 INFO CodeGenerator: Code generated in 6.657298 ms
[2026-01-29T16:41:52.352+0530] {subprocess.py:106} INFO - 26/01/29 16:41:52 INFO Executor: Finished task 1.0 in stage 17.0 (TID 22). 1990 bytes result sent to driver
[2026-01-29T16:41:52.353+0530] {subprocess.py:106} INFO - 26/01/29 16:41:52 INFO TaskSetManager: Finished task 1.0 in stage 17.0 (TID 22) in 65 ms on Aishwarya92848DBDA (executor driver) (1/2)
[2026-01-29T16:41:52.380+0530] {subprocess.py:106} INFO - 26/01/29 16:41:52 INFO Executor: Finished task 0.0 in stage 17.0 (TID 21). 1990 bytes result sent to driver
[2026-01-29T16:41:52.381+0530] {subprocess.py:106} INFO - 26/01/29 16:41:52 INFO TaskSetManager: Finished task 0.0 in stage 17.0 (TID 21) in 93 ms on Aishwarya92848DBDA (executor driver) (2/2)
[2026-01-29T16:41:52.381+0530] {subprocess.py:106} INFO - 26/01/29 16:41:52 INFO TaskSchedulerImpl: Removed TaskSet 17.0, whose tasks have all completed, from pool
[2026-01-29T16:41:52.382+0530] {subprocess.py:106} INFO - 26/01/29 16:41:52 INFO DAGScheduler: ShuffleMapStage 17 (count at NativeMethodAccessorImpl.java:0) finished in 0.099 s
[2026-01-29T16:41:52.382+0530] {subprocess.py:106} INFO - 26/01/29 16:41:52 INFO DAGScheduler: looking for newly runnable stages
[2026-01-29T16:41:52.382+0530] {subprocess.py:106} INFO - 26/01/29 16:41:52 INFO DAGScheduler: running: Set()
[2026-01-29T16:41:52.382+0530] {subprocess.py:106} INFO - 26/01/29 16:41:52 INFO DAGScheduler: waiting: Set()
[2026-01-29T16:41:52.382+0530] {subprocess.py:106} INFO - 26/01/29 16:41:52 INFO DAGScheduler: failed: Set()
[2026-01-29T16:41:52.399+0530] {subprocess.py:106} INFO - 26/01/29 16:41:52 INFO SparkContext: Starting job: count at NativeMethodAccessorImpl.java:0
[2026-01-29T16:41:52.400+0530] {subprocess.py:106} INFO - 26/01/29 16:41:52 INFO DAGScheduler: Got job 14 (count at NativeMethodAccessorImpl.java:0) with 1 output partitions
[2026-01-29T16:41:52.400+0530] {subprocess.py:106} INFO - 26/01/29 16:41:52 INFO DAGScheduler: Final stage: ResultStage 19 (count at NativeMethodAccessorImpl.java:0)
[2026-01-29T16:41:52.400+0530] {subprocess.py:106} INFO - 26/01/29 16:41:52 INFO DAGScheduler: Parents of final stage: List(ShuffleMapStage 18)
[2026-01-29T16:41:52.400+0530] {subprocess.py:106} INFO - 26/01/29 16:41:52 INFO DAGScheduler: Missing parents: List()
[2026-01-29T16:41:52.400+0530] {subprocess.py:106} INFO - 26/01/29 16:41:52 INFO DAGScheduler: Submitting ResultStage 19 (MapPartitionsRDD[62] at count at NativeMethodAccessorImpl.java:0), which has no missing parents
[2026-01-29T16:41:52.402+0530] {subprocess.py:106} INFO - 26/01/29 16:41:52 INFO MemoryStore: Block broadcast_24 stored as values in memory (estimated size 12.5 KiB, free 365.5 MiB)
[2026-01-29T16:41:52.404+0530] {subprocess.py:106} INFO - 26/01/29 16:41:52 INFO MemoryStore: Block broadcast_24_piece0 stored as bytes in memory (estimated size 5.9 KiB, free 365.5 MiB)
[2026-01-29T16:41:52.404+0530] {subprocess.py:106} INFO - 26/01/29 16:41:52 INFO BlockManagerInfo: Added broadcast_24_piece0 in memory on Aishwarya92848DBDA:35477 (size: 5.9 KiB, free: 366.2 MiB)
[2026-01-29T16:41:52.405+0530] {subprocess.py:106} INFO - 26/01/29 16:41:52 INFO SparkContext: Created broadcast 24 from broadcast at DAGScheduler.scala:1585
[2026-01-29T16:41:52.405+0530] {subprocess.py:106} INFO - 26/01/29 16:41:52 INFO DAGScheduler: Submitting 1 missing tasks from ResultStage 19 (MapPartitionsRDD[62] at count at NativeMethodAccessorImpl.java:0) (first 15 tasks are for partitions Vector(0))
[2026-01-29T16:41:52.405+0530] {subprocess.py:106} INFO - 26/01/29 16:41:52 INFO TaskSchedulerImpl: Adding task set 19.0 with 1 tasks resource profile 0
[2026-01-29T16:41:52.407+0530] {subprocess.py:106} INFO - 26/01/29 16:41:52 INFO TaskSetManager: Starting task 0.0 in stage 19.0 (TID 23) (Aishwarya92848DBDA, executor driver, partition 0, NODE_LOCAL, 7615 bytes)
[2026-01-29T16:41:52.407+0530] {subprocess.py:106} INFO - 26/01/29 16:41:52 INFO Executor: Running task 0.0 in stage 19.0 (TID 23)
[2026-01-29T16:41:52.410+0530] {subprocess.py:106} INFO - 26/01/29 16:41:52 INFO ShuffleBlockFetcherIterator: Getting 2 (120.0 B) non-empty blocks including 2 (120.0 B) local and 0 (0.0 B) host-local and 0 (0.0 B) push-merged-local and 0 (0.0 B) remote blocks
[2026-01-29T16:41:52.411+0530] {subprocess.py:106} INFO - 26/01/29 16:41:52 INFO ShuffleBlockFetcherIterator: Started 0 remote fetches in 0 ms
[2026-01-29T16:41:52.413+0530] {subprocess.py:106} INFO - 26/01/29 16:41:52 INFO Executor: Finished task 0.0 in stage 19.0 (TID 23). 3995 bytes result sent to driver
[2026-01-29T16:41:52.414+0530] {subprocess.py:106} INFO - 26/01/29 16:41:52 INFO TaskSetManager: Finished task 0.0 in stage 19.0 (TID 23) in 8 ms on Aishwarya92848DBDA (executor driver) (1/1)
[2026-01-29T16:41:52.415+0530] {subprocess.py:106} INFO - 26/01/29 16:41:52 INFO TaskSchedulerImpl: Removed TaskSet 19.0, whose tasks have all completed, from pool
[2026-01-29T16:41:52.415+0530] {subprocess.py:106} INFO - 26/01/29 16:41:52 INFO DAGScheduler: ResultStage 19 (count at NativeMethodAccessorImpl.java:0) finished in 0.014 s
[2026-01-29T16:41:52.415+0530] {subprocess.py:106} INFO - 26/01/29 16:41:52 INFO DAGScheduler: Job 14 is finished. Cancelling potential speculative or zombie tasks for this job
[2026-01-29T16:41:52.415+0530] {subprocess.py:106} INFO - 26/01/29 16:41:52 INFO TaskSchedulerImpl: Killing all running tasks in stage 19: Stage finished
[2026-01-29T16:41:52.415+0530] {subprocess.py:106} INFO - 26/01/29 16:41:52 INFO DAGScheduler: Job 14 finished: count at NativeMethodAccessorImpl.java:0, took 0.016686 s
[2026-01-29T16:41:52.417+0530] {subprocess.py:106} INFO - apparent_temperature_max: Outliers = 894
[2026-01-29T16:41:52.445+0530] {subprocess.py:106} INFO - 26/01/29 16:41:52 INFO FileSourceStrategy: Pushed Filters:
[2026-01-29T16:41:52.446+0530] {subprocess.py:106} INFO - 26/01/29 16:41:52 INFO FileSourceStrategy: Post-Scan Filters:
[2026-01-29T16:41:52.449+0530] {subprocess.py:106} INFO - 26/01/29 16:41:52 INFO MemoryStore: Block broadcast_25 stored as values in memory (estimated size 350.2 KiB, free 365.1 MiB)
[2026-01-29T16:41:52.455+0530] {subprocess.py:106} INFO - 26/01/29 16:41:52 INFO MemoryStore: Block broadcast_25_piece0 stored as bytes in memory (estimated size 34.3 KiB, free 365.1 MiB)
[2026-01-29T16:41:52.456+0530] {subprocess.py:106} INFO - 26/01/29 16:41:52 INFO BlockManagerInfo: Added broadcast_25_piece0 in memory on Aishwarya92848DBDA:35477 (size: 34.3 KiB, free: 366.2 MiB)
[2026-01-29T16:41:52.456+0530] {subprocess.py:106} INFO - 26/01/29 16:41:52 INFO SparkContext: Created broadcast 25 from approxQuantile at NativeMethodAccessorImpl.java:0
[2026-01-29T16:41:52.457+0530] {subprocess.py:106} INFO - 26/01/29 16:41:52 INFO FileSourceScanExec: Planning scan with bin packing, max size: 4194304 bytes, open cost is considered as scanning 4194304 bytes.
[2026-01-29T16:41:52.469+0530] {subprocess.py:106} INFO - 26/01/29 16:41:52 INFO SparkContext: Starting job: approxQuantile at NativeMethodAccessorImpl.java:0
[2026-01-29T16:41:52.470+0530] {subprocess.py:106} INFO - 26/01/29 16:41:52 INFO DAGScheduler: Got job 15 (approxQuantile at NativeMethodAccessorImpl.java:0) with 2 output partitions
[2026-01-29T16:41:52.470+0530] {subprocess.py:106} INFO - 26/01/29 16:41:52 INFO DAGScheduler: Final stage: ResultStage 20 (approxQuantile at NativeMethodAccessorImpl.java:0)
[2026-01-29T16:41:52.470+0530] {subprocess.py:106} INFO - 26/01/29 16:41:52 INFO DAGScheduler: Parents of final stage: List()
[2026-01-29T16:41:52.471+0530] {subprocess.py:106} INFO - 26/01/29 16:41:52 INFO DAGScheduler: Missing parents: List()
[2026-01-29T16:41:52.471+0530] {subprocess.py:106} INFO - 26/01/29 16:41:52 INFO DAGScheduler: Submitting ResultStage 20 (MapPartitionsRDD[68] at approxQuantile at NativeMethodAccessorImpl.java:0), which has no missing parents
[2026-01-29T16:41:52.474+0530] {subprocess.py:106} INFO - 26/01/29 16:41:52 INFO MemoryStore: Block broadcast_26 stored as values in memory (estimated size 20.0 KiB, free 365.1 MiB)
[2026-01-29T16:41:52.475+0530] {subprocess.py:106} INFO - 26/01/29 16:41:52 INFO MemoryStore: Block broadcast_26_piece0 stored as bytes in memory (estimated size 9.5 KiB, free 365.1 MiB)
[2026-01-29T16:41:52.475+0530] {subprocess.py:106} INFO - 26/01/29 16:41:52 INFO BlockManagerInfo: Added broadcast_26_piece0 in memory on Aishwarya92848DBDA:35477 (size: 9.5 KiB, free: 366.2 MiB)
[2026-01-29T16:41:52.476+0530] {subprocess.py:106} INFO - 26/01/29 16:41:52 INFO SparkContext: Created broadcast 26 from broadcast at DAGScheduler.scala:1585
[2026-01-29T16:41:52.476+0530] {subprocess.py:106} INFO - 26/01/29 16:41:52 INFO DAGScheduler: Submitting 2 missing tasks from ResultStage 20 (MapPartitionsRDD[68] at approxQuantile at NativeMethodAccessorImpl.java:0) (first 15 tasks are for partitions Vector(0, 1))
[2026-01-29T16:41:52.477+0530] {subprocess.py:106} INFO - 26/01/29 16:41:52 INFO TaskSchedulerImpl: Adding task set 20.0 with 2 tasks resource profile 0
[2026-01-29T16:41:52.478+0530] {subprocess.py:106} INFO - 26/01/29 16:41:52 INFO TaskSetManager: Starting task 0.0 in stage 20.0 (TID 24) (Aishwarya92848DBDA, executor driver, partition 0, NODE_LOCAL, 8241 bytes)
[2026-01-29T16:41:52.478+0530] {subprocess.py:106} INFO - 26/01/29 16:41:52 INFO TaskSetManager: Starting task 1.0 in stage 20.0 (TID 25) (Aishwarya92848DBDA, executor driver, partition 1, NODE_LOCAL, 8241 bytes)
[2026-01-29T16:41:52.479+0530] {subprocess.py:106} INFO - 26/01/29 16:41:52 INFO Executor: Running task 0.0 in stage 20.0 (TID 24)
[2026-01-29T16:41:52.480+0530] {subprocess.py:106} INFO - 26/01/29 16:41:52 INFO Executor: Running task 1.0 in stage 20.0 (TID 25)
[2026-01-29T16:41:52.484+0530] {subprocess.py:106} INFO - 26/01/29 16:41:52 INFO FileScanRDD: Reading File path: hdfs://localhost:9000/weather/data/raw_data/weather_dataset.csv, range: 4194304-6329103, partition values: [empty row]
[2026-01-29T16:41:52.484+0530] {subprocess.py:106} INFO - 26/01/29 16:41:52 INFO FileScanRDD: Reading File path: hdfs://localhost:9000/weather/data/raw_data/weather_dataset.csv, range: 0-4194304, partition values: [empty row]
[2026-01-29T16:41:52.549+0530] {subprocess.py:106} INFO - 26/01/29 16:41:52 INFO Executor: Finished task 1.0 in stage 20.0 (TID 25). 8136 bytes result sent to driver
[2026-01-29T16:41:52.549+0530] {subprocess.py:106} INFO - 26/01/29 16:41:52 INFO BlockManagerInfo: Removed broadcast_21_piece0 on Aishwarya92848DBDA:35477 in memory (size: 9.5 KiB, free: 366.2 MiB)
[2026-01-29T16:41:52.549+0530] {subprocess.py:106} INFO - 26/01/29 16:41:52 INFO TaskSetManager: Finished task 1.0 in stage 20.0 (TID 25) in 71 ms on Aishwarya92848DBDA (executor driver) (1/2)
[2026-01-29T16:41:52.552+0530] {subprocess.py:106} INFO - 26/01/29 16:41:52 INFO BlockManagerInfo: Removed broadcast_23_piece0 on Aishwarya92848DBDA:35477 in memory (size: 9.7 KiB, free: 366.2 MiB)
[2026-01-29T16:41:52.554+0530] {subprocess.py:106} INFO - 26/01/29 16:41:52 INFO BlockManagerInfo: Removed broadcast_20_piece0 on Aishwarya92848DBDA:35477 in memory (size: 34.3 KiB, free: 366.2 MiB)
[2026-01-29T16:41:52.557+0530] {subprocess.py:106} INFO - 26/01/29 16:41:52 INFO BlockManagerInfo: Removed broadcast_24_piece0 on Aishwarya92848DBDA:35477 in memory (size: 5.9 KiB, free: 366.2 MiB)
[2026-01-29T16:41:52.560+0530] {subprocess.py:106} INFO - 26/01/29 16:41:52 INFO BlockManagerInfo: Removed broadcast_22_piece0 on Aishwarya92848DBDA:35477 in memory (size: 34.3 KiB, free: 366.3 MiB)
[2026-01-29T16:41:52.598+0530] {subprocess.py:106} INFO - 26/01/29 16:41:52 INFO Executor: Finished task 0.0 in stage 20.0 (TID 24). 6086 bytes result sent to driver
[2026-01-29T16:41:52.599+0530] {subprocess.py:106} INFO - 26/01/29 16:41:52 INFO TaskSetManager: Finished task 0.0 in stage 20.0 (TID 24) in 122 ms on Aishwarya92848DBDA (executor driver) (2/2)
[2026-01-29T16:41:52.600+0530] {subprocess.py:106} INFO - 26/01/29 16:41:52 INFO TaskSchedulerImpl: Removed TaskSet 20.0, whose tasks have all completed, from pool
[2026-01-29T16:41:52.600+0530] {subprocess.py:106} INFO - 26/01/29 16:41:52 INFO DAGScheduler: ResultStage 20 (approxQuantile at NativeMethodAccessorImpl.java:0) finished in 0.129 s
[2026-01-29T16:41:52.601+0530] {subprocess.py:106} INFO - 26/01/29 16:41:52 INFO DAGScheduler: Job 15 is finished. Cancelling potential speculative or zombie tasks for this job
[2026-01-29T16:41:52.601+0530] {subprocess.py:106} INFO - 26/01/29 16:41:52 INFO TaskSchedulerImpl: Killing all running tasks in stage 20: Stage finished
[2026-01-29T16:41:52.601+0530] {subprocess.py:106} INFO - 26/01/29 16:41:52 INFO DAGScheduler: Job 15 finished: approxQuantile at NativeMethodAccessorImpl.java:0, took 0.132339 s
[2026-01-29T16:41:52.674+0530] {subprocess.py:106} INFO - 26/01/29 16:41:52 INFO FileSourceStrategy: Pushed Filters: Or(LessThan(apparent_temperature_min,1.9999999999999964),GreaterThan(apparent_temperature_min,45.2))
[2026-01-29T16:41:52.675+0530] {subprocess.py:106} INFO - 26/01/29 16:41:52 INFO FileSourceStrategy: Post-Scan Filters: ((apparent_temperature_min#22 < 1.9999999999999964) OR (apparent_temperature_min#22 > 45.2))
[2026-01-29T16:41:52.695+0530] {subprocess.py:106} INFO - 26/01/29 16:41:52 INFO CodeGenerator: Code generated in 9.506335 ms
[2026-01-29T16:41:52.697+0530] {subprocess.py:106} INFO - 26/01/29 16:41:52 INFO MemoryStore: Block broadcast_27 stored as values in memory (estimated size 350.2 KiB, free 365.6 MiB)
[2026-01-29T16:41:52.702+0530] {subprocess.py:106} INFO - 26/01/29 16:41:52 INFO MemoryStore: Block broadcast_27_piece0 stored as bytes in memory (estimated size 34.3 KiB, free 365.5 MiB)
[2026-01-29T16:41:52.703+0530] {subprocess.py:106} INFO - 26/01/29 16:41:52 INFO BlockManagerInfo: Added broadcast_27_piece0 in memory on Aishwarya92848DBDA:35477 (size: 34.3 KiB, free: 366.2 MiB)
[2026-01-29T16:41:52.703+0530] {subprocess.py:106} INFO - 26/01/29 16:41:52 INFO SparkContext: Created broadcast 27 from count at NativeMethodAccessorImpl.java:0
[2026-01-29T16:41:52.704+0530] {subprocess.py:106} INFO - 26/01/29 16:41:52 INFO FileSourceScanExec: Planning scan with bin packing, max size: 4194304 bytes, open cost is considered as scanning 4194304 bytes.
[2026-01-29T16:41:52.707+0530] {subprocess.py:106} INFO - 26/01/29 16:41:52 INFO DAGScheduler: Registering RDD 72 (count at NativeMethodAccessorImpl.java:0) as input to shuffle 5
[2026-01-29T16:41:52.707+0530] {subprocess.py:106} INFO - 26/01/29 16:41:52 INFO DAGScheduler: Got map stage job 16 (count at NativeMethodAccessorImpl.java:0) with 2 output partitions
[2026-01-29T16:41:52.708+0530] {subprocess.py:106} INFO - 26/01/29 16:41:52 INFO DAGScheduler: Final stage: ShuffleMapStage 21 (count at NativeMethodAccessorImpl.java:0)
[2026-01-29T16:41:52.708+0530] {subprocess.py:106} INFO - 26/01/29 16:41:52 INFO DAGScheduler: Parents of final stage: List()
[2026-01-29T16:41:52.708+0530] {subprocess.py:106} INFO - 26/01/29 16:41:52 INFO DAGScheduler: Missing parents: List()
[2026-01-29T16:41:52.708+0530] {subprocess.py:106} INFO - 26/01/29 16:41:52 INFO DAGScheduler: Submitting ShuffleMapStage 21 (MapPartitionsRDD[72] at count at NativeMethodAccessorImpl.java:0), which has no missing parents
[2026-01-29T16:41:52.710+0530] {subprocess.py:106} INFO - 26/01/29 16:41:52 INFO MemoryStore: Block broadcast_28 stored as values in memory (estimated size 20.0 KiB, free 365.5 MiB)
[2026-01-29T16:41:52.712+0530] {subprocess.py:106} INFO - 26/01/29 16:41:52 INFO MemoryStore: Block broadcast_28_piece0 stored as bytes in memory (estimated size 9.7 KiB, free 365.5 MiB)
[2026-01-29T16:41:52.712+0530] {subprocess.py:106} INFO - 26/01/29 16:41:52 INFO BlockManagerInfo: Added broadcast_28_piece0 in memory on Aishwarya92848DBDA:35477 (size: 9.7 KiB, free: 366.2 MiB)
[2026-01-29T16:41:52.712+0530] {subprocess.py:106} INFO - 26/01/29 16:41:52 INFO SparkContext: Created broadcast 28 from broadcast at DAGScheduler.scala:1585
[2026-01-29T16:41:52.713+0530] {subprocess.py:106} INFO - 26/01/29 16:41:52 INFO DAGScheduler: Submitting 2 missing tasks from ShuffleMapStage 21 (MapPartitionsRDD[72] at count at NativeMethodAccessorImpl.java:0) (first 15 tasks are for partitions Vector(0, 1))
[2026-01-29T16:41:52.713+0530] {subprocess.py:106} INFO - 26/01/29 16:41:52 INFO TaskSchedulerImpl: Adding task set 21.0 with 2 tasks resource profile 0
[2026-01-29T16:41:52.714+0530] {subprocess.py:106} INFO - 26/01/29 16:41:52 INFO TaskSetManager: Starting task 0.0 in stage 21.0 (TID 26) (Aishwarya92848DBDA, executor driver, partition 0, NODE_LOCAL, 8230 bytes)
[2026-01-29T16:41:52.714+0530] {subprocess.py:106} INFO - 26/01/29 16:41:52 INFO TaskSetManager: Starting task 1.0 in stage 21.0 (TID 27) (Aishwarya92848DBDA, executor driver, partition 1, NODE_LOCAL, 8230 bytes)
[2026-01-29T16:41:52.715+0530] {subprocess.py:106} INFO - 26/01/29 16:41:52 INFO Executor: Running task 1.0 in stage 21.0 (TID 27)
[2026-01-29T16:41:52.716+0530] {subprocess.py:106} INFO - 26/01/29 16:41:52 INFO Executor: Running task 0.0 in stage 21.0 (TID 26)
[2026-01-29T16:41:52.726+0530] {subprocess.py:106} INFO - 26/01/29 16:41:52 INFO CodeGenerator: Code generated in 8.772706 ms
[2026-01-29T16:41:52.727+0530] {subprocess.py:106} INFO - 26/01/29 16:41:52 INFO FileScanRDD: Reading File path: hdfs://localhost:9000/weather/data/raw_data/weather_dataset.csv, range: 4194304-6329103, partition values: [empty row]
[2026-01-29T16:41:52.728+0530] {subprocess.py:106} INFO - 26/01/29 16:41:52 INFO FileScanRDD: Reading File path: hdfs://localhost:9000/weather/data/raw_data/weather_dataset.csv, range: 0-4194304, partition values: [empty row]
[2026-01-29T16:41:52.735+0530] {subprocess.py:106} INFO - 26/01/29 16:41:52 INFO CodeGenerator: Code generated in 5.598127 ms
[2026-01-29T16:41:52.772+0530] {subprocess.py:106} INFO - 26/01/29 16:41:52 INFO Executor: Finished task 1.0 in stage 21.0 (TID 27). 1990 bytes result sent to driver
[2026-01-29T16:41:52.773+0530] {subprocess.py:106} INFO - 26/01/29 16:41:52 INFO TaskSetManager: Finished task 1.0 in stage 21.0 (TID 27) in 59 ms on Aishwarya92848DBDA (executor driver) (1/2)
[2026-01-29T16:41:52.798+0530] {subprocess.py:106} INFO - 26/01/29 16:41:52 INFO Executor: Finished task 0.0 in stage 21.0 (TID 26). 1990 bytes result sent to driver
[2026-01-29T16:41:52.798+0530] {subprocess.py:106} INFO - 26/01/29 16:41:52 INFO TaskSetManager: Finished task 0.0 in stage 21.0 (TID 26) in 84 ms on Aishwarya92848DBDA (executor driver) (2/2)
[2026-01-29T16:41:52.799+0530] {subprocess.py:106} INFO - 26/01/29 16:41:52 INFO TaskSchedulerImpl: Removed TaskSet 21.0, whose tasks have all completed, from pool
[2026-01-29T16:41:52.799+0530] {subprocess.py:106} INFO - 26/01/29 16:41:52 INFO DAGScheduler: ShuffleMapStage 21 (count at NativeMethodAccessorImpl.java:0) finished in 0.090 s
[2026-01-29T16:41:52.799+0530] {subprocess.py:106} INFO - 26/01/29 16:41:52 INFO DAGScheduler: looking for newly runnable stages
[2026-01-29T16:41:52.799+0530] {subprocess.py:106} INFO - 26/01/29 16:41:52 INFO DAGScheduler: running: Set()
[2026-01-29T16:41:52.799+0530] {subprocess.py:106} INFO - 26/01/29 16:41:52 INFO DAGScheduler: waiting: Set()
[2026-01-29T16:41:52.799+0530] {subprocess.py:106} INFO - 26/01/29 16:41:52 INFO DAGScheduler: failed: Set()
[2026-01-29T16:41:52.811+0530] {subprocess.py:106} INFO - 26/01/29 16:41:52 INFO SparkContext: Starting job: count at NativeMethodAccessorImpl.java:0
[2026-01-29T16:41:52.811+0530] {subprocess.py:106} INFO - 26/01/29 16:41:52 INFO DAGScheduler: Got job 17 (count at NativeMethodAccessorImpl.java:0) with 1 output partitions
[2026-01-29T16:41:52.812+0530] {subprocess.py:106} INFO - 26/01/29 16:41:52 INFO DAGScheduler: Final stage: ResultStage 23 (count at NativeMethodAccessorImpl.java:0)
[2026-01-29T16:41:52.812+0530] {subprocess.py:106} INFO - 26/01/29 16:41:52 INFO DAGScheduler: Parents of final stage: List(ShuffleMapStage 22)
[2026-01-29T16:41:52.812+0530] {subprocess.py:106} INFO - 26/01/29 16:41:52 INFO DAGScheduler: Missing parents: List()
[2026-01-29T16:41:52.812+0530] {subprocess.py:106} INFO - 26/01/29 16:41:52 INFO DAGScheduler: Submitting ResultStage 23 (MapPartitionsRDD[75] at count at NativeMethodAccessorImpl.java:0), which has no missing parents
[2026-01-29T16:41:52.813+0530] {subprocess.py:106} INFO - 26/01/29 16:41:52 INFO MemoryStore: Block broadcast_29 stored as values in memory (estimated size 12.5 KiB, free 365.5 MiB)
[2026-01-29T16:41:52.814+0530] {subprocess.py:106} INFO - 26/01/29 16:41:52 INFO MemoryStore: Block broadcast_29_piece0 stored as bytes in memory (estimated size 6.0 KiB, free 365.5 MiB)
[2026-01-29T16:41:52.815+0530] {subprocess.py:106} INFO - 26/01/29 16:41:52 INFO BlockManagerInfo: Added broadcast_29_piece0 in memory on Aishwarya92848DBDA:35477 (size: 6.0 KiB, free: 366.2 MiB)
[2026-01-29T16:41:52.815+0530] {subprocess.py:106} INFO - 26/01/29 16:41:52 INFO SparkContext: Created broadcast 29 from broadcast at DAGScheduler.scala:1585
[2026-01-29T16:41:52.815+0530] {subprocess.py:106} INFO - 26/01/29 16:41:52 INFO DAGScheduler: Submitting 1 missing tasks from ResultStage 23 (MapPartitionsRDD[75] at count at NativeMethodAccessorImpl.java:0) (first 15 tasks are for partitions Vector(0))
[2026-01-29T16:41:52.815+0530] {subprocess.py:106} INFO - 26/01/29 16:41:52 INFO TaskSchedulerImpl: Adding task set 23.0 with 1 tasks resource profile 0
[2026-01-29T16:41:52.816+0530] {subprocess.py:106} INFO - 26/01/29 16:41:52 INFO TaskSetManager: Starting task 0.0 in stage 23.0 (TID 28) (Aishwarya92848DBDA, executor driver, partition 0, NODE_LOCAL, 7615 bytes)
[2026-01-29T16:41:52.817+0530] {subprocess.py:106} INFO - 26/01/29 16:41:52 INFO Executor: Running task 0.0 in stage 23.0 (TID 28)
[2026-01-29T16:41:52.819+0530] {subprocess.py:106} INFO - 26/01/29 16:41:52 INFO ShuffleBlockFetcherIterator: Getting 2 (120.0 B) non-empty blocks including 2 (120.0 B) local and 0 (0.0 B) host-local and 0 (0.0 B) push-merged-local and 0 (0.0 B) remote blocks
[2026-01-29T16:41:52.819+0530] {subprocess.py:106} INFO - 26/01/29 16:41:52 INFO ShuffleBlockFetcherIterator: Started 0 remote fetches in 0 ms
[2026-01-29T16:41:52.821+0530] {subprocess.py:106} INFO - 26/01/29 16:41:52 INFO Executor: Finished task 0.0 in stage 23.0 (TID 28). 3995 bytes result sent to driver
[2026-01-29T16:41:52.821+0530] {subprocess.py:106} INFO - 26/01/29 16:41:52 INFO TaskSetManager: Finished task 0.0 in stage 23.0 (TID 28) in 5 ms on Aishwarya92848DBDA (executor driver) (1/1)
[2026-01-29T16:41:52.822+0530] {subprocess.py:106} INFO - 26/01/29 16:41:52 INFO TaskSchedulerImpl: Removed TaskSet 23.0, whose tasks have all completed, from pool
[2026-01-29T16:41:52.822+0530] {subprocess.py:106} INFO - 26/01/29 16:41:52 INFO DAGScheduler: ResultStage 23 (count at NativeMethodAccessorImpl.java:0) finished in 0.010 s
[2026-01-29T16:41:52.822+0530] {subprocess.py:106} INFO - 26/01/29 16:41:52 INFO DAGScheduler: Job 17 is finished. Cancelling potential speculative or zombie tasks for this job
[2026-01-29T16:41:52.823+0530] {subprocess.py:106} INFO - 26/01/29 16:41:52 INFO TaskSchedulerImpl: Killing all running tasks in stage 23: Stage finished
[2026-01-29T16:41:52.823+0530] {subprocess.py:106} INFO - 26/01/29 16:41:52 INFO DAGScheduler: Job 17 finished: count at NativeMethodAccessorImpl.java:0, took 0.011830 s
[2026-01-29T16:41:52.824+0530] {subprocess.py:106} INFO - apparent_temperature_min: Outliers = 184
[2026-01-29T16:41:52.847+0530] {subprocess.py:106} INFO - 26/01/29 16:41:52 INFO FileSourceStrategy: Pushed Filters:
[2026-01-29T16:41:52.847+0530] {subprocess.py:106} INFO - 26/01/29 16:41:52 INFO FileSourceStrategy: Post-Scan Filters:
[2026-01-29T16:41:52.849+0530] {subprocess.py:106} INFO - 26/01/29 16:41:52 INFO MemoryStore: Block broadcast_30 stored as values in memory (estimated size 350.2 KiB, free 365.1 MiB)
[2026-01-29T16:41:52.854+0530] {subprocess.py:106} INFO - 26/01/29 16:41:52 INFO MemoryStore: Block broadcast_30_piece0 stored as bytes in memory (estimated size 34.3 KiB, free 365.1 MiB)
[2026-01-29T16:41:52.855+0530] {subprocess.py:106} INFO - 26/01/29 16:41:52 INFO BlockManagerInfo: Added broadcast_30_piece0 in memory on Aishwarya92848DBDA:35477 (size: 34.3 KiB, free: 366.2 MiB)
[2026-01-29T16:41:52.856+0530] {subprocess.py:106} INFO - 26/01/29 16:41:52 INFO SparkContext: Created broadcast 30 from approxQuantile at NativeMethodAccessorImpl.java:0
[2026-01-29T16:41:52.856+0530] {subprocess.py:106} INFO - 26/01/29 16:41:52 INFO FileSourceScanExec: Planning scan with bin packing, max size: 4194304 bytes, open cost is considered as scanning 4194304 bytes.
[2026-01-29T16:41:52.865+0530] {subprocess.py:106} INFO - 26/01/29 16:41:52 INFO SparkContext: Starting job: approxQuantile at NativeMethodAccessorImpl.java:0
[2026-01-29T16:41:52.866+0530] {subprocess.py:106} INFO - 26/01/29 16:41:52 INFO DAGScheduler: Got job 18 (approxQuantile at NativeMethodAccessorImpl.java:0) with 2 output partitions
[2026-01-29T16:41:52.866+0530] {subprocess.py:106} INFO - 26/01/29 16:41:52 INFO DAGScheduler: Final stage: ResultStage 24 (approxQuantile at NativeMethodAccessorImpl.java:0)
[2026-01-29T16:41:52.866+0530] {subprocess.py:106} INFO - 26/01/29 16:41:52 INFO DAGScheduler: Parents of final stage: List()
[2026-01-29T16:41:52.866+0530] {subprocess.py:106} INFO - 26/01/29 16:41:52 INFO DAGScheduler: Missing parents: List()
[2026-01-29T16:41:52.867+0530] {subprocess.py:106} INFO - 26/01/29 16:41:52 INFO DAGScheduler: Submitting ResultStage 24 (MapPartitionsRDD[81] at approxQuantile at NativeMethodAccessorImpl.java:0), which has no missing parents
[2026-01-29T16:41:52.869+0530] {subprocess.py:106} INFO - 26/01/29 16:41:52 INFO MemoryStore: Block broadcast_31 stored as values in memory (estimated size 20.0 KiB, free 365.1 MiB)
[2026-01-29T16:41:52.870+0530] {subprocess.py:106} INFO - 26/01/29 16:41:52 INFO MemoryStore: Block broadcast_31_piece0 stored as bytes in memory (estimated size 9.5 KiB, free 365.1 MiB)
[2026-01-29T16:41:52.871+0530] {subprocess.py:106} INFO - 26/01/29 16:41:52 INFO BlockManagerInfo: Added broadcast_31_piece0 in memory on Aishwarya92848DBDA:35477 (size: 9.5 KiB, free: 366.2 MiB)
[2026-01-29T16:41:52.871+0530] {subprocess.py:106} INFO - 26/01/29 16:41:52 INFO SparkContext: Created broadcast 31 from broadcast at DAGScheduler.scala:1585
[2026-01-29T16:41:52.872+0530] {subprocess.py:106} INFO - 26/01/29 16:41:52 INFO DAGScheduler: Submitting 2 missing tasks from ResultStage 24 (MapPartitionsRDD[81] at approxQuantile at NativeMethodAccessorImpl.java:0) (first 15 tasks are for partitions Vector(0, 1))
[2026-01-29T16:41:52.872+0530] {subprocess.py:106} INFO - 26/01/29 16:41:52 INFO TaskSchedulerImpl: Adding task set 24.0 with 2 tasks resource profile 0
[2026-01-29T16:41:52.872+0530] {subprocess.py:106} INFO - 26/01/29 16:41:52 INFO TaskSetManager: Starting task 0.0 in stage 24.0 (TID 29) (Aishwarya92848DBDA, executor driver, partition 0, NODE_LOCAL, 8241 bytes)
[2026-01-29T16:41:52.873+0530] {subprocess.py:106} INFO - 26/01/29 16:41:52 INFO TaskSetManager: Starting task 1.0 in stage 24.0 (TID 30) (Aishwarya92848DBDA, executor driver, partition 1, NODE_LOCAL, 8241 bytes)
[2026-01-29T16:41:52.873+0530] {subprocess.py:106} INFO - 26/01/29 16:41:52 INFO Executor: Running task 1.0 in stage 24.0 (TID 30)
[2026-01-29T16:41:52.873+0530] {subprocess.py:106} INFO - 26/01/29 16:41:52 INFO Executor: Running task 0.0 in stage 24.0 (TID 29)
[2026-01-29T16:41:52.877+0530] {subprocess.py:106} INFO - 26/01/29 16:41:52 INFO FileScanRDD: Reading File path: hdfs://localhost:9000/weather/data/raw_data/weather_dataset.csv, range: 0-4194304, partition values: [empty row]
[2026-01-29T16:41:52.877+0530] {subprocess.py:106} INFO - 26/01/29 16:41:52 INFO FileScanRDD: Reading File path: hdfs://localhost:9000/weather/data/raw_data/weather_dataset.csv, range: 4194304-6329103, partition values: [empty row]
[2026-01-29T16:41:52.923+0530] {subprocess.py:106} INFO - 26/01/29 16:41:52 INFO BlockManagerInfo: Removed broadcast_29_piece0 on Aishwarya92848DBDA:35477 in memory (size: 6.0 KiB, free: 366.2 MiB)
[2026-01-29T16:41:52.925+0530] {subprocess.py:106} INFO - 26/01/29 16:41:52 INFO BlockManagerInfo: Removed broadcast_25_piece0 on Aishwarya92848DBDA:35477 in memory (size: 34.3 KiB, free: 366.2 MiB)
[2026-01-29T16:41:52.928+0530] {subprocess.py:106} INFO - 26/01/29 16:41:52 INFO BlockManagerInfo: Removed broadcast_26_piece0 on Aishwarya92848DBDA:35477 in memory (size: 9.5 KiB, free: 366.2 MiB)
[2026-01-29T16:41:52.931+0530] {subprocess.py:106} INFO - 26/01/29 16:41:52 INFO BlockManagerInfo: Removed broadcast_27_piece0 on Aishwarya92848DBDA:35477 in memory (size: 34.3 KiB, free: 366.2 MiB)
[2026-01-29T16:41:52.933+0530] {subprocess.py:106} INFO - 26/01/29 16:41:52 INFO BlockManagerInfo: Removed broadcast_28_piece0 on Aishwarya92848DBDA:35477 in memory (size: 9.7 KiB, free: 366.3 MiB)
[2026-01-29T16:41:52.940+0530] {subprocess.py:106} INFO - 26/01/29 16:41:52 INFO Executor: Finished task 1.0 in stage 24.0 (TID 30). 8136 bytes result sent to driver
[2026-01-29T16:41:52.941+0530] {subprocess.py:106} INFO - 26/01/29 16:41:52 INFO TaskSetManager: Finished task 1.0 in stage 24.0 (TID 30) in 69 ms on Aishwarya92848DBDA (executor driver) (1/2)
[2026-01-29T16:41:52.973+0530] {subprocess.py:106} INFO - 26/01/29 16:41:52 INFO Executor: Finished task 0.0 in stage 24.0 (TID 29). 7231 bytes result sent to driver
[2026-01-29T16:41:52.974+0530] {subprocess.py:106} INFO - 26/01/29 16:41:52 INFO TaskSetManager: Finished task 0.0 in stage 24.0 (TID 29) in 102 ms on Aishwarya92848DBDA (executor driver) (2/2)
[2026-01-29T16:41:52.974+0530] {subprocess.py:106} INFO - 26/01/29 16:41:52 INFO TaskSchedulerImpl: Removed TaskSet 24.0, whose tasks have all completed, from pool
[2026-01-29T16:41:52.975+0530] {subprocess.py:106} INFO - 26/01/29 16:41:52 INFO DAGScheduler: ResultStage 24 (approxQuantile at NativeMethodAccessorImpl.java:0) finished in 0.107 s
[2026-01-29T16:41:52.975+0530] {subprocess.py:106} INFO - 26/01/29 16:41:52 INFO DAGScheduler: Job 18 is finished. Cancelling potential speculative or zombie tasks for this job
[2026-01-29T16:41:52.975+0530] {subprocess.py:106} INFO - 26/01/29 16:41:52 INFO TaskSchedulerImpl: Killing all running tasks in stage 24: Stage finished
[2026-01-29T16:41:52.975+0530] {subprocess.py:106} INFO - 26/01/29 16:41:52 INFO DAGScheduler: Job 18 finished: approxQuantile at NativeMethodAccessorImpl.java:0, took 0.110248 s
[2026-01-29T16:41:53.040+0530] {subprocess.py:106} INFO - 26/01/29 16:41:53 INFO FileSourceStrategy: Pushed Filters: Or(LessThan(precipitation_sum,-2.4000000000000004),GreaterThan(precipitation_sum,4.0))
[2026-01-29T16:41:53.041+0530] {subprocess.py:106} INFO - 26/01/29 16:41:53 INFO FileSourceStrategy: Post-Scan Filters: ((precipitation_sum#23 < -2.4000000000000004) OR (precipitation_sum#23 > 4.0))
[2026-01-29T16:41:53.058+0530] {subprocess.py:106} INFO - 26/01/29 16:41:53 INFO CodeGenerator: Code generated in 8.565527 ms
[2026-01-29T16:41:53.059+0530] {subprocess.py:106} INFO - 26/01/29 16:41:53 INFO MemoryStore: Block broadcast_32 stored as values in memory (estimated size 350.2 KiB, free 365.6 MiB)
[2026-01-29T16:41:53.065+0530] {subprocess.py:106} INFO - 26/01/29 16:41:53 INFO MemoryStore: Block broadcast_32_piece0 stored as bytes in memory (estimated size 34.3 KiB, free 365.5 MiB)
[2026-01-29T16:41:53.065+0530] {subprocess.py:106} INFO - 26/01/29 16:41:53 INFO BlockManagerInfo: Added broadcast_32_piece0 in memory on Aishwarya92848DBDA:35477 (size: 34.3 KiB, free: 366.2 MiB)
[2026-01-29T16:41:53.065+0530] {subprocess.py:106} INFO - 26/01/29 16:41:53 INFO SparkContext: Created broadcast 32 from count at NativeMethodAccessorImpl.java:0
[2026-01-29T16:41:53.066+0530] {subprocess.py:106} INFO - 26/01/29 16:41:53 INFO FileSourceScanExec: Planning scan with bin packing, max size: 4194304 bytes, open cost is considered as scanning 4194304 bytes.
[2026-01-29T16:41:53.069+0530] {subprocess.py:106} INFO - 26/01/29 16:41:53 INFO DAGScheduler: Registering RDD 85 (count at NativeMethodAccessorImpl.java:0) as input to shuffle 6
[2026-01-29T16:41:53.069+0530] {subprocess.py:106} INFO - 26/01/29 16:41:53 INFO DAGScheduler: Got map stage job 19 (count at NativeMethodAccessorImpl.java:0) with 2 output partitions
[2026-01-29T16:41:53.070+0530] {subprocess.py:106} INFO - 26/01/29 16:41:53 INFO DAGScheduler: Final stage: ShuffleMapStage 25 (count at NativeMethodAccessorImpl.java:0)
[2026-01-29T16:41:53.070+0530] {subprocess.py:106} INFO - 26/01/29 16:41:53 INFO DAGScheduler: Parents of final stage: List()
[2026-01-29T16:41:53.070+0530] {subprocess.py:106} INFO - 26/01/29 16:41:53 INFO DAGScheduler: Missing parents: List()
[2026-01-29T16:41:53.070+0530] {subprocess.py:106} INFO - 26/01/29 16:41:53 INFO DAGScheduler: Submitting ShuffleMapStage 25 (MapPartitionsRDD[85] at count at NativeMethodAccessorImpl.java:0), which has no missing parents
[2026-01-29T16:41:53.072+0530] {subprocess.py:106} INFO - 26/01/29 16:41:53 INFO MemoryStore: Block broadcast_33 stored as values in memory (estimated size 20.0 KiB, free 365.5 MiB)
[2026-01-29T16:41:53.073+0530] {subprocess.py:106} INFO - 26/01/29 16:41:53 INFO MemoryStore: Block broadcast_33_piece0 stored as bytes in memory (estimated size 9.6 KiB, free 365.5 MiB)
[2026-01-29T16:41:53.073+0530] {subprocess.py:106} INFO - 26/01/29 16:41:53 INFO BlockManagerInfo: Added broadcast_33_piece0 in memory on Aishwarya92848DBDA:35477 (size: 9.6 KiB, free: 366.2 MiB)
[2026-01-29T16:41:53.074+0530] {subprocess.py:106} INFO - 26/01/29 16:41:53 INFO SparkContext: Created broadcast 33 from broadcast at DAGScheduler.scala:1585
[2026-01-29T16:41:53.076+0530] {subprocess.py:106} INFO - 26/01/29 16:41:53 INFO DAGScheduler: Submitting 2 missing tasks from ShuffleMapStage 25 (MapPartitionsRDD[85] at count at NativeMethodAccessorImpl.java:0) (first 15 tasks are for partitions Vector(0, 1))
[2026-01-29T16:41:53.076+0530] {subprocess.py:106} INFO - 26/01/29 16:41:53 INFO TaskSchedulerImpl: Adding task set 25.0 with 2 tasks resource profile 0
[2026-01-29T16:41:53.077+0530] {subprocess.py:106} INFO - 26/01/29 16:41:53 INFO TaskSetManager: Starting task 0.0 in stage 25.0 (TID 31) (Aishwarya92848DBDA, executor driver, partition 0, NODE_LOCAL, 8230 bytes)
[2026-01-29T16:41:53.077+0530] {subprocess.py:106} INFO - 26/01/29 16:41:53 INFO TaskSetManager: Starting task 1.0 in stage 25.0 (TID 32) (Aishwarya92848DBDA, executor driver, partition 1, NODE_LOCAL, 8230 bytes)
[2026-01-29T16:41:53.078+0530] {subprocess.py:106} INFO - 26/01/29 16:41:53 INFO Executor: Running task 0.0 in stage 25.0 (TID 31)
[2026-01-29T16:41:53.078+0530] {subprocess.py:106} INFO - 26/01/29 16:41:53 INFO Executor: Running task 1.0 in stage 25.0 (TID 32)
[2026-01-29T16:41:53.090+0530] {subprocess.py:106} INFO - 26/01/29 16:41:53 INFO CodeGenerator: Code generated in 8.791131 ms
[2026-01-29T16:41:53.091+0530] {subprocess.py:106} INFO - 26/01/29 16:41:53 INFO FileScanRDD: Reading File path: hdfs://localhost:9000/weather/data/raw_data/weather_dataset.csv, range: 0-4194304, partition values: [empty row]
[2026-01-29T16:41:53.091+0530] {subprocess.py:106} INFO - 26/01/29 16:41:53 INFO FileScanRDD: Reading File path: hdfs://localhost:9000/weather/data/raw_data/weather_dataset.csv, range: 4194304-6329103, partition values: [empty row]
[2026-01-29T16:41:53.100+0530] {subprocess.py:106} INFO - 26/01/29 16:41:53 INFO CodeGenerator: Code generated in 6.206451 ms
[2026-01-29T16:41:53.140+0530] {subprocess.py:106} INFO - 26/01/29 16:41:53 INFO Executor: Finished task 1.0 in stage 25.0 (TID 32). 1990 bytes result sent to driver
[2026-01-29T16:41:53.141+0530] {subprocess.py:106} INFO - 26/01/29 16:41:53 INFO TaskSetManager: Finished task 1.0 in stage 25.0 (TID 32) in 64 ms on Aishwarya92848DBDA (executor driver) (1/2)
[2026-01-29T16:41:53.170+0530] {subprocess.py:106} INFO - 26/01/29 16:41:53 INFO Executor: Finished task 0.0 in stage 25.0 (TID 31). 1990 bytes result sent to driver
[2026-01-29T16:41:53.171+0530] {subprocess.py:106} INFO - 26/01/29 16:41:53 INFO TaskSetManager: Finished task 0.0 in stage 25.0 (TID 31) in 94 ms on Aishwarya92848DBDA (executor driver) (2/2)
[2026-01-29T16:41:53.171+0530] {subprocess.py:106} INFO - 26/01/29 16:41:53 INFO TaskSchedulerImpl: Removed TaskSet 25.0, whose tasks have all completed, from pool
[2026-01-29T16:41:53.172+0530] {subprocess.py:106} INFO - 26/01/29 16:41:53 INFO DAGScheduler: ShuffleMapStage 25 (count at NativeMethodAccessorImpl.java:0) finished in 0.101 s
[2026-01-29T16:41:53.172+0530] {subprocess.py:106} INFO - 26/01/29 16:41:53 INFO DAGScheduler: looking for newly runnable stages
[2026-01-29T16:41:53.172+0530] {subprocess.py:106} INFO - 26/01/29 16:41:53 INFO DAGScheduler: running: Set()
[2026-01-29T16:41:53.172+0530] {subprocess.py:106} INFO - 26/01/29 16:41:53 INFO DAGScheduler: waiting: Set()
[2026-01-29T16:41:53.172+0530] {subprocess.py:106} INFO - 26/01/29 16:41:53 INFO DAGScheduler: failed: Set()
[2026-01-29T16:41:53.184+0530] {subprocess.py:106} INFO - 26/01/29 16:41:53 INFO SparkContext: Starting job: count at NativeMethodAccessorImpl.java:0
[2026-01-29T16:41:53.185+0530] {subprocess.py:106} INFO - 26/01/29 16:41:53 INFO DAGScheduler: Got job 20 (count at NativeMethodAccessorImpl.java:0) with 1 output partitions
[2026-01-29T16:41:53.186+0530] {subprocess.py:106} INFO - 26/01/29 16:41:53 INFO DAGScheduler: Final stage: ResultStage 27 (count at NativeMethodAccessorImpl.java:0)
[2026-01-29T16:41:53.186+0530] {subprocess.py:106} INFO - 26/01/29 16:41:53 INFO DAGScheduler: Parents of final stage: List(ShuffleMapStage 26)
[2026-01-29T16:41:53.186+0530] {subprocess.py:106} INFO - 26/01/29 16:41:53 INFO DAGScheduler: Missing parents: List()
[2026-01-29T16:41:53.187+0530] {subprocess.py:106} INFO - 26/01/29 16:41:53 INFO DAGScheduler: Submitting ResultStage 27 (MapPartitionsRDD[88] at count at NativeMethodAccessorImpl.java:0), which has no missing parents
[2026-01-29T16:41:53.187+0530] {subprocess.py:106} INFO - 26/01/29 16:41:53 INFO MemoryStore: Block broadcast_34 stored as values in memory (estimated size 12.5 KiB, free 365.5 MiB)
[2026-01-29T16:41:53.189+0530] {subprocess.py:106} INFO - 26/01/29 16:41:53 INFO MemoryStore: Block broadcast_34_piece0 stored as bytes in memory (estimated size 5.9 KiB, free 365.5 MiB)
[2026-01-29T16:41:53.189+0530] {subprocess.py:106} INFO - 26/01/29 16:41:53 INFO BlockManagerInfo: Added broadcast_34_piece0 in memory on Aishwarya92848DBDA:35477 (size: 5.9 KiB, free: 366.2 MiB)
[2026-01-29T16:41:53.189+0530] {subprocess.py:106} INFO - 26/01/29 16:41:53 INFO SparkContext: Created broadcast 34 from broadcast at DAGScheduler.scala:1585
[2026-01-29T16:41:53.190+0530] {subprocess.py:106} INFO - 26/01/29 16:41:53 INFO DAGScheduler: Submitting 1 missing tasks from ResultStage 27 (MapPartitionsRDD[88] at count at NativeMethodAccessorImpl.java:0) (first 15 tasks are for partitions Vector(0))
[2026-01-29T16:41:53.190+0530] {subprocess.py:106} INFO - 26/01/29 16:41:53 INFO TaskSchedulerImpl: Adding task set 27.0 with 1 tasks resource profile 0
[2026-01-29T16:41:53.191+0530] {subprocess.py:106} INFO - 26/01/29 16:41:53 INFO TaskSetManager: Starting task 0.0 in stage 27.0 (TID 33) (Aishwarya92848DBDA, executor driver, partition 0, NODE_LOCAL, 7615 bytes)
[2026-01-29T16:41:53.191+0530] {subprocess.py:106} INFO - 26/01/29 16:41:53 INFO Executor: Running task 0.0 in stage 27.0 (TID 33)
[2026-01-29T16:41:53.194+0530] {subprocess.py:106} INFO - 26/01/29 16:41:53 INFO ShuffleBlockFetcherIterator: Getting 2 (120.0 B) non-empty blocks including 2 (120.0 B) local and 0 (0.0 B) host-local and 0 (0.0 B) push-merged-local and 0 (0.0 B) remote blocks
[2026-01-29T16:41:53.194+0530] {subprocess.py:106} INFO - 26/01/29 16:41:53 INFO ShuffleBlockFetcherIterator: Started 0 remote fetches in 0 ms
[2026-01-29T16:41:53.195+0530] {subprocess.py:106} INFO - 26/01/29 16:41:53 INFO Executor: Finished task 0.0 in stage 27.0 (TID 33). 3995 bytes result sent to driver
[2026-01-29T16:41:53.196+0530] {subprocess.py:106} INFO - 26/01/29 16:41:53 INFO TaskSetManager: Finished task 0.0 in stage 27.0 (TID 33) in 6 ms on Aishwarya92848DBDA (executor driver) (1/1)
[2026-01-29T16:41:53.196+0530] {subprocess.py:106} INFO - 26/01/29 16:41:53 INFO TaskSchedulerImpl: Removed TaskSet 27.0, whose tasks have all completed, from pool
[2026-01-29T16:41:53.197+0530] {subprocess.py:106} INFO - 26/01/29 16:41:53 INFO DAGScheduler: ResultStage 27 (count at NativeMethodAccessorImpl.java:0) finished in 0.011 s
[2026-01-29T16:41:53.197+0530] {subprocess.py:106} INFO - 26/01/29 16:41:53 INFO DAGScheduler: Job 20 is finished. Cancelling potential speculative or zombie tasks for this job
[2026-01-29T16:41:53.197+0530] {subprocess.py:106} INFO - 26/01/29 16:41:53 INFO TaskSchedulerImpl: Killing all running tasks in stage 27: Stage finished
[2026-01-29T16:41:53.198+0530] {subprocess.py:106} INFO - 26/01/29 16:41:53 INFO DAGScheduler: Job 20 finished: count at NativeMethodAccessorImpl.java:0, took 0.012972 s
[2026-01-29T16:41:53.199+0530] {subprocess.py:106} INFO - precipitation_sum: Outliers = 18134
[2026-01-29T16:41:53.223+0530] {subprocess.py:106} INFO - 26/01/29 16:41:53 INFO FileSourceStrategy: Pushed Filters:
[2026-01-29T16:41:53.223+0530] {subprocess.py:106} INFO - 26/01/29 16:41:53 INFO FileSourceStrategy: Post-Scan Filters:
[2026-01-29T16:41:53.226+0530] {subprocess.py:106} INFO - 26/01/29 16:41:53 INFO MemoryStore: Block broadcast_35 stored as values in memory (estimated size 350.2 KiB, free 365.1 MiB)
[2026-01-29T16:41:53.232+0530] {subprocess.py:106} INFO - 26/01/29 16:41:53 INFO MemoryStore: Block broadcast_35_piece0 stored as bytes in memory (estimated size 34.3 KiB, free 365.1 MiB)
[2026-01-29T16:41:53.232+0530] {subprocess.py:106} INFO - 26/01/29 16:41:53 INFO BlockManagerInfo: Added broadcast_35_piece0 in memory on Aishwarya92848DBDA:35477 (size: 34.3 KiB, free: 366.2 MiB)
[2026-01-29T16:41:53.232+0530] {subprocess.py:106} INFO - 26/01/29 16:41:53 INFO SparkContext: Created broadcast 35 from approxQuantile at NativeMethodAccessorImpl.java:0
[2026-01-29T16:41:53.233+0530] {subprocess.py:106} INFO - 26/01/29 16:41:53 INFO FileSourceScanExec: Planning scan with bin packing, max size: 4194304 bytes, open cost is considered as scanning 4194304 bytes.
[2026-01-29T16:41:53.244+0530] {subprocess.py:106} INFO - 26/01/29 16:41:53 INFO SparkContext: Starting job: approxQuantile at NativeMethodAccessorImpl.java:0
[2026-01-29T16:41:53.245+0530] {subprocess.py:106} INFO - 26/01/29 16:41:53 INFO DAGScheduler: Got job 21 (approxQuantile at NativeMethodAccessorImpl.java:0) with 2 output partitions
[2026-01-29T16:41:53.245+0530] {subprocess.py:106} INFO - 26/01/29 16:41:53 INFO DAGScheduler: Final stage: ResultStage 28 (approxQuantile at NativeMethodAccessorImpl.java:0)
[2026-01-29T16:41:53.245+0530] {subprocess.py:106} INFO - 26/01/29 16:41:53 INFO DAGScheduler: Parents of final stage: List()
[2026-01-29T16:41:53.245+0530] {subprocess.py:106} INFO - 26/01/29 16:41:53 INFO DAGScheduler: Missing parents: List()
[2026-01-29T16:41:53.245+0530] {subprocess.py:106} INFO - 26/01/29 16:41:53 INFO DAGScheduler: Submitting ResultStage 28 (MapPartitionsRDD[94] at approxQuantile at NativeMethodAccessorImpl.java:0), which has no missing parents
[2026-01-29T16:41:53.248+0530] {subprocess.py:106} INFO - 26/01/29 16:41:53 INFO MemoryStore: Block broadcast_36 stored as values in memory (estimated size 20.0 KiB, free 365.1 MiB)
[2026-01-29T16:41:53.249+0530] {subprocess.py:106} INFO - 26/01/29 16:41:53 INFO MemoryStore: Block broadcast_36_piece0 stored as bytes in memory (estimated size 9.5 KiB, free 365.1 MiB)
[2026-01-29T16:41:53.250+0530] {subprocess.py:106} INFO - 26/01/29 16:41:53 INFO BlockManagerInfo: Added broadcast_36_piece0 in memory on Aishwarya92848DBDA:35477 (size: 9.5 KiB, free: 366.2 MiB)
[2026-01-29T16:41:53.250+0530] {subprocess.py:106} INFO - 26/01/29 16:41:53 INFO SparkContext: Created broadcast 36 from broadcast at DAGScheduler.scala:1585
[2026-01-29T16:41:53.250+0530] {subprocess.py:106} INFO - 26/01/29 16:41:53 INFO DAGScheduler: Submitting 2 missing tasks from ResultStage 28 (MapPartitionsRDD[94] at approxQuantile at NativeMethodAccessorImpl.java:0) (first 15 tasks are for partitions Vector(0, 1))
[2026-01-29T16:41:53.250+0530] {subprocess.py:106} INFO - 26/01/29 16:41:53 INFO TaskSchedulerImpl: Adding task set 28.0 with 2 tasks resource profile 0
[2026-01-29T16:41:53.251+0530] {subprocess.py:106} INFO - 26/01/29 16:41:53 INFO TaskSetManager: Starting task 0.0 in stage 28.0 (TID 34) (Aishwarya92848DBDA, executor driver, partition 0, NODE_LOCAL, 8241 bytes)
[2026-01-29T16:41:53.252+0530] {subprocess.py:106} INFO - 26/01/29 16:41:53 INFO TaskSetManager: Starting task 1.0 in stage 28.0 (TID 35) (Aishwarya92848DBDA, executor driver, partition 1, NODE_LOCAL, 8241 bytes)
[2026-01-29T16:41:53.252+0530] {subprocess.py:106} INFO - 26/01/29 16:41:53 INFO Executor: Running task 1.0 in stage 28.0 (TID 35)
[2026-01-29T16:41:53.252+0530] {subprocess.py:106} INFO - 26/01/29 16:41:53 INFO Executor: Running task 0.0 in stage 28.0 (TID 34)
[2026-01-29T16:41:53.256+0530] {subprocess.py:106} INFO - 26/01/29 16:41:53 INFO FileScanRDD: Reading File path: hdfs://localhost:9000/weather/data/raw_data/weather_dataset.csv, range: 4194304-6329103, partition values: [empty row]
[2026-01-29T16:41:53.256+0530] {subprocess.py:106} INFO - 26/01/29 16:41:53 INFO FileScanRDD: Reading File path: hdfs://localhost:9000/weather/data/raw_data/weather_dataset.csv, range: 0-4194304, partition values: [empty row]
[2026-01-29T16:41:53.290+0530] {subprocess.py:106} INFO - 26/01/29 16:41:53 INFO BlockManagerInfo: Removed broadcast_32_piece0 on Aishwarya92848DBDA:35477 in memory (size: 34.3 KiB, free: 366.2 MiB)
[2026-01-29T16:41:53.293+0530] {subprocess.py:106} INFO - 26/01/29 16:41:53 INFO BlockManagerInfo: Removed broadcast_34_piece0 on Aishwarya92848DBDA:35477 in memory (size: 5.9 KiB, free: 366.2 MiB)
[2026-01-29T16:41:53.296+0530] {subprocess.py:106} INFO - 26/01/29 16:41:53 INFO BlockManagerInfo: Removed broadcast_33_piece0 on Aishwarya92848DBDA:35477 in memory (size: 9.6 KiB, free: 366.2 MiB)
[2026-01-29T16:41:53.298+0530] {subprocess.py:106} INFO - 26/01/29 16:41:53 INFO BlockManagerInfo: Removed broadcast_31_piece0 on Aishwarya92848DBDA:35477 in memory (size: 9.5 KiB, free: 366.2 MiB)
[2026-01-29T16:41:53.300+0530] {subprocess.py:106} INFO - 26/01/29 16:41:53 INFO BlockManagerInfo: Removed broadcast_30_piece0 on Aishwarya92848DBDA:35477 in memory (size: 34.3 KiB, free: 366.3 MiB)
[2026-01-29T16:41:53.324+0530] {subprocess.py:106} INFO - 26/01/29 16:41:53 INFO Executor: Finished task 1.0 in stage 28.0 (TID 35). 8136 bytes result sent to driver
[2026-01-29T16:41:53.325+0530] {subprocess.py:106} INFO - 26/01/29 16:41:53 INFO TaskSetManager: Finished task 1.0 in stage 28.0 (TID 35) in 73 ms on Aishwarya92848DBDA (executor driver) (1/2)
[2026-01-29T16:41:53.358+0530] {subprocess.py:106} INFO - 26/01/29 16:41:53 INFO Executor: Finished task 0.0 in stage 28.0 (TID 34). 7231 bytes result sent to driver
[2026-01-29T16:41:53.359+0530] {subprocess.py:106} INFO - 26/01/29 16:41:53 INFO TaskSetManager: Finished task 0.0 in stage 28.0 (TID 34) in 108 ms on Aishwarya92848DBDA (executor driver) (2/2)
[2026-01-29T16:41:53.359+0530] {subprocess.py:106} INFO - 26/01/29 16:41:53 INFO TaskSchedulerImpl: Removed TaskSet 28.0, whose tasks have all completed, from pool
[2026-01-29T16:41:53.359+0530] {subprocess.py:106} INFO - 26/01/29 16:41:53 INFO DAGScheduler: ResultStage 28 (approxQuantile at NativeMethodAccessorImpl.java:0) finished in 0.113 s
[2026-01-29T16:41:53.360+0530] {subprocess.py:106} INFO - 26/01/29 16:41:53 INFO DAGScheduler: Job 21 is finished. Cancelling potential speculative or zombie tasks for this job
[2026-01-29T16:41:53.360+0530] {subprocess.py:106} INFO - 26/01/29 16:41:53 INFO TaskSchedulerImpl: Killing all running tasks in stage 28: Stage finished
[2026-01-29T16:41:53.360+0530] {subprocess.py:106} INFO - 26/01/29 16:41:53 INFO DAGScheduler: Job 21 finished: approxQuantile at NativeMethodAccessorImpl.java:0, took 0.116042 s
[2026-01-29T16:41:53.420+0530] {subprocess.py:106} INFO - 26/01/29 16:41:53 INFO FileSourceStrategy: Pushed Filters: Or(LessThan(rain_sum,-2.4000000000000004),GreaterThan(rain_sum,4.0))
[2026-01-29T16:41:53.421+0530] {subprocess.py:106} INFO - 26/01/29 16:41:53 INFO FileSourceStrategy: Post-Scan Filters: ((rain_sum#24 < -2.4000000000000004) OR (rain_sum#24 > 4.0))
[2026-01-29T16:41:53.432+0530] {subprocess.py:106} INFO - 26/01/29 16:41:53 INFO MemoryStore: Block broadcast_37 stored as values in memory (estimated size 350.2 KiB, free 365.6 MiB)
[2026-01-29T16:41:53.438+0530] {subprocess.py:106} INFO - 26/01/29 16:41:53 INFO MemoryStore: Block broadcast_37_piece0 stored as bytes in memory (estimated size 34.3 KiB, free 365.5 MiB)
[2026-01-29T16:41:53.438+0530] {subprocess.py:106} INFO - 26/01/29 16:41:53 INFO BlockManagerInfo: Added broadcast_37_piece0 in memory on Aishwarya92848DBDA:35477 (size: 34.3 KiB, free: 366.2 MiB)
[2026-01-29T16:41:53.439+0530] {subprocess.py:106} INFO - 26/01/29 16:41:53 INFO SparkContext: Created broadcast 37 from count at NativeMethodAccessorImpl.java:0
[2026-01-29T16:41:53.440+0530] {subprocess.py:106} INFO - 26/01/29 16:41:53 INFO FileSourceScanExec: Planning scan with bin packing, max size: 4194304 bytes, open cost is considered as scanning 4194304 bytes.
[2026-01-29T16:41:53.443+0530] {subprocess.py:106} INFO - 26/01/29 16:41:53 INFO DAGScheduler: Registering RDD 98 (count at NativeMethodAccessorImpl.java:0) as input to shuffle 7
[2026-01-29T16:41:53.443+0530] {subprocess.py:106} INFO - 26/01/29 16:41:53 INFO DAGScheduler: Got map stage job 22 (count at NativeMethodAccessorImpl.java:0) with 2 output partitions
[2026-01-29T16:41:53.443+0530] {subprocess.py:106} INFO - 26/01/29 16:41:53 INFO DAGScheduler: Final stage: ShuffleMapStage 29 (count at NativeMethodAccessorImpl.java:0)
[2026-01-29T16:41:53.443+0530] {subprocess.py:106} INFO - 26/01/29 16:41:53 INFO DAGScheduler: Parents of final stage: List()
[2026-01-29T16:41:53.444+0530] {subprocess.py:106} INFO - 26/01/29 16:41:53 INFO DAGScheduler: Missing parents: List()
[2026-01-29T16:41:53.444+0530] {subprocess.py:106} INFO - 26/01/29 16:41:53 INFO DAGScheduler: Submitting ShuffleMapStage 29 (MapPartitionsRDD[98] at count at NativeMethodAccessorImpl.java:0), which has no missing parents
[2026-01-29T16:41:53.446+0530] {subprocess.py:106} INFO - 26/01/29 16:41:53 INFO MemoryStore: Block broadcast_38 stored as values in memory (estimated size 20.0 KiB, free 365.5 MiB)
[2026-01-29T16:41:53.447+0530] {subprocess.py:106} INFO - 26/01/29 16:41:53 INFO MemoryStore: Block broadcast_38_piece0 stored as bytes in memory (estimated size 9.6 KiB, free 365.5 MiB)
[2026-01-29T16:41:53.448+0530] {subprocess.py:106} INFO - 26/01/29 16:41:53 INFO BlockManagerInfo: Added broadcast_38_piece0 in memory on Aishwarya92848DBDA:35477 (size: 9.6 KiB, free: 366.2 MiB)
[2026-01-29T16:41:53.448+0530] {subprocess.py:106} INFO - 26/01/29 16:41:53 INFO SparkContext: Created broadcast 38 from broadcast at DAGScheduler.scala:1585
[2026-01-29T16:41:53.449+0530] {subprocess.py:106} INFO - 26/01/29 16:41:53 INFO DAGScheduler: Submitting 2 missing tasks from ShuffleMapStage 29 (MapPartitionsRDD[98] at count at NativeMethodAccessorImpl.java:0) (first 15 tasks are for partitions Vector(0, 1))
[2026-01-29T16:41:53.449+0530] {subprocess.py:106} INFO - 26/01/29 16:41:53 INFO TaskSchedulerImpl: Adding task set 29.0 with 2 tasks resource profile 0
[2026-01-29T16:41:53.450+0530] {subprocess.py:106} INFO - 26/01/29 16:41:53 INFO TaskSetManager: Starting task 0.0 in stage 29.0 (TID 36) (Aishwarya92848DBDA, executor driver, partition 0, NODE_LOCAL, 8230 bytes)
[2026-01-29T16:41:53.450+0530] {subprocess.py:106} INFO - 26/01/29 16:41:53 INFO TaskSetManager: Starting task 1.0 in stage 29.0 (TID 37) (Aishwarya92848DBDA, executor driver, partition 1, NODE_LOCAL, 8230 bytes)
[2026-01-29T16:41:53.451+0530] {subprocess.py:106} INFO - 26/01/29 16:41:53 INFO Executor: Running task 0.0 in stage 29.0 (TID 36)
[2026-01-29T16:41:53.451+0530] {subprocess.py:106} INFO - 26/01/29 16:41:53 INFO Executor: Running task 1.0 in stage 29.0 (TID 37)
[2026-01-29T16:41:53.454+0530] {subprocess.py:106} INFO - 26/01/29 16:41:53 INFO FileScanRDD: Reading File path: hdfs://localhost:9000/weather/data/raw_data/weather_dataset.csv, range: 4194304-6329103, partition values: [empty row]
[2026-01-29T16:41:53.455+0530] {subprocess.py:106} INFO - 26/01/29 16:41:53 INFO FileScanRDD: Reading File path: hdfs://localhost:9000/weather/data/raw_data/weather_dataset.csv, range: 0-4194304, partition values: [empty row]
[2026-01-29T16:41:53.493+0530] {subprocess.py:106} INFO - 26/01/29 16:41:53 INFO Executor: Finished task 1.0 in stage 29.0 (TID 37). 1990 bytes result sent to driver
[2026-01-29T16:41:53.494+0530] {subprocess.py:106} INFO - 26/01/29 16:41:53 INFO TaskSetManager: Finished task 1.0 in stage 29.0 (TID 37) in 44 ms on Aishwarya92848DBDA (executor driver) (1/2)
[2026-01-29T16:41:53.525+0530] {subprocess.py:106} INFO - 26/01/29 16:41:53 INFO Executor: Finished task 0.0 in stage 29.0 (TID 36). 1990 bytes result sent to driver
[2026-01-29T16:41:53.526+0530] {subprocess.py:106} INFO - 26/01/29 16:41:53 INFO TaskSetManager: Finished task 0.0 in stage 29.0 (TID 36) in 77 ms on Aishwarya92848DBDA (executor driver) (2/2)
[2026-01-29T16:41:53.526+0530] {subprocess.py:106} INFO - 26/01/29 16:41:53 INFO TaskSchedulerImpl: Removed TaskSet 29.0, whose tasks have all completed, from pool
[2026-01-29T16:41:53.527+0530] {subprocess.py:106} INFO - 26/01/29 16:41:53 INFO DAGScheduler: ShuffleMapStage 29 (count at NativeMethodAccessorImpl.java:0) finished in 0.082 s
[2026-01-29T16:41:53.527+0530] {subprocess.py:106} INFO - 26/01/29 16:41:53 INFO DAGScheduler: looking for newly runnable stages
[2026-01-29T16:41:53.527+0530] {subprocess.py:106} INFO - 26/01/29 16:41:53 INFO DAGScheduler: running: Set()
[2026-01-29T16:41:53.527+0530] {subprocess.py:106} INFO - 26/01/29 16:41:53 INFO DAGScheduler: waiting: Set()
[2026-01-29T16:41:53.527+0530] {subprocess.py:106} INFO - 26/01/29 16:41:53 INFO DAGScheduler: failed: Set()
[2026-01-29T16:41:53.538+0530] {subprocess.py:106} INFO - 26/01/29 16:41:53 INFO SparkContext: Starting job: count at NativeMethodAccessorImpl.java:0
[2026-01-29T16:41:53.539+0530] {subprocess.py:106} INFO - 26/01/29 16:41:53 INFO DAGScheduler: Got job 23 (count at NativeMethodAccessorImpl.java:0) with 1 output partitions
[2026-01-29T16:41:53.539+0530] {subprocess.py:106} INFO - 26/01/29 16:41:53 INFO DAGScheduler: Final stage: ResultStage 31 (count at NativeMethodAccessorImpl.java:0)
[2026-01-29T16:41:53.539+0530] {subprocess.py:106} INFO - 26/01/29 16:41:53 INFO DAGScheduler: Parents of final stage: List(ShuffleMapStage 30)
[2026-01-29T16:41:53.539+0530] {subprocess.py:106} INFO - 26/01/29 16:41:53 INFO DAGScheduler: Missing parents: List()
[2026-01-29T16:41:53.540+0530] {subprocess.py:106} INFO - 26/01/29 16:41:53 INFO DAGScheduler: Submitting ResultStage 31 (MapPartitionsRDD[101] at count at NativeMethodAccessorImpl.java:0), which has no missing parents
[2026-01-29T16:41:53.540+0530] {subprocess.py:106} INFO - 26/01/29 16:41:53 INFO MemoryStore: Block broadcast_39 stored as values in memory (estimated size 12.5 KiB, free 365.5 MiB)
[2026-01-29T16:41:53.541+0530] {subprocess.py:106} INFO - 26/01/29 16:41:53 INFO MemoryStore: Block broadcast_39_piece0 stored as bytes in memory (estimated size 5.9 KiB, free 365.5 MiB)
[2026-01-29T16:41:53.542+0530] {subprocess.py:106} INFO - 26/01/29 16:41:53 INFO BlockManagerInfo: Added broadcast_39_piece0 in memory on Aishwarya92848DBDA:35477 (size: 5.9 KiB, free: 366.2 MiB)
[2026-01-29T16:41:53.542+0530] {subprocess.py:106} INFO - 26/01/29 16:41:53 INFO SparkContext: Created broadcast 39 from broadcast at DAGScheduler.scala:1585
[2026-01-29T16:41:53.542+0530] {subprocess.py:106} INFO - 26/01/29 16:41:53 INFO DAGScheduler: Submitting 1 missing tasks from ResultStage 31 (MapPartitionsRDD[101] at count at NativeMethodAccessorImpl.java:0) (first 15 tasks are for partitions Vector(0))
[2026-01-29T16:41:53.542+0530] {subprocess.py:106} INFO - 26/01/29 16:41:53 INFO TaskSchedulerImpl: Adding task set 31.0 with 1 tasks resource profile 0
[2026-01-29T16:41:53.543+0530] {subprocess.py:106} INFO - 26/01/29 16:41:53 INFO TaskSetManager: Starting task 0.0 in stage 31.0 (TID 38) (Aishwarya92848DBDA, executor driver, partition 0, NODE_LOCAL, 7615 bytes)
[2026-01-29T16:41:53.543+0530] {subprocess.py:106} INFO - 26/01/29 16:41:53 INFO Executor: Running task 0.0 in stage 31.0 (TID 38)
[2026-01-29T16:41:53.545+0530] {subprocess.py:106} INFO - 26/01/29 16:41:53 INFO ShuffleBlockFetcherIterator: Getting 2 (120.0 B) non-empty blocks including 2 (120.0 B) local and 0 (0.0 B) host-local and 0 (0.0 B) push-merged-local and 0 (0.0 B) remote blocks
[2026-01-29T16:41:53.546+0530] {subprocess.py:106} INFO - 26/01/29 16:41:53 INFO ShuffleBlockFetcherIterator: Started 0 remote fetches in 0 ms
[2026-01-29T16:41:53.547+0530] {subprocess.py:106} INFO - 26/01/29 16:41:53 INFO Executor: Finished task 0.0 in stage 31.0 (TID 38). 3995 bytes result sent to driver
[2026-01-29T16:41:53.548+0530] {subprocess.py:106} INFO - 26/01/29 16:41:53 INFO TaskSetManager: Finished task 0.0 in stage 31.0 (TID 38) in 5 ms on Aishwarya92848DBDA (executor driver) (1/1)
[2026-01-29T16:41:53.548+0530] {subprocess.py:106} INFO - 26/01/29 16:41:53 INFO TaskSchedulerImpl: Removed TaskSet 31.0, whose tasks have all completed, from pool
[2026-01-29T16:41:53.549+0530] {subprocess.py:106} INFO - 26/01/29 16:41:53 INFO DAGScheduler: ResultStage 31 (count at NativeMethodAccessorImpl.java:0) finished in 0.008 s
[2026-01-29T16:41:53.549+0530] {subprocess.py:106} INFO - 26/01/29 16:41:53 INFO DAGScheduler: Job 23 is finished. Cancelling potential speculative or zombie tasks for this job
[2026-01-29T16:41:53.549+0530] {subprocess.py:106} INFO - 26/01/29 16:41:53 INFO TaskSchedulerImpl: Killing all running tasks in stage 31: Stage finished
[2026-01-29T16:41:53.550+0530] {subprocess.py:106} INFO - 26/01/29 16:41:53 INFO DAGScheduler: Job 23 finished: count at NativeMethodAccessorImpl.java:0, took 0.010890 s
[2026-01-29T16:41:53.550+0530] {subprocess.py:106} INFO - rain_sum: Outliers = 18134
[2026-01-29T16:41:53.572+0530] {subprocess.py:106} INFO - 26/01/29 16:41:53 INFO FileSourceStrategy: Pushed Filters:
[2026-01-29T16:41:53.572+0530] {subprocess.py:106} INFO - 26/01/29 16:41:53 INFO FileSourceStrategy: Post-Scan Filters:
[2026-01-29T16:41:53.575+0530] {subprocess.py:106} INFO - 26/01/29 16:41:53 INFO MemoryStore: Block broadcast_40 stored as values in memory (estimated size 350.2 KiB, free 365.1 MiB)
[2026-01-29T16:41:53.581+0530] {subprocess.py:106} INFO - 26/01/29 16:41:53 INFO MemoryStore: Block broadcast_40_piece0 stored as bytes in memory (estimated size 34.3 KiB, free 365.1 MiB)
[2026-01-29T16:41:53.582+0530] {subprocess.py:106} INFO - 26/01/29 16:41:53 INFO BlockManagerInfo: Added broadcast_40_piece0 in memory on Aishwarya92848DBDA:35477 (size: 34.3 KiB, free: 366.2 MiB)
[2026-01-29T16:41:53.582+0530] {subprocess.py:106} INFO - 26/01/29 16:41:53 INFO SparkContext: Created broadcast 40 from approxQuantile at NativeMethodAccessorImpl.java:0
[2026-01-29T16:41:53.583+0530] {subprocess.py:106} INFO - 26/01/29 16:41:53 INFO FileSourceScanExec: Planning scan with bin packing, max size: 4194304 bytes, open cost is considered as scanning 4194304 bytes.
[2026-01-29T16:41:53.591+0530] {subprocess.py:106} INFO - 26/01/29 16:41:53 INFO SparkContext: Starting job: approxQuantile at NativeMethodAccessorImpl.java:0
[2026-01-29T16:41:53.592+0530] {subprocess.py:106} INFO - 26/01/29 16:41:53 INFO DAGScheduler: Got job 24 (approxQuantile at NativeMethodAccessorImpl.java:0) with 2 output partitions
[2026-01-29T16:41:53.593+0530] {subprocess.py:106} INFO - 26/01/29 16:41:53 INFO DAGScheduler: Final stage: ResultStage 32 (approxQuantile at NativeMethodAccessorImpl.java:0)
[2026-01-29T16:41:53.593+0530] {subprocess.py:106} INFO - 26/01/29 16:41:53 INFO DAGScheduler: Parents of final stage: List()
[2026-01-29T16:41:53.593+0530] {subprocess.py:106} INFO - 26/01/29 16:41:53 INFO DAGScheduler: Missing parents: List()
[2026-01-29T16:41:53.593+0530] {subprocess.py:106} INFO - 26/01/29 16:41:53 INFO DAGScheduler: Submitting ResultStage 32 (MapPartitionsRDD[107] at approxQuantile at NativeMethodAccessorImpl.java:0), which has no missing parents
[2026-01-29T16:41:53.597+0530] {subprocess.py:106} INFO - 26/01/29 16:41:53 INFO MemoryStore: Block broadcast_41 stored as values in memory (estimated size 20.0 KiB, free 365.1 MiB)
[2026-01-29T16:41:53.597+0530] {subprocess.py:106} INFO - 26/01/29 16:41:53 INFO MemoryStore: Block broadcast_41_piece0 stored as bytes in memory (estimated size 9.5 KiB, free 365.1 MiB)
[2026-01-29T16:41:53.598+0530] {subprocess.py:106} INFO - 26/01/29 16:41:53 INFO BlockManagerInfo: Added broadcast_41_piece0 in memory on Aishwarya92848DBDA:35477 (size: 9.5 KiB, free: 366.2 MiB)
[2026-01-29T16:41:53.598+0530] {subprocess.py:106} INFO - 26/01/29 16:41:53 INFO SparkContext: Created broadcast 41 from broadcast at DAGScheduler.scala:1585
[2026-01-29T16:41:53.598+0530] {subprocess.py:106} INFO - 26/01/29 16:41:53 INFO DAGScheduler: Submitting 2 missing tasks from ResultStage 32 (MapPartitionsRDD[107] at approxQuantile at NativeMethodAccessorImpl.java:0) (first 15 tasks are for partitions Vector(0, 1))
[2026-01-29T16:41:53.599+0530] {subprocess.py:106} INFO - 26/01/29 16:41:53 INFO TaskSchedulerImpl: Adding task set 32.0 with 2 tasks resource profile 0
[2026-01-29T16:41:53.599+0530] {subprocess.py:106} INFO - 26/01/29 16:41:53 INFO TaskSetManager: Starting task 0.0 in stage 32.0 (TID 39) (Aishwarya92848DBDA, executor driver, partition 0, NODE_LOCAL, 8241 bytes)
[2026-01-29T16:41:53.599+0530] {subprocess.py:106} INFO - 26/01/29 16:41:53 INFO TaskSetManager: Starting task 1.0 in stage 32.0 (TID 40) (Aishwarya92848DBDA, executor driver, partition 1, NODE_LOCAL, 8241 bytes)
[2026-01-29T16:41:53.600+0530] {subprocess.py:106} INFO - 26/01/29 16:41:53 INFO Executor: Running task 0.0 in stage 32.0 (TID 39)
[2026-01-29T16:41:53.600+0530] {subprocess.py:106} INFO - 26/01/29 16:41:53 INFO Executor: Running task 1.0 in stage 32.0 (TID 40)
[2026-01-29T16:41:53.603+0530] {subprocess.py:106} INFO - 26/01/29 16:41:53 INFO FileScanRDD: Reading File path: hdfs://localhost:9000/weather/data/raw_data/weather_dataset.csv, range: 4194304-6329103, partition values: [empty row]
[2026-01-29T16:41:53.603+0530] {subprocess.py:106} INFO - 26/01/29 16:41:53 INFO FileScanRDD: Reading File path: hdfs://localhost:9000/weather/data/raw_data/weather_dataset.csv, range: 0-4194304, partition values: [empty row]
[2026-01-29T16:41:53.623+0530] {subprocess.py:106} INFO - 26/01/29 16:41:53 INFO BlockManagerInfo: Removed broadcast_37_piece0 on Aishwarya92848DBDA:35477 in memory (size: 34.3 KiB, free: 366.2 MiB)
[2026-01-29T16:41:53.626+0530] {subprocess.py:106} INFO - 26/01/29 16:41:53 INFO BlockManagerInfo: Removed broadcast_39_piece0 on Aishwarya92848DBDA:35477 in memory (size: 5.9 KiB, free: 366.2 MiB)
[2026-01-29T16:41:53.628+0530] {subprocess.py:106} INFO - 26/01/29 16:41:53 INFO BlockManagerInfo: Removed broadcast_36_piece0 on Aishwarya92848DBDA:35477 in memory (size: 9.5 KiB, free: 366.2 MiB)
[2026-01-29T16:41:53.630+0530] {subprocess.py:106} INFO - 26/01/29 16:41:53 INFO BlockManagerInfo: Removed broadcast_38_piece0 on Aishwarya92848DBDA:35477 in memory (size: 9.6 KiB, free: 366.2 MiB)
[2026-01-29T16:41:53.632+0530] {subprocess.py:106} INFO - 26/01/29 16:41:53 INFO BlockManagerInfo: Removed broadcast_35_piece0 on Aishwarya92848DBDA:35477 in memory (size: 34.3 KiB, free: 366.3 MiB)
[2026-01-29T16:41:53.668+0530] {subprocess.py:106} INFO - 26/01/29 16:41:53 INFO Executor: Finished task 1.0 in stage 32.0 (TID 40). 8136 bytes result sent to driver
[2026-01-29T16:41:53.671+0530] {subprocess.py:106} INFO - 26/01/29 16:41:53 INFO TaskSetManager: Finished task 1.0 in stage 32.0 (TID 40) in 72 ms on Aishwarya92848DBDA (executor driver) (1/2)
[2026-01-29T16:41:53.707+0530] {subprocess.py:106} INFO - 26/01/29 16:41:53 INFO Executor: Finished task 0.0 in stage 32.0 (TID 39). 5936 bytes result sent to driver
[2026-01-29T16:41:53.708+0530] {subprocess.py:106} INFO - 26/01/29 16:41:53 INFO TaskSetManager: Finished task 0.0 in stage 32.0 (TID 39) in 109 ms on Aishwarya92848DBDA (executor driver) (2/2)
[2026-01-29T16:41:53.708+0530] {subprocess.py:106} INFO - 26/01/29 16:41:53 INFO TaskSchedulerImpl: Removed TaskSet 32.0, whose tasks have all completed, from pool
[2026-01-29T16:41:53.708+0530] {subprocess.py:106} INFO - 26/01/29 16:41:53 INFO DAGScheduler: ResultStage 32 (approxQuantile at NativeMethodAccessorImpl.java:0) finished in 0.114 s
[2026-01-29T16:41:53.709+0530] {subprocess.py:106} INFO - 26/01/29 16:41:53 INFO DAGScheduler: Job 24 is finished. Cancelling potential speculative or zombie tasks for this job
[2026-01-29T16:41:53.709+0530] {subprocess.py:106} INFO - 26/01/29 16:41:53 INFO TaskSchedulerImpl: Killing all running tasks in stage 32: Stage finished
[2026-01-29T16:41:53.709+0530] {subprocess.py:106} INFO - 26/01/29 16:41:53 INFO DAGScheduler: Job 24 finished: approxQuantile at NativeMethodAccessorImpl.java:0, took 0.117846 s
[2026-01-29T16:41:53.768+0530] {subprocess.py:106} INFO - 26/01/29 16:41:53 INFO FileSourceStrategy: Pushed Filters: Or(LessThan(wind_speed_10m_max,0.9000000000000039),GreaterThan(wind_speed_10m_max,28.899999999999995))
[2026-01-29T16:41:53.769+0530] {subprocess.py:106} INFO - 26/01/29 16:41:53 INFO FileSourceStrategy: Post-Scan Filters: ((wind_speed_10m_max#26 < 0.9000000000000039) OR (wind_speed_10m_max#26 > 28.899999999999995))
[2026-01-29T16:41:53.784+0530] {subprocess.py:106} INFO - 26/01/29 16:41:53 INFO CodeGenerator: Code generated in 8.11491 ms
[2026-01-29T16:41:53.786+0530] {subprocess.py:106} INFO - 26/01/29 16:41:53 INFO MemoryStore: Block broadcast_42 stored as values in memory (estimated size 350.2 KiB, free 365.6 MiB)
[2026-01-29T16:41:53.791+0530] {subprocess.py:106} INFO - 26/01/29 16:41:53 INFO MemoryStore: Block broadcast_42_piece0 stored as bytes in memory (estimated size 34.3 KiB, free 365.5 MiB)
[2026-01-29T16:41:53.791+0530] {subprocess.py:106} INFO - 26/01/29 16:41:53 INFO BlockManagerInfo: Added broadcast_42_piece0 in memory on Aishwarya92848DBDA:35477 (size: 34.3 KiB, free: 366.2 MiB)
[2026-01-29T16:41:53.792+0530] {subprocess.py:106} INFO - 26/01/29 16:41:53 INFO SparkContext: Created broadcast 42 from count at NativeMethodAccessorImpl.java:0
[2026-01-29T16:41:53.792+0530] {subprocess.py:106} INFO - 26/01/29 16:41:53 INFO FileSourceScanExec: Planning scan with bin packing, max size: 4194304 bytes, open cost is considered as scanning 4194304 bytes.
[2026-01-29T16:41:53.796+0530] {subprocess.py:106} INFO - 26/01/29 16:41:53 INFO DAGScheduler: Registering RDD 111 (count at NativeMethodAccessorImpl.java:0) as input to shuffle 8
[2026-01-29T16:41:53.796+0530] {subprocess.py:106} INFO - 26/01/29 16:41:53 INFO DAGScheduler: Got map stage job 25 (count at NativeMethodAccessorImpl.java:0) with 2 output partitions
[2026-01-29T16:41:53.796+0530] {subprocess.py:106} INFO - 26/01/29 16:41:53 INFO DAGScheduler: Final stage: ShuffleMapStage 33 (count at NativeMethodAccessorImpl.java:0)
[2026-01-29T16:41:53.796+0530] {subprocess.py:106} INFO - 26/01/29 16:41:53 INFO DAGScheduler: Parents of final stage: List()
[2026-01-29T16:41:53.796+0530] {subprocess.py:106} INFO - 26/01/29 16:41:53 INFO DAGScheduler: Missing parents: List()
[2026-01-29T16:41:53.797+0530] {subprocess.py:106} INFO - 26/01/29 16:41:53 INFO DAGScheduler: Submitting ShuffleMapStage 33 (MapPartitionsRDD[111] at count at NativeMethodAccessorImpl.java:0), which has no missing parents
[2026-01-29T16:41:53.799+0530] {subprocess.py:106} INFO - 26/01/29 16:41:53 INFO MemoryStore: Block broadcast_43 stored as values in memory (estimated size 20.0 KiB, free 365.5 MiB)
[2026-01-29T16:41:53.800+0530] {subprocess.py:106} INFO - 26/01/29 16:41:53 INFO MemoryStore: Block broadcast_43_piece0 stored as bytes in memory (estimated size 9.7 KiB, free 365.5 MiB)
[2026-01-29T16:41:53.800+0530] {subprocess.py:106} INFO - 26/01/29 16:41:53 INFO BlockManagerInfo: Added broadcast_43_piece0 in memory on Aishwarya92848DBDA:35477 (size: 9.7 KiB, free: 366.2 MiB)
[2026-01-29T16:41:53.801+0530] {subprocess.py:106} INFO - 26/01/29 16:41:53 INFO SparkContext: Created broadcast 43 from broadcast at DAGScheduler.scala:1585
[2026-01-29T16:41:53.801+0530] {subprocess.py:106} INFO - 26/01/29 16:41:53 INFO DAGScheduler: Submitting 2 missing tasks from ShuffleMapStage 33 (MapPartitionsRDD[111] at count at NativeMethodAccessorImpl.java:0) (first 15 tasks are for partitions Vector(0, 1))
[2026-01-29T16:41:53.801+0530] {subprocess.py:106} INFO - 26/01/29 16:41:53 INFO TaskSchedulerImpl: Adding task set 33.0 with 2 tasks resource profile 0
[2026-01-29T16:41:53.802+0530] {subprocess.py:106} INFO - 26/01/29 16:41:53 INFO TaskSetManager: Starting task 0.0 in stage 33.0 (TID 41) (Aishwarya92848DBDA, executor driver, partition 0, NODE_LOCAL, 8230 bytes)
[2026-01-29T16:41:53.803+0530] {subprocess.py:106} INFO - 26/01/29 16:41:53 INFO TaskSetManager: Starting task 1.0 in stage 33.0 (TID 42) (Aishwarya92848DBDA, executor driver, partition 1, NODE_LOCAL, 8230 bytes)
[2026-01-29T16:41:53.803+0530] {subprocess.py:106} INFO - 26/01/29 16:41:53 INFO Executor: Running task 0.0 in stage 33.0 (TID 41)
[2026-01-29T16:41:53.803+0530] {subprocess.py:106} INFO - 26/01/29 16:41:53 INFO Executor: Running task 1.0 in stage 33.0 (TID 42)
[2026-01-29T16:41:53.814+0530] {subprocess.py:106} INFO - 26/01/29 16:41:53 INFO CodeGenerator: Code generated in 9.112986 ms
[2026-01-29T16:41:53.815+0530] {subprocess.py:106} INFO - 26/01/29 16:41:53 INFO FileScanRDD: Reading File path: hdfs://localhost:9000/weather/data/raw_data/weather_dataset.csv, range: 0-4194304, partition values: [empty row]
[2026-01-29T16:41:53.815+0530] {subprocess.py:106} INFO - 26/01/29 16:41:53 INFO FileScanRDD: Reading File path: hdfs://localhost:9000/weather/data/raw_data/weather_dataset.csv, range: 4194304-6329103, partition values: [empty row]
[2026-01-29T16:41:53.823+0530] {subprocess.py:106} INFO - 26/01/29 16:41:53 INFO CodeGenerator: Code generated in 5.503749 ms
[2026-01-29T16:41:53.864+0530] {subprocess.py:106} INFO - 26/01/29 16:41:53 INFO Executor: Finished task 1.0 in stage 33.0 (TID 42). 1990 bytes result sent to driver
[2026-01-29T16:41:53.864+0530] {subprocess.py:106} INFO - 26/01/29 16:41:53 INFO TaskSetManager: Finished task 1.0 in stage 33.0 (TID 42) in 62 ms on Aishwarya92848DBDA (executor driver) (1/2)
[2026-01-29T16:41:53.890+0530] {subprocess.py:106} INFO - 26/01/29 16:41:53 INFO Executor: Finished task 0.0 in stage 33.0 (TID 41). 1990 bytes result sent to driver
[2026-01-29T16:41:53.891+0530] {subprocess.py:106} INFO - 26/01/29 16:41:53 INFO TaskSetManager: Finished task 0.0 in stage 33.0 (TID 41) in 89 ms on Aishwarya92848DBDA (executor driver) (2/2)
[2026-01-29T16:41:53.891+0530] {subprocess.py:106} INFO - 26/01/29 16:41:53 INFO TaskSchedulerImpl: Removed TaskSet 33.0, whose tasks have all completed, from pool
[2026-01-29T16:41:53.892+0530] {subprocess.py:106} INFO - 26/01/29 16:41:53 INFO DAGScheduler: ShuffleMapStage 33 (count at NativeMethodAccessorImpl.java:0) finished in 0.094 s
[2026-01-29T16:41:53.892+0530] {subprocess.py:106} INFO - 26/01/29 16:41:53 INFO DAGScheduler: looking for newly runnable stages
[2026-01-29T16:41:53.892+0530] {subprocess.py:106} INFO - 26/01/29 16:41:53 INFO DAGScheduler: running: Set()
[2026-01-29T16:41:53.892+0530] {subprocess.py:106} INFO - 26/01/29 16:41:53 INFO DAGScheduler: waiting: Set()
[2026-01-29T16:41:53.892+0530] {subprocess.py:106} INFO - 26/01/29 16:41:53 INFO DAGScheduler: failed: Set()
[2026-01-29T16:41:53.908+0530] {subprocess.py:106} INFO - 26/01/29 16:41:53 INFO BlockManagerInfo: Removed broadcast_40_piece0 on Aishwarya92848DBDA:35477 in memory (size: 34.3 KiB, free: 366.2 MiB)
[2026-01-29T16:41:53.911+0530] {subprocess.py:106} INFO - 26/01/29 16:41:53 INFO BlockManagerInfo: Removed broadcast_43_piece0 on Aishwarya92848DBDA:35477 in memory (size: 9.7 KiB, free: 366.3 MiB)
[2026-01-29T16:41:53.913+0530] {subprocess.py:106} INFO - 26/01/29 16:41:53 INFO BlockManagerInfo: Removed broadcast_41_piece0 on Aishwarya92848DBDA:35477 in memory (size: 9.5 KiB, free: 366.3 MiB)
[2026-01-29T16:41:53.917+0530] {subprocess.py:106} INFO - 26/01/29 16:41:53 INFO SparkContext: Starting job: count at NativeMethodAccessorImpl.java:0
[2026-01-29T16:41:53.918+0530] {subprocess.py:106} INFO - 26/01/29 16:41:53 INFO DAGScheduler: Got job 26 (count at NativeMethodAccessorImpl.java:0) with 1 output partitions
[2026-01-29T16:41:53.918+0530] {subprocess.py:106} INFO - 26/01/29 16:41:53 INFO DAGScheduler: Final stage: ResultStage 35 (count at NativeMethodAccessorImpl.java:0)
[2026-01-29T16:41:53.919+0530] {subprocess.py:106} INFO - 26/01/29 16:41:53 INFO DAGScheduler: Parents of final stage: List(ShuffleMapStage 34)
[2026-01-29T16:41:53.919+0530] {subprocess.py:106} INFO - 26/01/29 16:41:53 INFO DAGScheduler: Missing parents: List()
[2026-01-29T16:41:53.919+0530] {subprocess.py:106} INFO - 26/01/29 16:41:53 INFO DAGScheduler: Submitting ResultStage 35 (MapPartitionsRDD[114] at count at NativeMethodAccessorImpl.java:0), which has no missing parents
[2026-01-29T16:41:53.920+0530] {subprocess.py:106} INFO - 26/01/29 16:41:53 INFO MemoryStore: Block broadcast_44 stored as values in memory (estimated size 12.5 KiB, free 365.9 MiB)
[2026-01-29T16:41:53.921+0530] {subprocess.py:106} INFO - 26/01/29 16:41:53 INFO MemoryStore: Block broadcast_44_piece0 stored as bytes in memory (estimated size 5.9 KiB, free 365.9 MiB)
[2026-01-29T16:41:53.921+0530] {subprocess.py:106} INFO - 26/01/29 16:41:53 INFO BlockManagerInfo: Added broadcast_44_piece0 in memory on Aishwarya92848DBDA:35477 (size: 5.9 KiB, free: 366.3 MiB)
[2026-01-29T16:41:53.922+0530] {subprocess.py:106} INFO - 26/01/29 16:41:53 INFO SparkContext: Created broadcast 44 from broadcast at DAGScheduler.scala:1585
[2026-01-29T16:41:53.922+0530] {subprocess.py:106} INFO - 26/01/29 16:41:53 INFO DAGScheduler: Submitting 1 missing tasks from ResultStage 35 (MapPartitionsRDD[114] at count at NativeMethodAccessorImpl.java:0) (first 15 tasks are for partitions Vector(0))
[2026-01-29T16:41:53.922+0530] {subprocess.py:106} INFO - 26/01/29 16:41:53 INFO TaskSchedulerImpl: Adding task set 35.0 with 1 tasks resource profile 0
[2026-01-29T16:41:53.923+0530] {subprocess.py:106} INFO - 26/01/29 16:41:53 INFO TaskSetManager: Starting task 0.0 in stage 35.0 (TID 43) (Aishwarya92848DBDA, executor driver, partition 0, NODE_LOCAL, 7615 bytes)
[2026-01-29T16:41:53.923+0530] {subprocess.py:106} INFO - 26/01/29 16:41:53 INFO Executor: Running task 0.0 in stage 35.0 (TID 43)
[2026-01-29T16:41:53.925+0530] {subprocess.py:106} INFO - 26/01/29 16:41:53 INFO ShuffleBlockFetcherIterator: Getting 2 (120.0 B) non-empty blocks including 2 (120.0 B) local and 0 (0.0 B) host-local and 0 (0.0 B) push-merged-local and 0 (0.0 B) remote blocks
[2026-01-29T16:41:53.925+0530] {subprocess.py:106} INFO - 26/01/29 16:41:53 INFO ShuffleBlockFetcherIterator: Started 0 remote fetches in 0 ms
[2026-01-29T16:41:53.926+0530] {subprocess.py:106} INFO - 26/01/29 16:41:53 INFO Executor: Finished task 0.0 in stage 35.0 (TID 43). 3995 bytes result sent to driver
[2026-01-29T16:41:53.927+0530] {subprocess.py:106} INFO - 26/01/29 16:41:53 INFO TaskSetManager: Finished task 0.0 in stage 35.0 (TID 43) in 5 ms on Aishwarya92848DBDA (executor driver) (1/1)
[2026-01-29T16:41:53.928+0530] {subprocess.py:106} INFO - 26/01/29 16:41:53 INFO TaskSchedulerImpl: Removed TaskSet 35.0, whose tasks have all completed, from pool
[2026-01-29T16:41:53.928+0530] {subprocess.py:106} INFO - 26/01/29 16:41:53 INFO DAGScheduler: ResultStage 35 (count at NativeMethodAccessorImpl.java:0) finished in 0.009 s
[2026-01-29T16:41:53.928+0530] {subprocess.py:106} INFO - 26/01/29 16:41:53 INFO DAGScheduler: Job 26 is finished. Cancelling potential speculative or zombie tasks for this job
[2026-01-29T16:41:53.928+0530] {subprocess.py:106} INFO - 26/01/29 16:41:53 INFO TaskSchedulerImpl: Killing all running tasks in stage 35: Stage finished
[2026-01-29T16:41:53.928+0530] {subprocess.py:106} INFO - 26/01/29 16:41:53 INFO DAGScheduler: Job 26 finished: count at NativeMethodAccessorImpl.java:0, took 0.011318 s
[2026-01-29T16:41:53.929+0530] {subprocess.py:106} INFO - wind_speed_10m_max: Outliers = 1430
[2026-01-29T16:41:53.946+0530] {subprocess.py:106} INFO - 26/01/29 16:41:53 INFO FileSourceStrategy: Pushed Filters:
[2026-01-29T16:41:53.947+0530] {subprocess.py:106} INFO - 26/01/29 16:41:53 INFO FileSourceStrategy: Post-Scan Filters:
[2026-01-29T16:41:53.949+0530] {subprocess.py:106} INFO - 26/01/29 16:41:53 INFO MemoryStore: Block broadcast_45 stored as values in memory (estimated size 350.2 KiB, free 365.6 MiB)
[2026-01-29T16:41:53.955+0530] {subprocess.py:106} INFO - 26/01/29 16:41:53 INFO MemoryStore: Block broadcast_45_piece0 stored as bytes in memory (estimated size 34.3 KiB, free 365.5 MiB)
[2026-01-29T16:41:53.955+0530] {subprocess.py:106} INFO - 26/01/29 16:41:53 INFO BlockManagerInfo: Added broadcast_45_piece0 in memory on Aishwarya92848DBDA:35477 (size: 34.3 KiB, free: 366.2 MiB)
[2026-01-29T16:41:53.955+0530] {subprocess.py:106} INFO - 26/01/29 16:41:53 INFO SparkContext: Created broadcast 45 from approxQuantile at NativeMethodAccessorImpl.java:0
[2026-01-29T16:41:53.956+0530] {subprocess.py:106} INFO - 26/01/29 16:41:53 INFO FileSourceScanExec: Planning scan with bin packing, max size: 4194304 bytes, open cost is considered as scanning 4194304 bytes.
[2026-01-29T16:41:53.966+0530] {subprocess.py:106} INFO - 26/01/29 16:41:53 INFO SparkContext: Starting job: approxQuantile at NativeMethodAccessorImpl.java:0
[2026-01-29T16:41:53.967+0530] {subprocess.py:106} INFO - 26/01/29 16:41:53 INFO DAGScheduler: Got job 27 (approxQuantile at NativeMethodAccessorImpl.java:0) with 2 output partitions
[2026-01-29T16:41:53.967+0530] {subprocess.py:106} INFO - 26/01/29 16:41:53 INFO DAGScheduler: Final stage: ResultStage 36 (approxQuantile at NativeMethodAccessorImpl.java:0)
[2026-01-29T16:41:53.968+0530] {subprocess.py:106} INFO - 26/01/29 16:41:53 INFO DAGScheduler: Parents of final stage: List()
[2026-01-29T16:41:53.968+0530] {subprocess.py:106} INFO - 26/01/29 16:41:53 INFO DAGScheduler: Missing parents: List()
[2026-01-29T16:41:53.968+0530] {subprocess.py:106} INFO - 26/01/29 16:41:53 INFO DAGScheduler: Submitting ResultStage 36 (MapPartitionsRDD[120] at approxQuantile at NativeMethodAccessorImpl.java:0), which has no missing parents
[2026-01-29T16:41:53.972+0530] {subprocess.py:106} INFO - 26/01/29 16:41:53 INFO MemoryStore: Block broadcast_46 stored as values in memory (estimated size 20.0 KiB, free 365.5 MiB)
[2026-01-29T16:41:53.973+0530] {subprocess.py:106} INFO - 26/01/29 16:41:53 INFO MemoryStore: Block broadcast_46_piece0 stored as bytes in memory (estimated size 9.5 KiB, free 365.5 MiB)
[2026-01-29T16:41:53.973+0530] {subprocess.py:106} INFO - 26/01/29 16:41:53 INFO BlockManagerInfo: Added broadcast_46_piece0 in memory on Aishwarya92848DBDA:35477 (size: 9.5 KiB, free: 366.2 MiB)
[2026-01-29T16:41:53.973+0530] {subprocess.py:106} INFO - 26/01/29 16:41:53 INFO SparkContext: Created broadcast 46 from broadcast at DAGScheduler.scala:1585
[2026-01-29T16:41:53.973+0530] {subprocess.py:106} INFO - 26/01/29 16:41:53 INFO DAGScheduler: Submitting 2 missing tasks from ResultStage 36 (MapPartitionsRDD[120] at approxQuantile at NativeMethodAccessorImpl.java:0) (first 15 tasks are for partitions Vector(0, 1))
[2026-01-29T16:41:53.974+0530] {subprocess.py:106} INFO - 26/01/29 16:41:53 INFO TaskSchedulerImpl: Adding task set 36.0 with 2 tasks resource profile 0
[2026-01-29T16:41:53.974+0530] {subprocess.py:106} INFO - 26/01/29 16:41:53 INFO TaskSetManager: Starting task 0.0 in stage 36.0 (TID 44) (Aishwarya92848DBDA, executor driver, partition 0, NODE_LOCAL, 8241 bytes)
[2026-01-29T16:41:53.975+0530] {subprocess.py:106} INFO - 26/01/29 16:41:53 INFO TaskSetManager: Starting task 1.0 in stage 36.0 (TID 45) (Aishwarya92848DBDA, executor driver, partition 1, NODE_LOCAL, 8241 bytes)
[2026-01-29T16:41:53.975+0530] {subprocess.py:106} INFO - 26/01/29 16:41:53 INFO Executor: Running task 1.0 in stage 36.0 (TID 45)
[2026-01-29T16:41:53.975+0530] {subprocess.py:106} INFO - 26/01/29 16:41:53 INFO Executor: Running task 0.0 in stage 36.0 (TID 44)
[2026-01-29T16:41:53.979+0530] {subprocess.py:106} INFO - 26/01/29 16:41:53 INFO FileScanRDD: Reading File path: hdfs://localhost:9000/weather/data/raw_data/weather_dataset.csv, range: 4194304-6329103, partition values: [empty row]
[2026-01-29T16:41:53.980+0530] {subprocess.py:106} INFO - 26/01/29 16:41:53 INFO FileScanRDD: Reading File path: hdfs://localhost:9000/weather/data/raw_data/weather_dataset.csv, range: 0-4194304, partition values: [empty row]
[2026-01-29T16:41:54.029+0530] {subprocess.py:106} INFO - 26/01/29 16:41:54 INFO Executor: Finished task 1.0 in stage 36.0 (TID 45). 8093 bytes result sent to driver
[2026-01-29T16:41:54.030+0530] {subprocess.py:106} INFO - 26/01/29 16:41:54 INFO TaskSetManager: Finished task 1.0 in stage 36.0 (TID 45) in 55 ms on Aishwarya92848DBDA (executor driver) (1/2)
[2026-01-29T16:41:54.065+0530] {subprocess.py:106} INFO - 26/01/29 16:41:54 INFO Executor: Finished task 0.0 in stage 36.0 (TID 44). 6163 bytes result sent to driver
[2026-01-29T16:41:54.066+0530] {subprocess.py:106} INFO - 26/01/29 16:41:54 INFO TaskSetManager: Finished task 0.0 in stage 36.0 (TID 44) in 92 ms on Aishwarya92848DBDA (executor driver) (2/2)
[2026-01-29T16:41:54.067+0530] {subprocess.py:106} INFO - 26/01/29 16:41:54 INFO TaskSchedulerImpl: Removed TaskSet 36.0, whose tasks have all completed, from pool
[2026-01-29T16:41:54.067+0530] {subprocess.py:106} INFO - 26/01/29 16:41:54 INFO DAGScheduler: ResultStage 36 (approxQuantile at NativeMethodAccessorImpl.java:0) finished in 0.099 s
[2026-01-29T16:41:54.067+0530] {subprocess.py:106} INFO - 26/01/29 16:41:54 INFO DAGScheduler: Job 27 is finished. Cancelling potential speculative or zombie tasks for this job
[2026-01-29T16:41:54.067+0530] {subprocess.py:106} INFO - 26/01/29 16:41:54 INFO TaskSchedulerImpl: Killing all running tasks in stage 36: Stage finished
[2026-01-29T16:41:54.067+0530] {subprocess.py:106} INFO - 26/01/29 16:41:54 INFO DAGScheduler: Job 27 finished: approxQuantile at NativeMethodAccessorImpl.java:0, took 0.100961 s
[2026-01-29T16:41:54.126+0530] {subprocess.py:106} INFO - 26/01/29 16:41:54 INFO FileSourceStrategy: Pushed Filters: Or(LessThan(wind_gusts_10m_max,7.900000000000006),GreaterThan(wind_gusts_10m_max,55.099999999999994))
[2026-01-29T16:41:54.126+0530] {subprocess.py:106} INFO - 26/01/29 16:41:54 INFO FileSourceStrategy: Post-Scan Filters: ((wind_gusts_10m_max#27 < 7.900000000000006) OR (wind_gusts_10m_max#27 > 55.099999999999994))
[2026-01-29T16:41:54.144+0530] {subprocess.py:106} INFO - 26/01/29 16:41:54 INFO CodeGenerator: Code generated in 7.580526 ms
[2026-01-29T16:41:54.145+0530] {subprocess.py:106} INFO - 26/01/29 16:41:54 INFO MemoryStore: Block broadcast_47 stored as values in memory (estimated size 350.2 KiB, free 365.2 MiB)
[2026-01-29T16:41:54.151+0530] {subprocess.py:106} INFO - 26/01/29 16:41:54 INFO MemoryStore: Block broadcast_47_piece0 stored as bytes in memory (estimated size 34.3 KiB, free 365.1 MiB)
[2026-01-29T16:41:54.151+0530] {subprocess.py:106} INFO - 26/01/29 16:41:54 INFO BlockManagerInfo: Added broadcast_47_piece0 in memory on Aishwarya92848DBDA:35477 (size: 34.3 KiB, free: 366.2 MiB)
[2026-01-29T16:41:54.151+0530] {subprocess.py:106} INFO - 26/01/29 16:41:54 INFO SparkContext: Created broadcast 47 from count at NativeMethodAccessorImpl.java:0
[2026-01-29T16:41:54.152+0530] {subprocess.py:106} INFO - 26/01/29 16:41:54 INFO FileSourceScanExec: Planning scan with bin packing, max size: 4194304 bytes, open cost is considered as scanning 4194304 bytes.
[2026-01-29T16:41:54.155+0530] {subprocess.py:106} INFO - 26/01/29 16:41:54 INFO DAGScheduler: Registering RDD 124 (count at NativeMethodAccessorImpl.java:0) as input to shuffle 9
[2026-01-29T16:41:54.156+0530] {subprocess.py:106} INFO - 26/01/29 16:41:54 INFO DAGScheduler: Got map stage job 28 (count at NativeMethodAccessorImpl.java:0) with 2 output partitions
[2026-01-29T16:41:54.156+0530] {subprocess.py:106} INFO - 26/01/29 16:41:54 INFO DAGScheduler: Final stage: ShuffleMapStage 37 (count at NativeMethodAccessorImpl.java:0)
[2026-01-29T16:41:54.156+0530] {subprocess.py:106} INFO - 26/01/29 16:41:54 INFO DAGScheduler: Parents of final stage: List()
[2026-01-29T16:41:54.157+0530] {subprocess.py:106} INFO - 26/01/29 16:41:54 INFO DAGScheduler: Missing parents: List()
[2026-01-29T16:41:54.157+0530] {subprocess.py:106} INFO - 26/01/29 16:41:54 INFO DAGScheduler: Submitting ShuffleMapStage 37 (MapPartitionsRDD[124] at count at NativeMethodAccessorImpl.java:0), which has no missing parents
[2026-01-29T16:41:54.158+0530] {subprocess.py:106} INFO - 26/01/29 16:41:54 INFO MemoryStore: Block broadcast_48 stored as values in memory (estimated size 20.0 KiB, free 365.1 MiB)
[2026-01-29T16:41:54.159+0530] {subprocess.py:106} INFO - 26/01/29 16:41:54 INFO MemoryStore: Block broadcast_48_piece0 stored as bytes in memory (estimated size 9.7 KiB, free 365.1 MiB)
[2026-01-29T16:41:54.160+0530] {subprocess.py:106} INFO - 26/01/29 16:41:54 INFO BlockManagerInfo: Added broadcast_48_piece0 in memory on Aishwarya92848DBDA:35477 (size: 9.7 KiB, free: 366.2 MiB)
[2026-01-29T16:41:54.160+0530] {subprocess.py:106} INFO - 26/01/29 16:41:54 INFO SparkContext: Created broadcast 48 from broadcast at DAGScheduler.scala:1585
[2026-01-29T16:41:54.161+0530] {subprocess.py:106} INFO - 26/01/29 16:41:54 INFO DAGScheduler: Submitting 2 missing tasks from ShuffleMapStage 37 (MapPartitionsRDD[124] at count at NativeMethodAccessorImpl.java:0) (first 15 tasks are for partitions Vector(0, 1))
[2026-01-29T16:41:54.161+0530] {subprocess.py:106} INFO - 26/01/29 16:41:54 INFO TaskSchedulerImpl: Adding task set 37.0 with 2 tasks resource profile 0
[2026-01-29T16:41:54.162+0530] {subprocess.py:106} INFO - 26/01/29 16:41:54 INFO TaskSetManager: Starting task 0.0 in stage 37.0 (TID 46) (Aishwarya92848DBDA, executor driver, partition 0, NODE_LOCAL, 8230 bytes)
[2026-01-29T16:41:54.162+0530] {subprocess.py:106} INFO - 26/01/29 16:41:54 INFO TaskSetManager: Starting task 1.0 in stage 37.0 (TID 47) (Aishwarya92848DBDA, executor driver, partition 1, NODE_LOCAL, 8230 bytes)
[2026-01-29T16:41:54.162+0530] {subprocess.py:106} INFO - 26/01/29 16:41:54 INFO Executor: Running task 0.0 in stage 37.0 (TID 46)
[2026-01-29T16:41:54.163+0530] {subprocess.py:106} INFO - 26/01/29 16:41:54 INFO Executor: Running task 1.0 in stage 37.0 (TID 47)
[2026-01-29T16:41:54.175+0530] {subprocess.py:106} INFO - 26/01/29 16:41:54 INFO CodeGenerator: Code generated in 9.449901 ms
[2026-01-29T16:41:54.176+0530] {subprocess.py:106} INFO - 26/01/29 16:41:54 INFO FileScanRDD: Reading File path: hdfs://localhost:9000/weather/data/raw_data/weather_dataset.csv, range: 4194304-6329103, partition values: [empty row]
[2026-01-29T16:41:54.177+0530] {subprocess.py:106} INFO - 26/01/29 16:41:54 INFO FileScanRDD: Reading File path: hdfs://localhost:9000/weather/data/raw_data/weather_dataset.csv, range: 0-4194304, partition values: [empty row]
[2026-01-29T16:41:54.185+0530] {subprocess.py:106} INFO - 26/01/29 16:41:54 INFO CodeGenerator: Code generated in 5.944439 ms
[2026-01-29T16:41:54.222+0530] {subprocess.py:106} INFO - 26/01/29 16:41:54 INFO Executor: Finished task 1.0 in stage 37.0 (TID 47). 1990 bytes result sent to driver
[2026-01-29T16:41:54.234+0530] {subprocess.py:106} INFO - 26/01/29 16:41:54 INFO TaskSetManager: Finished task 1.0 in stage 37.0 (TID 47) in 72 ms on Aishwarya92848DBDA (executor driver) (1/2)
[2026-01-29T16:41:54.234+0530] {subprocess.py:106} INFO - 26/01/29 16:41:54 INFO BlockManagerInfo: Removed broadcast_44_piece0 on Aishwarya92848DBDA:35477 in memory (size: 5.9 KiB, free: 366.2 MiB)
[2026-01-29T16:41:54.236+0530] {subprocess.py:106} INFO - 26/01/29 16:41:54 INFO BlockManagerInfo: Removed broadcast_45_piece0 on Aishwarya92848DBDA:35477 in memory (size: 34.3 KiB, free: 366.2 MiB)
[2026-01-29T16:41:54.237+0530] {subprocess.py:106} INFO - 26/01/29 16:41:54 INFO BlockManagerInfo: Removed broadcast_42_piece0 on Aishwarya92848DBDA:35477 in memory (size: 34.3 KiB, free: 366.2 MiB)
[2026-01-29T16:41:54.238+0530] {subprocess.py:106} INFO - 26/01/29 16:41:54 INFO BlockManagerInfo: Removed broadcast_46_piece0 on Aishwarya92848DBDA:35477 in memory (size: 9.5 KiB, free: 366.3 MiB)
[2026-01-29T16:41:54.260+0530] {subprocess.py:106} INFO - 26/01/29 16:41:54 INFO Executor: Finished task 0.0 in stage 37.0 (TID 46). 2033 bytes result sent to driver
[2026-01-29T16:41:54.261+0530] {subprocess.py:106} INFO - 26/01/29 16:41:54 INFO TaskSetManager: Finished task 0.0 in stage 37.0 (TID 46) in 99 ms on Aishwarya92848DBDA (executor driver) (2/2)
[2026-01-29T16:41:54.261+0530] {subprocess.py:106} INFO - 26/01/29 16:41:54 INFO TaskSchedulerImpl: Removed TaskSet 37.0, whose tasks have all completed, from pool
[2026-01-29T16:41:54.261+0530] {subprocess.py:106} INFO - 26/01/29 16:41:54 INFO DAGScheduler: ShuffleMapStage 37 (count at NativeMethodAccessorImpl.java:0) finished in 0.105 s
[2026-01-29T16:41:54.262+0530] {subprocess.py:106} INFO - 26/01/29 16:41:54 INFO DAGScheduler: looking for newly runnable stages
[2026-01-29T16:41:54.262+0530] {subprocess.py:106} INFO - 26/01/29 16:41:54 INFO DAGScheduler: running: Set()
[2026-01-29T16:41:54.262+0530] {subprocess.py:106} INFO - 26/01/29 16:41:54 INFO DAGScheduler: waiting: Set()
[2026-01-29T16:41:54.262+0530] {subprocess.py:106} INFO - 26/01/29 16:41:54 INFO DAGScheduler: failed: Set()
[2026-01-29T16:41:54.273+0530] {subprocess.py:106} INFO - 26/01/29 16:41:54 INFO SparkContext: Starting job: count at NativeMethodAccessorImpl.java:0
[2026-01-29T16:41:54.274+0530] {subprocess.py:106} INFO - 26/01/29 16:41:54 INFO DAGScheduler: Got job 29 (count at NativeMethodAccessorImpl.java:0) with 1 output partitions
[2026-01-29T16:41:54.274+0530] {subprocess.py:106} INFO - 26/01/29 16:41:54 INFO DAGScheduler: Final stage: ResultStage 39 (count at NativeMethodAccessorImpl.java:0)
[2026-01-29T16:41:54.274+0530] {subprocess.py:106} INFO - 26/01/29 16:41:54 INFO DAGScheduler: Parents of final stage: List(ShuffleMapStage 38)
[2026-01-29T16:41:54.274+0530] {subprocess.py:106} INFO - 26/01/29 16:41:54 INFO DAGScheduler: Missing parents: List()
[2026-01-29T16:41:54.275+0530] {subprocess.py:106} INFO - 26/01/29 16:41:54 INFO DAGScheduler: Submitting ResultStage 39 (MapPartitionsRDD[127] at count at NativeMethodAccessorImpl.java:0), which has no missing parents
[2026-01-29T16:41:54.275+0530] {subprocess.py:106} INFO - 26/01/29 16:41:54 INFO MemoryStore: Block broadcast_49 stored as values in memory (estimated size 12.5 KiB, free 365.9 MiB)
[2026-01-29T16:41:54.276+0530] {subprocess.py:106} INFO - 26/01/29 16:41:54 INFO MemoryStore: Block broadcast_49_piece0 stored as bytes in memory (estimated size 6.0 KiB, free 365.9 MiB)
[2026-01-29T16:41:54.277+0530] {subprocess.py:106} INFO - 26/01/29 16:41:54 INFO BlockManagerInfo: Added broadcast_49_piece0 in memory on Aishwarya92848DBDA:35477 (size: 6.0 KiB, free: 366.3 MiB)
[2026-01-29T16:41:54.277+0530] {subprocess.py:106} INFO - 26/01/29 16:41:54 INFO SparkContext: Created broadcast 49 from broadcast at DAGScheduler.scala:1585
[2026-01-29T16:41:54.277+0530] {subprocess.py:106} INFO - 26/01/29 16:41:54 INFO DAGScheduler: Submitting 1 missing tasks from ResultStage 39 (MapPartitionsRDD[127] at count at NativeMethodAccessorImpl.java:0) (first 15 tasks are for partitions Vector(0))
[2026-01-29T16:41:54.278+0530] {subprocess.py:106} INFO - 26/01/29 16:41:54 INFO TaskSchedulerImpl: Adding task set 39.0 with 1 tasks resource profile 0
[2026-01-29T16:41:54.278+0530] {subprocess.py:106} INFO - 26/01/29 16:41:54 INFO TaskSetManager: Starting task 0.0 in stage 39.0 (TID 48) (Aishwarya92848DBDA, executor driver, partition 0, NODE_LOCAL, 7615 bytes)
[2026-01-29T16:41:54.279+0530] {subprocess.py:106} INFO - 26/01/29 16:41:54 INFO Executor: Running task 0.0 in stage 39.0 (TID 48)
[2026-01-29T16:41:54.280+0530] {subprocess.py:106} INFO - 26/01/29 16:41:54 INFO ShuffleBlockFetcherIterator: Getting 2 (120.0 B) non-empty blocks including 2 (120.0 B) local and 0 (0.0 B) host-local and 0 (0.0 B) push-merged-local and 0 (0.0 B) remote blocks
[2026-01-29T16:41:54.281+0530] {subprocess.py:106} INFO - 26/01/29 16:41:54 INFO ShuffleBlockFetcherIterator: Started 0 remote fetches in 0 ms
[2026-01-29T16:41:54.282+0530] {subprocess.py:106} INFO - 26/01/29 16:41:54 INFO Executor: Finished task 0.0 in stage 39.0 (TID 48). 3995 bytes result sent to driver
[2026-01-29T16:41:54.283+0530] {subprocess.py:106} INFO - 26/01/29 16:41:54 INFO TaskSetManager: Finished task 0.0 in stage 39.0 (TID 48) in 4 ms on Aishwarya92848DBDA (executor driver) (1/1)
[2026-01-29T16:41:54.283+0530] {subprocess.py:106} INFO - 26/01/29 16:41:54 INFO TaskSchedulerImpl: Removed TaskSet 39.0, whose tasks have all completed, from pool
[2026-01-29T16:41:54.283+0530] {subprocess.py:106} INFO - 26/01/29 16:41:54 INFO DAGScheduler: ResultStage 39 (count at NativeMethodAccessorImpl.java:0) finished in 0.008 s
[2026-01-29T16:41:54.284+0530] {subprocess.py:106} INFO - 26/01/29 16:41:54 INFO DAGScheduler: Job 29 is finished. Cancelling potential speculative or zombie tasks for this job
[2026-01-29T16:41:54.284+0530] {subprocess.py:106} INFO - 26/01/29 16:41:54 INFO TaskSchedulerImpl: Killing all running tasks in stage 39: Stage finished
[2026-01-29T16:41:54.284+0530] {subprocess.py:106} INFO - 26/01/29 16:41:54 INFO DAGScheduler: Job 29 finished: count at NativeMethodAccessorImpl.java:0, took 0.010909 s
[2026-01-29T16:41:54.285+0530] {subprocess.py:106} INFO - wind_gusts_10m_max: Outliers = 2477
[2026-01-29T16:41:54.302+0530] {subprocess.py:106} INFO - 26/01/29 16:41:54 INFO FileSourceStrategy: Pushed Filters:
[2026-01-29T16:41:54.303+0530] {subprocess.py:106} INFO - 26/01/29 16:41:54 INFO FileSourceStrategy: Post-Scan Filters:
[2026-01-29T16:41:54.305+0530] {subprocess.py:106} INFO - 26/01/29 16:41:54 INFO MemoryStore: Block broadcast_50 stored as values in memory (estimated size 350.2 KiB, free 365.5 MiB)
[2026-01-29T16:41:54.310+0530] {subprocess.py:106} INFO - 26/01/29 16:41:54 INFO MemoryStore: Block broadcast_50_piece0 stored as bytes in memory (estimated size 34.3 KiB, free 365.5 MiB)
[2026-01-29T16:41:54.310+0530] {subprocess.py:106} INFO - 26/01/29 16:41:54 INFO BlockManagerInfo: Added broadcast_50_piece0 in memory on Aishwarya92848DBDA:35477 (size: 34.3 KiB, free: 366.2 MiB)
[2026-01-29T16:41:54.311+0530] {subprocess.py:106} INFO - 26/01/29 16:41:54 INFO SparkContext: Created broadcast 50 from approxQuantile at NativeMethodAccessorImpl.java:0
[2026-01-29T16:41:54.311+0530] {subprocess.py:106} INFO - 26/01/29 16:41:54 INFO FileSourceScanExec: Planning scan with bin packing, max size: 4194304 bytes, open cost is considered as scanning 4194304 bytes.
[2026-01-29T16:41:54.320+0530] {subprocess.py:106} INFO - 26/01/29 16:41:54 INFO SparkContext: Starting job: approxQuantile at NativeMethodAccessorImpl.java:0
[2026-01-29T16:41:54.321+0530] {subprocess.py:106} INFO - 26/01/29 16:41:54 INFO DAGScheduler: Got job 30 (approxQuantile at NativeMethodAccessorImpl.java:0) with 2 output partitions
[2026-01-29T16:41:54.321+0530] {subprocess.py:106} INFO - 26/01/29 16:41:54 INFO DAGScheduler: Final stage: ResultStage 40 (approxQuantile at NativeMethodAccessorImpl.java:0)
[2026-01-29T16:41:54.321+0530] {subprocess.py:106} INFO - 26/01/29 16:41:54 INFO DAGScheduler: Parents of final stage: List()
[2026-01-29T16:41:54.321+0530] {subprocess.py:106} INFO - 26/01/29 16:41:54 INFO DAGScheduler: Missing parents: List()
[2026-01-29T16:41:54.322+0530] {subprocess.py:106} INFO - 26/01/29 16:41:54 INFO DAGScheduler: Submitting ResultStage 40 (MapPartitionsRDD[133] at approxQuantile at NativeMethodAccessorImpl.java:0), which has no missing parents
[2026-01-29T16:41:54.325+0530] {subprocess.py:106} INFO - 26/01/29 16:41:54 INFO MemoryStore: Block broadcast_51 stored as values in memory (estimated size 20.0 KiB, free 365.5 MiB)
[2026-01-29T16:41:54.326+0530] {subprocess.py:106} INFO - 26/01/29 16:41:54 INFO MemoryStore: Block broadcast_51_piece0 stored as bytes in memory (estimated size 9.5 KiB, free 365.5 MiB)
[2026-01-29T16:41:54.326+0530] {subprocess.py:106} INFO - 26/01/29 16:41:54 INFO BlockManagerInfo: Added broadcast_51_piece0 in memory on Aishwarya92848DBDA:35477 (size: 9.5 KiB, free: 366.2 MiB)
[2026-01-29T16:41:54.326+0530] {subprocess.py:106} INFO - 26/01/29 16:41:54 INFO SparkContext: Created broadcast 51 from broadcast at DAGScheduler.scala:1585
[2026-01-29T16:41:54.327+0530] {subprocess.py:106} INFO - 26/01/29 16:41:54 INFO DAGScheduler: Submitting 2 missing tasks from ResultStage 40 (MapPartitionsRDD[133] at approxQuantile at NativeMethodAccessorImpl.java:0) (first 15 tasks are for partitions Vector(0, 1))
[2026-01-29T16:41:54.327+0530] {subprocess.py:106} INFO - 26/01/29 16:41:54 INFO TaskSchedulerImpl: Adding task set 40.0 with 2 tasks resource profile 0
[2026-01-29T16:41:54.327+0530] {subprocess.py:106} INFO - 26/01/29 16:41:54 INFO TaskSetManager: Starting task 0.0 in stage 40.0 (TID 49) (Aishwarya92848DBDA, executor driver, partition 0, NODE_LOCAL, 8241 bytes)
[2026-01-29T16:41:54.328+0530] {subprocess.py:106} INFO - 26/01/29 16:41:54 INFO TaskSetManager: Starting task 1.0 in stage 40.0 (TID 50) (Aishwarya92848DBDA, executor driver, partition 1, NODE_LOCAL, 8241 bytes)
[2026-01-29T16:41:54.328+0530] {subprocess.py:106} INFO - 26/01/29 16:41:54 INFO Executor: Running task 0.0 in stage 40.0 (TID 49)
[2026-01-29T16:41:54.328+0530] {subprocess.py:106} INFO - 26/01/29 16:41:54 INFO Executor: Running task 1.0 in stage 40.0 (TID 50)
[2026-01-29T16:41:54.331+0530] {subprocess.py:106} INFO - 26/01/29 16:41:54 INFO FileScanRDD: Reading File path: hdfs://localhost:9000/weather/data/raw_data/weather_dataset.csv, range: 4194304-6329103, partition values: [empty row]
[2026-01-29T16:41:54.334+0530] {subprocess.py:106} INFO - 26/01/29 16:41:54 INFO FileScanRDD: Reading File path: hdfs://localhost:9000/weather/data/raw_data/weather_dataset.csv, range: 0-4194304, partition values: [empty row]
[2026-01-29T16:41:54.376+0530] {subprocess.py:106} INFO - 26/01/29 16:41:54 INFO Executor: Finished task 1.0 in stage 40.0 (TID 50). 8093 bytes result sent to driver
[2026-01-29T16:41:54.377+0530] {subprocess.py:106} INFO - 26/01/29 16:41:54 INFO TaskSetManager: Finished task 1.0 in stage 40.0 (TID 50) in 50 ms on Aishwarya92848DBDA (executor driver) (1/2)
[2026-01-29T16:41:54.415+0530] {subprocess.py:106} INFO - 26/01/29 16:41:54 INFO Executor: Finished task 0.0 in stage 40.0 (TID 49). 7943 bytes result sent to driver
[2026-01-29T16:41:54.416+0530] {subprocess.py:106} INFO - 26/01/29 16:41:54 INFO TaskSetManager: Finished task 0.0 in stage 40.0 (TID 49) in 89 ms on Aishwarya92848DBDA (executor driver) (2/2)
[2026-01-29T16:41:54.416+0530] {subprocess.py:106} INFO - 26/01/29 16:41:54 INFO TaskSchedulerImpl: Removed TaskSet 40.0, whose tasks have all completed, from pool
[2026-01-29T16:41:54.417+0530] {subprocess.py:106} INFO - 26/01/29 16:41:54 INFO DAGScheduler: ResultStage 40 (approxQuantile at NativeMethodAccessorImpl.java:0) finished in 0.094 s
[2026-01-29T16:41:54.417+0530] {subprocess.py:106} INFO - 26/01/29 16:41:54 INFO DAGScheduler: Job 30 is finished. Cancelling potential speculative or zombie tasks for this job
[2026-01-29T16:41:54.417+0530] {subprocess.py:106} INFO - 26/01/29 16:41:54 INFO TaskSchedulerImpl: Killing all running tasks in stage 40: Stage finished
[2026-01-29T16:41:54.417+0530] {subprocess.py:106} INFO - 26/01/29 16:41:54 INFO DAGScheduler: Job 30 finished: approxQuantile at NativeMethodAccessorImpl.java:0, took 0.096698 s
[2026-01-29T16:41:54.492+0530] {subprocess.py:106} INFO - 26/01/29 16:41:54 INFO FileSourceStrategy: Pushed Filters: Or(LessThan(temperature_2m_max,18.949999999999996),GreaterThan(temperature_2m_max,42.550000000000004))
[2026-01-29T16:41:54.493+0530] {subprocess.py:106} INFO - 26/01/29 16:41:54 INFO FileSourceStrategy: Post-Scan Filters: ((temperature_2m_max#19 < 18.949999999999996) OR (temperature_2m_max#19 > 42.550000000000004))
[2026-01-29T16:41:54.516+0530] {subprocess.py:106} INFO - 26/01/29 16:41:54 INFO CodeGenerator: Code generated in 9.69942 ms
[2026-01-29T16:41:54.518+0530] {subprocess.py:106} INFO - 26/01/29 16:41:54 INFO MemoryStore: Block broadcast_52 stored as values in memory (estimated size 350.2 KiB, free 365.1 MiB)
[2026-01-29T16:41:54.523+0530] {subprocess.py:106} INFO - 26/01/29 16:41:54 INFO MemoryStore: Block broadcast_52_piece0 stored as bytes in memory (estimated size 34.3 KiB, free 365.1 MiB)
[2026-01-29T16:41:54.523+0530] {subprocess.py:106} INFO - 26/01/29 16:41:54 INFO BlockManagerInfo: Added broadcast_52_piece0 in memory on Aishwarya92848DBDA:35477 (size: 34.3 KiB, free: 366.2 MiB)
[2026-01-29T16:41:54.524+0530] {subprocess.py:106} INFO - 26/01/29 16:41:54 INFO SparkContext: Created broadcast 52 from showString at NativeMethodAccessorImpl.java:0
[2026-01-29T16:41:54.524+0530] {subprocess.py:106} INFO - 26/01/29 16:41:54 INFO FileSourceScanExec: Planning scan with bin packing, max size: 4194304 bytes, open cost is considered as scanning 4194304 bytes.
[2026-01-29T16:41:54.530+0530] {subprocess.py:106} INFO - 26/01/29 16:41:54 INFO SparkContext: Starting job: showString at NativeMethodAccessorImpl.java:0
[2026-01-29T16:41:54.531+0530] {subprocess.py:106} INFO - 26/01/29 16:41:54 INFO DAGScheduler: Got job 31 (showString at NativeMethodAccessorImpl.java:0) with 1 output partitions
[2026-01-29T16:41:54.532+0530] {subprocess.py:106} INFO - 26/01/29 16:41:54 INFO DAGScheduler: Final stage: ResultStage 41 (showString at NativeMethodAccessorImpl.java:0)
[2026-01-29T16:41:54.532+0530] {subprocess.py:106} INFO - 26/01/29 16:41:54 INFO DAGScheduler: Parents of final stage: List()
[2026-01-29T16:41:54.532+0530] {subprocess.py:106} INFO - 26/01/29 16:41:54 INFO DAGScheduler: Missing parents: List()
[2026-01-29T16:41:54.532+0530] {subprocess.py:106} INFO - 26/01/29 16:41:54 INFO DAGScheduler: Submitting ResultStage 41 (MapPartitionsRDD[137] at showString at NativeMethodAccessorImpl.java:0), which has no missing parents
[2026-01-29T16:41:54.533+0530] {subprocess.py:106} INFO - 26/01/29 16:41:54 INFO MemoryStore: Block broadcast_53 stored as values in memory (estimated size 18.4 KiB, free 365.1 MiB)
[2026-01-29T16:41:54.534+0530] {subprocess.py:106} INFO - 26/01/29 16:41:54 INFO MemoryStore: Block broadcast_53_piece0 stored as bytes in memory (estimated size 8.7 KiB, free 365.1 MiB)
[2026-01-29T16:41:54.535+0530] {subprocess.py:106} INFO - 26/01/29 16:41:54 INFO BlockManagerInfo: Added broadcast_53_piece0 in memory on Aishwarya92848DBDA:35477 (size: 8.7 KiB, free: 366.2 MiB)
[2026-01-29T16:41:54.535+0530] {subprocess.py:106} INFO - 26/01/29 16:41:54 INFO SparkContext: Created broadcast 53 from broadcast at DAGScheduler.scala:1585
[2026-01-29T16:41:54.536+0530] {subprocess.py:106} INFO - 26/01/29 16:41:54 INFO DAGScheduler: Submitting 1 missing tasks from ResultStage 41 (MapPartitionsRDD[137] at showString at NativeMethodAccessorImpl.java:0) (first 15 tasks are for partitions Vector(0))
[2026-01-29T16:41:54.536+0530] {subprocess.py:106} INFO - 26/01/29 16:41:54 INFO TaskSchedulerImpl: Adding task set 41.0 with 1 tasks resource profile 0
[2026-01-29T16:41:54.537+0530] {subprocess.py:106} INFO - 26/01/29 16:41:54 INFO TaskSetManager: Starting task 0.0 in stage 41.0 (TID 51) (Aishwarya92848DBDA, executor driver, partition 0, NODE_LOCAL, 8241 bytes)
[2026-01-29T16:41:54.537+0530] {subprocess.py:106} INFO - 26/01/29 16:41:54 INFO Executor: Running task 0.0 in stage 41.0 (TID 51)
[2026-01-29T16:41:54.550+0530] {subprocess.py:106} INFO - 26/01/29 16:41:54 INFO CodeGenerator: Code generated in 10.500176 ms
[2026-01-29T16:41:54.551+0530] {subprocess.py:106} INFO - 26/01/29 16:41:54 INFO FileScanRDD: Reading File path: hdfs://localhost:9000/weather/data/raw_data/weather_dataset.csv, range: 0-4194304, partition values: [empty row]
[2026-01-29T16:41:54.557+0530] {subprocess.py:106} INFO - 26/01/29 16:41:54 INFO CodeGenerator: Code generated in 4.778336 ms
[2026-01-29T16:41:54.565+0530] {subprocess.py:106} INFO - 26/01/29 16:41:54 INFO CodeGenerator: Code generated in 6.139907 ms
[2026-01-29T16:41:54.572+0530] {subprocess.py:106} INFO - 26/01/29 16:41:54 INFO Executor: Finished task 0.0 in stage 41.0 (TID 51). 1742 bytes result sent to driver
[2026-01-29T16:41:54.572+0530] {subprocess.py:106} INFO - 26/01/29 16:41:54 INFO TaskSetManager: Finished task 0.0 in stage 41.0 (TID 51) in 36 ms on Aishwarya92848DBDA (executor driver) (1/1)
[2026-01-29T16:41:54.573+0530] {subprocess.py:106} INFO - 26/01/29 16:41:54 INFO TaskSchedulerImpl: Removed TaskSet 41.0, whose tasks have all completed, from pool
[2026-01-29T16:41:54.573+0530] {subprocess.py:106} INFO - 26/01/29 16:41:54 INFO DAGScheduler: ResultStage 41 (showString at NativeMethodAccessorImpl.java:0) finished in 0.040 s
[2026-01-29T16:41:54.573+0530] {subprocess.py:106} INFO - 26/01/29 16:41:54 INFO DAGScheduler: Job 31 is finished. Cancelling potential speculative or zombie tasks for this job
[2026-01-29T16:41:54.573+0530] {subprocess.py:106} INFO - 26/01/29 16:41:54 INFO TaskSchedulerImpl: Killing all running tasks in stage 41: Stage finished
[2026-01-29T16:41:54.574+0530] {subprocess.py:106} INFO - 26/01/29 16:41:54 INFO DAGScheduler: Job 31 finished: showString at NativeMethodAccessorImpl.java:0, took 0.042657 s
[2026-01-29T16:41:54.579+0530] {subprocess.py:106} INFO - 26/01/29 16:41:54 INFO CodeGenerator: Code generated in 4.646708 ms
[2026-01-29T16:41:54.584+0530] {subprocess.py:106} INFO - +-----+----------+------------------+
[2026-01-29T16:41:54.584+0530] {subprocess.py:106} INFO - | city|      date|temperature_2m_max|
[2026-01-29T16:41:54.584+0530] {subprocess.py:106} INFO - +-----+----------+------------------+
[2026-01-29T16:41:54.584+0530] {subprocess.py:106} INFO - |Delhi|2000-01-13|              18.9|
[2026-01-29T16:41:54.584+0530] {subprocess.py:106} INFO - |Delhi|2000-01-14|              18.1|
[2026-01-29T16:41:54.584+0530] {subprocess.py:106} INFO - |Delhi|2000-01-15|              15.8|
[2026-01-29T16:41:54.585+0530] {subprocess.py:106} INFO - |Delhi|2000-01-16|              15.8|
[2026-01-29T16:41:54.585+0530] {subprocess.py:106} INFO - |Delhi|2000-01-17|              17.4|
[2026-01-29T16:41:54.585+0530] {subprocess.py:106} INFO - |Delhi|2000-01-27|              18.7|
[2026-01-29T16:41:54.585+0530] {subprocess.py:106} INFO - |Delhi|2000-02-05|              15.7|
[2026-01-29T16:41:54.585+0530] {subprocess.py:106} INFO - |Delhi|2000-02-06|              16.9|
[2026-01-29T16:41:54.585+0530] {subprocess.py:106} INFO - |Delhi|2000-02-07|              18.0|
[2026-01-29T16:41:54.585+0530] {subprocess.py:106} INFO - |Delhi|2000-02-08|              17.9|
[2026-01-29T16:41:54.585+0530] {subprocess.py:106} INFO - +-----+----------+------------------+
[2026-01-29T16:41:54.585+0530] {subprocess.py:106} INFO - only showing top 10 rows
[2026-01-29T16:41:54.585+0530] {subprocess.py:106} INFO - 
[2026-01-29T16:41:54.585+0530] {subprocess.py:106} INFO - Lower: 18.949999999999996 Upper: 42.550000000000004
[2026-01-29T16:41:54.602+0530] {subprocess.py:106} INFO - 26/01/29 16:41:54 INFO FileSourceStrategy: Pushed Filters:
[2026-01-29T16:41:54.602+0530] {subprocess.py:106} INFO - 26/01/29 16:41:54 INFO FileSourceStrategy: Post-Scan Filters:
[2026-01-29T16:41:54.604+0530] {subprocess.py:106} INFO - 26/01/29 16:41:54 INFO MemoryStore: Block broadcast_54 stored as values in memory (estimated size 350.2 KiB, free 364.7 MiB)
[2026-01-29T16:41:54.609+0530] {subprocess.py:106} INFO - 26/01/29 16:41:54 INFO MemoryStore: Block broadcast_54_piece0 stored as bytes in memory (estimated size 34.3 KiB, free 364.7 MiB)
[2026-01-29T16:41:54.610+0530] {subprocess.py:106} INFO - 26/01/29 16:41:54 INFO BlockManagerInfo: Added broadcast_54_piece0 in memory on Aishwarya92848DBDA:35477 (size: 34.3 KiB, free: 366.1 MiB)
[2026-01-29T16:41:54.611+0530] {subprocess.py:106} INFO - 26/01/29 16:41:54 INFO SparkContext: Created broadcast 54 from approxQuantile at NativeMethodAccessorImpl.java:0
[2026-01-29T16:41:54.612+0530] {subprocess.py:106} INFO - 26/01/29 16:41:54 INFO FileSourceScanExec: Planning scan with bin packing, max size: 4194304 bytes, open cost is considered as scanning 4194304 bytes.
[2026-01-29T16:41:54.622+0530] {subprocess.py:106} INFO - 26/01/29 16:41:54 INFO SparkContext: Starting job: approxQuantile at NativeMethodAccessorImpl.java:0
[2026-01-29T16:41:54.623+0530] {subprocess.py:106} INFO - 26/01/29 16:41:54 INFO DAGScheduler: Got job 32 (approxQuantile at NativeMethodAccessorImpl.java:0) with 2 output partitions
[2026-01-29T16:41:54.623+0530] {subprocess.py:106} INFO - 26/01/29 16:41:54 INFO DAGScheduler: Final stage: ResultStage 42 (approxQuantile at NativeMethodAccessorImpl.java:0)
[2026-01-29T16:41:54.623+0530] {subprocess.py:106} INFO - 26/01/29 16:41:54 INFO DAGScheduler: Parents of final stage: List()
[2026-01-29T16:41:54.624+0530] {subprocess.py:106} INFO - 26/01/29 16:41:54 INFO DAGScheduler: Missing parents: List()
[2026-01-29T16:41:54.624+0530] {subprocess.py:106} INFO - 26/01/29 16:41:54 INFO DAGScheduler: Submitting ResultStage 42 (MapPartitionsRDD[143] at approxQuantile at NativeMethodAccessorImpl.java:0), which has no missing parents
[2026-01-29T16:41:54.627+0530] {subprocess.py:106} INFO - 26/01/29 16:41:54 INFO MemoryStore: Block broadcast_55 stored as values in memory (estimated size 20.0 KiB, free 364.7 MiB)
[2026-01-29T16:41:54.628+0530] {subprocess.py:106} INFO - 26/01/29 16:41:54 INFO MemoryStore: Block broadcast_55_piece0 stored as bytes in memory (estimated size 9.5 KiB, free 364.7 MiB)
[2026-01-29T16:41:54.628+0530] {subprocess.py:106} INFO - 26/01/29 16:41:54 INFO BlockManagerInfo: Added broadcast_55_piece0 in memory on Aishwarya92848DBDA:35477 (size: 9.5 KiB, free: 366.1 MiB)
[2026-01-29T16:41:54.629+0530] {subprocess.py:106} INFO - 26/01/29 16:41:54 INFO SparkContext: Created broadcast 55 from broadcast at DAGScheduler.scala:1585
[2026-01-29T16:41:54.629+0530] {subprocess.py:106} INFO - 26/01/29 16:41:54 INFO DAGScheduler: Submitting 2 missing tasks from ResultStage 42 (MapPartitionsRDD[143] at approxQuantile at NativeMethodAccessorImpl.java:0) (first 15 tasks are for partitions Vector(0, 1))
[2026-01-29T16:41:54.629+0530] {subprocess.py:106} INFO - 26/01/29 16:41:54 INFO TaskSchedulerImpl: Adding task set 42.0 with 2 tasks resource profile 0
[2026-01-29T16:41:54.630+0530] {subprocess.py:106} INFO - 26/01/29 16:41:54 INFO TaskSetManager: Starting task 0.0 in stage 42.0 (TID 52) (Aishwarya92848DBDA, executor driver, partition 0, NODE_LOCAL, 8241 bytes)
[2026-01-29T16:41:54.630+0530] {subprocess.py:106} INFO - 26/01/29 16:41:54 INFO TaskSetManager: Starting task 1.0 in stage 42.0 (TID 53) (Aishwarya92848DBDA, executor driver, partition 1, NODE_LOCAL, 8241 bytes)
[2026-01-29T16:41:54.630+0530] {subprocess.py:106} INFO - 26/01/29 16:41:54 INFO Executor: Running task 0.0 in stage 42.0 (TID 52)
[2026-01-29T16:41:54.631+0530] {subprocess.py:106} INFO - 26/01/29 16:41:54 INFO Executor: Running task 1.0 in stage 42.0 (TID 53)
[2026-01-29T16:41:54.633+0530] {subprocess.py:106} INFO - 26/01/29 16:41:54 INFO FileScanRDD: Reading File path: hdfs://localhost:9000/weather/data/raw_data/weather_dataset.csv, range: 0-4194304, partition values: [empty row]
[2026-01-29T16:41:54.634+0530] {subprocess.py:106} INFO - 26/01/29 16:41:54 INFO FileScanRDD: Reading File path: hdfs://localhost:9000/weather/data/raw_data/weather_dataset.csv, range: 4194304-6329103, partition values: [empty row]
[2026-01-29T16:41:54.652+0530] {subprocess.py:106} INFO - 26/01/29 16:41:54 INFO BlockManagerInfo: Removed broadcast_50_piece0 on Aishwarya92848DBDA:35477 in memory (size: 34.3 KiB, free: 366.2 MiB)
[2026-01-29T16:41:54.654+0530] {subprocess.py:106} INFO - 26/01/29 16:41:54 INFO BlockManagerInfo: Removed broadcast_53_piece0 on Aishwarya92848DBDA:35477 in memory (size: 8.7 KiB, free: 366.2 MiB)
[2026-01-29T16:41:54.655+0530] {subprocess.py:106} INFO - 26/01/29 16:41:54 INFO BlockManagerInfo: Removed broadcast_48_piece0 on Aishwarya92848DBDA:35477 in memory (size: 9.7 KiB, free: 366.2 MiB)
[2026-01-29T16:41:54.656+0530] {subprocess.py:106} INFO - 26/01/29 16:41:54 INFO BlockManagerInfo: Removed broadcast_51_piece0 on Aishwarya92848DBDA:35477 in memory (size: 9.5 KiB, free: 366.2 MiB)
[2026-01-29T16:41:54.658+0530] {subprocess.py:106} INFO - 26/01/29 16:41:54 INFO BlockManagerInfo: Removed broadcast_52_piece0 on Aishwarya92848DBDA:35477 in memory (size: 34.3 KiB, free: 366.2 MiB)
[2026-01-29T16:41:54.659+0530] {subprocess.py:106} INFO - 26/01/29 16:41:54 INFO BlockManagerInfo: Removed broadcast_49_piece0 on Aishwarya92848DBDA:35477 in memory (size: 6.0 KiB, free: 366.2 MiB)
[2026-01-29T16:41:54.661+0530] {subprocess.py:106} INFO - 26/01/29 16:41:54 INFO BlockManagerInfo: Removed broadcast_47_piece0 on Aishwarya92848DBDA:35477 in memory (size: 34.3 KiB, free: 366.3 MiB)
[2026-01-29T16:41:54.698+0530] {subprocess.py:106} INFO - 26/01/29 16:41:54 INFO Executor: Finished task 1.0 in stage 42.0 (TID 53). 8136 bytes result sent to driver
[2026-01-29T16:41:54.699+0530] {subprocess.py:106} INFO - 26/01/29 16:41:54 INFO TaskSetManager: Finished task 1.0 in stage 42.0 (TID 53) in 69 ms on Aishwarya92848DBDA (executor driver) (1/2)
[2026-01-29T16:41:54.736+0530] {subprocess.py:106} INFO - 26/01/29 16:41:54 INFO Executor: Finished task 0.0 in stage 42.0 (TID 52). 7986 bytes result sent to driver
[2026-01-29T16:41:54.736+0530] {subprocess.py:106} INFO - 26/01/29 16:41:54 INFO TaskSetManager: Finished task 0.0 in stage 42.0 (TID 52) in 106 ms on Aishwarya92848DBDA (executor driver) (2/2)
[2026-01-29T16:41:54.737+0530] {subprocess.py:106} INFO - 26/01/29 16:41:54 INFO TaskSchedulerImpl: Removed TaskSet 42.0, whose tasks have all completed, from pool
[2026-01-29T16:41:54.737+0530] {subprocess.py:106} INFO - 26/01/29 16:41:54 INFO DAGScheduler: ResultStage 42 (approxQuantile at NativeMethodAccessorImpl.java:0) finished in 0.113 s
[2026-01-29T16:41:54.737+0530] {subprocess.py:106} INFO - 26/01/29 16:41:54 INFO DAGScheduler: Job 32 is finished. Cancelling potential speculative or zombie tasks for this job
[2026-01-29T16:41:54.738+0530] {subprocess.py:106} INFO - 26/01/29 16:41:54 INFO TaskSchedulerImpl: Killing all running tasks in stage 42: Stage finished
[2026-01-29T16:41:54.738+0530] {subprocess.py:106} INFO - 26/01/29 16:41:54 INFO DAGScheduler: Job 32 finished: approxQuantile at NativeMethodAccessorImpl.java:0, took 0.115463 s
[2026-01-29T16:41:54.810+0530] {subprocess.py:106} INFO - 26/01/29 16:41:54 INFO FileSourceStrategy: Pushed Filters:
[2026-01-29T16:41:54.810+0530] {subprocess.py:106} INFO - 26/01/29 16:41:54 INFO FileSourceStrategy: Post-Scan Filters:
[2026-01-29T16:41:54.812+0530] {subprocess.py:106} INFO - 26/01/29 16:41:54 INFO MemoryStore: Block broadcast_56 stored as values in memory (estimated size 350.2 KiB, free 365.6 MiB)
[2026-01-29T16:41:54.818+0530] {subprocess.py:106} INFO - 26/01/29 16:41:54 INFO MemoryStore: Block broadcast_56_piece0 stored as bytes in memory (estimated size 34.3 KiB, free 365.5 MiB)
[2026-01-29T16:41:54.818+0530] {subprocess.py:106} INFO - 26/01/29 16:41:54 INFO BlockManagerInfo: Added broadcast_56_piece0 in memory on Aishwarya92848DBDA:35477 (size: 34.3 KiB, free: 366.2 MiB)
[2026-01-29T16:41:54.819+0530] {subprocess.py:106} INFO - 26/01/29 16:41:54 INFO SparkContext: Created broadcast 56 from approxQuantile at NativeMethodAccessorImpl.java:0
[2026-01-29T16:41:54.819+0530] {subprocess.py:106} INFO - 26/01/29 16:41:54 INFO FileSourceScanExec: Planning scan with bin packing, max size: 4194304 bytes, open cost is considered as scanning 4194304 bytes.
[2026-01-29T16:41:54.828+0530] {subprocess.py:106} INFO - 26/01/29 16:41:54 INFO SparkContext: Starting job: approxQuantile at NativeMethodAccessorImpl.java:0
[2026-01-29T16:41:54.828+0530] {subprocess.py:106} INFO - 26/01/29 16:41:54 INFO DAGScheduler: Got job 33 (approxQuantile at NativeMethodAccessorImpl.java:0) with 2 output partitions
[2026-01-29T16:41:54.829+0530] {subprocess.py:106} INFO - 26/01/29 16:41:54 INFO DAGScheduler: Final stage: ResultStage 43 (approxQuantile at NativeMethodAccessorImpl.java:0)
[2026-01-29T16:41:54.829+0530] {subprocess.py:106} INFO - 26/01/29 16:41:54 INFO DAGScheduler: Parents of final stage: List()
[2026-01-29T16:41:54.829+0530] {subprocess.py:106} INFO - 26/01/29 16:41:54 INFO DAGScheduler: Missing parents: List()
[2026-01-29T16:41:54.830+0530] {subprocess.py:106} INFO - 26/01/29 16:41:54 INFO DAGScheduler: Submitting ResultStage 43 (MapPartitionsRDD[149] at approxQuantile at NativeMethodAccessorImpl.java:0), which has no missing parents
[2026-01-29T16:41:54.833+0530] {subprocess.py:106} INFO - 26/01/29 16:41:54 INFO MemoryStore: Block broadcast_57 stored as values in memory (estimated size 20.0 KiB, free 365.5 MiB)
[2026-01-29T16:41:54.833+0530] {subprocess.py:106} INFO - 26/01/29 16:41:54 INFO MemoryStore: Block broadcast_57_piece0 stored as bytes in memory (estimated size 9.5 KiB, free 365.5 MiB)
[2026-01-29T16:41:54.834+0530] {subprocess.py:106} INFO - 26/01/29 16:41:54 INFO BlockManagerInfo: Added broadcast_57_piece0 in memory on Aishwarya92848DBDA:35477 (size: 9.5 KiB, free: 366.2 MiB)
[2026-01-29T16:41:54.834+0530] {subprocess.py:106} INFO - 26/01/29 16:41:54 INFO SparkContext: Created broadcast 57 from broadcast at DAGScheduler.scala:1585
[2026-01-29T16:41:54.834+0530] {subprocess.py:106} INFO - 26/01/29 16:41:54 INFO DAGScheduler: Submitting 2 missing tasks from ResultStage 43 (MapPartitionsRDD[149] at approxQuantile at NativeMethodAccessorImpl.java:0) (first 15 tasks are for partitions Vector(0, 1))
[2026-01-29T16:41:54.834+0530] {subprocess.py:106} INFO - 26/01/29 16:41:54 INFO TaskSchedulerImpl: Adding task set 43.0 with 2 tasks resource profile 0
[2026-01-29T16:41:54.835+0530] {subprocess.py:106} INFO - 26/01/29 16:41:54 INFO TaskSetManager: Starting task 0.0 in stage 43.0 (TID 54) (Aishwarya92848DBDA, executor driver, partition 0, NODE_LOCAL, 8241 bytes)
[2026-01-29T16:41:54.836+0530] {subprocess.py:106} INFO - 26/01/29 16:41:54 INFO TaskSetManager: Starting task 1.0 in stage 43.0 (TID 55) (Aishwarya92848DBDA, executor driver, partition 1, NODE_LOCAL, 8241 bytes)
[2026-01-29T16:41:54.836+0530] {subprocess.py:106} INFO - 26/01/29 16:41:54 INFO Executor: Running task 1.0 in stage 43.0 (TID 55)
[2026-01-29T16:41:54.836+0530] {subprocess.py:106} INFO - 26/01/29 16:41:54 INFO Executor: Running task 0.0 in stage 43.0 (TID 54)
[2026-01-29T16:41:54.839+0530] {subprocess.py:106} INFO - 26/01/29 16:41:54 INFO FileScanRDD: Reading File path: hdfs://localhost:9000/weather/data/raw_data/weather_dataset.csv, range: 0-4194304, partition values: [empty row]
[2026-01-29T16:41:54.839+0530] {subprocess.py:106} INFO - 26/01/29 16:41:54 INFO FileScanRDD: Reading File path: hdfs://localhost:9000/weather/data/raw_data/weather_dataset.csv, range: 4194304-6329103, partition values: [empty row]
[2026-01-29T16:41:54.884+0530] {subprocess.py:106} INFO - 26/01/29 16:41:54 INFO Executor: Finished task 1.0 in stage 43.0 (TID 55). 8093 bytes result sent to driver
[2026-01-29T16:41:54.885+0530] {subprocess.py:106} INFO - 26/01/29 16:41:54 INFO TaskSetManager: Finished task 1.0 in stage 43.0 (TID 55) in 50 ms on Aishwarya92848DBDA (executor driver) (1/2)
[2026-01-29T16:41:54.915+0530] {subprocess.py:106} INFO - 26/01/29 16:41:54 INFO BlockManagerInfo: Removed broadcast_55_piece0 on Aishwarya92848DBDA:35477 in memory (size: 9.5 KiB, free: 366.2 MiB)
[2026-01-29T16:41:54.916+0530] {subprocess.py:106} INFO - 26/01/29 16:41:54 INFO BlockManagerInfo: Removed broadcast_54_piece0 on Aishwarya92848DBDA:35477 in memory (size: 34.3 KiB, free: 366.3 MiB)
[2026-01-29T16:41:54.934+0530] {subprocess.py:106} INFO - 26/01/29 16:41:54 INFO Executor: Finished task 0.0 in stage 43.0 (TID 54). 6116 bytes result sent to driver
[2026-01-29T16:41:54.934+0530] {subprocess.py:106} INFO - 26/01/29 16:41:54 INFO TaskSetManager: Finished task 0.0 in stage 43.0 (TID 54) in 99 ms on Aishwarya92848DBDA (executor driver) (2/2)
[2026-01-29T16:41:54.935+0530] {subprocess.py:106} INFO - 26/01/29 16:41:54 INFO TaskSchedulerImpl: Removed TaskSet 43.0, whose tasks have all completed, from pool
[2026-01-29T16:41:54.935+0530] {subprocess.py:106} INFO - 26/01/29 16:41:54 INFO DAGScheduler: ResultStage 43 (approxQuantile at NativeMethodAccessorImpl.java:0) finished in 0.106 s
[2026-01-29T16:41:54.935+0530] {subprocess.py:106} INFO - 26/01/29 16:41:54 INFO DAGScheduler: Job 33 is finished. Cancelling potential speculative or zombie tasks for this job
[2026-01-29T16:41:54.936+0530] {subprocess.py:106} INFO - 26/01/29 16:41:54 INFO TaskSchedulerImpl: Killing all running tasks in stage 43: Stage finished
[2026-01-29T16:41:54.936+0530] {subprocess.py:106} INFO - 26/01/29 16:41:54 INFO DAGScheduler: Job 33 finished: approxQuantile at NativeMethodAccessorImpl.java:0, took 0.107879 s
[2026-01-29T16:41:55.003+0530] {subprocess.py:106} INFO - 26/01/29 16:41:55 INFO FileSourceStrategy: Pushed Filters:
[2026-01-29T16:41:55.003+0530] {subprocess.py:106} INFO - 26/01/29 16:41:55 INFO FileSourceStrategy: Post-Scan Filters:
[2026-01-29T16:41:55.005+0530] {subprocess.py:106} INFO - 26/01/29 16:41:55 INFO MemoryStore: Block broadcast_58 stored as values in memory (estimated size 350.2 KiB, free 365.6 MiB)
[2026-01-29T16:41:55.010+0530] {subprocess.py:106} INFO - 26/01/29 16:41:55 INFO MemoryStore: Block broadcast_58_piece0 stored as bytes in memory (estimated size 34.3 KiB, free 365.5 MiB)
[2026-01-29T16:41:55.010+0530] {subprocess.py:106} INFO - 26/01/29 16:41:55 INFO BlockManagerInfo: Added broadcast_58_piece0 in memory on Aishwarya92848DBDA:35477 (size: 34.3 KiB, free: 366.2 MiB)
[2026-01-29T16:41:55.010+0530] {subprocess.py:106} INFO - 26/01/29 16:41:55 INFO SparkContext: Created broadcast 58 from approxQuantile at NativeMethodAccessorImpl.java:0
[2026-01-29T16:41:55.011+0530] {subprocess.py:106} INFO - 26/01/29 16:41:55 INFO FileSourceScanExec: Planning scan with bin packing, max size: 4194304 bytes, open cost is considered as scanning 4194304 bytes.
[2026-01-29T16:41:55.020+0530] {subprocess.py:106} INFO - 26/01/29 16:41:55 INFO SparkContext: Starting job: approxQuantile at NativeMethodAccessorImpl.java:0
[2026-01-29T16:41:55.020+0530] {subprocess.py:106} INFO - 26/01/29 16:41:55 INFO DAGScheduler: Got job 34 (approxQuantile at NativeMethodAccessorImpl.java:0) with 2 output partitions
[2026-01-29T16:41:55.021+0530] {subprocess.py:106} INFO - 26/01/29 16:41:55 INFO DAGScheduler: Final stage: ResultStage 44 (approxQuantile at NativeMethodAccessorImpl.java:0)
[2026-01-29T16:41:55.021+0530] {subprocess.py:106} INFO - 26/01/29 16:41:55 INFO DAGScheduler: Parents of final stage: List()
[2026-01-29T16:41:55.021+0530] {subprocess.py:106} INFO - 26/01/29 16:41:55 INFO DAGScheduler: Missing parents: List()
[2026-01-29T16:41:55.021+0530] {subprocess.py:106} INFO - 26/01/29 16:41:55 INFO DAGScheduler: Submitting ResultStage 44 (MapPartitionsRDD[155] at approxQuantile at NativeMethodAccessorImpl.java:0), which has no missing parents
[2026-01-29T16:41:55.024+0530] {subprocess.py:106} INFO - 26/01/29 16:41:55 INFO MemoryStore: Block broadcast_59 stored as values in memory (estimated size 20.0 KiB, free 365.5 MiB)
[2026-01-29T16:41:55.025+0530] {subprocess.py:106} INFO - 26/01/29 16:41:55 INFO MemoryStore: Block broadcast_59_piece0 stored as bytes in memory (estimated size 9.5 KiB, free 365.5 MiB)
[2026-01-29T16:41:55.025+0530] {subprocess.py:106} INFO - 26/01/29 16:41:55 INFO BlockManagerInfo: Added broadcast_59_piece0 in memory on Aishwarya92848DBDA:35477 (size: 9.5 KiB, free: 366.2 MiB)
[2026-01-29T16:41:55.025+0530] {subprocess.py:106} INFO - 26/01/29 16:41:55 INFO SparkContext: Created broadcast 59 from broadcast at DAGScheduler.scala:1585
[2026-01-29T16:41:55.026+0530] {subprocess.py:106} INFO - 26/01/29 16:41:55 INFO DAGScheduler: Submitting 2 missing tasks from ResultStage 44 (MapPartitionsRDD[155] at approxQuantile at NativeMethodAccessorImpl.java:0) (first 15 tasks are for partitions Vector(0, 1))
[2026-01-29T16:41:55.026+0530] {subprocess.py:106} INFO - 26/01/29 16:41:55 INFO TaskSchedulerImpl: Adding task set 44.0 with 2 tasks resource profile 0
[2026-01-29T16:41:55.027+0530] {subprocess.py:106} INFO - 26/01/29 16:41:55 INFO TaskSetManager: Starting task 0.0 in stage 44.0 (TID 56) (Aishwarya92848DBDA, executor driver, partition 0, NODE_LOCAL, 8241 bytes)
[2026-01-29T16:41:55.027+0530] {subprocess.py:106} INFO - 26/01/29 16:41:55 INFO TaskSetManager: Starting task 1.0 in stage 44.0 (TID 57) (Aishwarya92848DBDA, executor driver, partition 1, NODE_LOCAL, 8241 bytes)
[2026-01-29T16:41:55.028+0530] {subprocess.py:106} INFO - 26/01/29 16:41:55 INFO Executor: Running task 0.0 in stage 44.0 (TID 56)
[2026-01-29T16:41:55.028+0530] {subprocess.py:106} INFO - 26/01/29 16:41:55 INFO Executor: Running task 1.0 in stage 44.0 (TID 57)
[2026-01-29T16:41:55.031+0530] {subprocess.py:106} INFO - 26/01/29 16:41:55 INFO FileScanRDD: Reading File path: hdfs://localhost:9000/weather/data/raw_data/weather_dataset.csv, range: 4194304-6329103, partition values: [empty row]
[2026-01-29T16:41:55.032+0530] {subprocess.py:106} INFO - 26/01/29 16:41:55 INFO FileScanRDD: Reading File path: hdfs://localhost:9000/weather/data/raw_data/weather_dataset.csv, range: 0-4194304, partition values: [empty row]
[2026-01-29T16:41:55.077+0530] {subprocess.py:106} INFO - 26/01/29 16:41:55 INFO Executor: Finished task 1.0 in stage 44.0 (TID 57). 8093 bytes result sent to driver
[2026-01-29T16:41:55.078+0530] {subprocess.py:106} INFO - 26/01/29 16:41:55 INFO TaskSetManager: Finished task 1.0 in stage 44.0 (TID 57) in 51 ms on Aishwarya92848DBDA (executor driver) (1/2)
[2026-01-29T16:41:55.113+0530] {subprocess.py:106} INFO - 26/01/29 16:41:55 INFO Executor: Finished task 0.0 in stage 44.0 (TID 56). 5983 bytes result sent to driver
[2026-01-29T16:41:55.114+0530] {subprocess.py:106} INFO - 26/01/29 16:41:55 INFO TaskSetManager: Finished task 0.0 in stage 44.0 (TID 56) in 87 ms on Aishwarya92848DBDA (executor driver) (2/2)
[2026-01-29T16:41:55.114+0530] {subprocess.py:106} INFO - 26/01/29 16:41:55 INFO TaskSchedulerImpl: Removed TaskSet 44.0, whose tasks have all completed, from pool
[2026-01-29T16:41:55.114+0530] {subprocess.py:106} INFO - 26/01/29 16:41:55 INFO DAGScheduler: ResultStage 44 (approxQuantile at NativeMethodAccessorImpl.java:0) finished in 0.092 s
[2026-01-29T16:41:55.114+0530] {subprocess.py:106} INFO - 26/01/29 16:41:55 INFO DAGScheduler: Job 34 is finished. Cancelling potential speculative or zombie tasks for this job
[2026-01-29T16:41:55.115+0530] {subprocess.py:106} INFO - 26/01/29 16:41:55 INFO TaskSchedulerImpl: Killing all running tasks in stage 44: Stage finished
[2026-01-29T16:41:55.115+0530] {subprocess.py:106} INFO - 26/01/29 16:41:55 INFO DAGScheduler: Job 34 finished: approxQuantile at NativeMethodAccessorImpl.java:0, took 0.094831 s
[2026-01-29T16:41:55.183+0530] {subprocess.py:106} INFO - 26/01/29 16:41:55 INFO FileSourceStrategy: Pushed Filters:
[2026-01-29T16:41:55.183+0530] {subprocess.py:106} INFO - 26/01/29 16:41:55 INFO FileSourceStrategy: Post-Scan Filters:
[2026-01-29T16:41:55.185+0530] {subprocess.py:106} INFO - 26/01/29 16:41:55 INFO MemoryStore: Block broadcast_60 stored as values in memory (estimated size 350.2 KiB, free 365.1 MiB)
[2026-01-29T16:41:55.190+0530] {subprocess.py:106} INFO - 26/01/29 16:41:55 INFO MemoryStore: Block broadcast_60_piece0 stored as bytes in memory (estimated size 34.3 KiB, free 365.1 MiB)
[2026-01-29T16:41:55.190+0530] {subprocess.py:106} INFO - 26/01/29 16:41:55 INFO BlockManagerInfo: Added broadcast_60_piece0 in memory on Aishwarya92848DBDA:35477 (size: 34.3 KiB, free: 366.2 MiB)
[2026-01-29T16:41:55.190+0530] {subprocess.py:106} INFO - 26/01/29 16:41:55 INFO SparkContext: Created broadcast 60 from approxQuantile at NativeMethodAccessorImpl.java:0
[2026-01-29T16:41:55.191+0530] {subprocess.py:106} INFO - 26/01/29 16:41:55 INFO FileSourceScanExec: Planning scan with bin packing, max size: 4194304 bytes, open cost is considered as scanning 4194304 bytes.
[2026-01-29T16:41:55.200+0530] {subprocess.py:106} INFO - 26/01/29 16:41:55 INFO SparkContext: Starting job: approxQuantile at NativeMethodAccessorImpl.java:0
[2026-01-29T16:41:55.201+0530] {subprocess.py:106} INFO - 26/01/29 16:41:55 INFO DAGScheduler: Got job 35 (approxQuantile at NativeMethodAccessorImpl.java:0) with 2 output partitions
[2026-01-29T16:41:55.201+0530] {subprocess.py:106} INFO - 26/01/29 16:41:55 INFO DAGScheduler: Final stage: ResultStage 45 (approxQuantile at NativeMethodAccessorImpl.java:0)
[2026-01-29T16:41:55.201+0530] {subprocess.py:106} INFO - 26/01/29 16:41:55 INFO DAGScheduler: Parents of final stage: List()
[2026-01-29T16:41:55.201+0530] {subprocess.py:106} INFO - 26/01/29 16:41:55 INFO DAGScheduler: Missing parents: List()
[2026-01-29T16:41:55.201+0530] {subprocess.py:106} INFO - 26/01/29 16:41:55 INFO DAGScheduler: Submitting ResultStage 45 (MapPartitionsRDD[161] at approxQuantile at NativeMethodAccessorImpl.java:0), which has no missing parents
[2026-01-29T16:41:55.204+0530] {subprocess.py:106} INFO - 26/01/29 16:41:55 INFO MemoryStore: Block broadcast_61 stored as values in memory (estimated size 20.0 KiB, free 365.1 MiB)
[2026-01-29T16:41:55.205+0530] {subprocess.py:106} INFO - 26/01/29 16:41:55 INFO MemoryStore: Block broadcast_61_piece0 stored as bytes in memory (estimated size 9.5 KiB, free 365.1 MiB)
[2026-01-29T16:41:55.206+0530] {subprocess.py:106} INFO - 26/01/29 16:41:55 INFO BlockManagerInfo: Added broadcast_61_piece0 in memory on Aishwarya92848DBDA:35477 (size: 9.5 KiB, free: 366.2 MiB)
[2026-01-29T16:41:55.206+0530] {subprocess.py:106} INFO - 26/01/29 16:41:55 INFO SparkContext: Created broadcast 61 from broadcast at DAGScheduler.scala:1585
[2026-01-29T16:41:55.206+0530] {subprocess.py:106} INFO - 26/01/29 16:41:55 INFO DAGScheduler: Submitting 2 missing tasks from ResultStage 45 (MapPartitionsRDD[161] at approxQuantile at NativeMethodAccessorImpl.java:0) (first 15 tasks are for partitions Vector(0, 1))
[2026-01-29T16:41:55.206+0530] {subprocess.py:106} INFO - 26/01/29 16:41:55 INFO TaskSchedulerImpl: Adding task set 45.0 with 2 tasks resource profile 0
[2026-01-29T16:41:55.207+0530] {subprocess.py:106} INFO - 26/01/29 16:41:55 INFO TaskSetManager: Starting task 0.0 in stage 45.0 (TID 58) (Aishwarya92848DBDA, executor driver, partition 0, NODE_LOCAL, 8241 bytes)
[2026-01-29T16:41:55.208+0530] {subprocess.py:106} INFO - 26/01/29 16:41:55 INFO TaskSetManager: Starting task 1.0 in stage 45.0 (TID 59) (Aishwarya92848DBDA, executor driver, partition 1, NODE_LOCAL, 8241 bytes)
[2026-01-29T16:41:55.209+0530] {subprocess.py:106} INFO - 26/01/29 16:41:55 INFO Executor: Running task 0.0 in stage 45.0 (TID 58)
[2026-01-29T16:41:55.209+0530] {subprocess.py:106} INFO - 26/01/29 16:41:55 INFO Executor: Running task 1.0 in stage 45.0 (TID 59)
[2026-01-29T16:41:55.212+0530] {subprocess.py:106} INFO - 26/01/29 16:41:55 INFO FileScanRDD: Reading File path: hdfs://localhost:9000/weather/data/raw_data/weather_dataset.csv, range: 4194304-6329103, partition values: [empty row]
[2026-01-29T16:41:55.212+0530] {subprocess.py:106} INFO - 26/01/29 16:41:55 INFO FileScanRDD: Reading File path: hdfs://localhost:9000/weather/data/raw_data/weather_dataset.csv, range: 0-4194304, partition values: [empty row]
[2026-01-29T16:41:55.245+0530] {subprocess.py:106} INFO - 26/01/29 16:41:55 INFO BlockManagerInfo: Removed broadcast_57_piece0 on Aishwarya92848DBDA:35477 in memory (size: 9.5 KiB, free: 366.2 MiB)
[2026-01-29T16:41:55.246+0530] {subprocess.py:106} INFO - 26/01/29 16:41:55 INFO BlockManagerInfo: Removed broadcast_58_piece0 on Aishwarya92848DBDA:35477 in memory (size: 34.3 KiB, free: 366.2 MiB)
[2026-01-29T16:41:55.247+0530] {subprocess.py:106} INFO - 26/01/29 16:41:55 INFO BlockManagerInfo: Removed broadcast_59_piece0 on Aishwarya92848DBDA:35477 in memory (size: 9.5 KiB, free: 366.2 MiB)
[2026-01-29T16:41:55.248+0530] {subprocess.py:106} INFO - 26/01/29 16:41:55 INFO BlockManagerInfo: Removed broadcast_56_piece0 on Aishwarya92848DBDA:35477 in memory (size: 34.3 KiB, free: 366.3 MiB)
[2026-01-29T16:41:55.268+0530] {subprocess.py:106} INFO - 26/01/29 16:41:55 INFO Executor: Finished task 1.0 in stage 45.0 (TID 59). 8136 bytes result sent to driver
[2026-01-29T16:41:55.269+0530] {subprocess.py:106} INFO - 26/01/29 16:41:55 INFO TaskSetManager: Finished task 1.0 in stage 45.0 (TID 59) in 62 ms on Aishwarya92848DBDA (executor driver) (1/2)
[2026-01-29T16:41:55.305+0530] {subprocess.py:106} INFO - 26/01/29 16:41:55 INFO Executor: Finished task 0.0 in stage 45.0 (TID 58). 6086 bytes result sent to driver
[2026-01-29T16:41:55.305+0530] {subprocess.py:106} INFO - 26/01/29 16:41:55 INFO TaskSetManager: Finished task 0.0 in stage 45.0 (TID 58) in 98 ms on Aishwarya92848DBDA (executor driver) (2/2)
[2026-01-29T16:41:55.306+0530] {subprocess.py:106} INFO - 26/01/29 16:41:55 INFO TaskSchedulerImpl: Removed TaskSet 45.0, whose tasks have all completed, from pool
[2026-01-29T16:41:55.306+0530] {subprocess.py:106} INFO - 26/01/29 16:41:55 INFO DAGScheduler: ResultStage 45 (approxQuantile at NativeMethodAccessorImpl.java:0) finished in 0.104 s
[2026-01-29T16:41:55.306+0530] {subprocess.py:106} INFO - 26/01/29 16:41:55 INFO DAGScheduler: Job 35 is finished. Cancelling potential speculative or zombie tasks for this job
[2026-01-29T16:41:55.306+0530] {subprocess.py:106} INFO - 26/01/29 16:41:55 INFO TaskSchedulerImpl: Killing all running tasks in stage 45: Stage finished
[2026-01-29T16:41:55.306+0530] {subprocess.py:106} INFO - 26/01/29 16:41:55 INFO DAGScheduler: Job 35 finished: approxQuantile at NativeMethodAccessorImpl.java:0, took 0.106419 s
[2026-01-29T16:41:55.375+0530] {subprocess.py:106} INFO - 26/01/29 16:41:55 INFO FileSourceStrategy: Pushed Filters:
[2026-01-29T16:41:55.376+0530] {subprocess.py:106} INFO - 26/01/29 16:41:55 INFO FileSourceStrategy: Post-Scan Filters:
[2026-01-29T16:41:55.377+0530] {subprocess.py:106} INFO - 26/01/29 16:41:55 INFO MemoryStore: Block broadcast_62 stored as values in memory (estimated size 350.2 KiB, free 365.6 MiB)
[2026-01-29T16:41:55.382+0530] {subprocess.py:106} INFO - 26/01/29 16:41:55 INFO MemoryStore: Block broadcast_62_piece0 stored as bytes in memory (estimated size 34.3 KiB, free 365.5 MiB)
[2026-01-29T16:41:55.383+0530] {subprocess.py:106} INFO - 26/01/29 16:41:55 INFO BlockManagerInfo: Added broadcast_62_piece0 in memory on Aishwarya92848DBDA:35477 (size: 34.3 KiB, free: 366.2 MiB)
[2026-01-29T16:41:55.383+0530] {subprocess.py:106} INFO - 26/01/29 16:41:55 INFO SparkContext: Created broadcast 62 from approxQuantile at NativeMethodAccessorImpl.java:0
[2026-01-29T16:41:55.384+0530] {subprocess.py:106} INFO - 26/01/29 16:41:55 INFO FileSourceScanExec: Planning scan with bin packing, max size: 4194304 bytes, open cost is considered as scanning 4194304 bytes.
[2026-01-29T16:41:55.392+0530] {subprocess.py:106} INFO - 26/01/29 16:41:55 INFO SparkContext: Starting job: approxQuantile at NativeMethodAccessorImpl.java:0
[2026-01-29T16:41:55.393+0530] {subprocess.py:106} INFO - 26/01/29 16:41:55 INFO DAGScheduler: Got job 36 (approxQuantile at NativeMethodAccessorImpl.java:0) with 2 output partitions
[2026-01-29T16:41:55.393+0530] {subprocess.py:106} INFO - 26/01/29 16:41:55 INFO DAGScheduler: Final stage: ResultStage 46 (approxQuantile at NativeMethodAccessorImpl.java:0)
[2026-01-29T16:41:55.394+0530] {subprocess.py:106} INFO - 26/01/29 16:41:55 INFO DAGScheduler: Parents of final stage: List()
[2026-01-29T16:41:55.394+0530] {subprocess.py:106} INFO - 26/01/29 16:41:55 INFO DAGScheduler: Missing parents: List()
[2026-01-29T16:41:55.394+0530] {subprocess.py:106} INFO - 26/01/29 16:41:55 INFO DAGScheduler: Submitting ResultStage 46 (MapPartitionsRDD[167] at approxQuantile at NativeMethodAccessorImpl.java:0), which has no missing parents
[2026-01-29T16:41:55.397+0530] {subprocess.py:106} INFO - 26/01/29 16:41:55 INFO MemoryStore: Block broadcast_63 stored as values in memory (estimated size 20.0 KiB, free 365.5 MiB)
[2026-01-29T16:41:55.398+0530] {subprocess.py:106} INFO - 26/01/29 16:41:55 INFO MemoryStore: Block broadcast_63_piece0 stored as bytes in memory (estimated size 9.5 KiB, free 365.5 MiB)
[2026-01-29T16:41:55.398+0530] {subprocess.py:106} INFO - 26/01/29 16:41:55 INFO BlockManagerInfo: Added broadcast_63_piece0 in memory on Aishwarya92848DBDA:35477 (size: 9.5 KiB, free: 366.2 MiB)
[2026-01-29T16:41:55.399+0530] {subprocess.py:106} INFO - 26/01/29 16:41:55 INFO SparkContext: Created broadcast 63 from broadcast at DAGScheduler.scala:1585
[2026-01-29T16:41:55.399+0530] {subprocess.py:106} INFO - 26/01/29 16:41:55 INFO DAGScheduler: Submitting 2 missing tasks from ResultStage 46 (MapPartitionsRDD[167] at approxQuantile at NativeMethodAccessorImpl.java:0) (first 15 tasks are for partitions Vector(0, 1))
[2026-01-29T16:41:55.399+0530] {subprocess.py:106} INFO - 26/01/29 16:41:55 INFO TaskSchedulerImpl: Adding task set 46.0 with 2 tasks resource profile 0
[2026-01-29T16:41:55.400+0530] {subprocess.py:106} INFO - 26/01/29 16:41:55 INFO TaskSetManager: Starting task 0.0 in stage 46.0 (TID 60) (Aishwarya92848DBDA, executor driver, partition 0, NODE_LOCAL, 8241 bytes)
[2026-01-29T16:41:55.400+0530] {subprocess.py:106} INFO - 26/01/29 16:41:55 INFO TaskSetManager: Starting task 1.0 in stage 46.0 (TID 61) (Aishwarya92848DBDA, executor driver, partition 1, NODE_LOCAL, 8241 bytes)
[2026-01-29T16:41:55.401+0530] {subprocess.py:106} INFO - 26/01/29 16:41:55 INFO Executor: Running task 1.0 in stage 46.0 (TID 61)
[2026-01-29T16:41:55.401+0530] {subprocess.py:106} INFO - 26/01/29 16:41:55 INFO Executor: Running task 0.0 in stage 46.0 (TID 60)
[2026-01-29T16:41:55.403+0530] {subprocess.py:106} INFO - 26/01/29 16:41:55 INFO FileScanRDD: Reading File path: hdfs://localhost:9000/weather/data/raw_data/weather_dataset.csv, range: 0-4194304, partition values: [empty row]
[2026-01-29T16:41:55.404+0530] {subprocess.py:106} INFO - 26/01/29 16:41:55 INFO FileScanRDD: Reading File path: hdfs://localhost:9000/weather/data/raw_data/weather_dataset.csv, range: 4194304-6329103, partition values: [empty row]
[2026-01-29T16:41:55.454+0530] {subprocess.py:106} INFO - 26/01/29 16:41:55 INFO Executor: Finished task 1.0 in stage 46.0 (TID 61). 8093 bytes result sent to driver
[2026-01-29T16:41:55.454+0530] {subprocess.py:106} INFO - 26/01/29 16:41:55 INFO TaskSetManager: Finished task 1.0 in stage 46.0 (TID 61) in 54 ms on Aishwarya92848DBDA (executor driver) (1/2)
[2026-01-29T16:41:55.490+0530] {subprocess.py:106} INFO - 26/01/29 16:41:55 INFO Executor: Finished task 0.0 in stage 46.0 (TID 60). 5893 bytes result sent to driver
[2026-01-29T16:41:55.491+0530] {subprocess.py:106} INFO - 26/01/29 16:41:55 INFO TaskSetManager: Finished task 0.0 in stage 46.0 (TID 60) in 92 ms on Aishwarya92848DBDA (executor driver) (2/2)
[2026-01-29T16:41:55.491+0530] {subprocess.py:106} INFO - 26/01/29 16:41:55 INFO TaskSchedulerImpl: Removed TaskSet 46.0, whose tasks have all completed, from pool
[2026-01-29T16:41:55.492+0530] {subprocess.py:106} INFO - 26/01/29 16:41:55 INFO DAGScheduler: ResultStage 46 (approxQuantile at NativeMethodAccessorImpl.java:0) finished in 0.097 s
[2026-01-29T16:41:55.492+0530] {subprocess.py:106} INFO - 26/01/29 16:41:55 INFO DAGScheduler: Job 36 is finished. Cancelling potential speculative or zombie tasks for this job
[2026-01-29T16:41:55.492+0530] {subprocess.py:106} INFO - 26/01/29 16:41:55 INFO TaskSchedulerImpl: Killing all running tasks in stage 46: Stage finished
[2026-01-29T16:41:55.493+0530] {subprocess.py:106} INFO - 26/01/29 16:41:55 INFO DAGScheduler: Job 36 finished: approxQuantile at NativeMethodAccessorImpl.java:0, took 0.100023 s
[2026-01-29T16:41:55.541+0530] {subprocess.py:106} INFO - 26/01/29 16:41:55 INFO BlockManagerInfo: Removed broadcast_61_piece0 on Aishwarya92848DBDA:35477 in memory (size: 9.5 KiB, free: 366.2 MiB)
[2026-01-29T16:41:55.542+0530] {subprocess.py:106} INFO - 26/01/29 16:41:55 INFO BlockManagerInfo: Removed broadcast_60_piece0 on Aishwarya92848DBDA:35477 in memory (size: 34.3 KiB, free: 366.3 MiB)
[2026-01-29T16:41:55.544+0530] {subprocess.py:106} INFO - 26/01/29 16:41:55 INFO BlockManagerInfo: Removed broadcast_63_piece0 on Aishwarya92848DBDA:35477 in memory (size: 9.5 KiB, free: 366.3 MiB)
[2026-01-29T16:41:55.545+0530] {subprocess.py:106} INFO - 26/01/29 16:41:55 INFO BlockManagerInfo: Removed broadcast_62_piece0 on Aishwarya92848DBDA:35477 in memory (size: 34.3 KiB, free: 366.3 MiB)
[2026-01-29T16:41:55.581+0530] {subprocess.py:106} INFO - 26/01/29 16:41:55 INFO FileSourceStrategy: Pushed Filters:
[2026-01-29T16:41:55.581+0530] {subprocess.py:106} INFO - 26/01/29 16:41:55 INFO FileSourceStrategy: Post-Scan Filters:
[2026-01-29T16:41:55.583+0530] {subprocess.py:106} INFO - 26/01/29 16:41:55 INFO MemoryStore: Block broadcast_64 stored as values in memory (estimated size 350.2 KiB, free 366.0 MiB)
[2026-01-29T16:41:55.590+0530] {subprocess.py:106} INFO - 26/01/29 16:41:55 INFO MemoryStore: Block broadcast_64_piece0 stored as bytes in memory (estimated size 34.3 KiB, free 365.9 MiB)
[2026-01-29T16:41:55.591+0530] {subprocess.py:106} INFO - 26/01/29 16:41:55 INFO BlockManagerInfo: Added broadcast_64_piece0 in memory on Aishwarya92848DBDA:35477 (size: 34.3 KiB, free: 366.3 MiB)
[2026-01-29T16:41:55.591+0530] {subprocess.py:106} INFO - 26/01/29 16:41:55 INFO SparkContext: Created broadcast 64 from approxQuantile at NativeMethodAccessorImpl.java:0
[2026-01-29T16:41:55.592+0530] {subprocess.py:106} INFO - 26/01/29 16:41:55 INFO FileSourceScanExec: Planning scan with bin packing, max size: 4194304 bytes, open cost is considered as scanning 4194304 bytes.
[2026-01-29T16:41:55.603+0530] {subprocess.py:106} INFO - 26/01/29 16:41:55 INFO SparkContext: Starting job: approxQuantile at NativeMethodAccessorImpl.java:0
[2026-01-29T16:41:55.604+0530] {subprocess.py:106} INFO - 26/01/29 16:41:55 INFO DAGScheduler: Got job 37 (approxQuantile at NativeMethodAccessorImpl.java:0) with 2 output partitions
[2026-01-29T16:41:55.605+0530] {subprocess.py:106} INFO - 26/01/29 16:41:55 INFO DAGScheduler: Final stage: ResultStage 47 (approxQuantile at NativeMethodAccessorImpl.java:0)
[2026-01-29T16:41:55.605+0530] {subprocess.py:106} INFO - 26/01/29 16:41:55 INFO DAGScheduler: Parents of final stage: List()
[2026-01-29T16:41:55.606+0530] {subprocess.py:106} INFO - 26/01/29 16:41:55 INFO DAGScheduler: Missing parents: List()
[2026-01-29T16:41:55.606+0530] {subprocess.py:106} INFO - 26/01/29 16:41:55 INFO DAGScheduler: Submitting ResultStage 47 (MapPartitionsRDD[173] at approxQuantile at NativeMethodAccessorImpl.java:0), which has no missing parents
[2026-01-29T16:41:55.609+0530] {subprocess.py:106} INFO - 26/01/29 16:41:55 INFO MemoryStore: Block broadcast_65 stored as values in memory (estimated size 20.0 KiB, free 365.9 MiB)
[2026-01-29T16:41:55.610+0530] {subprocess.py:106} INFO - 26/01/29 16:41:55 INFO MemoryStore: Block broadcast_65_piece0 stored as bytes in memory (estimated size 9.5 KiB, free 365.9 MiB)
[2026-01-29T16:41:55.610+0530] {subprocess.py:106} INFO - 26/01/29 16:41:55 INFO BlockManagerInfo: Added broadcast_65_piece0 in memory on Aishwarya92848DBDA:35477 (size: 9.5 KiB, free: 366.3 MiB)
[2026-01-29T16:41:55.611+0530] {subprocess.py:106} INFO - 26/01/29 16:41:55 INFO SparkContext: Created broadcast 65 from broadcast at DAGScheduler.scala:1585
[2026-01-29T16:41:55.611+0530] {subprocess.py:106} INFO - 26/01/29 16:41:55 INFO DAGScheduler: Submitting 2 missing tasks from ResultStage 47 (MapPartitionsRDD[173] at approxQuantile at NativeMethodAccessorImpl.java:0) (first 15 tasks are for partitions Vector(0, 1))
[2026-01-29T16:41:55.611+0530] {subprocess.py:106} INFO - 26/01/29 16:41:55 INFO TaskSchedulerImpl: Adding task set 47.0 with 2 tasks resource profile 0
[2026-01-29T16:41:55.612+0530] {subprocess.py:106} INFO - 26/01/29 16:41:55 INFO TaskSetManager: Starting task 0.0 in stage 47.0 (TID 62) (Aishwarya92848DBDA, executor driver, partition 0, NODE_LOCAL, 8241 bytes)
[2026-01-29T16:41:55.613+0530] {subprocess.py:106} INFO - 26/01/29 16:41:55 INFO TaskSetManager: Starting task 1.0 in stage 47.0 (TID 63) (Aishwarya92848DBDA, executor driver, partition 1, NODE_LOCAL, 8241 bytes)
[2026-01-29T16:41:55.613+0530] {subprocess.py:106} INFO - 26/01/29 16:41:55 INFO Executor: Running task 1.0 in stage 47.0 (TID 63)
[2026-01-29T16:41:55.613+0530] {subprocess.py:106} INFO - 26/01/29 16:41:55 INFO Executor: Running task 0.0 in stage 47.0 (TID 62)
[2026-01-29T16:41:55.616+0530] {subprocess.py:106} INFO - 26/01/29 16:41:55 INFO FileScanRDD: Reading File path: hdfs://localhost:9000/weather/data/raw_data/weather_dataset.csv, range: 0-4194304, partition values: [empty row]
[2026-01-29T16:41:55.617+0530] {subprocess.py:106} INFO - 26/01/29 16:41:55 INFO FileScanRDD: Reading File path: hdfs://localhost:9000/weather/data/raw_data/weather_dataset.csv, range: 4194304-6329103, partition values: [empty row]
[2026-01-29T16:41:55.671+0530] {subprocess.py:106} INFO - 26/01/29 16:41:55 INFO Executor: Finished task 1.0 in stage 47.0 (TID 63). 8093 bytes result sent to driver
[2026-01-29T16:41:55.672+0530] {subprocess.py:106} INFO - 26/01/29 16:41:55 INFO TaskSetManager: Finished task 1.0 in stage 47.0 (TID 63) in 60 ms on Aishwarya92848DBDA (executor driver) (1/2)
[2026-01-29T16:41:55.701+0530] {subprocess.py:106} INFO - 26/01/29 16:41:55 INFO Executor: Finished task 0.0 in stage 47.0 (TID 62). 6163 bytes result sent to driver
[2026-01-29T16:41:55.702+0530] {subprocess.py:106} INFO - 26/01/29 16:41:55 INFO TaskSetManager: Finished task 0.0 in stage 47.0 (TID 62) in 90 ms on Aishwarya92848DBDA (executor driver) (2/2)
[2026-01-29T16:41:55.702+0530] {subprocess.py:106} INFO - 26/01/29 16:41:55 INFO TaskSchedulerImpl: Removed TaskSet 47.0, whose tasks have all completed, from pool
[2026-01-29T16:41:55.702+0530] {subprocess.py:106} INFO - 26/01/29 16:41:55 INFO DAGScheduler: ResultStage 47 (approxQuantile at NativeMethodAccessorImpl.java:0) finished in 0.096 s
[2026-01-29T16:41:55.703+0530] {subprocess.py:106} INFO - 26/01/29 16:41:55 INFO DAGScheduler: Job 37 is finished. Cancelling potential speculative or zombie tasks for this job
[2026-01-29T16:41:55.703+0530] {subprocess.py:106} INFO - 26/01/29 16:41:55 INFO TaskSchedulerImpl: Killing all running tasks in stage 47: Stage finished
[2026-01-29T16:41:55.703+0530] {subprocess.py:106} INFO - 26/01/29 16:41:55 INFO DAGScheduler: Job 37 finished: approxQuantile at NativeMethodAccessorImpl.java:0, took 0.099544 s
[2026-01-29T16:41:55.798+0530] {subprocess.py:106} INFO - 26/01/29 16:41:55 INFO FileSourceStrategy: Pushed Filters:
[2026-01-29T16:41:55.798+0530] {subprocess.py:106} INFO - 26/01/29 16:41:55 INFO FileSourceStrategy: Post-Scan Filters:
[2026-01-29T16:41:55.809+0530] {subprocess.py:106} INFO - 26/01/29 16:41:55 INFO CodeGenerator: Code generated in 6.08272 ms
[2026-01-29T16:41:55.811+0530] {subprocess.py:106} INFO - 26/01/29 16:41:55 INFO MemoryStore: Block broadcast_66 stored as values in memory (estimated size 350.2 KiB, free 365.6 MiB)
[2026-01-29T16:41:55.817+0530] {subprocess.py:106} INFO - 26/01/29 16:41:55 INFO MemoryStore: Block broadcast_66_piece0 stored as bytes in memory (estimated size 34.3 KiB, free 365.5 MiB)
[2026-01-29T16:41:55.817+0530] {subprocess.py:106} INFO - 26/01/29 16:41:55 INFO BlockManagerInfo: Added broadcast_66_piece0 in memory on Aishwarya92848DBDA:35477 (size: 34.3 KiB, free: 366.2 MiB)
[2026-01-29T16:41:55.817+0530] {subprocess.py:106} INFO - 26/01/29 16:41:55 INFO SparkContext: Created broadcast 66 from approxQuantile at NativeMethodAccessorImpl.java:0
[2026-01-29T16:41:55.818+0530] {subprocess.py:106} INFO - 26/01/29 16:41:55 INFO FileSourceScanExec: Planning scan with bin packing, max size: 4194304 bytes, open cost is considered as scanning 4194304 bytes.
[2026-01-29T16:41:55.828+0530] {subprocess.py:106} INFO - 26/01/29 16:41:55 INFO SparkContext: Starting job: approxQuantile at NativeMethodAccessorImpl.java:0
[2026-01-29T16:41:55.829+0530] {subprocess.py:106} INFO - 26/01/29 16:41:55 INFO DAGScheduler: Got job 38 (approxQuantile at NativeMethodAccessorImpl.java:0) with 2 output partitions
[2026-01-29T16:41:55.829+0530] {subprocess.py:106} INFO - 26/01/29 16:41:55 INFO DAGScheduler: Final stage: ResultStage 48 (approxQuantile at NativeMethodAccessorImpl.java:0)
[2026-01-29T16:41:55.830+0530] {subprocess.py:106} INFO - 26/01/29 16:41:55 INFO DAGScheduler: Parents of final stage: List()
[2026-01-29T16:41:55.830+0530] {subprocess.py:106} INFO - 26/01/29 16:41:55 INFO DAGScheduler: Missing parents: List()
[2026-01-29T16:41:55.830+0530] {subprocess.py:106} INFO - 26/01/29 16:41:55 INFO DAGScheduler: Submitting ResultStage 48 (MapPartitionsRDD[180] at approxQuantile at NativeMethodAccessorImpl.java:0), which has no missing parents
[2026-01-29T16:41:55.844+0530] {subprocess.py:106} INFO - 26/01/29 16:41:55 INFO MemoryStore: Block broadcast_67 stored as values in memory (estimated size 32.9 KiB, free 365.5 MiB)
[2026-01-29T16:41:55.845+0530] {subprocess.py:106} INFO - 26/01/29 16:41:55 INFO MemoryStore: Block broadcast_67_piece0 stored as bytes in memory (estimated size 15.2 KiB, free 365.5 MiB)
[2026-01-29T16:41:55.846+0530] {subprocess.py:106} INFO - 26/01/29 16:41:55 INFO BlockManagerInfo: Added broadcast_67_piece0 in memory on Aishwarya92848DBDA:35477 (size: 15.2 KiB, free: 366.2 MiB)
[2026-01-29T16:41:55.846+0530] {subprocess.py:106} INFO - 26/01/29 16:41:55 INFO SparkContext: Created broadcast 67 from broadcast at DAGScheduler.scala:1585
[2026-01-29T16:41:55.846+0530] {subprocess.py:106} INFO - 26/01/29 16:41:55 INFO DAGScheduler: Submitting 2 missing tasks from ResultStage 48 (MapPartitionsRDD[180] at approxQuantile at NativeMethodAccessorImpl.java:0) (first 15 tasks are for partitions Vector(0, 1))
[2026-01-29T16:41:55.846+0530] {subprocess.py:106} INFO - 26/01/29 16:41:55 INFO TaskSchedulerImpl: Adding task set 48.0 with 2 tasks resource profile 0
[2026-01-29T16:41:55.847+0530] {subprocess.py:106} INFO - 26/01/29 16:41:55 INFO TaskSetManager: Starting task 0.0 in stage 48.0 (TID 64) (Aishwarya92848DBDA, executor driver, partition 0, NODE_LOCAL, 8241 bytes)
[2026-01-29T16:41:55.847+0530] {subprocess.py:106} INFO - 26/01/29 16:41:55 INFO TaskSetManager: Starting task 1.0 in stage 48.0 (TID 65) (Aishwarya92848DBDA, executor driver, partition 1, NODE_LOCAL, 8241 bytes)
[2026-01-29T16:41:55.848+0530] {subprocess.py:106} INFO - 26/01/29 16:41:55 INFO Executor: Running task 0.0 in stage 48.0 (TID 64)
[2026-01-29T16:41:55.848+0530] {subprocess.py:106} INFO - 26/01/29 16:41:55 INFO Executor: Running task 1.0 in stage 48.0 (TID 65)
[2026-01-29T16:41:55.857+0530] {subprocess.py:106} INFO - 26/01/29 16:41:55 INFO CodeGenerator: Code generated in 6.571328 ms
[2026-01-29T16:41:55.859+0530] {subprocess.py:106} INFO - 26/01/29 16:41:55 INFO FileScanRDD: Reading File path: hdfs://localhost:9000/weather/data/raw_data/weather_dataset.csv, range: 0-4194304, partition values: [empty row]
[2026-01-29T16:41:55.859+0530] {subprocess.py:106} INFO - 26/01/29 16:41:55 INFO FileScanRDD: Reading File path: hdfs://localhost:9000/weather/data/raw_data/weather_dataset.csv, range: 4194304-6329103, partition values: [empty row]
[2026-01-29T16:41:55.916+0530] {subprocess.py:106} INFO - 26/01/29 16:41:55 INFO BlockManagerInfo: Removed broadcast_64_piece0 on Aishwarya92848DBDA:35477 in memory (size: 34.3 KiB, free: 366.2 MiB)
[2026-01-29T16:41:55.917+0530] {subprocess.py:106} INFO - 26/01/29 16:41:55 INFO BlockManagerInfo: Removed broadcast_65_piece0 on Aishwarya92848DBDA:35477 in memory (size: 9.5 KiB, free: 366.3 MiB)
[2026-01-29T16:41:55.953+0530] {subprocess.py:106} INFO - 26/01/29 16:41:55 INFO Executor: Finished task 1.0 in stage 48.0 (TID 65). 8204 bytes result sent to driver
[2026-01-29T16:41:55.954+0530] {subprocess.py:106} INFO - 26/01/29 16:41:55 INFO TaskSetManager: Finished task 1.0 in stage 48.0 (TID 65) in 107 ms on Aishwarya92848DBDA (executor driver) (1/2)
[2026-01-29T16:41:55.977+0530] {subprocess.py:106} INFO - 26/01/29 16:41:55 INFO Executor: Finished task 0.0 in stage 48.0 (TID 64). 8054 bytes result sent to driver
[2026-01-29T16:41:55.978+0530] {subprocess.py:106} INFO - 26/01/29 16:41:55 INFO TaskSetManager: Finished task 0.0 in stage 48.0 (TID 64) in 131 ms on Aishwarya92848DBDA (executor driver) (2/2)
[2026-01-29T16:41:55.979+0530] {subprocess.py:106} INFO - 26/01/29 16:41:55 INFO TaskSchedulerImpl: Removed TaskSet 48.0, whose tasks have all completed, from pool
[2026-01-29T16:41:55.979+0530] {subprocess.py:106} INFO - 26/01/29 16:41:55 INFO DAGScheduler: ResultStage 48 (approxQuantile at NativeMethodAccessorImpl.java:0) finished in 0.149 s
[2026-01-29T16:41:55.979+0530] {subprocess.py:106} INFO - 26/01/29 16:41:55 INFO DAGScheduler: Job 38 is finished. Cancelling potential speculative or zombie tasks for this job
[2026-01-29T16:41:55.980+0530] {subprocess.py:106} INFO - 26/01/29 16:41:55 INFO TaskSchedulerImpl: Killing all running tasks in stage 48: Stage finished
[2026-01-29T16:41:55.980+0530] {subprocess.py:106} INFO - 26/01/29 16:41:55 INFO DAGScheduler: Job 38 finished: approxQuantile at NativeMethodAccessorImpl.java:0, took 0.151466 s
[2026-01-29T16:41:56.053+0530] {subprocess.py:106} INFO - 26/01/29 16:41:56 INFO FileSourceStrategy: Pushed Filters:
[2026-01-29T16:41:56.054+0530] {subprocess.py:106} INFO - 26/01/29 16:41:56 INFO FileSourceStrategy: Post-Scan Filters: (CASE WHEN (temperature_2m_max#19 < 18.949999999999996) THEN false WHEN (temperature_2m_max#19 > 42.550000000000004) THEN false ELSE (temperature_2m_max#19 < 18.949999999999996) END OR CASE WHEN (temperature_2m_max#19 < 18.949999999999996) THEN false WHEN (temperature_2m_max#19 > 42.550000000000004) THEN false ELSE (temperature_2m_max#19 > 42.550000000000004) END)
[2026-01-29T16:41:56.073+0530] {subprocess.py:106} INFO - 26/01/29 16:41:56 INFO CodeGenerator: Code generated in 9.16172 ms
[2026-01-29T16:41:56.074+0530] {subprocess.py:106} INFO - 26/01/29 16:41:56 INFO MemoryStore: Block broadcast_68 stored as values in memory (estimated size 350.2 KiB, free 365.5 MiB)
[2026-01-29T16:41:56.079+0530] {subprocess.py:106} INFO - 26/01/29 16:41:56 INFO MemoryStore: Block broadcast_68_piece0 stored as bytes in memory (estimated size 34.3 KiB, free 365.5 MiB)
[2026-01-29T16:41:56.079+0530] {subprocess.py:106} INFO - 26/01/29 16:41:56 INFO BlockManagerInfo: Added broadcast_68_piece0 in memory on Aishwarya92848DBDA:35477 (size: 34.3 KiB, free: 366.2 MiB)
[2026-01-29T16:41:56.080+0530] {subprocess.py:106} INFO - 26/01/29 16:41:56 INFO SparkContext: Created broadcast 68 from count at NativeMethodAccessorImpl.java:0
[2026-01-29T16:41:56.081+0530] {subprocess.py:106} INFO - 26/01/29 16:41:56 INFO FileSourceScanExec: Planning scan with bin packing, max size: 4194304 bytes, open cost is considered as scanning 4194304 bytes.
[2026-01-29T16:41:56.083+0530] {subprocess.py:106} INFO - 26/01/29 16:41:56 INFO DAGScheduler: Registering RDD 184 (count at NativeMethodAccessorImpl.java:0) as input to shuffle 10
[2026-01-29T16:41:56.084+0530] {subprocess.py:106} INFO - 26/01/29 16:41:56 INFO DAGScheduler: Got map stage job 39 (count at NativeMethodAccessorImpl.java:0) with 2 output partitions
[2026-01-29T16:41:56.084+0530] {subprocess.py:106} INFO - 26/01/29 16:41:56 INFO DAGScheduler: Final stage: ShuffleMapStage 49 (count at NativeMethodAccessorImpl.java:0)
[2026-01-29T16:41:56.084+0530] {subprocess.py:106} INFO - 26/01/29 16:41:56 INFO DAGScheduler: Parents of final stage: List()
[2026-01-29T16:41:56.085+0530] {subprocess.py:106} INFO - 26/01/29 16:41:56 INFO DAGScheduler: Missing parents: List()
[2026-01-29T16:41:56.085+0530] {subprocess.py:106} INFO - 26/01/29 16:41:56 INFO DAGScheduler: Submitting ShuffleMapStage 49 (MapPartitionsRDD[184] at count at NativeMethodAccessorImpl.java:0), which has no missing parents
[2026-01-29T16:41:56.087+0530] {subprocess.py:106} INFO - 26/01/29 16:41:56 INFO MemoryStore: Block broadcast_69 stored as values in memory (estimated size 22.1 KiB, free 365.5 MiB)
[2026-01-29T16:41:56.088+0530] {subprocess.py:106} INFO - 26/01/29 16:41:56 INFO MemoryStore: Block broadcast_69_piece0 stored as bytes in memory (estimated size 10.0 KiB, free 365.5 MiB)
[2026-01-29T16:41:56.088+0530] {subprocess.py:106} INFO - 26/01/29 16:41:56 INFO BlockManagerInfo: Added broadcast_69_piece0 in memory on Aishwarya92848DBDA:35477 (size: 10.0 KiB, free: 366.2 MiB)
[2026-01-29T16:41:56.088+0530] {subprocess.py:106} INFO - 26/01/29 16:41:56 INFO SparkContext: Created broadcast 69 from broadcast at DAGScheduler.scala:1585
[2026-01-29T16:41:56.091+0530] {subprocess.py:106} INFO - 26/01/29 16:41:56 INFO DAGScheduler: Submitting 2 missing tasks from ShuffleMapStage 49 (MapPartitionsRDD[184] at count at NativeMethodAccessorImpl.java:0) (first 15 tasks are for partitions Vector(0, 1))
[2026-01-29T16:41:56.092+0530] {subprocess.py:106} INFO - 26/01/29 16:41:56 INFO TaskSchedulerImpl: Adding task set 49.0 with 2 tasks resource profile 0
[2026-01-29T16:41:56.093+0530] {subprocess.py:106} INFO - 26/01/29 16:41:56 INFO TaskSetManager: Starting task 0.0 in stage 49.0 (TID 66) (Aishwarya92848DBDA, executor driver, partition 0, NODE_LOCAL, 8230 bytes)
[2026-01-29T16:41:56.093+0530] {subprocess.py:106} INFO - 26/01/29 16:41:56 INFO TaskSetManager: Starting task 1.0 in stage 49.0 (TID 67) (Aishwarya92848DBDA, executor driver, partition 1, NODE_LOCAL, 8230 bytes)
[2026-01-29T16:41:56.093+0530] {subprocess.py:106} INFO - 26/01/29 16:41:56 INFO Executor: Running task 0.0 in stage 49.0 (TID 66)
[2026-01-29T16:41:56.094+0530] {subprocess.py:106} INFO - 26/01/29 16:41:56 INFO Executor: Running task 1.0 in stage 49.0 (TID 67)
[2026-01-29T16:41:56.105+0530] {subprocess.py:106} INFO - 26/01/29 16:41:56 INFO CodeGenerator: Code generated in 9.802796 ms
[2026-01-29T16:41:56.106+0530] {subprocess.py:106} INFO - 26/01/29 16:41:56 INFO FileScanRDD: Reading File path: hdfs://localhost:9000/weather/data/raw_data/weather_dataset.csv, range: 4194304-6329103, partition values: [empty row]
[2026-01-29T16:41:56.107+0530] {subprocess.py:106} INFO - 26/01/29 16:41:56 INFO FileScanRDD: Reading File path: hdfs://localhost:9000/weather/data/raw_data/weather_dataset.csv, range: 0-4194304, partition values: [empty row]
[2026-01-29T16:41:56.165+0530] {subprocess.py:106} INFO - 26/01/29 16:41:56 INFO Executor: Finished task 1.0 in stage 49.0 (TID 67). 1990 bytes result sent to driver
[2026-01-29T16:41:56.166+0530] {subprocess.py:106} INFO - 26/01/29 16:41:56 INFO TaskSetManager: Finished task 1.0 in stage 49.0 (TID 67) in 73 ms on Aishwarya92848DBDA (executor driver) (1/2)
[2026-01-29T16:41:56.201+0530] {subprocess.py:106} INFO - 26/01/29 16:41:56 INFO Executor: Finished task 0.0 in stage 49.0 (TID 66). 1990 bytes result sent to driver
[2026-01-29T16:41:56.202+0530] {subprocess.py:106} INFO - 26/01/29 16:41:56 INFO TaskSetManager: Finished task 0.0 in stage 49.0 (TID 66) in 110 ms on Aishwarya92848DBDA (executor driver) (2/2)
[2026-01-29T16:41:56.203+0530] {subprocess.py:106} INFO - 26/01/29 16:41:56 INFO TaskSchedulerImpl: Removed TaskSet 49.0, whose tasks have all completed, from pool
[2026-01-29T16:41:56.203+0530] {subprocess.py:106} INFO - 26/01/29 16:41:56 INFO DAGScheduler: ShuffleMapStage 49 (count at NativeMethodAccessorImpl.java:0) finished in 0.119 s
[2026-01-29T16:41:56.203+0530] {subprocess.py:106} INFO - 26/01/29 16:41:56 INFO DAGScheduler: looking for newly runnable stages
[2026-01-29T16:41:56.203+0530] {subprocess.py:106} INFO - 26/01/29 16:41:56 INFO DAGScheduler: running: Set()
[2026-01-29T16:41:56.203+0530] {subprocess.py:106} INFO - 26/01/29 16:41:56 INFO DAGScheduler: waiting: Set()
[2026-01-29T16:41:56.203+0530] {subprocess.py:106} INFO - 26/01/29 16:41:56 INFO DAGScheduler: failed: Set()
[2026-01-29T16:41:56.213+0530] {subprocess.py:106} INFO - 26/01/29 16:41:56 INFO SparkContext: Starting job: count at NativeMethodAccessorImpl.java:0
[2026-01-29T16:41:56.215+0530] {subprocess.py:106} INFO - 26/01/29 16:41:56 INFO DAGScheduler: Got job 40 (count at NativeMethodAccessorImpl.java:0) with 1 output partitions
[2026-01-29T16:41:56.215+0530] {subprocess.py:106} INFO - 26/01/29 16:41:56 INFO DAGScheduler: Final stage: ResultStage 51 (count at NativeMethodAccessorImpl.java:0)
[2026-01-29T16:41:56.215+0530] {subprocess.py:106} INFO - 26/01/29 16:41:56 INFO DAGScheduler: Parents of final stage: List(ShuffleMapStage 50)
[2026-01-29T16:41:56.216+0530] {subprocess.py:106} INFO - 26/01/29 16:41:56 INFO DAGScheduler: Missing parents: List()
[2026-01-29T16:41:56.216+0530] {subprocess.py:106} INFO - 26/01/29 16:41:56 INFO DAGScheduler: Submitting ResultStage 51 (MapPartitionsRDD[187] at count at NativeMethodAccessorImpl.java:0), which has no missing parents
[2026-01-29T16:41:56.216+0530] {subprocess.py:106} INFO - 26/01/29 16:41:56 INFO MemoryStore: Block broadcast_70 stored as values in memory (estimated size 12.5 KiB, free 365.5 MiB)
[2026-01-29T16:41:56.217+0530] {subprocess.py:106} INFO - 26/01/29 16:41:56 INFO MemoryStore: Block broadcast_70_piece0 stored as bytes in memory (estimated size 5.9 KiB, free 365.5 MiB)
[2026-01-29T16:41:56.218+0530] {subprocess.py:106} INFO - 26/01/29 16:41:56 INFO BlockManagerInfo: Added broadcast_70_piece0 in memory on Aishwarya92848DBDA:35477 (size: 5.9 KiB, free: 366.2 MiB)
[2026-01-29T16:41:56.218+0530] {subprocess.py:106} INFO - 26/01/29 16:41:56 INFO SparkContext: Created broadcast 70 from broadcast at DAGScheduler.scala:1585
[2026-01-29T16:41:56.218+0530] {subprocess.py:106} INFO - 26/01/29 16:41:56 INFO DAGScheduler: Submitting 1 missing tasks from ResultStage 51 (MapPartitionsRDD[187] at count at NativeMethodAccessorImpl.java:0) (first 15 tasks are for partitions Vector(0))
[2026-01-29T16:41:56.218+0530] {subprocess.py:106} INFO - 26/01/29 16:41:56 INFO TaskSchedulerImpl: Adding task set 51.0 with 1 tasks resource profile 0
[2026-01-29T16:41:56.219+0530] {subprocess.py:106} INFO - 26/01/29 16:41:56 INFO TaskSetManager: Starting task 0.0 in stage 51.0 (TID 68) (Aishwarya92848DBDA, executor driver, partition 0, NODE_LOCAL, 7615 bytes)
[2026-01-29T16:41:56.219+0530] {subprocess.py:106} INFO - 26/01/29 16:41:56 INFO Executor: Running task 0.0 in stage 51.0 (TID 68)
[2026-01-29T16:41:56.221+0530] {subprocess.py:106} INFO - 26/01/29 16:41:56 INFO ShuffleBlockFetcherIterator: Getting 2 (120.0 B) non-empty blocks including 2 (120.0 B) local and 0 (0.0 B) host-local and 0 (0.0 B) push-merged-local and 0 (0.0 B) remote blocks
[2026-01-29T16:41:56.222+0530] {subprocess.py:106} INFO - 26/01/29 16:41:56 INFO ShuffleBlockFetcherIterator: Started 0 remote fetches in 0 ms
[2026-01-29T16:41:56.223+0530] {subprocess.py:106} INFO - 26/01/29 16:41:56 INFO Executor: Finished task 0.0 in stage 51.0 (TID 68). 3988 bytes result sent to driver
[2026-01-29T16:41:56.223+0530] {subprocess.py:106} INFO - 26/01/29 16:41:56 INFO TaskSetManager: Finished task 0.0 in stage 51.0 (TID 68) in 4 ms on Aishwarya92848DBDA (executor driver) (1/1)
[2026-01-29T16:41:56.224+0530] {subprocess.py:106} INFO - 26/01/29 16:41:56 INFO TaskSchedulerImpl: Removed TaskSet 51.0, whose tasks have all completed, from pool
[2026-01-29T16:41:56.224+0530] {subprocess.py:106} INFO - 26/01/29 16:41:56 INFO DAGScheduler: ResultStage 51 (count at NativeMethodAccessorImpl.java:0) finished in 0.008 s
[2026-01-29T16:41:56.224+0530] {subprocess.py:106} INFO - 26/01/29 16:41:56 INFO DAGScheduler: Job 40 is finished. Cancelling potential speculative or zombie tasks for this job
[2026-01-29T16:41:56.224+0530] {subprocess.py:106} INFO - 26/01/29 16:41:56 INFO TaskSchedulerImpl: Killing all running tasks in stage 51: Stage finished
[2026-01-29T16:41:56.224+0530] {subprocess.py:106} INFO - 26/01/29 16:41:56 INFO DAGScheduler: Job 40 finished: count at NativeMethodAccessorImpl.java:0, took 0.010712 s
[2026-01-29T16:41:56.225+0530] {subprocess.py:106} INFO - temperature_2m_max: Outliers after handling = 0
[2026-01-29T16:41:56.244+0530] {subprocess.py:106} INFO - 26/01/29 16:41:56 INFO FileSourceStrategy: Pushed Filters:
[2026-01-29T16:41:56.245+0530] {subprocess.py:106} INFO - 26/01/29 16:41:56 INFO FileSourceStrategy: Post-Scan Filters:
[2026-01-29T16:41:56.254+0530] {subprocess.py:106} INFO - 26/01/29 16:41:56 INFO CodeGenerator: Code generated in 6.004102 ms
[2026-01-29T16:41:56.255+0530] {subprocess.py:106} INFO - 26/01/29 16:41:56 INFO MemoryStore: Block broadcast_71 stored as values in memory (estimated size 350.2 KiB, free 365.1 MiB)
[2026-01-29T16:41:56.260+0530] {subprocess.py:106} INFO - 26/01/29 16:41:56 INFO MemoryStore: Block broadcast_71_piece0 stored as bytes in memory (estimated size 34.3 KiB, free 365.1 MiB)
[2026-01-29T16:41:56.261+0530] {subprocess.py:106} INFO - 26/01/29 16:41:56 INFO BlockManagerInfo: Added broadcast_71_piece0 in memory on Aishwarya92848DBDA:35477 (size: 34.3 KiB, free: 366.2 MiB)
[2026-01-29T16:41:56.261+0530] {subprocess.py:106} INFO - 26/01/29 16:41:56 INFO SparkContext: Created broadcast 71 from approxQuantile at <unknown>:0
[2026-01-29T16:41:56.262+0530] {subprocess.py:106} INFO - 26/01/29 16:41:56 INFO FileSourceScanExec: Planning scan with bin packing, max size: 4194304 bytes, open cost is considered as scanning 4194304 bytes.
[2026-01-29T16:41:56.272+0530] {subprocess.py:106} INFO - 26/01/29 16:41:56 INFO SparkContext: Starting job: approxQuantile at <unknown>:0
[2026-01-29T16:41:56.273+0530] {subprocess.py:106} INFO - 26/01/29 16:41:56 INFO DAGScheduler: Got job 41 (approxQuantile at <unknown>:0) with 2 output partitions
[2026-01-29T16:41:56.273+0530] {subprocess.py:106} INFO - 26/01/29 16:41:56 INFO DAGScheduler: Final stage: ResultStage 52 (approxQuantile at <unknown>:0)
[2026-01-29T16:41:56.273+0530] {subprocess.py:106} INFO - 26/01/29 16:41:56 INFO DAGScheduler: Parents of final stage: List()
[2026-01-29T16:41:56.274+0530] {subprocess.py:106} INFO - 26/01/29 16:41:56 INFO DAGScheduler: Missing parents: List()
[2026-01-29T16:41:56.274+0530] {subprocess.py:106} INFO - 26/01/29 16:41:56 INFO DAGScheduler: Submitting ResultStage 52 (MapPartitionsRDD[194] at approxQuantile at <unknown>:0), which has no missing parents
[2026-01-29T16:41:56.279+0530] {subprocess.py:106} INFO - 26/01/29 16:41:56 INFO MemoryStore: Block broadcast_72 stored as values in memory (estimated size 32.8 KiB, free 365.0 MiB)
[2026-01-29T16:41:56.281+0530] {subprocess.py:106} INFO - 26/01/29 16:41:56 INFO MemoryStore: Block broadcast_72_piece0 stored as bytes in memory (estimated size 15.1 KiB, free 365.0 MiB)
[2026-01-29T16:41:56.281+0530] {subprocess.py:106} INFO - 26/01/29 16:41:56 INFO BlockManagerInfo: Added broadcast_72_piece0 in memory on Aishwarya92848DBDA:35477 (size: 15.1 KiB, free: 366.2 MiB)
[2026-01-29T16:41:56.281+0530] {subprocess.py:106} INFO - 26/01/29 16:41:56 INFO SparkContext: Created broadcast 72 from broadcast at DAGScheduler.scala:1585
[2026-01-29T16:41:56.281+0530] {subprocess.py:106} INFO - 26/01/29 16:41:56 INFO DAGScheduler: Submitting 2 missing tasks from ResultStage 52 (MapPartitionsRDD[194] at approxQuantile at <unknown>:0) (first 15 tasks are for partitions Vector(0, 1))
[2026-01-29T16:41:56.281+0530] {subprocess.py:106} INFO - 26/01/29 16:41:56 INFO TaskSchedulerImpl: Adding task set 52.0 with 2 tasks resource profile 0
[2026-01-29T16:41:56.282+0530] {subprocess.py:106} INFO - 26/01/29 16:41:56 INFO TaskSetManager: Starting task 0.0 in stage 52.0 (TID 69) (Aishwarya92848DBDA, executor driver, partition 0, NODE_LOCAL, 8241 bytes)
[2026-01-29T16:41:56.282+0530] {subprocess.py:106} INFO - 26/01/29 16:41:56 INFO TaskSetManager: Starting task 1.0 in stage 52.0 (TID 70) (Aishwarya92848DBDA, executor driver, partition 1, NODE_LOCAL, 8241 bytes)
[2026-01-29T16:41:56.283+0530] {subprocess.py:106} INFO - 26/01/29 16:41:56 INFO Executor: Running task 0.0 in stage 52.0 (TID 69)
[2026-01-29T16:41:56.283+0530] {subprocess.py:106} INFO - 26/01/29 16:41:56 INFO Executor: Running task 1.0 in stage 52.0 (TID 70)
[2026-01-29T16:41:56.292+0530] {subprocess.py:106} INFO - 26/01/29 16:41:56 INFO CodeGenerator: Code generated in 6.233994 ms
[2026-01-29T16:41:56.294+0530] {subprocess.py:106} INFO - 26/01/29 16:41:56 INFO FileScanRDD: Reading File path: hdfs://localhost:9000/weather/data/raw_data/weather_dataset.csv, range: 4194304-6329103, partition values: [empty row]
[2026-01-29T16:41:56.295+0530] {subprocess.py:106} INFO - 26/01/29 16:41:56 INFO FileScanRDD: Reading File path: hdfs://localhost:9000/weather/data/raw_data/weather_dataset.csv, range: 0-4194304, partition values: [empty row]
[2026-01-29T16:41:56.320+0530] {subprocess.py:106} INFO - 26/01/29 16:41:56 INFO BlockManagerInfo: Removed broadcast_67_piece0 on Aishwarya92848DBDA:35477 in memory (size: 15.2 KiB, free: 366.2 MiB)
[2026-01-29T16:41:56.322+0530] {subprocess.py:106} INFO - 26/01/29 16:41:56 INFO BlockManagerInfo: Removed broadcast_68_piece0 on Aishwarya92848DBDA:35477 in memory (size: 34.3 KiB, free: 366.2 MiB)
[2026-01-29T16:41:56.323+0530] {subprocess.py:106} INFO - 26/01/29 16:41:56 INFO BlockManagerInfo: Removed broadcast_69_piece0 on Aishwarya92848DBDA:35477 in memory (size: 10.0 KiB, free: 366.2 MiB)
[2026-01-29T16:41:56.324+0530] {subprocess.py:106} INFO - 26/01/29 16:41:56 INFO BlockManagerInfo: Removed broadcast_70_piece0 on Aishwarya92848DBDA:35477 in memory (size: 5.9 KiB, free: 366.2 MiB)
[2026-01-29T16:41:56.325+0530] {subprocess.py:106} INFO - 26/01/29 16:41:56 INFO BlockManagerInfo: Removed broadcast_66_piece0 on Aishwarya92848DBDA:35477 in memory (size: 34.3 KiB, free: 366.3 MiB)
[2026-01-29T16:41:56.355+0530] {subprocess.py:106} INFO - 26/01/29 16:41:56 INFO Executor: Finished task 1.0 in stage 52.0 (TID 70). 8204 bytes result sent to driver
[2026-01-29T16:41:56.356+0530] {subprocess.py:106} INFO - 26/01/29 16:41:56 INFO TaskSetManager: Finished task 1.0 in stage 52.0 (TID 70) in 74 ms on Aishwarya92848DBDA (executor driver) (1/2)
[2026-01-29T16:41:56.400+0530] {subprocess.py:106} INFO - 26/01/29 16:41:56 INFO Executor: Finished task 0.0 in stage 52.0 (TID 69). 6184 bytes result sent to driver
[2026-01-29T16:41:56.400+0530] {subprocess.py:106} INFO - 26/01/29 16:41:56 INFO TaskSetManager: Finished task 0.0 in stage 52.0 (TID 69) in 118 ms on Aishwarya92848DBDA (executor driver) (2/2)
[2026-01-29T16:41:56.401+0530] {subprocess.py:106} INFO - 26/01/29 16:41:56 INFO TaskSchedulerImpl: Removed TaskSet 52.0, whose tasks have all completed, from pool
[2026-01-29T16:41:56.401+0530] {subprocess.py:106} INFO - 26/01/29 16:41:56 INFO DAGScheduler: ResultStage 52 (approxQuantile at <unknown>:0) finished in 0.126 s
[2026-01-29T16:41:56.401+0530] {subprocess.py:106} INFO - 26/01/29 16:41:56 INFO DAGScheduler: Job 41 is finished. Cancelling potential speculative or zombie tasks for this job
[2026-01-29T16:41:56.401+0530] {subprocess.py:106} INFO - 26/01/29 16:41:56 INFO TaskSchedulerImpl: Killing all running tasks in stage 52: Stage finished
[2026-01-29T16:41:56.401+0530] {subprocess.py:106} INFO - 26/01/29 16:41:56 INFO DAGScheduler: Job 41 finished: approxQuantile at <unknown>:0, took 0.129134 s
[2026-01-29T16:41:56.474+0530] {subprocess.py:106} INFO - 26/01/29 16:41:56 INFO FileSourceStrategy: Pushed Filters:
[2026-01-29T16:41:56.475+0530] {subprocess.py:106} INFO - 26/01/29 16:41:56 INFO FileSourceStrategy: Post-Scan Filters: (CASE WHEN (temperature_2m_min#20 < 7.3000000000000025) THEN false WHEN (temperature_2m_min#20 > 36.1) THEN false ELSE (temperature_2m_min#20 < 7.3000000000000025) END OR CASE WHEN (temperature_2m_min#20 < 7.3000000000000025) THEN false WHEN (temperature_2m_min#20 > 36.1) THEN false ELSE (temperature_2m_min#20 > 36.1) END)
[2026-01-29T16:41:56.493+0530] {subprocess.py:106} INFO - 26/01/29 16:41:56 INFO CodeGenerator: Code generated in 9.038829 ms
[2026-01-29T16:41:56.495+0530] {subprocess.py:106} INFO - 26/01/29 16:41:56 INFO MemoryStore: Block broadcast_73 stored as values in memory (estimated size 350.2 KiB, free 365.5 MiB)
[2026-01-29T16:41:56.500+0530] {subprocess.py:106} INFO - 26/01/29 16:41:56 INFO MemoryStore: Block broadcast_73_piece0 stored as bytes in memory (estimated size 34.3 KiB, free 365.5 MiB)
[2026-01-29T16:41:56.501+0530] {subprocess.py:106} INFO - 26/01/29 16:41:56 INFO BlockManagerInfo: Added broadcast_73_piece0 in memory on Aishwarya92848DBDA:35477 (size: 34.3 KiB, free: 366.2 MiB)
[2026-01-29T16:41:56.501+0530] {subprocess.py:106} INFO - 26/01/29 16:41:56 INFO SparkContext: Created broadcast 73 from count at NativeMethodAccessorImpl.java:0
[2026-01-29T16:41:56.502+0530] {subprocess.py:106} INFO - 26/01/29 16:41:56 INFO FileSourceScanExec: Planning scan with bin packing, max size: 4194304 bytes, open cost is considered as scanning 4194304 bytes.
[2026-01-29T16:41:56.505+0530] {subprocess.py:106} INFO - 26/01/29 16:41:56 INFO DAGScheduler: Registering RDD 198 (count at NativeMethodAccessorImpl.java:0) as input to shuffle 11
[2026-01-29T16:41:56.505+0530] {subprocess.py:106} INFO - 26/01/29 16:41:56 INFO DAGScheduler: Got map stage job 42 (count at NativeMethodAccessorImpl.java:0) with 2 output partitions
[2026-01-29T16:41:56.506+0530] {subprocess.py:106} INFO - 26/01/29 16:41:56 INFO DAGScheduler: Final stage: ShuffleMapStage 53 (count at NativeMethodAccessorImpl.java:0)
[2026-01-29T16:41:56.506+0530] {subprocess.py:106} INFO - 26/01/29 16:41:56 INFO DAGScheduler: Parents of final stage: List()
[2026-01-29T16:41:56.506+0530] {subprocess.py:106} INFO - 26/01/29 16:41:56 INFO DAGScheduler: Missing parents: List()
[2026-01-29T16:41:56.506+0530] {subprocess.py:106} INFO - 26/01/29 16:41:56 INFO DAGScheduler: Submitting ShuffleMapStage 53 (MapPartitionsRDD[198] at count at NativeMethodAccessorImpl.java:0), which has no missing parents
[2026-01-29T16:41:56.508+0530] {subprocess.py:106} INFO - 26/01/29 16:41:56 INFO MemoryStore: Block broadcast_74 stored as values in memory (estimated size 22.1 KiB, free 365.5 MiB)
[2026-01-29T16:41:56.509+0530] {subprocess.py:106} INFO - 26/01/29 16:41:56 INFO MemoryStore: Block broadcast_74_piece0 stored as bytes in memory (estimated size 10.0 KiB, free 365.5 MiB)
[2026-01-29T16:41:56.509+0530] {subprocess.py:106} INFO - 26/01/29 16:41:56 INFO BlockManagerInfo: Added broadcast_74_piece0 in memory on Aishwarya92848DBDA:35477 (size: 10.0 KiB, free: 366.2 MiB)
[2026-01-29T16:41:56.509+0530] {subprocess.py:106} INFO - 26/01/29 16:41:56 INFO SparkContext: Created broadcast 74 from broadcast at DAGScheduler.scala:1585
[2026-01-29T16:41:56.510+0530] {subprocess.py:106} INFO - 26/01/29 16:41:56 INFO DAGScheduler: Submitting 2 missing tasks from ShuffleMapStage 53 (MapPartitionsRDD[198] at count at NativeMethodAccessorImpl.java:0) (first 15 tasks are for partitions Vector(0, 1))
[2026-01-29T16:41:56.510+0530] {subprocess.py:106} INFO - 26/01/29 16:41:56 INFO TaskSchedulerImpl: Adding task set 53.0 with 2 tasks resource profile 0
[2026-01-29T16:41:56.511+0530] {subprocess.py:106} INFO - 26/01/29 16:41:56 INFO TaskSetManager: Starting task 0.0 in stage 53.0 (TID 71) (Aishwarya92848DBDA, executor driver, partition 0, NODE_LOCAL, 8230 bytes)
[2026-01-29T16:41:56.511+0530] {subprocess.py:106} INFO - 26/01/29 16:41:56 INFO TaskSetManager: Starting task 1.0 in stage 53.0 (TID 72) (Aishwarya92848DBDA, executor driver, partition 1, NODE_LOCAL, 8230 bytes)
[2026-01-29T16:41:56.511+0530] {subprocess.py:106} INFO - 26/01/29 16:41:56 INFO Executor: Running task 1.0 in stage 53.0 (TID 72)
[2026-01-29T16:41:56.512+0530] {subprocess.py:106} INFO - 26/01/29 16:41:56 INFO Executor: Running task 0.0 in stage 53.0 (TID 71)
[2026-01-29T16:41:56.527+0530] {subprocess.py:106} INFO - 26/01/29 16:41:56 INFO CodeGenerator: Code generated in 11.928113 ms
[2026-01-29T16:41:56.528+0530] {subprocess.py:106} INFO - 26/01/29 16:41:56 INFO FileScanRDD: Reading File path: hdfs://localhost:9000/weather/data/raw_data/weather_dataset.csv, range: 4194304-6329103, partition values: [empty row]
[2026-01-29T16:41:56.528+0530] {subprocess.py:106} INFO - 26/01/29 16:41:56 INFO FileScanRDD: Reading File path: hdfs://localhost:9000/weather/data/raw_data/weather_dataset.csv, range: 0-4194304, partition values: [empty row]
[2026-01-29T16:41:56.583+0530] {subprocess.py:106} INFO - 26/01/29 16:41:56 INFO Executor: Finished task 1.0 in stage 53.0 (TID 72). 1990 bytes result sent to driver
[2026-01-29T16:41:56.583+0530] {subprocess.py:106} INFO - 26/01/29 16:41:56 INFO TaskSetManager: Finished task 1.0 in stage 53.0 (TID 72) in 72 ms on Aishwarya92848DBDA (executor driver) (1/2)
[2026-01-29T16:41:56.617+0530] {subprocess.py:106} INFO - 26/01/29 16:41:56 INFO Executor: Finished task 0.0 in stage 53.0 (TID 71). 1990 bytes result sent to driver
[2026-01-29T16:41:56.618+0530] {subprocess.py:106} INFO - 26/01/29 16:41:56 INFO TaskSetManager: Finished task 0.0 in stage 53.0 (TID 71) in 107 ms on Aishwarya92848DBDA (executor driver) (2/2)
[2026-01-29T16:41:56.618+0530] {subprocess.py:106} INFO - 26/01/29 16:41:56 INFO TaskSchedulerImpl: Removed TaskSet 53.0, whose tasks have all completed, from pool
[2026-01-29T16:41:56.618+0530] {subprocess.py:106} INFO - 26/01/29 16:41:56 INFO DAGScheduler: ShuffleMapStage 53 (count at NativeMethodAccessorImpl.java:0) finished in 0.112 s
[2026-01-29T16:41:56.619+0530] {subprocess.py:106} INFO - 26/01/29 16:41:56 INFO DAGScheduler: looking for newly runnable stages
[2026-01-29T16:41:56.619+0530] {subprocess.py:106} INFO - 26/01/29 16:41:56 INFO DAGScheduler: running: Set()
[2026-01-29T16:41:56.619+0530] {subprocess.py:106} INFO - 26/01/29 16:41:56 INFO DAGScheduler: waiting: Set()
[2026-01-29T16:41:56.619+0530] {subprocess.py:106} INFO - 26/01/29 16:41:56 INFO DAGScheduler: failed: Set()
[2026-01-29T16:41:56.629+0530] {subprocess.py:106} INFO - 26/01/29 16:41:56 INFO SparkContext: Starting job: count at NativeMethodAccessorImpl.java:0
[2026-01-29T16:41:56.630+0530] {subprocess.py:106} INFO - 26/01/29 16:41:56 INFO DAGScheduler: Got job 43 (count at NativeMethodAccessorImpl.java:0) with 1 output partitions
[2026-01-29T16:41:56.630+0530] {subprocess.py:106} INFO - 26/01/29 16:41:56 INFO DAGScheduler: Final stage: ResultStage 55 (count at NativeMethodAccessorImpl.java:0)
[2026-01-29T16:41:56.631+0530] {subprocess.py:106} INFO - 26/01/29 16:41:56 INFO DAGScheduler: Parents of final stage: List(ShuffleMapStage 54)
[2026-01-29T16:41:56.631+0530] {subprocess.py:106} INFO - 26/01/29 16:41:56 INFO DAGScheduler: Missing parents: List()
[2026-01-29T16:41:56.631+0530] {subprocess.py:106} INFO - 26/01/29 16:41:56 INFO DAGScheduler: Submitting ResultStage 55 (MapPartitionsRDD[201] at count at NativeMethodAccessorImpl.java:0), which has no missing parents
[2026-01-29T16:41:56.632+0530] {subprocess.py:106} INFO - 26/01/29 16:41:56 INFO MemoryStore: Block broadcast_75 stored as values in memory (estimated size 12.5 KiB, free 365.5 MiB)
[2026-01-29T16:41:56.632+0530] {subprocess.py:106} INFO - 26/01/29 16:41:56 INFO MemoryStore: Block broadcast_75_piece0 stored as bytes in memory (estimated size 5.9 KiB, free 365.5 MiB)
[2026-01-29T16:41:56.633+0530] {subprocess.py:106} INFO - 26/01/29 16:41:56 INFO BlockManagerInfo: Added broadcast_75_piece0 in memory on Aishwarya92848DBDA:35477 (size: 5.9 KiB, free: 366.2 MiB)
[2026-01-29T16:41:56.633+0530] {subprocess.py:106} INFO - 26/01/29 16:41:56 INFO SparkContext: Created broadcast 75 from broadcast at DAGScheduler.scala:1585
[2026-01-29T16:41:56.633+0530] {subprocess.py:106} INFO - 26/01/29 16:41:56 INFO DAGScheduler: Submitting 1 missing tasks from ResultStage 55 (MapPartitionsRDD[201] at count at NativeMethodAccessorImpl.java:0) (first 15 tasks are for partitions Vector(0))
[2026-01-29T16:41:56.633+0530] {subprocess.py:106} INFO - 26/01/29 16:41:56 INFO TaskSchedulerImpl: Adding task set 55.0 with 1 tasks resource profile 0
[2026-01-29T16:41:56.634+0530] {subprocess.py:106} INFO - 26/01/29 16:41:56 INFO TaskSetManager: Starting task 0.0 in stage 55.0 (TID 73) (Aishwarya92848DBDA, executor driver, partition 0, NODE_LOCAL, 7615 bytes)
[2026-01-29T16:41:56.634+0530] {subprocess.py:106} INFO - 26/01/29 16:41:56 INFO Executor: Running task 0.0 in stage 55.0 (TID 73)
[2026-01-29T16:41:56.636+0530] {subprocess.py:106} INFO - 26/01/29 16:41:56 INFO ShuffleBlockFetcherIterator: Getting 2 (120.0 B) non-empty blocks including 2 (120.0 B) local and 0 (0.0 B) host-local and 0 (0.0 B) push-merged-local and 0 (0.0 B) remote blocks
[2026-01-29T16:41:56.637+0530] {subprocess.py:106} INFO - 26/01/29 16:41:56 INFO ShuffleBlockFetcherIterator: Started 0 remote fetches in 0 ms
[2026-01-29T16:41:56.638+0530] {subprocess.py:106} INFO - 26/01/29 16:41:56 INFO Executor: Finished task 0.0 in stage 55.0 (TID 73). 3988 bytes result sent to driver
[2026-01-29T16:41:56.639+0530] {subprocess.py:106} INFO - 26/01/29 16:41:56 INFO TaskSetManager: Finished task 0.0 in stage 55.0 (TID 73) in 5 ms on Aishwarya92848DBDA (executor driver) (1/1)
[2026-01-29T16:41:56.639+0530] {subprocess.py:106} INFO - 26/01/29 16:41:56 INFO TaskSchedulerImpl: Removed TaskSet 55.0, whose tasks have all completed, from pool
[2026-01-29T16:41:56.639+0530] {subprocess.py:106} INFO - 26/01/29 16:41:56 INFO DAGScheduler: ResultStage 55 (count at NativeMethodAccessorImpl.java:0) finished in 0.008 s
[2026-01-29T16:41:56.640+0530] {subprocess.py:106} INFO - 26/01/29 16:41:56 INFO DAGScheduler: Job 43 is finished. Cancelling potential speculative or zombie tasks for this job
[2026-01-29T16:41:56.640+0530] {subprocess.py:106} INFO - 26/01/29 16:41:56 INFO TaskSchedulerImpl: Killing all running tasks in stage 55: Stage finished
[2026-01-29T16:41:56.640+0530] {subprocess.py:106} INFO - 26/01/29 16:41:56 INFO DAGScheduler: Job 43 finished: count at NativeMethodAccessorImpl.java:0, took 0.010356 s
[2026-01-29T16:41:56.640+0530] {subprocess.py:106} INFO - temperature_2m_min: Outliers after handling = 0
[2026-01-29T16:41:56.658+0530] {subprocess.py:106} INFO - 26/01/29 16:41:56 INFO FileSourceStrategy: Pushed Filters:
[2026-01-29T16:41:56.658+0530] {subprocess.py:106} INFO - 26/01/29 16:41:56 INFO FileSourceStrategy: Post-Scan Filters:
[2026-01-29T16:41:56.668+0530] {subprocess.py:106} INFO - 26/01/29 16:41:56 INFO CodeGenerator: Code generated in 6.946975 ms
[2026-01-29T16:41:56.669+0530] {subprocess.py:106} INFO - 26/01/29 16:41:56 INFO MemoryStore: Block broadcast_76 stored as values in memory (estimated size 350.2 KiB, free 365.1 MiB)
[2026-01-29T16:41:56.677+0530] {subprocess.py:106} INFO - 26/01/29 16:41:56 INFO BlockManagerInfo: Removed broadcast_71_piece0 on Aishwarya92848DBDA:35477 in memory (size: 34.3 KiB, free: 366.2 MiB)
[2026-01-29T16:41:56.678+0530] {subprocess.py:106} INFO - 26/01/29 16:41:56 INFO BlockManagerInfo: Removed broadcast_75_piece0 on Aishwarya92848DBDA:35477 in memory (size: 5.9 KiB, free: 366.2 MiB)
[2026-01-29T16:41:56.679+0530] {subprocess.py:106} INFO - 26/01/29 16:41:56 INFO BlockManagerInfo: Removed broadcast_72_piece0 on Aishwarya92848DBDA:35477 in memory (size: 15.1 KiB, free: 366.3 MiB)
[2026-01-29T16:41:56.680+0530] {subprocess.py:106} INFO - 26/01/29 16:41:56 INFO MemoryStore: Block broadcast_76_piece0 stored as bytes in memory (estimated size 34.3 KiB, free 365.5 MiB)
[2026-01-29T16:41:56.680+0530] {subprocess.py:106} INFO - 26/01/29 16:41:56 INFO BlockManagerInfo: Removed broadcast_74_piece0 on Aishwarya92848DBDA:35477 in memory (size: 10.0 KiB, free: 366.3 MiB)
[2026-01-29T16:41:56.681+0530] {subprocess.py:106} INFO - 26/01/29 16:41:56 INFO BlockManagerInfo: Added broadcast_76_piece0 in memory on Aishwarya92848DBDA:35477 (size: 34.3 KiB, free: 366.2 MiB)
[2026-01-29T16:41:56.681+0530] {subprocess.py:106} INFO - 26/01/29 16:41:56 INFO SparkContext: Created broadcast 76 from approxQuantile at <unknown>:0
[2026-01-29T16:41:56.681+0530] {subprocess.py:106} INFO - 26/01/29 16:41:56 INFO FileSourceScanExec: Planning scan with bin packing, max size: 4194304 bytes, open cost is considered as scanning 4194304 bytes.
[2026-01-29T16:41:56.690+0530] {subprocess.py:106} INFO - 26/01/29 16:41:56 INFO SparkContext: Starting job: approxQuantile at <unknown>:0
[2026-01-29T16:41:56.691+0530] {subprocess.py:106} INFO - 26/01/29 16:41:56 INFO DAGScheduler: Got job 44 (approxQuantile at <unknown>:0) with 2 output partitions
[2026-01-29T16:41:56.692+0530] {subprocess.py:106} INFO - 26/01/29 16:41:56 INFO DAGScheduler: Final stage: ResultStage 56 (approxQuantile at <unknown>:0)
[2026-01-29T16:41:56.692+0530] {subprocess.py:106} INFO - 26/01/29 16:41:56 INFO DAGScheduler: Parents of final stage: List()
[2026-01-29T16:41:56.692+0530] {subprocess.py:106} INFO - 26/01/29 16:41:56 INFO DAGScheduler: Missing parents: List()
[2026-01-29T16:41:56.693+0530] {subprocess.py:106} INFO - 26/01/29 16:41:56 INFO DAGScheduler: Submitting ResultStage 56 (MapPartitionsRDD[208] at approxQuantile at <unknown>:0), which has no missing parents
[2026-01-29T16:41:56.700+0530] {subprocess.py:106} INFO - 26/01/29 16:41:56 INFO MemoryStore: Block broadcast_77 stored as values in memory (estimated size 32.8 KiB, free 365.5 MiB)
[2026-01-29T16:41:56.702+0530] {subprocess.py:106} INFO - 26/01/29 16:41:56 INFO MemoryStore: Block broadcast_77_piece0 stored as bytes in memory (estimated size 15.2 KiB, free 365.5 MiB)
[2026-01-29T16:41:56.702+0530] {subprocess.py:106} INFO - 26/01/29 16:41:56 INFO BlockManagerInfo: Added broadcast_77_piece0 in memory on Aishwarya92848DBDA:35477 (size: 15.2 KiB, free: 366.2 MiB)
[2026-01-29T16:41:56.702+0530] {subprocess.py:106} INFO - 26/01/29 16:41:56 INFO SparkContext: Created broadcast 77 from broadcast at DAGScheduler.scala:1585
[2026-01-29T16:41:56.703+0530] {subprocess.py:106} INFO - 26/01/29 16:41:56 INFO DAGScheduler: Submitting 2 missing tasks from ResultStage 56 (MapPartitionsRDD[208] at approxQuantile at <unknown>:0) (first 15 tasks are for partitions Vector(0, 1))
[2026-01-29T16:41:56.703+0530] {subprocess.py:106} INFO - 26/01/29 16:41:56 INFO TaskSchedulerImpl: Adding task set 56.0 with 2 tasks resource profile 0
[2026-01-29T16:41:56.704+0530] {subprocess.py:106} INFO - 26/01/29 16:41:56 INFO TaskSetManager: Starting task 0.0 in stage 56.0 (TID 74) (Aishwarya92848DBDA, executor driver, partition 0, NODE_LOCAL, 8241 bytes)
[2026-01-29T16:41:56.705+0530] {subprocess.py:106} INFO - 26/01/29 16:41:56 INFO TaskSetManager: Starting task 1.0 in stage 56.0 (TID 75) (Aishwarya92848DBDA, executor driver, partition 1, NODE_LOCAL, 8241 bytes)
[2026-01-29T16:41:56.705+0530] {subprocess.py:106} INFO - 26/01/29 16:41:56 INFO Executor: Running task 0.0 in stage 56.0 (TID 74)
[2026-01-29T16:41:56.705+0530] {subprocess.py:106} INFO - 26/01/29 16:41:56 INFO Executor: Running task 1.0 in stage 56.0 (TID 75)
[2026-01-29T16:41:56.717+0530] {subprocess.py:106} INFO - 26/01/29 16:41:56 INFO CodeGenerator: Code generated in 7.474286 ms
[2026-01-29T16:41:56.719+0530] {subprocess.py:106} INFO - 26/01/29 16:41:56 INFO FileScanRDD: Reading File path: hdfs://localhost:9000/weather/data/raw_data/weather_dataset.csv, range: 4194304-6329103, partition values: [empty row]
[2026-01-29T16:41:56.719+0530] {subprocess.py:106} INFO - 26/01/29 16:41:56 INFO FileScanRDD: Reading File path: hdfs://localhost:9000/weather/data/raw_data/weather_dataset.csv, range: 0-4194304, partition values: [empty row]
[2026-01-29T16:41:56.787+0530] {subprocess.py:106} INFO - 26/01/29 16:41:56 INFO Executor: Finished task 1.0 in stage 56.0 (TID 75). 8161 bytes result sent to driver
[2026-01-29T16:41:56.788+0530] {subprocess.py:106} INFO - 26/01/29 16:41:56 INFO TaskSetManager: Finished task 1.0 in stage 56.0 (TID 75) in 83 ms on Aishwarya92848DBDA (executor driver) (1/2)
[2026-01-29T16:41:56.844+0530] {subprocess.py:106} INFO - 26/01/29 16:41:56 INFO Executor: Finished task 0.0 in stage 56.0 (TID 74). 6051 bytes result sent to driver
[2026-01-29T16:41:56.845+0530] {subprocess.py:106} INFO - 26/01/29 16:41:56 INFO TaskSetManager: Finished task 0.0 in stage 56.0 (TID 74) in 140 ms on Aishwarya92848DBDA (executor driver) (2/2)
[2026-01-29T16:41:56.845+0530] {subprocess.py:106} INFO - 26/01/29 16:41:56 INFO TaskSchedulerImpl: Removed TaskSet 56.0, whose tasks have all completed, from pool
[2026-01-29T16:41:56.845+0530] {subprocess.py:106} INFO - 26/01/29 16:41:56 INFO DAGScheduler: ResultStage 56 (approxQuantile at <unknown>:0) finished in 0.153 s
[2026-01-29T16:41:56.845+0530] {subprocess.py:106} INFO - 26/01/29 16:41:56 INFO DAGScheduler: Job 44 is finished. Cancelling potential speculative or zombie tasks for this job
[2026-01-29T16:41:56.846+0530] {subprocess.py:106} INFO - 26/01/29 16:41:56 INFO TaskSchedulerImpl: Killing all running tasks in stage 56: Stage finished
[2026-01-29T16:41:56.846+0530] {subprocess.py:106} INFO - 26/01/29 16:41:56 INFO DAGScheduler: Job 44 finished: approxQuantile at <unknown>:0, took 0.154919 s
[2026-01-29T16:41:56.916+0530] {subprocess.py:106} INFO - 26/01/29 16:41:56 INFO FileSourceStrategy: Pushed Filters:
[2026-01-29T16:41:56.917+0530] {subprocess.py:106} INFO - 26/01/29 16:41:56 INFO FileSourceStrategy: Post-Scan Filters: (CASE WHEN (apparent_temperature_max#21 < 17.0) THEN false WHEN (apparent_temperature_max#21 > 49.8) THEN false ELSE (apparent_temperature_max#21 < 17.0) END OR CASE WHEN (apparent_temperature_max#21 < 17.0) THEN false WHEN (apparent_temperature_max#21 > 49.8) THEN false ELSE (apparent_temperature_max#21 > 49.8) END)
[2026-01-29T16:41:56.939+0530] {subprocess.py:106} INFO - 26/01/29 16:41:56 INFO CodeGenerator: Code generated in 11.752553 ms
[2026-01-29T16:41:56.940+0530] {subprocess.py:106} INFO - 26/01/29 16:41:56 INFO MemoryStore: Block broadcast_78 stored as values in memory (estimated size 350.2 KiB, free 365.2 MiB)
[2026-01-29T16:41:56.945+0530] {subprocess.py:106} INFO - 26/01/29 16:41:56 INFO MemoryStore: Block broadcast_78_piece0 stored as bytes in memory (estimated size 34.3 KiB, free 365.1 MiB)
[2026-01-29T16:41:56.946+0530] {subprocess.py:106} INFO - 26/01/29 16:41:56 INFO BlockManagerInfo: Added broadcast_78_piece0 in memory on Aishwarya92848DBDA:35477 (size: 34.3 KiB, free: 366.2 MiB)
[2026-01-29T16:41:56.946+0530] {subprocess.py:106} INFO - 26/01/29 16:41:56 INFO SparkContext: Created broadcast 78 from count at NativeMethodAccessorImpl.java:0
[2026-01-29T16:41:56.947+0530] {subprocess.py:106} INFO - 26/01/29 16:41:56 INFO FileSourceScanExec: Planning scan with bin packing, max size: 4194304 bytes, open cost is considered as scanning 4194304 bytes.
[2026-01-29T16:41:56.950+0530] {subprocess.py:106} INFO - 26/01/29 16:41:56 INFO DAGScheduler: Registering RDD 212 (count at NativeMethodAccessorImpl.java:0) as input to shuffle 12
[2026-01-29T16:41:56.951+0530] {subprocess.py:106} INFO - 26/01/29 16:41:56 INFO DAGScheduler: Got map stage job 45 (count at NativeMethodAccessorImpl.java:0) with 2 output partitions
[2026-01-29T16:41:56.951+0530] {subprocess.py:106} INFO - 26/01/29 16:41:56 INFO DAGScheduler: Final stage: ShuffleMapStage 57 (count at NativeMethodAccessorImpl.java:0)
[2026-01-29T16:41:56.951+0530] {subprocess.py:106} INFO - 26/01/29 16:41:56 INFO DAGScheduler: Parents of final stage: List()
[2026-01-29T16:41:56.951+0530] {subprocess.py:106} INFO - 26/01/29 16:41:56 INFO DAGScheduler: Missing parents: List()
[2026-01-29T16:41:56.951+0530] {subprocess.py:106} INFO - 26/01/29 16:41:56 INFO DAGScheduler: Submitting ShuffleMapStage 57 (MapPartitionsRDD[212] at count at NativeMethodAccessorImpl.java:0), which has no missing parents
[2026-01-29T16:41:56.953+0530] {subprocess.py:106} INFO - 26/01/29 16:41:56 INFO MemoryStore: Block broadcast_79 stored as values in memory (estimated size 22.0 KiB, free 365.1 MiB)
[2026-01-29T16:41:56.953+0530] {subprocess.py:106} INFO - 26/01/29 16:41:56 INFO MemoryStore: Block broadcast_79_piece0 stored as bytes in memory (estimated size 10.0 KiB, free 365.1 MiB)
[2026-01-29T16:41:56.954+0530] {subprocess.py:106} INFO - 26/01/29 16:41:56 INFO BlockManagerInfo: Added broadcast_79_piece0 in memory on Aishwarya92848DBDA:35477 (size: 10.0 KiB, free: 366.2 MiB)
[2026-01-29T16:41:56.954+0530] {subprocess.py:106} INFO - 26/01/29 16:41:56 INFO SparkContext: Created broadcast 79 from broadcast at DAGScheduler.scala:1585
[2026-01-29T16:41:56.954+0530] {subprocess.py:106} INFO - 26/01/29 16:41:56 INFO DAGScheduler: Submitting 2 missing tasks from ShuffleMapStage 57 (MapPartitionsRDD[212] at count at NativeMethodAccessorImpl.java:0) (first 15 tasks are for partitions Vector(0, 1))
[2026-01-29T16:41:56.954+0530] {subprocess.py:106} INFO - 26/01/29 16:41:56 INFO TaskSchedulerImpl: Adding task set 57.0 with 2 tasks resource profile 0
[2026-01-29T16:41:56.955+0530] {subprocess.py:106} INFO - 26/01/29 16:41:56 INFO TaskSetManager: Starting task 0.0 in stage 57.0 (TID 76) (Aishwarya92848DBDA, executor driver, partition 0, NODE_LOCAL, 8230 bytes)
[2026-01-29T16:41:56.956+0530] {subprocess.py:106} INFO - 26/01/29 16:41:56 INFO TaskSetManager: Starting task 1.0 in stage 57.0 (TID 77) (Aishwarya92848DBDA, executor driver, partition 1, NODE_LOCAL, 8230 bytes)
[2026-01-29T16:41:56.956+0530] {subprocess.py:106} INFO - 26/01/29 16:41:56 INFO Executor: Running task 0.0 in stage 57.0 (TID 76)
[2026-01-29T16:41:56.956+0530] {subprocess.py:106} INFO - 26/01/29 16:41:56 INFO Executor: Running task 1.0 in stage 57.0 (TID 77)
[2026-01-29T16:41:56.967+0530] {subprocess.py:106} INFO - 26/01/29 16:41:56 INFO CodeGenerator: Code generated in 9.245527 ms
[2026-01-29T16:41:56.968+0530] {subprocess.py:106} INFO - 26/01/29 16:41:56 INFO FileScanRDD: Reading File path: hdfs://localhost:9000/weather/data/raw_data/weather_dataset.csv, range: 0-4194304, partition values: [empty row]
[2026-01-29T16:41:56.969+0530] {subprocess.py:106} INFO - 26/01/29 16:41:56 INFO FileScanRDD: Reading File path: hdfs://localhost:9000/weather/data/raw_data/weather_dataset.csv, range: 4194304-6329103, partition values: [empty row]
[2026-01-29T16:41:57.026+0530] {subprocess.py:106} INFO - 26/01/29 16:41:57 INFO Executor: Finished task 1.0 in stage 57.0 (TID 77). 1990 bytes result sent to driver
[2026-01-29T16:41:57.027+0530] {subprocess.py:106} INFO - 26/01/29 16:41:57 INFO TaskSetManager: Finished task 1.0 in stage 57.0 (TID 77) in 72 ms on Aishwarya92848DBDA (executor driver) (1/2)
[2026-01-29T16:41:57.045+0530] {subprocess.py:106} INFO - 26/01/29 16:41:57 INFO BlockManagerInfo: Removed broadcast_73_piece0 on Aishwarya92848DBDA:35477 in memory (size: 34.3 KiB, free: 366.2 MiB)
[2026-01-29T16:41:57.046+0530] {subprocess.py:106} INFO - 26/01/29 16:41:57 INFO BlockManagerInfo: Removed broadcast_77_piece0 on Aishwarya92848DBDA:35477 in memory (size: 15.2 KiB, free: 366.2 MiB)
[2026-01-29T16:41:57.048+0530] {subprocess.py:106} INFO - 26/01/29 16:41:57 INFO BlockManagerInfo: Removed broadcast_76_piece0 on Aishwarya92848DBDA:35477 in memory (size: 34.3 KiB, free: 366.3 MiB)
[2026-01-29T16:41:57.066+0530] {subprocess.py:106} INFO - 26/01/29 16:41:57 INFO Executor: Finished task 0.0 in stage 57.0 (TID 76). 2033 bytes result sent to driver
[2026-01-29T16:41:57.067+0530] {subprocess.py:106} INFO - 26/01/29 16:41:57 INFO TaskSetManager: Finished task 0.0 in stage 57.0 (TID 76) in 112 ms on Aishwarya92848DBDA (executor driver) (2/2)
[2026-01-29T16:41:57.067+0530] {subprocess.py:106} INFO - 26/01/29 16:41:57 INFO TaskSchedulerImpl: Removed TaskSet 57.0, whose tasks have all completed, from pool
[2026-01-29T16:41:57.068+0530] {subprocess.py:106} INFO - 26/01/29 16:41:57 INFO DAGScheduler: ShuffleMapStage 57 (count at NativeMethodAccessorImpl.java:0) finished in 0.116 s
[2026-01-29T16:41:57.068+0530] {subprocess.py:106} INFO - 26/01/29 16:41:57 INFO DAGScheduler: looking for newly runnable stages
[2026-01-29T16:41:57.068+0530] {subprocess.py:106} INFO - 26/01/29 16:41:57 INFO DAGScheduler: running: Set()
[2026-01-29T16:41:57.068+0530] {subprocess.py:106} INFO - 26/01/29 16:41:57 INFO DAGScheduler: waiting: Set()
[2026-01-29T16:41:57.068+0530] {subprocess.py:106} INFO - 26/01/29 16:41:57 INFO DAGScheduler: failed: Set()
[2026-01-29T16:41:57.078+0530] {subprocess.py:106} INFO - 26/01/29 16:41:57 INFO SparkContext: Starting job: count at NativeMethodAccessorImpl.java:0
[2026-01-29T16:41:57.078+0530] {subprocess.py:106} INFO - 26/01/29 16:41:57 INFO DAGScheduler: Got job 46 (count at NativeMethodAccessorImpl.java:0) with 1 output partitions
[2026-01-29T16:41:57.079+0530] {subprocess.py:106} INFO - 26/01/29 16:41:57 INFO DAGScheduler: Final stage: ResultStage 59 (count at NativeMethodAccessorImpl.java:0)
[2026-01-29T16:41:57.079+0530] {subprocess.py:106} INFO - 26/01/29 16:41:57 INFO DAGScheduler: Parents of final stage: List(ShuffleMapStage 58)
[2026-01-29T16:41:57.079+0530] {subprocess.py:106} INFO - 26/01/29 16:41:57 INFO DAGScheduler: Missing parents: List()
[2026-01-29T16:41:57.080+0530] {subprocess.py:106} INFO - 26/01/29 16:41:57 INFO DAGScheduler: Submitting ResultStage 59 (MapPartitionsRDD[215] at count at NativeMethodAccessorImpl.java:0), which has no missing parents
[2026-01-29T16:41:57.080+0530] {subprocess.py:106} INFO - 26/01/29 16:41:57 INFO MemoryStore: Block broadcast_80 stored as values in memory (estimated size 12.5 KiB, free 365.9 MiB)
[2026-01-29T16:41:57.081+0530] {subprocess.py:106} INFO - 26/01/29 16:41:57 INFO MemoryStore: Block broadcast_80_piece0 stored as bytes in memory (estimated size 5.9 KiB, free 365.9 MiB)
[2026-01-29T16:41:57.082+0530] {subprocess.py:106} INFO - 26/01/29 16:41:57 INFO BlockManagerInfo: Added broadcast_80_piece0 in memory on Aishwarya92848DBDA:35477 (size: 5.9 KiB, free: 366.3 MiB)
[2026-01-29T16:41:57.082+0530] {subprocess.py:106} INFO - 26/01/29 16:41:57 INFO SparkContext: Created broadcast 80 from broadcast at DAGScheduler.scala:1585
[2026-01-29T16:41:57.082+0530] {subprocess.py:106} INFO - 26/01/29 16:41:57 INFO DAGScheduler: Submitting 1 missing tasks from ResultStage 59 (MapPartitionsRDD[215] at count at NativeMethodAccessorImpl.java:0) (first 15 tasks are for partitions Vector(0))
[2026-01-29T16:41:57.082+0530] {subprocess.py:106} INFO - 26/01/29 16:41:57 INFO TaskSchedulerImpl: Adding task set 59.0 with 1 tasks resource profile 0
[2026-01-29T16:41:57.083+0530] {subprocess.py:106} INFO - 26/01/29 16:41:57 INFO TaskSetManager: Starting task 0.0 in stage 59.0 (TID 78) (Aishwarya92848DBDA, executor driver, partition 0, NODE_LOCAL, 7615 bytes)
[2026-01-29T16:41:57.083+0530] {subprocess.py:106} INFO - 26/01/29 16:41:57 INFO Executor: Running task 0.0 in stage 59.0 (TID 78)
[2026-01-29T16:41:57.086+0530] {subprocess.py:106} INFO - 26/01/29 16:41:57 INFO ShuffleBlockFetcherIterator: Getting 2 (120.0 B) non-empty blocks including 2 (120.0 B) local and 0 (0.0 B) host-local and 0 (0.0 B) push-merged-local and 0 (0.0 B) remote blocks
[2026-01-29T16:41:57.086+0530] {subprocess.py:106} INFO - 26/01/29 16:41:57 INFO ShuffleBlockFetcherIterator: Started 0 remote fetches in 0 ms
[2026-01-29T16:41:57.087+0530] {subprocess.py:106} INFO - 26/01/29 16:41:57 INFO Executor: Finished task 0.0 in stage 59.0 (TID 78). 3988 bytes result sent to driver
[2026-01-29T16:41:57.088+0530] {subprocess.py:106} INFO - 26/01/29 16:41:57 INFO TaskSetManager: Finished task 0.0 in stage 59.0 (TID 78) in 5 ms on Aishwarya92848DBDA (executor driver) (1/1)
[2026-01-29T16:41:57.088+0530] {subprocess.py:106} INFO - 26/01/29 16:41:57 INFO TaskSchedulerImpl: Removed TaskSet 59.0, whose tasks have all completed, from pool
[2026-01-29T16:41:57.088+0530] {subprocess.py:106} INFO - 26/01/29 16:41:57 INFO DAGScheduler: ResultStage 59 (count at NativeMethodAccessorImpl.java:0) finished in 0.009 s
[2026-01-29T16:41:57.088+0530] {subprocess.py:106} INFO - 26/01/29 16:41:57 INFO DAGScheduler: Job 46 is finished. Cancelling potential speculative or zombie tasks for this job
[2026-01-29T16:41:57.089+0530] {subprocess.py:106} INFO - 26/01/29 16:41:57 INFO TaskSchedulerImpl: Killing all running tasks in stage 59: Stage finished
[2026-01-29T16:41:57.089+0530] {subprocess.py:106} INFO - 26/01/29 16:41:57 INFO DAGScheduler: Job 46 finished: count at NativeMethodAccessorImpl.java:0, took 0.010666 s
[2026-01-29T16:41:57.089+0530] {subprocess.py:106} INFO - apparent_temperature_max: Outliers after handling = 0
[2026-01-29T16:41:57.106+0530] {subprocess.py:106} INFO - 26/01/29 16:41:57 INFO FileSourceStrategy: Pushed Filters:
[2026-01-29T16:41:57.107+0530] {subprocess.py:106} INFO - 26/01/29 16:41:57 INFO FileSourceStrategy: Post-Scan Filters:
[2026-01-29T16:41:57.115+0530] {subprocess.py:106} INFO - 26/01/29 16:41:57 INFO CodeGenerator: Code generated in 6.283057 ms
[2026-01-29T16:41:57.116+0530] {subprocess.py:106} INFO - 26/01/29 16:41:57 INFO MemoryStore: Block broadcast_81 stored as values in memory (estimated size 350.2 KiB, free 365.5 MiB)
[2026-01-29T16:41:57.121+0530] {subprocess.py:106} INFO - 26/01/29 16:41:57 INFO MemoryStore: Block broadcast_81_piece0 stored as bytes in memory (estimated size 34.3 KiB, free 365.5 MiB)
[2026-01-29T16:41:57.122+0530] {subprocess.py:106} INFO - 26/01/29 16:41:57 INFO BlockManagerInfo: Added broadcast_81_piece0 in memory on Aishwarya92848DBDA:35477 (size: 34.3 KiB, free: 366.2 MiB)
[2026-01-29T16:41:57.122+0530] {subprocess.py:106} INFO - 26/01/29 16:41:57 INFO SparkContext: Created broadcast 81 from approxQuantile at <unknown>:0
[2026-01-29T16:41:57.123+0530] {subprocess.py:106} INFO - 26/01/29 16:41:57 INFO FileSourceScanExec: Planning scan with bin packing, max size: 4194304 bytes, open cost is considered as scanning 4194304 bytes.
[2026-01-29T16:41:57.133+0530] {subprocess.py:106} INFO - 26/01/29 16:41:57 INFO SparkContext: Starting job: approxQuantile at <unknown>:0
[2026-01-29T16:41:57.133+0530] {subprocess.py:106} INFO - 26/01/29 16:41:57 INFO DAGScheduler: Got job 47 (approxQuantile at <unknown>:0) with 2 output partitions
[2026-01-29T16:41:57.133+0530] {subprocess.py:106} INFO - 26/01/29 16:41:57 INFO DAGScheduler: Final stage: ResultStage 60 (approxQuantile at <unknown>:0)
[2026-01-29T16:41:57.133+0530] {subprocess.py:106} INFO - 26/01/29 16:41:57 INFO DAGScheduler: Parents of final stage: List()
[2026-01-29T16:41:57.134+0530] {subprocess.py:106} INFO - 26/01/29 16:41:57 INFO DAGScheduler: Missing parents: List()
[2026-01-29T16:41:57.134+0530] {subprocess.py:106} INFO - 26/01/29 16:41:57 INFO DAGScheduler: Submitting ResultStage 60 (MapPartitionsRDD[222] at approxQuantile at <unknown>:0), which has no missing parents
[2026-01-29T16:41:57.139+0530] {subprocess.py:106} INFO - 26/01/29 16:41:57 INFO MemoryStore: Block broadcast_82 stored as values in memory (estimated size 32.8 KiB, free 365.5 MiB)
[2026-01-29T16:41:57.140+0530] {subprocess.py:106} INFO - 26/01/29 16:41:57 INFO MemoryStore: Block broadcast_82_piece0 stored as bytes in memory (estimated size 15.2 KiB, free 365.5 MiB)
[2026-01-29T16:41:57.140+0530] {subprocess.py:106} INFO - 26/01/29 16:41:57 INFO BlockManagerInfo: Added broadcast_82_piece0 in memory on Aishwarya92848DBDA:35477 (size: 15.2 KiB, free: 366.2 MiB)
[2026-01-29T16:41:57.141+0530] {subprocess.py:106} INFO - 26/01/29 16:41:57 INFO SparkContext: Created broadcast 82 from broadcast at DAGScheduler.scala:1585
[2026-01-29T16:41:57.141+0530] {subprocess.py:106} INFO - 26/01/29 16:41:57 INFO DAGScheduler: Submitting 2 missing tasks from ResultStage 60 (MapPartitionsRDD[222] at approxQuantile at <unknown>:0) (first 15 tasks are for partitions Vector(0, 1))
[2026-01-29T16:41:57.141+0530] {subprocess.py:106} INFO - 26/01/29 16:41:57 INFO TaskSchedulerImpl: Adding task set 60.0 with 2 tasks resource profile 0
[2026-01-29T16:41:57.142+0530] {subprocess.py:106} INFO - 26/01/29 16:41:57 INFO TaskSetManager: Starting task 0.0 in stage 60.0 (TID 79) (Aishwarya92848DBDA, executor driver, partition 0, NODE_LOCAL, 8241 bytes)
[2026-01-29T16:41:57.142+0530] {subprocess.py:106} INFO - 26/01/29 16:41:57 INFO TaskSetManager: Starting task 1.0 in stage 60.0 (TID 80) (Aishwarya92848DBDA, executor driver, partition 1, NODE_LOCAL, 8241 bytes)
[2026-01-29T16:41:57.142+0530] {subprocess.py:106} INFO - 26/01/29 16:41:57 INFO Executor: Running task 0.0 in stage 60.0 (TID 79)
[2026-01-29T16:41:57.142+0530] {subprocess.py:106} INFO - 26/01/29 16:41:57 INFO Executor: Running task 1.0 in stage 60.0 (TID 80)
[2026-01-29T16:41:57.151+0530] {subprocess.py:106} INFO - 26/01/29 16:41:57 INFO CodeGenerator: Code generated in 6.040189 ms
[2026-01-29T16:41:57.153+0530] {subprocess.py:106} INFO - 26/01/29 16:41:57 INFO FileScanRDD: Reading File path: hdfs://localhost:9000/weather/data/raw_data/weather_dataset.csv, range: 4194304-6329103, partition values: [empty row]
[2026-01-29T16:41:57.153+0530] {subprocess.py:106} INFO - 26/01/29 16:41:57 INFO FileScanRDD: Reading File path: hdfs://localhost:9000/weather/data/raw_data/weather_dataset.csv, range: 0-4194304, partition values: [empty row]
[2026-01-29T16:41:57.204+0530] {subprocess.py:106} INFO - 26/01/29 16:41:57 INFO Executor: Finished task 1.0 in stage 60.0 (TID 80). 8161 bytes result sent to driver
[2026-01-29T16:41:57.205+0530] {subprocess.py:106} INFO - 26/01/29 16:41:57 INFO TaskSetManager: Finished task 1.0 in stage 60.0 (TID 80) in 63 ms on Aishwarya92848DBDA (executor driver) (1/2)
[2026-01-29T16:41:57.246+0530] {subprocess.py:106} INFO - 26/01/29 16:41:57 INFO Executor: Finished task 0.0 in stage 60.0 (TID 79). 6111 bytes result sent to driver
[2026-01-29T16:41:57.246+0530] {subprocess.py:106} INFO - 26/01/29 16:41:57 INFO TaskSetManager: Finished task 0.0 in stage 60.0 (TID 79) in 105 ms on Aishwarya92848DBDA (executor driver) (2/2)
[2026-01-29T16:41:57.247+0530] {subprocess.py:106} INFO - 26/01/29 16:41:57 INFO TaskSchedulerImpl: Removed TaskSet 60.0, whose tasks have all completed, from pool
[2026-01-29T16:41:57.247+0530] {subprocess.py:106} INFO - 26/01/29 16:41:57 INFO DAGScheduler: ResultStage 60 (approxQuantile at <unknown>:0) finished in 0.113 s
[2026-01-29T16:41:57.247+0530] {subprocess.py:106} INFO - 26/01/29 16:41:57 INFO DAGScheduler: Job 47 is finished. Cancelling potential speculative or zombie tasks for this job
[2026-01-29T16:41:57.247+0530] {subprocess.py:106} INFO - 26/01/29 16:41:57 INFO TaskSchedulerImpl: Killing all running tasks in stage 60: Stage finished
[2026-01-29T16:41:57.247+0530] {subprocess.py:106} INFO - 26/01/29 16:41:57 INFO DAGScheduler: Job 47 finished: approxQuantile at <unknown>:0, took 0.114712 s
[2026-01-29T16:41:57.304+0530] {subprocess.py:106} INFO - 26/01/29 16:41:57 INFO FileSourceStrategy: Pushed Filters:
[2026-01-29T16:41:57.304+0530] {subprocess.py:106} INFO - 26/01/29 16:41:57 INFO FileSourceStrategy: Post-Scan Filters: (CASE WHEN (apparent_temperature_min#22 < 1.9999999999999964) THEN false WHEN (apparent_temperature_min#22 > 45.2) THEN false ELSE (apparent_temperature_min#22 < 1.9999999999999964) END OR CASE WHEN (apparent_temperature_min#22 < 1.9999999999999964) THEN false WHEN (apparent_temperature_min#22 > 45.2) THEN false ELSE (apparent_temperature_min#22 > 45.2) END)
[2026-01-29T16:41:57.320+0530] {subprocess.py:106} INFO - 26/01/29 16:41:57 INFO CodeGenerator: Code generated in 7.676007 ms
[2026-01-29T16:41:57.321+0530] {subprocess.py:106} INFO - 26/01/29 16:41:57 INFO MemoryStore: Block broadcast_83 stored as values in memory (estimated size 350.2 KiB, free 365.1 MiB)
[2026-01-29T16:41:57.326+0530] {subprocess.py:106} INFO - 26/01/29 16:41:57 INFO MemoryStore: Block broadcast_83_piece0 stored as bytes in memory (estimated size 34.3 KiB, free 365.1 MiB)
[2026-01-29T16:41:57.327+0530] {subprocess.py:106} INFO - 26/01/29 16:41:57 INFO BlockManagerInfo: Added broadcast_83_piece0 in memory on Aishwarya92848DBDA:35477 (size: 34.3 KiB, free: 366.2 MiB)
[2026-01-29T16:41:57.327+0530] {subprocess.py:106} INFO - 26/01/29 16:41:57 INFO SparkContext: Created broadcast 83 from count at NativeMethodAccessorImpl.java:0
[2026-01-29T16:41:57.328+0530] {subprocess.py:106} INFO - 26/01/29 16:41:57 INFO FileSourceScanExec: Planning scan with bin packing, max size: 4194304 bytes, open cost is considered as scanning 4194304 bytes.
[2026-01-29T16:41:57.332+0530] {subprocess.py:106} INFO - 26/01/29 16:41:57 INFO DAGScheduler: Registering RDD 226 (count at NativeMethodAccessorImpl.java:0) as input to shuffle 13
[2026-01-29T16:41:57.332+0530] {subprocess.py:106} INFO - 26/01/29 16:41:57 INFO DAGScheduler: Got map stage job 48 (count at NativeMethodAccessorImpl.java:0) with 2 output partitions
[2026-01-29T16:41:57.332+0530] {subprocess.py:106} INFO - 26/01/29 16:41:57 INFO DAGScheduler: Final stage: ShuffleMapStage 61 (count at NativeMethodAccessorImpl.java:0)
[2026-01-29T16:41:57.332+0530] {subprocess.py:106} INFO - 26/01/29 16:41:57 INFO DAGScheduler: Parents of final stage: List()
[2026-01-29T16:41:57.333+0530] {subprocess.py:106} INFO - 26/01/29 16:41:57 INFO DAGScheduler: Missing parents: List()
[2026-01-29T16:41:57.333+0530] {subprocess.py:106} INFO - 26/01/29 16:41:57 INFO DAGScheduler: Submitting ShuffleMapStage 61 (MapPartitionsRDD[226] at count at NativeMethodAccessorImpl.java:0), which has no missing parents
[2026-01-29T16:41:57.334+0530] {subprocess.py:106} INFO - 26/01/29 16:41:57 INFO MemoryStore: Block broadcast_84 stored as values in memory (estimated size 22.1 KiB, free 365.1 MiB)
[2026-01-29T16:41:57.335+0530] {subprocess.py:106} INFO - 26/01/29 16:41:57 INFO MemoryStore: Block broadcast_84_piece0 stored as bytes in memory (estimated size 10.0 KiB, free 365.0 MiB)
[2026-01-29T16:41:57.336+0530] {subprocess.py:106} INFO - 26/01/29 16:41:57 INFO BlockManagerInfo: Added broadcast_84_piece0 in memory on Aishwarya92848DBDA:35477 (size: 10.0 KiB, free: 366.2 MiB)
[2026-01-29T16:41:57.336+0530] {subprocess.py:106} INFO - 26/01/29 16:41:57 INFO SparkContext: Created broadcast 84 from broadcast at DAGScheduler.scala:1585
[2026-01-29T16:41:57.336+0530] {subprocess.py:106} INFO - 26/01/29 16:41:57 INFO DAGScheduler: Submitting 2 missing tasks from ShuffleMapStage 61 (MapPartitionsRDD[226] at count at NativeMethodAccessorImpl.java:0) (first 15 tasks are for partitions Vector(0, 1))
[2026-01-29T16:41:57.336+0530] {subprocess.py:106} INFO - 26/01/29 16:41:57 INFO TaskSchedulerImpl: Adding task set 61.0 with 2 tasks resource profile 0
[2026-01-29T16:41:57.337+0530] {subprocess.py:106} INFO - 26/01/29 16:41:57 INFO TaskSetManager: Starting task 0.0 in stage 61.0 (TID 81) (Aishwarya92848DBDA, executor driver, partition 0, NODE_LOCAL, 8230 bytes)
[2026-01-29T16:41:57.337+0530] {subprocess.py:106} INFO - 26/01/29 16:41:57 INFO TaskSetManager: Starting task 1.0 in stage 61.0 (TID 82) (Aishwarya92848DBDA, executor driver, partition 1, NODE_LOCAL, 8230 bytes)
[2026-01-29T16:41:57.338+0530] {subprocess.py:106} INFO - 26/01/29 16:41:57 INFO Executor: Running task 1.0 in stage 61.0 (TID 82)
[2026-01-29T16:41:57.338+0530] {subprocess.py:106} INFO - 26/01/29 16:41:57 INFO Executor: Running task 0.0 in stage 61.0 (TID 81)
[2026-01-29T16:41:57.351+0530] {subprocess.py:106} INFO - 26/01/29 16:41:57 INFO CodeGenerator: Code generated in 10.993977 ms
[2026-01-29T16:41:57.352+0530] {subprocess.py:106} INFO - 26/01/29 16:41:57 INFO FileScanRDD: Reading File path: hdfs://localhost:9000/weather/data/raw_data/weather_dataset.csv, range: 4194304-6329103, partition values: [empty row]
[2026-01-29T16:41:57.352+0530] {subprocess.py:106} INFO - 26/01/29 16:41:57 INFO FileScanRDD: Reading File path: hdfs://localhost:9000/weather/data/raw_data/weather_dataset.csv, range: 0-4194304, partition values: [empty row]
[2026-01-29T16:41:57.396+0530] {subprocess.py:106} INFO - 26/01/29 16:41:57 INFO BlockManagerInfo: Removed broadcast_78_piece0 on Aishwarya92848DBDA:35477 in memory (size: 34.3 KiB, free: 366.2 MiB)
[2026-01-29T16:41:57.397+0530] {subprocess.py:106} INFO - 26/01/29 16:41:57 INFO BlockManagerInfo: Removed broadcast_81_piece0 on Aishwarya92848DBDA:35477 in memory (size: 34.3 KiB, free: 366.2 MiB)
[2026-01-29T16:41:57.398+0530] {subprocess.py:106} INFO - 26/01/29 16:41:57 INFO BlockManagerInfo: Removed broadcast_80_piece0 on Aishwarya92848DBDA:35477 in memory (size: 5.9 KiB, free: 366.2 MiB)
[2026-01-29T16:41:57.399+0530] {subprocess.py:106} INFO - 26/01/29 16:41:57 INFO BlockManagerInfo: Removed broadcast_82_piece0 on Aishwarya92848DBDA:35477 in memory (size: 15.2 KiB, free: 366.2 MiB)
[2026-01-29T16:41:57.401+0530] {subprocess.py:106} INFO - 26/01/29 16:41:57 INFO BlockManagerInfo: Removed broadcast_79_piece0 on Aishwarya92848DBDA:35477 in memory (size: 10.0 KiB, free: 366.3 MiB)
[2026-01-29T16:41:57.417+0530] {subprocess.py:106} INFO - 26/01/29 16:41:57 INFO Executor: Finished task 1.0 in stage 61.0 (TID 82). 2033 bytes result sent to driver
[2026-01-29T16:41:57.417+0530] {subprocess.py:106} INFO - 26/01/29 16:41:57 INFO TaskSetManager: Finished task 1.0 in stage 61.0 (TID 82) in 80 ms on Aishwarya92848DBDA (executor driver) (1/2)
[2026-01-29T16:41:57.451+0530] {subprocess.py:106} INFO - 26/01/29 16:41:57 INFO Executor: Finished task 0.0 in stage 61.0 (TID 81). 2033 bytes result sent to driver
[2026-01-29T16:41:57.452+0530] {subprocess.py:106} INFO - 26/01/29 16:41:57 INFO TaskSetManager: Finished task 0.0 in stage 61.0 (TID 81) in 114 ms on Aishwarya92848DBDA (executor driver) (2/2)
[2026-01-29T16:41:57.452+0530] {subprocess.py:106} INFO - 26/01/29 16:41:57 INFO TaskSchedulerImpl: Removed TaskSet 61.0, whose tasks have all completed, from pool
[2026-01-29T16:41:57.452+0530] {subprocess.py:106} INFO - 26/01/29 16:41:57 INFO DAGScheduler: ShuffleMapStage 61 (count at NativeMethodAccessorImpl.java:0) finished in 0.120 s
[2026-01-29T16:41:57.452+0530] {subprocess.py:106} INFO - 26/01/29 16:41:57 INFO DAGScheduler: looking for newly runnable stages
[2026-01-29T16:41:57.452+0530] {subprocess.py:106} INFO - 26/01/29 16:41:57 INFO DAGScheduler: running: Set()
[2026-01-29T16:41:57.452+0530] {subprocess.py:106} INFO - 26/01/29 16:41:57 INFO DAGScheduler: waiting: Set()
[2026-01-29T16:41:57.452+0530] {subprocess.py:106} INFO - 26/01/29 16:41:57 INFO DAGScheduler: failed: Set()
[2026-01-29T16:41:57.463+0530] {subprocess.py:106} INFO - 26/01/29 16:41:57 INFO SparkContext: Starting job: count at NativeMethodAccessorImpl.java:0
[2026-01-29T16:41:57.464+0530] {subprocess.py:106} INFO - 26/01/29 16:41:57 INFO DAGScheduler: Got job 49 (count at NativeMethodAccessorImpl.java:0) with 1 output partitions
[2026-01-29T16:41:57.464+0530] {subprocess.py:106} INFO - 26/01/29 16:41:57 INFO DAGScheduler: Final stage: ResultStage 63 (count at NativeMethodAccessorImpl.java:0)
[2026-01-29T16:41:57.465+0530] {subprocess.py:106} INFO - 26/01/29 16:41:57 INFO DAGScheduler: Parents of final stage: List(ShuffleMapStage 62)
[2026-01-29T16:41:57.465+0530] {subprocess.py:106} INFO - 26/01/29 16:41:57 INFO DAGScheduler: Missing parents: List()
[2026-01-29T16:41:57.465+0530] {subprocess.py:106} INFO - 26/01/29 16:41:57 INFO DAGScheduler: Submitting ResultStage 63 (MapPartitionsRDD[229] at count at NativeMethodAccessorImpl.java:0), which has no missing parents
[2026-01-29T16:41:57.466+0530] {subprocess.py:106} INFO - 26/01/29 16:41:57 INFO MemoryStore: Block broadcast_85 stored as values in memory (estimated size 12.5 KiB, free 365.9 MiB)
[2026-01-29T16:41:57.467+0530] {subprocess.py:106} INFO - 26/01/29 16:41:57 INFO MemoryStore: Block broadcast_85_piece0 stored as bytes in memory (estimated size 5.9 KiB, free 365.9 MiB)
[2026-01-29T16:41:57.467+0530] {subprocess.py:106} INFO - 26/01/29 16:41:57 INFO BlockManagerInfo: Added broadcast_85_piece0 in memory on Aishwarya92848DBDA:35477 (size: 5.9 KiB, free: 366.3 MiB)
[2026-01-29T16:41:57.468+0530] {subprocess.py:106} INFO - 26/01/29 16:41:57 INFO SparkContext: Created broadcast 85 from broadcast at DAGScheduler.scala:1585
[2026-01-29T16:41:57.468+0530] {subprocess.py:106} INFO - 26/01/29 16:41:57 INFO DAGScheduler: Submitting 1 missing tasks from ResultStage 63 (MapPartitionsRDD[229] at count at NativeMethodAccessorImpl.java:0) (first 15 tasks are for partitions Vector(0))
[2026-01-29T16:41:57.468+0530] {subprocess.py:106} INFO - 26/01/29 16:41:57 INFO TaskSchedulerImpl: Adding task set 63.0 with 1 tasks resource profile 0
[2026-01-29T16:41:57.469+0530] {subprocess.py:106} INFO - 26/01/29 16:41:57 INFO TaskSetManager: Starting task 0.0 in stage 63.0 (TID 83) (Aishwarya92848DBDA, executor driver, partition 0, NODE_LOCAL, 7615 bytes)
[2026-01-29T16:41:57.469+0530] {subprocess.py:106} INFO - 26/01/29 16:41:57 INFO Executor: Running task 0.0 in stage 63.0 (TID 83)
[2026-01-29T16:41:57.471+0530] {subprocess.py:106} INFO - 26/01/29 16:41:57 INFO ShuffleBlockFetcherIterator: Getting 2 (120.0 B) non-empty blocks including 2 (120.0 B) local and 0 (0.0 B) host-local and 0 (0.0 B) push-merged-local and 0 (0.0 B) remote blocks
[2026-01-29T16:41:57.471+0530] {subprocess.py:106} INFO - 26/01/29 16:41:57 INFO ShuffleBlockFetcherIterator: Started 0 remote fetches in 0 ms
[2026-01-29T16:41:57.473+0530] {subprocess.py:106} INFO - 26/01/29 16:41:57 INFO Executor: Finished task 0.0 in stage 63.0 (TID 83). 3988 bytes result sent to driver
[2026-01-29T16:41:57.474+0530] {subprocess.py:106} INFO - 26/01/29 16:41:57 INFO TaskSetManager: Finished task 0.0 in stage 63.0 (TID 83) in 5 ms on Aishwarya92848DBDA (executor driver) (1/1)
[2026-01-29T16:41:57.475+0530] {subprocess.py:106} INFO - 26/01/29 16:41:57 INFO TaskSchedulerImpl: Removed TaskSet 63.0, whose tasks have all completed, from pool
[2026-01-29T16:41:57.475+0530] {subprocess.py:106} INFO - 26/01/29 16:41:57 INFO DAGScheduler: ResultStage 63 (count at NativeMethodAccessorImpl.java:0) finished in 0.009 s
[2026-01-29T16:41:57.475+0530] {subprocess.py:106} INFO - 26/01/29 16:41:57 INFO DAGScheduler: Job 49 is finished. Cancelling potential speculative or zombie tasks for this job
[2026-01-29T16:41:57.476+0530] {subprocess.py:106} INFO - 26/01/29 16:41:57 INFO TaskSchedulerImpl: Killing all running tasks in stage 63: Stage finished
[2026-01-29T16:41:57.476+0530] {subprocess.py:106} INFO - 26/01/29 16:41:57 INFO DAGScheduler: Job 49 finished: count at NativeMethodAccessorImpl.java:0, took 0.011658 s
[2026-01-29T16:41:57.476+0530] {subprocess.py:106} INFO - apparent_temperature_min: Outliers after handling = 0
[2026-01-29T16:41:57.493+0530] {subprocess.py:106} INFO - 26/01/29 16:41:57 INFO FileSourceStrategy: Pushed Filters:
[2026-01-29T16:41:57.494+0530] {subprocess.py:106} INFO - 26/01/29 16:41:57 INFO FileSourceStrategy: Post-Scan Filters:
[2026-01-29T16:41:57.496+0530] {subprocess.py:106} INFO - 26/01/29 16:41:57 INFO MemoryStore: Block broadcast_86 stored as values in memory (estimated size 350.2 KiB, free 365.5 MiB)
[2026-01-29T16:41:57.502+0530] {subprocess.py:106} INFO - 26/01/29 16:41:57 INFO MemoryStore: Block broadcast_86_piece0 stored as bytes in memory (estimated size 34.3 KiB, free 365.5 MiB)
[2026-01-29T16:41:57.502+0530] {subprocess.py:106} INFO - 26/01/29 16:41:57 INFO BlockManagerInfo: Added broadcast_86_piece0 in memory on Aishwarya92848DBDA:35477 (size: 34.3 KiB, free: 366.2 MiB)
[2026-01-29T16:41:57.502+0530] {subprocess.py:106} INFO - 26/01/29 16:41:57 INFO SparkContext: Created broadcast 86 from approxQuantile at <unknown>:0
[2026-01-29T16:41:57.503+0530] {subprocess.py:106} INFO - 26/01/29 16:41:57 INFO FileSourceScanExec: Planning scan with bin packing, max size: 4194304 bytes, open cost is considered as scanning 4194304 bytes.
[2026-01-29T16:41:57.512+0530] {subprocess.py:106} INFO - 26/01/29 16:41:57 INFO SparkContext: Starting job: approxQuantile at <unknown>:0
[2026-01-29T16:41:57.513+0530] {subprocess.py:106} INFO - 26/01/29 16:41:57 INFO DAGScheduler: Got job 50 (approxQuantile at <unknown>:0) with 2 output partitions
[2026-01-29T16:41:57.513+0530] {subprocess.py:106} INFO - 26/01/29 16:41:57 INFO DAGScheduler: Final stage: ResultStage 64 (approxQuantile at <unknown>:0)
[2026-01-29T16:41:57.513+0530] {subprocess.py:106} INFO - 26/01/29 16:41:57 INFO DAGScheduler: Parents of final stage: List()
[2026-01-29T16:41:57.513+0530] {subprocess.py:106} INFO - 26/01/29 16:41:57 INFO DAGScheduler: Missing parents: List()
[2026-01-29T16:41:57.513+0530] {subprocess.py:106} INFO - 26/01/29 16:41:57 INFO DAGScheduler: Submitting ResultStage 64 (MapPartitionsRDD[235] at approxQuantile at <unknown>:0), which has no missing parents
[2026-01-29T16:41:57.517+0530] {subprocess.py:106} INFO - 26/01/29 16:41:57 INFO MemoryStore: Block broadcast_87 stored as values in memory (estimated size 20.0 KiB, free 365.5 MiB)
[2026-01-29T16:41:57.518+0530] {subprocess.py:106} INFO - 26/01/29 16:41:57 INFO MemoryStore: Block broadcast_87_piece0 stored as bytes in memory (estimated size 9.5 KiB, free 365.5 MiB)
[2026-01-29T16:41:57.518+0530] {subprocess.py:106} INFO - 26/01/29 16:41:57 INFO BlockManagerInfo: Added broadcast_87_piece0 in memory on Aishwarya92848DBDA:35477 (size: 9.5 KiB, free: 366.2 MiB)
[2026-01-29T16:41:57.518+0530] {subprocess.py:106} INFO - 26/01/29 16:41:57 INFO SparkContext: Created broadcast 87 from broadcast at DAGScheduler.scala:1585
[2026-01-29T16:41:57.519+0530] {subprocess.py:106} INFO - 26/01/29 16:41:57 INFO DAGScheduler: Submitting 2 missing tasks from ResultStage 64 (MapPartitionsRDD[235] at approxQuantile at <unknown>:0) (first 15 tasks are for partitions Vector(0, 1))
[2026-01-29T16:41:57.519+0530] {subprocess.py:106} INFO - 26/01/29 16:41:57 INFO TaskSchedulerImpl: Adding task set 64.0 with 2 tasks resource profile 0
[2026-01-29T16:41:57.520+0530] {subprocess.py:106} INFO - 26/01/29 16:41:57 INFO TaskSetManager: Starting task 0.0 in stage 64.0 (TID 84) (Aishwarya92848DBDA, executor driver, partition 0, NODE_LOCAL, 8241 bytes)
[2026-01-29T16:41:57.520+0530] {subprocess.py:106} INFO - 26/01/29 16:41:57 INFO TaskSetManager: Starting task 1.0 in stage 64.0 (TID 85) (Aishwarya92848DBDA, executor driver, partition 1, NODE_LOCAL, 8241 bytes)
[2026-01-29T16:41:57.521+0530] {subprocess.py:106} INFO - 26/01/29 16:41:57 INFO Executor: Running task 1.0 in stage 64.0 (TID 85)
[2026-01-29T16:41:57.521+0530] {subprocess.py:106} INFO - 26/01/29 16:41:57 INFO Executor: Running task 0.0 in stage 64.0 (TID 84)
[2026-01-29T16:41:57.523+0530] {subprocess.py:106} INFO - 26/01/29 16:41:57 INFO FileScanRDD: Reading File path: hdfs://localhost:9000/weather/data/raw_data/weather_dataset.csv, range: 0-4194304, partition values: [empty row]
[2026-01-29T16:41:57.524+0530] {subprocess.py:106} INFO - 26/01/29 16:41:57 INFO FileScanRDD: Reading File path: hdfs://localhost:9000/weather/data/raw_data/weather_dataset.csv, range: 4194304-6329103, partition values: [empty row]
[2026-01-29T16:41:57.568+0530] {subprocess.py:106} INFO - 26/01/29 16:41:57 INFO Executor: Finished task 1.0 in stage 64.0 (TID 85). 8093 bytes result sent to driver
[2026-01-29T16:41:57.569+0530] {subprocess.py:106} INFO - 26/01/29 16:41:57 INFO TaskSetManager: Finished task 1.0 in stage 64.0 (TID 85) in 48 ms on Aishwarya92848DBDA (executor driver) (1/2)
[2026-01-29T16:41:57.607+0530] {subprocess.py:106} INFO - 26/01/29 16:41:57 INFO Executor: Finished task 0.0 in stage 64.0 (TID 84). 7188 bytes result sent to driver
[2026-01-29T16:41:57.608+0530] {subprocess.py:106} INFO - 26/01/29 16:41:57 INFO TaskSetManager: Finished task 0.0 in stage 64.0 (TID 84) in 88 ms on Aishwarya92848DBDA (executor driver) (2/2)
[2026-01-29T16:41:57.608+0530] {subprocess.py:106} INFO - 26/01/29 16:41:57 INFO TaskSchedulerImpl: Removed TaskSet 64.0, whose tasks have all completed, from pool
[2026-01-29T16:41:57.608+0530] {subprocess.py:106} INFO - 26/01/29 16:41:57 INFO DAGScheduler: ResultStage 64 (approxQuantile at <unknown>:0) finished in 0.094 s
[2026-01-29T16:41:57.608+0530] {subprocess.py:106} INFO - 26/01/29 16:41:57 INFO DAGScheduler: Job 50 is finished. Cancelling potential speculative or zombie tasks for this job
[2026-01-29T16:41:57.608+0530] {subprocess.py:106} INFO - 26/01/29 16:41:57 INFO TaskSchedulerImpl: Killing all running tasks in stage 64: Stage finished
[2026-01-29T16:41:57.609+0530] {subprocess.py:106} INFO - 26/01/29 16:41:57 INFO DAGScheduler: Job 50 finished: approxQuantile at <unknown>:0, took 0.096820 s
[2026-01-29T16:41:57.672+0530] {subprocess.py:106} INFO - 26/01/29 16:41:57 INFO FileSourceStrategy: Pushed Filters: Or(LessThan(precipitation_sum,-2.4000000000000004),GreaterThan(precipitation_sum,4.0))
[2026-01-29T16:41:57.673+0530] {subprocess.py:106} INFO - 26/01/29 16:41:57 INFO FileSourceStrategy: Post-Scan Filters: ((precipitation_sum#23 < -2.4000000000000004) OR (precipitation_sum#23 > 4.0))
[2026-01-29T16:41:57.681+0530] {subprocess.py:106} INFO - 26/01/29 16:41:57 INFO MemoryStore: Block broadcast_88 stored as values in memory (estimated size 350.2 KiB, free 365.1 MiB)
[2026-01-29T16:41:57.686+0530] {subprocess.py:106} INFO - 26/01/29 16:41:57 INFO MemoryStore: Block broadcast_88_piece0 stored as bytes in memory (estimated size 34.3 KiB, free 365.1 MiB)
[2026-01-29T16:41:57.687+0530] {subprocess.py:106} INFO - 26/01/29 16:41:57 INFO BlockManagerInfo: Added broadcast_88_piece0 in memory on Aishwarya92848DBDA:35477 (size: 34.3 KiB, free: 366.2 MiB)
[2026-01-29T16:41:57.687+0530] {subprocess.py:106} INFO - 26/01/29 16:41:57 INFO SparkContext: Created broadcast 88 from count at NativeMethodAccessorImpl.java:0
[2026-01-29T16:41:57.688+0530] {subprocess.py:106} INFO - 26/01/29 16:41:57 INFO FileSourceScanExec: Planning scan with bin packing, max size: 4194304 bytes, open cost is considered as scanning 4194304 bytes.
[2026-01-29T16:41:57.690+0530] {subprocess.py:106} INFO - 26/01/29 16:41:57 INFO DAGScheduler: Registering RDD 239 (count at NativeMethodAccessorImpl.java:0) as input to shuffle 14
[2026-01-29T16:41:57.691+0530] {subprocess.py:106} INFO - 26/01/29 16:41:57 INFO DAGScheduler: Got map stage job 51 (count at NativeMethodAccessorImpl.java:0) with 2 output partitions
[2026-01-29T16:41:57.691+0530] {subprocess.py:106} INFO - 26/01/29 16:41:57 INFO DAGScheduler: Final stage: ShuffleMapStage 65 (count at NativeMethodAccessorImpl.java:0)
[2026-01-29T16:41:57.691+0530] {subprocess.py:106} INFO - 26/01/29 16:41:57 INFO DAGScheduler: Parents of final stage: List()
[2026-01-29T16:41:57.692+0530] {subprocess.py:106} INFO - 26/01/29 16:41:57 INFO DAGScheduler: Missing parents: List()
[2026-01-29T16:41:57.692+0530] {subprocess.py:106} INFO - 26/01/29 16:41:57 INFO DAGScheduler: Submitting ShuffleMapStage 65 (MapPartitionsRDD[239] at count at NativeMethodAccessorImpl.java:0), which has no missing parents
[2026-01-29T16:41:57.693+0530] {subprocess.py:106} INFO - 26/01/29 16:41:57 INFO MemoryStore: Block broadcast_89 stored as values in memory (estimated size 20.0 KiB, free 365.1 MiB)
[2026-01-29T16:41:57.694+0530] {subprocess.py:106} INFO - 26/01/29 16:41:57 INFO MemoryStore: Block broadcast_89_piece0 stored as bytes in memory (estimated size 9.7 KiB, free 365.1 MiB)
[2026-01-29T16:41:57.694+0530] {subprocess.py:106} INFO - 26/01/29 16:41:57 INFO BlockManagerInfo: Added broadcast_89_piece0 in memory on Aishwarya92848DBDA:35477 (size: 9.7 KiB, free: 366.2 MiB)
[2026-01-29T16:41:57.695+0530] {subprocess.py:106} INFO - 26/01/29 16:41:57 INFO SparkContext: Created broadcast 89 from broadcast at DAGScheduler.scala:1585
[2026-01-29T16:41:57.695+0530] {subprocess.py:106} INFO - 26/01/29 16:41:57 INFO DAGScheduler: Submitting 2 missing tasks from ShuffleMapStage 65 (MapPartitionsRDD[239] at count at NativeMethodAccessorImpl.java:0) (first 15 tasks are for partitions Vector(0, 1))
[2026-01-29T16:41:57.695+0530] {subprocess.py:106} INFO - 26/01/29 16:41:57 INFO TaskSchedulerImpl: Adding task set 65.0 with 2 tasks resource profile 0
[2026-01-29T16:41:57.696+0530] {subprocess.py:106} INFO - 26/01/29 16:41:57 INFO TaskSetManager: Starting task 0.0 in stage 65.0 (TID 86) (Aishwarya92848DBDA, executor driver, partition 0, NODE_LOCAL, 8230 bytes)
[2026-01-29T16:41:57.697+0530] {subprocess.py:106} INFO - 26/01/29 16:41:57 INFO TaskSetManager: Starting task 1.0 in stage 65.0 (TID 87) (Aishwarya92848DBDA, executor driver, partition 1, NODE_LOCAL, 8230 bytes)
[2026-01-29T16:41:57.697+0530] {subprocess.py:106} INFO - 26/01/29 16:41:57 INFO Executor: Running task 1.0 in stage 65.0 (TID 87)
[2026-01-29T16:41:57.697+0530] {subprocess.py:106} INFO - 26/01/29 16:41:57 INFO Executor: Running task 0.0 in stage 65.0 (TID 86)
[2026-01-29T16:41:57.700+0530] {subprocess.py:106} INFO - 26/01/29 16:41:57 INFO FileScanRDD: Reading File path: hdfs://localhost:9000/weather/data/raw_data/weather_dataset.csv, range: 0-4194304, partition values: [empty row]
[2026-01-29T16:41:57.700+0530] {subprocess.py:106} INFO - 26/01/29 16:41:57 INFO FileScanRDD: Reading File path: hdfs://localhost:9000/weather/data/raw_data/weather_dataset.csv, range: 4194304-6329103, partition values: [empty row]
[2026-01-29T16:41:57.722+0530] {subprocess.py:106} INFO - 26/01/29 16:41:57 INFO BlockManagerInfo: Removed broadcast_84_piece0 on Aishwarya92848DBDA:35477 in memory (size: 10.0 KiB, free: 366.2 MiB)
[2026-01-29T16:41:57.723+0530] {subprocess.py:106} INFO - 26/01/29 16:41:57 INFO BlockManagerInfo: Removed broadcast_86_piece0 on Aishwarya92848DBDA:35477 in memory (size: 34.3 KiB, free: 366.2 MiB)
[2026-01-29T16:41:57.724+0530] {subprocess.py:106} INFO - 26/01/29 16:41:57 INFO BlockManagerInfo: Removed broadcast_85_piece0 on Aishwarya92848DBDA:35477 in memory (size: 5.9 KiB, free: 366.2 MiB)
[2026-01-29T16:41:57.725+0530] {subprocess.py:106} INFO - 26/01/29 16:41:57 INFO BlockManagerInfo: Removed broadcast_87_piece0 on Aishwarya92848DBDA:35477 in memory (size: 9.5 KiB, free: 366.2 MiB)
[2026-01-29T16:41:57.726+0530] {subprocess.py:106} INFO - 26/01/29 16:41:57 INFO BlockManagerInfo: Removed broadcast_83_piece0 on Aishwarya92848DBDA:35477 in memory (size: 34.3 KiB, free: 366.3 MiB)
[2026-01-29T16:41:57.746+0530] {subprocess.py:106} INFO - 26/01/29 16:41:57 INFO Executor: Finished task 1.0 in stage 65.0 (TID 87). 2033 bytes result sent to driver
[2026-01-29T16:41:57.747+0530] {subprocess.py:106} INFO - 26/01/29 16:41:57 INFO TaskSetManager: Finished task 1.0 in stage 65.0 (TID 87) in 50 ms on Aishwarya92848DBDA (executor driver) (1/2)
[2026-01-29T16:41:57.777+0530] {subprocess.py:106} INFO - 26/01/29 16:41:57 INFO Executor: Finished task 0.0 in stage 65.0 (TID 86). 2033 bytes result sent to driver
[2026-01-29T16:41:57.777+0530] {subprocess.py:106} INFO - 26/01/29 16:41:57 INFO TaskSetManager: Finished task 0.0 in stage 65.0 (TID 86) in 81 ms on Aishwarya92848DBDA (executor driver) (2/2)
[2026-01-29T16:41:57.778+0530] {subprocess.py:106} INFO - 26/01/29 16:41:57 INFO TaskSchedulerImpl: Removed TaskSet 65.0, whose tasks have all completed, from pool
[2026-01-29T16:41:57.778+0530] {subprocess.py:106} INFO - 26/01/29 16:41:57 INFO DAGScheduler: ShuffleMapStage 65 (count at NativeMethodAccessorImpl.java:0) finished in 0.086 s
[2026-01-29T16:41:57.778+0530] {subprocess.py:106} INFO - 26/01/29 16:41:57 INFO DAGScheduler: looking for newly runnable stages
[2026-01-29T16:41:57.779+0530] {subprocess.py:106} INFO - 26/01/29 16:41:57 INFO DAGScheduler: running: Set()
[2026-01-29T16:41:57.779+0530] {subprocess.py:106} INFO - 26/01/29 16:41:57 INFO DAGScheduler: waiting: Set()
[2026-01-29T16:41:57.779+0530] {subprocess.py:106} INFO - 26/01/29 16:41:57 INFO DAGScheduler: failed: Set()
[2026-01-29T16:41:57.788+0530] {subprocess.py:106} INFO - 26/01/29 16:41:57 INFO SparkContext: Starting job: count at NativeMethodAccessorImpl.java:0
[2026-01-29T16:41:57.788+0530] {subprocess.py:106} INFO - 26/01/29 16:41:57 INFO DAGScheduler: Got job 52 (count at NativeMethodAccessorImpl.java:0) with 1 output partitions
[2026-01-29T16:41:57.789+0530] {subprocess.py:106} INFO - 26/01/29 16:41:57 INFO DAGScheduler: Final stage: ResultStage 67 (count at NativeMethodAccessorImpl.java:0)
[2026-01-29T16:41:57.789+0530] {subprocess.py:106} INFO - 26/01/29 16:41:57 INFO DAGScheduler: Parents of final stage: List(ShuffleMapStage 66)
[2026-01-29T16:41:57.789+0530] {subprocess.py:106} INFO - 26/01/29 16:41:57 INFO DAGScheduler: Missing parents: List()
[2026-01-29T16:41:57.789+0530] {subprocess.py:106} INFO - 26/01/29 16:41:57 INFO DAGScheduler: Submitting ResultStage 67 (MapPartitionsRDD[242] at count at NativeMethodAccessorImpl.java:0), which has no missing parents
[2026-01-29T16:41:57.790+0530] {subprocess.py:106} INFO - 26/01/29 16:41:57 INFO MemoryStore: Block broadcast_90 stored as values in memory (estimated size 12.5 KiB, free 365.9 MiB)
[2026-01-29T16:41:57.791+0530] {subprocess.py:106} INFO - 26/01/29 16:41:57 INFO MemoryStore: Block broadcast_90_piece0 stored as bytes in memory (estimated size 5.9 KiB, free 365.9 MiB)
[2026-01-29T16:41:57.791+0530] {subprocess.py:106} INFO - 26/01/29 16:41:57 INFO BlockManagerInfo: Added broadcast_90_piece0 in memory on Aishwarya92848DBDA:35477 (size: 5.9 KiB, free: 366.3 MiB)
[2026-01-29T16:41:57.792+0530] {subprocess.py:106} INFO - 26/01/29 16:41:57 INFO SparkContext: Created broadcast 90 from broadcast at DAGScheduler.scala:1585
[2026-01-29T16:41:57.792+0530] {subprocess.py:106} INFO - 26/01/29 16:41:57 INFO DAGScheduler: Submitting 1 missing tasks from ResultStage 67 (MapPartitionsRDD[242] at count at NativeMethodAccessorImpl.java:0) (first 15 tasks are for partitions Vector(0))
[2026-01-29T16:41:57.792+0530] {subprocess.py:106} INFO - 26/01/29 16:41:57 INFO TaskSchedulerImpl: Adding task set 67.0 with 1 tasks resource profile 0
[2026-01-29T16:41:57.793+0530] {subprocess.py:106} INFO - 26/01/29 16:41:57 INFO TaskSetManager: Starting task 0.0 in stage 67.0 (TID 88) (Aishwarya92848DBDA, executor driver, partition 0, NODE_LOCAL, 7615 bytes)
[2026-01-29T16:41:57.793+0530] {subprocess.py:106} INFO - 26/01/29 16:41:57 INFO Executor: Running task 0.0 in stage 67.0 (TID 88)
[2026-01-29T16:41:57.796+0530] {subprocess.py:106} INFO - 26/01/29 16:41:57 INFO ShuffleBlockFetcherIterator: Getting 2 (120.0 B) non-empty blocks including 2 (120.0 B) local and 0 (0.0 B) host-local and 0 (0.0 B) push-merged-local and 0 (0.0 B) remote blocks
[2026-01-29T16:41:57.796+0530] {subprocess.py:106} INFO - 26/01/29 16:41:57 INFO ShuffleBlockFetcherIterator: Started 0 remote fetches in 0 ms
[2026-01-29T16:41:57.798+0530] {subprocess.py:106} INFO - 26/01/29 16:41:57 INFO Executor: Finished task 0.0 in stage 67.0 (TID 88). 3995 bytes result sent to driver
[2026-01-29T16:41:57.798+0530] {subprocess.py:106} INFO - 26/01/29 16:41:57 INFO TaskSetManager: Finished task 0.0 in stage 67.0 (TID 88) in 6 ms on Aishwarya92848DBDA (executor driver) (1/1)
[2026-01-29T16:41:57.799+0530] {subprocess.py:106} INFO - 26/01/29 16:41:57 INFO TaskSchedulerImpl: Removed TaskSet 67.0, whose tasks have all completed, from pool
[2026-01-29T16:41:57.799+0530] {subprocess.py:106} INFO - 26/01/29 16:41:57 INFO DAGScheduler: ResultStage 67 (count at NativeMethodAccessorImpl.java:0) finished in 0.010 s
[2026-01-29T16:41:57.799+0530] {subprocess.py:106} INFO - 26/01/29 16:41:57 INFO DAGScheduler: Job 52 is finished. Cancelling potential speculative or zombie tasks for this job
[2026-01-29T16:41:57.799+0530] {subprocess.py:106} INFO - 26/01/29 16:41:57 INFO TaskSchedulerImpl: Killing all running tasks in stage 67: Stage finished
[2026-01-29T16:41:57.799+0530] {subprocess.py:106} INFO - 26/01/29 16:41:57 INFO DAGScheduler: Job 52 finished: count at NativeMethodAccessorImpl.java:0, took 0.011549 s
[2026-01-29T16:41:57.800+0530] {subprocess.py:106} INFO - precipitation_sum: Outliers after handling = 18134
[2026-01-29T16:41:57.818+0530] {subprocess.py:106} INFO - 26/01/29 16:41:57 INFO FileSourceStrategy: Pushed Filters:
[2026-01-29T16:41:57.818+0530] {subprocess.py:106} INFO - 26/01/29 16:41:57 INFO FileSourceStrategy: Post-Scan Filters:
[2026-01-29T16:41:57.820+0530] {subprocess.py:106} INFO - 26/01/29 16:41:57 INFO MemoryStore: Block broadcast_91 stored as values in memory (estimated size 350.2 KiB, free 365.5 MiB)
[2026-01-29T16:41:57.825+0530] {subprocess.py:106} INFO - 26/01/29 16:41:57 INFO MemoryStore: Block broadcast_91_piece0 stored as bytes in memory (estimated size 34.3 KiB, free 365.5 MiB)
[2026-01-29T16:41:57.826+0530] {subprocess.py:106} INFO - 26/01/29 16:41:57 INFO BlockManagerInfo: Added broadcast_91_piece0 in memory on Aishwarya92848DBDA:35477 (size: 34.3 KiB, free: 366.2 MiB)
[2026-01-29T16:41:57.826+0530] {subprocess.py:106} INFO - 26/01/29 16:41:57 INFO SparkContext: Created broadcast 91 from approxQuantile at <unknown>:0
[2026-01-29T16:41:57.826+0530] {subprocess.py:106} INFO - 26/01/29 16:41:57 INFO FileSourceScanExec: Planning scan with bin packing, max size: 4194304 bytes, open cost is considered as scanning 4194304 bytes.
[2026-01-29T16:41:57.835+0530] {subprocess.py:106} INFO - 26/01/29 16:41:57 INFO SparkContext: Starting job: approxQuantile at <unknown>:0
[2026-01-29T16:41:57.836+0530] {subprocess.py:106} INFO - 26/01/29 16:41:57 INFO DAGScheduler: Got job 53 (approxQuantile at <unknown>:0) with 2 output partitions
[2026-01-29T16:41:57.836+0530] {subprocess.py:106} INFO - 26/01/29 16:41:57 INFO DAGScheduler: Final stage: ResultStage 68 (approxQuantile at <unknown>:0)
[2026-01-29T16:41:57.836+0530] {subprocess.py:106} INFO - 26/01/29 16:41:57 INFO DAGScheduler: Parents of final stage: List()
[2026-01-29T16:41:57.837+0530] {subprocess.py:106} INFO - 26/01/29 16:41:57 INFO DAGScheduler: Missing parents: List()
[2026-01-29T16:41:57.837+0530] {subprocess.py:106} INFO - 26/01/29 16:41:57 INFO DAGScheduler: Submitting ResultStage 68 (MapPartitionsRDD[248] at approxQuantile at <unknown>:0), which has no missing parents
[2026-01-29T16:41:57.840+0530] {subprocess.py:106} INFO - 26/01/29 16:41:57 INFO MemoryStore: Block broadcast_92 stored as values in memory (estimated size 20.0 KiB, free 365.5 MiB)
[2026-01-29T16:41:57.841+0530] {subprocess.py:106} INFO - 26/01/29 16:41:57 INFO MemoryStore: Block broadcast_92_piece0 stored as bytes in memory (estimated size 9.5 KiB, free 365.5 MiB)
[2026-01-29T16:41:57.841+0530] {subprocess.py:106} INFO - 26/01/29 16:41:57 INFO BlockManagerInfo: Added broadcast_92_piece0 in memory on Aishwarya92848DBDA:35477 (size: 9.5 KiB, free: 366.2 MiB)
[2026-01-29T16:41:57.841+0530] {subprocess.py:106} INFO - 26/01/29 16:41:57 INFO SparkContext: Created broadcast 92 from broadcast at DAGScheduler.scala:1585
[2026-01-29T16:41:57.842+0530] {subprocess.py:106} INFO - 26/01/29 16:41:57 INFO DAGScheduler: Submitting 2 missing tasks from ResultStage 68 (MapPartitionsRDD[248] at approxQuantile at <unknown>:0) (first 15 tasks are for partitions Vector(0, 1))
[2026-01-29T16:41:57.842+0530] {subprocess.py:106} INFO - 26/01/29 16:41:57 INFO TaskSchedulerImpl: Adding task set 68.0 with 2 tasks resource profile 0
[2026-01-29T16:41:57.843+0530] {subprocess.py:106} INFO - 26/01/29 16:41:57 INFO TaskSetManager: Starting task 0.0 in stage 68.0 (TID 89) (Aishwarya92848DBDA, executor driver, partition 0, NODE_LOCAL, 8241 bytes)
[2026-01-29T16:41:57.843+0530] {subprocess.py:106} INFO - 26/01/29 16:41:57 INFO TaskSetManager: Starting task 1.0 in stage 68.0 (TID 90) (Aishwarya92848DBDA, executor driver, partition 1, NODE_LOCAL, 8241 bytes)
[2026-01-29T16:41:57.844+0530] {subprocess.py:106} INFO - 26/01/29 16:41:57 INFO Executor: Running task 0.0 in stage 68.0 (TID 89)
[2026-01-29T16:41:57.844+0530] {subprocess.py:106} INFO - 26/01/29 16:41:57 INFO Executor: Running task 1.0 in stage 68.0 (TID 90)
[2026-01-29T16:41:57.847+0530] {subprocess.py:106} INFO - 26/01/29 16:41:57 INFO FileScanRDD: Reading File path: hdfs://localhost:9000/weather/data/raw_data/weather_dataset.csv, range: 4194304-6329103, partition values: [empty row]
[2026-01-29T16:41:57.848+0530] {subprocess.py:106} INFO - 26/01/29 16:41:57 INFO FileScanRDD: Reading File path: hdfs://localhost:9000/weather/data/raw_data/weather_dataset.csv, range: 0-4194304, partition values: [empty row]
[2026-01-29T16:41:57.893+0530] {subprocess.py:106} INFO - 26/01/29 16:41:57 INFO Executor: Finished task 1.0 in stage 68.0 (TID 90). 8093 bytes result sent to driver
[2026-01-29T16:41:57.893+0530] {subprocess.py:106} INFO - 26/01/29 16:41:57 INFO TaskSetManager: Finished task 1.0 in stage 68.0 (TID 90) in 50 ms on Aishwarya92848DBDA (executor driver) (1/2)
[2026-01-29T16:41:57.928+0530] {subprocess.py:106} INFO - 26/01/29 16:41:57 INFO Executor: Finished task 0.0 in stage 68.0 (TID 89). 7188 bytes result sent to driver
[2026-01-29T16:41:57.928+0530] {subprocess.py:106} INFO - 26/01/29 16:41:57 INFO TaskSetManager: Finished task 0.0 in stage 68.0 (TID 89) in 86 ms on Aishwarya92848DBDA (executor driver) (2/2)
[2026-01-29T16:41:57.929+0530] {subprocess.py:106} INFO - 26/01/29 16:41:57 INFO TaskSchedulerImpl: Removed TaskSet 68.0, whose tasks have all completed, from pool
[2026-01-29T16:41:57.929+0530] {subprocess.py:106} INFO - 26/01/29 16:41:57 INFO DAGScheduler: ResultStage 68 (approxQuantile at <unknown>:0) finished in 0.093 s
[2026-01-29T16:41:57.929+0530] {subprocess.py:106} INFO - 26/01/29 16:41:57 INFO DAGScheduler: Job 53 is finished. Cancelling potential speculative or zombie tasks for this job
[2026-01-29T16:41:57.929+0530] {subprocess.py:106} INFO - 26/01/29 16:41:57 INFO TaskSchedulerImpl: Killing all running tasks in stage 68: Stage finished
[2026-01-29T16:41:57.929+0530] {subprocess.py:106} INFO - 26/01/29 16:41:57 INFO DAGScheduler: Job 53 finished: approxQuantile at <unknown>:0, took 0.094108 s
[2026-01-29T16:41:57.977+0530] {subprocess.py:106} INFO - 26/01/29 16:41:57 INFO FileSourceStrategy: Pushed Filters: Or(LessThan(rain_sum,-2.4000000000000004),GreaterThan(rain_sum,4.0))
[2026-01-29T16:41:57.978+0530] {subprocess.py:106} INFO - 26/01/29 16:41:57 INFO FileSourceStrategy: Post-Scan Filters: ((rain_sum#24 < -2.4000000000000004) OR (rain_sum#24 > 4.0))
[2026-01-29T16:41:57.986+0530] {subprocess.py:106} INFO - 26/01/29 16:41:57 INFO MemoryStore: Block broadcast_93 stored as values in memory (estimated size 350.2 KiB, free 365.1 MiB)
[2026-01-29T16:41:57.991+0530] {subprocess.py:106} INFO - 26/01/29 16:41:57 INFO MemoryStore: Block broadcast_93_piece0 stored as bytes in memory (estimated size 34.3 KiB, free 365.1 MiB)
[2026-01-29T16:41:57.992+0530] {subprocess.py:106} INFO - 26/01/29 16:41:57 INFO BlockManagerInfo: Added broadcast_93_piece0 in memory on Aishwarya92848DBDA:35477 (size: 34.3 KiB, free: 366.2 MiB)
[2026-01-29T16:41:57.992+0530] {subprocess.py:106} INFO - 26/01/29 16:41:57 INFO SparkContext: Created broadcast 93 from count at NativeMethodAccessorImpl.java:0
[2026-01-29T16:41:57.993+0530] {subprocess.py:106} INFO - 26/01/29 16:41:57 INFO FileSourceScanExec: Planning scan with bin packing, max size: 4194304 bytes, open cost is considered as scanning 4194304 bytes.
[2026-01-29T16:41:57.996+0530] {subprocess.py:106} INFO - 26/01/29 16:41:57 INFO DAGScheduler: Registering RDD 252 (count at NativeMethodAccessorImpl.java:0) as input to shuffle 15
[2026-01-29T16:41:57.997+0530] {subprocess.py:106} INFO - 26/01/29 16:41:57 INFO DAGScheduler: Got map stage job 54 (count at NativeMethodAccessorImpl.java:0) with 2 output partitions
[2026-01-29T16:41:57.997+0530] {subprocess.py:106} INFO - 26/01/29 16:41:57 INFO DAGScheduler: Final stage: ShuffleMapStage 69 (count at NativeMethodAccessorImpl.java:0)
[2026-01-29T16:41:57.997+0530] {subprocess.py:106} INFO - 26/01/29 16:41:57 INFO DAGScheduler: Parents of final stage: List()
[2026-01-29T16:41:57.997+0530] {subprocess.py:106} INFO - 26/01/29 16:41:57 INFO DAGScheduler: Missing parents: List()
[2026-01-29T16:41:57.998+0530] {subprocess.py:106} INFO - 26/01/29 16:41:57 INFO DAGScheduler: Submitting ShuffleMapStage 69 (MapPartitionsRDD[252] at count at NativeMethodAccessorImpl.java:0), which has no missing parents
[2026-01-29T16:41:57.999+0530] {subprocess.py:106} INFO - 26/01/29 16:41:57 INFO MemoryStore: Block broadcast_94 stored as values in memory (estimated size 20.0 KiB, free 365.1 MiB)
[2026-01-29T16:41:58.000+0530] {subprocess.py:106} INFO - 26/01/29 16:41:58 INFO MemoryStore: Block broadcast_94_piece0 stored as bytes in memory (estimated size 9.6 KiB, free 365.1 MiB)
[2026-01-29T16:41:58.000+0530] {subprocess.py:106} INFO - 26/01/29 16:41:58 INFO BlockManagerInfo: Added broadcast_94_piece0 in memory on Aishwarya92848DBDA:35477 (size: 9.6 KiB, free: 366.2 MiB)
[2026-01-29T16:41:58.000+0530] {subprocess.py:106} INFO - 26/01/29 16:41:58 INFO SparkContext: Created broadcast 94 from broadcast at DAGScheduler.scala:1585
[2026-01-29T16:41:58.001+0530] {subprocess.py:106} INFO - 26/01/29 16:41:58 INFO DAGScheduler: Submitting 2 missing tasks from ShuffleMapStage 69 (MapPartitionsRDD[252] at count at NativeMethodAccessorImpl.java:0) (first 15 tasks are for partitions Vector(0, 1))
[2026-01-29T16:41:58.001+0530] {subprocess.py:106} INFO - 26/01/29 16:41:58 INFO TaskSchedulerImpl: Adding task set 69.0 with 2 tasks resource profile 0
[2026-01-29T16:41:58.002+0530] {subprocess.py:106} INFO - 26/01/29 16:41:58 INFO TaskSetManager: Starting task 0.0 in stage 69.0 (TID 91) (Aishwarya92848DBDA, executor driver, partition 0, NODE_LOCAL, 8230 bytes)
[2026-01-29T16:41:58.002+0530] {subprocess.py:106} INFO - 26/01/29 16:41:58 INFO TaskSetManager: Starting task 1.0 in stage 69.0 (TID 92) (Aishwarya92848DBDA, executor driver, partition 1, NODE_LOCAL, 8230 bytes)
[2026-01-29T16:41:58.003+0530] {subprocess.py:106} INFO - 26/01/29 16:41:58 INFO Executor: Running task 0.0 in stage 69.0 (TID 91)
[2026-01-29T16:41:58.003+0530] {subprocess.py:106} INFO - 26/01/29 16:41:58 INFO Executor: Running task 1.0 in stage 69.0 (TID 92)
[2026-01-29T16:41:58.005+0530] {subprocess.py:106} INFO - 26/01/29 16:41:58 INFO FileScanRDD: Reading File path: hdfs://localhost:9000/weather/data/raw_data/weather_dataset.csv, range: 0-4194304, partition values: [empty row]
[2026-01-29T16:41:58.006+0530] {subprocess.py:106} INFO - 26/01/29 16:41:58 INFO FileScanRDD: Reading File path: hdfs://localhost:9000/weather/data/raw_data/weather_dataset.csv, range: 4194304-6329103, partition values: [empty row]
[2026-01-29T16:41:58.019+0530] {subprocess.py:106} INFO - 26/01/29 16:41:58 INFO BlockManagerInfo: Removed broadcast_89_piece0 on Aishwarya92848DBDA:35477 in memory (size: 9.7 KiB, free: 366.2 MiB)
[2026-01-29T16:41:58.021+0530] {subprocess.py:106} INFO - 26/01/29 16:41:58 INFO BlockManagerInfo: Removed broadcast_90_piece0 on Aishwarya92848DBDA:35477 in memory (size: 5.9 KiB, free: 366.2 MiB)
[2026-01-29T16:41:58.022+0530] {subprocess.py:106} INFO - 26/01/29 16:41:58 INFO BlockManagerInfo: Removed broadcast_88_piece0 on Aishwarya92848DBDA:35477 in memory (size: 34.3 KiB, free: 366.2 MiB)
[2026-01-29T16:41:58.023+0530] {subprocess.py:106} INFO - 26/01/29 16:41:58 INFO BlockManagerInfo: Removed broadcast_92_piece0 on Aishwarya92848DBDA:35477 in memory (size: 9.5 KiB, free: 366.2 MiB)
[2026-01-29T16:41:58.025+0530] {subprocess.py:106} INFO - 26/01/29 16:41:58 INFO BlockManagerInfo: Removed broadcast_91_piece0 on Aishwarya92848DBDA:35477 in memory (size: 34.3 KiB, free: 366.3 MiB)
[2026-01-29T16:41:58.054+0530] {subprocess.py:106} INFO - 26/01/29 16:41:58 INFO Executor: Finished task 1.0 in stage 69.0 (TID 92). 2033 bytes result sent to driver
[2026-01-29T16:41:58.055+0530] {subprocess.py:106} INFO - 26/01/29 16:41:58 INFO TaskSetManager: Finished task 1.0 in stage 69.0 (TID 92) in 53 ms on Aishwarya92848DBDA (executor driver) (1/2)
[2026-01-29T16:41:58.084+0530] {subprocess.py:106} INFO - 26/01/29 16:41:58 INFO Executor: Finished task 0.0 in stage 69.0 (TID 91). 2033 bytes result sent to driver
[2026-01-29T16:41:58.084+0530] {subprocess.py:106} INFO - 26/01/29 16:41:58 INFO TaskSetManager: Finished task 0.0 in stage 69.0 (TID 91) in 82 ms on Aishwarya92848DBDA (executor driver) (2/2)
[2026-01-29T16:41:58.085+0530] {subprocess.py:106} INFO - 26/01/29 16:41:58 INFO TaskSchedulerImpl: Removed TaskSet 69.0, whose tasks have all completed, from pool
[2026-01-29T16:41:58.085+0530] {subprocess.py:106} INFO - 26/01/29 16:41:58 INFO DAGScheduler: ShuffleMapStage 69 (count at NativeMethodAccessorImpl.java:0) finished in 0.088 s
[2026-01-29T16:41:58.085+0530] {subprocess.py:106} INFO - 26/01/29 16:41:58 INFO DAGScheduler: looking for newly runnable stages
[2026-01-29T16:41:58.086+0530] {subprocess.py:106} INFO - 26/01/29 16:41:58 INFO DAGScheduler: running: Set()
[2026-01-29T16:41:58.086+0530] {subprocess.py:106} INFO - 26/01/29 16:41:58 INFO DAGScheduler: waiting: Set()
[2026-01-29T16:41:58.086+0530] {subprocess.py:106} INFO - 26/01/29 16:41:58 INFO DAGScheduler: failed: Set()
[2026-01-29T16:41:58.097+0530] {subprocess.py:106} INFO - 26/01/29 16:41:58 INFO SparkContext: Starting job: count at NativeMethodAccessorImpl.java:0
[2026-01-29T16:41:58.097+0530] {subprocess.py:106} INFO - 26/01/29 16:41:58 INFO DAGScheduler: Got job 55 (count at NativeMethodAccessorImpl.java:0) with 1 output partitions
[2026-01-29T16:41:58.097+0530] {subprocess.py:106} INFO - 26/01/29 16:41:58 INFO DAGScheduler: Final stage: ResultStage 71 (count at NativeMethodAccessorImpl.java:0)
[2026-01-29T16:41:58.098+0530] {subprocess.py:106} INFO - 26/01/29 16:41:58 INFO DAGScheduler: Parents of final stage: List(ShuffleMapStage 70)
[2026-01-29T16:41:58.098+0530] {subprocess.py:106} INFO - 26/01/29 16:41:58 INFO DAGScheduler: Missing parents: List()
[2026-01-29T16:41:58.098+0530] {subprocess.py:106} INFO - 26/01/29 16:41:58 INFO DAGScheduler: Submitting ResultStage 71 (MapPartitionsRDD[255] at count at NativeMethodAccessorImpl.java:0), which has no missing parents
[2026-01-29T16:41:58.099+0530] {subprocess.py:106} INFO - 26/01/29 16:41:58 INFO MemoryStore: Block broadcast_95 stored as values in memory (estimated size 12.5 KiB, free 365.9 MiB)
[2026-01-29T16:41:58.099+0530] {subprocess.py:106} INFO - 26/01/29 16:41:58 INFO MemoryStore: Block broadcast_95_piece0 stored as bytes in memory (estimated size 5.9 KiB, free 365.9 MiB)
[2026-01-29T16:41:58.100+0530] {subprocess.py:106} INFO - 26/01/29 16:41:58 INFO BlockManagerInfo: Added broadcast_95_piece0 in memory on Aishwarya92848DBDA:35477 (size: 5.9 KiB, free: 366.3 MiB)
[2026-01-29T16:41:58.100+0530] {subprocess.py:106} INFO - 26/01/29 16:41:58 INFO SparkContext: Created broadcast 95 from broadcast at DAGScheduler.scala:1585
[2026-01-29T16:41:58.100+0530] {subprocess.py:106} INFO - 26/01/29 16:41:58 INFO DAGScheduler: Submitting 1 missing tasks from ResultStage 71 (MapPartitionsRDD[255] at count at NativeMethodAccessorImpl.java:0) (first 15 tasks are for partitions Vector(0))
[2026-01-29T16:41:58.100+0530] {subprocess.py:106} INFO - 26/01/29 16:41:58 INFO TaskSchedulerImpl: Adding task set 71.0 with 1 tasks resource profile 0
[2026-01-29T16:41:58.101+0530] {subprocess.py:106} INFO - 26/01/29 16:41:58 INFO TaskSetManager: Starting task 0.0 in stage 71.0 (TID 93) (Aishwarya92848DBDA, executor driver, partition 0, NODE_LOCAL, 7615 bytes)
[2026-01-29T16:41:58.102+0530] {subprocess.py:106} INFO - 26/01/29 16:41:58 INFO Executor: Running task 0.0 in stage 71.0 (TID 93)
[2026-01-29T16:41:58.103+0530] {subprocess.py:106} INFO - 26/01/29 16:41:58 INFO ShuffleBlockFetcherIterator: Getting 2 (120.0 B) non-empty blocks including 2 (120.0 B) local and 0 (0.0 B) host-local and 0 (0.0 B) push-merged-local and 0 (0.0 B) remote blocks
[2026-01-29T16:41:58.104+0530] {subprocess.py:106} INFO - 26/01/29 16:41:58 INFO ShuffleBlockFetcherIterator: Started 0 remote fetches in 0 ms
[2026-01-29T16:41:58.105+0530] {subprocess.py:106} INFO - 26/01/29 16:41:58 INFO Executor: Finished task 0.0 in stage 71.0 (TID 93). 3995 bytes result sent to driver
[2026-01-29T16:41:58.106+0530] {subprocess.py:106} INFO - 26/01/29 16:41:58 INFO TaskSetManager: Finished task 0.0 in stage 71.0 (TID 93) in 5 ms on Aishwarya92848DBDA (executor driver) (1/1)
[2026-01-29T16:41:58.106+0530] {subprocess.py:106} INFO - 26/01/29 16:41:58 INFO TaskSchedulerImpl: Removed TaskSet 71.0, whose tasks have all completed, from pool
[2026-01-29T16:41:58.106+0530] {subprocess.py:106} INFO - 26/01/29 16:41:58 INFO DAGScheduler: ResultStage 71 (count at NativeMethodAccessorImpl.java:0) finished in 0.008 s
[2026-01-29T16:41:58.107+0530] {subprocess.py:106} INFO - 26/01/29 16:41:58 INFO DAGScheduler: Job 55 is finished. Cancelling potential speculative or zombie tasks for this job
[2026-01-29T16:41:58.107+0530] {subprocess.py:106} INFO - 26/01/29 16:41:58 INFO TaskSchedulerImpl: Killing all running tasks in stage 71: Stage finished
[2026-01-29T16:41:58.107+0530] {subprocess.py:106} INFO - 26/01/29 16:41:58 INFO DAGScheduler: Job 55 finished: count at NativeMethodAccessorImpl.java:0, took 0.010008 s
[2026-01-29T16:41:58.108+0530] {subprocess.py:106} INFO - rain_sum: Outliers after handling = 18134
[2026-01-29T16:41:58.131+0530] {subprocess.py:106} INFO - 26/01/29 16:41:58 INFO FileSourceStrategy: Pushed Filters:
[2026-01-29T16:41:58.131+0530] {subprocess.py:106} INFO - 26/01/29 16:41:58 INFO FileSourceStrategy: Post-Scan Filters:
[2026-01-29T16:41:58.141+0530] {subprocess.py:106} INFO - 26/01/29 16:41:58 INFO CodeGenerator: Code generated in 6.689732 ms
[2026-01-29T16:41:58.143+0530] {subprocess.py:106} INFO - 26/01/29 16:41:58 INFO MemoryStore: Block broadcast_96 stored as values in memory (estimated size 350.2 KiB, free 365.5 MiB)
[2026-01-29T16:41:58.148+0530] {subprocess.py:106} INFO - 26/01/29 16:41:58 INFO MemoryStore: Block broadcast_96_piece0 stored as bytes in memory (estimated size 34.3 KiB, free 365.5 MiB)
[2026-01-29T16:41:58.148+0530] {subprocess.py:106} INFO - 26/01/29 16:41:58 INFO BlockManagerInfo: Added broadcast_96_piece0 in memory on Aishwarya92848DBDA:35477 (size: 34.3 KiB, free: 366.2 MiB)
[2026-01-29T16:41:58.149+0530] {subprocess.py:106} INFO - 26/01/29 16:41:58 INFO SparkContext: Created broadcast 96 from approxQuantile at <unknown>:0
[2026-01-29T16:41:58.149+0530] {subprocess.py:106} INFO - 26/01/29 16:41:58 INFO FileSourceScanExec: Planning scan with bin packing, max size: 4194304 bytes, open cost is considered as scanning 4194304 bytes.
[2026-01-29T16:41:58.160+0530] {subprocess.py:106} INFO - 26/01/29 16:41:58 INFO SparkContext: Starting job: approxQuantile at <unknown>:0
[2026-01-29T16:41:58.160+0530] {subprocess.py:106} INFO - 26/01/29 16:41:58 INFO DAGScheduler: Got job 56 (approxQuantile at <unknown>:0) with 2 output partitions
[2026-01-29T16:41:58.161+0530] {subprocess.py:106} INFO - 26/01/29 16:41:58 INFO DAGScheduler: Final stage: ResultStage 72 (approxQuantile at <unknown>:0)
[2026-01-29T16:41:58.161+0530] {subprocess.py:106} INFO - 26/01/29 16:41:58 INFO DAGScheduler: Parents of final stage: List()
[2026-01-29T16:41:58.161+0530] {subprocess.py:106} INFO - 26/01/29 16:41:58 INFO DAGScheduler: Missing parents: List()
[2026-01-29T16:41:58.161+0530] {subprocess.py:106} INFO - 26/01/29 16:41:58 INFO DAGScheduler: Submitting ResultStage 72 (MapPartitionsRDD[262] at approxQuantile at <unknown>:0), which has no missing parents
[2026-01-29T16:41:58.171+0530] {subprocess.py:106} INFO - 26/01/29 16:41:58 INFO MemoryStore: Block broadcast_97 stored as values in memory (estimated size 32.9 KiB, free 365.5 MiB)
[2026-01-29T16:41:58.172+0530] {subprocess.py:106} INFO - 26/01/29 16:41:58 INFO MemoryStore: Block broadcast_97_piece0 stored as bytes in memory (estimated size 15.2 KiB, free 365.5 MiB)
[2026-01-29T16:41:58.172+0530] {subprocess.py:106} INFO - 26/01/29 16:41:58 INFO BlockManagerInfo: Added broadcast_97_piece0 in memory on Aishwarya92848DBDA:35477 (size: 15.2 KiB, free: 366.2 MiB)
[2026-01-29T16:41:58.172+0530] {subprocess.py:106} INFO - 26/01/29 16:41:58 INFO SparkContext: Created broadcast 97 from broadcast at DAGScheduler.scala:1585
[2026-01-29T16:41:58.173+0530] {subprocess.py:106} INFO - 26/01/29 16:41:58 INFO DAGScheduler: Submitting 2 missing tasks from ResultStage 72 (MapPartitionsRDD[262] at approxQuantile at <unknown>:0) (first 15 tasks are for partitions Vector(0, 1))
[2026-01-29T16:41:58.173+0530] {subprocess.py:106} INFO - 26/01/29 16:41:58 INFO TaskSchedulerImpl: Adding task set 72.0 with 2 tasks resource profile 0
[2026-01-29T16:41:58.174+0530] {subprocess.py:106} INFO - 26/01/29 16:41:58 INFO TaskSetManager: Starting task 0.0 in stage 72.0 (TID 94) (Aishwarya92848DBDA, executor driver, partition 0, NODE_LOCAL, 8241 bytes)
[2026-01-29T16:41:58.174+0530] {subprocess.py:106} INFO - 26/01/29 16:41:58 INFO TaskSetManager: Starting task 1.0 in stage 72.0 (TID 95) (Aishwarya92848DBDA, executor driver, partition 1, NODE_LOCAL, 8241 bytes)
[2026-01-29T16:41:58.174+0530] {subprocess.py:106} INFO - 26/01/29 16:41:58 INFO Executor: Running task 0.0 in stage 72.0 (TID 94)
[2026-01-29T16:41:58.175+0530] {subprocess.py:106} INFO - 26/01/29 16:41:58 INFO Executor: Running task 1.0 in stage 72.0 (TID 95)
[2026-01-29T16:41:58.184+0530] {subprocess.py:106} INFO - 26/01/29 16:41:58 INFO CodeGenerator: Code generated in 6.499815 ms
[2026-01-29T16:41:58.186+0530] {subprocess.py:106} INFO - 26/01/29 16:41:58 INFO FileScanRDD: Reading File path: hdfs://localhost:9000/weather/data/raw_data/weather_dataset.csv, range: 4194304-6329103, partition values: [empty row]
[2026-01-29T16:41:58.187+0530] {subprocess.py:106} INFO - 26/01/29 16:41:58 INFO FileScanRDD: Reading File path: hdfs://localhost:9000/weather/data/raw_data/weather_dataset.csv, range: 0-4194304, partition values: [empty row]
[2026-01-29T16:41:58.248+0530] {subprocess.py:106} INFO - 26/01/29 16:41:58 INFO Executor: Finished task 1.0 in stage 72.0 (TID 95). 8161 bytes result sent to driver
[2026-01-29T16:41:58.248+0530] {subprocess.py:106} INFO - 26/01/29 16:41:58 INFO TaskSetManager: Finished task 1.0 in stage 72.0 (TID 95) in 74 ms on Aishwarya92848DBDA (executor driver) (1/2)
[2026-01-29T16:41:58.293+0530] {subprocess.py:106} INFO - 26/01/29 16:41:58 INFO Executor: Finished task 0.0 in stage 72.0 (TID 94). 5961 bytes result sent to driver
[2026-01-29T16:41:58.294+0530] {subprocess.py:106} INFO - 26/01/29 16:41:58 INFO TaskSetManager: Finished task 0.0 in stage 72.0 (TID 94) in 121 ms on Aishwarya92848DBDA (executor driver) (2/2)
[2026-01-29T16:41:58.294+0530] {subprocess.py:106} INFO - 26/01/29 16:41:58 INFO TaskSchedulerImpl: Removed TaskSet 72.0, whose tasks have all completed, from pool
[2026-01-29T16:41:58.295+0530] {subprocess.py:106} INFO - 26/01/29 16:41:58 INFO DAGScheduler: ResultStage 72 (approxQuantile at <unknown>:0) finished in 0.133 s
[2026-01-29T16:41:58.295+0530] {subprocess.py:106} INFO - 26/01/29 16:41:58 INFO DAGScheduler: Job 56 is finished. Cancelling potential speculative or zombie tasks for this job
[2026-01-29T16:41:58.295+0530] {subprocess.py:106} INFO - 26/01/29 16:41:58 INFO TaskSchedulerImpl: Killing all running tasks in stage 72: Stage finished
[2026-01-29T16:41:58.296+0530] {subprocess.py:106} INFO - 26/01/29 16:41:58 INFO DAGScheduler: Job 56 finished: approxQuantile at <unknown>:0, took 0.135249 s
[2026-01-29T16:41:58.326+0530] {subprocess.py:106} INFO - 26/01/29 16:41:58 INFO BlockManagerInfo: Removed broadcast_93_piece0 on Aishwarya92848DBDA:35477 in memory (size: 34.3 KiB, free: 366.2 MiB)
[2026-01-29T16:41:58.327+0530] {subprocess.py:106} INFO - 26/01/29 16:41:58 INFO BlockManagerInfo: Removed broadcast_94_piece0 on Aishwarya92848DBDA:35477 in memory (size: 9.6 KiB, free: 366.2 MiB)
[2026-01-29T16:41:58.329+0530] {subprocess.py:106} INFO - 26/01/29 16:41:58 INFO BlockManagerInfo: Removed broadcast_95_piece0 on Aishwarya92848DBDA:35477 in memory (size: 5.9 KiB, free: 366.3 MiB)
[2026-01-29T16:41:58.330+0530] {subprocess.py:106} INFO - 26/01/29 16:41:58 INFO BlockManagerInfo: Removed broadcast_96_piece0 on Aishwarya92848DBDA:35477 in memory (size: 34.3 KiB, free: 366.3 MiB)
[2026-01-29T16:41:58.331+0530] {subprocess.py:106} INFO - 26/01/29 16:41:58 INFO BlockManagerInfo: Removed broadcast_97_piece0 on Aishwarya92848DBDA:35477 in memory (size: 15.2 KiB, free: 366.3 MiB)
[2026-01-29T16:41:58.368+0530] {subprocess.py:106} INFO - 26/01/29 16:41:58 INFO FileSourceStrategy: Pushed Filters:
[2026-01-29T16:41:58.368+0530] {subprocess.py:106} INFO - 26/01/29 16:41:58 INFO FileSourceStrategy: Post-Scan Filters: (CASE WHEN (wind_speed_10m_max#26 < 0.9000000000000039) THEN false WHEN (wind_speed_10m_max#26 > 28.899999999999995) THEN false ELSE (wind_speed_10m_max#26 < 0.9000000000000039) END OR CASE WHEN (wind_speed_10m_max#26 < 0.9000000000000039) THEN false WHEN (wind_speed_10m_max#26 > 28.899999999999995) THEN false ELSE (wind_speed_10m_max#26 > 28.899999999999995) END)
[2026-01-29T16:41:58.384+0530] {subprocess.py:106} INFO - 26/01/29 16:41:58 INFO CodeGenerator: Code generated in 8.283149 ms
[2026-01-29T16:41:58.385+0530] {subprocess.py:106} INFO - 26/01/29 16:41:58 INFO MemoryStore: Block broadcast_98 stored as values in memory (estimated size 350.2 KiB, free 366.0 MiB)
[2026-01-29T16:41:58.390+0530] {subprocess.py:106} INFO - 26/01/29 16:41:58 INFO MemoryStore: Block broadcast_98_piece0 stored as bytes in memory (estimated size 34.3 KiB, free 365.9 MiB)
[2026-01-29T16:41:58.391+0530] {subprocess.py:106} INFO - 26/01/29 16:41:58 INFO BlockManagerInfo: Added broadcast_98_piece0 in memory on Aishwarya92848DBDA:35477 (size: 34.3 KiB, free: 366.3 MiB)
[2026-01-29T16:41:58.391+0530] {subprocess.py:106} INFO - 26/01/29 16:41:58 INFO SparkContext: Created broadcast 98 from count at NativeMethodAccessorImpl.java:0
[2026-01-29T16:41:58.392+0530] {subprocess.py:106} INFO - 26/01/29 16:41:58 INFO FileSourceScanExec: Planning scan with bin packing, max size: 4194304 bytes, open cost is considered as scanning 4194304 bytes.
[2026-01-29T16:41:58.395+0530] {subprocess.py:106} INFO - 26/01/29 16:41:58 INFO DAGScheduler: Registering RDD 266 (count at NativeMethodAccessorImpl.java:0) as input to shuffle 16
[2026-01-29T16:41:58.395+0530] {subprocess.py:106} INFO - 26/01/29 16:41:58 INFO DAGScheduler: Got map stage job 57 (count at NativeMethodAccessorImpl.java:0) with 2 output partitions
[2026-01-29T16:41:58.395+0530] {subprocess.py:106} INFO - 26/01/29 16:41:58 INFO DAGScheduler: Final stage: ShuffleMapStage 73 (count at NativeMethodAccessorImpl.java:0)
[2026-01-29T16:41:58.396+0530] {subprocess.py:106} INFO - 26/01/29 16:41:58 INFO DAGScheduler: Parents of final stage: List()
[2026-01-29T16:41:58.396+0530] {subprocess.py:106} INFO - 26/01/29 16:41:58 INFO DAGScheduler: Missing parents: List()
[2026-01-29T16:41:58.396+0530] {subprocess.py:106} INFO - 26/01/29 16:41:58 INFO DAGScheduler: Submitting ShuffleMapStage 73 (MapPartitionsRDD[266] at count at NativeMethodAccessorImpl.java:0), which has no missing parents
[2026-01-29T16:41:58.398+0530] {subprocess.py:106} INFO - 26/01/29 16:41:58 INFO MemoryStore: Block broadcast_99 stored as values in memory (estimated size 22.1 KiB, free 365.9 MiB)
[2026-01-29T16:41:58.399+0530] {subprocess.py:106} INFO - 26/01/29 16:41:58 INFO MemoryStore: Block broadcast_99_piece0 stored as bytes in memory (estimated size 10.0 KiB, free 365.9 MiB)
[2026-01-29T16:41:58.399+0530] {subprocess.py:106} INFO - 26/01/29 16:41:58 INFO BlockManagerInfo: Added broadcast_99_piece0 in memory on Aishwarya92848DBDA:35477 (size: 10.0 KiB, free: 366.3 MiB)
[2026-01-29T16:41:58.400+0530] {subprocess.py:106} INFO - 26/01/29 16:41:58 INFO SparkContext: Created broadcast 99 from broadcast at DAGScheduler.scala:1585
[2026-01-29T16:41:58.400+0530] {subprocess.py:106} INFO - 26/01/29 16:41:58 INFO DAGScheduler: Submitting 2 missing tasks from ShuffleMapStage 73 (MapPartitionsRDD[266] at count at NativeMethodAccessorImpl.java:0) (first 15 tasks are for partitions Vector(0, 1))
[2026-01-29T16:41:58.400+0530] {subprocess.py:106} INFO - 26/01/29 16:41:58 INFO TaskSchedulerImpl: Adding task set 73.0 with 2 tasks resource profile 0
[2026-01-29T16:41:58.401+0530] {subprocess.py:106} INFO - 26/01/29 16:41:58 INFO TaskSetManager: Starting task 0.0 in stage 73.0 (TID 96) (Aishwarya92848DBDA, executor driver, partition 0, NODE_LOCAL, 8230 bytes)
[2026-01-29T16:41:58.401+0530] {subprocess.py:106} INFO - 26/01/29 16:41:58 INFO TaskSetManager: Starting task 1.0 in stage 73.0 (TID 97) (Aishwarya92848DBDA, executor driver, partition 1, NODE_LOCAL, 8230 bytes)
[2026-01-29T16:41:58.401+0530] {subprocess.py:106} INFO - 26/01/29 16:41:58 INFO Executor: Running task 0.0 in stage 73.0 (TID 96)
[2026-01-29T16:41:58.401+0530] {subprocess.py:106} INFO - 26/01/29 16:41:58 INFO Executor: Running task 1.0 in stage 73.0 (TID 97)
[2026-01-29T16:41:58.412+0530] {subprocess.py:106} INFO - 26/01/29 16:41:58 INFO CodeGenerator: Code generated in 8.123579 ms
[2026-01-29T16:41:58.413+0530] {subprocess.py:106} INFO - 26/01/29 16:41:58 INFO FileScanRDD: Reading File path: hdfs://localhost:9000/weather/data/raw_data/weather_dataset.csv, range: 4194304-6329103, partition values: [empty row]
[2026-01-29T16:41:58.414+0530] {subprocess.py:106} INFO - 26/01/29 16:41:58 INFO FileScanRDD: Reading File path: hdfs://localhost:9000/weather/data/raw_data/weather_dataset.csv, range: 0-4194304, partition values: [empty row]
[2026-01-29T16:41:58.478+0530] {subprocess.py:106} INFO - 26/01/29 16:41:58 INFO Executor: Finished task 1.0 in stage 73.0 (TID 97). 1990 bytes result sent to driver
[2026-01-29T16:41:58.479+0530] {subprocess.py:106} INFO - 26/01/29 16:41:58 INFO TaskSetManager: Finished task 1.0 in stage 73.0 (TID 97) in 77 ms on Aishwarya92848DBDA (executor driver) (1/2)
[2026-01-29T16:41:58.515+0530] {subprocess.py:106} INFO - 26/01/29 16:41:58 INFO Executor: Finished task 0.0 in stage 73.0 (TID 96). 1990 bytes result sent to driver
[2026-01-29T16:41:58.516+0530] {subprocess.py:106} INFO - 26/01/29 16:41:58 INFO TaskSetManager: Finished task 0.0 in stage 73.0 (TID 96) in 115 ms on Aishwarya92848DBDA (executor driver) (2/2)
[2026-01-29T16:41:58.516+0530] {subprocess.py:106} INFO - 26/01/29 16:41:58 INFO TaskSchedulerImpl: Removed TaskSet 73.0, whose tasks have all completed, from pool
[2026-01-29T16:41:58.516+0530] {subprocess.py:106} INFO - 26/01/29 16:41:58 INFO DAGScheduler: ShuffleMapStage 73 (count at NativeMethodAccessorImpl.java:0) finished in 0.120 s
[2026-01-29T16:41:58.516+0530] {subprocess.py:106} INFO - 26/01/29 16:41:58 INFO DAGScheduler: looking for newly runnable stages
[2026-01-29T16:41:58.516+0530] {subprocess.py:106} INFO - 26/01/29 16:41:58 INFO DAGScheduler: running: Set()
[2026-01-29T16:41:58.516+0530] {subprocess.py:106} INFO - 26/01/29 16:41:58 INFO DAGScheduler: waiting: Set()
[2026-01-29T16:41:58.517+0530] {subprocess.py:106} INFO - 26/01/29 16:41:58 INFO DAGScheduler: failed: Set()
[2026-01-29T16:41:58.531+0530] {subprocess.py:106} INFO - 26/01/29 16:41:58 INFO SparkContext: Starting job: count at NativeMethodAccessorImpl.java:0
[2026-01-29T16:41:58.532+0530] {subprocess.py:106} INFO - 26/01/29 16:41:58 INFO DAGScheduler: Got job 58 (count at NativeMethodAccessorImpl.java:0) with 1 output partitions
[2026-01-29T16:41:58.532+0530] {subprocess.py:106} INFO - 26/01/29 16:41:58 INFO DAGScheduler: Final stage: ResultStage 75 (count at NativeMethodAccessorImpl.java:0)
[2026-01-29T16:41:58.532+0530] {subprocess.py:106} INFO - 26/01/29 16:41:58 INFO DAGScheduler: Parents of final stage: List(ShuffleMapStage 74)
[2026-01-29T16:41:58.532+0530] {subprocess.py:106} INFO - 26/01/29 16:41:58 INFO DAGScheduler: Missing parents: List()
[2026-01-29T16:41:58.533+0530] {subprocess.py:106} INFO - 26/01/29 16:41:58 INFO DAGScheduler: Submitting ResultStage 75 (MapPartitionsRDD[269] at count at NativeMethodAccessorImpl.java:0), which has no missing parents
[2026-01-29T16:41:58.533+0530] {subprocess.py:106} INFO - 26/01/29 16:41:58 INFO MemoryStore: Block broadcast_100 stored as values in memory (estimated size 12.5 KiB, free 365.9 MiB)
[2026-01-29T16:41:58.534+0530] {subprocess.py:106} INFO - 26/01/29 16:41:58 INFO MemoryStore: Block broadcast_100_piece0 stored as bytes in memory (estimated size 5.9 KiB, free 365.9 MiB)
[2026-01-29T16:41:58.535+0530] {subprocess.py:106} INFO - 26/01/29 16:41:58 INFO BlockManagerInfo: Added broadcast_100_piece0 in memory on Aishwarya92848DBDA:35477 (size: 5.9 KiB, free: 366.3 MiB)
[2026-01-29T16:41:58.535+0530] {subprocess.py:106} INFO - 26/01/29 16:41:58 INFO SparkContext: Created broadcast 100 from broadcast at DAGScheduler.scala:1585
[2026-01-29T16:41:58.535+0530] {subprocess.py:106} INFO - 26/01/29 16:41:58 INFO DAGScheduler: Submitting 1 missing tasks from ResultStage 75 (MapPartitionsRDD[269] at count at NativeMethodAccessorImpl.java:0) (first 15 tasks are for partitions Vector(0))
[2026-01-29T16:41:58.535+0530] {subprocess.py:106} INFO - 26/01/29 16:41:58 INFO TaskSchedulerImpl: Adding task set 75.0 with 1 tasks resource profile 0
[2026-01-29T16:41:58.536+0530] {subprocess.py:106} INFO - 26/01/29 16:41:58 INFO TaskSetManager: Starting task 0.0 in stage 75.0 (TID 98) (Aishwarya92848DBDA, executor driver, partition 0, NODE_LOCAL, 7615 bytes)
[2026-01-29T16:41:58.537+0530] {subprocess.py:106} INFO - 26/01/29 16:41:58 INFO Executor: Running task 0.0 in stage 75.0 (TID 98)
[2026-01-29T16:41:58.539+0530] {subprocess.py:106} INFO - 26/01/29 16:41:58 INFO ShuffleBlockFetcherIterator: Getting 2 (120.0 B) non-empty blocks including 2 (120.0 B) local and 0 (0.0 B) host-local and 0 (0.0 B) push-merged-local and 0 (0.0 B) remote blocks
[2026-01-29T16:41:58.539+0530] {subprocess.py:106} INFO - 26/01/29 16:41:58 INFO ShuffleBlockFetcherIterator: Started 0 remote fetches in 0 ms
[2026-01-29T16:41:58.540+0530] {subprocess.py:106} INFO - 26/01/29 16:41:58 INFO Executor: Finished task 0.0 in stage 75.0 (TID 98). 3988 bytes result sent to driver
[2026-01-29T16:41:58.541+0530] {subprocess.py:106} INFO - 26/01/29 16:41:58 INFO TaskSetManager: Finished task 0.0 in stage 75.0 (TID 98) in 5 ms on Aishwarya92848DBDA (executor driver) (1/1)
[2026-01-29T16:41:58.541+0530] {subprocess.py:106} INFO - 26/01/29 16:41:58 INFO TaskSchedulerImpl: Removed TaskSet 75.0, whose tasks have all completed, from pool
[2026-01-29T16:41:58.541+0530] {subprocess.py:106} INFO - 26/01/29 16:41:58 INFO DAGScheduler: ResultStage 75 (count at NativeMethodAccessorImpl.java:0) finished in 0.008 s
[2026-01-29T16:41:58.541+0530] {subprocess.py:106} INFO - 26/01/29 16:41:58 INFO DAGScheduler: Job 58 is finished. Cancelling potential speculative or zombie tasks for this job
[2026-01-29T16:41:58.541+0530] {subprocess.py:106} INFO - 26/01/29 16:41:58 INFO TaskSchedulerImpl: Killing all running tasks in stage 75: Stage finished
[2026-01-29T16:41:58.541+0530] {subprocess.py:106} INFO - 26/01/29 16:41:58 INFO DAGScheduler: Job 58 finished: count at NativeMethodAccessorImpl.java:0, took 0.010892 s
[2026-01-29T16:41:58.542+0530] {subprocess.py:106} INFO - wind_speed_10m_max: Outliers after handling = 0
[2026-01-29T16:41:58.559+0530] {subprocess.py:106} INFO - 26/01/29 16:41:58 INFO FileSourceStrategy: Pushed Filters:
[2026-01-29T16:41:58.559+0530] {subprocess.py:106} INFO - 26/01/29 16:41:58 INFO FileSourceStrategy: Post-Scan Filters:
[2026-01-29T16:41:58.569+0530] {subprocess.py:106} INFO - 26/01/29 16:41:58 INFO CodeGenerator: Code generated in 6.198318 ms
[2026-01-29T16:41:58.570+0530] {subprocess.py:106} INFO - 26/01/29 16:41:58 INFO MemoryStore: Block broadcast_101 stored as values in memory (estimated size 350.2 KiB, free 365.5 MiB)
[2026-01-29T16:41:58.575+0530] {subprocess.py:106} INFO - 26/01/29 16:41:58 INFO MemoryStore: Block broadcast_101_piece0 stored as bytes in memory (estimated size 34.3 KiB, free 365.5 MiB)
[2026-01-29T16:41:58.576+0530] {subprocess.py:106} INFO - 26/01/29 16:41:58 INFO BlockManagerInfo: Added broadcast_101_piece0 in memory on Aishwarya92848DBDA:35477 (size: 34.3 KiB, free: 366.2 MiB)
[2026-01-29T16:41:58.576+0530] {subprocess.py:106} INFO - 26/01/29 16:41:58 INFO SparkContext: Created broadcast 101 from approxQuantile at <unknown>:0
[2026-01-29T16:41:58.576+0530] {subprocess.py:106} INFO - 26/01/29 16:41:58 INFO FileSourceScanExec: Planning scan with bin packing, max size: 4194304 bytes, open cost is considered as scanning 4194304 bytes.
[2026-01-29T16:41:58.586+0530] {subprocess.py:106} INFO - 26/01/29 16:41:58 INFO SparkContext: Starting job: approxQuantile at <unknown>:0
[2026-01-29T16:41:58.587+0530] {subprocess.py:106} INFO - 26/01/29 16:41:58 INFO DAGScheduler: Got job 59 (approxQuantile at <unknown>:0) with 2 output partitions
[2026-01-29T16:41:58.587+0530] {subprocess.py:106} INFO - 26/01/29 16:41:58 INFO DAGScheduler: Final stage: ResultStage 76 (approxQuantile at <unknown>:0)
[2026-01-29T16:41:58.588+0530] {subprocess.py:106} INFO - 26/01/29 16:41:58 INFO DAGScheduler: Parents of final stage: List()
[2026-01-29T16:41:58.588+0530] {subprocess.py:106} INFO - 26/01/29 16:41:58 INFO DAGScheduler: Missing parents: List()
[2026-01-29T16:41:58.588+0530] {subprocess.py:106} INFO - 26/01/29 16:41:58 INFO DAGScheduler: Submitting ResultStage 76 (MapPartitionsRDD[276] at approxQuantile at <unknown>:0), which has no missing parents
[2026-01-29T16:41:58.593+0530] {subprocess.py:106} INFO - 26/01/29 16:41:58 INFO MemoryStore: Block broadcast_102 stored as values in memory (estimated size 32.9 KiB, free 365.5 MiB)
[2026-01-29T16:41:58.594+0530] {subprocess.py:106} INFO - 26/01/29 16:41:58 INFO MemoryStore: Block broadcast_102_piece0 stored as bytes in memory (estimated size 15.2 KiB, free 365.5 MiB)
[2026-01-29T16:41:58.594+0530] {subprocess.py:106} INFO - 26/01/29 16:41:58 INFO BlockManagerInfo: Added broadcast_102_piece0 in memory on Aishwarya92848DBDA:35477 (size: 15.2 KiB, free: 366.2 MiB)
[2026-01-29T16:41:58.595+0530] {subprocess.py:106} INFO - 26/01/29 16:41:58 INFO SparkContext: Created broadcast 102 from broadcast at DAGScheduler.scala:1585
[2026-01-29T16:41:58.595+0530] {subprocess.py:106} INFO - 26/01/29 16:41:58 INFO DAGScheduler: Submitting 2 missing tasks from ResultStage 76 (MapPartitionsRDD[276] at approxQuantile at <unknown>:0) (first 15 tasks are for partitions Vector(0, 1))
[2026-01-29T16:41:58.595+0530] {subprocess.py:106} INFO - 26/01/29 16:41:58 INFO TaskSchedulerImpl: Adding task set 76.0 with 2 tasks resource profile 0
[2026-01-29T16:41:58.596+0530] {subprocess.py:106} INFO - 26/01/29 16:41:58 INFO TaskSetManager: Starting task 0.0 in stage 76.0 (TID 99) (Aishwarya92848DBDA, executor driver, partition 0, NODE_LOCAL, 8241 bytes)
[2026-01-29T16:41:58.596+0530] {subprocess.py:106} INFO - 26/01/29 16:41:58 INFO TaskSetManager: Starting task 1.0 in stage 76.0 (TID 100) (Aishwarya92848DBDA, executor driver, partition 1, NODE_LOCAL, 8241 bytes)
[2026-01-29T16:41:58.597+0530] {subprocess.py:106} INFO - 26/01/29 16:41:58 INFO Executor: Running task 1.0 in stage 76.0 (TID 100)
[2026-01-29T16:41:58.597+0530] {subprocess.py:106} INFO - 26/01/29 16:41:58 INFO Executor: Running task 0.0 in stage 76.0 (TID 99)
[2026-01-29T16:41:58.607+0530] {subprocess.py:106} INFO - 26/01/29 16:41:58 INFO CodeGenerator: Code generated in 6.472764 ms
[2026-01-29T16:41:58.609+0530] {subprocess.py:106} INFO - 26/01/29 16:41:58 INFO FileScanRDD: Reading File path: hdfs://localhost:9000/weather/data/raw_data/weather_dataset.csv, range: 0-4194304, partition values: [empty row]
[2026-01-29T16:41:58.610+0530] {subprocess.py:106} INFO - 26/01/29 16:41:58 INFO FileScanRDD: Reading File path: hdfs://localhost:9000/weather/data/raw_data/weather_dataset.csv, range: 4194304-6329103, partition values: [empty row]
[2026-01-29T16:41:58.678+0530] {subprocess.py:106} INFO - 26/01/29 16:41:58 INFO Executor: Finished task 1.0 in stage 76.0 (TID 100). 8161 bytes result sent to driver
[2026-01-29T16:41:58.678+0530] {subprocess.py:106} INFO - 26/01/29 16:41:58 INFO TaskSetManager: Finished task 1.0 in stage 76.0 (TID 100) in 82 ms on Aishwarya92848DBDA (executor driver) (1/2)
[2026-01-29T16:41:58.698+0530] {subprocess.py:106} INFO - 26/01/29 16:41:58 INFO BlockManagerInfo: Removed broadcast_99_piece0 on Aishwarya92848DBDA:35477 in memory (size: 10.0 KiB, free: 366.2 MiB)
[2026-01-29T16:41:58.699+0530] {subprocess.py:106} INFO - 26/01/29 16:41:58 INFO BlockManagerInfo: Removed broadcast_100_piece0 on Aishwarya92848DBDA:35477 in memory (size: 5.9 KiB, free: 366.2 MiB)
[2026-01-29T16:41:58.700+0530] {subprocess.py:106} INFO - 26/01/29 16:41:58 INFO BlockManagerInfo: Removed broadcast_98_piece0 on Aishwarya92848DBDA:35477 in memory (size: 34.3 KiB, free: 366.3 MiB)
[2026-01-29T16:41:58.730+0530] {subprocess.py:106} INFO - 26/01/29 16:41:58 INFO Executor: Finished task 0.0 in stage 76.0 (TID 99). 6274 bytes result sent to driver
[2026-01-29T16:41:58.731+0530] {subprocess.py:106} INFO - 26/01/29 16:41:58 INFO TaskSetManager: Finished task 0.0 in stage 76.0 (TID 99) in 134 ms on Aishwarya92848DBDA (executor driver) (2/2)
[2026-01-29T16:41:58.731+0530] {subprocess.py:106} INFO - 26/01/29 16:41:58 INFO TaskSchedulerImpl: Removed TaskSet 76.0, whose tasks have all completed, from pool
[2026-01-29T16:41:58.731+0530] {subprocess.py:106} INFO - 26/01/29 16:41:58 INFO DAGScheduler: ResultStage 76 (approxQuantile at <unknown>:0) finished in 0.143 s
[2026-01-29T16:41:58.731+0530] {subprocess.py:106} INFO - 26/01/29 16:41:58 INFO DAGScheduler: Job 59 is finished. Cancelling potential speculative or zombie tasks for this job
[2026-01-29T16:41:58.731+0530] {subprocess.py:106} INFO - 26/01/29 16:41:58 INFO TaskSchedulerImpl: Killing all running tasks in stage 76: Stage finished
[2026-01-29T16:41:58.732+0530] {subprocess.py:106} INFO - 26/01/29 16:41:58 INFO DAGScheduler: Job 59 finished: approxQuantile at <unknown>:0, took 0.145222 s
[2026-01-29T16:41:58.793+0530] {subprocess.py:106} INFO - 26/01/29 16:41:58 INFO FileSourceStrategy: Pushed Filters:
[2026-01-29T16:41:58.794+0530] {subprocess.py:106} INFO - 26/01/29 16:41:58 INFO FileSourceStrategy: Post-Scan Filters: (CASE WHEN (wind_gusts_10m_max#27 < 7.900000000000006) THEN false WHEN (wind_gusts_10m_max#27 > 55.099999999999994) THEN false ELSE (wind_gusts_10m_max#27 < 7.900000000000006) END OR CASE WHEN (wind_gusts_10m_max#27 < 7.900000000000006) THEN false WHEN (wind_gusts_10m_max#27 > 55.099999999999994) THEN false ELSE (wind_gusts_10m_max#27 > 55.099999999999994) END)
[2026-01-29T16:41:58.810+0530] {subprocess.py:106} INFO - 26/01/29 16:41:58 INFO CodeGenerator: Code generated in 7.068294 ms
[2026-01-29T16:41:58.811+0530] {subprocess.py:106} INFO - 26/01/29 16:41:58 INFO MemoryStore: Block broadcast_103 stored as values in memory (estimated size 350.2 KiB, free 365.5 MiB)
[2026-01-29T16:41:58.817+0530] {subprocess.py:106} INFO - 26/01/29 16:41:58 INFO MemoryStore: Block broadcast_103_piece0 stored as bytes in memory (estimated size 34.3 KiB, free 365.5 MiB)
[2026-01-29T16:41:58.817+0530] {subprocess.py:106} INFO - 26/01/29 16:41:58 INFO BlockManagerInfo: Added broadcast_103_piece0 in memory on Aishwarya92848DBDA:35477 (size: 34.3 KiB, free: 366.2 MiB)
[2026-01-29T16:41:58.817+0530] {subprocess.py:106} INFO - 26/01/29 16:41:58 INFO SparkContext: Created broadcast 103 from count at <unknown>:0
[2026-01-29T16:41:58.818+0530] {subprocess.py:106} INFO - 26/01/29 16:41:58 INFO FileSourceScanExec: Planning scan with bin packing, max size: 4194304 bytes, open cost is considered as scanning 4194304 bytes.
[2026-01-29T16:41:58.821+0530] {subprocess.py:106} INFO - 26/01/29 16:41:58 INFO DAGScheduler: Registering RDD 280 (count at <unknown>:0) as input to shuffle 17
[2026-01-29T16:41:58.821+0530] {subprocess.py:106} INFO - 26/01/29 16:41:58 INFO DAGScheduler: Got map stage job 60 (count at <unknown>:0) with 2 output partitions
[2026-01-29T16:41:58.821+0530] {subprocess.py:106} INFO - 26/01/29 16:41:58 INFO DAGScheduler: Final stage: ShuffleMapStage 77 (count at <unknown>:0)
[2026-01-29T16:41:58.821+0530] {subprocess.py:106} INFO - 26/01/29 16:41:58 INFO DAGScheduler: Parents of final stage: List()
[2026-01-29T16:41:58.822+0530] {subprocess.py:106} INFO - 26/01/29 16:41:58 INFO DAGScheduler: Missing parents: List()
[2026-01-29T16:41:58.822+0530] {subprocess.py:106} INFO - 26/01/29 16:41:58 INFO DAGScheduler: Submitting ShuffleMapStage 77 (MapPartitionsRDD[280] at count at <unknown>:0), which has no missing parents
[2026-01-29T16:41:58.823+0530] {subprocess.py:106} INFO - 26/01/29 16:41:58 INFO MemoryStore: Block broadcast_104 stored as values in memory (estimated size 22.1 KiB, free 365.5 MiB)
[2026-01-29T16:41:58.824+0530] {subprocess.py:106} INFO - 26/01/29 16:41:58 INFO MemoryStore: Block broadcast_104_piece0 stored as bytes in memory (estimated size 10.0 KiB, free 365.5 MiB)
[2026-01-29T16:41:58.824+0530] {subprocess.py:106} INFO - 26/01/29 16:41:58 INFO BlockManagerInfo: Added broadcast_104_piece0 in memory on Aishwarya92848DBDA:35477 (size: 10.0 KiB, free: 366.2 MiB)
[2026-01-29T16:41:58.825+0530] {subprocess.py:106} INFO - 26/01/29 16:41:58 INFO SparkContext: Created broadcast 104 from broadcast at DAGScheduler.scala:1585
[2026-01-29T16:41:58.825+0530] {subprocess.py:106} INFO - 26/01/29 16:41:58 INFO DAGScheduler: Submitting 2 missing tasks from ShuffleMapStage 77 (MapPartitionsRDD[280] at count at <unknown>:0) (first 15 tasks are for partitions Vector(0, 1))
[2026-01-29T16:41:58.825+0530] {subprocess.py:106} INFO - 26/01/29 16:41:58 INFO TaskSchedulerImpl: Adding task set 77.0 with 2 tasks resource profile 0
[2026-01-29T16:41:58.826+0530] {subprocess.py:106} INFO - 26/01/29 16:41:58 INFO TaskSetManager: Starting task 0.0 in stage 77.0 (TID 101) (Aishwarya92848DBDA, executor driver, partition 0, NODE_LOCAL, 8230 bytes)
[2026-01-29T16:41:58.826+0530] {subprocess.py:106} INFO - 26/01/29 16:41:58 INFO TaskSetManager: Starting task 1.0 in stage 77.0 (TID 102) (Aishwarya92848DBDA, executor driver, partition 1, NODE_LOCAL, 8230 bytes)
[2026-01-29T16:41:58.826+0530] {subprocess.py:106} INFO - 26/01/29 16:41:58 INFO Executor: Running task 0.0 in stage 77.0 (TID 101)
[2026-01-29T16:41:58.826+0530] {subprocess.py:106} INFO - 26/01/29 16:41:58 INFO Executor: Running task 1.0 in stage 77.0 (TID 102)
[2026-01-29T16:41:58.837+0530] {subprocess.py:106} INFO - 26/01/29 16:41:58 INFO CodeGenerator: Code generated in 7.817483 ms
[2026-01-29T16:41:58.838+0530] {subprocess.py:106} INFO - 26/01/29 16:41:58 INFO FileScanRDD: Reading File path: hdfs://localhost:9000/weather/data/raw_data/weather_dataset.csv, range: 4194304-6329103, partition values: [empty row]
[2026-01-29T16:41:58.839+0530] {subprocess.py:106} INFO - 26/01/29 16:41:58 INFO FileScanRDD: Reading File path: hdfs://localhost:9000/weather/data/raw_data/weather_dataset.csv, range: 0-4194304, partition values: [empty row]
[2026-01-29T16:41:58.894+0530] {subprocess.py:106} INFO - 26/01/29 16:41:58 INFO Executor: Finished task 1.0 in stage 77.0 (TID 102). 1990 bytes result sent to driver
[2026-01-29T16:41:58.895+0530] {subprocess.py:106} INFO - 26/01/29 16:41:58 INFO TaskSetManager: Finished task 1.0 in stage 77.0 (TID 102) in 69 ms on Aishwarya92848DBDA (executor driver) (1/2)
[2026-01-29T16:41:58.928+0530] {subprocess.py:106} INFO - 26/01/29 16:41:58 INFO Executor: Finished task 0.0 in stage 77.0 (TID 101). 1990 bytes result sent to driver
[2026-01-29T16:41:58.928+0530] {subprocess.py:106} INFO - 26/01/29 16:41:58 INFO TaskSetManager: Finished task 0.0 in stage 77.0 (TID 101) in 103 ms on Aishwarya92848DBDA (executor driver) (2/2)
[2026-01-29T16:41:58.928+0530] {subprocess.py:106} INFO - 26/01/29 16:41:58 INFO TaskSchedulerImpl: Removed TaskSet 77.0, whose tasks have all completed, from pool
[2026-01-29T16:41:58.928+0530] {subprocess.py:106} INFO - 26/01/29 16:41:58 INFO DAGScheduler: ShuffleMapStage 77 (count at <unknown>:0) finished in 0.106 s
[2026-01-29T16:41:58.929+0530] {subprocess.py:106} INFO - 26/01/29 16:41:58 INFO DAGScheduler: looking for newly runnable stages
[2026-01-29T16:41:58.929+0530] {subprocess.py:106} INFO - 26/01/29 16:41:58 INFO DAGScheduler: running: Set()
[2026-01-29T16:41:58.929+0530] {subprocess.py:106} INFO - 26/01/29 16:41:58 INFO DAGScheduler: waiting: Set()
[2026-01-29T16:41:58.929+0530] {subprocess.py:106} INFO - 26/01/29 16:41:58 INFO DAGScheduler: failed: Set()
[2026-01-29T16:41:58.937+0530] {subprocess.py:106} INFO - 26/01/29 16:41:58 INFO SparkContext: Starting job: count at <unknown>:0
[2026-01-29T16:41:58.938+0530] {subprocess.py:106} INFO - 26/01/29 16:41:58 INFO DAGScheduler: Got job 61 (count at <unknown>:0) with 1 output partitions
[2026-01-29T16:41:58.938+0530] {subprocess.py:106} INFO - 26/01/29 16:41:58 INFO DAGScheduler: Final stage: ResultStage 79 (count at <unknown>:0)
[2026-01-29T16:41:58.939+0530] {subprocess.py:106} INFO - 26/01/29 16:41:58 INFO DAGScheduler: Parents of final stage: List(ShuffleMapStage 78)
[2026-01-29T16:41:58.939+0530] {subprocess.py:106} INFO - 26/01/29 16:41:58 INFO DAGScheduler: Missing parents: List()
[2026-01-29T16:41:58.939+0530] {subprocess.py:106} INFO - 26/01/29 16:41:58 INFO DAGScheduler: Submitting ResultStage 79 (MapPartitionsRDD[283] at count at <unknown>:0), which has no missing parents
[2026-01-29T16:41:58.940+0530] {subprocess.py:106} INFO - 26/01/29 16:41:58 INFO MemoryStore: Block broadcast_105 stored as values in memory (estimated size 12.5 KiB, free 365.5 MiB)
[2026-01-29T16:41:58.940+0530] {subprocess.py:106} INFO - 26/01/29 16:41:58 INFO MemoryStore: Block broadcast_105_piece0 stored as bytes in memory (estimated size 5.9 KiB, free 365.5 MiB)
[2026-01-29T16:41:58.941+0530] {subprocess.py:106} INFO - 26/01/29 16:41:58 INFO BlockManagerInfo: Added broadcast_105_piece0 in memory on Aishwarya92848DBDA:35477 (size: 5.9 KiB, free: 366.2 MiB)
[2026-01-29T16:41:58.941+0530] {subprocess.py:106} INFO - 26/01/29 16:41:58 INFO SparkContext: Created broadcast 105 from broadcast at DAGScheduler.scala:1585
[2026-01-29T16:41:58.941+0530] {subprocess.py:106} INFO - 26/01/29 16:41:58 INFO DAGScheduler: Submitting 1 missing tasks from ResultStage 79 (MapPartitionsRDD[283] at count at <unknown>:0) (first 15 tasks are for partitions Vector(0))
[2026-01-29T16:41:58.941+0530] {subprocess.py:106} INFO - 26/01/29 16:41:58 INFO TaskSchedulerImpl: Adding task set 79.0 with 1 tasks resource profile 0
[2026-01-29T16:41:58.942+0530] {subprocess.py:106} INFO - 26/01/29 16:41:58 INFO TaskSetManager: Starting task 0.0 in stage 79.0 (TID 103) (Aishwarya92848DBDA, executor driver, partition 0, NODE_LOCAL, 7615 bytes)
[2026-01-29T16:41:58.942+0530] {subprocess.py:106} INFO - 26/01/29 16:41:58 INFO Executor: Running task 0.0 in stage 79.0 (TID 103)
[2026-01-29T16:41:58.944+0530] {subprocess.py:106} INFO - 26/01/29 16:41:58 INFO ShuffleBlockFetcherIterator: Getting 2 (120.0 B) non-empty blocks including 2 (120.0 B) local and 0 (0.0 B) host-local and 0 (0.0 B) push-merged-local and 0 (0.0 B) remote blocks
[2026-01-29T16:41:58.945+0530] {subprocess.py:106} INFO - 26/01/29 16:41:58 INFO ShuffleBlockFetcherIterator: Started 0 remote fetches in 0 ms
[2026-01-29T16:41:58.946+0530] {subprocess.py:106} INFO - 26/01/29 16:41:58 INFO Executor: Finished task 0.0 in stage 79.0 (TID 103). 3988 bytes result sent to driver
[2026-01-29T16:41:58.946+0530] {subprocess.py:106} INFO - 26/01/29 16:41:58 INFO TaskSetManager: Finished task 0.0 in stage 79.0 (TID 103) in 4 ms on Aishwarya92848DBDA (executor driver) (1/1)
[2026-01-29T16:41:58.947+0530] {subprocess.py:106} INFO - 26/01/29 16:41:58 INFO TaskSchedulerImpl: Removed TaskSet 79.0, whose tasks have all completed, from pool
[2026-01-29T16:41:58.947+0530] {subprocess.py:106} INFO - 26/01/29 16:41:58 INFO DAGScheduler: ResultStage 79 (count at <unknown>:0) finished in 0.008 s
[2026-01-29T16:41:58.947+0530] {subprocess.py:106} INFO - 26/01/29 16:41:58 INFO DAGScheduler: Job 61 is finished. Cancelling potential speculative or zombie tasks for this job
[2026-01-29T16:41:58.947+0530] {subprocess.py:106} INFO - 26/01/29 16:41:58 INFO TaskSchedulerImpl: Killing all running tasks in stage 79: Stage finished
[2026-01-29T16:41:58.947+0530] {subprocess.py:106} INFO - 26/01/29 16:41:58 INFO DAGScheduler: Job 61 finished: count at <unknown>:0, took 0.009486 s
[2026-01-29T16:41:58.948+0530] {subprocess.py:106} INFO - wind_gusts_10m_max: Outliers after handling = 0
[2026-01-29T16:41:58.987+0530] {subprocess.py:106} INFO - 26/01/29 16:41:58 INFO FileSourceStrategy: Pushed Filters:
[2026-01-29T16:41:58.987+0530] {subprocess.py:106} INFO - 26/01/29 16:41:58 INFO FileSourceStrategy: Post-Scan Filters:
[2026-01-29T16:41:59.051+0530] {subprocess.py:106} INFO - 26/01/29 16:41:59 INFO CodeGenerator: Code generated in 33.431971 ms
[2026-01-29T16:41:59.052+0530] {subprocess.py:106} INFO - 26/01/29 16:41:59 INFO MemoryStore: Block broadcast_106 stored as values in memory (estimated size 350.2 KiB, free 365.1 MiB)
[2026-01-29T16:41:59.057+0530] {subprocess.py:106} INFO - 26/01/29 16:41:59 INFO MemoryStore: Block broadcast_106_piece0 stored as bytes in memory (estimated size 34.3 KiB, free 365.1 MiB)
[2026-01-29T16:41:59.058+0530] {subprocess.py:106} INFO - 26/01/29 16:41:59 INFO BlockManagerInfo: Added broadcast_106_piece0 in memory on Aishwarya92848DBDA:35477 (size: 34.3 KiB, free: 366.2 MiB)
[2026-01-29T16:41:59.058+0530] {subprocess.py:106} INFO - 26/01/29 16:41:59 INFO SparkContext: Created broadcast 106 from showString at NativeMethodAccessorImpl.java:0
[2026-01-29T16:41:59.058+0530] {subprocess.py:106} INFO - 26/01/29 16:41:59 INFO FileSourceScanExec: Planning scan with bin packing, max size: 4194304 bytes, open cost is considered as scanning 4194304 bytes.
[2026-01-29T16:41:59.067+0530] {subprocess.py:106} INFO - 26/01/29 16:41:59 INFO DAGScheduler: Registering RDD 287 (showString at NativeMethodAccessorImpl.java:0) as input to shuffle 18
[2026-01-29T16:41:59.067+0530] {subprocess.py:106} INFO - 26/01/29 16:41:59 INFO DAGScheduler: Got map stage job 62 (showString at NativeMethodAccessorImpl.java:0) with 2 output partitions
[2026-01-29T16:41:59.068+0530] {subprocess.py:106} INFO - 26/01/29 16:41:59 INFO DAGScheduler: Final stage: ShuffleMapStage 80 (showString at NativeMethodAccessorImpl.java:0)
[2026-01-29T16:41:59.068+0530] {subprocess.py:106} INFO - 26/01/29 16:41:59 INFO DAGScheduler: Parents of final stage: List()
[2026-01-29T16:41:59.068+0530] {subprocess.py:106} INFO - 26/01/29 16:41:59 INFO DAGScheduler: Missing parents: List()
[2026-01-29T16:41:59.069+0530] {subprocess.py:106} INFO - 26/01/29 16:41:59 INFO DAGScheduler: Submitting ShuffleMapStage 80 (MapPartitionsRDD[287] at showString at NativeMethodAccessorImpl.java:0), which has no missing parents
[2026-01-29T16:41:59.072+0530] {subprocess.py:106} INFO - 26/01/29 16:41:59 INFO MemoryStore: Block broadcast_107 stored as values in memory (estimated size 39.1 KiB, free 365.0 MiB)
[2026-01-29T16:41:59.073+0530] {subprocess.py:106} INFO - 26/01/29 16:41:59 INFO MemoryStore: Block broadcast_107_piece0 stored as bytes in memory (estimated size 18.6 KiB, free 365.0 MiB)
[2026-01-29T16:41:59.073+0530] {subprocess.py:106} INFO - 26/01/29 16:41:59 INFO BlockManagerInfo: Added broadcast_107_piece0 in memory on Aishwarya92848DBDA:35477 (size: 18.6 KiB, free: 366.2 MiB)
[2026-01-29T16:41:59.074+0530] {subprocess.py:106} INFO - 26/01/29 16:41:59 INFO SparkContext: Created broadcast 107 from broadcast at DAGScheduler.scala:1585
[2026-01-29T16:41:59.074+0530] {subprocess.py:106} INFO - 26/01/29 16:41:59 INFO DAGScheduler: Submitting 2 missing tasks from ShuffleMapStage 80 (MapPartitionsRDD[287] at showString at NativeMethodAccessorImpl.java:0) (first 15 tasks are for partitions Vector(0, 1))
[2026-01-29T16:41:59.075+0530] {subprocess.py:106} INFO - 26/01/29 16:41:59 INFO TaskSchedulerImpl: Adding task set 80.0 with 2 tasks resource profile 0
[2026-01-29T16:41:59.075+0530] {subprocess.py:106} INFO - 26/01/29 16:41:59 INFO TaskSetManager: Starting task 0.0 in stage 80.0 (TID 104) (Aishwarya92848DBDA, executor driver, partition 0, NODE_LOCAL, 8230 bytes)
[2026-01-29T16:41:59.076+0530] {subprocess.py:106} INFO - 26/01/29 16:41:59 INFO TaskSetManager: Starting task 1.0 in stage 80.0 (TID 105) (Aishwarya92848DBDA, executor driver, partition 1, NODE_LOCAL, 8230 bytes)
[2026-01-29T16:41:59.076+0530] {subprocess.py:106} INFO - 26/01/29 16:41:59 INFO Executor: Running task 0.0 in stage 80.0 (TID 104)
[2026-01-29T16:41:59.076+0530] {subprocess.py:106} INFO - 26/01/29 16:41:59 INFO Executor: Running task 1.0 in stage 80.0 (TID 105)
[2026-01-29T16:41:59.106+0530] {subprocess.py:106} INFO - 26/01/29 16:41:59 INFO CodeGenerator: Code generated in 24.100029 ms
[2026-01-29T16:41:59.120+0530] {subprocess.py:106} INFO - 26/01/29 16:41:59 INFO CodeGenerator: Code generated in 7.903816 ms
[2026-01-29T16:41:59.128+0530] {subprocess.py:106} INFO - 26/01/29 16:41:59 INFO CodeGenerator: Code generated in 3.912158 ms
[2026-01-29T16:41:59.138+0530] {subprocess.py:106} INFO - 26/01/29 16:41:59 INFO CodeGenerator: Code generated in 3.965779 ms
[2026-01-29T16:41:59.148+0530] {subprocess.py:106} INFO - 26/01/29 16:41:59 INFO FileScanRDD: Reading File path: hdfs://localhost:9000/weather/data/raw_data/weather_dataset.csv, range: 4194304-6329103, partition values: [empty row]
[2026-01-29T16:41:59.148+0530] {subprocess.py:106} INFO - 26/01/29 16:41:59 INFO FileScanRDD: Reading File path: hdfs://localhost:9000/weather/data/raw_data/weather_dataset.csv, range: 0-4194304, partition values: [empty row]
[2026-01-29T16:41:59.201+0530] {subprocess.py:106} INFO - 26/01/29 16:41:59 INFO BlockManagerInfo: Removed broadcast_104_piece0 on Aishwarya92848DBDA:35477 in memory (size: 10.0 KiB, free: 366.2 MiB)
[2026-01-29T16:41:59.202+0530] {subprocess.py:106} INFO - 26/01/29 16:41:59 INFO BlockManagerInfo: Removed broadcast_101_piece0 on Aishwarya92848DBDA:35477 in memory (size: 34.3 KiB, free: 366.2 MiB)
[2026-01-29T16:41:59.204+0530] {subprocess.py:106} INFO - 26/01/29 16:41:59 INFO BlockManagerInfo: Removed broadcast_105_piece0 on Aishwarya92848DBDA:35477 in memory (size: 5.9 KiB, free: 366.2 MiB)
[2026-01-29T16:41:59.205+0530] {subprocess.py:106} INFO - 26/01/29 16:41:59 INFO BlockManagerInfo: Removed broadcast_103_piece0 on Aishwarya92848DBDA:35477 in memory (size: 34.3 KiB, free: 366.2 MiB)
[2026-01-29T16:41:59.205+0530] {subprocess.py:106} INFO - 26/01/29 16:41:59 INFO BlockManagerInfo: Removed broadcast_102_piece0 on Aishwarya92848DBDA:35477 in memory (size: 15.2 KiB, free: 366.2 MiB)
[2026-01-29T16:41:59.243+0530] {subprocess.py:106} INFO - 26/01/29 16:41:59 INFO Executor: Finished task 1.0 in stage 80.0 (TID 105). 2771 bytes result sent to driver
[2026-01-29T16:41:59.244+0530] {subprocess.py:106} INFO - 26/01/29 16:41:59 INFO TaskSetManager: Finished task 1.0 in stage 80.0 (TID 105) in 169 ms on Aishwarya92848DBDA (executor driver) (1/2)
[2026-01-29T16:41:59.273+0530] {subprocess.py:106} INFO - 26/01/29 16:41:59 INFO Executor: Finished task 0.0 in stage 80.0 (TID 104). 2771 bytes result sent to driver
[2026-01-29T16:41:59.274+0530] {subprocess.py:106} INFO - 26/01/29 16:41:59 INFO TaskSetManager: Finished task 0.0 in stage 80.0 (TID 104) in 199 ms on Aishwarya92848DBDA (executor driver) (2/2)
[2026-01-29T16:41:59.275+0530] {subprocess.py:106} INFO - 26/01/29 16:41:59 INFO TaskSchedulerImpl: Removed TaskSet 80.0, whose tasks have all completed, from pool
[2026-01-29T16:41:59.275+0530] {subprocess.py:106} INFO - 26/01/29 16:41:59 INFO DAGScheduler: ShuffleMapStage 80 (showString at NativeMethodAccessorImpl.java:0) finished in 0.205 s
[2026-01-29T16:41:59.275+0530] {subprocess.py:106} INFO - 26/01/29 16:41:59 INFO DAGScheduler: looking for newly runnable stages
[2026-01-29T16:41:59.275+0530] {subprocess.py:106} INFO - 26/01/29 16:41:59 INFO DAGScheduler: running: Set()
[2026-01-29T16:41:59.276+0530] {subprocess.py:106} INFO - 26/01/29 16:41:59 INFO DAGScheduler: waiting: Set()
[2026-01-29T16:41:59.276+0530] {subprocess.py:106} INFO - 26/01/29 16:41:59 INFO DAGScheduler: failed: Set()
[2026-01-29T16:41:59.300+0530] {subprocess.py:106} INFO - 26/01/29 16:41:59 INFO ShufflePartitionsUtil: For shuffle(18), advisory target size: 67108864, actual target size 1048576, minimum partition size: 1048576
[2026-01-29T16:41:59.325+0530] {subprocess.py:106} INFO - 26/01/29 16:41:59 INFO CodeGenerator: Code generated in 7.524022 ms
[2026-01-29T16:41:59.326+0530] {subprocess.py:106} INFO - 26/01/29 16:41:59 INFO HashAggregateExec: spark.sql.codegen.aggregate.map.twolevel.enabled is set to true, but current version of codegened fast hashmap does not support this aggregate.
[2026-01-29T16:41:59.339+0530] {subprocess.py:106} INFO - 26/01/29 16:41:59 INFO CodeGenerator: Code generated in 6.717535 ms
[2026-01-29T16:41:59.360+0530] {subprocess.py:106} INFO - 26/01/29 16:41:59 INFO SparkContext: Starting job: showString at NativeMethodAccessorImpl.java:0
[2026-01-29T16:41:59.361+0530] {subprocess.py:106} INFO - 26/01/29 16:41:59 INFO DAGScheduler: Got job 63 (showString at NativeMethodAccessorImpl.java:0) with 1 output partitions
[2026-01-29T16:41:59.361+0530] {subprocess.py:106} INFO - 26/01/29 16:41:59 INFO DAGScheduler: Final stage: ResultStage 82 (showString at NativeMethodAccessorImpl.java:0)
[2026-01-29T16:41:59.361+0530] {subprocess.py:106} INFO - 26/01/29 16:41:59 INFO DAGScheduler: Parents of final stage: List(ShuffleMapStage 81)
[2026-01-29T16:41:59.361+0530] {subprocess.py:106} INFO - 26/01/29 16:41:59 INFO DAGScheduler: Missing parents: List()
[2026-01-29T16:41:59.362+0530] {subprocess.py:106} INFO - 26/01/29 16:41:59 INFO DAGScheduler: Submitting ResultStage 82 (MapPartitionsRDD[291] at showString at NativeMethodAccessorImpl.java:0), which has no missing parents
[2026-01-29T16:41:59.365+0530] {subprocess.py:106} INFO - 26/01/29 16:41:59 INFO MemoryStore: Block broadcast_108 stored as values in memory (estimated size 42.4 KiB, free 365.8 MiB)
[2026-01-29T16:41:59.366+0530] {subprocess.py:106} INFO - 26/01/29 16:41:59 INFO MemoryStore: Block broadcast_108_piece0 stored as bytes in memory (estimated size 20.1 KiB, free 365.8 MiB)
[2026-01-29T16:41:59.366+0530] {subprocess.py:106} INFO - 26/01/29 16:41:59 INFO BlockManagerInfo: Added broadcast_108_piece0 in memory on Aishwarya92848DBDA:35477 (size: 20.1 KiB, free: 366.2 MiB)
[2026-01-29T16:41:59.367+0530] {subprocess.py:106} INFO - 26/01/29 16:41:59 INFO SparkContext: Created broadcast 108 from broadcast at DAGScheduler.scala:1585
[2026-01-29T16:41:59.367+0530] {subprocess.py:106} INFO - 26/01/29 16:41:59 INFO DAGScheduler: Submitting 1 missing tasks from ResultStage 82 (MapPartitionsRDD[291] at showString at NativeMethodAccessorImpl.java:0) (first 15 tasks are for partitions Vector(0))
[2026-01-29T16:41:59.367+0530] {subprocess.py:106} INFO - 26/01/29 16:41:59 INFO TaskSchedulerImpl: Adding task set 82.0 with 1 tasks resource profile 0
[2026-01-29T16:41:59.368+0530] {subprocess.py:106} INFO - 26/01/29 16:41:59 INFO TaskSetManager: Starting task 0.0 in stage 82.0 (TID 106) (Aishwarya92848DBDA, executor driver, partition 0, NODE_LOCAL, 7615 bytes)
[2026-01-29T16:41:59.368+0530] {subprocess.py:106} INFO - 26/01/29 16:41:59 INFO Executor: Running task 0.0 in stage 82.0 (TID 106)
[2026-01-29T16:41:59.378+0530] {subprocess.py:106} INFO - 26/01/29 16:41:59 INFO CodeGenerator: Code generated in 3.480807 ms
[2026-01-29T16:41:59.382+0530] {subprocess.py:106} INFO - 26/01/29 16:41:59 INFO ShuffleBlockFetcherIterator: Getting 2 (1425.0 B) non-empty blocks including 2 (1425.0 B) local and 0 (0.0 B) host-local and 0 (0.0 B) push-merged-local and 0 (0.0 B) remote blocks
[2026-01-29T16:41:59.382+0530] {subprocess.py:106} INFO - 26/01/29 16:41:59 INFO ShuffleBlockFetcherIterator: Started 0 remote fetches in 1 ms
[2026-01-29T16:41:59.389+0530] {subprocess.py:106} INFO - 26/01/29 16:41:59 INFO CodeGenerator: Code generated in 6.880081 ms
[2026-01-29T16:41:59.400+0530] {subprocess.py:106} INFO - 26/01/29 16:41:59 INFO Executor: Finished task 0.0 in stage 82.0 (TID 106). 5632 bytes result sent to driver
[2026-01-29T16:41:59.400+0530] {subprocess.py:106} INFO - 26/01/29 16:41:59 INFO TaskSetManager: Finished task 0.0 in stage 82.0 (TID 106) in 32 ms on Aishwarya92848DBDA (executor driver) (1/1)
[2026-01-29T16:41:59.400+0530] {subprocess.py:106} INFO - 26/01/29 16:41:59 INFO TaskSchedulerImpl: Removed TaskSet 82.0, whose tasks have all completed, from pool
[2026-01-29T16:41:59.401+0530] {subprocess.py:106} INFO - 26/01/29 16:41:59 INFO DAGScheduler: ResultStage 82 (showString at NativeMethodAccessorImpl.java:0) finished in 0.037 s
[2026-01-29T16:41:59.401+0530] {subprocess.py:106} INFO - 26/01/29 16:41:59 INFO DAGScheduler: Job 63 is finished. Cancelling potential speculative or zombie tasks for this job
[2026-01-29T16:41:59.401+0530] {subprocess.py:106} INFO - 26/01/29 16:41:59 INFO TaskSchedulerImpl: Killing all running tasks in stage 82: Stage finished
[2026-01-29T16:41:59.402+0530] {subprocess.py:106} INFO - 26/01/29 16:41:59 INFO DAGScheduler: Job 63 finished: showString at NativeMethodAccessorImpl.java:0, took 0.041144 s
[2026-01-29T16:41:59.407+0530] {subprocess.py:106} INFO - 26/01/29 16:41:59 INFO CodeGenerator: Code generated in 4.553956 ms
[2026-01-29T16:41:59.413+0530] {subprocess.py:106} INFO - 26/01/29 16:41:59 INFO CodeGenerator: Code generated in 3.901088 ms
[2026-01-29T16:41:59.415+0530] {subprocess.py:106} INFO - +---------+-----+
[2026-01-29T16:41:59.415+0530] {subprocess.py:106} INFO - |     city|count|
[2026-01-29T16:41:59.415+0530] {subprocess.py:106} INFO - +---------+-----+
[2026-01-29T16:41:59.415+0530] {subprocess.py:106} INFO - |Bangalore| 9892|
[2026-01-29T16:41:59.415+0530] {subprocess.py:106} INFO - |  Chennai| 9892|
[2026-01-29T16:41:59.416+0530] {subprocess.py:106} INFO - |   Mumbai| 9892|
[2026-01-29T16:41:59.416+0530] {subprocess.py:106} INFO - |Ahmedabad| 9892|
[2026-01-29T16:41:59.416+0530] {subprocess.py:106} INFO - |  Kolkata| 9892|
[2026-01-29T16:41:59.416+0530] {subprocess.py:106} INFO - |     Pune| 9892|
[2026-01-29T16:41:59.416+0530] {subprocess.py:106} INFO - |    Delhi| 9892|
[2026-01-29T16:41:59.416+0530] {subprocess.py:106} INFO - |Hyderabad| 9892|
[2026-01-29T16:41:59.417+0530] {subprocess.py:106} INFO - |  Lucknow| 9892|
[2026-01-29T16:41:59.417+0530] {subprocess.py:106} INFO - |   Jaipur| 9892|
[2026-01-29T16:41:59.417+0530] {subprocess.py:106} INFO - |     city|   30|
[2026-01-29T16:41:59.417+0530] {subprocess.py:106} INFO - +---------+-----+
[2026-01-29T16:41:59.417+0530] {subprocess.py:106} INFO - 
[2026-01-29T16:41:59.561+0530] {subprocess.py:106} INFO - 26/01/29 16:41:59 INFO FileSourceStrategy: Pushed Filters:
[2026-01-29T16:41:59.562+0530] {subprocess.py:106} INFO - 26/01/29 16:41:59 INFO FileSourceStrategy: Post-Scan Filters:
[2026-01-29T16:41:59.593+0530] {subprocess.py:106} INFO - 26/01/29 16:41:59 INFO CodeGenerator: Code generated in 9.236142 ms
[2026-01-29T16:41:59.594+0530] {subprocess.py:106} INFO - 26/01/29 16:41:59 INFO MemoryStore: Block broadcast_109 stored as values in memory (estimated size 350.2 KiB, free 365.5 MiB)
[2026-01-29T16:41:59.599+0530] {subprocess.py:106} INFO - 26/01/29 16:41:59 INFO MemoryStore: Block broadcast_109_piece0 stored as bytes in memory (estimated size 34.3 KiB, free 365.4 MiB)
[2026-01-29T16:41:59.599+0530] {subprocess.py:106} INFO - 26/01/29 16:41:59 INFO BlockManagerInfo: Added broadcast_109_piece0 in memory on Aishwarya92848DBDA:35477 (size: 34.3 KiB, free: 366.2 MiB)
[2026-01-29T16:41:59.600+0530] {subprocess.py:106} INFO - 26/01/29 16:41:59 INFO SparkContext: Created broadcast 109 from showString at NativeMethodAccessorImpl.java:0
[2026-01-29T16:41:59.600+0530] {subprocess.py:106} INFO - 26/01/29 16:41:59 INFO FileSourceScanExec: Planning scan with bin packing, max size: 4194304 bytes, open cost is considered as scanning 4194304 bytes.
[2026-01-29T16:41:59.603+0530] {subprocess.py:106} INFO - 26/01/29 16:41:59 INFO DAGScheduler: Registering RDD 295 (showString at NativeMethodAccessorImpl.java:0) as input to shuffle 19
[2026-01-29T16:41:59.603+0530] {subprocess.py:106} INFO - 26/01/29 16:41:59 INFO DAGScheduler: Got map stage job 64 (showString at NativeMethodAccessorImpl.java:0) with 2 output partitions
[2026-01-29T16:41:59.603+0530] {subprocess.py:106} INFO - 26/01/29 16:41:59 INFO DAGScheduler: Final stage: ShuffleMapStage 83 (showString at NativeMethodAccessorImpl.java:0)
[2026-01-29T16:41:59.604+0530] {subprocess.py:106} INFO - 26/01/29 16:41:59 INFO DAGScheduler: Parents of final stage: List()
[2026-01-29T16:41:59.604+0530] {subprocess.py:106} INFO - 26/01/29 16:41:59 INFO DAGScheduler: Missing parents: List()
[2026-01-29T16:41:59.604+0530] {subprocess.py:106} INFO - 26/01/29 16:41:59 INFO DAGScheduler: Submitting ShuffleMapStage 83 (MapPartitionsRDD[295] at showString at NativeMethodAccessorImpl.java:0), which has no missing parents
[2026-01-29T16:41:59.606+0530] {subprocess.py:106} INFO - 26/01/29 16:41:59 INFO MemoryStore: Block broadcast_110 stored as values in memory (estimated size 20.9 KiB, free 365.4 MiB)
[2026-01-29T16:41:59.607+0530] {subprocess.py:106} INFO - 26/01/29 16:41:59 INFO MemoryStore: Block broadcast_110_piece0 stored as bytes in memory (estimated size 9.7 KiB, free 365.4 MiB)
[2026-01-29T16:41:59.607+0530] {subprocess.py:106} INFO - 26/01/29 16:41:59 INFO BlockManagerInfo: Added broadcast_110_piece0 in memory on Aishwarya92848DBDA:35477 (size: 9.7 KiB, free: 366.2 MiB)
[2026-01-29T16:41:59.607+0530] {subprocess.py:106} INFO - 26/01/29 16:41:59 INFO SparkContext: Created broadcast 110 from broadcast at DAGScheduler.scala:1585
[2026-01-29T16:41:59.607+0530] {subprocess.py:106} INFO - 26/01/29 16:41:59 INFO DAGScheduler: Submitting 2 missing tasks from ShuffleMapStage 83 (MapPartitionsRDD[295] at showString at NativeMethodAccessorImpl.java:0) (first 15 tasks are for partitions Vector(0, 1))
[2026-01-29T16:41:59.608+0530] {subprocess.py:106} INFO - 26/01/29 16:41:59 INFO TaskSchedulerImpl: Adding task set 83.0 with 2 tasks resource profile 0
[2026-01-29T16:41:59.608+0530] {subprocess.py:106} INFO - 26/01/29 16:41:59 INFO TaskSetManager: Starting task 0.0 in stage 83.0 (TID 107) (Aishwarya92848DBDA, executor driver, partition 0, NODE_LOCAL, 8230 bytes)
[2026-01-29T16:41:59.609+0530] {subprocess.py:106} INFO - 26/01/29 16:41:59 INFO TaskSetManager: Starting task 1.0 in stage 83.0 (TID 108) (Aishwarya92848DBDA, executor driver, partition 1, NODE_LOCAL, 8230 bytes)
[2026-01-29T16:41:59.609+0530] {subprocess.py:106} INFO - 26/01/29 16:41:59 INFO Executor: Running task 0.0 in stage 83.0 (TID 107)
[2026-01-29T16:41:59.609+0530] {subprocess.py:106} INFO - 26/01/29 16:41:59 INFO Executor: Running task 1.0 in stage 83.0 (TID 108)
[2026-01-29T16:41:59.619+0530] {subprocess.py:106} INFO - 26/01/29 16:41:59 INFO CodeGenerator: Code generated in 6.791995 ms
[2026-01-29T16:41:59.621+0530] {subprocess.py:106} INFO - 26/01/29 16:41:59 INFO FileScanRDD: Reading File path: hdfs://localhost:9000/weather/data/raw_data/weather_dataset.csv, range: 0-4194304, partition values: [empty row]
[2026-01-29T16:41:59.621+0530] {subprocess.py:106} INFO - 26/01/29 16:41:59 INFO FileScanRDD: Reading File path: hdfs://localhost:9000/weather/data/raw_data/weather_dataset.csv, range: 4194304-6329103, partition values: [empty row]
[2026-01-29T16:41:59.754+0530] {subprocess.py:106} INFO - 26/01/29 16:41:59 INFO BlockManagerInfo: Removed broadcast_108_piece0 on Aishwarya92848DBDA:35477 in memory (size: 20.1 KiB, free: 366.2 MiB)
[2026-01-29T16:41:59.756+0530] {subprocess.py:106} INFO - 26/01/29 16:41:59 INFO BlockManagerInfo: Removed broadcast_106_piece0 on Aishwarya92848DBDA:35477 in memory (size: 34.3 KiB, free: 366.2 MiB)
[2026-01-29T16:41:59.757+0530] {subprocess.py:106} INFO - 26/01/29 16:41:59 INFO BlockManagerInfo: Removed broadcast_107_piece0 on Aishwarya92848DBDA:35477 in memory (size: 18.6 KiB, free: 366.3 MiB)
[2026-01-29T16:41:59.779+0530] {subprocess.py:106} INFO - 26/01/29 16:41:59 INFO Executor: Finished task 1.0 in stage 83.0 (TID 108). 2038 bytes result sent to driver
[2026-01-29T16:41:59.779+0530] {subprocess.py:106} INFO - 26/01/29 16:41:59 INFO TaskSetManager: Finished task 1.0 in stage 83.0 (TID 108) in 171 ms on Aishwarya92848DBDA (executor driver) (1/2)
[2026-01-29T16:41:59.838+0530] {subprocess.py:106} INFO - 26/01/29 16:41:59 INFO Executor: Finished task 0.0 in stage 83.0 (TID 107). 2038 bytes result sent to driver
[2026-01-29T16:41:59.838+0530] {subprocess.py:106} INFO - 26/01/29 16:41:59 INFO TaskSetManager: Finished task 0.0 in stage 83.0 (TID 107) in 230 ms on Aishwarya92848DBDA (executor driver) (2/2)
[2026-01-29T16:41:59.838+0530] {subprocess.py:106} INFO - 26/01/29 16:41:59 INFO TaskSchedulerImpl: Removed TaskSet 83.0, whose tasks have all completed, from pool
[2026-01-29T16:41:59.839+0530] {subprocess.py:106} INFO - 26/01/29 16:41:59 INFO DAGScheduler: ShuffleMapStage 83 (showString at NativeMethodAccessorImpl.java:0) finished in 0.234 s
[2026-01-29T16:41:59.839+0530] {subprocess.py:106} INFO - 26/01/29 16:41:59 INFO DAGScheduler: looking for newly runnable stages
[2026-01-29T16:41:59.839+0530] {subprocess.py:106} INFO - 26/01/29 16:41:59 INFO DAGScheduler: running: Set()
[2026-01-29T16:41:59.839+0530] {subprocess.py:106} INFO - 26/01/29 16:41:59 INFO DAGScheduler: waiting: Set()
[2026-01-29T16:41:59.839+0530] {subprocess.py:106} INFO - 26/01/29 16:41:59 INFO DAGScheduler: failed: Set()
[2026-01-29T16:41:59.842+0530] {subprocess.py:106} INFO - 26/01/29 16:41:59 INFO ShufflePartitionsUtil: For shuffle(19), advisory target size: 67108864, actual target size 1048576, minimum partition size: 1048576
[2026-01-29T16:41:59.856+0530] {subprocess.py:106} INFO - 26/01/29 16:41:59 INFO CodeGenerator: Code generated in 6.006839 ms
[2026-01-29T16:41:59.870+0530] {subprocess.py:106} INFO - 26/01/29 16:41:59 INFO CodeGenerator: Code generated in 5.84854 ms
[2026-01-29T16:41:59.889+0530] {subprocess.py:106} INFO - 26/01/29 16:41:59 INFO SparkContext: Starting job: showString at NativeMethodAccessorImpl.java:0
[2026-01-29T16:41:59.889+0530] {subprocess.py:106} INFO - 26/01/29 16:41:59 INFO DAGScheduler: Got job 65 (showString at NativeMethodAccessorImpl.java:0) with 1 output partitions
[2026-01-29T16:41:59.890+0530] {subprocess.py:106} INFO - 26/01/29 16:41:59 INFO DAGScheduler: Final stage: ResultStage 85 (showString at NativeMethodAccessorImpl.java:0)
[2026-01-29T16:41:59.890+0530] {subprocess.py:106} INFO - 26/01/29 16:41:59 INFO DAGScheduler: Parents of final stage: List(ShuffleMapStage 84)
[2026-01-29T16:41:59.890+0530] {subprocess.py:106} INFO - 26/01/29 16:41:59 INFO DAGScheduler: Missing parents: List()
[2026-01-29T16:41:59.890+0530] {subprocess.py:106} INFO - 26/01/29 16:41:59 INFO DAGScheduler: Submitting ResultStage 85 (MapPartitionsRDD[300] at showString at NativeMethodAccessorImpl.java:0), which has no missing parents
[2026-01-29T16:41:59.893+0530] {subprocess.py:106} INFO - 26/01/29 16:41:59 INFO MemoryStore: Block broadcast_111 stored as values in memory (estimated size 46.7 KiB, free 365.8 MiB)
[2026-01-29T16:41:59.894+0530] {subprocess.py:106} INFO - 26/01/29 16:41:59 INFO MemoryStore: Block broadcast_111_piece0 stored as bytes in memory (estimated size 21.2 KiB, free 365.8 MiB)
[2026-01-29T16:41:59.895+0530] {subprocess.py:106} INFO - 26/01/29 16:41:59 INFO BlockManagerInfo: Added broadcast_111_piece0 in memory on Aishwarya92848DBDA:35477 (size: 21.2 KiB, free: 366.2 MiB)
[2026-01-29T16:41:59.895+0530] {subprocess.py:106} INFO - 26/01/29 16:41:59 INFO SparkContext: Created broadcast 111 from broadcast at DAGScheduler.scala:1585
[2026-01-29T16:41:59.895+0530] {subprocess.py:106} INFO - 26/01/29 16:41:59 INFO DAGScheduler: Submitting 1 missing tasks from ResultStage 85 (MapPartitionsRDD[300] at showString at NativeMethodAccessorImpl.java:0) (first 15 tasks are for partitions Vector(0))
[2026-01-29T16:41:59.895+0530] {subprocess.py:106} INFO - 26/01/29 16:41:59 INFO TaskSchedulerImpl: Adding task set 85.0 with 1 tasks resource profile 0
[2026-01-29T16:41:59.896+0530] {subprocess.py:106} INFO - 26/01/29 16:41:59 INFO TaskSetManager: Starting task 0.0 in stage 85.0 (TID 109) (Aishwarya92848DBDA, executor driver, partition 0, NODE_LOCAL, 7615 bytes)
[2026-01-29T16:41:59.896+0530] {subprocess.py:106} INFO - 26/01/29 16:41:59 INFO Executor: Running task 0.0 in stage 85.0 (TID 109)
[2026-01-29T16:41:59.910+0530] {subprocess.py:106} INFO - 26/01/29 16:41:59 INFO ShuffleBlockFetcherIterator: Getting 2 (1855.7 KiB) non-empty blocks including 2 (1855.7 KiB) local and 0 (0.0 B) host-local and 0 (0.0 B) push-merged-local and 0 (0.0 B) remote blocks
[2026-01-29T16:41:59.910+0530] {subprocess.py:106} INFO - 26/01/29 16:41:59 INFO ShuffleBlockFetcherIterator: Started 0 remote fetches in 0 ms
[2026-01-29T16:41:59.916+0530] {subprocess.py:106} INFO - 26/01/29 16:41:59 INFO CodeGenerator: Code generated in 5.42297 ms
[2026-01-29T16:41:59.921+0530] {subprocess.py:106} INFO - 26/01/29 16:41:59 INFO CodeGenerator: Code generated in 3.449398 ms
[2026-01-29T16:41:59.932+0530] {subprocess.py:106} INFO - 26/01/29 16:41:59 INFO CodeGenerator: Code generated in 5.633546 ms
[2026-01-29T16:41:59.946+0530] {subprocess.py:106} INFO - 26/01/29 16:41:59 INFO CodeGenerator: Code generated in 4.560087 ms
[2026-01-29T16:42:00.030+0530] {subprocess.py:106} INFO - 26/01/29 16:42:00 INFO CodeGenerator: Code generated in 3.732341 ms
[2026-01-29T16:42:00.038+0530] {subprocess.py:106} INFO - 26/01/29 16:42:00 INFO CodeGenerator: Code generated in 3.028847 ms
[2026-01-29T16:42:00.042+0530] {subprocess.py:106} INFO - 26/01/29 16:42:00 INFO CodeGenerator: Code generated in 2.848678 ms
[2026-01-29T16:42:00.050+0530] {subprocess.py:106} INFO - 26/01/29 16:42:00 INFO CodeGenerator: Code generated in 2.7965 ms
[2026-01-29T16:42:00.058+0530] {subprocess.py:106} INFO - 26/01/29 16:42:00 INFO CodeGenerator: Code generated in 3.780852 ms
[2026-01-29T16:42:00.068+0530] {subprocess.py:106} INFO - 26/01/29 16:42:00 INFO CodeGenerator: Code generated in 3.298244 ms
[2026-01-29T16:42:00.074+0530] {subprocess.py:106} INFO - 26/01/29 16:42:00 INFO CodeGenerator: Code generated in 3.154884 ms
[2026-01-29T16:42:00.078+0530] {subprocess.py:106} INFO - 26/01/29 16:42:00 INFO CodeGenerator: Code generated in 3.286982 ms
[2026-01-29T16:42:00.085+0530] {subprocess.py:106} INFO - 26/01/29 16:42:00 INFO CodeGenerator: Code generated in 5.801201 ms
[2026-01-29T16:42:00.095+0530] {subprocess.py:106} INFO - 26/01/29 16:42:00 INFO ExternalAppendOnlyUnsafeRowArray: Reached spill threshold of 4096 rows, switching to org.apache.spark.util.collection.unsafe.sort.UnsafeExternalSorter
[2026-01-29T16:42:00.103+0530] {subprocess.py:106} INFO - 26/01/29 16:42:00 INFO Executor: Finished task 0.0 in stage 85.0 (TID 109). 4920 bytes result sent to driver
[2026-01-29T16:42:00.104+0530] {subprocess.py:106} INFO - 26/01/29 16:42:00 INFO TaskSetManager: Finished task 0.0 in stage 85.0 (TID 109) in 208 ms on Aishwarya92848DBDA (executor driver) (1/1)
[2026-01-29T16:42:00.104+0530] {subprocess.py:106} INFO - 26/01/29 16:42:00 INFO TaskSchedulerImpl: Removed TaskSet 85.0, whose tasks have all completed, from pool
[2026-01-29T16:42:00.105+0530] {subprocess.py:106} INFO - 26/01/29 16:42:00 INFO DAGScheduler: ResultStage 85 (showString at NativeMethodAccessorImpl.java:0) finished in 0.212 s
[2026-01-29T16:42:00.105+0530] {subprocess.py:106} INFO - 26/01/29 16:42:00 INFO DAGScheduler: Job 65 is finished. Cancelling potential speculative or zombie tasks for this job
[2026-01-29T16:42:00.105+0530] {subprocess.py:106} INFO - 26/01/29 16:42:00 INFO TaskSchedulerImpl: Killing all running tasks in stage 85: Stage finished
[2026-01-29T16:42:00.105+0530] {subprocess.py:106} INFO - 26/01/29 16:42:00 INFO DAGScheduler: Job 65 finished: showString at NativeMethodAccessorImpl.java:0, took 0.215947 s
[2026-01-29T16:42:00.112+0530] {subprocess.py:106} INFO - 26/01/29 16:42:00 INFO CodeGenerator: Code generated in 4.785111 ms
[2026-01-29T16:42:00.114+0530] {subprocess.py:106} INFO - +---------+----------+------------------+----------+----------+------------------+---+-----+-----------+
[2026-01-29T16:42:00.115+0530] {subprocess.py:106} INFO - |     city|      date|temperature_2m_max|temp_lag_1|temp_lag_2|    temp_rolling_3|day|month|day_of_week|
[2026-01-29T16:42:00.115+0530] {subprocess.py:106} INFO - +---------+----------+------------------+----------+----------+------------------+---+-----+-----------+
[2026-01-29T16:42:00.115+0530] {subprocess.py:106} INFO - |Ahmedabad|2000-01-01|              29.9|      NULL|      NULL|              29.9|  1|    1|          7|
[2026-01-29T16:42:00.116+0530] {subprocess.py:106} INFO - |Ahmedabad|2000-01-02|              29.9|      29.9|      NULL|              29.9|  2|    1|          1|
[2026-01-29T16:42:00.116+0530] {subprocess.py:106} INFO - |Ahmedabad|2000-01-03|              29.1|      29.9|      29.9|29.633333333333336|  3|    1|          2|
[2026-01-29T16:42:00.116+0530] {subprocess.py:106} INFO - |Ahmedabad|2000-01-04|              28.6|      29.1|      29.9|              29.2|  4|    1|          3|
[2026-01-29T16:42:00.116+0530] {subprocess.py:106} INFO - |Ahmedabad|2000-01-05|              28.1|      28.6|      29.1|28.600000000000005|  5|    1|          4|
[2026-01-29T16:42:00.116+0530] {subprocess.py:106} INFO - +---------+----------+------------------+----------+----------+------------------+---+-----+-----------+
[2026-01-29T16:42:00.116+0530] {subprocess.py:106} INFO - only showing top 5 rows
[2026-01-29T16:42:00.117+0530] {subprocess.py:106} INFO - 
[2026-01-29T16:42:00.243+0530] {subprocess.py:106} INFO - 26/01/29 16:42:00 INFO FileSourceStrategy: Pushed Filters:
[2026-01-29T16:42:00.244+0530] {subprocess.py:106} INFO - 26/01/29 16:42:00 INFO FileSourceStrategy: Post-Scan Filters:
[2026-01-29T16:42:00.276+0530] {subprocess.py:106} INFO - 26/01/29 16:42:00 INFO CodeGenerator: Code generated in 10.089778 ms
[2026-01-29T16:42:00.277+0530] {subprocess.py:106} INFO - 26/01/29 16:42:00 INFO MemoryStore: Block broadcast_112 stored as values in memory (estimated size 350.2 KiB, free 365.5 MiB)
[2026-01-29T16:42:00.283+0530] {subprocess.py:106} INFO - 26/01/29 16:42:00 INFO MemoryStore: Block broadcast_112_piece0 stored as bytes in memory (estimated size 34.3 KiB, free 365.5 MiB)
[2026-01-29T16:42:00.283+0530] {subprocess.py:106} INFO - 26/01/29 16:42:00 INFO BlockManagerInfo: Added broadcast_112_piece0 in memory on Aishwarya92848DBDA:35477 (size: 34.3 KiB, free: 366.2 MiB)
[2026-01-29T16:42:00.284+0530] {subprocess.py:106} INFO - 26/01/29 16:42:00 INFO SparkContext: Created broadcast 112 from showString at NativeMethodAccessorImpl.java:0
[2026-01-29T16:42:00.284+0530] {subprocess.py:106} INFO - 26/01/29 16:42:00 INFO FileSourceScanExec: Planning scan with bin packing, max size: 4194304 bytes, open cost is considered as scanning 4194304 bytes.
[2026-01-29T16:42:00.286+0530] {subprocess.py:106} INFO - 26/01/29 16:42:00 INFO DAGScheduler: Registering RDD 304 (showString at NativeMethodAccessorImpl.java:0) as input to shuffle 20
[2026-01-29T16:42:00.287+0530] {subprocess.py:106} INFO - 26/01/29 16:42:00 INFO DAGScheduler: Got map stage job 66 (showString at NativeMethodAccessorImpl.java:0) with 2 output partitions
[2026-01-29T16:42:00.287+0530] {subprocess.py:106} INFO - 26/01/29 16:42:00 INFO DAGScheduler: Final stage: ShuffleMapStage 86 (showString at NativeMethodAccessorImpl.java:0)
[2026-01-29T16:42:00.287+0530] {subprocess.py:106} INFO - 26/01/29 16:42:00 INFO DAGScheduler: Parents of final stage: List()
[2026-01-29T16:42:00.288+0530] {subprocess.py:106} INFO - 26/01/29 16:42:00 INFO DAGScheduler: Missing parents: List()
[2026-01-29T16:42:00.288+0530] {subprocess.py:106} INFO - 26/01/29 16:42:00 INFO DAGScheduler: Submitting ShuffleMapStage 86 (MapPartitionsRDD[304] at showString at NativeMethodAccessorImpl.java:0), which has no missing parents
[2026-01-29T16:42:00.290+0530] {subprocess.py:106} INFO - 26/01/29 16:42:00 INFO MemoryStore: Block broadcast_113 stored as values in memory (estimated size 28.9 KiB, free 365.4 MiB)
[2026-01-29T16:42:00.291+0530] {subprocess.py:106} INFO - 26/01/29 16:42:00 INFO MemoryStore: Block broadcast_113_piece0 stored as bytes in memory (estimated size 11.1 KiB, free 365.4 MiB)
[2026-01-29T16:42:00.291+0530] {subprocess.py:106} INFO - 26/01/29 16:42:00 INFO BlockManagerInfo: Added broadcast_113_piece0 in memory on Aishwarya92848DBDA:35477 (size: 11.1 KiB, free: 366.2 MiB)
[2026-01-29T16:42:00.291+0530] {subprocess.py:106} INFO - 26/01/29 16:42:00 INFO SparkContext: Created broadcast 113 from broadcast at DAGScheduler.scala:1585
[2026-01-29T16:42:00.292+0530] {subprocess.py:106} INFO - 26/01/29 16:42:00 INFO DAGScheduler: Submitting 2 missing tasks from ShuffleMapStage 86 (MapPartitionsRDD[304] at showString at NativeMethodAccessorImpl.java:0) (first 15 tasks are for partitions Vector(0, 1))
[2026-01-29T16:42:00.292+0530] {subprocess.py:106} INFO - 26/01/29 16:42:00 INFO TaskSchedulerImpl: Adding task set 86.0 with 2 tasks resource profile 0
[2026-01-29T16:42:00.292+0530] {subprocess.py:106} INFO - 26/01/29 16:42:00 INFO TaskSetManager: Starting task 0.0 in stage 86.0 (TID 110) (Aishwarya92848DBDA, executor driver, partition 0, NODE_LOCAL, 8230 bytes)
[2026-01-29T16:42:00.293+0530] {subprocess.py:106} INFO - 26/01/29 16:42:00 INFO TaskSetManager: Starting task 1.0 in stage 86.0 (TID 111) (Aishwarya92848DBDA, executor driver, partition 1, NODE_LOCAL, 8230 bytes)
[2026-01-29T16:42:00.293+0530] {subprocess.py:106} INFO - 26/01/29 16:42:00 INFO Executor: Running task 1.0 in stage 86.0 (TID 111)
[2026-01-29T16:42:00.293+0530] {subprocess.py:106} INFO - 26/01/29 16:42:00 INFO Executor: Running task 0.0 in stage 86.0 (TID 110)
[2026-01-29T16:42:00.309+0530] {subprocess.py:106} INFO - 26/01/29 16:42:00 INFO CodeGenerator: Code generated in 13.971099 ms
[2026-01-29T16:42:00.312+0530] {subprocess.py:106} INFO - 26/01/29 16:42:00 INFO FileScanRDD: Reading File path: hdfs://localhost:9000/weather/data/raw_data/weather_dataset.csv, range: 0-4194304, partition values: [empty row]
[2026-01-29T16:42:00.312+0530] {subprocess.py:106} INFO - 26/01/29 16:42:00 INFO FileScanRDD: Reading File path: hdfs://localhost:9000/weather/data/raw_data/weather_dataset.csv, range: 4194304-6329103, partition values: [empty row]
[2026-01-29T16:42:00.319+0530] {subprocess.py:106} INFO - 26/01/29 16:42:00 INFO CodeGenerator: Code generated in 4.823353 ms
[2026-01-29T16:42:00.396+0530] {subprocess.py:106} INFO - 26/01/29 16:42:00 INFO BlockManagerInfo: Removed broadcast_109_piece0 on Aishwarya92848DBDA:35477 in memory (size: 34.3 KiB, free: 366.2 MiB)
[2026-01-29T16:42:00.398+0530] {subprocess.py:106} INFO - 26/01/29 16:42:00 INFO BlockManagerInfo: Removed broadcast_110_piece0 on Aishwarya92848DBDA:35477 in memory (size: 9.7 KiB, free: 366.2 MiB)
[2026-01-29T16:42:00.399+0530] {subprocess.py:106} INFO - 26/01/29 16:42:00 INFO BlockManagerInfo: Removed broadcast_111_piece0 on Aishwarya92848DBDA:35477 in memory (size: 21.2 KiB, free: 366.3 MiB)
[2026-01-29T16:42:00.466+0530] {subprocess.py:106} INFO - 26/01/29 16:42:00 INFO Executor: Finished task 1.0 in stage 86.0 (TID 111). 2038 bytes result sent to driver
[2026-01-29T16:42:00.467+0530] {subprocess.py:106} INFO - 26/01/29 16:42:00 INFO TaskSetManager: Finished task 1.0 in stage 86.0 (TID 111) in 175 ms on Aishwarya92848DBDA (executor driver) (1/2)
[2026-01-29T16:42:00.577+0530] {subprocess.py:106} INFO - 26/01/29 16:42:00 INFO Executor: Finished task 0.0 in stage 86.0 (TID 110). 2038 bytes result sent to driver
[2026-01-29T16:42:00.578+0530] {subprocess.py:106} INFO - 26/01/29 16:42:00 INFO TaskSetManager: Finished task 0.0 in stage 86.0 (TID 110) in 286 ms on Aishwarya92848DBDA (executor driver) (2/2)
[2026-01-29T16:42:00.578+0530] {subprocess.py:106} INFO - 26/01/29 16:42:00 INFO TaskSchedulerImpl: Removed TaskSet 86.0, whose tasks have all completed, from pool
[2026-01-29T16:42:00.579+0530] {subprocess.py:106} INFO - 26/01/29 16:42:00 INFO DAGScheduler: ShuffleMapStage 86 (showString at NativeMethodAccessorImpl.java:0) finished in 0.291 s
[2026-01-29T16:42:00.579+0530] {subprocess.py:106} INFO - 26/01/29 16:42:00 INFO DAGScheduler: looking for newly runnable stages
[2026-01-29T16:42:00.579+0530] {subprocess.py:106} INFO - 26/01/29 16:42:00 INFO DAGScheduler: running: Set()
[2026-01-29T16:42:00.579+0530] {subprocess.py:106} INFO - 26/01/29 16:42:00 INFO DAGScheduler: waiting: Set()
[2026-01-29T16:42:00.579+0530] {subprocess.py:106} INFO - 26/01/29 16:42:00 INFO DAGScheduler: failed: Set()
[2026-01-29T16:42:00.585+0530] {subprocess.py:106} INFO - 26/01/29 16:42:00 INFO ShufflePartitionsUtil: For shuffle(20), advisory target size: 67108864, actual target size 1048576, minimum partition size: 1048576
[2026-01-29T16:42:00.614+0530] {subprocess.py:106} INFO - 26/01/29 16:42:00 INFO CodeGenerator: Code generated in 8.494447 ms
[2026-01-29T16:42:00.628+0530] {subprocess.py:106} INFO - 26/01/29 16:42:00 INFO DAGScheduler: Registering RDD 309 (showString at NativeMethodAccessorImpl.java:0) as input to shuffle 21
[2026-01-29T16:42:00.628+0530] {subprocess.py:106} INFO - 26/01/29 16:42:00 INFO DAGScheduler: Got map stage job 67 (showString at NativeMethodAccessorImpl.java:0) with 2 output partitions
[2026-01-29T16:42:00.629+0530] {subprocess.py:106} INFO - 26/01/29 16:42:00 INFO DAGScheduler: Final stage: ShuffleMapStage 88 (showString at NativeMethodAccessorImpl.java:0)
[2026-01-29T16:42:00.629+0530] {subprocess.py:106} INFO - 26/01/29 16:42:00 INFO DAGScheduler: Parents of final stage: List(ShuffleMapStage 87)
[2026-01-29T16:42:00.629+0530] {subprocess.py:106} INFO - 26/01/29 16:42:00 INFO DAGScheduler: Missing parents: List()
[2026-01-29T16:42:00.630+0530] {subprocess.py:106} INFO - 26/01/29 16:42:00 INFO DAGScheduler: Submitting ShuffleMapStage 88 (MapPartitionsRDD[309] at showString at NativeMethodAccessorImpl.java:0), which has no missing parents
[2026-01-29T16:42:00.633+0530] {subprocess.py:106} INFO - 26/01/29 16:42:00 INFO MemoryStore: Block broadcast_114 stored as values in memory (estimated size 61.9 KiB, free 365.8 MiB)
[2026-01-29T16:42:00.634+0530] {subprocess.py:106} INFO - 26/01/29 16:42:00 INFO MemoryStore: Block broadcast_114_piece0 stored as bytes in memory (estimated size 25.3 KiB, free 365.8 MiB)
[2026-01-29T16:42:00.635+0530] {subprocess.py:106} INFO - 26/01/29 16:42:00 INFO BlockManagerInfo: Added broadcast_114_piece0 in memory on Aishwarya92848DBDA:35477 (size: 25.3 KiB, free: 366.2 MiB)
[2026-01-29T16:42:00.635+0530] {subprocess.py:106} INFO - 26/01/29 16:42:00 INFO SparkContext: Created broadcast 114 from broadcast at DAGScheduler.scala:1585
[2026-01-29T16:42:00.636+0530] {subprocess.py:106} INFO - 26/01/29 16:42:00 INFO DAGScheduler: Submitting 2 missing tasks from ShuffleMapStage 88 (MapPartitionsRDD[309] at showString at NativeMethodAccessorImpl.java:0) (first 15 tasks are for partitions Vector(0, 1))
[2026-01-29T16:42:00.636+0530] {subprocess.py:106} INFO - 26/01/29 16:42:00 INFO TaskSchedulerImpl: Adding task set 88.0 with 2 tasks resource profile 0
[2026-01-29T16:42:00.637+0530] {subprocess.py:106} INFO - 26/01/29 16:42:00 INFO TaskSetManager: Starting task 0.0 in stage 88.0 (TID 112) (Aishwarya92848DBDA, executor driver, partition 0, NODE_LOCAL, 7604 bytes)
[2026-01-29T16:42:00.637+0530] {subprocess.py:106} INFO - 26/01/29 16:42:00 INFO TaskSetManager: Starting task 1.0 in stage 88.0 (TID 113) (Aishwarya92848DBDA, executor driver, partition 1, NODE_LOCAL, 7604 bytes)
[2026-01-29T16:42:00.638+0530] {subprocess.py:106} INFO - 26/01/29 16:42:00 INFO Executor: Running task 1.0 in stage 88.0 (TID 113)
[2026-01-29T16:42:00.638+0530] {subprocess.py:106} INFO - 26/01/29 16:42:00 INFO Executor: Running task 0.0 in stage 88.0 (TID 112)
[2026-01-29T16:42:00.644+0530] {subprocess.py:106} INFO - 26/01/29 16:42:00 INFO ShuffleBlockFetcherIterator: Getting 2 (1243.9 KiB) non-empty blocks including 2 (1243.9 KiB) local and 0 (0.0 B) host-local and 0 (0.0 B) push-merged-local and 0 (0.0 B) remote blocks
[2026-01-29T16:42:00.644+0530] {subprocess.py:106} INFO - 26/01/29 16:42:00 INFO ShuffleBlockFetcherIterator: Started 0 remote fetches in 0 ms
[2026-01-29T16:42:00.645+0530] {subprocess.py:106} INFO - 26/01/29 16:42:00 INFO ShuffleBlockFetcherIterator: Getting 2 (1860.4 KiB) non-empty blocks including 2 (1860.4 KiB) local and 0 (0.0 B) host-local and 0 (0.0 B) push-merged-local and 0 (0.0 B) remote blocks
[2026-01-29T16:42:00.645+0530] {subprocess.py:106} INFO - 26/01/29 16:42:00 INFO ShuffleBlockFetcherIterator: Started 0 remote fetches in 0 ms
[2026-01-29T16:42:00.655+0530] {subprocess.py:106} INFO - 26/01/29 16:42:00 INFO CodeGenerator: Code generated in 7.721614 ms
[2026-01-29T16:42:00.690+0530] {subprocess.py:106} INFO - 26/01/29 16:42:00 INFO CodeGenerator: Code generated in 11.350269 ms
[2026-01-29T16:42:00.695+0530] {subprocess.py:106} INFO - 26/01/29 16:42:00 INFO ExternalAppendOnlyUnsafeRowArray: Reached spill threshold of 4096 rows, switching to org.apache.spark.util.collection.unsafe.sort.UnsafeExternalSorter
[2026-01-29T16:42:00.696+0530] {subprocess.py:106} INFO - 26/01/29 16:42:00 INFO ExternalAppendOnlyUnsafeRowArray: Reached spill threshold of 4096 rows, switching to org.apache.spark.util.collection.unsafe.sort.UnsafeExternalSorter
[2026-01-29T16:42:00.747+0530] {subprocess.py:106} INFO - 26/01/29 16:42:00 INFO ExternalAppendOnlyUnsafeRowArray: Reached spill threshold of 4096 rows, switching to org.apache.spark.util.collection.unsafe.sort.UnsafeExternalSorter
[2026-01-29T16:42:00.754+0530] {subprocess.py:106} INFO - 26/01/29 16:42:00 INFO ExternalAppendOnlyUnsafeRowArray: Reached spill threshold of 4096 rows, switching to org.apache.spark.util.collection.unsafe.sort.UnsafeExternalSorter
[2026-01-29T16:42:00.803+0530] {subprocess.py:106} INFO - 26/01/29 16:42:00 INFO ExternalAppendOnlyUnsafeRowArray: Reached spill threshold of 4096 rows, switching to org.apache.spark.util.collection.unsafe.sort.UnsafeExternalSorter
[2026-01-29T16:42:00.805+0530] {subprocess.py:106} INFO - 26/01/29 16:42:00 INFO ExternalAppendOnlyUnsafeRowArray: Reached spill threshold of 4096 rows, switching to org.apache.spark.util.collection.unsafe.sort.UnsafeExternalSorter
[2026-01-29T16:42:00.860+0530] {subprocess.py:106} INFO - 26/01/29 16:42:00 INFO ExternalAppendOnlyUnsafeRowArray: Reached spill threshold of 4096 rows, switching to org.apache.spark.util.collection.unsafe.sort.UnsafeExternalSorter
[2026-01-29T16:42:00.875+0530] {subprocess.py:106} INFO - 26/01/29 16:42:00 INFO ExternalAppendOnlyUnsafeRowArray: Reached spill threshold of 4096 rows, switching to org.apache.spark.util.collection.unsafe.sort.UnsafeExternalSorter
[2026-01-29T16:42:00.902+0530] {subprocess.py:106} INFO - 26/01/29 16:42:00 INFO ExternalAppendOnlyUnsafeRowArray: Reached spill threshold of 4096 rows, switching to org.apache.spark.util.collection.unsafe.sort.UnsafeExternalSorter
[2026-01-29T16:42:00.903+0530] {subprocess.py:106} INFO - 26/01/29 16:42:00 INFO BlockManagerInfo: Removed broadcast_113_piece0 on Aishwarya92848DBDA:35477 in memory (size: 11.1 KiB, free: 366.2 MiB)
[2026-01-29T16:42:00.905+0530] {subprocess.py:106} INFO - 26/01/29 16:42:00 INFO Executor: Finished task 0.0 in stage 88.0 (TID 112). 4976 bytes result sent to driver
[2026-01-29T16:42:00.906+0530] {subprocess.py:106} INFO - 26/01/29 16:42:00 INFO TaskSetManager: Finished task 0.0 in stage 88.0 (TID 112) in 269 ms on Aishwarya92848DBDA (executor driver) (1/2)
[2026-01-29T16:42:00.914+0530] {subprocess.py:106} INFO - 26/01/29 16:42:00 INFO ExternalAppendOnlyUnsafeRowArray: Reached spill threshold of 4096 rows, switching to org.apache.spark.util.collection.unsafe.sort.UnsafeExternalSorter
[2026-01-29T16:42:00.934+0530] {subprocess.py:106} INFO - 26/01/29 16:42:00 INFO Executor: Finished task 1.0 in stage 88.0 (TID 113). 4976 bytes result sent to driver
[2026-01-29T16:42:00.935+0530] {subprocess.py:106} INFO - 26/01/29 16:42:00 INFO TaskSetManager: Finished task 1.0 in stage 88.0 (TID 113) in 298 ms on Aishwarya92848DBDA (executor driver) (2/2)
[2026-01-29T16:42:00.936+0530] {subprocess.py:106} INFO - 26/01/29 16:42:00 INFO TaskSchedulerImpl: Removed TaskSet 88.0, whose tasks have all completed, from pool
[2026-01-29T16:42:00.936+0530] {subprocess.py:106} INFO - 26/01/29 16:42:00 INFO DAGScheduler: ShuffleMapStage 88 (showString at NativeMethodAccessorImpl.java:0) finished in 0.306 s
[2026-01-29T16:42:00.937+0530] {subprocess.py:106} INFO - 26/01/29 16:42:00 INFO DAGScheduler: looking for newly runnable stages
[2026-01-29T16:42:00.937+0530] {subprocess.py:106} INFO - 26/01/29 16:42:00 INFO DAGScheduler: running: Set()
[2026-01-29T16:42:00.937+0530] {subprocess.py:106} INFO - 26/01/29 16:42:00 INFO DAGScheduler: waiting: Set()
[2026-01-29T16:42:00.937+0530] {subprocess.py:106} INFO - 26/01/29 16:42:00 INFO DAGScheduler: failed: Set()
[2026-01-29T16:42:00.956+0530] {subprocess.py:106} INFO - 26/01/29 16:42:00 INFO CodeGenerator: Code generated in 9.747435 ms
[2026-01-29T16:42:00.965+0530] {subprocess.py:106} INFO - 26/01/29 16:42:00 INFO SparkContext: Starting job: showString at NativeMethodAccessorImpl.java:0
[2026-01-29T16:42:00.966+0530] {subprocess.py:106} INFO - 26/01/29 16:42:00 INFO DAGScheduler: Got job 68 (showString at NativeMethodAccessorImpl.java:0) with 1 output partitions
[2026-01-29T16:42:00.966+0530] {subprocess.py:106} INFO - 26/01/29 16:42:00 INFO DAGScheduler: Final stage: ResultStage 91 (showString at NativeMethodAccessorImpl.java:0)
[2026-01-29T16:42:00.967+0530] {subprocess.py:106} INFO - 26/01/29 16:42:00 INFO DAGScheduler: Parents of final stage: List(ShuffleMapStage 90)
[2026-01-29T16:42:00.967+0530] {subprocess.py:106} INFO - 26/01/29 16:42:00 INFO DAGScheduler: Missing parents: List()
[2026-01-29T16:42:00.967+0530] {subprocess.py:106} INFO - 26/01/29 16:42:00 INFO DAGScheduler: Submitting ResultStage 91 (MapPartitionsRDD[312] at showString at NativeMethodAccessorImpl.java:0), which has no missing parents
[2026-01-29T16:42:00.968+0530] {subprocess.py:106} INFO - 26/01/29 16:42:00 INFO MemoryStore: Block broadcast_115 stored as values in memory (estimated size 19.6 KiB, free 365.8 MiB)
[2026-01-29T16:42:00.969+0530] {subprocess.py:106} INFO - 26/01/29 16:42:00 INFO MemoryStore: Block broadcast_115_piece0 stored as bytes in memory (estimated size 7.5 KiB, free 365.8 MiB)
[2026-01-29T16:42:00.970+0530] {subprocess.py:106} INFO - 26/01/29 16:42:00 INFO BlockManagerInfo: Added broadcast_115_piece0 in memory on Aishwarya92848DBDA:35477 (size: 7.5 KiB, free: 366.2 MiB)
[2026-01-29T16:42:00.970+0530] {subprocess.py:106} INFO - 26/01/29 16:42:00 INFO SparkContext: Created broadcast 115 from broadcast at DAGScheduler.scala:1585
[2026-01-29T16:42:00.970+0530] {subprocess.py:106} INFO - 26/01/29 16:42:00 INFO DAGScheduler: Submitting 1 missing tasks from ResultStage 91 (MapPartitionsRDD[312] at showString at NativeMethodAccessorImpl.java:0) (first 15 tasks are for partitions Vector(0))
[2026-01-29T16:42:00.970+0530] {subprocess.py:106} INFO - 26/01/29 16:42:00 INFO TaskSchedulerImpl: Adding task set 91.0 with 1 tasks resource profile 0
[2026-01-29T16:42:00.971+0530] {subprocess.py:106} INFO - 26/01/29 16:42:00 INFO TaskSetManager: Starting task 0.0 in stage 91.0 (TID 114) (Aishwarya92848DBDA, executor driver, partition 0, NODE_LOCAL, 7615 bytes)
[2026-01-29T16:42:00.972+0530] {subprocess.py:106} INFO - 26/01/29 16:42:00 INFO Executor: Running task 0.0 in stage 91.0 (TID 114)
[2026-01-29T16:42:00.974+0530] {subprocess.py:106} INFO - 26/01/29 16:42:00 INFO ShuffleBlockFetcherIterator: Getting 2 (144.0 B) non-empty blocks including 2 (144.0 B) local and 0 (0.0 B) host-local and 0 (0.0 B) push-merged-local and 0 (0.0 B) remote blocks
[2026-01-29T16:42:00.974+0530] {subprocess.py:106} INFO - 26/01/29 16:42:00 INFO ShuffleBlockFetcherIterator: Started 0 remote fetches in 0 ms
[2026-01-29T16:42:00.984+0530] {subprocess.py:106} INFO - 26/01/29 16:42:00 INFO CodeGenerator: Code generated in 9.801136 ms
[2026-01-29T16:42:00.988+0530] {subprocess.py:106} INFO - 26/01/29 16:42:00 INFO Executor: Finished task 0.0 in stage 91.0 (TID 114). 4052 bytes result sent to driver
[2026-01-29T16:42:00.988+0530] {subprocess.py:106} INFO - 26/01/29 16:42:00 INFO TaskSetManager: Finished task 0.0 in stage 91.0 (TID 114) in 17 ms on Aishwarya92848DBDA (executor driver) (1/1)
[2026-01-29T16:42:00.989+0530] {subprocess.py:106} INFO - 26/01/29 16:42:00 INFO TaskSchedulerImpl: Removed TaskSet 91.0, whose tasks have all completed, from pool
[2026-01-29T16:42:00.989+0530] {subprocess.py:106} INFO - 26/01/29 16:42:00 INFO DAGScheduler: ResultStage 91 (showString at NativeMethodAccessorImpl.java:0) finished in 0.022 s
[2026-01-29T16:42:00.989+0530] {subprocess.py:106} INFO - 26/01/29 16:42:00 INFO DAGScheduler: Job 68 is finished. Cancelling potential speculative or zombie tasks for this job
[2026-01-29T16:42:00.989+0530] {subprocess.py:106} INFO - 26/01/29 16:42:00 INFO TaskSchedulerImpl: Killing all running tasks in stage 91: Stage finished
[2026-01-29T16:42:00.989+0530] {subprocess.py:106} INFO - 26/01/29 16:42:00 INFO DAGScheduler: Job 68 finished: showString at NativeMethodAccessorImpl.java:0, took 0.024564 s
[2026-01-29T16:42:00.997+0530] {subprocess.py:106} INFO - 26/01/29 16:42:00 INFO CodeGenerator: Code generated in 5.728194 ms
[2026-01-29T16:42:00.999+0530] {subprocess.py:106} INFO - +------------------+------------------+------------------------+------------------------+------------------+------------------+------------+----------+----------+--------------+
[2026-01-29T16:42:01.000+0530] {subprocess.py:106} INFO - |temperature_2m_max|temperature_2m_min|apparent_temperature_max|apparent_temperature_min|wind_speed_10m_max|wind_gusts_10m_max|rain_sum_log|temp_lag_1|temp_lag_2|temp_rolling_3|
[2026-01-29T16:42:01.000+0530] {subprocess.py:106} INFO - +------------------+------------------+------------------------+------------------------+------------------+------------------+------------+----------+----------+--------------+
[2026-01-29T16:42:01.000+0530] {subprocess.py:106} INFO - |30                |30                |30                      |30                      |30                |30                |30          |40        |50        |30            |
[2026-01-29T16:42:01.000+0530] {subprocess.py:106} INFO - +------------------+------------------+------------------------+------------------------+------------------+------------------+------------+----------+----------+--------------+
[2026-01-29T16:42:01.000+0530] {subprocess.py:106} INFO - 
[2026-01-29T16:42:01.158+0530] {subprocess.py:106} INFO - 26/01/29 16:42:01 INFO FileSourceStrategy: Pushed Filters:
[2026-01-29T16:42:01.158+0530] {subprocess.py:106} INFO - 26/01/29 16:42:01 INFO FileSourceStrategy: Post-Scan Filters:
[2026-01-29T16:42:01.183+0530] {subprocess.py:106} INFO - 26/01/29 16:42:01 INFO MemoryStore: Block broadcast_116 stored as values in memory (estimated size 350.2 KiB, free 365.5 MiB)
[2026-01-29T16:42:01.191+0530] {subprocess.py:106} INFO - 26/01/29 16:42:01 INFO MemoryStore: Block broadcast_116_piece0 stored as bytes in memory (estimated size 34.3 KiB, free 365.4 MiB)
[2026-01-29T16:42:01.191+0530] {subprocess.py:106} INFO - 26/01/29 16:42:01 INFO BlockManagerInfo: Added broadcast_116_piece0 in memory on Aishwarya92848DBDA:35477 (size: 34.3 KiB, free: 366.2 MiB)
[2026-01-29T16:42:01.192+0530] {subprocess.py:106} INFO - 26/01/29 16:42:01 INFO SparkContext: Created broadcast 116 from showString at NativeMethodAccessorImpl.java:0
[2026-01-29T16:42:01.193+0530] {subprocess.py:106} INFO - 26/01/29 16:42:01 INFO FileSourceScanExec: Planning scan with bin packing, max size: 4194304 bytes, open cost is considered as scanning 4194304 bytes.
[2026-01-29T16:42:01.196+0530] {subprocess.py:106} INFO - 26/01/29 16:42:01 INFO DAGScheduler: Registering RDD 316 (showString at NativeMethodAccessorImpl.java:0) as input to shuffle 22
[2026-01-29T16:42:01.197+0530] {subprocess.py:106} INFO - 26/01/29 16:42:01 INFO DAGScheduler: Got map stage job 69 (showString at NativeMethodAccessorImpl.java:0) with 2 output partitions
[2026-01-29T16:42:01.197+0530] {subprocess.py:106} INFO - 26/01/29 16:42:01 INFO DAGScheduler: Final stage: ShuffleMapStage 92 (showString at NativeMethodAccessorImpl.java:0)
[2026-01-29T16:42:01.197+0530] {subprocess.py:106} INFO - 26/01/29 16:42:01 INFO DAGScheduler: Parents of final stage: List()
[2026-01-29T16:42:01.197+0530] {subprocess.py:106} INFO - 26/01/29 16:42:01 INFO DAGScheduler: Missing parents: List()
[2026-01-29T16:42:01.198+0530] {subprocess.py:106} INFO - 26/01/29 16:42:01 INFO DAGScheduler: Submitting ShuffleMapStage 92 (MapPartitionsRDD[316] at showString at NativeMethodAccessorImpl.java:0), which has no missing parents
[2026-01-29T16:42:01.200+0530] {subprocess.py:106} INFO - 26/01/29 16:42:01 INFO MemoryStore: Block broadcast_117 stored as values in memory (estimated size 28.9 KiB, free 365.4 MiB)
[2026-01-29T16:42:01.202+0530] {subprocess.py:106} INFO - 26/01/29 16:42:01 INFO MemoryStore: Block broadcast_117_piece0 stored as bytes in memory (estimated size 11.1 KiB, free 365.4 MiB)
[2026-01-29T16:42:01.202+0530] {subprocess.py:106} INFO - 26/01/29 16:42:01 INFO BlockManagerInfo: Added broadcast_117_piece0 in memory on Aishwarya92848DBDA:35477 (size: 11.1 KiB, free: 366.2 MiB)
[2026-01-29T16:42:01.202+0530] {subprocess.py:106} INFO - 26/01/29 16:42:01 INFO SparkContext: Created broadcast 117 from broadcast at DAGScheduler.scala:1585
[2026-01-29T16:42:01.203+0530] {subprocess.py:106} INFO - 26/01/29 16:42:01 INFO DAGScheduler: Submitting 2 missing tasks from ShuffleMapStage 92 (MapPartitionsRDD[316] at showString at NativeMethodAccessorImpl.java:0) (first 15 tasks are for partitions Vector(0, 1))
[2026-01-29T16:42:01.203+0530] {subprocess.py:106} INFO - 26/01/29 16:42:01 INFO TaskSchedulerImpl: Adding task set 92.0 with 2 tasks resource profile 0
[2026-01-29T16:42:01.204+0530] {subprocess.py:106} INFO - 26/01/29 16:42:01 INFO TaskSetManager: Starting task 0.0 in stage 92.0 (TID 115) (Aishwarya92848DBDA, executor driver, partition 0, NODE_LOCAL, 8230 bytes)
[2026-01-29T16:42:01.204+0530] {subprocess.py:106} INFO - 26/01/29 16:42:01 INFO TaskSetManager: Starting task 1.0 in stage 92.0 (TID 116) (Aishwarya92848DBDA, executor driver, partition 1, NODE_LOCAL, 8230 bytes)
[2026-01-29T16:42:01.204+0530] {subprocess.py:106} INFO - 26/01/29 16:42:01 INFO Executor: Running task 0.0 in stage 92.0 (TID 115)
[2026-01-29T16:42:01.204+0530] {subprocess.py:106} INFO - 26/01/29 16:42:01 INFO Executor: Running task 1.0 in stage 92.0 (TID 116)
[2026-01-29T16:42:01.209+0530] {subprocess.py:106} INFO - 26/01/29 16:42:01 INFO FileScanRDD: Reading File path: hdfs://localhost:9000/weather/data/raw_data/weather_dataset.csv, range: 0-4194304, partition values: [empty row]
[2026-01-29T16:42:01.209+0530] {subprocess.py:106} INFO - 26/01/29 16:42:01 INFO FileScanRDD: Reading File path: hdfs://localhost:9000/weather/data/raw_data/weather_dataset.csv, range: 4194304-6329103, partition values: [empty row]
[2026-01-29T16:42:01.312+0530] {subprocess.py:106} INFO - 26/01/29 16:42:01 INFO Executor: Finished task 1.0 in stage 92.0 (TID 116). 1995 bytes result sent to driver
[2026-01-29T16:42:01.313+0530] {subprocess.py:106} INFO - 26/01/29 16:42:01 INFO TaskSetManager: Finished task 1.0 in stage 92.0 (TID 116) in 109 ms on Aishwarya92848DBDA (executor driver) (1/2)
[2026-01-29T16:42:01.351+0530] {subprocess.py:106} INFO - 26/01/29 16:42:01 INFO BlockManagerInfo: Removed broadcast_114_piece0 on Aishwarya92848DBDA:35477 in memory (size: 25.3 KiB, free: 366.2 MiB)
[2026-01-29T16:42:01.352+0530] {subprocess.py:106} INFO - 26/01/29 16:42:01 INFO BlockManagerInfo: Removed broadcast_112_piece0 on Aishwarya92848DBDA:35477 in memory (size: 34.3 KiB, free: 366.2 MiB)
[2026-01-29T16:42:01.353+0530] {subprocess.py:106} INFO - 26/01/29 16:42:01 INFO BlockManagerInfo: Removed broadcast_115_piece0 on Aishwarya92848DBDA:35477 in memory (size: 7.5 KiB, free: 366.3 MiB)
[2026-01-29T16:42:01.409+0530] {subprocess.py:106} INFO - 26/01/29 16:42:01 INFO Executor: Finished task 0.0 in stage 92.0 (TID 115). 2038 bytes result sent to driver
[2026-01-29T16:42:01.409+0530] {subprocess.py:106} INFO - 26/01/29 16:42:01 INFO TaskSetManager: Finished task 0.0 in stage 92.0 (TID 115) in 206 ms on Aishwarya92848DBDA (executor driver) (2/2)
[2026-01-29T16:42:01.410+0530] {subprocess.py:106} INFO - 26/01/29 16:42:01 INFO TaskSchedulerImpl: Removed TaskSet 92.0, whose tasks have all completed, from pool
[2026-01-29T16:42:01.410+0530] {subprocess.py:106} INFO - 26/01/29 16:42:01 INFO DAGScheduler: ShuffleMapStage 92 (showString at NativeMethodAccessorImpl.java:0) finished in 0.213 s
[2026-01-29T16:42:01.410+0530] {subprocess.py:106} INFO - 26/01/29 16:42:01 INFO DAGScheduler: looking for newly runnable stages
[2026-01-29T16:42:01.410+0530] {subprocess.py:106} INFO - 26/01/29 16:42:01 INFO DAGScheduler: running: Set()
[2026-01-29T16:42:01.410+0530] {subprocess.py:106} INFO - 26/01/29 16:42:01 INFO DAGScheduler: waiting: Set()
[2026-01-29T16:42:01.411+0530] {subprocess.py:106} INFO - 26/01/29 16:42:01 INFO DAGScheduler: failed: Set()
[2026-01-29T16:42:01.415+0530] {subprocess.py:106} INFO - 26/01/29 16:42:01 INFO ShufflePartitionsUtil: For shuffle(22), advisory target size: 67108864, actual target size 1048576, minimum partition size: 1048576
[2026-01-29T16:42:01.527+0530] {subprocess.py:106} INFO - 26/01/29 16:42:01 INFO CodeGenerator: Code generated in 27.919738 ms
[2026-01-29T16:42:01.573+0530] {subprocess.py:106} INFO - 26/01/29 16:42:01 INFO SparkContext: Starting job: showString at NativeMethodAccessorImpl.java:0
[2026-01-29T16:42:01.574+0530] {subprocess.py:106} INFO - 26/01/29 16:42:01 INFO DAGScheduler: Got job 70 (showString at NativeMethodAccessorImpl.java:0) with 1 output partitions
[2026-01-29T16:42:01.574+0530] {subprocess.py:106} INFO - 26/01/29 16:42:01 INFO DAGScheduler: Final stage: ResultStage 94 (showString at NativeMethodAccessorImpl.java:0)
[2026-01-29T16:42:01.575+0530] {subprocess.py:106} INFO - 26/01/29 16:42:01 INFO DAGScheduler: Parents of final stage: List(ShuffleMapStage 93)
[2026-01-29T16:42:01.575+0530] {subprocess.py:106} INFO - 26/01/29 16:42:01 INFO DAGScheduler: Missing parents: List()
[2026-01-29T16:42:01.575+0530] {subprocess.py:106} INFO - 26/01/29 16:42:01 INFO DAGScheduler: Submitting ResultStage 94 (MapPartitionsRDD[321] at showString at NativeMethodAccessorImpl.java:0), which has no missing parents
[2026-01-29T16:42:01.578+0530] {subprocess.py:106} INFO - 26/01/29 16:42:01 INFO MemoryStore: Block broadcast_118 stored as values in memory (estimated size 63.6 KiB, free 365.8 MiB)
[2026-01-29T16:42:01.579+0530] {subprocess.py:106} INFO - 26/01/29 16:42:01 INFO MemoryStore: Block broadcast_118_piece0 stored as bytes in memory (estimated size 26.5 KiB, free 365.8 MiB)
[2026-01-29T16:42:01.580+0530] {subprocess.py:106} INFO - 26/01/29 16:42:01 INFO BlockManagerInfo: Added broadcast_118_piece0 in memory on Aishwarya92848DBDA:35477 (size: 26.5 KiB, free: 366.2 MiB)
[2026-01-29T16:42:01.580+0530] {subprocess.py:106} INFO - 26/01/29 16:42:01 INFO SparkContext: Created broadcast 118 from broadcast at DAGScheduler.scala:1585
[2026-01-29T16:42:01.580+0530] {subprocess.py:106} INFO - 26/01/29 16:42:01 INFO DAGScheduler: Submitting 1 missing tasks from ResultStage 94 (MapPartitionsRDD[321] at showString at NativeMethodAccessorImpl.java:0) (first 15 tasks are for partitions Vector(0))
[2026-01-29T16:42:01.580+0530] {subprocess.py:106} INFO - 26/01/29 16:42:01 INFO TaskSchedulerImpl: Adding task set 94.0 with 1 tasks resource profile 0
[2026-01-29T16:42:01.581+0530] {subprocess.py:106} INFO - 26/01/29 16:42:01 INFO TaskSetManager: Starting task 0.0 in stage 94.0 (TID 117) (Aishwarya92848DBDA, executor driver, partition 0, NODE_LOCAL, 7615 bytes)
[2026-01-29T16:42:01.582+0530] {subprocess.py:106} INFO - 26/01/29 16:42:01 INFO Executor: Running task 0.0 in stage 94.0 (TID 117)
[2026-01-29T16:42:01.607+0530] {subprocess.py:106} INFO - 26/01/29 16:42:01 INFO ShuffleBlockFetcherIterator: Getting 2 (1243.9 KiB) non-empty blocks including 2 (1243.9 KiB) local and 0 (0.0 B) host-local and 0 (0.0 B) push-merged-local and 0 (0.0 B) remote blocks
[2026-01-29T16:42:01.607+0530] {subprocess.py:106} INFO - 26/01/29 16:42:01 INFO ShuffleBlockFetcherIterator: Started 0 remote fetches in 0 ms
[2026-01-29T16:42:01.649+0530] {subprocess.py:106} INFO - 26/01/29 16:42:01 INFO CodeGenerator: Code generated in 13.382373 ms
[2026-01-29T16:42:01.657+0530] {subprocess.py:106} INFO - 26/01/29 16:42:01 INFO ExternalAppendOnlyUnsafeRowArray: Reached spill threshold of 4096 rows, switching to org.apache.spark.util.collection.unsafe.sort.UnsafeExternalSorter
[2026-01-29T16:42:01.679+0530] {subprocess.py:106} INFO - 26/01/29 16:42:01 INFO CodeGenerator: Code generated in 5.624169 ms
[2026-01-29T16:42:01.685+0530] {subprocess.py:106} INFO - 26/01/29 16:42:01 INFO Executor: Finished task 0.0 in stage 94.0 (TID 117). 4926 bytes result sent to driver
[2026-01-29T16:42:01.686+0530] {subprocess.py:106} INFO - 26/01/29 16:42:01 INFO TaskSetManager: Finished task 0.0 in stage 94.0 (TID 117) in 104 ms on Aishwarya92848DBDA (executor driver) (1/1)
[2026-01-29T16:42:01.686+0530] {subprocess.py:106} INFO - 26/01/29 16:42:01 INFO TaskSchedulerImpl: Removed TaskSet 94.0, whose tasks have all completed, from pool
[2026-01-29T16:42:01.686+0530] {subprocess.py:106} INFO - 26/01/29 16:42:01 INFO DAGScheduler: ResultStage 94 (showString at NativeMethodAccessorImpl.java:0) finished in 0.111 s
[2026-01-29T16:42:01.686+0530] {subprocess.py:106} INFO - 26/01/29 16:42:01 INFO DAGScheduler: Job 70 is finished. Cancelling potential speculative or zombie tasks for this job
[2026-01-29T16:42:01.686+0530] {subprocess.py:106} INFO - 26/01/29 16:42:01 INFO TaskSchedulerImpl: Killing all running tasks in stage 94: Stage finished
[2026-01-29T16:42:01.687+0530] {subprocess.py:106} INFO - 26/01/29 16:42:01 INFO DAGScheduler: Job 70 finished: showString at NativeMethodAccessorImpl.java:0, took 0.113046 s
[2026-01-29T16:42:01.692+0530] {subprocess.py:106} INFO - 26/01/29 16:42:01 INFO CodeGenerator: Code generated in 3.800269 ms
[2026-01-29T16:42:01.693+0530] {subprocess.py:106} INFO - +----------------------------------------------------------------+
[2026-01-29T16:42:01.693+0530] {subprocess.py:106} INFO - |features                                                        |
[2026-01-29T16:42:01.694+0530] {subprocess.py:106} INFO - +----------------------------------------------------------------+
[2026-01-29T16:42:01.694+0530] {subprocess.py:106} INFO - |[25.4,13.6,25.8,13.3,13.5,31.3,0.0,25.4,24.6,25.133333333333336]|
[2026-01-29T16:42:01.694+0530] {subprocess.py:106} INFO - |[25.6,14.9,26.1,15.2,13.8,26.6,0.0,25.4,25.4,25.46666666666667] |
[2026-01-29T16:42:01.694+0530] {subprocess.py:106} INFO - |[26.6,14.5,26.0,14.0,12.8,29.9,0.0,25.6,25.4,25.866666666666664]|
[2026-01-29T16:42:01.694+0530] {subprocess.py:106} INFO - |[25.5,14.7,26.2,14.5,14.4,29.9,0.0,26.6,25.6,25.900000000000002]|
[2026-01-29T16:42:01.694+0530] {subprocess.py:106} INFO - |[26.3,15.4,26.7,15.1,15.2,33.1,0.0,25.5,26.6,26.133333333333336]|
[2026-01-29T16:42:01.694+0530] {subprocess.py:106} INFO - +----------------------------------------------------------------+
[2026-01-29T16:42:01.695+0530] {subprocess.py:106} INFO - only showing top 5 rows
[2026-01-29T16:42:01.695+0530] {subprocess.py:106} INFO - 
[2026-01-29T16:42:01.776+0530] {subprocess.py:106} INFO - 26/01/29 16:42:01 INFO FileSourceStrategy: Pushed Filters:
[2026-01-29T16:42:01.776+0530] {subprocess.py:106} INFO - 26/01/29 16:42:01 INFO FileSourceStrategy: Post-Scan Filters:
[2026-01-29T16:42:01.799+0530] {subprocess.py:106} INFO - 26/01/29 16:42:01 INFO MemoryStore: Block broadcast_119 stored as values in memory (estimated size 350.2 KiB, free 365.5 MiB)
[2026-01-29T16:42:01.805+0530] {subprocess.py:106} INFO - 26/01/29 16:42:01 INFO MemoryStore: Block broadcast_119_piece0 stored as bytes in memory (estimated size 34.3 KiB, free 365.4 MiB)
[2026-01-29T16:42:01.805+0530] {subprocess.py:106} INFO - 26/01/29 16:42:01 INFO BlockManagerInfo: Added broadcast_119_piece0 in memory on Aishwarya92848DBDA:35477 (size: 34.3 KiB, free: 366.2 MiB)
[2026-01-29T16:42:01.806+0530] {subprocess.py:106} INFO - 26/01/29 16:42:01 INFO SparkContext: Created broadcast 119 from first at MinMaxScaler.scala:120
[2026-01-29T16:42:01.806+0530] {subprocess.py:106} INFO - 26/01/29 16:42:01 INFO FileSourceScanExec: Planning scan with bin packing, max size: 4194304 bytes, open cost is considered as scanning 4194304 bytes.
[2026-01-29T16:42:01.809+0530] {subprocess.py:106} INFO - 26/01/29 16:42:01 INFO DAGScheduler: Registering RDD 325 (first at MinMaxScaler.scala:120) as input to shuffle 23
[2026-01-29T16:42:01.810+0530] {subprocess.py:106} INFO - 26/01/29 16:42:01 INFO DAGScheduler: Got map stage job 71 (first at MinMaxScaler.scala:120) with 2 output partitions
[2026-01-29T16:42:01.810+0530] {subprocess.py:106} INFO - 26/01/29 16:42:01 INFO DAGScheduler: Final stage: ShuffleMapStage 95 (first at MinMaxScaler.scala:120)
[2026-01-29T16:42:01.810+0530] {subprocess.py:106} INFO - 26/01/29 16:42:01 INFO DAGScheduler: Parents of final stage: List()
[2026-01-29T16:42:01.810+0530] {subprocess.py:106} INFO - 26/01/29 16:42:01 INFO DAGScheduler: Missing parents: List()
[2026-01-29T16:42:01.811+0530] {subprocess.py:106} INFO - 26/01/29 16:42:01 INFO DAGScheduler: Submitting ShuffleMapStage 95 (MapPartitionsRDD[325] at first at MinMaxScaler.scala:120), which has no missing parents
[2026-01-29T16:42:01.812+0530] {subprocess.py:106} INFO - 26/01/29 16:42:01 INFO MemoryStore: Block broadcast_120 stored as values in memory (estimated size 28.9 KiB, free 365.4 MiB)
[2026-01-29T16:42:01.813+0530] {subprocess.py:106} INFO - 26/01/29 16:42:01 INFO MemoryStore: Block broadcast_120_piece0 stored as bytes in memory (estimated size 11.1 KiB, free 365.4 MiB)
[2026-01-29T16:42:01.813+0530] {subprocess.py:106} INFO - 26/01/29 16:42:01 INFO BlockManagerInfo: Added broadcast_120_piece0 in memory on Aishwarya92848DBDA:35477 (size: 11.1 KiB, free: 366.2 MiB)
[2026-01-29T16:42:01.814+0530] {subprocess.py:106} INFO - 26/01/29 16:42:01 INFO SparkContext: Created broadcast 120 from broadcast at DAGScheduler.scala:1585
[2026-01-29T16:42:01.814+0530] {subprocess.py:106} INFO - 26/01/29 16:42:01 INFO DAGScheduler: Submitting 2 missing tasks from ShuffleMapStage 95 (MapPartitionsRDD[325] at first at MinMaxScaler.scala:120) (first 15 tasks are for partitions Vector(0, 1))
[2026-01-29T16:42:01.814+0530] {subprocess.py:106} INFO - 26/01/29 16:42:01 INFO TaskSchedulerImpl: Adding task set 95.0 with 2 tasks resource profile 0
[2026-01-29T16:42:01.815+0530] {subprocess.py:106} INFO - 26/01/29 16:42:01 INFO TaskSetManager: Starting task 0.0 in stage 95.0 (TID 118) (Aishwarya92848DBDA, executor driver, partition 0, NODE_LOCAL, 8230 bytes)
[2026-01-29T16:42:01.816+0530] {subprocess.py:106} INFO - 26/01/29 16:42:01 INFO TaskSetManager: Starting task 1.0 in stage 95.0 (TID 119) (Aishwarya92848DBDA, executor driver, partition 1, NODE_LOCAL, 8230 bytes)
[2026-01-29T16:42:01.816+0530] {subprocess.py:106} INFO - 26/01/29 16:42:01 INFO Executor: Running task 1.0 in stage 95.0 (TID 119)
[2026-01-29T16:42:01.816+0530] {subprocess.py:106} INFO - 26/01/29 16:42:01 INFO Executor: Running task 0.0 in stage 95.0 (TID 118)
[2026-01-29T16:42:01.820+0530] {subprocess.py:106} INFO - 26/01/29 16:42:01 INFO FileScanRDD: Reading File path: hdfs://localhost:9000/weather/data/raw_data/weather_dataset.csv, range: 0-4194304, partition values: [empty row]
[2026-01-29T16:42:01.821+0530] {subprocess.py:106} INFO - 26/01/29 16:42:01 INFO FileScanRDD: Reading File path: hdfs://localhost:9000/weather/data/raw_data/weather_dataset.csv, range: 4194304-6329103, partition values: [empty row]
[2026-01-29T16:42:01.926+0530] {subprocess.py:106} INFO - 26/01/29 16:42:01 INFO BlockManagerInfo: Removed broadcast_117_piece0 on Aishwarya92848DBDA:35477 in memory (size: 11.1 KiB, free: 366.2 MiB)
[2026-01-29T16:42:01.927+0530] {subprocess.py:106} INFO - 26/01/29 16:42:01 INFO BlockManagerInfo: Removed broadcast_116_piece0 on Aishwarya92848DBDA:35477 in memory (size: 34.3 KiB, free: 366.2 MiB)
[2026-01-29T16:42:01.928+0530] {subprocess.py:106} INFO - 26/01/29 16:42:01 INFO BlockManagerInfo: Removed broadcast_118_piece0 on Aishwarya92848DBDA:35477 in memory (size: 26.5 KiB, free: 366.3 MiB)
[2026-01-29T16:42:01.949+0530] {subprocess.py:106} INFO - 26/01/29 16:42:01 INFO Executor: Finished task 1.0 in stage 95.0 (TID 119). 2038 bytes result sent to driver
[2026-01-29T16:42:01.949+0530] {subprocess.py:106} INFO - 26/01/29 16:42:01 INFO TaskSetManager: Finished task 1.0 in stage 95.0 (TID 119) in 134 ms on Aishwarya92848DBDA (executor driver) (1/2)
[2026-01-29T16:42:02.019+0530] {subprocess.py:106} INFO - 26/01/29 16:42:02 INFO Executor: Finished task 0.0 in stage 95.0 (TID 118). 2038 bytes result sent to driver
[2026-01-29T16:42:02.019+0530] {subprocess.py:106} INFO - 26/01/29 16:42:02 INFO TaskSetManager: Finished task 0.0 in stage 95.0 (TID 118) in 204 ms on Aishwarya92848DBDA (executor driver) (2/2)
[2026-01-29T16:42:02.020+0530] {subprocess.py:106} INFO - 26/01/29 16:42:02 INFO TaskSchedulerImpl: Removed TaskSet 95.0, whose tasks have all completed, from pool
[2026-01-29T16:42:02.020+0530] {subprocess.py:106} INFO - 26/01/29 16:42:02 INFO DAGScheduler: ShuffleMapStage 95 (first at MinMaxScaler.scala:120) finished in 0.210 s
[2026-01-29T16:42:02.020+0530] {subprocess.py:106} INFO - 26/01/29 16:42:02 INFO DAGScheduler: looking for newly runnable stages
[2026-01-29T16:42:02.020+0530] {subprocess.py:106} INFO - 26/01/29 16:42:02 INFO DAGScheduler: running: Set()
[2026-01-29T16:42:02.020+0530] {subprocess.py:106} INFO - 26/01/29 16:42:02 INFO DAGScheduler: waiting: Set()
[2026-01-29T16:42:02.020+0530] {subprocess.py:106} INFO - 26/01/29 16:42:02 INFO DAGScheduler: failed: Set()
[2026-01-29T16:42:02.025+0530] {subprocess.py:106} INFO - 26/01/29 16:42:02 INFO ShufflePartitionsUtil: For shuffle(23), advisory target size: 67108864, actual target size 1048576, minimum partition size: 1048576
[2026-01-29T16:42:02.042+0530] {subprocess.py:106} INFO - 26/01/29 16:42:02 INFO CodeGenerator: Code generated in 8.765509 ms
[2026-01-29T16:42:02.059+0530] {subprocess.py:106} INFO - 26/01/29 16:42:02 INFO DAGScheduler: Registering RDD 331 (first at MinMaxScaler.scala:120) as input to shuffle 24
[2026-01-29T16:42:02.060+0530] {subprocess.py:106} INFO - 26/01/29 16:42:02 INFO DAGScheduler: Got map stage job 72 (first at MinMaxScaler.scala:120) with 2 output partitions
[2026-01-29T16:42:02.060+0530] {subprocess.py:106} INFO - 26/01/29 16:42:02 INFO DAGScheduler: Final stage: ShuffleMapStage 97 (first at MinMaxScaler.scala:120)
[2026-01-29T16:42:02.060+0530] {subprocess.py:106} INFO - 26/01/29 16:42:02 INFO DAGScheduler: Parents of final stage: List(ShuffleMapStage 96)
[2026-01-29T16:42:02.060+0530] {subprocess.py:106} INFO - 26/01/29 16:42:02 INFO DAGScheduler: Missing parents: List()
[2026-01-29T16:42:02.060+0530] {subprocess.py:106} INFO - 26/01/29 16:42:02 INFO DAGScheduler: Submitting ShuffleMapStage 97 (MapPartitionsRDD[331] at first at MinMaxScaler.scala:120), which has no missing parents
[2026-01-29T16:42:02.077+0530] {subprocess.py:106} INFO - 26/01/29 16:42:02 INFO MemoryStore: Block broadcast_121 stored as values in memory (estimated size 71.8 KiB, free 365.8 MiB)
[2026-01-29T16:42:02.078+0530] {subprocess.py:106} INFO - 26/01/29 16:42:02 INFO MemoryStore: Block broadcast_121_piece0 stored as bytes in memory (estimated size 30.4 KiB, free 365.8 MiB)
[2026-01-29T16:42:02.079+0530] {subprocess.py:106} INFO - 26/01/29 16:42:02 INFO BlockManagerInfo: Added broadcast_121_piece0 in memory on Aishwarya92848DBDA:35477 (size: 30.4 KiB, free: 366.2 MiB)
[2026-01-29T16:42:02.079+0530] {subprocess.py:106} INFO - 26/01/29 16:42:02 INFO SparkContext: Created broadcast 121 from broadcast at DAGScheduler.scala:1585
[2026-01-29T16:42:02.079+0530] {subprocess.py:106} INFO - 26/01/29 16:42:02 INFO DAGScheduler: Submitting 2 missing tasks from ShuffleMapStage 97 (MapPartitionsRDD[331] at first at MinMaxScaler.scala:120) (first 15 tasks are for partitions Vector(0, 1))
[2026-01-29T16:42:02.079+0530] {subprocess.py:106} INFO - 26/01/29 16:42:02 INFO TaskSchedulerImpl: Adding task set 97.0 with 2 tasks resource profile 0
[2026-01-29T16:42:02.080+0530] {subprocess.py:106} INFO - 26/01/29 16:42:02 INFO TaskSetManager: Starting task 0.0 in stage 97.0 (TID 120) (Aishwarya92848DBDA, executor driver, partition 0, NODE_LOCAL, 7604 bytes)
[2026-01-29T16:42:02.081+0530] {subprocess.py:106} INFO - 26/01/29 16:42:02 INFO TaskSetManager: Starting task 1.0 in stage 97.0 (TID 121) (Aishwarya92848DBDA, executor driver, partition 1, NODE_LOCAL, 7604 bytes)
[2026-01-29T16:42:02.081+0530] {subprocess.py:106} INFO - 26/01/29 16:42:02 INFO Executor: Running task 1.0 in stage 97.0 (TID 121)
[2026-01-29T16:42:02.081+0530] {subprocess.py:106} INFO - 26/01/29 16:42:02 INFO Executor: Running task 0.0 in stage 97.0 (TID 120)
[2026-01-29T16:42:02.089+0530] {subprocess.py:106} INFO - 26/01/29 16:42:02 INFO ShuffleBlockFetcherIterator: Getting 2 (1243.9 KiB) non-empty blocks including 2 (1243.9 KiB) local and 0 (0.0 B) host-local and 0 (0.0 B) push-merged-local and 0 (0.0 B) remote blocks
[2026-01-29T16:42:02.089+0530] {subprocess.py:106} INFO - 26/01/29 16:42:02 INFO ShuffleBlockFetcherIterator: Started 0 remote fetches in 0 ms
[2026-01-29T16:42:02.090+0530] {subprocess.py:106} INFO - 26/01/29 16:42:02 INFO ShuffleBlockFetcherIterator: Getting 2 (1860.4 KiB) non-empty blocks including 2 (1860.4 KiB) local and 0 (0.0 B) host-local and 0 (0.0 B) push-merged-local and 0 (0.0 B) remote blocks
[2026-01-29T16:42:02.090+0530] {subprocess.py:106} INFO - 26/01/29 16:42:02 INFO ShuffleBlockFetcherIterator: Started 0 remote fetches in 0 ms
[2026-01-29T16:42:02.115+0530] {subprocess.py:106} INFO - 26/01/29 16:42:02 INFO CodeGenerator: Code generated in 9.884944 ms
[2026-01-29T16:42:02.119+0530] {subprocess.py:106} INFO - 26/01/29 16:42:02 INFO ExternalAppendOnlyUnsafeRowArray: Reached spill threshold of 4096 rows, switching to org.apache.spark.util.collection.unsafe.sort.UnsafeExternalSorter
[2026-01-29T16:42:02.119+0530] {subprocess.py:106} INFO - 26/01/29 16:42:02 INFO ExternalAppendOnlyUnsafeRowArray: Reached spill threshold of 4096 rows, switching to org.apache.spark.util.collection.unsafe.sort.UnsafeExternalSorter
[2026-01-29T16:42:02.128+0530] {subprocess.py:106} INFO - 26/01/29 16:42:02 INFO CodeGenerator: Code generated in 2.96098 ms
[2026-01-29T16:42:02.133+0530] {subprocess.py:106} INFO - 26/01/29 16:42:02 INFO CodeGenerator: Code generated in 3.04068 ms
[2026-01-29T16:42:02.298+0530] {subprocess.py:106} INFO - 26/01/29 16:42:02 INFO ExternalAppendOnlyUnsafeRowArray: Reached spill threshold of 4096 rows, switching to org.apache.spark.util.collection.unsafe.sort.UnsafeExternalSorter
[2026-01-29T16:42:02.299+0530] {subprocess.py:106} INFO - 26/01/29 16:42:02 INFO ExternalAppendOnlyUnsafeRowArray: Reached spill threshold of 4096 rows, switching to org.apache.spark.util.collection.unsafe.sort.UnsafeExternalSorter
[2026-01-29T16:42:02.359+0530] {subprocess.py:106} INFO - 26/01/29 16:42:02 INFO BlockManagerInfo: Removed broadcast_120_piece0 on Aishwarya92848DBDA:35477 in memory (size: 11.1 KiB, free: 366.2 MiB)
[2026-01-29T16:42:02.377+0530] {subprocess.py:106} INFO - 26/01/29 16:42:02 INFO ExternalAppendOnlyUnsafeRowArray: Reached spill threshold of 4096 rows, switching to org.apache.spark.util.collection.unsafe.sort.UnsafeExternalSorter
[2026-01-29T16:42:02.378+0530] {subprocess.py:106} INFO - 26/01/29 16:42:02 INFO ExternalAppendOnlyUnsafeRowArray: Reached spill threshold of 4096 rows, switching to org.apache.spark.util.collection.unsafe.sort.UnsafeExternalSorter
[2026-01-29T16:42:02.421+0530] {subprocess.py:106} INFO - 26/01/29 16:42:02 INFO ExternalAppendOnlyUnsafeRowArray: Reached spill threshold of 4096 rows, switching to org.apache.spark.util.collection.unsafe.sort.UnsafeExternalSorter
[2026-01-29T16:42:02.423+0530] {subprocess.py:106} INFO - 26/01/29 16:42:02 INFO ExternalAppendOnlyUnsafeRowArray: Reached spill threshold of 4096 rows, switching to org.apache.spark.util.collection.unsafe.sort.UnsafeExternalSorter
[2026-01-29T16:42:02.453+0530] {subprocess.py:106} INFO - 26/01/29 16:42:02 INFO ExternalAppendOnlyUnsafeRowArray: Reached spill threshold of 4096 rows, switching to org.apache.spark.util.collection.unsafe.sort.UnsafeExternalSorter
[2026-01-29T16:42:02.453+0530] {subprocess.py:106} INFO - 26/01/29 16:42:02 INFO Executor: Finished task 0.0 in stage 97.0 (TID 120). 5177 bytes result sent to driver
[2026-01-29T16:42:02.454+0530] {subprocess.py:106} INFO - 26/01/29 16:42:02 INFO TaskSetManager: Finished task 0.0 in stage 97.0 (TID 120) in 373 ms on Aishwarya92848DBDA (executor driver) (1/2)
[2026-01-29T16:42:02.474+0530] {subprocess.py:106} INFO - 26/01/29 16:42:02 INFO ExternalAppendOnlyUnsafeRowArray: Reached spill threshold of 4096 rows, switching to org.apache.spark.util.collection.unsafe.sort.UnsafeExternalSorter
[2026-01-29T16:42:02.494+0530] {subprocess.py:106} INFO - 26/01/29 16:42:02 INFO Executor: Finished task 1.0 in stage 97.0 (TID 121). 5177 bytes result sent to driver
[2026-01-29T16:42:02.494+0530] {subprocess.py:106} INFO - 26/01/29 16:42:02 INFO TaskSetManager: Finished task 1.0 in stage 97.0 (TID 121) in 414 ms on Aishwarya92848DBDA (executor driver) (2/2)
[2026-01-29T16:42:02.495+0530] {subprocess.py:106} INFO - 26/01/29 16:42:02 INFO TaskSchedulerImpl: Removed TaskSet 97.0, whose tasks have all completed, from pool
[2026-01-29T16:42:02.495+0530] {subprocess.py:106} INFO - 26/01/29 16:42:02 INFO DAGScheduler: ShuffleMapStage 97 (first at MinMaxScaler.scala:120) finished in 0.434 s
[2026-01-29T16:42:02.495+0530] {subprocess.py:106} INFO - 26/01/29 16:42:02 INFO DAGScheduler: looking for newly runnable stages
[2026-01-29T16:42:02.495+0530] {subprocess.py:106} INFO - 26/01/29 16:42:02 INFO DAGScheduler: running: Set()
[2026-01-29T16:42:02.496+0530] {subprocess.py:106} INFO - 26/01/29 16:42:02 INFO DAGScheduler: waiting: Set()
[2026-01-29T16:42:02.496+0530] {subprocess.py:106} INFO - 26/01/29 16:42:02 INFO DAGScheduler: failed: Set()
[2026-01-29T16:42:02.508+0530] {subprocess.py:106} INFO - 26/01/29 16:42:02 INFO CodeGenerator: Code generated in 5.804779 ms
[2026-01-29T16:42:02.519+0530] {subprocess.py:106} INFO - 26/01/29 16:42:02 INFO SparkContext: Starting job: first at MinMaxScaler.scala:120
[2026-01-29T16:42:02.520+0530] {subprocess.py:106} INFO - 26/01/29 16:42:02 INFO DAGScheduler: Got job 73 (first at MinMaxScaler.scala:120) with 1 output partitions
[2026-01-29T16:42:02.520+0530] {subprocess.py:106} INFO - 26/01/29 16:42:02 INFO DAGScheduler: Final stage: ResultStage 100 (first at MinMaxScaler.scala:120)
[2026-01-29T16:42:02.521+0530] {subprocess.py:106} INFO - 26/01/29 16:42:02 INFO DAGScheduler: Parents of final stage: List(ShuffleMapStage 99)
[2026-01-29T16:42:02.521+0530] {subprocess.py:106} INFO - 26/01/29 16:42:02 INFO DAGScheduler: Missing parents: List()
[2026-01-29T16:42:02.521+0530] {subprocess.py:106} INFO - 26/01/29 16:42:02 INFO DAGScheduler: Submitting ResultStage 100 (MapPartitionsRDD[335] at first at MinMaxScaler.scala:120), which has no missing parents
[2026-01-29T16:42:02.523+0530] {subprocess.py:106} INFO - 26/01/29 16:42:02 INFO MemoryStore: Block broadcast_122 stored as values in memory (estimated size 69.9 KiB, free 365.8 MiB)
[2026-01-29T16:42:02.524+0530] {subprocess.py:106} INFO - 26/01/29 16:42:02 INFO MemoryStore: Block broadcast_122_piece0 stored as bytes in memory (estimated size 29.9 KiB, free 365.7 MiB)
[2026-01-29T16:42:02.524+0530] {subprocess.py:106} INFO - 26/01/29 16:42:02 INFO BlockManagerInfo: Added broadcast_122_piece0 in memory on Aishwarya92848DBDA:35477 (size: 29.9 KiB, free: 366.2 MiB)
[2026-01-29T16:42:02.524+0530] {subprocess.py:106} INFO - 26/01/29 16:42:02 INFO SparkContext: Created broadcast 122 from broadcast at DAGScheduler.scala:1585
[2026-01-29T16:42:02.525+0530] {subprocess.py:106} INFO - 26/01/29 16:42:02 INFO DAGScheduler: Submitting 1 missing tasks from ResultStage 100 (MapPartitionsRDD[335] at first at MinMaxScaler.scala:120) (first 15 tasks are for partitions Vector(0))
[2026-01-29T16:42:02.525+0530] {subprocess.py:106} INFO - 26/01/29 16:42:02 INFO TaskSchedulerImpl: Adding task set 100.0 with 1 tasks resource profile 0
[2026-01-29T16:42:02.526+0530] {subprocess.py:106} INFO - 26/01/29 16:42:02 INFO TaskSetManager: Starting task 0.0 in stage 100.0 (TID 122) (Aishwarya92848DBDA, executor driver, partition 0, NODE_LOCAL, 7615 bytes)
[2026-01-29T16:42:02.526+0530] {subprocess.py:106} INFO - 26/01/29 16:42:02 INFO Executor: Running task 0.0 in stage 100.0 (TID 122)
[2026-01-29T16:42:02.531+0530] {subprocess.py:106} INFO - 26/01/29 16:42:02 INFO ShuffleBlockFetcherIterator: Getting 2 (1578.0 B) non-empty blocks including 2 (1578.0 B) local and 0 (0.0 B) host-local and 0 (0.0 B) push-merged-local and 0 (0.0 B) remote blocks
[2026-01-29T16:42:02.532+0530] {subprocess.py:106} INFO - 26/01/29 16:42:02 INFO ShuffleBlockFetcherIterator: Started 0 remote fetches in 0 ms
[2026-01-29T16:42:02.540+0530] {subprocess.py:106} INFO - 26/01/29 16:42:02 INFO CodeGenerator: Code generated in 5.859432 ms
[2026-01-29T16:42:02.550+0530] {subprocess.py:106} INFO - 26/01/29 16:42:02 INFO CodeGenerator: Code generated in 6.403756 ms
[2026-01-29T16:42:02.553+0530] {subprocess.py:106} INFO - 26/01/29 16:42:02 INFO Executor: Finished task 0.0 in stage 100.0 (TID 122). 6588 bytes result sent to driver
[2026-01-29T16:42:02.554+0530] {subprocess.py:106} INFO - 26/01/29 16:42:02 INFO TaskSetManager: Finished task 0.0 in stage 100.0 (TID 122) in 29 ms on Aishwarya92848DBDA (executor driver) (1/1)
[2026-01-29T16:42:02.554+0530] {subprocess.py:106} INFO - 26/01/29 16:42:02 INFO TaskSchedulerImpl: Removed TaskSet 100.0, whose tasks have all completed, from pool
[2026-01-29T16:42:02.555+0530] {subprocess.py:106} INFO - 26/01/29 16:42:02 INFO DAGScheduler: ResultStage 100 (first at MinMaxScaler.scala:120) finished in 0.033 s
[2026-01-29T16:42:02.555+0530] {subprocess.py:106} INFO - 26/01/29 16:42:02 INFO DAGScheduler: Job 73 is finished. Cancelling potential speculative or zombie tasks for this job
[2026-01-29T16:42:02.555+0530] {subprocess.py:106} INFO - 26/01/29 16:42:02 INFO TaskSchedulerImpl: Killing all running tasks in stage 100: Stage finished
[2026-01-29T16:42:02.555+0530] {subprocess.py:106} INFO - 26/01/29 16:42:02 INFO DAGScheduler: Job 73 finished: first at MinMaxScaler.scala:120, took 0.035661 s
[2026-01-29T16:42:02.561+0530] {subprocess.py:106} INFO - 26/01/29 16:42:02 INFO CodeGenerator: Code generated in 3.803695 ms
[2026-01-29T16:42:02.648+0530] {subprocess.py:106} INFO - 26/01/29 16:42:02 INFO FileSourceStrategy: Pushed Filters:
[2026-01-29T16:42:02.649+0530] {subprocess.py:106} INFO - 26/01/29 16:42:02 INFO FileSourceStrategy: Post-Scan Filters:
[2026-01-29T16:42:02.803+0530] {subprocess.py:106} INFO - 26/01/29 16:42:02 INFO BlockManagerInfo: Removed broadcast_119_piece0 on Aishwarya92848DBDA:35477 in memory (size: 34.3 KiB, free: 366.2 MiB)
[2026-01-29T16:42:02.805+0530] {subprocess.py:106} INFO - 26/01/29 16:42:02 INFO BlockManagerInfo: Removed broadcast_122_piece0 on Aishwarya92848DBDA:35477 in memory (size: 29.9 KiB, free: 366.3 MiB)
[2026-01-29T16:42:02.806+0530] {subprocess.py:106} INFO - 26/01/29 16:42:02 INFO BlockManagerInfo: Removed broadcast_121_piece0 on Aishwarya92848DBDA:35477 in memory (size: 30.4 KiB, free: 366.3 MiB)
[2026-01-29T16:42:02.816+0530] {subprocess.py:106} INFO - 26/01/29 16:42:02 INFO MemoryStore: Block broadcast_123 stored as values in memory (estimated size 350.2 KiB, free 366.0 MiB)
[2026-01-29T16:42:02.821+0530] {subprocess.py:106} INFO - 26/01/29 16:42:02 INFO MemoryStore: Block broadcast_123_piece0 stored as bytes in memory (estimated size 34.3 KiB, free 365.9 MiB)
[2026-01-29T16:42:02.822+0530] {subprocess.py:106} INFO - 26/01/29 16:42:02 INFO BlockManagerInfo: Added broadcast_123_piece0 in memory on Aishwarya92848DBDA:35477 (size: 34.3 KiB, free: 366.3 MiB)
[2026-01-29T16:42:02.822+0530] {subprocess.py:106} INFO - 26/01/29 16:42:02 INFO SparkContext: Created broadcast 123 from count at <unknown>:0
[2026-01-29T16:42:02.823+0530] {subprocess.py:106} INFO - 26/01/29 16:42:02 INFO FileSourceScanExec: Planning scan with bin packing, max size: 4194304 bytes, open cost is considered as scanning 4194304 bytes.
[2026-01-29T16:42:02.827+0530] {subprocess.py:106} INFO - 26/01/29 16:42:02 INFO DAGScheduler: Registering RDD 339 (count at <unknown>:0) as input to shuffle 25
[2026-01-29T16:42:02.827+0530] {subprocess.py:106} INFO - 26/01/29 16:42:02 INFO DAGScheduler: Got map stage job 74 (count at <unknown>:0) with 2 output partitions
[2026-01-29T16:42:02.828+0530] {subprocess.py:106} INFO - 26/01/29 16:42:02 INFO DAGScheduler: Final stage: ShuffleMapStage 101 (count at <unknown>:0)
[2026-01-29T16:42:02.828+0530] {subprocess.py:106} INFO - 26/01/29 16:42:02 INFO DAGScheduler: Parents of final stage: List()
[2026-01-29T16:42:02.829+0530] {subprocess.py:106} INFO - 26/01/29 16:42:02 INFO DAGScheduler: Missing parents: List()
[2026-01-29T16:42:02.829+0530] {subprocess.py:106} INFO - 26/01/29 16:42:02 INFO DAGScheduler: Submitting ShuffleMapStage 101 (MapPartitionsRDD[339] at count at <unknown>:0), which has no missing parents
[2026-01-29T16:42:02.831+0530] {subprocess.py:106} INFO - 26/01/29 16:42:02 INFO MemoryStore: Block broadcast_124 stored as values in memory (estimated size 28.9 KiB, free 365.9 MiB)
[2026-01-29T16:42:02.832+0530] {subprocess.py:106} INFO - 26/01/29 16:42:02 INFO MemoryStore: Block broadcast_124_piece0 stored as bytes in memory (estimated size 11.1 KiB, free 365.9 MiB)
[2026-01-29T16:42:02.832+0530] {subprocess.py:106} INFO - 26/01/29 16:42:02 INFO BlockManagerInfo: Added broadcast_124_piece0 in memory on Aishwarya92848DBDA:35477 (size: 11.1 KiB, free: 366.3 MiB)
[2026-01-29T16:42:02.833+0530] {subprocess.py:106} INFO - 26/01/29 16:42:02 INFO SparkContext: Created broadcast 124 from broadcast at DAGScheduler.scala:1585
[2026-01-29T16:42:02.833+0530] {subprocess.py:106} INFO - 26/01/29 16:42:02 INFO DAGScheduler: Submitting 2 missing tasks from ShuffleMapStage 101 (MapPartitionsRDD[339] at count at <unknown>:0) (first 15 tasks are for partitions Vector(0, 1))
[2026-01-29T16:42:02.833+0530] {subprocess.py:106} INFO - 26/01/29 16:42:02 INFO TaskSchedulerImpl: Adding task set 101.0 with 2 tasks resource profile 0
[2026-01-29T16:42:02.834+0530] {subprocess.py:106} INFO - 26/01/29 16:42:02 INFO TaskSetManager: Starting task 0.0 in stage 101.0 (TID 123) (Aishwarya92848DBDA, executor driver, partition 0, NODE_LOCAL, 8230 bytes)
[2026-01-29T16:42:02.835+0530] {subprocess.py:106} INFO - 26/01/29 16:42:02 INFO TaskSetManager: Starting task 1.0 in stage 101.0 (TID 124) (Aishwarya92848DBDA, executor driver, partition 1, NODE_LOCAL, 8230 bytes)
[2026-01-29T16:42:02.835+0530] {subprocess.py:106} INFO - 26/01/29 16:42:02 INFO Executor: Running task 1.0 in stage 101.0 (TID 124)
[2026-01-29T16:42:02.836+0530] {subprocess.py:106} INFO - 26/01/29 16:42:02 INFO Executor: Running task 0.0 in stage 101.0 (TID 123)
[2026-01-29T16:42:02.839+0530] {subprocess.py:106} INFO - 26/01/29 16:42:02 INFO FileScanRDD: Reading File path: hdfs://localhost:9000/weather/data/raw_data/weather_dataset.csv, range: 4194304-6329103, partition values: [empty row]
[2026-01-29T16:42:02.840+0530] {subprocess.py:106} INFO - 26/01/29 16:42:02 INFO FileScanRDD: Reading File path: hdfs://localhost:9000/weather/data/raw_data/weather_dataset.csv, range: 0-4194304, partition values: [empty row]
[2026-01-29T16:42:02.951+0530] {subprocess.py:106} INFO - 26/01/29 16:42:02 INFO Executor: Finished task 1.0 in stage 101.0 (TID 124). 1995 bytes result sent to driver
[2026-01-29T16:42:02.952+0530] {subprocess.py:106} INFO - 26/01/29 16:42:02 INFO TaskSetManager: Finished task 1.0 in stage 101.0 (TID 124) in 118 ms on Aishwarya92848DBDA (executor driver) (1/2)
[2026-01-29T16:42:03.028+0530] {subprocess.py:106} INFO - 26/01/29 16:42:03 INFO Executor: Finished task 0.0 in stage 101.0 (TID 123). 2038 bytes result sent to driver
[2026-01-29T16:42:03.029+0530] {subprocess.py:106} INFO - 26/01/29 16:42:03 INFO TaskSetManager: Finished task 0.0 in stage 101.0 (TID 123) in 194 ms on Aishwarya92848DBDA (executor driver) (2/2)
[2026-01-29T16:42:03.029+0530] {subprocess.py:106} INFO - 26/01/29 16:42:03 INFO TaskSchedulerImpl: Removed TaskSet 101.0, whose tasks have all completed, from pool
[2026-01-29T16:42:03.029+0530] {subprocess.py:106} INFO - 26/01/29 16:42:03 INFO DAGScheduler: ShuffleMapStage 101 (count at <unknown>:0) finished in 0.201 s
[2026-01-29T16:42:03.030+0530] {subprocess.py:106} INFO - 26/01/29 16:42:03 INFO DAGScheduler: looking for newly runnable stages
[2026-01-29T16:42:03.030+0530] {subprocess.py:106} INFO - 26/01/29 16:42:03 INFO DAGScheduler: running: Set()
[2026-01-29T16:42:03.030+0530] {subprocess.py:106} INFO - 26/01/29 16:42:03 INFO DAGScheduler: waiting: Set()
[2026-01-29T16:42:03.030+0530] {subprocess.py:106} INFO - 26/01/29 16:42:03 INFO DAGScheduler: failed: Set()
[2026-01-29T16:42:03.035+0530] {subprocess.py:106} INFO - 26/01/29 16:42:03 INFO ShufflePartitionsUtil: For shuffle(25), advisory target size: 67108864, actual target size 1048576, minimum partition size: 1048576
[2026-01-29T16:42:03.051+0530] {subprocess.py:106} INFO - 26/01/29 16:42:03 INFO CodeGenerator: Code generated in 8.292009 ms
[2026-01-29T16:42:03.059+0530] {subprocess.py:106} INFO - 26/01/29 16:42:03 INFO DAGScheduler: Registering RDD 344 (count at <unknown>:0) as input to shuffle 26
[2026-01-29T16:42:03.059+0530] {subprocess.py:106} INFO - 26/01/29 16:42:03 INFO DAGScheduler: Got map stage job 75 (count at <unknown>:0) with 2 output partitions
[2026-01-29T16:42:03.059+0530] {subprocess.py:106} INFO - 26/01/29 16:42:03 INFO DAGScheduler: Final stage: ShuffleMapStage 103 (count at <unknown>:0)
[2026-01-29T16:42:03.060+0530] {subprocess.py:106} INFO - 26/01/29 16:42:03 INFO DAGScheduler: Parents of final stage: List(ShuffleMapStage 102)
[2026-01-29T16:42:03.060+0530] {subprocess.py:106} INFO - 26/01/29 16:42:03 INFO DAGScheduler: Missing parents: List()
[2026-01-29T16:42:03.060+0530] {subprocess.py:106} INFO - 26/01/29 16:42:03 INFO DAGScheduler: Submitting ShuffleMapStage 103 (MapPartitionsRDD[344] at count at <unknown>:0), which has no missing parents
[2026-01-29T16:42:03.062+0530] {subprocess.py:106} INFO - 26/01/29 16:42:03 INFO MemoryStore: Block broadcast_125 stored as values in memory (estimated size 51.8 KiB, free 365.8 MiB)
[2026-01-29T16:42:03.063+0530] {subprocess.py:106} INFO - 26/01/29 16:42:03 INFO MemoryStore: Block broadcast_125_piece0 stored as bytes in memory (estimated size 22.5 KiB, free 365.8 MiB)
[2026-01-29T16:42:03.063+0530] {subprocess.py:106} INFO - 26/01/29 16:42:03 INFO BlockManagerInfo: Added broadcast_125_piece0 in memory on Aishwarya92848DBDA:35477 (size: 22.5 KiB, free: 366.2 MiB)
[2026-01-29T16:42:03.063+0530] {subprocess.py:106} INFO - 26/01/29 16:42:03 INFO SparkContext: Created broadcast 125 from broadcast at DAGScheduler.scala:1585
[2026-01-29T16:42:03.064+0530] {subprocess.py:106} INFO - 26/01/29 16:42:03 INFO DAGScheduler: Submitting 2 missing tasks from ShuffleMapStage 103 (MapPartitionsRDD[344] at count at <unknown>:0) (first 15 tasks are for partitions Vector(0, 1))
[2026-01-29T16:42:03.064+0530] {subprocess.py:106} INFO - 26/01/29 16:42:03 INFO TaskSchedulerImpl: Adding task set 103.0 with 2 tasks resource profile 0
[2026-01-29T16:42:03.065+0530] {subprocess.py:106} INFO - 26/01/29 16:42:03 INFO TaskSetManager: Starting task 0.0 in stage 103.0 (TID 125) (Aishwarya92848DBDA, executor driver, partition 0, NODE_LOCAL, 7604 bytes)
[2026-01-29T16:42:03.065+0530] {subprocess.py:106} INFO - 26/01/29 16:42:03 INFO TaskSetManager: Starting task 1.0 in stage 103.0 (TID 126) (Aishwarya92848DBDA, executor driver, partition 1, NODE_LOCAL, 7604 bytes)
[2026-01-29T16:42:03.065+0530] {subprocess.py:106} INFO - 26/01/29 16:42:03 INFO Executor: Running task 1.0 in stage 103.0 (TID 126)
[2026-01-29T16:42:03.066+0530] {subprocess.py:106} INFO - 26/01/29 16:42:03 INFO Executor: Running task 0.0 in stage 103.0 (TID 125)
[2026-01-29T16:42:03.071+0530] {subprocess.py:106} INFO - 26/01/29 16:42:03 INFO ShuffleBlockFetcherIterator: Getting 2 (1860.4 KiB) non-empty blocks including 2 (1860.4 KiB) local and 0 (0.0 B) host-local and 0 (0.0 B) push-merged-local and 0 (0.0 B) remote blocks
[2026-01-29T16:42:03.071+0530] {subprocess.py:106} INFO - 26/01/29 16:42:03 INFO ShuffleBlockFetcherIterator: Getting 2 (1243.9 KiB) non-empty blocks including 2 (1243.9 KiB) local and 0 (0.0 B) host-local and 0 (0.0 B) push-merged-local and 0 (0.0 B) remote blocks
[2026-01-29T16:42:03.072+0530] {subprocess.py:106} INFO - 26/01/29 16:42:03 INFO ShuffleBlockFetcherIterator: Started 0 remote fetches in 0 ms
[2026-01-29T16:42:03.072+0530] {subprocess.py:106} INFO - 26/01/29 16:42:03 INFO ShuffleBlockFetcherIterator: Started 0 remote fetches in 0 ms
[2026-01-29T16:42:03.111+0530] {subprocess.py:106} INFO - 26/01/29 16:42:03 INFO CodeGenerator: Code generated in 10.19547 ms
[2026-01-29T16:42:03.113+0530] {subprocess.py:106} INFO - 26/01/29 16:42:03 INFO ExternalAppendOnlyUnsafeRowArray: Reached spill threshold of 4096 rows, switching to org.apache.spark.util.collection.unsafe.sort.UnsafeExternalSorter
[2026-01-29T16:42:03.114+0530] {subprocess.py:106} INFO - 26/01/29 16:42:03 INFO ExternalAppendOnlyUnsafeRowArray: Reached spill threshold of 4096 rows, switching to org.apache.spark.util.collection.unsafe.sort.UnsafeExternalSorter
[2026-01-29T16:42:03.128+0530] {subprocess.py:106} INFO - 26/01/29 16:42:03 INFO ExternalAppendOnlyUnsafeRowArray: Reached spill threshold of 4096 rows, switching to org.apache.spark.util.collection.unsafe.sort.UnsafeExternalSorter
[2026-01-29T16:42:03.129+0530] {subprocess.py:106} INFO - 26/01/29 16:42:03 INFO ExternalAppendOnlyUnsafeRowArray: Reached spill threshold of 4096 rows, switching to org.apache.spark.util.collection.unsafe.sort.UnsafeExternalSorter
[2026-01-29T16:42:03.142+0530] {subprocess.py:106} INFO - 26/01/29 16:42:03 INFO ExternalAppendOnlyUnsafeRowArray: Reached spill threshold of 4096 rows, switching to org.apache.spark.util.collection.unsafe.sort.UnsafeExternalSorter
[2026-01-29T16:42:03.143+0530] {subprocess.py:106} INFO - 26/01/29 16:42:03 INFO ExternalAppendOnlyUnsafeRowArray: Reached spill threshold of 4096 rows, switching to org.apache.spark.util.collection.unsafe.sort.UnsafeExternalSorter
[2026-01-29T16:42:03.157+0530] {subprocess.py:106} INFO - 26/01/29 16:42:03 INFO ExternalAppendOnlyUnsafeRowArray: Reached spill threshold of 4096 rows, switching to org.apache.spark.util.collection.unsafe.sort.UnsafeExternalSorter
[2026-01-29T16:42:03.157+0530] {subprocess.py:106} INFO - 26/01/29 16:42:03 INFO ExternalAppendOnlyUnsafeRowArray: Reached spill threshold of 4096 rows, switching to org.apache.spark.util.collection.unsafe.sort.UnsafeExternalSorter
[2026-01-29T16:42:03.168+0530] {subprocess.py:106} INFO - 26/01/29 16:42:03 INFO ExternalAppendOnlyUnsafeRowArray: Reached spill threshold of 4096 rows, switching to org.apache.spark.util.collection.unsafe.sort.UnsafeExternalSorter
[2026-01-29T16:42:03.169+0530] {subprocess.py:106} INFO - 26/01/29 16:42:03 INFO Executor: Finished task 0.0 in stage 103.0 (TID 125). 4989 bytes result sent to driver
[2026-01-29T16:42:03.170+0530] {subprocess.py:106} INFO - 26/01/29 16:42:03 INFO TaskSetManager: Finished task 0.0 in stage 103.0 (TID 125) in 106 ms on Aishwarya92848DBDA (executor driver) (1/2)
[2026-01-29T16:42:03.174+0530] {subprocess.py:106} INFO - 26/01/29 16:42:03 INFO ExternalAppendOnlyUnsafeRowArray: Reached spill threshold of 4096 rows, switching to org.apache.spark.util.collection.unsafe.sort.UnsafeExternalSorter
[2026-01-29T16:42:03.182+0530] {subprocess.py:106} INFO - 26/01/29 16:42:03 INFO Executor: Finished task 1.0 in stage 103.0 (TID 126). 4989 bytes result sent to driver
[2026-01-29T16:42:03.182+0530] {subprocess.py:106} INFO - 26/01/29 16:42:03 INFO TaskSetManager: Finished task 1.0 in stage 103.0 (TID 126) in 117 ms on Aishwarya92848DBDA (executor driver) (2/2)
[2026-01-29T16:42:03.182+0530] {subprocess.py:106} INFO - 26/01/29 16:42:03 INFO TaskSchedulerImpl: Removed TaskSet 103.0, whose tasks have all completed, from pool
[2026-01-29T16:42:03.183+0530] {subprocess.py:106} INFO - 26/01/29 16:42:03 INFO DAGScheduler: ShuffleMapStage 103 (count at <unknown>:0) finished in 0.123 s
[2026-01-29T16:42:03.184+0530] {subprocess.py:106} INFO - 26/01/29 16:42:03 INFO DAGScheduler: looking for newly runnable stages
[2026-01-29T16:42:03.184+0530] {subprocess.py:106} INFO - 26/01/29 16:42:03 INFO DAGScheduler: running: Set()
[2026-01-29T16:42:03.184+0530] {subprocess.py:106} INFO - 26/01/29 16:42:03 INFO DAGScheduler: waiting: Set()
[2026-01-29T16:42:03.184+0530] {subprocess.py:106} INFO - 26/01/29 16:42:03 INFO DAGScheduler: failed: Set()
[2026-01-29T16:42:03.194+0530] {subprocess.py:106} INFO - 26/01/29 16:42:03 INFO CodeGenerator: Code generated in 5.375913 ms
[2026-01-29T16:42:03.201+0530] {subprocess.py:106} INFO - 26/01/29 16:42:03 INFO SparkContext: Starting job: count at <unknown>:0
[2026-01-29T16:42:03.202+0530] {subprocess.py:106} INFO - 26/01/29 16:42:03 INFO DAGScheduler: Got job 76 (count at <unknown>:0) with 1 output partitions
[2026-01-29T16:42:03.202+0530] {subprocess.py:106} INFO - 26/01/29 16:42:03 INFO DAGScheduler: Final stage: ResultStage 106 (count at <unknown>:0)
[2026-01-29T16:42:03.202+0530] {subprocess.py:106} INFO - 26/01/29 16:42:03 INFO DAGScheduler: Parents of final stage: List(ShuffleMapStage 105)
[2026-01-29T16:42:03.203+0530] {subprocess.py:106} INFO - 26/01/29 16:42:03 INFO DAGScheduler: Missing parents: List()
[2026-01-29T16:42:03.203+0530] {subprocess.py:106} INFO - 26/01/29 16:42:03 INFO DAGScheduler: Submitting ResultStage 106 (MapPartitionsRDD[347] at count at <unknown>:0), which has no missing parents
[2026-01-29T16:42:03.204+0530] {subprocess.py:106} INFO - 26/01/29 16:42:03 INFO MemoryStore: Block broadcast_126 stored as values in memory (estimated size 12.5 KiB, free 365.8 MiB)
[2026-01-29T16:42:03.205+0530] {subprocess.py:106} INFO - 26/01/29 16:42:03 INFO MemoryStore: Block broadcast_126_piece0 stored as bytes in memory (estimated size 5.9 KiB, free 365.8 MiB)
[2026-01-29T16:42:03.205+0530] {subprocess.py:106} INFO - 26/01/29 16:42:03 INFO BlockManagerInfo: Added broadcast_126_piece0 in memory on Aishwarya92848DBDA:35477 (size: 5.9 KiB, free: 366.2 MiB)
[2026-01-29T16:42:03.205+0530] {subprocess.py:106} INFO - 26/01/29 16:42:03 INFO SparkContext: Created broadcast 126 from broadcast at DAGScheduler.scala:1585
[2026-01-29T16:42:03.206+0530] {subprocess.py:106} INFO - 26/01/29 16:42:03 INFO DAGScheduler: Submitting 1 missing tasks from ResultStage 106 (MapPartitionsRDD[347] at count at <unknown>:0) (first 15 tasks are for partitions Vector(0))
[2026-01-29T16:42:03.206+0530] {subprocess.py:106} INFO - 26/01/29 16:42:03 INFO TaskSchedulerImpl: Adding task set 106.0 with 1 tasks resource profile 0
[2026-01-29T16:42:03.207+0530] {subprocess.py:106} INFO - 26/01/29 16:42:03 INFO TaskSetManager: Starting task 0.0 in stage 106.0 (TID 127) (Aishwarya92848DBDA, executor driver, partition 0, NODE_LOCAL, 7615 bytes)
[2026-01-29T16:42:03.207+0530] {subprocess.py:106} INFO - 26/01/29 16:42:03 INFO Executor: Running task 0.0 in stage 106.0 (TID 127)
[2026-01-29T16:42:03.209+0530] {subprocess.py:106} INFO - 26/01/29 16:42:03 INFO ShuffleBlockFetcherIterator: Getting 2 (120.0 B) non-empty blocks including 2 (120.0 B) local and 0 (0.0 B) host-local and 0 (0.0 B) push-merged-local and 0 (0.0 B) remote blocks
[2026-01-29T16:42:03.210+0530] {subprocess.py:106} INFO - 26/01/29 16:42:03 INFO ShuffleBlockFetcherIterator: Started 0 remote fetches in 0 ms
[2026-01-29T16:42:03.216+0530] {subprocess.py:106} INFO - 26/01/29 16:42:03 INFO CodeGenerator: Code generated in 6.002151 ms
[2026-01-29T16:42:03.219+0530] {subprocess.py:106} INFO - 26/01/29 16:42:03 INFO Executor: Finished task 0.0 in stage 106.0 (TID 127). 3988 bytes result sent to driver
[2026-01-29T16:42:03.220+0530] {subprocess.py:106} INFO - 26/01/29 16:42:03 INFO TaskSetManager: Finished task 0.0 in stage 106.0 (TID 127) in 14 ms on Aishwarya92848DBDA (executor driver) (1/1)
[2026-01-29T16:42:03.220+0530] {subprocess.py:106} INFO - 26/01/29 16:42:03 INFO TaskSchedulerImpl: Removed TaskSet 106.0, whose tasks have all completed, from pool
[2026-01-29T16:42:03.221+0530] {subprocess.py:106} INFO - 26/01/29 16:42:03 INFO DAGScheduler: ResultStage 106 (count at <unknown>:0) finished in 0.017 s
[2026-01-29T16:42:03.221+0530] {subprocess.py:106} INFO - 26/01/29 16:42:03 INFO DAGScheduler: Job 76 is finished. Cancelling potential speculative or zombie tasks for this job
[2026-01-29T16:42:03.221+0530] {subprocess.py:106} INFO - 26/01/29 16:42:03 INFO TaskSchedulerImpl: Killing all running tasks in stage 106: Stage finished
[2026-01-29T16:42:03.222+0530] {subprocess.py:106} INFO - 26/01/29 16:42:03 INFO DAGScheduler: Job 76 finished: count at <unknown>:0, took 0.019826 s
[2026-01-29T16:42:03.222+0530] {subprocess.py:106} INFO - Critical NULL rows: 0
[2026-01-29T16:42:03.278+0530] {subprocess.py:106} INFO - 26/01/29 16:42:03 INFO FileSourceStrategy: Pushed Filters:
[2026-01-29T16:42:03.279+0530] {subprocess.py:106} INFO - 26/01/29 16:42:03 INFO FileSourceStrategy: Post-Scan Filters:
[2026-01-29T16:42:03.295+0530] {subprocess.py:106} INFO - 26/01/29 16:42:03 INFO MemoryStore: Block broadcast_127 stored as values in memory (estimated size 350.2 KiB, free 365.5 MiB)
[2026-01-29T16:42:03.301+0530] {subprocess.py:106} INFO - 26/01/29 16:42:03 INFO MemoryStore: Block broadcast_127_piece0 stored as bytes in memory (estimated size 34.3 KiB, free 365.4 MiB)
[2026-01-29T16:42:03.301+0530] {subprocess.py:106} INFO - 26/01/29 16:42:03 INFO BlockManagerInfo: Added broadcast_127_piece0 in memory on Aishwarya92848DBDA:35477 (size: 34.3 KiB, free: 366.2 MiB)
[2026-01-29T16:42:03.302+0530] {subprocess.py:106} INFO - 26/01/29 16:42:03 INFO SparkContext: Created broadcast 127 from count at <unknown>:0
[2026-01-29T16:42:03.303+0530] {subprocess.py:106} INFO - 26/01/29 16:42:03 INFO FileSourceScanExec: Planning scan with bin packing, max size: 4194304 bytes, open cost is considered as scanning 4194304 bytes.
[2026-01-29T16:42:03.306+0530] {subprocess.py:106} INFO - 26/01/29 16:42:03 INFO DAGScheduler: Registering RDD 351 (count at <unknown>:0) as input to shuffle 27
[2026-01-29T16:42:03.307+0530] {subprocess.py:106} INFO - 26/01/29 16:42:03 INFO DAGScheduler: Got map stage job 77 (count at <unknown>:0) with 2 output partitions
[2026-01-29T16:42:03.307+0530] {subprocess.py:106} INFO - 26/01/29 16:42:03 INFO DAGScheduler: Final stage: ShuffleMapStage 107 (count at <unknown>:0)
[2026-01-29T16:42:03.308+0530] {subprocess.py:106} INFO - 26/01/29 16:42:03 INFO DAGScheduler: Parents of final stage: List()
[2026-01-29T16:42:03.308+0530] {subprocess.py:106} INFO - 26/01/29 16:42:03 INFO DAGScheduler: Missing parents: List()
[2026-01-29T16:42:03.308+0530] {subprocess.py:106} INFO - 26/01/29 16:42:03 INFO DAGScheduler: Submitting ShuffleMapStage 107 (MapPartitionsRDD[351] at count at <unknown>:0), which has no missing parents
[2026-01-29T16:42:03.310+0530] {subprocess.py:106} INFO - 26/01/29 16:42:03 INFO MemoryStore: Block broadcast_128 stored as values in memory (estimated size 28.9 KiB, free 365.4 MiB)
[2026-01-29T16:42:03.311+0530] {subprocess.py:106} INFO - 26/01/29 16:42:03 INFO MemoryStore: Block broadcast_128_piece0 stored as bytes in memory (estimated size 11.1 KiB, free 365.4 MiB)
[2026-01-29T16:42:03.311+0530] {subprocess.py:106} INFO - 26/01/29 16:42:03 INFO BlockManagerInfo: Added broadcast_128_piece0 in memory on Aishwarya92848DBDA:35477 (size: 11.1 KiB, free: 366.2 MiB)
[2026-01-29T16:42:03.312+0530] {subprocess.py:106} INFO - 26/01/29 16:42:03 INFO SparkContext: Created broadcast 128 from broadcast at DAGScheduler.scala:1585
[2026-01-29T16:42:03.312+0530] {subprocess.py:106} INFO - 26/01/29 16:42:03 INFO DAGScheduler: Submitting 2 missing tasks from ShuffleMapStage 107 (MapPartitionsRDD[351] at count at <unknown>:0) (first 15 tasks are for partitions Vector(0, 1))
[2026-01-29T16:42:03.312+0530] {subprocess.py:106} INFO - 26/01/29 16:42:03 INFO TaskSchedulerImpl: Adding task set 107.0 with 2 tasks resource profile 0
[2026-01-29T16:42:03.313+0530] {subprocess.py:106} INFO - 26/01/29 16:42:03 INFO TaskSetManager: Starting task 0.0 in stage 107.0 (TID 128) (Aishwarya92848DBDA, executor driver, partition 0, NODE_LOCAL, 8230 bytes)
[2026-01-29T16:42:03.314+0530] {subprocess.py:106} INFO - 26/01/29 16:42:03 INFO TaskSetManager: Starting task 1.0 in stage 107.0 (TID 129) (Aishwarya92848DBDA, executor driver, partition 1, NODE_LOCAL, 8230 bytes)
[2026-01-29T16:42:03.314+0530] {subprocess.py:106} INFO - 26/01/29 16:42:03 INFO Executor: Running task 1.0 in stage 107.0 (TID 129)
[2026-01-29T16:42:03.314+0530] {subprocess.py:106} INFO - 26/01/29 16:42:03 INFO Executor: Running task 0.0 in stage 107.0 (TID 128)
[2026-01-29T16:42:03.318+0530] {subprocess.py:106} INFO - 26/01/29 16:42:03 INFO FileScanRDD: Reading File path: hdfs://localhost:9000/weather/data/raw_data/weather_dataset.csv, range: 4194304-6329103, partition values: [empty row]
[2026-01-29T16:42:03.318+0530] {subprocess.py:106} INFO - 26/01/29 16:42:03 INFO FileScanRDD: Reading File path: hdfs://localhost:9000/weather/data/raw_data/weather_dataset.csv, range: 0-4194304, partition values: [empty row]
[2026-01-29T16:42:03.410+0530] {subprocess.py:106} INFO - 26/01/29 16:42:03 INFO BlockManagerInfo: Removed broadcast_126_piece0 on Aishwarya92848DBDA:35477 in memory (size: 5.9 KiB, free: 366.2 MiB)
[2026-01-29T16:42:03.411+0530] {subprocess.py:106} INFO - 26/01/29 16:42:03 INFO BlockManagerInfo: Removed broadcast_125_piece0 on Aishwarya92848DBDA:35477 in memory (size: 22.5 KiB, free: 366.2 MiB)
[2026-01-29T16:42:03.412+0530] {subprocess.py:106} INFO - 26/01/29 16:42:03 INFO BlockManagerInfo: Removed broadcast_124_piece0 on Aishwarya92848DBDA:35477 in memory (size: 11.1 KiB, free: 366.2 MiB)
[2026-01-29T16:42:03.427+0530] {subprocess.py:106} INFO - 26/01/29 16:42:03 INFO Executor: Finished task 1.0 in stage 107.0 (TID 129). 2038 bytes result sent to driver
[2026-01-29T16:42:03.428+0530] {subprocess.py:106} INFO - 26/01/29 16:42:03 INFO TaskSetManager: Finished task 1.0 in stage 107.0 (TID 129) in 115 ms on Aishwarya92848DBDA (executor driver) (1/2)
[2026-01-29T16:42:03.502+0530] {subprocess.py:106} INFO - 26/01/29 16:42:03 INFO Executor: Finished task 0.0 in stage 107.0 (TID 128). 2038 bytes result sent to driver
[2026-01-29T16:42:03.503+0530] {subprocess.py:106} INFO - 26/01/29 16:42:03 INFO TaskSetManager: Finished task 0.0 in stage 107.0 (TID 128) in 190 ms on Aishwarya92848DBDA (executor driver) (2/2)
[2026-01-29T16:42:03.503+0530] {subprocess.py:106} INFO - 26/01/29 16:42:03 INFO TaskSchedulerImpl: Removed TaskSet 107.0, whose tasks have all completed, from pool
[2026-01-29T16:42:03.503+0530] {subprocess.py:106} INFO - 26/01/29 16:42:03 INFO DAGScheduler: ShuffleMapStage 107 (count at <unknown>:0) finished in 0.196 s
[2026-01-29T16:42:03.504+0530] {subprocess.py:106} INFO - 26/01/29 16:42:03 INFO DAGScheduler: looking for newly runnable stages
[2026-01-29T16:42:03.504+0530] {subprocess.py:106} INFO - 26/01/29 16:42:03 INFO DAGScheduler: running: Set()
[2026-01-29T16:42:03.504+0530] {subprocess.py:106} INFO - 26/01/29 16:42:03 INFO DAGScheduler: waiting: Set()
[2026-01-29T16:42:03.504+0530] {subprocess.py:106} INFO - 26/01/29 16:42:03 INFO DAGScheduler: failed: Set()
[2026-01-29T16:42:03.507+0530] {subprocess.py:106} INFO - 26/01/29 16:42:03 INFO ShufflePartitionsUtil: For shuffle(27), advisory target size: 67108864, actual target size 1048576, minimum partition size: 1048576
[2026-01-29T16:42:03.523+0530] {subprocess.py:106} INFO - 26/01/29 16:42:03 INFO CodeGenerator: Code generated in 7.964954 ms
[2026-01-29T16:42:03.536+0530] {subprocess.py:106} INFO - 26/01/29 16:42:03 INFO DAGScheduler: Registering RDD 356 (count at <unknown>:0) as input to shuffle 28
[2026-01-29T16:42:03.537+0530] {subprocess.py:106} INFO - 26/01/29 16:42:03 INFO DAGScheduler: Got map stage job 78 (count at <unknown>:0) with 2 output partitions
[2026-01-29T16:42:03.537+0530] {subprocess.py:106} INFO - 26/01/29 16:42:03 INFO DAGScheduler: Final stage: ShuffleMapStage 109 (count at <unknown>:0)
[2026-01-29T16:42:03.537+0530] {subprocess.py:106} INFO - 26/01/29 16:42:03 INFO DAGScheduler: Parents of final stage: List(ShuffleMapStage 108)
[2026-01-29T16:42:03.537+0530] {subprocess.py:106} INFO - 26/01/29 16:42:03 INFO DAGScheduler: Missing parents: List()
[2026-01-29T16:42:03.537+0530] {subprocess.py:106} INFO - 26/01/29 16:42:03 INFO DAGScheduler: Submitting ShuffleMapStage 109 (MapPartitionsRDD[356] at count at <unknown>:0), which has no missing parents
[2026-01-29T16:42:03.540+0530] {subprocess.py:106} INFO - 26/01/29 16:42:03 INFO MemoryStore: Block broadcast_129 stored as values in memory (estimated size 53.1 KiB, free 365.5 MiB)
[2026-01-29T16:42:03.541+0530] {subprocess.py:106} INFO - 26/01/29 16:42:03 INFO MemoryStore: Block broadcast_129_piece0 stored as bytes in memory (estimated size 23.0 KiB, free 365.4 MiB)
[2026-01-29T16:42:03.541+0530] {subprocess.py:106} INFO - 26/01/29 16:42:03 INFO BlockManagerInfo: Added broadcast_129_piece0 in memory on Aishwarya92848DBDA:35477 (size: 23.0 KiB, free: 366.2 MiB)
[2026-01-29T16:42:03.542+0530] {subprocess.py:106} INFO - 26/01/29 16:42:03 INFO SparkContext: Created broadcast 129 from broadcast at DAGScheduler.scala:1585
[2026-01-29T16:42:03.542+0530] {subprocess.py:106} INFO - 26/01/29 16:42:03 INFO DAGScheduler: Submitting 2 missing tasks from ShuffleMapStage 109 (MapPartitionsRDD[356] at count at <unknown>:0) (first 15 tasks are for partitions Vector(0, 1))
[2026-01-29T16:42:03.542+0530] {subprocess.py:106} INFO - 26/01/29 16:42:03 INFO TaskSchedulerImpl: Adding task set 109.0 with 2 tasks resource profile 0
[2026-01-29T16:42:03.543+0530] {subprocess.py:106} INFO - 26/01/29 16:42:03 INFO TaskSetManager: Starting task 0.0 in stage 109.0 (TID 130) (Aishwarya92848DBDA, executor driver, partition 0, NODE_LOCAL, 7604 bytes)
[2026-01-29T16:42:03.543+0530] {subprocess.py:106} INFO - 26/01/29 16:42:03 INFO TaskSetManager: Starting task 1.0 in stage 109.0 (TID 131) (Aishwarya92848DBDA, executor driver, partition 1, NODE_LOCAL, 7604 bytes)
[2026-01-29T16:42:03.544+0530] {subprocess.py:106} INFO - 26/01/29 16:42:03 INFO Executor: Running task 0.0 in stage 109.0 (TID 130)
[2026-01-29T16:42:03.544+0530] {subprocess.py:106} INFO - 26/01/29 16:42:03 INFO Executor: Running task 1.0 in stage 109.0 (TID 131)
[2026-01-29T16:42:03.548+0530] {subprocess.py:106} INFO - 26/01/29 16:42:03 INFO ShuffleBlockFetcherIterator: Getting 2 (1243.9 KiB) non-empty blocks including 2 (1243.9 KiB) local and 0 (0.0 B) host-local and 0 (0.0 B) push-merged-local and 0 (0.0 B) remote blocks
[2026-01-29T16:42:03.549+0530] {subprocess.py:106} INFO - 26/01/29 16:42:03 INFO ShuffleBlockFetcherIterator: Started 0 remote fetches in 0 ms
[2026-01-29T16:42:03.549+0530] {subprocess.py:106} INFO - 26/01/29 16:42:03 INFO ShuffleBlockFetcherIterator: Getting 2 (1860.4 KiB) non-empty blocks including 2 (1860.4 KiB) local and 0 (0.0 B) host-local and 0 (0.0 B) push-merged-local and 0 (0.0 B) remote blocks
[2026-01-29T16:42:03.549+0530] {subprocess.py:106} INFO - 26/01/29 16:42:03 INFO ShuffleBlockFetcherIterator: Started 0 remote fetches in 0 ms
[2026-01-29T16:42:03.575+0530] {subprocess.py:106} INFO - 26/01/29 16:42:03 INFO CodeGenerator: Code generated in 8.352933 ms
[2026-01-29T16:42:03.576+0530] {subprocess.py:106} INFO - 26/01/29 16:42:03 INFO ExternalAppendOnlyUnsafeRowArray: Reached spill threshold of 4096 rows, switching to org.apache.spark.util.collection.unsafe.sort.UnsafeExternalSorter
[2026-01-29T16:42:03.576+0530] {subprocess.py:106} INFO - 26/01/29 16:42:03 INFO ExternalAppendOnlyUnsafeRowArray: Reached spill threshold of 4096 rows, switching to org.apache.spark.util.collection.unsafe.sort.UnsafeExternalSorter
[2026-01-29T16:42:03.592+0530] {subprocess.py:106} INFO - 26/01/29 16:42:03 INFO ExternalAppendOnlyUnsafeRowArray: Reached spill threshold of 4096 rows, switching to org.apache.spark.util.collection.unsafe.sort.UnsafeExternalSorter
[2026-01-29T16:42:03.592+0530] {subprocess.py:106} INFO - 26/01/29 16:42:03 INFO ExternalAppendOnlyUnsafeRowArray: Reached spill threshold of 4096 rows, switching to org.apache.spark.util.collection.unsafe.sort.UnsafeExternalSorter
[2026-01-29T16:42:03.607+0530] {subprocess.py:106} INFO - 26/01/29 16:42:03 INFO ExternalAppendOnlyUnsafeRowArray: Reached spill threshold of 4096 rows, switching to org.apache.spark.util.collection.unsafe.sort.UnsafeExternalSorter
[2026-01-29T16:42:03.608+0530] {subprocess.py:106} INFO - 26/01/29 16:42:03 INFO ExternalAppendOnlyUnsafeRowArray: Reached spill threshold of 4096 rows, switching to org.apache.spark.util.collection.unsafe.sort.UnsafeExternalSorter
[2026-01-29T16:42:03.622+0530] {subprocess.py:106} INFO - 26/01/29 16:42:03 INFO ExternalAppendOnlyUnsafeRowArray: Reached spill threshold of 4096 rows, switching to org.apache.spark.util.collection.unsafe.sort.UnsafeExternalSorter
[2026-01-29T16:42:03.623+0530] {subprocess.py:106} INFO - 26/01/29 16:42:03 INFO ExternalAppendOnlyUnsafeRowArray: Reached spill threshold of 4096 rows, switching to org.apache.spark.util.collection.unsafe.sort.UnsafeExternalSorter
[2026-01-29T16:42:03.634+0530] {subprocess.py:106} INFO - 26/01/29 16:42:03 INFO ExternalAppendOnlyUnsafeRowArray: Reached spill threshold of 4096 rows, switching to org.apache.spark.util.collection.unsafe.sort.UnsafeExternalSorter
[2026-01-29T16:42:03.636+0530] {subprocess.py:106} INFO - 26/01/29 16:42:03 INFO Executor: Finished task 0.0 in stage 109.0 (TID 130). 4989 bytes result sent to driver
[2026-01-29T16:42:03.637+0530] {subprocess.py:106} INFO - 26/01/29 16:42:03 INFO TaskSetManager: Finished task 0.0 in stage 109.0 (TID 130) in 94 ms on Aishwarya92848DBDA (executor driver) (1/2)
[2026-01-29T16:42:03.641+0530] {subprocess.py:106} INFO - 26/01/29 16:42:03 INFO ExternalAppendOnlyUnsafeRowArray: Reached spill threshold of 4096 rows, switching to org.apache.spark.util.collection.unsafe.sort.UnsafeExternalSorter
[2026-01-29T16:42:03.652+0530] {subprocess.py:106} INFO - 26/01/29 16:42:03 INFO Executor: Finished task 1.0 in stage 109.0 (TID 131). 4989 bytes result sent to driver
[2026-01-29T16:42:03.652+0530] {subprocess.py:106} INFO - 26/01/29 16:42:03 INFO TaskSetManager: Finished task 1.0 in stage 109.0 (TID 131) in 109 ms on Aishwarya92848DBDA (executor driver) (2/2)
[2026-01-29T16:42:03.653+0530] {subprocess.py:106} INFO - 26/01/29 16:42:03 INFO TaskSchedulerImpl: Removed TaskSet 109.0, whose tasks have all completed, from pool
[2026-01-29T16:42:03.653+0530] {subprocess.py:106} INFO - 26/01/29 16:42:03 INFO DAGScheduler: ShuffleMapStage 109 (count at <unknown>:0) finished in 0.115 s
[2026-01-29T16:42:03.653+0530] {subprocess.py:106} INFO - 26/01/29 16:42:03 INFO DAGScheduler: looking for newly runnable stages
[2026-01-29T16:42:03.653+0530] {subprocess.py:106} INFO - 26/01/29 16:42:03 INFO DAGScheduler: running: Set()
[2026-01-29T16:42:03.653+0530] {subprocess.py:106} INFO - 26/01/29 16:42:03 INFO DAGScheduler: waiting: Set()
[2026-01-29T16:42:03.653+0530] {subprocess.py:106} INFO - 26/01/29 16:42:03 INFO DAGScheduler: failed: Set()
[2026-01-29T16:42:03.663+0530] {subprocess.py:106} INFO - 26/01/29 16:42:03 INFO SparkContext: Starting job: count at <unknown>:0
[2026-01-29T16:42:03.664+0530] {subprocess.py:106} INFO - 26/01/29 16:42:03 INFO DAGScheduler: Got job 79 (count at <unknown>:0) with 1 output partitions
[2026-01-29T16:42:03.664+0530] {subprocess.py:106} INFO - 26/01/29 16:42:03 INFO DAGScheduler: Final stage: ResultStage 112 (count at <unknown>:0)
[2026-01-29T16:42:03.665+0530] {subprocess.py:106} INFO - 26/01/29 16:42:03 INFO DAGScheduler: Parents of final stage: List(ShuffleMapStage 111)
[2026-01-29T16:42:03.665+0530] {subprocess.py:106} INFO - 26/01/29 16:42:03 INFO DAGScheduler: Missing parents: List()
[2026-01-29T16:42:03.665+0530] {subprocess.py:106} INFO - 26/01/29 16:42:03 INFO DAGScheduler: Submitting ResultStage 112 (MapPartitionsRDD[359] at count at <unknown>:0), which has no missing parents
[2026-01-29T16:42:03.665+0530] {subprocess.py:106} INFO - 26/01/29 16:42:03 INFO MemoryStore: Block broadcast_130 stored as values in memory (estimated size 12.5 KiB, free 365.4 MiB)
[2026-01-29T16:42:03.666+0530] {subprocess.py:106} INFO - 26/01/29 16:42:03 INFO MemoryStore: Block broadcast_130_piece0 stored as bytes in memory (estimated size 5.9 KiB, free 365.4 MiB)
[2026-01-29T16:42:03.666+0530] {subprocess.py:106} INFO - 26/01/29 16:42:03 INFO BlockManagerInfo: Added broadcast_130_piece0 in memory on Aishwarya92848DBDA:35477 (size: 5.9 KiB, free: 366.2 MiB)
[2026-01-29T16:42:03.666+0530] {subprocess.py:106} INFO - 26/01/29 16:42:03 INFO SparkContext: Created broadcast 130 from broadcast at DAGScheduler.scala:1585
[2026-01-29T16:42:03.667+0530] {subprocess.py:106} INFO - 26/01/29 16:42:03 INFO DAGScheduler: Submitting 1 missing tasks from ResultStage 112 (MapPartitionsRDD[359] at count at <unknown>:0) (first 15 tasks are for partitions Vector(0))
[2026-01-29T16:42:03.667+0530] {subprocess.py:106} INFO - 26/01/29 16:42:03 INFO TaskSchedulerImpl: Adding task set 112.0 with 1 tasks resource profile 0
[2026-01-29T16:42:03.667+0530] {subprocess.py:106} INFO - 26/01/29 16:42:03 INFO TaskSetManager: Starting task 0.0 in stage 112.0 (TID 132) (Aishwarya92848DBDA, executor driver, partition 0, NODE_LOCAL, 7615 bytes)
[2026-01-29T16:42:03.668+0530] {subprocess.py:106} INFO - 26/01/29 16:42:03 INFO Executor: Running task 0.0 in stage 112.0 (TID 132)
[2026-01-29T16:42:03.669+0530] {subprocess.py:106} INFO - 26/01/29 16:42:03 INFO ShuffleBlockFetcherIterator: Getting 2 (120.0 B) non-empty blocks including 2 (120.0 B) local and 0 (0.0 B) host-local and 0 (0.0 B) push-merged-local and 0 (0.0 B) remote blocks
[2026-01-29T16:42:03.669+0530] {subprocess.py:106} INFO - 26/01/29 16:42:03 INFO ShuffleBlockFetcherIterator: Started 0 remote fetches in 0 ms
[2026-01-29T16:42:03.671+0530] {subprocess.py:106} INFO - 26/01/29 16:42:03 INFO Executor: Finished task 0.0 in stage 112.0 (TID 132). 3945 bytes result sent to driver
[2026-01-29T16:42:03.671+0530] {subprocess.py:106} INFO - 26/01/29 16:42:03 INFO TaskSetManager: Finished task 0.0 in stage 112.0 (TID 132) in 4 ms on Aishwarya92848DBDA (executor driver) (1/1)
[2026-01-29T16:42:03.671+0530] {subprocess.py:106} INFO - 26/01/29 16:42:03 INFO TaskSchedulerImpl: Removed TaskSet 112.0, whose tasks have all completed, from pool
[2026-01-29T16:42:03.671+0530] {subprocess.py:106} INFO - 26/01/29 16:42:03 INFO DAGScheduler: ResultStage 112 (count at <unknown>:0) finished in 0.007 s
[2026-01-29T16:42:03.672+0530] {subprocess.py:106} INFO - 26/01/29 16:42:03 INFO DAGScheduler: Job 79 is finished. Cancelling potential speculative or zombie tasks for this job
[2026-01-29T16:42:03.672+0530] {subprocess.py:106} INFO - 26/01/29 16:42:03 INFO TaskSchedulerImpl: Killing all running tasks in stage 112: Stage finished
[2026-01-29T16:42:03.672+0530] {subprocess.py:106} INFO - 26/01/29 16:42:03 INFO DAGScheduler: Job 79 finished: count at <unknown>:0, took 0.008722 s
[2026-01-29T16:42:03.673+0530] {subprocess.py:106} INFO - Invalid temperature rows: 0
[2026-01-29T16:42:03.727+0530] {subprocess.py:106} INFO - 26/01/29 16:42:03 INFO FileSourceStrategy: Pushed Filters:
[2026-01-29T16:42:03.728+0530] {subprocess.py:106} INFO - 26/01/29 16:42:03 INFO FileSourceStrategy: Post-Scan Filters:
[2026-01-29T16:42:03.745+0530] {subprocess.py:106} INFO - 26/01/29 16:42:03 INFO MemoryStore: Block broadcast_131 stored as values in memory (estimated size 350.2 KiB, free 365.1 MiB)
[2026-01-29T16:42:03.750+0530] {subprocess.py:106} INFO - 26/01/29 16:42:03 INFO MemoryStore: Block broadcast_131_piece0 stored as bytes in memory (estimated size 34.3 KiB, free 365.0 MiB)
[2026-01-29T16:42:03.751+0530] {subprocess.py:106} INFO - 26/01/29 16:42:03 INFO BlockManagerInfo: Added broadcast_131_piece0 in memory on Aishwarya92848DBDA:35477 (size: 34.3 KiB, free: 366.2 MiB)
[2026-01-29T16:42:03.751+0530] {subprocess.py:106} INFO - 26/01/29 16:42:03 INFO SparkContext: Created broadcast 131 from count at <unknown>:0
[2026-01-29T16:42:03.752+0530] {subprocess.py:106} INFO - 26/01/29 16:42:03 INFO FileSourceScanExec: Planning scan with bin packing, max size: 4194304 bytes, open cost is considered as scanning 4194304 bytes.
[2026-01-29T16:42:03.754+0530] {subprocess.py:106} INFO - 26/01/29 16:42:03 INFO DAGScheduler: Registering RDD 363 (count at <unknown>:0) as input to shuffle 29
[2026-01-29T16:42:03.754+0530] {subprocess.py:106} INFO - 26/01/29 16:42:03 INFO DAGScheduler: Got map stage job 80 (count at <unknown>:0) with 2 output partitions
[2026-01-29T16:42:03.755+0530] {subprocess.py:106} INFO - 26/01/29 16:42:03 INFO DAGScheduler: Final stage: ShuffleMapStage 113 (count at <unknown>:0)
[2026-01-29T16:42:03.755+0530] {subprocess.py:106} INFO - 26/01/29 16:42:03 INFO DAGScheduler: Parents of final stage: List()
[2026-01-29T16:42:03.755+0530] {subprocess.py:106} INFO - 26/01/29 16:42:03 INFO DAGScheduler: Missing parents: List()
[2026-01-29T16:42:03.755+0530] {subprocess.py:106} INFO - 26/01/29 16:42:03 INFO DAGScheduler: Submitting ShuffleMapStage 113 (MapPartitionsRDD[363] at count at <unknown>:0), which has no missing parents
[2026-01-29T16:42:03.757+0530] {subprocess.py:106} INFO - 26/01/29 16:42:03 INFO MemoryStore: Block broadcast_132 stored as values in memory (estimated size 28.9 KiB, free 365.0 MiB)
[2026-01-29T16:42:03.758+0530] {subprocess.py:106} INFO - 26/01/29 16:42:03 INFO MemoryStore: Block broadcast_132_piece0 stored as bytes in memory (estimated size 11.1 KiB, free 365.0 MiB)
[2026-01-29T16:42:03.758+0530] {subprocess.py:106} INFO - 26/01/29 16:42:03 INFO BlockManagerInfo: Added broadcast_132_piece0 in memory on Aishwarya92848DBDA:35477 (size: 11.1 KiB, free: 366.1 MiB)
[2026-01-29T16:42:03.758+0530] {subprocess.py:106} INFO - 26/01/29 16:42:03 INFO SparkContext: Created broadcast 132 from broadcast at DAGScheduler.scala:1585
[2026-01-29T16:42:03.758+0530] {subprocess.py:106} INFO - 26/01/29 16:42:03 INFO DAGScheduler: Submitting 2 missing tasks from ShuffleMapStage 113 (MapPartitionsRDD[363] at count at <unknown>:0) (first 15 tasks are for partitions Vector(0, 1))
[2026-01-29T16:42:03.759+0530] {subprocess.py:106} INFO - 26/01/29 16:42:03 INFO TaskSchedulerImpl: Adding task set 113.0 with 2 tasks resource profile 0
[2026-01-29T16:42:03.759+0530] {subprocess.py:106} INFO - 26/01/29 16:42:03 INFO TaskSetManager: Starting task 0.0 in stage 113.0 (TID 133) (Aishwarya92848DBDA, executor driver, partition 0, NODE_LOCAL, 8230 bytes)
[2026-01-29T16:42:03.760+0530] {subprocess.py:106} INFO - 26/01/29 16:42:03 INFO TaskSetManager: Starting task 1.0 in stage 113.0 (TID 134) (Aishwarya92848DBDA, executor driver, partition 1, NODE_LOCAL, 8230 bytes)
[2026-01-29T16:42:03.760+0530] {subprocess.py:106} INFO - 26/01/29 16:42:03 INFO Executor: Running task 1.0 in stage 113.0 (TID 134)
[2026-01-29T16:42:03.760+0530] {subprocess.py:106} INFO - 26/01/29 16:42:03 INFO Executor: Running task 0.0 in stage 113.0 (TID 133)
[2026-01-29T16:42:03.764+0530] {subprocess.py:106} INFO - 26/01/29 16:42:03 INFO FileScanRDD: Reading File path: hdfs://localhost:9000/weather/data/raw_data/weather_dataset.csv, range: 0-4194304, partition values: [empty row]
[2026-01-29T16:42:03.765+0530] {subprocess.py:106} INFO - 26/01/29 16:42:03 INFO FileScanRDD: Reading File path: hdfs://localhost:9000/weather/data/raw_data/weather_dataset.csv, range: 4194304-6329103, partition values: [empty row]
[2026-01-29T16:42:03.803+0530] {subprocess.py:106} INFO - 26/01/29 16:42:03 INFO BlockManagerInfo: Removed broadcast_127_piece0 on Aishwarya92848DBDA:35477 in memory (size: 34.3 KiB, free: 366.2 MiB)
[2026-01-29T16:42:03.804+0530] {subprocess.py:106} INFO - 26/01/29 16:42:03 INFO BlockManagerInfo: Removed broadcast_128_piece0 on Aishwarya92848DBDA:35477 in memory (size: 11.1 KiB, free: 366.2 MiB)
[2026-01-29T16:42:03.805+0530] {subprocess.py:106} INFO - 26/01/29 16:42:03 INFO BlockManagerInfo: Removed broadcast_129_piece0 on Aishwarya92848DBDA:35477 in memory (size: 23.0 KiB, free: 366.2 MiB)
[2026-01-29T16:42:03.808+0530] {subprocess.py:106} INFO - 26/01/29 16:42:03 INFO BlockManagerInfo: Removed broadcast_130_piece0 on Aishwarya92848DBDA:35477 in memory (size: 5.9 KiB, free: 366.2 MiB)
[2026-01-29T16:42:03.868+0530] {subprocess.py:106} INFO - 26/01/29 16:42:03 INFO Executor: Finished task 1.0 in stage 113.0 (TID 134). 2038 bytes result sent to driver
[2026-01-29T16:42:03.869+0530] {subprocess.py:106} INFO - 26/01/29 16:42:03 INFO TaskSetManager: Finished task 1.0 in stage 113.0 (TID 134) in 109 ms on Aishwarya92848DBDA (executor driver) (1/2)
[2026-01-29T16:42:03.957+0530] {subprocess.py:106} INFO - 26/01/29 16:42:03 INFO Executor: Finished task 0.0 in stage 113.0 (TID 133). 2038 bytes result sent to driver
[2026-01-29T16:42:03.958+0530] {subprocess.py:106} INFO - 26/01/29 16:42:03 INFO TaskSetManager: Finished task 0.0 in stage 113.0 (TID 133) in 199 ms on Aishwarya92848DBDA (executor driver) (2/2)
[2026-01-29T16:42:03.958+0530] {subprocess.py:106} INFO - 26/01/29 16:42:03 INFO TaskSchedulerImpl: Removed TaskSet 113.0, whose tasks have all completed, from pool
[2026-01-29T16:42:03.959+0530] {subprocess.py:106} INFO - 26/01/29 16:42:03 INFO DAGScheduler: ShuffleMapStage 113 (count at <unknown>:0) finished in 0.203 s
[2026-01-29T16:42:03.959+0530] {subprocess.py:106} INFO - 26/01/29 16:42:03 INFO DAGScheduler: looking for newly runnable stages
[2026-01-29T16:42:03.959+0530] {subprocess.py:106} INFO - 26/01/29 16:42:03 INFO DAGScheduler: running: Set()
[2026-01-29T16:42:03.959+0530] {subprocess.py:106} INFO - 26/01/29 16:42:03 INFO DAGScheduler: waiting: Set()
[2026-01-29T16:42:03.960+0530] {subprocess.py:106} INFO - 26/01/29 16:42:03 INFO DAGScheduler: failed: Set()
[2026-01-29T16:42:03.966+0530] {subprocess.py:106} INFO - 26/01/29 16:42:03 INFO ShufflePartitionsUtil: For shuffle(29), advisory target size: 67108864, actual target size 1048576, minimum partition size: 1048576
[2026-01-29T16:42:03.985+0530] {subprocess.py:106} INFO - 26/01/29 16:42:03 INFO CodeGenerator: Code generated in 6.967737 ms
[2026-01-29T16:42:03.995+0530] {subprocess.py:106} INFO - 26/01/29 16:42:03 INFO CodeGenerator: Code generated in 6.253283 ms
[2026-01-29T16:42:04.008+0530] {subprocess.py:106} INFO - 26/01/29 16:42:04 INFO DAGScheduler: Registering RDD 370 (count at <unknown>:0) as input to shuffle 30
[2026-01-29T16:42:04.008+0530] {subprocess.py:106} INFO - 26/01/29 16:42:04 INFO DAGScheduler: Got map stage job 81 (count at <unknown>:0) with 2 output partitions
[2026-01-29T16:42:04.009+0530] {subprocess.py:106} INFO - 26/01/29 16:42:04 INFO DAGScheduler: Final stage: ShuffleMapStage 115 (count at <unknown>:0)
[2026-01-29T16:42:04.009+0530] {subprocess.py:106} INFO - 26/01/29 16:42:04 INFO DAGScheduler: Parents of final stage: List(ShuffleMapStage 114)
[2026-01-29T16:42:04.009+0530] {subprocess.py:106} INFO - 26/01/29 16:42:04 INFO DAGScheduler: Missing parents: List()
[2026-01-29T16:42:04.009+0530] {subprocess.py:106} INFO - 26/01/29 16:42:04 INFO DAGScheduler: Submitting ShuffleMapStage 115 (MapPartitionsRDD[370] at count at <unknown>:0), which has no missing parents
[2026-01-29T16:42:04.010+0530] {subprocess.py:106} INFO - 26/01/29 16:42:04 INFO MemoryStore: Block broadcast_133 stored as values in memory (estimated size 56.4 KiB, free 365.5 MiB)
[2026-01-29T16:42:04.012+0530] {subprocess.py:106} INFO - 26/01/29 16:42:04 INFO MemoryStore: Block broadcast_133_piece0 stored as bytes in memory (estimated size 23.6 KiB, free 365.4 MiB)
[2026-01-29T16:42:04.012+0530] {subprocess.py:106} INFO - 26/01/29 16:42:04 INFO BlockManagerInfo: Added broadcast_133_piece0 in memory on Aishwarya92848DBDA:35477 (size: 23.6 KiB, free: 366.2 MiB)
[2026-01-29T16:42:04.013+0530] {subprocess.py:106} INFO - 26/01/29 16:42:04 INFO SparkContext: Created broadcast 133 from broadcast at DAGScheduler.scala:1585
[2026-01-29T16:42:04.013+0530] {subprocess.py:106} INFO - 26/01/29 16:42:04 INFO DAGScheduler: Submitting 2 missing tasks from ShuffleMapStage 115 (MapPartitionsRDD[370] at count at <unknown>:0) (first 15 tasks are for partitions Vector(0, 1))
[2026-01-29T16:42:04.013+0530] {subprocess.py:106} INFO - 26/01/29 16:42:04 INFO TaskSchedulerImpl: Adding task set 115.0 with 2 tasks resource profile 0
[2026-01-29T16:42:04.014+0530] {subprocess.py:106} INFO - 26/01/29 16:42:04 INFO TaskSetManager: Starting task 0.0 in stage 115.0 (TID 135) (Aishwarya92848DBDA, executor driver, partition 0, NODE_LOCAL, 7604 bytes)
[2026-01-29T16:42:04.014+0530] {subprocess.py:106} INFO - 26/01/29 16:42:04 INFO TaskSetManager: Starting task 1.0 in stage 115.0 (TID 136) (Aishwarya92848DBDA, executor driver, partition 1, NODE_LOCAL, 7604 bytes)
[2026-01-29T16:42:04.015+0530] {subprocess.py:106} INFO - 26/01/29 16:42:04 INFO Executor: Running task 0.0 in stage 115.0 (TID 135)
[2026-01-29T16:42:04.015+0530] {subprocess.py:106} INFO - 26/01/29 16:42:04 INFO Executor: Running task 1.0 in stage 115.0 (TID 136)
[2026-01-29T16:42:04.019+0530] {subprocess.py:106} INFO - 26/01/29 16:42:04 INFO ShuffleBlockFetcherIterator: Getting 2 (1860.4 KiB) non-empty blocks including 2 (1860.4 KiB) local and 0 (0.0 B) host-local and 0 (0.0 B) push-merged-local and 0 (0.0 B) remote blocks
[2026-01-29T16:42:04.019+0530] {subprocess.py:106} INFO - 26/01/29 16:42:04 INFO ShuffleBlockFetcherIterator: Started 0 remote fetches in 0 ms
[2026-01-29T16:42:04.019+0530] {subprocess.py:106} INFO - 26/01/29 16:42:04 INFO ShuffleBlockFetcherIterator: Getting 2 (1243.9 KiB) non-empty blocks including 2 (1243.9 KiB) local and 0 (0.0 B) host-local and 0 (0.0 B) push-merged-local and 0 (0.0 B) remote blocks
[2026-01-29T16:42:04.020+0530] {subprocess.py:106} INFO - 26/01/29 16:42:04 INFO ShuffleBlockFetcherIterator: Started 0 remote fetches in 0 ms
[2026-01-29T16:42:04.044+0530] {subprocess.py:106} INFO - 26/01/29 16:42:04 INFO CodeGenerator: Code generated in 7.153187 ms
[2026-01-29T16:42:04.050+0530] {subprocess.py:106} INFO - 26/01/29 16:42:04 INFO CodeGenerator: Code generated in 4.253863 ms
[2026-01-29T16:42:04.052+0530] {subprocess.py:106} INFO - 26/01/29 16:42:04 INFO ExternalAppendOnlyUnsafeRowArray: Reached spill threshold of 4096 rows, switching to org.apache.spark.util.collection.unsafe.sort.UnsafeExternalSorter
[2026-01-29T16:42:04.053+0530] {subprocess.py:106} INFO - 26/01/29 16:42:04 INFO ExternalAppendOnlyUnsafeRowArray: Reached spill threshold of 4096 rows, switching to org.apache.spark.util.collection.unsafe.sort.UnsafeExternalSorter
[2026-01-29T16:42:04.058+0530] {subprocess.py:106} INFO - 26/01/29 16:42:04 INFO CodeGenerator: Code generated in 3.372966 ms
[2026-01-29T16:42:04.064+0530] {subprocess.py:106} INFO - 26/01/29 16:42:04 INFO CodeGenerator: Code generated in 4.400548 ms
[2026-01-29T16:42:04.069+0530] {subprocess.py:106} INFO - 26/01/29 16:42:04 INFO CodeGenerator: Code generated in 3.599381 ms
[2026-01-29T16:42:04.077+0530] {subprocess.py:106} INFO - 26/01/29 16:42:04 INFO CodeGenerator: Code generated in 7.066774 ms
[2026-01-29T16:42:04.090+0530] {subprocess.py:106} INFO - 26/01/29 16:42:04 INFO ExternalAppendOnlyUnsafeRowArray: Reached spill threshold of 4096 rows, switching to org.apache.spark.util.collection.unsafe.sort.UnsafeExternalSorter
[2026-01-29T16:42:04.092+0530] {subprocess.py:106} INFO - 26/01/29 16:42:04 INFO ExternalAppendOnlyUnsafeRowArray: Reached spill threshold of 4096 rows, switching to org.apache.spark.util.collection.unsafe.sort.UnsafeExternalSorter
[2026-01-29T16:42:04.104+0530] {subprocess.py:106} INFO - 26/01/29 16:42:04 INFO ExternalAppendOnlyUnsafeRowArray: Reached spill threshold of 4096 rows, switching to org.apache.spark.util.collection.unsafe.sort.UnsafeExternalSorter
[2026-01-29T16:42:04.111+0530] {subprocess.py:106} INFO - 26/01/29 16:42:04 INFO ExternalAppendOnlyUnsafeRowArray: Reached spill threshold of 4096 rows, switching to org.apache.spark.util.collection.unsafe.sort.UnsafeExternalSorter
[2026-01-29T16:42:04.160+0530] {subprocess.py:106} INFO - 26/01/29 16:42:04 INFO ExternalAppendOnlyUnsafeRowArray: Reached spill threshold of 4096 rows, switching to org.apache.spark.util.collection.unsafe.sort.UnsafeExternalSorter
[2026-01-29T16:42:04.160+0530] {subprocess.py:106} INFO - 26/01/29 16:42:04 INFO ExternalAppendOnlyUnsafeRowArray: Reached spill threshold of 4096 rows, switching to org.apache.spark.util.collection.unsafe.sort.UnsafeExternalSorter
[2026-01-29T16:42:04.166+0530] {subprocess.py:106} INFO - 26/01/29 16:42:04 INFO ExternalAppendOnlyUnsafeRowArray: Reached spill threshold of 4096 rows, switching to org.apache.spark.util.collection.unsafe.sort.UnsafeExternalSorter
[2026-01-29T16:42:04.170+0530] {subprocess.py:106} INFO - 26/01/29 16:42:04 INFO ExternalAppendOnlyUnsafeRowArray: Reached spill threshold of 4096 rows, switching to org.apache.spark.util.collection.unsafe.sort.UnsafeExternalSorter
[2026-01-29T16:42:04.203+0530] {subprocess.py:106} INFO - 26/01/29 16:42:04 INFO BlockManagerInfo: Removed broadcast_132_piece0 on Aishwarya92848DBDA:35477 in memory (size: 11.1 KiB, free: 366.2 MiB)
[2026-01-29T16:42:04.210+0530] {subprocess.py:106} INFO - 26/01/29 16:42:04 INFO ExternalAppendOnlyUnsafeRowArray: Reached spill threshold of 4096 rows, switching to org.apache.spark.util.collection.unsafe.sort.UnsafeExternalSorter
[2026-01-29T16:42:04.216+0530] {subprocess.py:106} INFO - 26/01/29 16:42:04 INFO ExternalAppendOnlyUnsafeRowArray: Reached spill threshold of 4096 rows, switching to org.apache.spark.util.collection.unsafe.sort.UnsafeExternalSorter
[2026-01-29T16:42:04.224+0530] {subprocess.py:106} INFO - 26/01/29 16:42:04 INFO ExternalAppendOnlyUnsafeRowArray: Reached spill threshold of 4096 rows, switching to org.apache.spark.util.collection.unsafe.sort.UnsafeExternalSorter
[2026-01-29T16:42:04.228+0530] {subprocess.py:106} INFO - 26/01/29 16:42:04 INFO ExternalAppendOnlyUnsafeRowArray: Reached spill threshold of 4096 rows, switching to org.apache.spark.util.collection.unsafe.sort.UnsafeExternalSorter
[2026-01-29T16:42:04.236+0530] {subprocess.py:106} INFO - 26/01/29 16:42:04 INFO ExternalAppendOnlyUnsafeRowArray: Reached spill threshold of 4096 rows, switching to org.apache.spark.util.collection.unsafe.sort.UnsafeExternalSorter
[2026-01-29T16:42:04.241+0530] {subprocess.py:106} INFO - 26/01/29 16:42:04 INFO ExternalAppendOnlyUnsafeRowArray: Reached spill threshold of 4096 rows, switching to org.apache.spark.util.collection.unsafe.sort.UnsafeExternalSorter
[2026-01-29T16:42:04.253+0530] {subprocess.py:106} INFO - 26/01/29 16:42:04 INFO ExternalAppendOnlyUnsafeRowArray: Reached spill threshold of 4096 rows, switching to org.apache.spark.util.collection.unsafe.sort.UnsafeExternalSorter
[2026-01-29T16:42:04.258+0530] {subprocess.py:106} INFO - 26/01/29 16:42:04 INFO Executor: Finished task 0.0 in stage 115.0 (TID 135). 5200 bytes result sent to driver
[2026-01-29T16:42:04.258+0530] {subprocess.py:106} INFO - 26/01/29 16:42:04 INFO TaskSetManager: Finished task 0.0 in stage 115.0 (TID 135) in 245 ms on Aishwarya92848DBDA (executor driver) (1/2)
[2026-01-29T16:42:04.259+0530] {subprocess.py:106} INFO - 26/01/29 16:42:04 INFO ExternalAppendOnlyUnsafeRowArray: Reached spill threshold of 4096 rows, switching to org.apache.spark.util.collection.unsafe.sort.UnsafeExternalSorter
[2026-01-29T16:42:04.262+0530] {subprocess.py:106} INFO - 26/01/29 16:42:04 INFO ExternalAppendOnlyUnsafeRowArray: Reached spill threshold of 4096 rows, switching to org.apache.spark.util.collection.unsafe.sort.UnsafeExternalSorter
[2026-01-29T16:42:04.267+0530] {subprocess.py:106} INFO - 26/01/29 16:42:04 INFO ExternalAppendOnlyUnsafeRowArray: Reached spill threshold of 4096 rows, switching to org.apache.spark.util.collection.unsafe.sort.UnsafeExternalSorter
[2026-01-29T16:42:04.273+0530] {subprocess.py:106} INFO - 26/01/29 16:42:04 INFO Executor: Finished task 1.0 in stage 115.0 (TID 136). 5200 bytes result sent to driver
[2026-01-29T16:42:04.274+0530] {subprocess.py:106} INFO - 26/01/29 16:42:04 INFO TaskSetManager: Finished task 1.0 in stage 115.0 (TID 136) in 259 ms on Aishwarya92848DBDA (executor driver) (2/2)
[2026-01-29T16:42:04.274+0530] {subprocess.py:106} INFO - 26/01/29 16:42:04 INFO TaskSchedulerImpl: Removed TaskSet 115.0, whose tasks have all completed, from pool
[2026-01-29T16:42:04.274+0530] {subprocess.py:106} INFO - 26/01/29 16:42:04 INFO DAGScheduler: ShuffleMapStage 115 (count at <unknown>:0) finished in 0.265 s
[2026-01-29T16:42:04.275+0530] {subprocess.py:106} INFO - 26/01/29 16:42:04 INFO DAGScheduler: looking for newly runnable stages
[2026-01-29T16:42:04.275+0530] {subprocess.py:106} INFO - 26/01/29 16:42:04 INFO DAGScheduler: running: Set()
[2026-01-29T16:42:04.275+0530] {subprocess.py:106} INFO - 26/01/29 16:42:04 INFO DAGScheduler: waiting: Set()
[2026-01-29T16:42:04.275+0530] {subprocess.py:106} INFO - 26/01/29 16:42:04 INFO DAGScheduler: failed: Set()
[2026-01-29T16:42:04.288+0530] {subprocess.py:106} INFO - 26/01/29 16:42:04 INFO CodeGenerator: Code generated in 5.796785 ms
[2026-01-29T16:42:04.295+0530] {subprocess.py:106} INFO - 26/01/29 16:42:04 INFO SparkContext: Starting job: count at <unknown>:0
[2026-01-29T16:42:04.296+0530] {subprocess.py:106} INFO - 26/01/29 16:42:04 INFO DAGScheduler: Got job 82 (count at <unknown>:0) with 1 output partitions
[2026-01-29T16:42:04.296+0530] {subprocess.py:106} INFO - 26/01/29 16:42:04 INFO DAGScheduler: Final stage: ResultStage 118 (count at <unknown>:0)
[2026-01-29T16:42:04.297+0530] {subprocess.py:106} INFO - 26/01/29 16:42:04 INFO DAGScheduler: Parents of final stage: List(ShuffleMapStage 117)
[2026-01-29T16:42:04.297+0530] {subprocess.py:106} INFO - 26/01/29 16:42:04 INFO DAGScheduler: Missing parents: List()
[2026-01-29T16:42:04.297+0530] {subprocess.py:106} INFO - 26/01/29 16:42:04 INFO DAGScheduler: Submitting ResultStage 118 (MapPartitionsRDD[373] at count at <unknown>:0), which has no missing parents
[2026-01-29T16:42:04.298+0530] {subprocess.py:106} INFO - 26/01/29 16:42:04 INFO MemoryStore: Block broadcast_134 stored as values in memory (estimated size 12.5 KiB, free 365.5 MiB)
[2026-01-29T16:42:04.300+0530] {subprocess.py:106} INFO - 26/01/29 16:42:04 INFO MemoryStore: Block broadcast_134_piece0 stored as bytes in memory (estimated size 5.9 KiB, free 365.5 MiB)
[2026-01-29T16:42:04.300+0530] {subprocess.py:106} INFO - 26/01/29 16:42:04 INFO BlockManagerInfo: Added broadcast_134_piece0 in memory on Aishwarya92848DBDA:35477 (size: 5.9 KiB, free: 366.2 MiB)
[2026-01-29T16:42:04.300+0530] {subprocess.py:106} INFO - 26/01/29 16:42:04 INFO SparkContext: Created broadcast 134 from broadcast at DAGScheduler.scala:1585
[2026-01-29T16:42:04.301+0530] {subprocess.py:106} INFO - 26/01/29 16:42:04 INFO DAGScheduler: Submitting 1 missing tasks from ResultStage 118 (MapPartitionsRDD[373] at count at <unknown>:0) (first 15 tasks are for partitions Vector(0))
[2026-01-29T16:42:04.301+0530] {subprocess.py:106} INFO - 26/01/29 16:42:04 INFO TaskSchedulerImpl: Adding task set 118.0 with 1 tasks resource profile 0
[2026-01-29T16:42:04.302+0530] {subprocess.py:106} INFO - 26/01/29 16:42:04 INFO TaskSetManager: Starting task 0.0 in stage 118.0 (TID 137) (Aishwarya92848DBDA, executor driver, partition 0, NODE_LOCAL, 7615 bytes)
[2026-01-29T16:42:04.303+0530] {subprocess.py:106} INFO - 26/01/29 16:42:04 INFO Executor: Running task 0.0 in stage 118.0 (TID 137)
[2026-01-29T16:42:04.305+0530] {subprocess.py:106} INFO - 26/01/29 16:42:04 INFO ShuffleBlockFetcherIterator: Getting 2 (120.0 B) non-empty blocks including 2 (120.0 B) local and 0 (0.0 B) host-local and 0 (0.0 B) push-merged-local and 0 (0.0 B) remote blocks
[2026-01-29T16:42:04.305+0530] {subprocess.py:106} INFO - 26/01/29 16:42:04 INFO ShuffleBlockFetcherIterator: Started 0 remote fetches in 0 ms
[2026-01-29T16:42:04.310+0530] {subprocess.py:106} INFO - 26/01/29 16:42:04 INFO CodeGenerator: Code generated in 4.977654 ms
[2026-01-29T16:42:04.314+0530] {subprocess.py:106} INFO - 26/01/29 16:42:04 INFO Executor: Finished task 0.0 in stage 118.0 (TID 137). 3988 bytes result sent to driver
[2026-01-29T16:42:04.314+0530] {subprocess.py:106} INFO - 26/01/29 16:42:04 INFO TaskSetManager: Finished task 0.0 in stage 118.0 (TID 137) in 12 ms on Aishwarya92848DBDA (executor driver) (1/1)
[2026-01-29T16:42:04.315+0530] {subprocess.py:106} INFO - 26/01/29 16:42:04 INFO TaskSchedulerImpl: Removed TaskSet 118.0, whose tasks have all completed, from pool
[2026-01-29T16:42:04.315+0530] {subprocess.py:106} INFO - 26/01/29 16:42:04 INFO DAGScheduler: ResultStage 118 (count at <unknown>:0) finished in 0.018 s
[2026-01-29T16:42:04.315+0530] {subprocess.py:106} INFO - 26/01/29 16:42:04 INFO DAGScheduler: Job 82 is finished. Cancelling potential speculative or zombie tasks for this job
[2026-01-29T16:42:04.315+0530] {subprocess.py:106} INFO - 26/01/29 16:42:04 INFO TaskSchedulerImpl: Killing all running tasks in stage 118: Stage finished
[2026-01-29T16:42:04.315+0530] {subprocess.py:106} INFO - 26/01/29 16:42:04 INFO DAGScheduler: Job 82 finished: count at <unknown>:0, took 0.020029 s
[2026-01-29T16:42:04.316+0530] {subprocess.py:106} INFO - Non-monotonic timestamp rows: 0
[2026-01-29T16:42:04.316+0530] {subprocess.py:106} INFO - {'null_critical': 0, 'invalid_temp': 0, 'non_monotonic_time': 0}
[2026-01-29T16:42:04.385+0530] {subprocess.py:106} INFO - 26/01/29 16:42:04 INFO FileSourceStrategy: Pushed Filters:
[2026-01-29T16:42:04.386+0530] {subprocess.py:106} INFO - 26/01/29 16:42:04 INFO FileSourceStrategy: Post-Scan Filters:
[2026-01-29T16:42:04.425+0530] {subprocess.py:106} INFO - 26/01/29 16:42:04 INFO CodeGenerator: Code generated in 16.639493 ms
[2026-01-29T16:42:04.426+0530] {subprocess.py:106} INFO - 26/01/29 16:42:04 INFO MemoryStore: Block broadcast_135 stored as values in memory (estimated size 350.2 KiB, free 365.1 MiB)
[2026-01-29T16:42:04.432+0530] {subprocess.py:106} INFO - 26/01/29 16:42:04 INFO MemoryStore: Block broadcast_135_piece0 stored as bytes in memory (estimated size 34.3 KiB, free 365.1 MiB)
[2026-01-29T16:42:04.433+0530] {subprocess.py:106} INFO - 26/01/29 16:42:04 INFO BlockManagerInfo: Added broadcast_135_piece0 in memory on Aishwarya92848DBDA:35477 (size: 34.3 KiB, free: 366.2 MiB)
[2026-01-29T16:42:04.433+0530] {subprocess.py:106} INFO - 26/01/29 16:42:04 INFO SparkContext: Created broadcast 135 from parquet at NativeMethodAccessorImpl.java:0
[2026-01-29T16:42:04.434+0530] {subprocess.py:106} INFO - 26/01/29 16:42:04 INFO FileSourceScanExec: Planning scan with bin packing, max size: 4194304 bytes, open cost is considered as scanning 4194304 bytes.
[2026-01-29T16:42:04.450+0530] {subprocess.py:106} INFO - 26/01/29 16:42:04 INFO DAGScheduler: Registering RDD 377 (parquet at NativeMethodAccessorImpl.java:0) as input to shuffle 31
[2026-01-29T16:42:04.451+0530] {subprocess.py:106} INFO - 26/01/29 16:42:04 INFO DAGScheduler: Got map stage job 83 (parquet at NativeMethodAccessorImpl.java:0) with 2 output partitions
[2026-01-29T16:42:04.451+0530] {subprocess.py:106} INFO - 26/01/29 16:42:04 INFO DAGScheduler: Final stage: ShuffleMapStage 119 (parquet at NativeMethodAccessorImpl.java:0)
[2026-01-29T16:42:04.451+0530] {subprocess.py:106} INFO - 26/01/29 16:42:04 INFO DAGScheduler: Parents of final stage: List()
[2026-01-29T16:42:04.451+0530] {subprocess.py:106} INFO - 26/01/29 16:42:04 INFO DAGScheduler: Missing parents: List()
[2026-01-29T16:42:04.451+0530] {subprocess.py:106} INFO - 26/01/29 16:42:04 INFO DAGScheduler: Submitting ShuffleMapStage 119 (MapPartitionsRDD[377] at parquet at NativeMethodAccessorImpl.java:0), which has no missing parents
[2026-01-29T16:42:04.454+0530] {subprocess.py:106} INFO - 26/01/29 16:42:04 INFO MemoryStore: Block broadcast_136 stored as values in memory (estimated size 59.8 KiB, free 365.0 MiB)
[2026-01-29T16:42:04.456+0530] {subprocess.py:106} INFO - 26/01/29 16:42:04 INFO MemoryStore: Block broadcast_136_piece0 stored as bytes in memory (estimated size 23.6 KiB, free 365.0 MiB)
[2026-01-29T16:42:04.456+0530] {subprocess.py:106} INFO - 26/01/29 16:42:04 INFO BlockManagerInfo: Added broadcast_136_piece0 in memory on Aishwarya92848DBDA:35477 (size: 23.6 KiB, free: 366.1 MiB)
[2026-01-29T16:42:04.456+0530] {subprocess.py:106} INFO - 26/01/29 16:42:04 INFO SparkContext: Created broadcast 136 from broadcast at DAGScheduler.scala:1585
[2026-01-29T16:42:04.456+0530] {subprocess.py:106} INFO - 26/01/29 16:42:04 INFO DAGScheduler: Submitting 2 missing tasks from ShuffleMapStage 119 (MapPartitionsRDD[377] at parquet at NativeMethodAccessorImpl.java:0) (first 15 tasks are for partitions Vector(0, 1))
[2026-01-29T16:42:04.457+0530] {subprocess.py:106} INFO - 26/01/29 16:42:04 INFO TaskSchedulerImpl: Adding task set 119.0 with 2 tasks resource profile 0
[2026-01-29T16:42:04.457+0530] {subprocess.py:106} INFO - 26/01/29 16:42:04 INFO TaskSetManager: Starting task 0.0 in stage 119.0 (TID 138) (Aishwarya92848DBDA, executor driver, partition 0, NODE_LOCAL, 8230 bytes)
[2026-01-29T16:42:04.458+0530] {subprocess.py:106} INFO - 26/01/29 16:42:04 INFO TaskSetManager: Starting task 1.0 in stage 119.0 (TID 139) (Aishwarya92848DBDA, executor driver, partition 1, NODE_LOCAL, 8230 bytes)
[2026-01-29T16:42:04.458+0530] {subprocess.py:106} INFO - 26/01/29 16:42:04 INFO Executor: Running task 0.0 in stage 119.0 (TID 138)
[2026-01-29T16:42:04.458+0530] {subprocess.py:106} INFO - 26/01/29 16:42:04 INFO Executor: Running task 1.0 in stage 119.0 (TID 139)
[2026-01-29T16:42:04.487+0530] {subprocess.py:106} INFO - 26/01/29 16:42:04 INFO CodeGenerator: Code generated in 15.425188 ms
[2026-01-29T16:42:04.490+0530] {subprocess.py:106} INFO - 26/01/29 16:42:04 INFO FileScanRDD: Reading File path: hdfs://localhost:9000/weather/data/raw_data/weather_dataset.csv, range: 0-4194304, partition values: [empty row]
[2026-01-29T16:42:04.490+0530] {subprocess.py:106} INFO - 26/01/29 16:42:04 INFO FileScanRDD: Reading File path: hdfs://localhost:9000/weather/data/raw_data/weather_dataset.csv, range: 4194304-6329103, partition values: [empty row]
[2026-01-29T16:42:04.496+0530] {subprocess.py:106} INFO - 26/01/29 16:42:04 INFO CodeGenerator: Code generated in 4.66716 ms
[2026-01-29T16:42:04.508+0530] {subprocess.py:106} INFO - 26/01/29 16:42:04 INFO CodeGenerator: Code generated in 3.068042 ms
[2026-01-29T16:42:04.753+0530] {subprocess.py:106} INFO - 26/01/29 16:42:04 INFO BlockManagerInfo: Removed broadcast_131_piece0 on Aishwarya92848DBDA:35477 in memory (size: 34.3 KiB, free: 366.2 MiB)
[2026-01-29T16:42:04.754+0530] {subprocess.py:106} INFO - 26/01/29 16:42:04 INFO BlockManagerInfo: Removed broadcast_134_piece0 on Aishwarya92848DBDA:35477 in memory (size: 5.9 KiB, free: 366.2 MiB)
[2026-01-29T16:42:04.755+0530] {subprocess.py:106} INFO - 26/01/29 16:42:04 INFO BlockManagerInfo: Removed broadcast_133_piece0 on Aishwarya92848DBDA:35477 in memory (size: 23.6 KiB, free: 366.2 MiB)
[2026-01-29T16:42:04.821+0530] {subprocess.py:106} INFO - 26/01/29 16:42:04 INFO Executor: Finished task 1.0 in stage 119.0 (TID 139). 2038 bytes result sent to driver
[2026-01-29T16:42:04.821+0530] {subprocess.py:106} INFO - 26/01/29 16:42:04 INFO TaskSetManager: Finished task 1.0 in stage 119.0 (TID 139) in 364 ms on Aishwarya92848DBDA (executor driver) (1/2)
[2026-01-29T16:42:04.942+0530] {subprocess.py:106} INFO - 26/01/29 16:42:04 INFO Executor: Finished task 0.0 in stage 119.0 (TID 138). 2038 bytes result sent to driver
[2026-01-29T16:42:04.943+0530] {subprocess.py:106} INFO - 26/01/29 16:42:04 INFO TaskSetManager: Finished task 0.0 in stage 119.0 (TID 138) in 486 ms on Aishwarya92848DBDA (executor driver) (2/2)
[2026-01-29T16:42:04.943+0530] {subprocess.py:106} INFO - 26/01/29 16:42:04 INFO TaskSchedulerImpl: Removed TaskSet 119.0, whose tasks have all completed, from pool
[2026-01-29T16:42:04.943+0530] {subprocess.py:106} INFO - 26/01/29 16:42:04 INFO DAGScheduler: ShuffleMapStage 119 (parquet at NativeMethodAccessorImpl.java:0) finished in 0.492 s
[2026-01-29T16:42:04.944+0530] {subprocess.py:106} INFO - 26/01/29 16:42:04 INFO DAGScheduler: looking for newly runnable stages
[2026-01-29T16:42:04.944+0530] {subprocess.py:106} INFO - 26/01/29 16:42:04 INFO DAGScheduler: running: Set()
[2026-01-29T16:42:04.944+0530] {subprocess.py:106} INFO - 26/01/29 16:42:04 INFO DAGScheduler: waiting: Set()
[2026-01-29T16:42:04.944+0530] {subprocess.py:106} INFO - 26/01/29 16:42:04 INFO DAGScheduler: failed: Set()
[2026-01-29T16:42:04.950+0530] {subprocess.py:106} INFO - 26/01/29 16:42:04 INFO ShufflePartitionsUtil: For shuffle(31), advisory target size: 67108864, actual target size 1048576, minimum partition size: 1048576
[2026-01-29T16:42:04.994+0530] {subprocess.py:106} INFO - 26/01/29 16:42:04 INFO ParquetUtils: Using default output committer for Parquet: org.apache.parquet.hadoop.ParquetOutputCommitter
[2026-01-29T16:42:05.012+0530] {subprocess.py:106} INFO - 26/01/29 16:42:05 INFO FileOutputCommitter: File Output Committer Algorithm version is 1
[2026-01-29T16:42:05.012+0530] {subprocess.py:106} INFO - 26/01/29 16:42:05 INFO FileOutputCommitter: FileOutputCommitter skip cleanup _temporary folders under output directory:false, ignore cleanup failures: false
[2026-01-29T16:42:05.013+0530] {subprocess.py:106} INFO - 26/01/29 16:42:05 INFO SQLHadoopMapReduceCommitProtocol: Using user defined output committer class org.apache.parquet.hadoop.ParquetOutputCommitter
[2026-01-29T16:42:05.013+0530] {subprocess.py:106} INFO - 26/01/29 16:42:05 INFO FileOutputCommitter: File Output Committer Algorithm version is 1
[2026-01-29T16:42:05.013+0530] {subprocess.py:106} INFO - 26/01/29 16:42:05 INFO FileOutputCommitter: FileOutputCommitter skip cleanup _temporary folders under output directory:false, ignore cleanup failures: false
[2026-01-29T16:42:05.014+0530] {subprocess.py:106} INFO - 26/01/29 16:42:05 INFO SQLHadoopMapReduceCommitProtocol: Using output committer class org.apache.parquet.hadoop.ParquetOutputCommitter
[2026-01-29T16:42:05.054+0530] {subprocess.py:106} INFO - 26/01/29 16:42:05 INFO CodeGenerator: Code generated in 14.923866 ms
[2026-01-29T16:42:05.078+0530] {subprocess.py:106} INFO - 26/01/29 16:42:05 INFO SparkContext: Starting job: parquet at NativeMethodAccessorImpl.java:0
[2026-01-29T16:42:05.078+0530] {subprocess.py:106} INFO - 26/01/29 16:42:05 INFO DAGScheduler: Got job 84 (parquet at NativeMethodAccessorImpl.java:0) with 4 output partitions
[2026-01-29T16:42:05.079+0530] {subprocess.py:106} INFO - 26/01/29 16:42:05 INFO DAGScheduler: Final stage: ResultStage 121 (parquet at NativeMethodAccessorImpl.java:0)
[2026-01-29T16:42:05.079+0530] {subprocess.py:106} INFO - 26/01/29 16:42:05 INFO DAGScheduler: Parents of final stage: List(ShuffleMapStage 120)
[2026-01-29T16:42:05.079+0530] {subprocess.py:106} INFO - 26/01/29 16:42:05 INFO DAGScheduler: Missing parents: List()
[2026-01-29T16:42:05.080+0530] {subprocess.py:106} INFO - 26/01/29 16:42:05 INFO DAGScheduler: Submitting ResultStage 121 (MapPartitionsRDD[382] at parquet at NativeMethodAccessorImpl.java:0), which has no missing parents
[2026-01-29T16:42:05.098+0530] {subprocess.py:106} INFO - 26/01/29 16:42:05 INFO MemoryStore: Block broadcast_137 stored as values in memory (estimated size 309.2 KiB, free 365.2 MiB)
[2026-01-29T16:42:05.100+0530] {subprocess.py:106} INFO - 26/01/29 16:42:05 INFO MemoryStore: Block broadcast_137_piece0 stored as bytes in memory (estimated size 110.6 KiB, free 365.1 MiB)
[2026-01-29T16:42:05.100+0530] {subprocess.py:106} INFO - 26/01/29 16:42:05 INFO BlockManagerInfo: Added broadcast_137_piece0 in memory on Aishwarya92848DBDA:35477 (size: 110.6 KiB, free: 366.1 MiB)
[2026-01-29T16:42:05.100+0530] {subprocess.py:106} INFO - 26/01/29 16:42:05 INFO SparkContext: Created broadcast 137 from broadcast at DAGScheduler.scala:1585
[2026-01-29T16:42:05.100+0530] {subprocess.py:106} INFO - 26/01/29 16:42:05 INFO DAGScheduler: Submitting 4 missing tasks from ResultStage 121 (MapPartitionsRDD[382] at parquet at NativeMethodAccessorImpl.java:0) (first 15 tasks are for partitions Vector(0, 1, 2, 3))
[2026-01-29T16:42:05.101+0530] {subprocess.py:106} INFO - 26/01/29 16:42:05 INFO TaskSchedulerImpl: Adding task set 121.0 with 4 tasks resource profile 0
[2026-01-29T16:42:05.101+0530] {subprocess.py:106} INFO - 26/01/29 16:42:05 INFO TaskSetManager: Starting task 0.0 in stage 121.0 (TID 140) (Aishwarya92848DBDA, executor driver, partition 0, NODE_LOCAL, 7615 bytes)
[2026-01-29T16:42:05.102+0530] {subprocess.py:106} INFO - 26/01/29 16:42:05 INFO TaskSetManager: Starting task 1.0 in stage 121.0 (TID 141) (Aishwarya92848DBDA, executor driver, partition 1, NODE_LOCAL, 7615 bytes)
[2026-01-29T16:42:05.102+0530] {subprocess.py:106} INFO - 26/01/29 16:42:05 INFO TaskSetManager: Starting task 2.0 in stage 121.0 (TID 142) (Aishwarya92848DBDA, executor driver, partition 2, NODE_LOCAL, 7615 bytes)
[2026-01-29T16:42:05.102+0530] {subprocess.py:106} INFO - 26/01/29 16:42:05 INFO TaskSetManager: Starting task 3.0 in stage 121.0 (TID 143) (Aishwarya92848DBDA, executor driver, partition 3, NODE_LOCAL, 7615 bytes)
[2026-01-29T16:42:05.102+0530] {subprocess.py:106} INFO - 26/01/29 16:42:05 INFO Executor: Running task 0.0 in stage 121.0 (TID 140)
[2026-01-29T16:42:05.102+0530] {subprocess.py:106} INFO - 26/01/29 16:42:05 INFO Executor: Running task 1.0 in stage 121.0 (TID 141)
[2026-01-29T16:42:05.104+0530] {subprocess.py:106} INFO - 26/01/29 16:42:05 INFO Executor: Running task 2.0 in stage 121.0 (TID 142)
[2026-01-29T16:42:05.104+0530] {subprocess.py:106} INFO - 26/01/29 16:42:05 INFO Executor: Running task 3.0 in stage 121.0 (TID 143)
[2026-01-29T16:42:05.163+0530] {subprocess.py:106} INFO - 26/01/29 16:42:05 INFO ShuffleBlockFetcherIterator: Getting 2 (1196.1 KiB) non-empty blocks including 2 (1196.1 KiB) local and 0 (0.0 B) host-local and 0 (0.0 B) push-merged-local and 0 (0.0 B) remote blocks
[2026-01-29T16:42:05.163+0530] {subprocess.py:106} INFO - 26/01/29 16:42:05 INFO ShuffleBlockFetcherIterator: Getting 2 (1215.9 KiB) non-empty blocks including 2 (1215.9 KiB) local and 0 (0.0 B) host-local and 0 (0.0 B) push-merged-local and 0 (0.0 B) remote blocks
[2026-01-29T16:42:05.164+0530] {subprocess.py:106} INFO - 26/01/29 16:42:05 INFO ShuffleBlockFetcherIterator: Getting 2 (1805.2 KiB) non-empty blocks including 2 (1805.2 KiB) local and 0 (0.0 B) host-local and 0 (0.0 B) push-merged-local and 0 (0.0 B) remote blocks
[2026-01-29T16:42:05.164+0530] {subprocess.py:106} INFO - 26/01/29 16:42:05 INFO ShuffleBlockFetcherIterator: Getting 2 (1763.0 KiB) non-empty blocks including 2 (1763.0 KiB) local and 0 (0.0 B) host-local and 0 (0.0 B) push-merged-local and 0 (0.0 B) remote blocks
[2026-01-29T16:42:05.164+0530] {subprocess.py:106} INFO - 26/01/29 16:42:05 INFO ShuffleBlockFetcherIterator: Started 0 remote fetches in 0 ms
[2026-01-29T16:42:05.165+0530] {subprocess.py:106} INFO - 26/01/29 16:42:05 INFO ShuffleBlockFetcherIterator: Started 0 remote fetches in 0 ms
[2026-01-29T16:42:05.165+0530] {subprocess.py:106} INFO - 26/01/29 16:42:05 INFO ShuffleBlockFetcherIterator: Started 0 remote fetches in 0 ms
[2026-01-29T16:42:05.165+0530] {subprocess.py:106} INFO - 26/01/29 16:42:05 INFO ShuffleBlockFetcherIterator: Started 0 remote fetches in 0 ms
[2026-01-29T16:42:05.180+0530] {subprocess.py:106} INFO - 26/01/29 16:42:05 INFO BlockManagerInfo: Removed broadcast_136_piece0 on Aishwarya92848DBDA:35477 in memory (size: 23.6 KiB, free: 366.1 MiB)
[2026-01-29T16:42:05.184+0530] {subprocess.py:106} INFO - 26/01/29 16:42:05 INFO CodeGenerator: Code generated in 7.020899 ms
[2026-01-29T16:42:05.216+0530] {subprocess.py:106} INFO - 26/01/29 16:42:05 INFO CodeGenerator: Code generated in 15.505611 ms
[2026-01-29T16:42:05.221+0530] {subprocess.py:106} INFO - 26/01/29 16:42:05 INFO FileOutputCommitter: File Output Committer Algorithm version is 1
[2026-01-29T16:42:05.222+0530] {subprocess.py:106} INFO - 26/01/29 16:42:05 INFO FileOutputCommitter: File Output Committer Algorithm version is 1
[2026-01-29T16:42:05.222+0530] {subprocess.py:106} INFO - 26/01/29 16:42:05 INFO FileOutputCommitter: File Output Committer Algorithm version is 1
[2026-01-29T16:42:05.222+0530] {subprocess.py:106} INFO - 26/01/29 16:42:05 INFO FileOutputCommitter: FileOutputCommitter skip cleanup _temporary folders under output directory:false, ignore cleanup failures: false
[2026-01-29T16:42:05.222+0530] {subprocess.py:106} INFO - 26/01/29 16:42:05 INFO FileOutputCommitter: FileOutputCommitter skip cleanup _temporary folders under output directory:false, ignore cleanup failures: false
[2026-01-29T16:42:05.222+0530] {subprocess.py:106} INFO - 26/01/29 16:42:05 INFO FileOutputCommitter: FileOutputCommitter skip cleanup _temporary folders under output directory:false, ignore cleanup failures: false
[2026-01-29T16:42:05.222+0530] {subprocess.py:106} INFO - 26/01/29 16:42:05 INFO FileOutputCommitter: File Output Committer Algorithm version is 1
[2026-01-29T16:42:05.223+0530] {subprocess.py:106} INFO - 26/01/29 16:42:05 INFO FileOutputCommitter: FileOutputCommitter skip cleanup _temporary folders under output directory:false, ignore cleanup failures: false
[2026-01-29T16:42:05.223+0530] {subprocess.py:106} INFO - 26/01/29 16:42:05 INFO SQLHadoopMapReduceCommitProtocol: Using user defined output committer class org.apache.parquet.hadoop.ParquetOutputCommitter
[2026-01-29T16:42:05.223+0530] {subprocess.py:106} INFO - 26/01/29 16:42:05 INFO SQLHadoopMapReduceCommitProtocol: Using user defined output committer class org.apache.parquet.hadoop.ParquetOutputCommitter
[2026-01-29T16:42:05.223+0530] {subprocess.py:106} INFO - 26/01/29 16:42:05 INFO SQLHadoopMapReduceCommitProtocol: Using user defined output committer class org.apache.parquet.hadoop.ParquetOutputCommitter
[2026-01-29T16:42:05.223+0530] {subprocess.py:106} INFO - 26/01/29 16:42:05 INFO SQLHadoopMapReduceCommitProtocol: Using user defined output committer class org.apache.parquet.hadoop.ParquetOutputCommitter
[2026-01-29T16:42:05.223+0530] {subprocess.py:106} INFO - 26/01/29 16:42:05 INFO FileOutputCommitter: File Output Committer Algorithm version is 1
[2026-01-29T16:42:05.224+0530] {subprocess.py:106} INFO - 26/01/29 16:42:05 INFO FileOutputCommitter: FileOutputCommitter skip cleanup _temporary folders under output directory:false, ignore cleanup failures: false
[2026-01-29T16:42:05.224+0530] {subprocess.py:106} INFO - 26/01/29 16:42:05 INFO FileOutputCommitter: File Output Committer Algorithm version is 1
[2026-01-29T16:42:05.224+0530] {subprocess.py:106} INFO - 26/01/29 16:42:05 INFO FileOutputCommitter: File Output Committer Algorithm version is 1
[2026-01-29T16:42:05.224+0530] {subprocess.py:106} INFO - 26/01/29 16:42:05 INFO FileOutputCommitter: FileOutputCommitter skip cleanup _temporary folders under output directory:false, ignore cleanup failures: false
[2026-01-29T16:42:05.224+0530] {subprocess.py:106} INFO - 26/01/29 16:42:05 INFO FileOutputCommitter: FileOutputCommitter skip cleanup _temporary folders under output directory:false, ignore cleanup failures: false
[2026-01-29T16:42:05.224+0530] {subprocess.py:106} INFO - 26/01/29 16:42:05 INFO FileOutputCommitter: File Output Committer Algorithm version is 1
[2026-01-29T16:42:05.225+0530] {subprocess.py:106} INFO - 26/01/29 16:42:05 INFO FileOutputCommitter: FileOutputCommitter skip cleanup _temporary folders under output directory:false, ignore cleanup failures: false
[2026-01-29T16:42:05.225+0530] {subprocess.py:106} INFO - 26/01/29 16:42:05 INFO SQLHadoopMapReduceCommitProtocol: Using output committer class org.apache.parquet.hadoop.ParquetOutputCommitter
[2026-01-29T16:42:05.225+0530] {subprocess.py:106} INFO - 26/01/29 16:42:05 INFO SQLHadoopMapReduceCommitProtocol: Using output committer class org.apache.parquet.hadoop.ParquetOutputCommitter
[2026-01-29T16:42:05.225+0530] {subprocess.py:106} INFO - 26/01/29 16:42:05 INFO SQLHadoopMapReduceCommitProtocol: Using output committer class org.apache.parquet.hadoop.ParquetOutputCommitter
[2026-01-29T16:42:05.225+0530] {subprocess.py:106} INFO - 26/01/29 16:42:05 INFO SQLHadoopMapReduceCommitProtocol: Using output committer class org.apache.parquet.hadoop.ParquetOutputCommitter
[2026-01-29T16:42:05.225+0530] {subprocess.py:106} INFO - 26/01/29 16:42:05 INFO ExternalAppendOnlyUnsafeRowArray: Reached spill threshold of 4096 rows, switching to org.apache.spark.util.collection.unsafe.sort.UnsafeExternalSorter
[2026-01-29T16:42:05.225+0530] {subprocess.py:106} INFO - 26/01/29 16:42:05 INFO ExternalAppendOnlyUnsafeRowArray: Reached spill threshold of 4096 rows, switching to org.apache.spark.util.collection.unsafe.sort.UnsafeExternalSorter
[2026-01-29T16:42:05.226+0530] {subprocess.py:106} INFO - 26/01/29 16:42:05 INFO ExternalAppendOnlyUnsafeRowArray: Reached spill threshold of 4096 rows, switching to org.apache.spark.util.collection.unsafe.sort.UnsafeExternalSorter
[2026-01-29T16:42:05.233+0530] {subprocess.py:106} INFO - 26/01/29 16:42:05 INFO CodeGenerator: Code generated in 4.928142 ms
[2026-01-29T16:42:05.237+0530] {subprocess.py:106} INFO - 26/01/29 16:42:05 INFO CodecConfig: Compression: SNAPPY
[2026-01-29T16:42:05.237+0530] {subprocess.py:106} INFO - 26/01/29 16:42:05 INFO CodecConfig: Compression: SNAPPY
[2026-01-29T16:42:05.237+0530] {subprocess.py:106} INFO - 26/01/29 16:42:05 INFO CodecConfig: Compression: SNAPPY
[2026-01-29T16:42:05.237+0530] {subprocess.py:106} INFO - 26/01/29 16:42:05 INFO CodecConfig: Compression: SNAPPY
[2026-01-29T16:42:05.240+0530] {subprocess.py:106} INFO - 26/01/29 16:42:05 INFO CodecConfig: Compression: SNAPPY
[2026-01-29T16:42:05.240+0530] {subprocess.py:106} INFO - 26/01/29 16:42:05 INFO CodecConfig: Compression: SNAPPY
[2026-01-29T16:42:05.240+0530] {subprocess.py:106} INFO - 26/01/29 16:42:05 INFO CodecConfig: Compression: SNAPPY
[2026-01-29T16:42:05.240+0530] {subprocess.py:106} INFO - 26/01/29 16:42:05 INFO CodecConfig: Compression: SNAPPY
[2026-01-29T16:42:05.262+0530] {subprocess.py:106} INFO - 26/01/29 16:42:05 INFO ParquetOutputFormat: ParquetRecordWriter [block size: 134217728b, row group padding size: 8388608b, validating: false]
[2026-01-29T16:42:05.263+0530] {subprocess.py:106} INFO - 26/01/29 16:42:05 INFO ParquetOutputFormat: ParquetRecordWriter [block size: 134217728b, row group padding size: 8388608b, validating: false]
[2026-01-29T16:42:05.263+0530] {subprocess.py:106} INFO - 26/01/29 16:42:05 INFO ParquetOutputFormat: ParquetRecordWriter [block size: 134217728b, row group padding size: 8388608b, validating: false]
[2026-01-29T16:42:05.263+0530] {subprocess.py:106} INFO - 26/01/29 16:42:05 INFO ParquetOutputFormat: ParquetRecordWriter [block size: 134217728b, row group padding size: 8388608b, validating: false]
[2026-01-29T16:42:05.315+0530] {subprocess.py:106} INFO - 26/01/29 16:42:05 INFO ParquetWriteSupport: Initialized Parquet WriteSupport with Catalyst schema:
[2026-01-29T16:42:05.315+0530] {subprocess.py:106} INFO - {
[2026-01-29T16:42:05.315+0530] {subprocess.py:106} INFO -   "type" : "struct",
[2026-01-29T16:42:05.315+0530] {subprocess.py:106} INFO -   "fields" : [ {
[2026-01-29T16:42:05.316+0530] {subprocess.py:106} INFO -     "name" : "city",
[2026-01-29T16:42:05.316+0530] {subprocess.py:106} INFO -     "type" : "string",
[2026-01-29T16:42:05.316+0530] {subprocess.py:106} INFO -     "nullable" : true,
[2026-01-29T16:42:05.316+0530] {subprocess.py:106} INFO -     "metadata" : { }
[2026-01-29T16:42:05.316+0530] {subprocess.py:106} INFO -   }, {
[2026-01-29T16:42:05.316+0530] {subprocess.py:106} INFO -     "name" : "date",
[2026-01-29T16:42:05.316+0530] {subprocess.py:106} INFO -     "type" : "date",
[2026-01-29T16:42:05.316+0530] {subprocess.py:106} INFO -     "nullable" : true,
[2026-01-29T16:42:05.316+0530] {subprocess.py:106} INFO -     "metadata" : { }
[2026-01-29T16:42:05.317+0530] {subprocess.py:106} INFO -   }, {
[2026-01-29T16:42:05.317+0530] {subprocess.py:106} INFO -     "name" : "temperature_2m_max",
[2026-01-29T16:42:05.317+0530] {subprocess.py:106} INFO -     "type" : "double",
[2026-01-29T16:42:05.317+0530] {subprocess.py:106} INFO -     "nullable" : true,
[2026-01-29T16:42:05.317+0530] {subprocess.py:106} INFO -     "metadata" : { }
[2026-01-29T16:42:05.317+0530] {subprocess.py:106} INFO -   }, {
[2026-01-29T16:42:05.317+0530] {subprocess.py:106} INFO -     "name" : "temperature_2m_min",
[2026-01-29T16:42:05.317+0530] {subprocess.py:106} INFO -     "type" : "double",
[2026-01-29T16:42:05.317+0530] {subprocess.py:106} INFO -     "nullable" : true,
[2026-01-29T16:42:05.317+0530] {subprocess.py:106} INFO -     "metadata" : { }
[2026-01-29T16:42:05.318+0530] {subprocess.py:106} INFO -   }, {
[2026-01-29T16:42:05.318+0530] {subprocess.py:106} INFO -     "name" : "apparent_temperature_max",
[2026-01-29T16:42:05.318+0530] {subprocess.py:106} INFO -     "type" : "double",
[2026-01-29T16:42:05.318+0530] {subprocess.py:106} INFO -     "nullable" : true,
[2026-01-29T16:42:05.318+0530] {subprocess.py:106} INFO -     "metadata" : { }
[2026-01-29T16:42:05.318+0530] {subprocess.py:106} INFO -   }, {
[2026-01-29T16:42:05.318+0530] {subprocess.py:106} INFO -     "name" : "apparent_temperature_min",
[2026-01-29T16:42:05.318+0530] {subprocess.py:106} INFO -     "type" : "double",
[2026-01-29T16:42:05.318+0530] {subprocess.py:106} INFO -     "nullable" : true,
[2026-01-29T16:42:05.318+0530] {subprocess.py:106} INFO -     "metadata" : { }
[2026-01-29T16:42:05.318+0530] {subprocess.py:106} INFO -   }, {
[2026-01-29T16:42:05.319+0530] {subprocess.py:106} INFO -     "name" : "precipitation_sum",
[2026-01-29T16:42:05.319+0530] {subprocess.py:106} INFO -     "type" : "double",
[2026-01-29T16:42:05.319+0530] {subprocess.py:106} INFO -     "nullable" : true,
[2026-01-29T16:42:05.319+0530] {subprocess.py:106} INFO -     "metadata" : { }
[2026-01-29T16:42:05.319+0530] {subprocess.py:106} INFO -   }, {
[2026-01-29T16:42:05.319+0530] {subprocess.py:106} INFO -     "name" : "rain_sum",
[2026-01-29T16:42:05.319+0530] {subprocess.py:106} INFO -     "type" : "double",
[2026-01-29T16:42:05.319+0530] {subprocess.py:106} INFO -     "nullable" : true,
[2026-01-29T16:42:05.319+0530] {subprocess.py:106} INFO -     "metadata" : { }
[2026-01-29T16:42:05.319+0530] {subprocess.py:106} INFO -   }, {
[2026-01-29T16:42:05.319+0530] {subprocess.py:106} INFO -     "name" : "weather_code",
[2026-01-29T16:42:05.319+0530] {subprocess.py:106} INFO -     "type" : "integer",
[2026-01-29T16:42:05.320+0530] {subprocess.py:106} INFO -     "nullable" : true,
[2026-01-29T16:42:05.320+0530] {subprocess.py:106} INFO -     "metadata" : { }
[2026-01-29T16:42:05.320+0530] {subprocess.py:106} INFO -   }, {
[2026-01-29T16:42:05.320+0530] {subprocess.py:106} INFO -     "name" : "wind_speed_10m_max",
[2026-01-29T16:42:05.320+0530] {subprocess.py:106} INFO -     "type" : "double",
[2026-01-29T16:42:05.320+0530] {subprocess.py:106} INFO -     "nullable" : true,
[2026-01-29T16:42:05.320+0530] {subprocess.py:106} INFO -     "metadata" : { }
[2026-01-29T16:42:05.320+0530] {subprocess.py:106} INFO -   }, {
[2026-01-29T16:42:05.320+0530] {subprocess.py:106} INFO -     "name" : "wind_gusts_10m_max",
[2026-01-29T16:42:05.320+0530] {subprocess.py:106} INFO -     "type" : "double",
[2026-01-29T16:42:05.320+0530] {subprocess.py:106} INFO -     "nullable" : true,
[2026-01-29T16:42:05.321+0530] {subprocess.py:106} INFO -     "metadata" : { }
[2026-01-29T16:42:05.321+0530] {subprocess.py:106} INFO -   }, {
[2026-01-29T16:42:05.321+0530] {subprocess.py:106} INFO -     "name" : "wind_direction_10m_dominant",
[2026-01-29T16:42:05.321+0530] {subprocess.py:106} INFO -     "type" : "integer",
[2026-01-29T16:42:05.321+0530] {subprocess.py:106} INFO -     "nullable" : true,
[2026-01-29T16:42:05.321+0530] {subprocess.py:106} INFO -     "metadata" : { }
[2026-01-29T16:42:05.321+0530] {subprocess.py:106} INFO -   }, {
[2026-01-29T16:42:05.321+0530] {subprocess.py:106} INFO -     "name" : "city_index",
[2026-01-29T16:42:05.321+0530] {subprocess.py:106} INFO -     "type" : "double",
[2026-01-29T16:42:05.321+0530] {subprocess.py:106} INFO -     "nullable" : false,
[2026-01-29T16:42:05.321+0530] {subprocess.py:106} INFO -     "metadata" : {
[2026-01-29T16:42:05.322+0530] {subprocess.py:106} INFO -       "ml_attr" : {
[2026-01-29T16:42:05.322+0530] {subprocess.py:106} INFO -         "type" : "nominal",
[2026-01-29T16:42:05.322+0530] {subprocess.py:106} INFO -         "vals" : [ "Ahmedabad", "Bangalore", "Chennai", "Delhi", "Hyderabad", "Jaipur", "Kolkata", "Lucknow", "Mumbai", "Pune", "city", "__unknown" ],
[2026-01-29T16:42:05.322+0530] {subprocess.py:106} INFO -         "name" : "city_index"
[2026-01-29T16:42:05.322+0530] {subprocess.py:106} INFO -       }
[2026-01-29T16:42:05.322+0530] {subprocess.py:106} INFO -     }
[2026-01-29T16:42:05.322+0530] {subprocess.py:106} INFO -   }, {
[2026-01-29T16:42:05.322+0530] {subprocess.py:106} INFO -     "name" : "city_vector",
[2026-01-29T16:42:05.322+0530] {subprocess.py:106} INFO -     "type" : {
[2026-01-29T16:42:05.322+0530] {subprocess.py:106} INFO -       "type" : "udt",
[2026-01-29T16:42:05.322+0530] {subprocess.py:106} INFO -       "class" : "org.apache.spark.ml.linalg.VectorUDT",
[2026-01-29T16:42:05.323+0530] {subprocess.py:106} INFO -       "pyClass" : "pyspark.ml.linalg.VectorUDT",
[2026-01-29T16:42:05.323+0530] {subprocess.py:106} INFO -       "sqlType" : {
[2026-01-29T16:42:05.323+0530] {subprocess.py:106} INFO -         "type" : "struct",
[2026-01-29T16:42:05.323+0530] {subprocess.py:106} INFO -         "fields" : [ {
[2026-01-29T16:42:05.323+0530] {subprocess.py:106} INFO -           "name" : "type",
[2026-01-29T16:42:05.323+0530] {subprocess.py:106} INFO -           "type" : "byte",
[2026-01-29T16:42:05.323+0530] {subprocess.py:106} INFO -           "nullable" : false,
[2026-01-29T16:42:05.323+0530] {subprocess.py:106} INFO -           "metadata" : { }
[2026-01-29T16:42:05.323+0530] {subprocess.py:106} INFO -         }, {
[2026-01-29T16:42:05.323+0530] {subprocess.py:106} INFO -           "name" : "size",
[2026-01-29T16:42:05.324+0530] {subprocess.py:106} INFO -           "type" : "integer",
[2026-01-29T16:42:05.324+0530] {subprocess.py:106} INFO -           "nullable" : true,
[2026-01-29T16:42:05.324+0530] {subprocess.py:106} INFO -           "metadata" : { }
[2026-01-29T16:42:05.324+0530] {subprocess.py:106} INFO -         }, {
[2026-01-29T16:42:05.324+0530] {subprocess.py:106} INFO -           "name" : "indices",
[2026-01-29T16:42:05.324+0530] {subprocess.py:106} INFO -           "type" : {
[2026-01-29T16:42:05.324+0530] {subprocess.py:106} INFO -             "type" : "array",
[2026-01-29T16:42:05.324+0530] {subprocess.py:106} INFO -             "elementType" : "integer",
[2026-01-29T16:42:05.324+0530] {subprocess.py:106} INFO -             "containsNull" : false
[2026-01-29T16:42:05.324+0530] {subprocess.py:106} INFO -           },
[2026-01-29T16:42:05.325+0530] {subprocess.py:106} INFO -           "nullable" : true,
[2026-01-29T16:42:05.325+0530] {subprocess.py:106} INFO -           "metadata" : { }
[2026-01-29T16:42:05.325+0530] {subprocess.py:106} INFO -         }, {
[2026-01-29T16:42:05.325+0530] {subprocess.py:106} INFO -           "name" : "values",
[2026-01-29T16:42:05.325+0530] {subprocess.py:106} INFO -           "type" : {
[2026-01-29T16:42:05.325+0530] {subprocess.py:106} INFO -             "type" : "array",
[2026-01-29T16:42:05.325+0530] {subprocess.py:106} INFO -             "elementType" : "double",
[2026-01-29T16:42:05.325+0530] {subprocess.py:106} INFO -             "containsNull" : false
[2026-01-29T16:42:05.325+0530] {subprocess.py:106} INFO -           },
[2026-01-29T16:42:05.325+0530] {subprocess.py:106} INFO -           "nullable" : true,
[2026-01-29T16:42:05.325+0530] {subprocess.py:106} INFO -           "metadata" : { }
[2026-01-29T16:42:05.326+0530] {subprocess.py:106} INFO -         } ]
[2026-01-29T16:42:05.326+0530] {subprocess.py:106} INFO -       }
[2026-01-29T16:42:05.326+0530] {subprocess.py:106} INFO -     },
[2026-01-29T16:42:05.326+0530] {subprocess.py:106} INFO -     "nullable" : true,
[2026-01-29T16:42:05.326+0530] {subprocess.py:106} INFO -     "metadata" : {
[2026-01-29T16:42:05.326+0530] {subprocess.py:106} INFO -       "ml_attr" : {
[2026-01-29T16:42:05.326+0530] {subprocess.py:106} INFO -         "attrs" : {
[2026-01-29T16:42:05.326+0530] {subprocess.py:106} INFO -           "binary" : [ {
[2026-01-29T16:42:05.326+0530] {subprocess.py:106} INFO -             "idx" : 0,
[2026-01-29T16:42:05.326+0530] {subprocess.py:106} INFO -             "name" : "Ahmedabad"
[2026-01-29T16:42:05.326+0530] {subprocess.py:106} INFO -           }, {
[2026-01-29T16:42:05.327+0530] {subprocess.py:106} INFO -             "idx" : 1,
[2026-01-29T16:42:05.327+0530] {subprocess.py:106} INFO -             "name" : "Bangalore"
[2026-01-29T16:42:05.327+0530] {subprocess.py:106} INFO -           }, {
[2026-01-29T16:42:05.327+0530] {subprocess.py:106} INFO -             "idx" : 2,
[2026-01-29T16:42:05.327+0530] {subprocess.py:106} INFO -             "name" : "Chennai"
[2026-01-29T16:42:05.327+0530] {subprocess.py:106} INFO -           }, {
[2026-01-29T16:42:05.327+0530] {subprocess.py:106} INFO -             "idx" : 3,
[2026-01-29T16:42:05.327+0530] {subprocess.py:106} INFO -             "name" : "Delhi"
[2026-01-29T16:42:05.327+0530] {subprocess.py:106} INFO -           }, {
[2026-01-29T16:42:05.327+0530] {subprocess.py:106} INFO -             "idx" : 4,
[2026-01-29T16:42:05.328+0530] {subprocess.py:106} INFO -             "name" : "Hyderabad"
[2026-01-29T16:42:05.328+0530] {subprocess.py:106} INFO -           }, {
[2026-01-29T16:42:05.328+0530] {subprocess.py:106} INFO -             "idx" : 5,
[2026-01-29T16:42:05.328+0530] {subprocess.py:106} INFO -             "name" : "Jaipur"
[2026-01-29T16:42:05.328+0530] {subprocess.py:106} INFO -           }, {
[2026-01-29T16:42:05.328+0530] {subprocess.py:106} INFO -             "idx" : 6,
[2026-01-29T16:42:05.328+0530] {subprocess.py:106} INFO -             "name" : "Kolkata"
[2026-01-29T16:42:05.328+0530] {subprocess.py:106} INFO -           }, {
[2026-01-29T16:42:05.329+0530] {subprocess.py:106} INFO -             "idx" : 7,
[2026-01-29T16:42:05.329+0530] {subprocess.py:106} INFO -             "name" : "Lucknow"
[2026-01-29T16:42:05.329+0530] {subprocess.py:106} INFO -           }, {
[2026-01-29T16:42:05.329+0530] {subprocess.py:106} INFO -             "idx" : 8,
[2026-01-29T16:42:05.329+0530] {subprocess.py:106} INFO -             "name" : "Mumbai"
[2026-01-29T16:42:05.329+0530] {subprocess.py:106} INFO -           }, {
[2026-01-29T16:42:05.329+0530] {subprocess.py:106} INFO -             "idx" : 9,
[2026-01-29T16:42:05.329+0530] {subprocess.py:106} INFO -             "name" : "Pune"
[2026-01-29T16:42:05.329+0530] {subprocess.py:106} INFO -           }, {
[2026-01-29T16:42:05.329+0530] {subprocess.py:106} INFO -             "idx" : 10,
[2026-01-29T16:42:05.330+0530] {subprocess.py:106} INFO -             "name" : "city"
[2026-01-29T16:42:05.330+0530] {subprocess.py:106} INFO -           } ]
[2026-01-29T16:42:05.330+0530] {subprocess.py:106} INFO -         },
[2026-01-29T16:42:05.330+0530] {subprocess.py:106} INFO -         "num_attrs" : 11
[2026-01-29T16:42:05.330+0530] {subprocess.py:106} INFO -       }
[2026-01-29T16:42:05.330+0530] {subprocess.py:106} INFO -     }
[2026-01-29T16:42:05.330+0530] {subprocess.py:106} INFO -   }, {
[2026-01-29T16:42:05.330+0530] {subprocess.py:106} INFO -     "name" : "rain_sum_log",
[2026-01-29T16:42:05.330+0530] {subprocess.py:106} INFO -     "type" : "double",
[2026-01-29T16:42:05.330+0530] {subprocess.py:106} INFO -     "nullable" : true,
[2026-01-29T16:42:05.330+0530] {subprocess.py:106} INFO -     "metadata" : { }
[2026-01-29T16:42:05.331+0530] {subprocess.py:106} INFO -   }, {
[2026-01-29T16:42:05.331+0530] {subprocess.py:106} INFO -     "name" : "precipitation_sum_log",
[2026-01-29T16:42:05.331+0530] {subprocess.py:106} INFO -     "type" : "double",
[2026-01-29T16:42:05.331+0530] {subprocess.py:106} INFO -     "nullable" : true,
[2026-01-29T16:42:05.331+0530] {subprocess.py:106} INFO -     "metadata" : { }
[2026-01-29T16:42:05.331+0530] {subprocess.py:106} INFO -   }, {
[2026-01-29T16:42:05.331+0530] {subprocess.py:106} INFO -     "name" : "day",
[2026-01-29T16:42:05.331+0530] {subprocess.py:106} INFO -     "type" : "integer",
[2026-01-29T16:42:05.331+0530] {subprocess.py:106} INFO -     "nullable" : true,
[2026-01-29T16:42:05.331+0530] {subprocess.py:106} INFO -     "metadata" : { }
[2026-01-29T16:42:05.331+0530] {subprocess.py:106} INFO -   }, {
[2026-01-29T16:42:05.331+0530] {subprocess.py:106} INFO -     "name" : "month",
[2026-01-29T16:42:05.332+0530] {subprocess.py:106} INFO -     "type" : "integer",
[2026-01-29T16:42:05.332+0530] {subprocess.py:106} INFO -     "nullable" : true,
[2026-01-29T16:42:05.332+0530] {subprocess.py:106} INFO -     "metadata" : { }
[2026-01-29T16:42:05.332+0530] {subprocess.py:106} INFO -   }, {
[2026-01-29T16:42:05.332+0530] {subprocess.py:106} INFO -     "name" : "day_of_week",
[2026-01-29T16:42:05.332+0530] {subprocess.py:106} INFO -     "type" : "integer",
[2026-01-29T16:42:05.332+0530] {subprocess.py:106} INFO -     "nullable" : true,
[2026-01-29T16:42:05.332+0530] {subprocess.py:106} INFO -     "metadata" : { }
[2026-01-29T16:42:05.332+0530] {subprocess.py:106} INFO -   }, {
[2026-01-29T16:42:05.332+0530] {subprocess.py:106} INFO -     "name" : "year",
[2026-01-29T16:42:05.333+0530] {subprocess.py:106} INFO -     "type" : "integer",
[2026-01-29T16:42:05.333+0530] {subprocess.py:106} INFO -     "nullable" : true,
[2026-01-29T16:42:05.333+0530] {subprocess.py:106} INFO -     "metadata" : { }
[2026-01-29T16:42:05.333+0530] {subprocess.py:106} INFO -   }, {
[2026-01-29T16:42:05.333+0530] {subprocess.py:106} INFO -     "name" : "temp_lag_1",
[2026-01-29T16:42:05.333+0530] {subprocess.py:106} INFO -     "type" : "double",
[2026-01-29T16:42:05.333+0530] {subprocess.py:106} INFO -     "nullable" : true,
[2026-01-29T16:42:05.333+0530] {subprocess.py:106} INFO -     "metadata" : { }
[2026-01-29T16:42:05.333+0530] {subprocess.py:106} INFO -   }, {
[2026-01-29T16:42:05.333+0530] {subprocess.py:106} INFO -     "name" : "temp_lag_2",
[2026-01-29T16:42:05.333+0530] {subprocess.py:106} INFO -     "type" : "double",
[2026-01-29T16:42:05.334+0530] {subprocess.py:106} INFO -     "nullable" : true,
[2026-01-29T16:42:05.334+0530] {subprocess.py:106} INFO -     "metadata" : { }
[2026-01-29T16:42:05.334+0530] {subprocess.py:106} INFO -   }, {
[2026-01-29T16:42:05.334+0530] {subprocess.py:106} INFO -     "name" : "temp_rolling_3",
[2026-01-29T16:42:05.334+0530] {subprocess.py:106} INFO -     "type" : "double",
[2026-01-29T16:42:05.334+0530] {subprocess.py:106} INFO -     "nullable" : true,
[2026-01-29T16:42:05.334+0530] {subprocess.py:106} INFO -     "metadata" : { }
[2026-01-29T16:42:05.334+0530] {subprocess.py:106} INFO -   }, {
[2026-01-29T16:42:05.335+0530] {subprocess.py:106} INFO -     "name" : "features",
[2026-01-29T16:42:05.335+0530] {subprocess.py:106} INFO -     "type" : {
[2026-01-29T16:42:05.335+0530] {subprocess.py:106} INFO -       "type" : "udt",
[2026-01-29T16:42:05.335+0530] {subprocess.py:106} INFO -       "class" : "org.apache.spark.ml.linalg.VectorUDT",
[2026-01-29T16:42:05.335+0530] {subprocess.py:106} INFO -       "pyClass" : "pyspark.ml.linalg.VectorUDT",
[2026-01-29T16:42:05.335+0530] {subprocess.py:106} INFO -       "sqlType" : {
[2026-01-29T16:42:05.335+0530] {subprocess.py:106} INFO -         "type" : "struct",
[2026-01-29T16:42:05.335+0530] {subprocess.py:106} INFO -         "fields" : [ {
[2026-01-29T16:42:05.335+0530] {subprocess.py:106} INFO -           "name" : "type",
[2026-01-29T16:42:05.336+0530] {subprocess.py:106} INFO -           "type" : "byte",
[2026-01-29T16:42:05.336+0530] {subprocess.py:106} INFO -           "nullable" : false,
[2026-01-29T16:42:05.336+0530] {subprocess.py:106} INFO -           "metadata" : { }
[2026-01-29T16:42:05.336+0530] {subprocess.py:106} INFO -         }, {
[2026-01-29T16:42:05.336+0530] {subprocess.py:106} INFO -           "name" : "size",
[2026-01-29T16:42:05.336+0530] {subprocess.py:106} INFO -           "type" : "integer",
[2026-01-29T16:42:05.336+0530] {subprocess.py:106} INFO -           "nullable" : true,
[2026-01-29T16:42:05.336+0530] {subprocess.py:106} INFO -           "metadata" : { }
[2026-01-29T16:42:05.336+0530] {subprocess.py:106} INFO -         }, {
[2026-01-29T16:42:05.336+0530] {subprocess.py:106} INFO -           "name" : "indices",
[2026-01-29T16:42:05.336+0530] {subprocess.py:106} INFO -           "type" : {
[2026-01-29T16:42:05.337+0530] {subprocess.py:106} INFO -             "type" : "array",
[2026-01-29T16:42:05.337+0530] {subprocess.py:106} INFO -             "elementType" : "integer",
[2026-01-29T16:42:05.337+0530] {subprocess.py:106} INFO -             "containsNull" : false
[2026-01-29T16:42:05.337+0530] {subprocess.py:106} INFO -           },
[2026-01-29T16:42:05.337+0530] {subprocess.py:106} INFO -           "nullable" : true,
[2026-01-29T16:42:05.337+0530] {subprocess.py:106} INFO -           "metadata" : { }
[2026-01-29T16:42:05.337+0530] {subprocess.py:106} INFO -         }, {
[2026-01-29T16:42:05.337+0530] {subprocess.py:106} INFO -           "name" : "values",
[2026-01-29T16:42:05.337+0530] {subprocess.py:106} INFO -           "type" : {
[2026-01-29T16:42:05.337+0530] {subprocess.py:106} INFO -             "type" : "array",
[2026-01-29T16:42:05.337+0530] {subprocess.py:106} INFO -             "elementType" : "double",
[2026-01-29T16:42:05.338+0530] {subprocess.py:106} INFO -             "containsNull" : false
[2026-01-29T16:42:05.338+0530] {subprocess.py:106} INFO -           },
[2026-01-29T16:42:05.338+0530] {subprocess.py:106} INFO -           "nullable" : true,
[2026-01-29T16:42:05.338+0530] {subprocess.py:106} INFO -           "metadata" : { }
[2026-01-29T16:42:05.338+0530] {subprocess.py:106} INFO -         } ]
[2026-01-29T16:42:05.338+0530] {subprocess.py:106} INFO -       }
[2026-01-29T16:42:05.338+0530] {subprocess.py:106} INFO -     },
[2026-01-29T16:42:05.338+0530] {subprocess.py:106} INFO -     "nullable" : true,
[2026-01-29T16:42:05.338+0530] {subprocess.py:106} INFO -     "metadata" : {
[2026-01-29T16:42:05.338+0530] {subprocess.py:106} INFO -       "ml_attr" : {
[2026-01-29T16:42:05.338+0530] {subprocess.py:106} INFO -         "attrs" : {
[2026-01-29T16:42:05.338+0530] {subprocess.py:106} INFO -           "numeric" : [ {
[2026-01-29T16:42:05.339+0530] {subprocess.py:106} INFO -             "idx" : 0,
[2026-01-29T16:42:05.339+0530] {subprocess.py:106} INFO -             "name" : "temperature_2m_max"
[2026-01-29T16:42:05.339+0530] {subprocess.py:106} INFO -           }, {
[2026-01-29T16:42:05.339+0530] {subprocess.py:106} INFO -             "idx" : 1,
[2026-01-29T16:42:05.339+0530] {subprocess.py:106} INFO -             "name" : "temperature_2m_min"
[2026-01-29T16:42:05.339+0530] {subprocess.py:106} INFO -           }, {
[2026-01-29T16:42:05.339+0530] {subprocess.py:106} INFO -             "idx" : 2,
[2026-01-29T16:42:05.339+0530] {subprocess.py:106} INFO -             "name" : "apparent_temperature_max"
[2026-01-29T16:42:05.339+0530] {subprocess.py:106} INFO -           }, {
[2026-01-29T16:42:05.339+0530] {subprocess.py:106} INFO -             "idx" : 3,
[2026-01-29T16:42:05.340+0530] {subprocess.py:106} INFO -             "name" : "apparent_temperature_min"
[2026-01-29T16:42:05.340+0530] {subprocess.py:106} INFO -           }, {
[2026-01-29T16:42:05.340+0530] {subprocess.py:106} INFO -             "idx" : 4,
[2026-01-29T16:42:05.340+0530] {subprocess.py:106} INFO -             "name" : "wind_speed_10m_max"
[2026-01-29T16:42:05.340+0530] {subprocess.py:106} INFO -           }, {
[2026-01-29T16:42:05.340+0530] {subprocess.py:106} INFO -             "idx" : 5,
[2026-01-29T16:42:05.340+0530] {subprocess.py:106} INFO -             "name" : "wind_gusts_10m_max"
[2026-01-29T16:42:05.340+0530] {subprocess.py:106} INFO -           }, {
[2026-01-29T16:42:05.341+0530] {subprocess.py:106} INFO -             "idx" : 6,
[2026-01-29T16:42:05.341+0530] {subprocess.py:106} INFO -             "name" : "rain_sum_log"
[2026-01-29T16:42:05.341+0530] {subprocess.py:106} INFO -           }, {
[2026-01-29T16:42:05.341+0530] {subprocess.py:106} INFO -             "idx" : 7,
[2026-01-29T16:42:05.341+0530] {subprocess.py:106} INFO -             "name" : "temp_lag_1"
[2026-01-29T16:42:05.341+0530] {subprocess.py:106} INFO -           }, {
[2026-01-29T16:42:05.341+0530] {subprocess.py:106} INFO -             "idx" : 8,
[2026-01-29T16:42:05.341+0530] {subprocess.py:106} INFO -             "name" : "temp_lag_2"
[2026-01-29T16:42:05.342+0530] {subprocess.py:106} INFO -           }, {
[2026-01-29T16:42:05.342+0530] {subprocess.py:106} INFO -             "idx" : 9,
[2026-01-29T16:42:05.342+0530] {subprocess.py:106} INFO -             "name" : "temp_rolling_3"
[2026-01-29T16:42:05.342+0530] {subprocess.py:106} INFO -           } ]
[2026-01-29T16:42:05.342+0530] {subprocess.py:106} INFO -         },
[2026-01-29T16:42:05.342+0530] {subprocess.py:106} INFO -         "num_attrs" : 10
[2026-01-29T16:42:05.342+0530] {subprocess.py:106} INFO -       }
[2026-01-29T16:42:05.343+0530] {subprocess.py:106} INFO -     }
[2026-01-29T16:42:05.343+0530] {subprocess.py:106} INFO -   }, {
[2026-01-29T16:42:05.343+0530] {subprocess.py:106} INFO -     "name" : "scaled_features",
[2026-01-29T16:42:05.343+0530] {subprocess.py:106} INFO -     "type" : {
[2026-01-29T16:42:05.343+0530] {subprocess.py:106} INFO -       "type" : "udt",
[2026-01-29T16:42:05.343+0530] {subprocess.py:106} INFO -       "class" : "org.apache.spark.ml.linalg.VectorUDT",
[2026-01-29T16:42:05.343+0530] {subprocess.py:106} INFO -       "pyClass" : "pyspark.ml.linalg.VectorUDT",
[2026-01-29T16:42:05.343+0530] {subprocess.py:106} INFO -       "sqlType" : {
[2026-01-29T16:42:05.344+0530] {subprocess.py:106} INFO -         "type" : "struct",
[2026-01-29T16:42:05.344+0530] {subprocess.py:106} INFO -         "fields" : [ {
[2026-01-29T16:42:05.344+0530] {subprocess.py:106} INFO -           "name" : "type",
[2026-01-29T16:42:05.344+0530] {subprocess.py:106} INFO -           "type" : "byte",
[2026-01-29T16:42:05.344+0530] {subprocess.py:106} INFO -           "nullable" : false,
[2026-01-29T16:42:05.344+0530] {subprocess.py:106} INFO -           "metadata" : { }
[2026-01-29T16:42:05.344+0530] {subprocess.py:106} INFO -         }, {
[2026-01-29T16:42:05.345+0530] {subprocess.py:106} INFO -           "name" : "size",
[2026-01-29T16:42:05.345+0530] {subprocess.py:106} INFO -           "type" : "integer",
[2026-01-29T16:42:05.345+0530] {subprocess.py:106} INFO -           "nullable" : true,
[2026-01-29T16:42:05.345+0530] {subprocess.py:106} INFO -           "metadata" : { }
[2026-01-29T16:42:05.345+0530] {subprocess.py:106} INFO -         }, {
[2026-01-29T16:42:05.345+0530] {subprocess.py:106} INFO -           "name" : "indices",
[2026-01-29T16:42:05.345+0530] {subprocess.py:106} INFO -           "type" : {
[2026-01-29T16:42:05.345+0530] {subprocess.py:106} INFO -             "type" : "array",
[2026-01-29T16:42:05.346+0530] {subprocess.py:106} INFO -             "elementType" : "integer",
[2026-01-29T16:42:05.346+0530] {subprocess.py:106} INFO -             "containsNull" : false
[2026-01-29T16:42:05.346+0530] {subprocess.py:106} INFO -           },
[2026-01-29T16:42:05.346+0530] {subprocess.py:106} INFO -           "nullable" : true,
[2026-01-29T16:42:05.346+0530] {subprocess.py:106} INFO -           "metadata" : { }
[2026-01-29T16:42:05.346+0530] {subprocess.py:106} INFO -         }, {
[2026-01-29T16:42:05.346+0530] {subprocess.py:106} INFO -           "name" : "values",
[2026-01-29T16:42:05.346+0530] {subprocess.py:106} INFO -           "type" : {
[2026-01-29T16:42:05.346+0530] {subprocess.py:106} INFO -             "type" : "array",
[2026-01-29T16:42:05.346+0530] {subprocess.py:106} INFO -             "elementType" : "double",
[2026-01-29T16:42:05.347+0530] {subprocess.py:106} INFO -             "containsNull" : false
[2026-01-29T16:42:05.347+0530] {subprocess.py:106} INFO -           },
[2026-01-29T16:42:05.347+0530] {subprocess.py:106} INFO -           "nullable" : true,
[2026-01-29T16:42:05.347+0530] {subprocess.py:106} INFO -           "metadata" : { }
[2026-01-29T16:42:05.347+0530] {subprocess.py:106} INFO -         } ]
[2026-01-29T16:42:05.347+0530] {subprocess.py:106} INFO -       }
[2026-01-29T16:42:05.347+0530] {subprocess.py:106} INFO -     },
[2026-01-29T16:42:05.347+0530] {subprocess.py:106} INFO -     "nullable" : true,
[2026-01-29T16:42:05.347+0530] {subprocess.py:106} INFO -     "metadata" : {
[2026-01-29T16:42:05.347+0530] {subprocess.py:106} INFO -       "ml_attr" : {
[2026-01-29T16:42:05.347+0530] {subprocess.py:106} INFO -         "num_attrs" : 10
[2026-01-29T16:42:05.347+0530] {subprocess.py:106} INFO -       }
[2026-01-29T16:42:05.348+0530] {subprocess.py:106} INFO -     }
[2026-01-29T16:42:05.348+0530] {subprocess.py:106} INFO -   } ]
[2026-01-29T16:42:05.348+0530] {subprocess.py:106} INFO - }
[2026-01-29T16:42:05.348+0530] {subprocess.py:106} INFO - and corresponding Parquet message type:
[2026-01-29T16:42:05.348+0530] {subprocess.py:106} INFO - message spark_schema {
[2026-01-29T16:42:05.348+0530] {subprocess.py:106} INFO -   optional binary city (STRING);
[2026-01-29T16:42:05.348+0530] {subprocess.py:106} INFO -   optional int32 date (DATE);
[2026-01-29T16:42:05.348+0530] {subprocess.py:106} INFO -   optional double temperature_2m_max;
[2026-01-29T16:42:05.348+0530] {subprocess.py:106} INFO -   optional double temperature_2m_min;
[2026-01-29T16:42:05.348+0530] {subprocess.py:106} INFO -   optional double apparent_temperature_max;
[2026-01-29T16:42:05.348+0530] {subprocess.py:106} INFO -   optional double apparent_temperature_min;
[2026-01-29T16:42:05.349+0530] {subprocess.py:106} INFO -   optional double precipitation_sum;
[2026-01-29T16:42:05.349+0530] {subprocess.py:106} INFO -   optional double rain_sum;
[2026-01-29T16:42:05.349+0530] {subprocess.py:106} INFO -   optional int32 weather_code;
[2026-01-29T16:42:05.349+0530] {subprocess.py:106} INFO -   optional double wind_speed_10m_max;
[2026-01-29T16:42:05.349+0530] {subprocess.py:106} INFO -   optional double wind_gusts_10m_max;
[2026-01-29T16:42:05.349+0530] {subprocess.py:106} INFO -   optional int32 wind_direction_10m_dominant;
[2026-01-29T16:42:05.349+0530] {subprocess.py:106} INFO -   required double city_index;
[2026-01-29T16:42:05.349+0530] {subprocess.py:106} INFO -   optional group city_vector {
[2026-01-29T16:42:05.349+0530] {subprocess.py:106} INFO -     required int32 type (INTEGER(8,true));
[2026-01-29T16:42:05.349+0530] {subprocess.py:106} INFO -     optional int32 size;
[2026-01-29T16:42:05.349+0530] {subprocess.py:106} INFO -     optional group indices (LIST) {
[2026-01-29T16:42:05.349+0530] {subprocess.py:106} INFO -       repeated group list {
[2026-01-29T16:42:05.350+0530] {subprocess.py:106} INFO -         required int32 element;
[2026-01-29T16:42:05.350+0530] {subprocess.py:106} INFO -       }
[2026-01-29T16:42:05.350+0530] {subprocess.py:106} INFO -     }
[2026-01-29T16:42:05.350+0530] {subprocess.py:106} INFO -     optional group values (LIST) {
[2026-01-29T16:42:05.350+0530] {subprocess.py:106} INFO -       repeated group list {
[2026-01-29T16:42:05.350+0530] {subprocess.py:106} INFO -         required double element;
[2026-01-29T16:42:05.350+0530] {subprocess.py:106} INFO -       }
[2026-01-29T16:42:05.350+0530] {subprocess.py:106} INFO -     }
[2026-01-29T16:42:05.350+0530] {subprocess.py:106} INFO -   }
[2026-01-29T16:42:05.350+0530] {subprocess.py:106} INFO -   optional double rain_sum_log;
[2026-01-29T16:42:05.350+0530] {subprocess.py:106} INFO -   optional double precipitation_sum_log;
[2026-01-29T16:42:05.351+0530] {subprocess.py:106} INFO -   optional int32 day;
[2026-01-29T16:42:05.351+0530] {subprocess.py:106} INFO -   optional int32 month;
[2026-01-29T16:42:05.351+0530] {subprocess.py:106} INFO -   optional int32 day_of_week;
[2026-01-29T16:42:05.351+0530] {subprocess.py:106} INFO -   optional int32 year;
[2026-01-29T16:42:05.351+0530] {subprocess.py:106} INFO -   optional double temp_lag_1;
[2026-01-29T16:42:05.351+0530] {subprocess.py:106} INFO -   optional double temp_lag_2;
[2026-01-29T16:42:05.351+0530] {subprocess.py:106} INFO -   optional double temp_rolling_3;
[2026-01-29T16:42:05.351+0530] {subprocess.py:106} INFO -   optional group features {
[2026-01-29T16:42:05.351+0530] {subprocess.py:106} INFO -     required int32 type (INTEGER(8,true));
[2026-01-29T16:42:05.351+0530] {subprocess.py:106} INFO -     optional int32 size;
[2026-01-29T16:42:05.351+0530] {subprocess.py:106} INFO -     optional group indices (LIST) {
[2026-01-29T16:42:05.351+0530] {subprocess.py:106} INFO -       repeated group list {
[2026-01-29T16:42:05.352+0530] {subprocess.py:106} INFO -         required int32 element;
[2026-01-29T16:42:05.352+0530] {subprocess.py:106} INFO -       }
[2026-01-29T16:42:05.352+0530] {subprocess.py:106} INFO -     }
[2026-01-29T16:42:05.352+0530] {subprocess.py:106} INFO -     optional group values (LIST) {
[2026-01-29T16:42:05.352+0530] {subprocess.py:106} INFO -       repeated group list {
[2026-01-29T16:42:05.352+0530] {subprocess.py:106} INFO -         required double element;
[2026-01-29T16:42:05.352+0530] {subprocess.py:106} INFO -       }
[2026-01-29T16:42:05.352+0530] {subprocess.py:106} INFO -     }
[2026-01-29T16:42:05.352+0530] {subprocess.py:106} INFO -   }
[2026-01-29T16:42:05.352+0530] {subprocess.py:106} INFO -   optional group scaled_features {
[2026-01-29T16:42:05.352+0530] {subprocess.py:106} INFO -     required int32 type (INTEGER(8,true));
[2026-01-29T16:42:05.352+0530] {subprocess.py:106} INFO -     optional int32 size;
[2026-01-29T16:42:05.353+0530] {subprocess.py:106} INFO -     optional group indices (LIST) {
[2026-01-29T16:42:05.353+0530] {subprocess.py:106} INFO -       repeated group list {
[2026-01-29T16:42:05.353+0530] {subprocess.py:106} INFO -         required int32 element;
[2026-01-29T16:42:05.353+0530] {subprocess.py:106} INFO -       }
[2026-01-29T16:42:05.353+0530] {subprocess.py:106} INFO -     }
[2026-01-29T16:42:05.353+0530] {subprocess.py:106} INFO -     optional group values (LIST) {
[2026-01-29T16:42:05.353+0530] {subprocess.py:106} INFO -       repeated group list {
[2026-01-29T16:42:05.353+0530] {subprocess.py:106} INFO -         required double element;
[2026-01-29T16:42:05.353+0530] {subprocess.py:106} INFO -       }
[2026-01-29T16:42:05.353+0530] {subprocess.py:106} INFO -     }
[2026-01-29T16:42:05.353+0530] {subprocess.py:106} INFO -   }
[2026-01-29T16:42:05.354+0530] {subprocess.py:106} INFO - }
[2026-01-29T16:42:05.354+0530] {subprocess.py:106} INFO - 
[2026-01-29T16:42:05.354+0530] {subprocess.py:106} INFO - 
[2026-01-29T16:42:05.354+0530] {subprocess.py:106} INFO - 26/01/29 16:42:05 INFO ParquetWriteSupport: Initialized Parquet WriteSupport with Catalyst schema:
[2026-01-29T16:42:05.354+0530] {subprocess.py:106} INFO - {
[2026-01-29T16:42:05.354+0530] {subprocess.py:106} INFO -   "type" : "struct",
[2026-01-29T16:42:05.354+0530] {subprocess.py:106} INFO -   "fields" : [ {
[2026-01-29T16:42:05.354+0530] {subprocess.py:106} INFO -     "name" : "city",
[2026-01-29T16:42:05.354+0530] {subprocess.py:106} INFO -     "type" : "string",
[2026-01-29T16:42:05.354+0530] {subprocess.py:106} INFO -     "nullable" : true,
[2026-01-29T16:42:05.354+0530] {subprocess.py:106} INFO -     "metadata" : { }
[2026-01-29T16:42:05.355+0530] {subprocess.py:106} INFO -   }, {
[2026-01-29T16:42:05.355+0530] {subprocess.py:106} INFO -     "name" : "date",
[2026-01-29T16:42:05.355+0530] {subprocess.py:106} INFO -     "type" : "date",
[2026-01-29T16:42:05.355+0530] {subprocess.py:106} INFO -     "nullable" : true,
[2026-01-29T16:42:05.355+0530] {subprocess.py:106} INFO -     "metadata" : { }
[2026-01-29T16:42:05.355+0530] {subprocess.py:106} INFO -   }, {
[2026-01-29T16:42:05.355+0530] {subprocess.py:106} INFO -     "name" : "temperature_2m_max",
[2026-01-29T16:42:05.355+0530] {subprocess.py:106} INFO -     "type" : "double",
[2026-01-29T16:42:05.355+0530] {subprocess.py:106} INFO -     "nullable" : true,
[2026-01-29T16:42:05.355+0530] {subprocess.py:106} INFO -     "metadata" : { }
[2026-01-29T16:42:05.355+0530] {subprocess.py:106} INFO -   }, {
[2026-01-29T16:42:05.355+0530] {subprocess.py:106} INFO -     "name" : "temperature_2m_min",
[2026-01-29T16:42:05.356+0530] {subprocess.py:106} INFO -     "type" : "double",
[2026-01-29T16:42:05.356+0530] {subprocess.py:106} INFO -     "nullable" : true,
[2026-01-29T16:42:05.356+0530] {subprocess.py:106} INFO -     "metadata" : { }
[2026-01-29T16:42:05.356+0530] {subprocess.py:106} INFO -   }, {
[2026-01-29T16:42:05.356+0530] {subprocess.py:106} INFO -     "name" : "apparent_temperature_max",
[2026-01-29T16:42:05.356+0530] {subprocess.py:106} INFO -     "type" : "double",
[2026-01-29T16:42:05.356+0530] {subprocess.py:106} INFO -     "nullable" : true,
[2026-01-29T16:42:05.356+0530] {subprocess.py:106} INFO -     "metadata" : { }
[2026-01-29T16:42:05.356+0530] {subprocess.py:106} INFO -   }, {
[2026-01-29T16:42:05.356+0530] {subprocess.py:106} INFO -     "name" : "apparent_temperature_min",
[2026-01-29T16:42:05.356+0530] {subprocess.py:106} INFO -     "type" : "double",
[2026-01-29T16:42:05.356+0530] {subprocess.py:106} INFO -     "nullable" : true,
[2026-01-29T16:42:05.357+0530] {subprocess.py:106} INFO -     "metadata" : { }
[2026-01-29T16:42:05.357+0530] {subprocess.py:106} INFO -   }, {
[2026-01-29T16:42:05.357+0530] {subprocess.py:106} INFO -     "name" : "precipitation_sum",
[2026-01-29T16:42:05.357+0530] {subprocess.py:106} INFO -     "type" : "double",
[2026-01-29T16:42:05.357+0530] {subprocess.py:106} INFO -     "nullable" : true,
[2026-01-29T16:42:05.357+0530] {subprocess.py:106} INFO -     "metadata" : { }
[2026-01-29T16:42:05.357+0530] {subprocess.py:106} INFO -   }, {
[2026-01-29T16:42:05.357+0530] {subprocess.py:106} INFO -     "name" : "rain_sum",
[2026-01-29T16:42:05.357+0530] {subprocess.py:106} INFO -     "type" : "double",
[2026-01-29T16:42:05.357+0530] {subprocess.py:106} INFO -     "nullable" : true,
[2026-01-29T16:42:05.357+0530] {subprocess.py:106} INFO -     "metadata" : { }
[2026-01-29T16:42:05.357+0530] {subprocess.py:106} INFO -   }, {
[2026-01-29T16:42:05.358+0530] {subprocess.py:106} INFO -     "name" : "weather_code",
[2026-01-29T16:42:05.358+0530] {subprocess.py:106} INFO -     "type" : "integer",
[2026-01-29T16:42:05.358+0530] {subprocess.py:106} INFO -     "nullable" : true,
[2026-01-29T16:42:05.358+0530] {subprocess.py:106} INFO -     "metadata" : { }
[2026-01-29T16:42:05.358+0530] {subprocess.py:106} INFO -   }, {
[2026-01-29T16:42:05.358+0530] {subprocess.py:106} INFO -     "name" : "wind_speed_10m_max",
[2026-01-29T16:42:05.358+0530] {subprocess.py:106} INFO -     "type" : "double",
[2026-01-29T16:42:05.358+0530] {subprocess.py:106} INFO -     "nullable" : true,
[2026-01-29T16:42:05.358+0530] {subprocess.py:106} INFO -     "metadata" : { }
[2026-01-29T16:42:05.358+0530] {subprocess.py:106} INFO -   }, {
[2026-01-29T16:42:05.358+0530] {subprocess.py:106} INFO -     "name" : "wind_gusts_10m_max",
[2026-01-29T16:42:05.359+0530] {subprocess.py:106} INFO -     "type" : "double",
[2026-01-29T16:42:05.359+0530] {subprocess.py:106} INFO -     "nullable" : true,
[2026-01-29T16:42:05.359+0530] {subprocess.py:106} INFO -     "metadata" : { }
[2026-01-29T16:42:05.359+0530] {subprocess.py:106} INFO -   }, {
[2026-01-29T16:42:05.359+0530] {subprocess.py:106} INFO -     "name" : "wind_direction_10m_dominant",
[2026-01-29T16:42:05.359+0530] {subprocess.py:106} INFO -     "type" : "integer",
[2026-01-29T16:42:05.359+0530] {subprocess.py:106} INFO -     "nullable" : true,
[2026-01-29T16:42:05.359+0530] {subprocess.py:106} INFO -     "metadata" : { }
[2026-01-29T16:42:05.359+0530] {subprocess.py:106} INFO -   }, {
[2026-01-29T16:42:05.359+0530] {subprocess.py:106} INFO -     "name" : "city_index",
[2026-01-29T16:42:05.359+0530] {subprocess.py:106} INFO -     "type" : "double",
[2026-01-29T16:42:05.359+0530] {subprocess.py:106} INFO -     "nullable" : false,
[2026-01-29T16:42:05.360+0530] {subprocess.py:106} INFO -     "metadata" : {
[2026-01-29T16:42:05.360+0530] {subprocess.py:106} INFO -       "ml_attr" : {
[2026-01-29T16:42:05.360+0530] {subprocess.py:106} INFO -         "type" : "nominal",
[2026-01-29T16:42:05.360+0530] {subprocess.py:106} INFO -         "vals" : [ "Ahmedabad", "Bangalore", "Chennai", "Delhi", "Hyderabad", "Jaipur", "Kolkata", "Lucknow", "Mumbai", "Pune", "city", "__unknown" ],
[2026-01-29T16:42:05.360+0530] {subprocess.py:106} INFO -         "name" : "city_index"
[2026-01-29T16:42:05.360+0530] {subprocess.py:106} INFO -       }
[2026-01-29T16:42:05.360+0530] {subprocess.py:106} INFO -     }
[2026-01-29T16:42:05.360+0530] {subprocess.py:106} INFO -   }, {
[2026-01-29T16:42:05.360+0530] {subprocess.py:106} INFO -     "name" : "city_vector",
[2026-01-29T16:42:05.360+0530] {subprocess.py:106} INFO -     "type" : {
[2026-01-29T16:42:05.360+0530] {subprocess.py:106} INFO -       "type" : "udt",
[2026-01-29T16:42:05.360+0530] {subprocess.py:106} INFO -       "class" : "org.apache.spark.ml.linalg.VectorUDT",
[2026-01-29T16:42:05.361+0530] {subprocess.py:106} INFO -       "pyClass" : "pyspark.ml.linalg.VectorUDT",
[2026-01-29T16:42:05.361+0530] {subprocess.py:106} INFO -       "sqlType" : {
[2026-01-29T16:42:05.361+0530] {subprocess.py:106} INFO -         "type" : "struct",
[2026-01-29T16:42:05.361+0530] {subprocess.py:106} INFO -         "fields" : [ {
[2026-01-29T16:42:05.361+0530] {subprocess.py:106} INFO -           "name" : "type",
[2026-01-29T16:42:05.361+0530] {subprocess.py:106} INFO -           "type" : "byte",
[2026-01-29T16:42:05.361+0530] {subprocess.py:106} INFO -           "nullable" : false,
[2026-01-29T16:42:05.361+0530] {subprocess.py:106} INFO -           "metadata" : { }
[2026-01-29T16:42:05.361+0530] {subprocess.py:106} INFO -         }, {
[2026-01-29T16:42:05.361+0530] {subprocess.py:106} INFO -           "name" : "size",
[2026-01-29T16:42:05.361+0530] {subprocess.py:106} INFO -           "type" : "integer",
[2026-01-29T16:42:05.362+0530] {subprocess.py:106} INFO -           "nullable" : true,
[2026-01-29T16:42:05.362+0530] {subprocess.py:106} INFO -           "metadata" : { }
[2026-01-29T16:42:05.362+0530] {subprocess.py:106} INFO -         }, {
[2026-01-29T16:42:05.362+0530] {subprocess.py:106} INFO -           "name" : "indices",
[2026-01-29T16:42:05.362+0530] {subprocess.py:106} INFO -           "type" : {
[2026-01-29T16:42:05.362+0530] {subprocess.py:106} INFO -             "type" : "array",
[2026-01-29T16:42:05.362+0530] {subprocess.py:106} INFO -             "elementType" : "integer",
[2026-01-29T16:42:05.362+0530] {subprocess.py:106} INFO -             "containsNull" : false
[2026-01-29T16:42:05.362+0530] {subprocess.py:106} INFO -           },
[2026-01-29T16:42:05.362+0530] {subprocess.py:106} INFO -           "nullable" : true,
[2026-01-29T16:42:05.362+0530] {subprocess.py:106} INFO -           "metadata" : { }
[2026-01-29T16:42:05.362+0530] {subprocess.py:106} INFO -         }, {
[2026-01-29T16:42:05.363+0530] {subprocess.py:106} INFO -           "name" : "values",
[2026-01-29T16:42:05.363+0530] {subprocess.py:106} INFO -           "type" : {
[2026-01-29T16:42:05.363+0530] {subprocess.py:106} INFO -             "type" : "array",
[2026-01-29T16:42:05.363+0530] {subprocess.py:106} INFO -             "elementType" : "double",
[2026-01-29T16:42:05.363+0530] {subprocess.py:106} INFO -             "containsNull" : false
[2026-01-29T16:42:05.363+0530] {subprocess.py:106} INFO -           },
[2026-01-29T16:42:05.363+0530] {subprocess.py:106} INFO -           "nullable" : true,
[2026-01-29T16:42:05.363+0530] {subprocess.py:106} INFO -           "metadata" : { }
[2026-01-29T16:42:05.363+0530] {subprocess.py:106} INFO -         } ]
[2026-01-29T16:42:05.363+0530] {subprocess.py:106} INFO -       }
[2026-01-29T16:42:05.363+0530] {subprocess.py:106} INFO -     },
[2026-01-29T16:42:05.363+0530] {subprocess.py:106} INFO -     "nullable" : true,
[2026-01-29T16:42:05.364+0530] {subprocess.py:106} INFO -     "metadata" : {
[2026-01-29T16:42:05.364+0530] {subprocess.py:106} INFO -       "ml_attr" : {
[2026-01-29T16:42:05.364+0530] {subprocess.py:106} INFO -         "attrs" : {
[2026-01-29T16:42:05.364+0530] {subprocess.py:106} INFO -           "binary" : [ {
[2026-01-29T16:42:05.364+0530] {subprocess.py:106} INFO -             "idx" : 0,
[2026-01-29T16:42:05.364+0530] {subprocess.py:106} INFO -             "name" : "Ahmedabad"
[2026-01-29T16:42:05.364+0530] {subprocess.py:106} INFO -           }, {
[2026-01-29T16:42:05.364+0530] {subprocess.py:106} INFO -             "idx" : 1,
[2026-01-29T16:42:05.364+0530] {subprocess.py:106} INFO -             "name" : "Bangalore"
[2026-01-29T16:42:05.364+0530] {subprocess.py:106} INFO -           }, {
[2026-01-29T16:42:05.364+0530] {subprocess.py:106} INFO -             "idx" : 2,
[2026-01-29T16:42:05.364+0530] {subprocess.py:106} INFO -             "name" : "Chennai"
[2026-01-29T16:42:05.365+0530] {subprocess.py:106} INFO -           }, {
[2026-01-29T16:42:05.365+0530] {subprocess.py:106} INFO -             "idx" : 3,
[2026-01-29T16:42:05.365+0530] {subprocess.py:106} INFO -             "name" : "Delhi"
[2026-01-29T16:42:05.365+0530] {subprocess.py:106} INFO -           }, {
[2026-01-29T16:42:05.365+0530] {subprocess.py:106} INFO -             "idx" : 4,
[2026-01-29T16:42:05.365+0530] {subprocess.py:106} INFO -             "name" : "Hyderabad"
[2026-01-29T16:42:05.365+0530] {subprocess.py:106} INFO -           }, {
[2026-01-29T16:42:05.365+0530] {subprocess.py:106} INFO -             "idx" : 5,
[2026-01-29T16:42:05.365+0530] {subprocess.py:106} INFO -             "name" : "Jaipur"
[2026-01-29T16:42:05.365+0530] {subprocess.py:106} INFO -           }, {
[2026-01-29T16:42:05.365+0530] {subprocess.py:106} INFO -             "idx" : 6,
[2026-01-29T16:42:05.366+0530] {subprocess.py:106} INFO -             "name" : "Kolkata"
[2026-01-29T16:42:05.366+0530] {subprocess.py:106} INFO -           }, {
[2026-01-29T16:42:05.366+0530] {subprocess.py:106} INFO -             "idx" : 7,
[2026-01-29T16:42:05.366+0530] {subprocess.py:106} INFO -             "name" : "Lucknow"
[2026-01-29T16:42:05.366+0530] {subprocess.py:106} INFO -           }, {
[2026-01-29T16:42:05.366+0530] {subprocess.py:106} INFO -             "idx" : 8,
[2026-01-29T16:42:05.366+0530] {subprocess.py:106} INFO -             "name" : "Mumbai"
[2026-01-29T16:42:05.366+0530] {subprocess.py:106} INFO -           }, {
[2026-01-29T16:42:05.366+0530] {subprocess.py:106} INFO -             "idx" : 9,
[2026-01-29T16:42:05.366+0530] {subprocess.py:106} INFO -             "name" : "Pune"
[2026-01-29T16:42:05.366+0530] {subprocess.py:106} INFO -           }, {
[2026-01-29T16:42:05.366+0530] {subprocess.py:106} INFO -             "idx" : 10,
[2026-01-29T16:42:05.367+0530] {subprocess.py:106} INFO -             "name" : "city"
[2026-01-29T16:42:05.367+0530] {subprocess.py:106} INFO -           } ]
[2026-01-29T16:42:05.367+0530] {subprocess.py:106} INFO -         },
[2026-01-29T16:42:05.367+0530] {subprocess.py:106} INFO -         "num_attrs" : 11
[2026-01-29T16:42:05.367+0530] {subprocess.py:106} INFO -       }
[2026-01-29T16:42:05.367+0530] {subprocess.py:106} INFO -     }
[2026-01-29T16:42:05.367+0530] {subprocess.py:106} INFO -   }, {
[2026-01-29T16:42:05.367+0530] {subprocess.py:106} INFO -     "name" : "rain_sum_log",
[2026-01-29T16:42:05.367+0530] {subprocess.py:106} INFO -     "type" : "double",
[2026-01-29T16:42:05.367+0530] {subprocess.py:106} INFO -     "nullable" : true,
[2026-01-29T16:42:05.367+0530] {subprocess.py:106} INFO -     "metadata" : { }
[2026-01-29T16:42:05.367+0530] {subprocess.py:106} INFO -   }, {
[2026-01-29T16:42:05.368+0530] {subprocess.py:106} INFO -     "name" : "precipitation_sum_log",
[2026-01-29T16:42:05.368+0530] {subprocess.py:106} INFO -     "type" : "double",
[2026-01-29T16:42:05.368+0530] {subprocess.py:106} INFO -     "nullable" : true,
[2026-01-29T16:42:05.368+0530] {subprocess.py:106} INFO -     "metadata" : { }
[2026-01-29T16:42:05.368+0530] {subprocess.py:106} INFO -   }, {
[2026-01-29T16:42:05.368+0530] {subprocess.py:106} INFO -     "name" : "day",
[2026-01-29T16:42:05.368+0530] {subprocess.py:106} INFO -     "type" : "integer",
[2026-01-29T16:42:05.368+0530] {subprocess.py:106} INFO -     "nullable" : true,
[2026-01-29T16:42:05.368+0530] {subprocess.py:106} INFO -     "metadata" : { }
[2026-01-29T16:42:05.368+0530] {subprocess.py:106} INFO -   }, {
[2026-01-29T16:42:05.368+0530] {subprocess.py:106} INFO -     "name" : "month",
[2026-01-29T16:42:05.368+0530] {subprocess.py:106} INFO -     "type" : "integer",
[2026-01-29T16:42:05.369+0530] {subprocess.py:106} INFO -     "nullable" : true,
[2026-01-29T16:42:05.369+0530] {subprocess.py:106} INFO -     "metadata" : { }
[2026-01-29T16:42:05.369+0530] {subprocess.py:106} INFO -   }, {
[2026-01-29T16:42:05.369+0530] {subprocess.py:106} INFO -     "name" : "day_of_week",
[2026-01-29T16:42:05.369+0530] {subprocess.py:106} INFO -     "type" : "integer",
[2026-01-29T16:42:05.369+0530] {subprocess.py:106} INFO -     "nullable" : true,
[2026-01-29T16:42:05.369+0530] {subprocess.py:106} INFO -     "metadata" : { }
[2026-01-29T16:42:05.369+0530] {subprocess.py:106} INFO -   }, {
[2026-01-29T16:42:05.369+0530] {subprocess.py:106} INFO -     "name" : "year",
[2026-01-29T16:42:05.369+0530] {subprocess.py:106} INFO -     "type" : "integer",
[2026-01-29T16:42:05.369+0530] {subprocess.py:106} INFO -     "nullable" : true,
[2026-01-29T16:42:05.369+0530] {subprocess.py:106} INFO -     "metadata" : { }
[2026-01-29T16:42:05.370+0530] {subprocess.py:106} INFO -   }, {
[2026-01-29T16:42:05.370+0530] {subprocess.py:106} INFO -     "name" : "temp_lag_1",
[2026-01-29T16:42:05.370+0530] {subprocess.py:106} INFO -     "type" : "double",
[2026-01-29T16:42:05.370+0530] {subprocess.py:106} INFO -     "nullable" : true,
[2026-01-29T16:42:05.370+0530] {subprocess.py:106} INFO -     "metadata" : { }
[2026-01-29T16:42:05.370+0530] {subprocess.py:106} INFO -   }, {
[2026-01-29T16:42:05.370+0530] {subprocess.py:106} INFO -     "name" : "temp_lag_2",
[2026-01-29T16:42:05.370+0530] {subprocess.py:106} INFO -     "type" : "double",
[2026-01-29T16:42:05.370+0530] {subprocess.py:106} INFO -     "nullable" : true,
[2026-01-29T16:42:05.370+0530] {subprocess.py:106} INFO -     "metadata" : { }
[2026-01-29T16:42:05.370+0530] {subprocess.py:106} INFO -   }, {
[2026-01-29T16:42:05.371+0530] {subprocess.py:106} INFO -     "name" : "temp_rolling_3",
[2026-01-29T16:42:05.371+0530] {subprocess.py:106} INFO -     "type" : "double",
[2026-01-29T16:42:05.371+0530] {subprocess.py:106} INFO -     "nullable" : true,
[2026-01-29T16:42:05.371+0530] {subprocess.py:106} INFO -     "metadata" : { }
[2026-01-29T16:42:05.371+0530] {subprocess.py:106} INFO -   }, {
[2026-01-29T16:42:05.371+0530] {subprocess.py:106} INFO -     "name" : "features",
[2026-01-29T16:42:05.371+0530] {subprocess.py:106} INFO -     "type" : {
[2026-01-29T16:42:05.371+0530] {subprocess.py:106} INFO -       "type" : "udt",
[2026-01-29T16:42:05.371+0530] {subprocess.py:106} INFO -       "class" : "org.apache.spark.ml.linalg.VectorUDT",
[2026-01-29T16:42:05.371+0530] {subprocess.py:106} INFO -       "pyClass" : "pyspark.ml.linalg.VectorUDT",
[2026-01-29T16:42:05.371+0530] {subprocess.py:106} INFO -       "sqlType" : {
[2026-01-29T16:42:05.371+0530] {subprocess.py:106} INFO -         "type" : "struct",
[2026-01-29T16:42:05.372+0530] {subprocess.py:106} INFO -         "fields" : [ {
[2026-01-29T16:42:05.372+0530] {subprocess.py:106} INFO -           "name" : "type",
[2026-01-29T16:42:05.372+0530] {subprocess.py:106} INFO -           "type" : "byte",
[2026-01-29T16:42:05.372+0530] {subprocess.py:106} INFO -           "nullable" : false,
[2026-01-29T16:42:05.372+0530] {subprocess.py:106} INFO -           "metadata" : { }
[2026-01-29T16:42:05.372+0530] {subprocess.py:106} INFO -         }, {
[2026-01-29T16:42:05.372+0530] {subprocess.py:106} INFO -           "name" : "size",
[2026-01-29T16:42:05.372+0530] {subprocess.py:106} INFO -           "type" : "integer",
[2026-01-29T16:42:05.372+0530] {subprocess.py:106} INFO -           "nullable" : true,
[2026-01-29T16:42:05.372+0530] {subprocess.py:106} INFO -           "metadata" : { }
[2026-01-29T16:42:05.372+0530] {subprocess.py:106} INFO -         }, {
[2026-01-29T16:42:05.372+0530] {subprocess.py:106} INFO -           "name" : "indices",
[2026-01-29T16:42:05.373+0530] {subprocess.py:106} INFO -           "type" : {
[2026-01-29T16:42:05.373+0530] {subprocess.py:106} INFO -             "type" : "array",
[2026-01-29T16:42:05.373+0530] {subprocess.py:106} INFO -             "elementType" : "integer",
[2026-01-29T16:42:05.373+0530] {subprocess.py:106} INFO -             "containsNull" : false
[2026-01-29T16:42:05.373+0530] {subprocess.py:106} INFO -           },
[2026-01-29T16:42:05.373+0530] {subprocess.py:106} INFO -           "nullable" : true,
[2026-01-29T16:42:05.373+0530] {subprocess.py:106} INFO -           "metadata" : { }
[2026-01-29T16:42:05.373+0530] {subprocess.py:106} INFO -         }, {
[2026-01-29T16:42:05.373+0530] {subprocess.py:106} INFO -           "name" : "values",
[2026-01-29T16:42:05.373+0530] {subprocess.py:106} INFO -           "type" : {
[2026-01-29T16:42:05.373+0530] {subprocess.py:106} INFO -             "type" : "array",
[2026-01-29T16:42:05.374+0530] {subprocess.py:106} INFO -             "elementType" : "double",
[2026-01-29T16:42:05.374+0530] {subprocess.py:106} INFO -             "containsNull" : false
[2026-01-29T16:42:05.374+0530] {subprocess.py:106} INFO -           },
[2026-01-29T16:42:05.374+0530] {subprocess.py:106} INFO -           "nullable" : true,
[2026-01-29T16:42:05.374+0530] {subprocess.py:106} INFO -           "metadata" : { }
[2026-01-29T16:42:05.374+0530] {subprocess.py:106} INFO -         } ]
[2026-01-29T16:42:05.374+0530] {subprocess.py:106} INFO -       }
[2026-01-29T16:42:05.374+0530] {subprocess.py:106} INFO -     },
[2026-01-29T16:42:05.374+0530] {subprocess.py:106} INFO -     "nullable" : true,
[2026-01-29T16:42:05.375+0530] {subprocess.py:106} INFO -     "metadata" : {
[2026-01-29T16:42:05.375+0530] {subprocess.py:106} INFO -       "ml_attr" : {
[2026-01-29T16:42:05.375+0530] {subprocess.py:106} INFO -         "attrs" : {
[2026-01-29T16:42:05.375+0530] {subprocess.py:106} INFO -           "numeric" : [ {
[2026-01-29T16:42:05.375+0530] {subprocess.py:106} INFO -             "idx" : 0,
[2026-01-29T16:42:05.375+0530] {subprocess.py:106} INFO -             "name" : "temperature_2m_max"
[2026-01-29T16:42:05.375+0530] {subprocess.py:106} INFO -           }, {
[2026-01-29T16:42:05.375+0530] {subprocess.py:106} INFO -             "idx" : 1,
[2026-01-29T16:42:05.375+0530] {subprocess.py:106} INFO -             "name" : "temperature_2m_min"
[2026-01-29T16:42:05.375+0530] {subprocess.py:106} INFO -           }, {
[2026-01-29T16:42:05.375+0530] {subprocess.py:106} INFO -             "idx" : 2,
[2026-01-29T16:42:05.376+0530] {subprocess.py:106} INFO -             "name" : "apparent_temperature_max"
[2026-01-29T16:42:05.376+0530] {subprocess.py:106} INFO -           }, {
[2026-01-29T16:42:05.376+0530] {subprocess.py:106} INFO -             "idx" : 3,
[2026-01-29T16:42:05.376+0530] {subprocess.py:106} INFO -             "name" : "apparent_temperature_min"
[2026-01-29T16:42:05.376+0530] {subprocess.py:106} INFO -           }, {
[2026-01-29T16:42:05.376+0530] {subprocess.py:106} INFO -             "idx" : 4,
[2026-01-29T16:42:05.376+0530] {subprocess.py:106} INFO -             "name" : "wind_speed_10m_max"
[2026-01-29T16:42:05.376+0530] {subprocess.py:106} INFO -           }, {
[2026-01-29T16:42:05.376+0530] {subprocess.py:106} INFO -             "idx" : 5,
[2026-01-29T16:42:05.376+0530] {subprocess.py:106} INFO -             "name" : "wind_gusts_10m_max"
[2026-01-29T16:42:05.376+0530] {subprocess.py:106} INFO -           }, {
[2026-01-29T16:42:05.376+0530] {subprocess.py:106} INFO -             "idx" : 6,
[2026-01-29T16:42:05.377+0530] {subprocess.py:106} INFO -             "name" : "rain_sum_log"
[2026-01-29T16:42:05.377+0530] {subprocess.py:106} INFO -           }, {
[2026-01-29T16:42:05.377+0530] {subprocess.py:106} INFO -             "idx" : 7,
[2026-01-29T16:42:05.377+0530] {subprocess.py:106} INFO -             "name" : "temp_lag_1"
[2026-01-29T16:42:05.377+0530] {subprocess.py:106} INFO -           }, {
[2026-01-29T16:42:05.377+0530] {subprocess.py:106} INFO -             "idx" : 8,
[2026-01-29T16:42:05.377+0530] {subprocess.py:106} INFO -             "name" : "temp_lag_2"
[2026-01-29T16:42:05.377+0530] {subprocess.py:106} INFO -           }, {
[2026-01-29T16:42:05.377+0530] {subprocess.py:106} INFO -             "idx" : 9,
[2026-01-29T16:42:05.377+0530] {subprocess.py:106} INFO -             "name" : "temp_rolling_3"
[2026-01-29T16:42:05.377+0530] {subprocess.py:106} INFO -           } ]
[2026-01-29T16:42:05.378+0530] {subprocess.py:106} INFO -         },
[2026-01-29T16:42:05.378+0530] {subprocess.py:106} INFO -         "num_attrs" : 10
[2026-01-29T16:42:05.378+0530] {subprocess.py:106} INFO -       }
[2026-01-29T16:42:05.378+0530] {subprocess.py:106} INFO -     }
[2026-01-29T16:42:05.378+0530] {subprocess.py:106} INFO -   }, {
[2026-01-29T16:42:05.378+0530] {subprocess.py:106} INFO -     "name" : "scaled_features",
[2026-01-29T16:42:05.378+0530] {subprocess.py:106} INFO -     "type" : {
[2026-01-29T16:42:05.378+0530] {subprocess.py:106} INFO -       "type" : "udt",
[2026-01-29T16:42:05.378+0530] {subprocess.py:106} INFO -       "class" : "org.apache.spark.ml.linalg.VectorUDT",
[2026-01-29T16:42:05.378+0530] {subprocess.py:106} INFO -       "pyClass" : "pyspark.ml.linalg.VectorUDT",
[2026-01-29T16:42:05.378+0530] {subprocess.py:106} INFO -       "sqlType" : {
[2026-01-29T16:42:05.379+0530] {subprocess.py:106} INFO -         "type" : "struct",
[2026-01-29T16:42:05.379+0530] {subprocess.py:106} INFO -         "fields" : [ {
[2026-01-29T16:42:05.379+0530] {subprocess.py:106} INFO -           "name" : "type",
[2026-01-29T16:42:05.379+0530] {subprocess.py:106} INFO -           "type" : "byte",
[2026-01-29T16:42:05.379+0530] {subprocess.py:106} INFO -           "nullable" : false,
[2026-01-29T16:42:05.379+0530] {subprocess.py:106} INFO -           "metadata" : { }
[2026-01-29T16:42:05.379+0530] {subprocess.py:106} INFO -         }, {
[2026-01-29T16:42:05.379+0530] {subprocess.py:106} INFO -           "name" : "size",
[2026-01-29T16:42:05.379+0530] {subprocess.py:106} INFO -           "type" : "integer",
[2026-01-29T16:42:05.379+0530] {subprocess.py:106} INFO -           "nullable" : true,
[2026-01-29T16:42:05.379+0530] {subprocess.py:106} INFO -           "metadata" : { }
[2026-01-29T16:42:05.380+0530] {subprocess.py:106} INFO -         }, {
[2026-01-29T16:42:05.380+0530] {subprocess.py:106} INFO -           "name" : "indices",
[2026-01-29T16:42:05.380+0530] {subprocess.py:106} INFO -           "type" : {
[2026-01-29T16:42:05.380+0530] {subprocess.py:106} INFO -             "type" : "array",
[2026-01-29T16:42:05.380+0530] {subprocess.py:106} INFO -             "elementType" : "integer",
[2026-01-29T16:42:05.380+0530] {subprocess.py:106} INFO -             "containsNull" : false
[2026-01-29T16:42:05.380+0530] {subprocess.py:106} INFO -           },
[2026-01-29T16:42:05.380+0530] {subprocess.py:106} INFO -           "nullable" : true,
[2026-01-29T16:42:05.380+0530] {subprocess.py:106} INFO -           "metadata" : { }
[2026-01-29T16:42:05.380+0530] {subprocess.py:106} INFO -         }, {
[2026-01-29T16:42:05.380+0530] {subprocess.py:106} INFO -           "name" : "values",
[2026-01-29T16:42:05.381+0530] {subprocess.py:106} INFO -           "type" : {
[2026-01-29T16:42:05.381+0530] {subprocess.py:106} INFO -             "type" : "array",
[2026-01-29T16:42:05.381+0530] {subprocess.py:106} INFO -             "elementType" : "double",
[2026-01-29T16:42:05.381+0530] {subprocess.py:106} INFO -             "containsNull" : false
[2026-01-29T16:42:05.381+0530] {subprocess.py:106} INFO -           },
[2026-01-29T16:42:05.381+0530] {subprocess.py:106} INFO -           "nullable" : true,
[2026-01-29T16:42:05.381+0530] {subprocess.py:106} INFO -           "metadata" : { }
[2026-01-29T16:42:05.381+0530] {subprocess.py:106} INFO -         } ]
[2026-01-29T16:42:05.381+0530] {subprocess.py:106} INFO -       }
[2026-01-29T16:42:05.381+0530] {subprocess.py:106} INFO -     },
[2026-01-29T16:42:05.381+0530] {subprocess.py:106} INFO -     "nullable" : true,
[2026-01-29T16:42:05.382+0530] {subprocess.py:106} INFO -     "metadata" : {
[2026-01-29T16:42:05.382+0530] {subprocess.py:106} INFO -       "ml_attr" : {
[2026-01-29T16:42:05.382+0530] {subprocess.py:106} INFO -         "num_attrs" : 10
[2026-01-29T16:42:05.382+0530] {subprocess.py:106} INFO -       }
[2026-01-29T16:42:05.382+0530] {subprocess.py:106} INFO -     }
[2026-01-29T16:42:05.382+0530] {subprocess.py:106} INFO -   } ]
[2026-01-29T16:42:05.382+0530] {subprocess.py:106} INFO - }
[2026-01-29T16:42:05.382+0530] {subprocess.py:106} INFO - and corresponding Parquet message type:
[2026-01-29T16:42:05.382+0530] {subprocess.py:106} INFO - message spark_schema {
[2026-01-29T16:42:05.382+0530] {subprocess.py:106} INFO -   optional binary city (STRING);
[2026-01-29T16:42:05.382+0530] {subprocess.py:106} INFO -   optional int32 date (DATE);
[2026-01-29T16:42:05.383+0530] {subprocess.py:106} INFO -   optional double temperature_2m_max;
[2026-01-29T16:42:05.383+0530] {subprocess.py:106} INFO -   optional double temperature_2m_min;
[2026-01-29T16:42:05.383+0530] {subprocess.py:106} INFO -   optional double apparent_temperature_max;
[2026-01-29T16:42:05.383+0530] {subprocess.py:106} INFO -   optional double apparent_temperature_min;
[2026-01-29T16:42:05.383+0530] {subprocess.py:106} INFO -   optional double precipitation_sum;
[2026-01-29T16:42:05.383+0530] {subprocess.py:106} INFO -   optional double rain_sum;
[2026-01-29T16:42:05.383+0530] {subprocess.py:106} INFO -   optional int32 weather_code;
[2026-01-29T16:42:05.383+0530] {subprocess.py:106} INFO -   optional double wind_speed_10m_max;
[2026-01-29T16:42:05.383+0530] {subprocess.py:106} INFO -   optional double wind_gusts_10m_max;
[2026-01-29T16:42:05.383+0530] {subprocess.py:106} INFO -   optional int32 wind_direction_10m_dominant;
[2026-01-29T16:42:05.383+0530] {subprocess.py:106} INFO -   required double city_index;
[2026-01-29T16:42:05.383+0530] {subprocess.py:106} INFO -   optional group city_vector {
[2026-01-29T16:42:05.384+0530] {subprocess.py:106} INFO -     required int32 type (INTEGER(8,true));
[2026-01-29T16:42:05.384+0530] {subprocess.py:106} INFO -     optional int32 size;
[2026-01-29T16:42:05.384+0530] {subprocess.py:106} INFO -     optional group indices (LIST) {
[2026-01-29T16:42:05.384+0530] {subprocess.py:106} INFO -       repeated group list {
[2026-01-29T16:42:05.384+0530] {subprocess.py:106} INFO -         required int32 element;
[2026-01-29T16:42:05.384+0530] {subprocess.py:106} INFO -       }
[2026-01-29T16:42:05.384+0530] {subprocess.py:106} INFO -     }
[2026-01-29T16:42:05.384+0530] {subprocess.py:106} INFO -     optional group values (LIST) {
[2026-01-29T16:42:05.384+0530] {subprocess.py:106} INFO -       repeated group list {
[2026-01-29T16:42:05.385+0530] {subprocess.py:106} INFO -         required double element;
[2026-01-29T16:42:05.385+0530] {subprocess.py:106} INFO -       }
[2026-01-29T16:42:05.385+0530] {subprocess.py:106} INFO -     }
[2026-01-29T16:42:05.385+0530] {subprocess.py:106} INFO -   }
[2026-01-29T16:42:05.385+0530] {subprocess.py:106} INFO -   optional double rain_sum_log;
[2026-01-29T16:42:05.385+0530] {subprocess.py:106} INFO -   optional double precipitation_sum_log;
[2026-01-29T16:42:05.385+0530] {subprocess.py:106} INFO -   optional int32 day;
[2026-01-29T16:42:05.385+0530] {subprocess.py:106} INFO -   optional int32 month;
[2026-01-29T16:42:05.385+0530] {subprocess.py:106} INFO -   optional int32 day_of_week;
[2026-01-29T16:42:05.385+0530] {subprocess.py:106} INFO -   optional int32 year;
[2026-01-29T16:42:05.385+0530] {subprocess.py:106} INFO -   optional double temp_lag_1;
[2026-01-29T16:42:05.385+0530] {subprocess.py:106} INFO -   optional double temp_lag_2;
[2026-01-29T16:42:05.386+0530] {subprocess.py:106} INFO -   optional double temp_rolling_3;
[2026-01-29T16:42:05.386+0530] {subprocess.py:106} INFO -   optional group features {
[2026-01-29T16:42:05.386+0530] {subprocess.py:106} INFO -     required int32 type (INTEGER(8,true));
[2026-01-29T16:42:05.386+0530] {subprocess.py:106} INFO -     optional int32 size;
[2026-01-29T16:42:05.386+0530] {subprocess.py:106} INFO -     optional group indices (LIST) {
[2026-01-29T16:42:05.386+0530] {subprocess.py:106} INFO -       repeated group list {
[2026-01-29T16:42:05.386+0530] {subprocess.py:106} INFO -         required int32 element;
[2026-01-29T16:42:05.386+0530] {subprocess.py:106} INFO -       }
[2026-01-29T16:42:05.386+0530] {subprocess.py:106} INFO -     }
[2026-01-29T16:42:05.386+0530] {subprocess.py:106} INFO -     optional group values (LIST) {
[2026-01-29T16:42:05.386+0530] {subprocess.py:106} INFO -       repeated group list {
[2026-01-29T16:42:05.386+0530] {subprocess.py:106} INFO -         required double element;
[2026-01-29T16:42:05.387+0530] {subprocess.py:106} INFO -       }
[2026-01-29T16:42:05.387+0530] {subprocess.py:106} INFO -     }
[2026-01-29T16:42:05.387+0530] {subprocess.py:106} INFO -   }
[2026-01-29T16:42:05.387+0530] {subprocess.py:106} INFO -   optional group scaled_features {
[2026-01-29T16:42:05.387+0530] {subprocess.py:106} INFO -     required int32 type (INTEGER(8,true));
[2026-01-29T16:42:05.387+0530] {subprocess.py:106} INFO -     optional int32 size;
[2026-01-29T16:42:05.387+0530] {subprocess.py:106} INFO -     optional group indices (LIST) {
[2026-01-29T16:42:05.387+0530] {subprocess.py:106} INFO -       repeated group list {
[2026-01-29T16:42:05.387+0530] {subprocess.py:106} INFO -         required int32 element;
[2026-01-29T16:42:05.387+0530] {subprocess.py:106} INFO -       }
[2026-01-29T16:42:05.387+0530] {subprocess.py:106} INFO -     }
[2026-01-29T16:42:05.388+0530] {subprocess.py:106} INFO -     optional group values (LIST) {
[2026-01-29T16:42:05.388+0530] {subprocess.py:106} INFO -       repeated group list {
[2026-01-29T16:42:05.388+0530] {subprocess.py:106} INFO -         required double element;
[2026-01-29T16:42:05.388+0530] {subprocess.py:106} INFO -       }
[2026-01-29T16:42:05.388+0530] {subprocess.py:106} INFO -     }
[2026-01-29T16:42:05.388+0530] {subprocess.py:106} INFO -   }
[2026-01-29T16:42:05.388+0530] {subprocess.py:106} INFO - }
[2026-01-29T16:42:05.388+0530] {subprocess.py:106} INFO - 
[2026-01-29T16:42:05.388+0530] {subprocess.py:106} INFO - 
[2026-01-29T16:42:05.388+0530] {subprocess.py:106} INFO - 26/01/29 16:42:05 INFO ParquetWriteSupport: Initialized Parquet WriteSupport with Catalyst schema:
[2026-01-29T16:42:05.388+0530] {subprocess.py:106} INFO - {
[2026-01-29T16:42:05.388+0530] {subprocess.py:106} INFO -   "type" : "struct",
[2026-01-29T16:42:05.389+0530] {subprocess.py:106} INFO -   "fields" : [ {
[2026-01-29T16:42:05.389+0530] {subprocess.py:106} INFO -     "name" : "city",
[2026-01-29T16:42:05.389+0530] {subprocess.py:106} INFO -     "type" : "string",
[2026-01-29T16:42:05.389+0530] {subprocess.py:106} INFO -     "nullable" : true,
[2026-01-29T16:42:05.389+0530] {subprocess.py:106} INFO -     "metadata" : { }
[2026-01-29T16:42:05.389+0530] {subprocess.py:106} INFO -   }, {
[2026-01-29T16:42:05.389+0530] {subprocess.py:106} INFO -     "name" : "date",
[2026-01-29T16:42:05.389+0530] {subprocess.py:106} INFO -     "type" : "date",
[2026-01-29T16:42:05.389+0530] {subprocess.py:106} INFO -     "nullable" : true,
[2026-01-29T16:42:05.389+0530] {subprocess.py:106} INFO -     "metadata" : { }
[2026-01-29T16:42:05.389+0530] {subprocess.py:106} INFO -   }, {
[2026-01-29T16:42:05.389+0530] {subprocess.py:106} INFO -     "name" : "temperature_2m_max",
[2026-01-29T16:42:05.390+0530] {subprocess.py:106} INFO -     "type" : "double",
[2026-01-29T16:42:05.390+0530] {subprocess.py:106} INFO -     "nullable" : true,
[2026-01-29T16:42:05.390+0530] {subprocess.py:106} INFO -     "metadata" : { }
[2026-01-29T16:42:05.390+0530] {subprocess.py:106} INFO -   }, {
[2026-01-29T16:42:05.390+0530] {subprocess.py:106} INFO -     "name" : "temperature_2m_min",
[2026-01-29T16:42:05.390+0530] {subprocess.py:106} INFO -     "type" : "double",
[2026-01-29T16:42:05.390+0530] {subprocess.py:106} INFO -     "nullable" : true,
[2026-01-29T16:42:05.390+0530] {subprocess.py:106} INFO -     "metadata" : { }
[2026-01-29T16:42:05.390+0530] {subprocess.py:106} INFO -   }, {
[2026-01-29T16:42:05.390+0530] {subprocess.py:106} INFO -     "name" : "apparent_temperature_max",
[2026-01-29T16:42:05.390+0530] {subprocess.py:106} INFO -     "type" : "double",
[2026-01-29T16:42:05.390+0530] {subprocess.py:106} INFO -     "nullable" : true,
[2026-01-29T16:42:05.391+0530] {subprocess.py:106} INFO -     "metadata" : { }
[2026-01-29T16:42:05.391+0530] {subprocess.py:106} INFO -   }, {
[2026-01-29T16:42:05.391+0530] {subprocess.py:106} INFO -     "name" : "apparent_temperature_min",
[2026-01-29T16:42:05.391+0530] {subprocess.py:106} INFO -     "type" : "double",
[2026-01-29T16:42:05.391+0530] {subprocess.py:106} INFO -     "nullable" : true,
[2026-01-29T16:42:05.391+0530] {subprocess.py:106} INFO -     "metadata" : { }
[2026-01-29T16:42:05.391+0530] {subprocess.py:106} INFO -   }, {
[2026-01-29T16:42:05.391+0530] {subprocess.py:106} INFO -     "name" : "precipitation_sum",
[2026-01-29T16:42:05.391+0530] {subprocess.py:106} INFO -     "type" : "double",
[2026-01-29T16:42:05.391+0530] {subprocess.py:106} INFO -     "nullable" : true,
[2026-01-29T16:42:05.391+0530] {subprocess.py:106} INFO -     "metadata" : { }
[2026-01-29T16:42:05.392+0530] {subprocess.py:106} INFO -   }, {
[2026-01-29T16:42:05.392+0530] {subprocess.py:106} INFO -     "name" : "rain_sum",
[2026-01-29T16:42:05.392+0530] {subprocess.py:106} INFO -     "type" : "double",
[2026-01-29T16:42:05.392+0530] {subprocess.py:106} INFO -     "nullable" : true,
[2026-01-29T16:42:05.392+0530] {subprocess.py:106} INFO -     "metadata" : { }
[2026-01-29T16:42:05.392+0530] {subprocess.py:106} INFO -   }, {
[2026-01-29T16:42:05.392+0530] {subprocess.py:106} INFO -     "name" : "weather_code",
[2026-01-29T16:42:05.392+0530] {subprocess.py:106} INFO -     "type" : "integer",
[2026-01-29T16:42:05.392+0530] {subprocess.py:106} INFO -     "nullable" : true,
[2026-01-29T16:42:05.393+0530] {subprocess.py:106} INFO -     "metadata" : { }
[2026-01-29T16:42:05.393+0530] {subprocess.py:106} INFO -   }, {
[2026-01-29T16:42:05.393+0530] {subprocess.py:106} INFO -     "name" : "wind_speed_10m_max",
[2026-01-29T16:42:05.393+0530] {subprocess.py:106} INFO -     "type" : "double",
[2026-01-29T16:42:05.393+0530] {subprocess.py:106} INFO -     "nullable" : true,
[2026-01-29T16:42:05.393+0530] {subprocess.py:106} INFO -     "metadata" : { }
[2026-01-29T16:42:05.393+0530] {subprocess.py:106} INFO -   }, {
[2026-01-29T16:42:05.393+0530] {subprocess.py:106} INFO -     "name" : "wind_gusts_10m_max",
[2026-01-29T16:42:05.393+0530] {subprocess.py:106} INFO -     "type" : "double",
[2026-01-29T16:42:05.393+0530] {subprocess.py:106} INFO -     "nullable" : true,
[2026-01-29T16:42:05.393+0530] {subprocess.py:106} INFO -     "metadata" : { }
[2026-01-29T16:42:05.394+0530] {subprocess.py:106} INFO -   }, {
[2026-01-29T16:42:05.394+0530] {subprocess.py:106} INFO -     "name" : "wind_direction_10m_dominant",
[2026-01-29T16:42:05.394+0530] {subprocess.py:106} INFO -     "type" : "integer",
[2026-01-29T16:42:05.394+0530] {subprocess.py:106} INFO -     "nullable" : true,
[2026-01-29T16:42:05.394+0530] {subprocess.py:106} INFO -     "metadata" : { }
[2026-01-29T16:42:05.394+0530] {subprocess.py:106} INFO -   }, {
[2026-01-29T16:42:05.394+0530] {subprocess.py:106} INFO -     "name" : "city_index",
[2026-01-29T16:42:05.394+0530] {subprocess.py:106} INFO -     "type" : "double",
[2026-01-29T16:42:05.394+0530] {subprocess.py:106} INFO -     "nullable" : false,
[2026-01-29T16:42:05.395+0530] {subprocess.py:106} INFO -     "metadata" : {
[2026-01-29T16:42:05.395+0530] {subprocess.py:106} INFO -       "ml_attr" : {
[2026-01-29T16:42:05.395+0530] {subprocess.py:106} INFO -         "type" : "nominal",
[2026-01-29T16:42:05.395+0530] {subprocess.py:106} INFO -         "vals" : [ "Ahmedabad", "Bangalore", "Chennai", "Delhi", "Hyderabad", "Jaipur", "Kolkata", "Lucknow", "Mumbai", "Pune", "city", "__unknown" ],
[2026-01-29T16:42:05.395+0530] {subprocess.py:106} INFO -         "name" : "city_index"
[2026-01-29T16:42:05.395+0530] {subprocess.py:106} INFO -       }
[2026-01-29T16:42:05.395+0530] {subprocess.py:106} INFO -     }
[2026-01-29T16:42:05.395+0530] {subprocess.py:106} INFO -   }, {
[2026-01-29T16:42:05.395+0530] {subprocess.py:106} INFO -     "name" : "city_vector",
[2026-01-29T16:42:05.395+0530] {subprocess.py:106} INFO -     "type" : {
[2026-01-29T16:42:05.395+0530] {subprocess.py:106} INFO -       "type" : "udt",
[2026-01-29T16:42:05.395+0530] {subprocess.py:106} INFO -       "class" : "org.apache.spark.ml.linalg.VectorUDT",
[2026-01-29T16:42:05.396+0530] {subprocess.py:106} INFO -       "pyClass" : "pyspark.ml.linalg.VectorUDT",
[2026-01-29T16:42:05.396+0530] {subprocess.py:106} INFO -       "sqlType" : {
[2026-01-29T16:42:05.396+0530] {subprocess.py:106} INFO -         "type" : "struct",
[2026-01-29T16:42:05.396+0530] {subprocess.py:106} INFO -         "fields" : [ {
[2026-01-29T16:42:05.396+0530] {subprocess.py:106} INFO -           "name" : "type",
[2026-01-29T16:42:05.396+0530] {subprocess.py:106} INFO -           "type" : "byte",
[2026-01-29T16:42:05.396+0530] {subprocess.py:106} INFO -           "nullable" : false,
[2026-01-29T16:42:05.396+0530] {subprocess.py:106} INFO -           "metadata" : { }
[2026-01-29T16:42:05.396+0530] {subprocess.py:106} INFO -         }, {
[2026-01-29T16:42:05.396+0530] {subprocess.py:106} INFO -           "name" : "size",
[2026-01-29T16:42:05.396+0530] {subprocess.py:106} INFO -           "type" : "integer",
[2026-01-29T16:42:05.396+0530] {subprocess.py:106} INFO -           "nullable" : true,
[2026-01-29T16:42:05.397+0530] {subprocess.py:106} INFO -           "metadata" : { }
[2026-01-29T16:42:05.397+0530] {subprocess.py:106} INFO -         }, {
[2026-01-29T16:42:05.397+0530] {subprocess.py:106} INFO -           "name" : "indices",
[2026-01-29T16:42:05.397+0530] {subprocess.py:106} INFO -           "type" : {
[2026-01-29T16:42:05.397+0530] {subprocess.py:106} INFO -             "type" : "array",
[2026-01-29T16:42:05.397+0530] {subprocess.py:106} INFO -             "elementType" : "integer",
[2026-01-29T16:42:05.397+0530] {subprocess.py:106} INFO -             "containsNull" : false
[2026-01-29T16:42:05.397+0530] {subprocess.py:106} INFO -           },
[2026-01-29T16:42:05.397+0530] {subprocess.py:106} INFO -           "nullable" : true,
[2026-01-29T16:42:05.397+0530] {subprocess.py:106} INFO -           "metadata" : { }
[2026-01-29T16:42:05.397+0530] {subprocess.py:106} INFO -         }, {
[2026-01-29T16:42:05.398+0530] {subprocess.py:106} INFO -           "name" : "values",
[2026-01-29T16:42:05.398+0530] {subprocess.py:106} INFO -           "type" : {
[2026-01-29T16:42:05.398+0530] {subprocess.py:106} INFO -             "type" : "array",
[2026-01-29T16:42:05.398+0530] {subprocess.py:106} INFO -             "elementType" : "double",
[2026-01-29T16:42:05.398+0530] {subprocess.py:106} INFO -             "containsNull" : false
[2026-01-29T16:42:05.398+0530] {subprocess.py:106} INFO -           },
[2026-01-29T16:42:05.398+0530] {subprocess.py:106} INFO -           "nullable" : true,
[2026-01-29T16:42:05.398+0530] {subprocess.py:106} INFO -           "metadata" : { }
[2026-01-29T16:42:05.398+0530] {subprocess.py:106} INFO -         } ]
[2026-01-29T16:42:05.398+0530] {subprocess.py:106} INFO -       }
[2026-01-29T16:42:05.398+0530] {subprocess.py:106} INFO -     },
[2026-01-29T16:42:05.398+0530] {subprocess.py:106} INFO -     "nullable" : true,
[2026-01-29T16:42:05.399+0530] {subprocess.py:106} INFO -     "metadata" : {
[2026-01-29T16:42:05.399+0530] {subprocess.py:106} INFO -       "ml_attr" : {
[2026-01-29T16:42:05.399+0530] {subprocess.py:106} INFO -         "attrs" : {
[2026-01-29T16:42:05.399+0530] {subprocess.py:106} INFO -           "binary" : [ {
[2026-01-29T16:42:05.399+0530] {subprocess.py:106} INFO -             "idx" : 0,
[2026-01-29T16:42:05.399+0530] {subprocess.py:106} INFO -             "name" : "Ahmedabad"
[2026-01-29T16:42:05.399+0530] {subprocess.py:106} INFO -           }, {
[2026-01-29T16:42:05.399+0530] {subprocess.py:106} INFO -             "idx" : 1,
[2026-01-29T16:42:05.399+0530] {subprocess.py:106} INFO -             "name" : "Bangalore"
[2026-01-29T16:42:05.399+0530] {subprocess.py:106} INFO -           }, {
[2026-01-29T16:42:05.399+0530] {subprocess.py:106} INFO -             "idx" : 2,
[2026-01-29T16:42:05.400+0530] {subprocess.py:106} INFO -             "name" : "Chennai"
[2026-01-29T16:42:05.400+0530] {subprocess.py:106} INFO -           }, {
[2026-01-29T16:42:05.400+0530] {subprocess.py:106} INFO -             "idx" : 3,
[2026-01-29T16:42:05.400+0530] {subprocess.py:106} INFO -             "name" : "Delhi"
[2026-01-29T16:42:05.400+0530] {subprocess.py:106} INFO -           }, {
[2026-01-29T16:42:05.400+0530] {subprocess.py:106} INFO -             "idx" : 4,
[2026-01-29T16:42:05.400+0530] {subprocess.py:106} INFO -             "name" : "Hyderabad"
[2026-01-29T16:42:05.400+0530] {subprocess.py:106} INFO -           }, {
[2026-01-29T16:42:05.400+0530] {subprocess.py:106} INFO -             "idx" : 5,
[2026-01-29T16:42:05.400+0530] {subprocess.py:106} INFO -             "name" : "Jaipur"
[2026-01-29T16:42:05.400+0530] {subprocess.py:106} INFO -           }, {
[2026-01-29T16:42:05.401+0530] {subprocess.py:106} INFO -             "idx" : 6,
[2026-01-29T16:42:05.401+0530] {subprocess.py:106} INFO -             "name" : "Kolkata"
[2026-01-29T16:42:05.401+0530] {subprocess.py:106} INFO -           }, {
[2026-01-29T16:42:05.401+0530] {subprocess.py:106} INFO -             "idx" : 7,
[2026-01-29T16:42:05.401+0530] {subprocess.py:106} INFO -             "name" : "Lucknow"
[2026-01-29T16:42:05.401+0530] {subprocess.py:106} INFO -           }, {
[2026-01-29T16:42:05.401+0530] {subprocess.py:106} INFO -             "idx" : 8,
[2026-01-29T16:42:05.401+0530] {subprocess.py:106} INFO -             "name" : "Mumbai"
[2026-01-29T16:42:05.401+0530] {subprocess.py:106} INFO -           }, {
[2026-01-29T16:42:05.401+0530] {subprocess.py:106} INFO -             "idx" : 9,
[2026-01-29T16:42:05.401+0530] {subprocess.py:106} INFO -             "name" : "Pune"
[2026-01-29T16:42:05.401+0530] {subprocess.py:106} INFO -           }, {
[2026-01-29T16:42:05.402+0530] {subprocess.py:106} INFO -             "idx" : 10,
[2026-01-29T16:42:05.402+0530] {subprocess.py:106} INFO -             "name" : "city"
[2026-01-29T16:42:05.402+0530] {subprocess.py:106} INFO -           } ]
[2026-01-29T16:42:05.402+0530] {subprocess.py:106} INFO -         },
[2026-01-29T16:42:05.402+0530] {subprocess.py:106} INFO -         "num_attrs" : 11
[2026-01-29T16:42:05.402+0530] {subprocess.py:106} INFO -       }
[2026-01-29T16:42:05.402+0530] {subprocess.py:106} INFO -     }
[2026-01-29T16:42:05.402+0530] {subprocess.py:106} INFO -   }, {
[2026-01-29T16:42:05.402+0530] {subprocess.py:106} INFO -     "name" : "rain_sum_log",
[2026-01-29T16:42:05.402+0530] {subprocess.py:106} INFO -     "type" : "double",
[2026-01-29T16:42:05.402+0530] {subprocess.py:106} INFO -     "nullable" : true,
[2026-01-29T16:42:05.402+0530] {subprocess.py:106} INFO -     "metadata" : { }
[2026-01-29T16:42:05.403+0530] {subprocess.py:106} INFO -   }, {
[2026-01-29T16:42:05.403+0530] {subprocess.py:106} INFO -     "name" : "precipitation_sum_log",
[2026-01-29T16:42:05.403+0530] {subprocess.py:106} INFO -     "type" : "double",
[2026-01-29T16:42:05.403+0530] {subprocess.py:106} INFO -     "nullable" : true,
[2026-01-29T16:42:05.403+0530] {subprocess.py:106} INFO -     "metadata" : { }
[2026-01-29T16:42:05.403+0530] {subprocess.py:106} INFO -   }, {
[2026-01-29T16:42:05.403+0530] {subprocess.py:106} INFO -     "name" : "day",
[2026-01-29T16:42:05.403+0530] {subprocess.py:106} INFO -     "type" : "integer",
[2026-01-29T16:42:05.403+0530] {subprocess.py:106} INFO -     "nullable" : true,
[2026-01-29T16:42:05.403+0530] {subprocess.py:106} INFO -     "metadata" : { }
[2026-01-29T16:42:05.403+0530] {subprocess.py:106} INFO -   }, {
[2026-01-29T16:42:05.403+0530] {subprocess.py:106} INFO -     "name" : "month",
[2026-01-29T16:42:05.404+0530] {subprocess.py:106} INFO -     "type" : "integer",
[2026-01-29T16:42:05.404+0530] {subprocess.py:106} INFO -     "nullable" : true,
[2026-01-29T16:42:05.404+0530] {subprocess.py:106} INFO -     "metadata" : { }
[2026-01-29T16:42:05.404+0530] {subprocess.py:106} INFO -   }, {
[2026-01-29T16:42:05.404+0530] {subprocess.py:106} INFO -     "name" : "day_of_week",
[2026-01-29T16:42:05.404+0530] {subprocess.py:106} INFO -     "type" : "integer",
[2026-01-29T16:42:05.404+0530] {subprocess.py:106} INFO -     "nullable" : true,
[2026-01-29T16:42:05.404+0530] {subprocess.py:106} INFO -     "metadata" : { }
[2026-01-29T16:42:05.404+0530] {subprocess.py:106} INFO -   }, {
[2026-01-29T16:42:05.404+0530] {subprocess.py:106} INFO -     "name" : "year",
[2026-01-29T16:42:05.404+0530] {subprocess.py:106} INFO -     "type" : "integer",
[2026-01-29T16:42:05.404+0530] {subprocess.py:106} INFO -     "nullable" : true,
[2026-01-29T16:42:05.405+0530] {subprocess.py:106} INFO -     "metadata" : { }
[2026-01-29T16:42:05.405+0530] {subprocess.py:106} INFO -   }, {
[2026-01-29T16:42:05.405+0530] {subprocess.py:106} INFO -     "name" : "temp_lag_1",
[2026-01-29T16:42:05.405+0530] {subprocess.py:106} INFO -     "type" : "double",
[2026-01-29T16:42:05.405+0530] {subprocess.py:106} INFO -     "nullable" : true,
[2026-01-29T16:42:05.405+0530] {subprocess.py:106} INFO -     "metadata" : { }
[2026-01-29T16:42:05.405+0530] {subprocess.py:106} INFO -   }, {
[2026-01-29T16:42:05.405+0530] {subprocess.py:106} INFO -     "name" : "temp_lag_2",
[2026-01-29T16:42:05.405+0530] {subprocess.py:106} INFO -     "type" : "double",
[2026-01-29T16:42:05.405+0530] {subprocess.py:106} INFO -     "nullable" : true,
[2026-01-29T16:42:05.405+0530] {subprocess.py:106} INFO -     "metadata" : { }
[2026-01-29T16:42:05.405+0530] {subprocess.py:106} INFO -   }, {
[2026-01-29T16:42:05.406+0530] {subprocess.py:106} INFO -     "name" : "temp_rolling_3",
[2026-01-29T16:42:05.406+0530] {subprocess.py:106} INFO -     "type" : "double",
[2026-01-29T16:42:05.406+0530] {subprocess.py:106} INFO -     "nullable" : true,
[2026-01-29T16:42:05.406+0530] {subprocess.py:106} INFO -     "metadata" : { }
[2026-01-29T16:42:05.406+0530] {subprocess.py:106} INFO -   }, {
[2026-01-29T16:42:05.406+0530] {subprocess.py:106} INFO -     "name" : "features",
[2026-01-29T16:42:05.406+0530] {subprocess.py:106} INFO -     "type" : {
[2026-01-29T16:42:05.406+0530] {subprocess.py:106} INFO -       "type" : "udt",
[2026-01-29T16:42:05.406+0530] {subprocess.py:106} INFO -       "class" : "org.apache.spark.ml.linalg.VectorUDT",
[2026-01-29T16:42:05.406+0530] {subprocess.py:106} INFO -       "pyClass" : "pyspark.ml.linalg.VectorUDT",
[2026-01-29T16:42:05.406+0530] {subprocess.py:106} INFO -       "sqlType" : {
[2026-01-29T16:42:05.406+0530] {subprocess.py:106} INFO -         "type" : "struct",
[2026-01-29T16:42:05.406+0530] {subprocess.py:106} INFO -         "fields" : [ {
[2026-01-29T16:42:05.407+0530] {subprocess.py:106} INFO -           "name" : "type",
[2026-01-29T16:42:05.407+0530] {subprocess.py:106} INFO -           "type" : "byte",
[2026-01-29T16:42:05.407+0530] {subprocess.py:106} INFO -           "nullable" : false,
[2026-01-29T16:42:05.407+0530] {subprocess.py:106} INFO -           "metadata" : { }
[2026-01-29T16:42:05.407+0530] {subprocess.py:106} INFO -         }, {
[2026-01-29T16:42:05.407+0530] {subprocess.py:106} INFO -           "name" : "size",
[2026-01-29T16:42:05.407+0530] {subprocess.py:106} INFO -           "type" : "integer",
[2026-01-29T16:42:05.407+0530] {subprocess.py:106} INFO -           "nullable" : true,
[2026-01-29T16:42:05.407+0530] {subprocess.py:106} INFO -           "metadata" : { }
[2026-01-29T16:42:05.407+0530] {subprocess.py:106} INFO -         }, {
[2026-01-29T16:42:05.407+0530] {subprocess.py:106} INFO -           "name" : "indices",
[2026-01-29T16:42:05.408+0530] {subprocess.py:106} INFO -           "type" : {
[2026-01-29T16:42:05.408+0530] {subprocess.py:106} INFO -             "type" : "array",
[2026-01-29T16:42:05.408+0530] {subprocess.py:106} INFO -             "elementType" : "integer",
[2026-01-29T16:42:05.408+0530] {subprocess.py:106} INFO -             "containsNull" : false
[2026-01-29T16:42:05.408+0530] {subprocess.py:106} INFO -           },
[2026-01-29T16:42:05.408+0530] {subprocess.py:106} INFO -           "nullable" : true,
[2026-01-29T16:42:05.408+0530] {subprocess.py:106} INFO -           "metadata" : { }
[2026-01-29T16:42:05.408+0530] {subprocess.py:106} INFO -         }, {
[2026-01-29T16:42:05.408+0530] {subprocess.py:106} INFO -           "name" : "values",
[2026-01-29T16:42:05.408+0530] {subprocess.py:106} INFO -           "type" : {
[2026-01-29T16:42:05.408+0530] {subprocess.py:106} INFO -             "type" : "array",
[2026-01-29T16:42:05.408+0530] {subprocess.py:106} INFO -             "elementType" : "double",
[2026-01-29T16:42:05.409+0530] {subprocess.py:106} INFO -             "containsNull" : false
[2026-01-29T16:42:05.409+0530] {subprocess.py:106} INFO -           },
[2026-01-29T16:42:05.409+0530] {subprocess.py:106} INFO -           "nullable" : true,
[2026-01-29T16:42:05.409+0530] {subprocess.py:106} INFO -           "metadata" : { }
[2026-01-29T16:42:05.409+0530] {subprocess.py:106} INFO -         } ]
[2026-01-29T16:42:05.409+0530] {subprocess.py:106} INFO -       }
[2026-01-29T16:42:05.409+0530] {subprocess.py:106} INFO -     },
[2026-01-29T16:42:05.409+0530] {subprocess.py:106} INFO -     "nullable" : true,
[2026-01-29T16:42:05.409+0530] {subprocess.py:106} INFO -     "metadata" : {
[2026-01-29T16:42:05.409+0530] {subprocess.py:106} INFO -       "ml_attr" : {
[2026-01-29T16:42:05.409+0530] {subprocess.py:106} INFO -         "attrs" : {
[2026-01-29T16:42:05.409+0530] {subprocess.py:106} INFO -           "numeric" : [ {
[2026-01-29T16:42:05.410+0530] {subprocess.py:106} INFO -             "idx" : 0,
[2026-01-29T16:42:05.410+0530] {subprocess.py:106} INFO -             "name" : "temperature_2m_max"
[2026-01-29T16:42:05.410+0530] {subprocess.py:106} INFO -           }, {
[2026-01-29T16:42:05.410+0530] {subprocess.py:106} INFO -             "idx" : 1,
[2026-01-29T16:42:05.410+0530] {subprocess.py:106} INFO -             "name" : "temperature_2m_min"
[2026-01-29T16:42:05.410+0530] {subprocess.py:106} INFO -           }, {
[2026-01-29T16:42:05.410+0530] {subprocess.py:106} INFO -             "idx" : 2,
[2026-01-29T16:42:05.410+0530] {subprocess.py:106} INFO -             "name" : "apparent_temperature_max"
[2026-01-29T16:42:05.410+0530] {subprocess.py:106} INFO -           }, {
[2026-01-29T16:42:05.410+0530] {subprocess.py:106} INFO -             "idx" : 3,
[2026-01-29T16:42:05.410+0530] {subprocess.py:106} INFO -             "name" : "apparent_temperature_min"
[2026-01-29T16:42:05.410+0530] {subprocess.py:106} INFO -           }, {
[2026-01-29T16:42:05.411+0530] {subprocess.py:106} INFO -             "idx" : 4,
[2026-01-29T16:42:05.411+0530] {subprocess.py:106} INFO -             "name" : "wind_speed_10m_max"
[2026-01-29T16:42:05.411+0530] {subprocess.py:106} INFO -           }, {
[2026-01-29T16:42:05.411+0530] {subprocess.py:106} INFO -             "idx" : 5,
[2026-01-29T16:42:05.411+0530] {subprocess.py:106} INFO -             "name" : "wind_gusts_10m_max"
[2026-01-29T16:42:05.411+0530] {subprocess.py:106} INFO -           }, {
[2026-01-29T16:42:05.411+0530] {subprocess.py:106} INFO -             "idx" : 6,
[2026-01-29T16:42:05.411+0530] {subprocess.py:106} INFO -             "name" : "rain_sum_log"
[2026-01-29T16:42:05.411+0530] {subprocess.py:106} INFO -           }, {
[2026-01-29T16:42:05.411+0530] {subprocess.py:106} INFO -             "idx" : 7,
[2026-01-29T16:42:05.411+0530] {subprocess.py:106} INFO -             "name" : "temp_lag_1"
[2026-01-29T16:42:05.412+0530] {subprocess.py:106} INFO -           }, {
[2026-01-29T16:42:05.412+0530] {subprocess.py:106} INFO -             "idx" : 8,
[2026-01-29T16:42:05.412+0530] {subprocess.py:106} INFO -             "name" : "temp_lag_2"
[2026-01-29T16:42:05.412+0530] {subprocess.py:106} INFO -           }, {
[2026-01-29T16:42:05.412+0530] {subprocess.py:106} INFO -             "idx" : 9,
[2026-01-29T16:42:05.412+0530] {subprocess.py:106} INFO -             "name" : "temp_rolling_3"
[2026-01-29T16:42:05.412+0530] {subprocess.py:106} INFO -           } ]
[2026-01-29T16:42:05.412+0530] {subprocess.py:106} INFO -         },
[2026-01-29T16:42:05.412+0530] {subprocess.py:106} INFO -         "num_attrs" : 10
[2026-01-29T16:42:05.412+0530] {subprocess.py:106} INFO -       }
[2026-01-29T16:42:05.412+0530] {subprocess.py:106} INFO -     }
[2026-01-29T16:42:05.412+0530] {subprocess.py:106} INFO -   }, {
[2026-01-29T16:42:05.413+0530] {subprocess.py:106} INFO -     "name" : "scaled_features",
[2026-01-29T16:42:05.413+0530] {subprocess.py:106} INFO -     "type" : {
[2026-01-29T16:42:05.413+0530] {subprocess.py:106} INFO -       "type" : "udt",
[2026-01-29T16:42:05.413+0530] {subprocess.py:106} INFO -       "class" : "org.apache.spark.ml.linalg.VectorUDT",
[2026-01-29T16:42:05.413+0530] {subprocess.py:106} INFO -       "pyClass" : "pyspark.ml.linalg.VectorUDT",
[2026-01-29T16:42:05.413+0530] {subprocess.py:106} INFO -       "sqlType" : {
[2026-01-29T16:42:05.413+0530] {subprocess.py:106} INFO -         "type" : "struct",
[2026-01-29T16:42:05.413+0530] {subprocess.py:106} INFO -         "fields" : [ {
[2026-01-29T16:42:05.413+0530] {subprocess.py:106} INFO -           "name" : "type",
[2026-01-29T16:42:05.413+0530] {subprocess.py:106} INFO -           "type" : "byte",
[2026-01-29T16:42:05.413+0530] {subprocess.py:106} INFO -           "nullable" : false,
[2026-01-29T16:42:05.413+0530] {subprocess.py:106} INFO -           "metadata" : { }
[2026-01-29T16:42:05.414+0530] {subprocess.py:106} INFO -         }, {
[2026-01-29T16:42:05.414+0530] {subprocess.py:106} INFO -           "name" : "size",
[2026-01-29T16:42:05.414+0530] {subprocess.py:106} INFO -           "type" : "integer",
[2026-01-29T16:42:05.414+0530] {subprocess.py:106} INFO -           "nullable" : true,
[2026-01-29T16:42:05.414+0530] {subprocess.py:106} INFO -           "metadata" : { }
[2026-01-29T16:42:05.414+0530] {subprocess.py:106} INFO -         }, {
[2026-01-29T16:42:05.414+0530] {subprocess.py:106} INFO -           "name" : "indices",
[2026-01-29T16:42:05.414+0530] {subprocess.py:106} INFO -           "type" : {
[2026-01-29T16:42:05.414+0530] {subprocess.py:106} INFO -             "type" : "array",
[2026-01-29T16:42:05.414+0530] {subprocess.py:106} INFO -             "elementType" : "integer",
[2026-01-29T16:42:05.414+0530] {subprocess.py:106} INFO -             "containsNull" : false
[2026-01-29T16:42:05.414+0530] {subprocess.py:106} INFO -           },
[2026-01-29T16:42:05.415+0530] {subprocess.py:106} INFO -           "nullable" : true,
[2026-01-29T16:42:05.415+0530] {subprocess.py:106} INFO -           "metadata" : { }
[2026-01-29T16:42:05.415+0530] {subprocess.py:106} INFO -         }, {
[2026-01-29T16:42:05.415+0530] {subprocess.py:106} INFO -           "name" : "values",
[2026-01-29T16:42:05.415+0530] {subprocess.py:106} INFO -           "type" : {
[2026-01-29T16:42:05.415+0530] {subprocess.py:106} INFO -             "type" : "array",
[2026-01-29T16:42:05.415+0530] {subprocess.py:106} INFO -             "elementType" : "double",
[2026-01-29T16:42:05.415+0530] {subprocess.py:106} INFO -             "containsNull" : false
[2026-01-29T16:42:05.415+0530] {subprocess.py:106} INFO -           },
[2026-01-29T16:42:05.415+0530] {subprocess.py:106} INFO -           "nullable" : true,
[2026-01-29T16:42:05.415+0530] {subprocess.py:106} INFO -           "metadata" : { }
[2026-01-29T16:42:05.415+0530] {subprocess.py:106} INFO -         } ]
[2026-01-29T16:42:05.416+0530] {subprocess.py:106} INFO -       }
[2026-01-29T16:42:05.416+0530] {subprocess.py:106} INFO -     },
[2026-01-29T16:42:05.416+0530] {subprocess.py:106} INFO -     "nullable" : true,
[2026-01-29T16:42:05.416+0530] {subprocess.py:106} INFO -     "metadata" : {
[2026-01-29T16:42:05.416+0530] {subprocess.py:106} INFO -       "ml_attr" : {
[2026-01-29T16:42:05.416+0530] {subprocess.py:106} INFO -         "num_attrs" : 10
[2026-01-29T16:42:05.416+0530] {subprocess.py:106} INFO -       }
[2026-01-29T16:42:05.416+0530] {subprocess.py:106} INFO -     }
[2026-01-29T16:42:05.416+0530] {subprocess.py:106} INFO -   } ]
[2026-01-29T16:42:05.416+0530] {subprocess.py:106} INFO - }
[2026-01-29T16:42:05.416+0530] {subprocess.py:106} INFO - and corresponding Parquet message type:
[2026-01-29T16:42:05.416+0530] {subprocess.py:106} INFO - message spark_schema {
[2026-01-29T16:42:05.417+0530] {subprocess.py:106} INFO -   optional binary city (STRING);
[2026-01-29T16:42:05.417+0530] {subprocess.py:106} INFO -   optional int32 date (DATE);
[2026-01-29T16:42:05.417+0530] {subprocess.py:106} INFO -   optional double temperature_2m_max;
[2026-01-29T16:42:05.417+0530] {subprocess.py:106} INFO -   optional double temperature_2m_min;
[2026-01-29T16:42:05.417+0530] {subprocess.py:106} INFO -   optional double apparent_temperature_max;
[2026-01-29T16:42:05.417+0530] {subprocess.py:106} INFO -   optional double apparent_temperature_min;
[2026-01-29T16:42:05.417+0530] {subprocess.py:106} INFO -   optional double precipitation_sum;
[2026-01-29T16:42:05.417+0530] {subprocess.py:106} INFO -   optional double rain_sum;
[2026-01-29T16:42:05.417+0530] {subprocess.py:106} INFO -   optional int32 weather_code;
[2026-01-29T16:42:05.417+0530] {subprocess.py:106} INFO -   optional double wind_speed_10m_max;
[2026-01-29T16:42:05.417+0530] {subprocess.py:106} INFO -   optional double wind_gusts_10m_max;
[2026-01-29T16:42:05.417+0530] {subprocess.py:106} INFO -   optional int32 wind_direction_10m_dominant;
[2026-01-29T16:42:05.418+0530] {subprocess.py:106} INFO -   required double city_index;
[2026-01-29T16:42:05.418+0530] {subprocess.py:106} INFO -   optional group city_vector {
[2026-01-29T16:42:05.418+0530] {subprocess.py:106} INFO -     required int32 type (INTEGER(8,true));
[2026-01-29T16:42:05.418+0530] {subprocess.py:106} INFO -     optional int32 size;
[2026-01-29T16:42:05.418+0530] {subprocess.py:106} INFO -     optional group indices (LIST) {
[2026-01-29T16:42:05.418+0530] {subprocess.py:106} INFO -       repeated group list {
[2026-01-29T16:42:05.418+0530] {subprocess.py:106} INFO -         required int32 element;
[2026-01-29T16:42:05.418+0530] {subprocess.py:106} INFO -       }
[2026-01-29T16:42:05.418+0530] {subprocess.py:106} INFO -     }
[2026-01-29T16:42:05.418+0530] {subprocess.py:106} INFO -     optional group values (LIST) {
[2026-01-29T16:42:05.418+0530] {subprocess.py:106} INFO -       repeated group list {
[2026-01-29T16:42:05.418+0530] {subprocess.py:106} INFO -         required double element;
[2026-01-29T16:42:05.419+0530] {subprocess.py:106} INFO -       }
[2026-01-29T16:42:05.419+0530] {subprocess.py:106} INFO -     }
[2026-01-29T16:42:05.419+0530] {subprocess.py:106} INFO -   }
[2026-01-29T16:42:05.419+0530] {subprocess.py:106} INFO -   optional double rain_sum_log;
[2026-01-29T16:42:05.419+0530] {subprocess.py:106} INFO -   optional double precipitation_sum_log;
[2026-01-29T16:42:05.419+0530] {subprocess.py:106} INFO -   optional int32 day;
[2026-01-29T16:42:05.419+0530] {subprocess.py:106} INFO -   optional int32 month;
[2026-01-29T16:42:05.419+0530] {subprocess.py:106} INFO -   optional int32 day_of_week;
[2026-01-29T16:42:05.419+0530] {subprocess.py:106} INFO -   optional int32 year;
[2026-01-29T16:42:05.419+0530] {subprocess.py:106} INFO -   optional double temp_lag_1;
[2026-01-29T16:42:05.419+0530] {subprocess.py:106} INFO -   optional double temp_lag_2;
[2026-01-29T16:42:05.419+0530] {subprocess.py:106} INFO -   optional double temp_rolling_3;
[2026-01-29T16:42:05.420+0530] {subprocess.py:106} INFO -   optional group features {
[2026-01-29T16:42:05.420+0530] {subprocess.py:106} INFO -     required int32 type (INTEGER(8,true));
[2026-01-29T16:42:05.420+0530] {subprocess.py:106} INFO -     optional int32 size;
[2026-01-29T16:42:05.420+0530] {subprocess.py:106} INFO -     optional group indices (LIST) {
[2026-01-29T16:42:05.420+0530] {subprocess.py:106} INFO -       repeated group list {
[2026-01-29T16:42:05.420+0530] {subprocess.py:106} INFO -         required int32 element;
[2026-01-29T16:42:05.420+0530] {subprocess.py:106} INFO -       }
[2026-01-29T16:42:05.420+0530] {subprocess.py:106} INFO -     }
[2026-01-29T16:42:05.420+0530] {subprocess.py:106} INFO -     optional group values (LIST) {
[2026-01-29T16:42:05.420+0530] {subprocess.py:106} INFO -       repeated group list {
[2026-01-29T16:42:05.420+0530] {subprocess.py:106} INFO -         required double element;
[2026-01-29T16:42:05.420+0530] {subprocess.py:106} INFO -       }
[2026-01-29T16:42:05.421+0530] {subprocess.py:106} INFO -     }
[2026-01-29T16:42:05.421+0530] {subprocess.py:106} INFO -   }
[2026-01-29T16:42:05.421+0530] {subprocess.py:106} INFO -   optional group scaled_features {
[2026-01-29T16:42:05.421+0530] {subprocess.py:106} INFO -     required int32 type (INTEGER(8,true));
[2026-01-29T16:42:05.421+0530] {subprocess.py:106} INFO -     optional int32 size;
[2026-01-29T16:42:05.421+0530] {subprocess.py:106} INFO -     optional group indices (LIST) {
[2026-01-29T16:42:05.421+0530] {subprocess.py:106} INFO -       repeated group list {
[2026-01-29T16:42:05.421+0530] {subprocess.py:106} INFO -         required int32 element;
[2026-01-29T16:42:05.421+0530] {subprocess.py:106} INFO -       }
[2026-01-29T16:42:05.421+0530] {subprocess.py:106} INFO -     }
[2026-01-29T16:42:05.421+0530] {subprocess.py:106} INFO -     optional group values (LIST) {
[2026-01-29T16:42:05.421+0530] {subprocess.py:106} INFO -       repeated group list {
[2026-01-29T16:42:05.422+0530] {subprocess.py:106} INFO -         required double element;
[2026-01-29T16:42:05.422+0530] {subprocess.py:106} INFO -       }
[2026-01-29T16:42:05.422+0530] {subprocess.py:106} INFO -     }
[2026-01-29T16:42:05.422+0530] {subprocess.py:106} INFO -   }
[2026-01-29T16:42:05.422+0530] {subprocess.py:106} INFO - }
[2026-01-29T16:42:05.422+0530] {subprocess.py:106} INFO - 
[2026-01-29T16:42:05.422+0530] {subprocess.py:106} INFO - 
[2026-01-29T16:42:05.422+0530] {subprocess.py:106} INFO - 26/01/29 16:42:05 INFO ParquetWriteSupport: Initialized Parquet WriteSupport with Catalyst schema:
[2026-01-29T16:42:05.422+0530] {subprocess.py:106} INFO - {
[2026-01-29T16:42:05.422+0530] {subprocess.py:106} INFO -   "type" : "struct",
[2026-01-29T16:42:05.422+0530] {subprocess.py:106} INFO -   "fields" : [ {
[2026-01-29T16:42:05.423+0530] {subprocess.py:106} INFO -     "name" : "city",
[2026-01-29T16:42:05.423+0530] {subprocess.py:106} INFO -     "type" : "string",
[2026-01-29T16:42:05.423+0530] {subprocess.py:106} INFO -     "nullable" : true,
[2026-01-29T16:42:05.423+0530] {subprocess.py:106} INFO -     "metadata" : { }
[2026-01-29T16:42:05.423+0530] {subprocess.py:106} INFO -   }, {
[2026-01-29T16:42:05.423+0530] {subprocess.py:106} INFO -     "name" : "date",
[2026-01-29T16:42:05.423+0530] {subprocess.py:106} INFO -     "type" : "date",
[2026-01-29T16:42:05.423+0530] {subprocess.py:106} INFO -     "nullable" : true,
[2026-01-29T16:42:05.423+0530] {subprocess.py:106} INFO -     "metadata" : { }
[2026-01-29T16:42:05.423+0530] {subprocess.py:106} INFO -   }, {
[2026-01-29T16:42:05.423+0530] {subprocess.py:106} INFO -     "name" : "temperature_2m_max",
[2026-01-29T16:42:05.423+0530] {subprocess.py:106} INFO -     "type" : "double",
[2026-01-29T16:42:05.424+0530] {subprocess.py:106} INFO -     "nullable" : true,
[2026-01-29T16:42:05.424+0530] {subprocess.py:106} INFO -     "metadata" : { }
[2026-01-29T16:42:05.424+0530] {subprocess.py:106} INFO -   }, {
[2026-01-29T16:42:05.424+0530] {subprocess.py:106} INFO -     "name" : "temperature_2m_min",
[2026-01-29T16:42:05.424+0530] {subprocess.py:106} INFO -     "type" : "double",
[2026-01-29T16:42:05.424+0530] {subprocess.py:106} INFO -     "nullable" : true,
[2026-01-29T16:42:05.424+0530] {subprocess.py:106} INFO -     "metadata" : { }
[2026-01-29T16:42:05.424+0530] {subprocess.py:106} INFO -   }, {
[2026-01-29T16:42:05.424+0530] {subprocess.py:106} INFO -     "name" : "apparent_temperature_max",
[2026-01-29T16:42:05.424+0530] {subprocess.py:106} INFO -     "type" : "double",
[2026-01-29T16:42:05.424+0530] {subprocess.py:106} INFO -     "nullable" : true,
[2026-01-29T16:42:05.424+0530] {subprocess.py:106} INFO -     "metadata" : { }
[2026-01-29T16:42:05.425+0530] {subprocess.py:106} INFO -   }, {
[2026-01-29T16:42:05.425+0530] {subprocess.py:106} INFO -     "name" : "apparent_temperature_min",
[2026-01-29T16:42:05.425+0530] {subprocess.py:106} INFO -     "type" : "double",
[2026-01-29T16:42:05.425+0530] {subprocess.py:106} INFO -     "nullable" : true,
[2026-01-29T16:42:05.425+0530] {subprocess.py:106} INFO -     "metadata" : { }
[2026-01-29T16:42:05.425+0530] {subprocess.py:106} INFO -   }, {
[2026-01-29T16:42:05.425+0530] {subprocess.py:106} INFO -     "name" : "precipitation_sum",
[2026-01-29T16:42:05.425+0530] {subprocess.py:106} INFO -     "type" : "double",
[2026-01-29T16:42:05.425+0530] {subprocess.py:106} INFO -     "nullable" : true,
[2026-01-29T16:42:05.425+0530] {subprocess.py:106} INFO -     "metadata" : { }
[2026-01-29T16:42:05.425+0530] {subprocess.py:106} INFO -   }, {
[2026-01-29T16:42:05.425+0530] {subprocess.py:106} INFO -     "name" : "rain_sum",
[2026-01-29T16:42:05.426+0530] {subprocess.py:106} INFO -     "type" : "double",
[2026-01-29T16:42:05.426+0530] {subprocess.py:106} INFO -     "nullable" : true,
[2026-01-29T16:42:05.426+0530] {subprocess.py:106} INFO -     "metadata" : { }
[2026-01-29T16:42:05.426+0530] {subprocess.py:106} INFO -   }, {
[2026-01-29T16:42:05.426+0530] {subprocess.py:106} INFO -     "name" : "weather_code",
[2026-01-29T16:42:05.426+0530] {subprocess.py:106} INFO -     "type" : "integer",
[2026-01-29T16:42:05.426+0530] {subprocess.py:106} INFO -     "nullable" : true,
[2026-01-29T16:42:05.426+0530] {subprocess.py:106} INFO -     "metadata" : { }
[2026-01-29T16:42:05.426+0530] {subprocess.py:106} INFO -   }, {
[2026-01-29T16:42:05.426+0530] {subprocess.py:106} INFO -     "name" : "wind_speed_10m_max",
[2026-01-29T16:42:05.426+0530] {subprocess.py:106} INFO -     "type" : "double",
[2026-01-29T16:42:05.427+0530] {subprocess.py:106} INFO -     "nullable" : true,
[2026-01-29T16:42:05.427+0530] {subprocess.py:106} INFO -     "metadata" : { }
[2026-01-29T16:42:05.427+0530] {subprocess.py:106} INFO -   }, {
[2026-01-29T16:42:05.427+0530] {subprocess.py:106} INFO -     "name" : "wind_gusts_10m_max",
[2026-01-29T16:42:05.427+0530] {subprocess.py:106} INFO -     "type" : "double",
[2026-01-29T16:42:05.427+0530] {subprocess.py:106} INFO -     "nullable" : true,
[2026-01-29T16:42:05.427+0530] {subprocess.py:106} INFO -     "metadata" : { }
[2026-01-29T16:42:05.427+0530] {subprocess.py:106} INFO -   }, {
[2026-01-29T16:42:05.427+0530] {subprocess.py:106} INFO -     "name" : "wind_direction_10m_dominant",
[2026-01-29T16:42:05.427+0530] {subprocess.py:106} INFO -     "type" : "integer",
[2026-01-29T16:42:05.427+0530] {subprocess.py:106} INFO -     "nullable" : true,
[2026-01-29T16:42:05.427+0530] {subprocess.py:106} INFO -     "metadata" : { }
[2026-01-29T16:42:05.428+0530] {subprocess.py:106} INFO -   }, {
[2026-01-29T16:42:05.428+0530] {subprocess.py:106} INFO -     "name" : "city_index",
[2026-01-29T16:42:05.428+0530] {subprocess.py:106} INFO -     "type" : "double",
[2026-01-29T16:42:05.428+0530] {subprocess.py:106} INFO -     "nullable" : false,
[2026-01-29T16:42:05.428+0530] {subprocess.py:106} INFO -     "metadata" : {
[2026-01-29T16:42:05.428+0530] {subprocess.py:106} INFO -       "ml_attr" : {
[2026-01-29T16:42:05.428+0530] {subprocess.py:106} INFO -         "type" : "nominal",
[2026-01-29T16:42:05.428+0530] {subprocess.py:106} INFO -         "vals" : [ "Ahmedabad", "Bangalore", "Chennai", "Delhi", "Hyderabad", "Jaipur", "Kolkata", "Lucknow", "Mumbai", "Pune", "city", "__unknown" ],
[2026-01-29T16:42:05.428+0530] {subprocess.py:106} INFO -         "name" : "city_index"
[2026-01-29T16:42:05.428+0530] {subprocess.py:106} INFO -       }
[2026-01-29T16:42:05.429+0530] {subprocess.py:106} INFO -     }
[2026-01-29T16:42:05.429+0530] {subprocess.py:106} INFO -   }, {
[2026-01-29T16:42:05.429+0530] {subprocess.py:106} INFO -     "name" : "city_vector",
[2026-01-29T16:42:05.429+0530] {subprocess.py:106} INFO -     "type" : {
[2026-01-29T16:42:05.429+0530] {subprocess.py:106} INFO -       "type" : "udt",
[2026-01-29T16:42:05.429+0530] {subprocess.py:106} INFO -       "class" : "org.apache.spark.ml.linalg.VectorUDT",
[2026-01-29T16:42:05.429+0530] {subprocess.py:106} INFO -       "pyClass" : "pyspark.ml.linalg.VectorUDT",
[2026-01-29T16:42:05.429+0530] {subprocess.py:106} INFO -       "sqlType" : {
[2026-01-29T16:42:05.429+0530] {subprocess.py:106} INFO -         "type" : "struct",
[2026-01-29T16:42:05.429+0530] {subprocess.py:106} INFO -         "fields" : [ {
[2026-01-29T16:42:05.429+0530] {subprocess.py:106} INFO -           "name" : "type",
[2026-01-29T16:42:05.430+0530] {subprocess.py:106} INFO -           "type" : "byte",
[2026-01-29T16:42:05.430+0530] {subprocess.py:106} INFO -           "nullable" : false,
[2026-01-29T16:42:05.430+0530] {subprocess.py:106} INFO -           "metadata" : { }
[2026-01-29T16:42:05.430+0530] {subprocess.py:106} INFO -         }, {
[2026-01-29T16:42:05.430+0530] {subprocess.py:106} INFO -           "name" : "size",
[2026-01-29T16:42:05.430+0530] {subprocess.py:106} INFO -           "type" : "integer",
[2026-01-29T16:42:05.430+0530] {subprocess.py:106} INFO -           "nullable" : true,
[2026-01-29T16:42:05.430+0530] {subprocess.py:106} INFO -           "metadata" : { }
[2026-01-29T16:42:05.430+0530] {subprocess.py:106} INFO -         }, {
[2026-01-29T16:42:05.430+0530] {subprocess.py:106} INFO -           "name" : "indices",
[2026-01-29T16:42:05.430+0530] {subprocess.py:106} INFO -           "type" : {
[2026-01-29T16:42:05.431+0530] {subprocess.py:106} INFO -             "type" : "array",
[2026-01-29T16:42:05.431+0530] {subprocess.py:106} INFO -             "elementType" : "integer",
[2026-01-29T16:42:05.431+0530] {subprocess.py:106} INFO -             "containsNull" : false
[2026-01-29T16:42:05.431+0530] {subprocess.py:106} INFO -           },
[2026-01-29T16:42:05.431+0530] {subprocess.py:106} INFO -           "nullable" : true,
[2026-01-29T16:42:05.431+0530] {subprocess.py:106} INFO -           "metadata" : { }
[2026-01-29T16:42:05.431+0530] {subprocess.py:106} INFO -         }, {
[2026-01-29T16:42:05.431+0530] {subprocess.py:106} INFO -           "name" : "values",
[2026-01-29T16:42:05.431+0530] {subprocess.py:106} INFO -           "type" : {
[2026-01-29T16:42:05.431+0530] {subprocess.py:106} INFO -             "type" : "array",
[2026-01-29T16:42:05.431+0530] {subprocess.py:106} INFO -             "elementType" : "double",
[2026-01-29T16:42:05.432+0530] {subprocess.py:106} INFO -             "containsNull" : false
[2026-01-29T16:42:05.432+0530] {subprocess.py:106} INFO -           },
[2026-01-29T16:42:05.432+0530] {subprocess.py:106} INFO -           "nullable" : true,
[2026-01-29T16:42:05.432+0530] {subprocess.py:106} INFO -           "metadata" : { }
[2026-01-29T16:42:05.432+0530] {subprocess.py:106} INFO -         } ]
[2026-01-29T16:42:05.432+0530] {subprocess.py:106} INFO -       }
[2026-01-29T16:42:05.432+0530] {subprocess.py:106} INFO -     },
[2026-01-29T16:42:05.432+0530] {subprocess.py:106} INFO -     "nullable" : true,
[2026-01-29T16:42:05.432+0530] {subprocess.py:106} INFO -     "metadata" : {
[2026-01-29T16:42:05.432+0530] {subprocess.py:106} INFO -       "ml_attr" : {
[2026-01-29T16:42:05.432+0530] {subprocess.py:106} INFO -         "attrs" : {
[2026-01-29T16:42:05.432+0530] {subprocess.py:106} INFO -           "binary" : [ {
[2026-01-29T16:42:05.433+0530] {subprocess.py:106} INFO -             "idx" : 0,
[2026-01-29T16:42:05.433+0530] {subprocess.py:106} INFO -             "name" : "Ahmedabad"
[2026-01-29T16:42:05.433+0530] {subprocess.py:106} INFO -           }, {
[2026-01-29T16:42:05.433+0530] {subprocess.py:106} INFO -             "idx" : 1,
[2026-01-29T16:42:05.433+0530] {subprocess.py:106} INFO -             "name" : "Bangalore"
[2026-01-29T16:42:05.433+0530] {subprocess.py:106} INFO -           }, {
[2026-01-29T16:42:05.433+0530] {subprocess.py:106} INFO -             "idx" : 2,
[2026-01-29T16:42:05.433+0530] {subprocess.py:106} INFO -             "name" : "Chennai"
[2026-01-29T16:42:05.433+0530] {subprocess.py:106} INFO -           }, {
[2026-01-29T16:42:05.433+0530] {subprocess.py:106} INFO -             "idx" : 3,
[2026-01-29T16:42:05.433+0530] {subprocess.py:106} INFO -             "name" : "Delhi"
[2026-01-29T16:42:05.434+0530] {subprocess.py:106} INFO -           }, {
[2026-01-29T16:42:05.434+0530] {subprocess.py:106} INFO -             "idx" : 4,
[2026-01-29T16:42:05.434+0530] {subprocess.py:106} INFO -             "name" : "Hyderabad"
[2026-01-29T16:42:05.434+0530] {subprocess.py:106} INFO -           }, {
[2026-01-29T16:42:05.434+0530] {subprocess.py:106} INFO -             "idx" : 5,
[2026-01-29T16:42:05.434+0530] {subprocess.py:106} INFO -             "name" : "Jaipur"
[2026-01-29T16:42:05.434+0530] {subprocess.py:106} INFO -           }, {
[2026-01-29T16:42:05.434+0530] {subprocess.py:106} INFO -             "idx" : 6,
[2026-01-29T16:42:05.434+0530] {subprocess.py:106} INFO -             "name" : "Kolkata"
[2026-01-29T16:42:05.434+0530] {subprocess.py:106} INFO -           }, {
[2026-01-29T16:42:05.434+0530] {subprocess.py:106} INFO -             "idx" : 7,
[2026-01-29T16:42:05.434+0530] {subprocess.py:106} INFO -             "name" : "Lucknow"
[2026-01-29T16:42:05.435+0530] {subprocess.py:106} INFO -           }, {
[2026-01-29T16:42:05.435+0530] {subprocess.py:106} INFO -             "idx" : 8,
[2026-01-29T16:42:05.435+0530] {subprocess.py:106} INFO -             "name" : "Mumbai"
[2026-01-29T16:42:05.435+0530] {subprocess.py:106} INFO -           }, {
[2026-01-29T16:42:05.435+0530] {subprocess.py:106} INFO -             "idx" : 9,
[2026-01-29T16:42:05.435+0530] {subprocess.py:106} INFO -             "name" : "Pune"
[2026-01-29T16:42:05.435+0530] {subprocess.py:106} INFO -           }, {
[2026-01-29T16:42:05.435+0530] {subprocess.py:106} INFO -             "idx" : 10,
[2026-01-29T16:42:05.435+0530] {subprocess.py:106} INFO -             "name" : "city"
[2026-01-29T16:42:05.435+0530] {subprocess.py:106} INFO -           } ]
[2026-01-29T16:42:05.435+0530] {subprocess.py:106} INFO -         },
[2026-01-29T16:42:05.436+0530] {subprocess.py:106} INFO -         "num_attrs" : 11
[2026-01-29T16:42:05.436+0530] {subprocess.py:106} INFO -       }
[2026-01-29T16:42:05.436+0530] {subprocess.py:106} INFO -     }
[2026-01-29T16:42:05.436+0530] {subprocess.py:106} INFO -   }, {
[2026-01-29T16:42:05.436+0530] {subprocess.py:106} INFO -     "name" : "rain_sum_log",
[2026-01-29T16:42:05.436+0530] {subprocess.py:106} INFO -     "type" : "double",
[2026-01-29T16:42:05.436+0530] {subprocess.py:106} INFO -     "nullable" : true,
[2026-01-29T16:42:05.436+0530] {subprocess.py:106} INFO -     "metadata" : { }
[2026-01-29T16:42:05.436+0530] {subprocess.py:106} INFO -   }, {
[2026-01-29T16:42:05.436+0530] {subprocess.py:106} INFO -     "name" : "precipitation_sum_log",
[2026-01-29T16:42:05.436+0530] {subprocess.py:106} INFO -     "type" : "double",
[2026-01-29T16:42:05.437+0530] {subprocess.py:106} INFO -     "nullable" : true,
[2026-01-29T16:42:05.437+0530] {subprocess.py:106} INFO -     "metadata" : { }
[2026-01-29T16:42:05.437+0530] {subprocess.py:106} INFO -   }, {
[2026-01-29T16:42:05.437+0530] {subprocess.py:106} INFO -     "name" : "day",
[2026-01-29T16:42:05.437+0530] {subprocess.py:106} INFO -     "type" : "integer",
[2026-01-29T16:42:05.437+0530] {subprocess.py:106} INFO -     "nullable" : true,
[2026-01-29T16:42:05.437+0530] {subprocess.py:106} INFO -     "metadata" : { }
[2026-01-29T16:42:05.437+0530] {subprocess.py:106} INFO -   }, {
[2026-01-29T16:42:05.437+0530] {subprocess.py:106} INFO -     "name" : "month",
[2026-01-29T16:42:05.437+0530] {subprocess.py:106} INFO -     "type" : "integer",
[2026-01-29T16:42:05.437+0530] {subprocess.py:106} INFO -     "nullable" : true,
[2026-01-29T16:42:05.437+0530] {subprocess.py:106} INFO -     "metadata" : { }
[2026-01-29T16:42:05.438+0530] {subprocess.py:106} INFO -   }, {
[2026-01-29T16:42:05.438+0530] {subprocess.py:106} INFO -     "name" : "day_of_week",
[2026-01-29T16:42:05.438+0530] {subprocess.py:106} INFO -     "type" : "integer",
[2026-01-29T16:42:05.438+0530] {subprocess.py:106} INFO -     "nullable" : true,
[2026-01-29T16:42:05.438+0530] {subprocess.py:106} INFO -     "metadata" : { }
[2026-01-29T16:42:05.438+0530] {subprocess.py:106} INFO -   }, {
[2026-01-29T16:42:05.438+0530] {subprocess.py:106} INFO -     "name" : "year",
[2026-01-29T16:42:05.438+0530] {subprocess.py:106} INFO -     "type" : "integer",
[2026-01-29T16:42:05.438+0530] {subprocess.py:106} INFO -     "nullable" : true,
[2026-01-29T16:42:05.438+0530] {subprocess.py:106} INFO -     "metadata" : { }
[2026-01-29T16:42:05.438+0530] {subprocess.py:106} INFO -   }, {
[2026-01-29T16:42:05.439+0530] {subprocess.py:106} INFO -     "name" : "temp_lag_1",
[2026-01-29T16:42:05.439+0530] {subprocess.py:106} INFO -     "type" : "double",
[2026-01-29T16:42:05.439+0530] {subprocess.py:106} INFO -     "nullable" : true,
[2026-01-29T16:42:05.439+0530] {subprocess.py:106} INFO -     "metadata" : { }
[2026-01-29T16:42:05.439+0530] {subprocess.py:106} INFO -   }, {
[2026-01-29T16:42:05.439+0530] {subprocess.py:106} INFO -     "name" : "temp_lag_2",
[2026-01-29T16:42:05.439+0530] {subprocess.py:106} INFO -     "type" : "double",
[2026-01-29T16:42:05.439+0530] {subprocess.py:106} INFO -     "nullable" : true,
[2026-01-29T16:42:05.439+0530] {subprocess.py:106} INFO -     "metadata" : { }
[2026-01-29T16:42:05.439+0530] {subprocess.py:106} INFO -   }, {
[2026-01-29T16:42:05.439+0530] {subprocess.py:106} INFO -     "name" : "temp_rolling_3",
[2026-01-29T16:42:05.440+0530] {subprocess.py:106} INFO -     "type" : "double",
[2026-01-29T16:42:05.440+0530] {subprocess.py:106} INFO -     "nullable" : true,
[2026-01-29T16:42:05.440+0530] {subprocess.py:106} INFO -     "metadata" : { }
[2026-01-29T16:42:05.440+0530] {subprocess.py:106} INFO -   }, {
[2026-01-29T16:42:05.440+0530] {subprocess.py:106} INFO -     "name" : "features",
[2026-01-29T16:42:05.440+0530] {subprocess.py:106} INFO -     "type" : {
[2026-01-29T16:42:05.440+0530] {subprocess.py:106} INFO -       "type" : "udt",
[2026-01-29T16:42:05.440+0530] {subprocess.py:106} INFO -       "class" : "org.apache.spark.ml.linalg.VectorUDT",
[2026-01-29T16:42:05.440+0530] {subprocess.py:106} INFO -       "pyClass" : "pyspark.ml.linalg.VectorUDT",
[2026-01-29T16:42:05.440+0530] {subprocess.py:106} INFO -       "sqlType" : {
[2026-01-29T16:42:05.440+0530] {subprocess.py:106} INFO -         "type" : "struct",
[2026-01-29T16:42:05.441+0530] {subprocess.py:106} INFO -         "fields" : [ {
[2026-01-29T16:42:05.441+0530] {subprocess.py:106} INFO -           "name" : "type",
[2026-01-29T16:42:05.441+0530] {subprocess.py:106} INFO -           "type" : "byte",
[2026-01-29T16:42:05.441+0530] {subprocess.py:106} INFO -           "nullable" : false,
[2026-01-29T16:42:05.441+0530] {subprocess.py:106} INFO -           "metadata" : { }
[2026-01-29T16:42:05.441+0530] {subprocess.py:106} INFO -         }, {
[2026-01-29T16:42:05.441+0530] {subprocess.py:106} INFO -           "name" : "size",
[2026-01-29T16:42:05.441+0530] {subprocess.py:106} INFO -           "type" : "integer",
[2026-01-29T16:42:05.441+0530] {subprocess.py:106} INFO -           "nullable" : true,
[2026-01-29T16:42:05.441+0530] {subprocess.py:106} INFO -           "metadata" : { }
[2026-01-29T16:42:05.441+0530] {subprocess.py:106} INFO -         }, {
[2026-01-29T16:42:05.442+0530] {subprocess.py:106} INFO -           "name" : "indices",
[2026-01-29T16:42:05.442+0530] {subprocess.py:106} INFO -           "type" : {
[2026-01-29T16:42:05.442+0530] {subprocess.py:106} INFO -             "type" : "array",
[2026-01-29T16:42:05.442+0530] {subprocess.py:106} INFO -             "elementType" : "integer",
[2026-01-29T16:42:05.442+0530] {subprocess.py:106} INFO -             "containsNull" : false
[2026-01-29T16:42:05.442+0530] {subprocess.py:106} INFO -           },
[2026-01-29T16:42:05.442+0530] {subprocess.py:106} INFO -           "nullable" : true,
[2026-01-29T16:42:05.442+0530] {subprocess.py:106} INFO -           "metadata" : { }
[2026-01-29T16:42:05.442+0530] {subprocess.py:106} INFO -         }, {
[2026-01-29T16:42:05.442+0530] {subprocess.py:106} INFO -           "name" : "values",
[2026-01-29T16:42:05.443+0530] {subprocess.py:106} INFO -           "type" : {
[2026-01-29T16:42:05.443+0530] {subprocess.py:106} INFO -             "type" : "array",
[2026-01-29T16:42:05.443+0530] {subprocess.py:106} INFO -             "elementType" : "double",
[2026-01-29T16:42:05.443+0530] {subprocess.py:106} INFO -             "containsNull" : false
[2026-01-29T16:42:05.443+0530] {subprocess.py:106} INFO -           },
[2026-01-29T16:42:05.443+0530] {subprocess.py:106} INFO -           "nullable" : true,
[2026-01-29T16:42:05.443+0530] {subprocess.py:106} INFO -           "metadata" : { }
[2026-01-29T16:42:05.443+0530] {subprocess.py:106} INFO -         } ]
[2026-01-29T16:42:05.443+0530] {subprocess.py:106} INFO -       }
[2026-01-29T16:42:05.443+0530] {subprocess.py:106} INFO -     },
[2026-01-29T16:42:05.443+0530] {subprocess.py:106} INFO -     "nullable" : true,
[2026-01-29T16:42:05.444+0530] {subprocess.py:106} INFO -     "metadata" : {
[2026-01-29T16:42:05.444+0530] {subprocess.py:106} INFO -       "ml_attr" : {
[2026-01-29T16:42:05.444+0530] {subprocess.py:106} INFO -         "attrs" : {
[2026-01-29T16:42:05.444+0530] {subprocess.py:106} INFO -           "numeric" : [ {
[2026-01-29T16:42:05.444+0530] {subprocess.py:106} INFO -             "idx" : 0,
[2026-01-29T16:42:05.444+0530] {subprocess.py:106} INFO -             "name" : "temperature_2m_max"
[2026-01-29T16:42:05.444+0530] {subprocess.py:106} INFO -           }, {
[2026-01-29T16:42:05.444+0530] {subprocess.py:106} INFO -             "idx" : 1,
[2026-01-29T16:42:05.444+0530] {subprocess.py:106} INFO -             "name" : "temperature_2m_min"
[2026-01-29T16:42:05.444+0530] {subprocess.py:106} INFO -           }, {
[2026-01-29T16:42:05.444+0530] {subprocess.py:106} INFO -             "idx" : 2,
[2026-01-29T16:42:05.445+0530] {subprocess.py:106} INFO -             "name" : "apparent_temperature_max"
[2026-01-29T16:42:05.445+0530] {subprocess.py:106} INFO -           }, {
[2026-01-29T16:42:05.445+0530] {subprocess.py:106} INFO -             "idx" : 3,
[2026-01-29T16:42:05.445+0530] {subprocess.py:106} INFO -             "name" : "apparent_temperature_min"
[2026-01-29T16:42:05.445+0530] {subprocess.py:106} INFO -           }, {
[2026-01-29T16:42:05.445+0530] {subprocess.py:106} INFO -             "idx" : 4,
[2026-01-29T16:42:05.445+0530] {subprocess.py:106} INFO -             "name" : "wind_speed_10m_max"
[2026-01-29T16:42:05.445+0530] {subprocess.py:106} INFO -           }, {
[2026-01-29T16:42:05.445+0530] {subprocess.py:106} INFO -             "idx" : 5,
[2026-01-29T16:42:05.445+0530] {subprocess.py:106} INFO -             "name" : "wind_gusts_10m_max"
[2026-01-29T16:42:05.445+0530] {subprocess.py:106} INFO -           }, {
[2026-01-29T16:42:05.445+0530] {subprocess.py:106} INFO -             "idx" : 6,
[2026-01-29T16:42:05.446+0530] {subprocess.py:106} INFO -             "name" : "rain_sum_log"
[2026-01-29T16:42:05.446+0530] {subprocess.py:106} INFO -           }, {
[2026-01-29T16:42:05.446+0530] {subprocess.py:106} INFO -             "idx" : 7,
[2026-01-29T16:42:05.446+0530] {subprocess.py:106} INFO -             "name" : "temp_lag_1"
[2026-01-29T16:42:05.446+0530] {subprocess.py:106} INFO -           }, {
[2026-01-29T16:42:05.446+0530] {subprocess.py:106} INFO -             "idx" : 8,
[2026-01-29T16:42:05.446+0530] {subprocess.py:106} INFO -             "name" : "temp_lag_2"
[2026-01-29T16:42:05.446+0530] {subprocess.py:106} INFO -           }, {
[2026-01-29T16:42:05.446+0530] {subprocess.py:106} INFO -             "idx" : 9,
[2026-01-29T16:42:05.446+0530] {subprocess.py:106} INFO -             "name" : "temp_rolling_3"
[2026-01-29T16:42:05.446+0530] {subprocess.py:106} INFO -           } ]
[2026-01-29T16:42:05.446+0530] {subprocess.py:106} INFO -         },
[2026-01-29T16:42:05.447+0530] {subprocess.py:106} INFO -         "num_attrs" : 10
[2026-01-29T16:42:05.447+0530] {subprocess.py:106} INFO -       }
[2026-01-29T16:42:05.447+0530] {subprocess.py:106} INFO -     }
[2026-01-29T16:42:05.447+0530] {subprocess.py:106} INFO -   }, {
[2026-01-29T16:42:05.447+0530] {subprocess.py:106} INFO -     "name" : "scaled_features",
[2026-01-29T16:42:05.447+0530] {subprocess.py:106} INFO -     "type" : {
[2026-01-29T16:42:05.447+0530] {subprocess.py:106} INFO -       "type" : "udt",
[2026-01-29T16:42:05.447+0530] {subprocess.py:106} INFO -       "class" : "org.apache.spark.ml.linalg.VectorUDT",
[2026-01-29T16:42:05.447+0530] {subprocess.py:106} INFO -       "pyClass" : "pyspark.ml.linalg.VectorUDT",
[2026-01-29T16:42:05.447+0530] {subprocess.py:106} INFO -       "sqlType" : {
[2026-01-29T16:42:05.447+0530] {subprocess.py:106} INFO -         "type" : "struct",
[2026-01-29T16:42:05.448+0530] {subprocess.py:106} INFO -         "fields" : [ {
[2026-01-29T16:42:05.448+0530] {subprocess.py:106} INFO -           "name" : "type",
[2026-01-29T16:42:05.448+0530] {subprocess.py:106} INFO -           "type" : "byte",
[2026-01-29T16:42:05.448+0530] {subprocess.py:106} INFO -           "nullable" : false,
[2026-01-29T16:42:05.448+0530] {subprocess.py:106} INFO -           "metadata" : { }
[2026-01-29T16:42:05.448+0530] {subprocess.py:106} INFO -         }, {
[2026-01-29T16:42:05.448+0530] {subprocess.py:106} INFO -           "name" : "size",
[2026-01-29T16:42:05.448+0530] {subprocess.py:106} INFO -           "type" : "integer",
[2026-01-29T16:42:05.448+0530] {subprocess.py:106} INFO -           "nullable" : true,
[2026-01-29T16:42:05.448+0530] {subprocess.py:106} INFO -           "metadata" : { }
[2026-01-29T16:42:05.448+0530] {subprocess.py:106} INFO -         }, {
[2026-01-29T16:42:05.449+0530] {subprocess.py:106} INFO -           "name" : "indices",
[2026-01-29T16:42:05.449+0530] {subprocess.py:106} INFO -           "type" : {
[2026-01-29T16:42:05.449+0530] {subprocess.py:106} INFO -             "type" : "array",
[2026-01-29T16:42:05.449+0530] {subprocess.py:106} INFO -             "elementType" : "integer",
[2026-01-29T16:42:05.449+0530] {subprocess.py:106} INFO -             "containsNull" : false
[2026-01-29T16:42:05.449+0530] {subprocess.py:106} INFO -           },
[2026-01-29T16:42:05.449+0530] {subprocess.py:106} INFO -           "nullable" : true,
[2026-01-29T16:42:05.449+0530] {subprocess.py:106} INFO -           "metadata" : { }
[2026-01-29T16:42:05.449+0530] {subprocess.py:106} INFO -         }, {
[2026-01-29T16:42:05.449+0530] {subprocess.py:106} INFO -           "name" : "values",
[2026-01-29T16:42:05.449+0530] {subprocess.py:106} INFO -           "type" : {
[2026-01-29T16:42:05.450+0530] {subprocess.py:106} INFO -             "type" : "array",
[2026-01-29T16:42:05.450+0530] {subprocess.py:106} INFO -             "elementType" : "double",
[2026-01-29T16:42:05.450+0530] {subprocess.py:106} INFO -             "containsNull" : false
[2026-01-29T16:42:05.450+0530] {subprocess.py:106} INFO -           },
[2026-01-29T16:42:05.450+0530] {subprocess.py:106} INFO -           "nullable" : true,
[2026-01-29T16:42:05.450+0530] {subprocess.py:106} INFO -           "metadata" : { }
[2026-01-29T16:42:05.450+0530] {subprocess.py:106} INFO -         } ]
[2026-01-29T16:42:05.450+0530] {subprocess.py:106} INFO -       }
[2026-01-29T16:42:05.450+0530] {subprocess.py:106} INFO -     },
[2026-01-29T16:42:05.450+0530] {subprocess.py:106} INFO -     "nullable" : true,
[2026-01-29T16:42:05.450+0530] {subprocess.py:106} INFO -     "metadata" : {
[2026-01-29T16:42:05.450+0530] {subprocess.py:106} INFO -       "ml_attr" : {
[2026-01-29T16:42:05.451+0530] {subprocess.py:106} INFO -         "num_attrs" : 10
[2026-01-29T16:42:05.451+0530] {subprocess.py:106} INFO -       }
[2026-01-29T16:42:05.451+0530] {subprocess.py:106} INFO -     }
[2026-01-29T16:42:05.451+0530] {subprocess.py:106} INFO -   } ]
[2026-01-29T16:42:05.451+0530] {subprocess.py:106} INFO - }
[2026-01-29T16:42:05.451+0530] {subprocess.py:106} INFO - and corresponding Parquet message type:
[2026-01-29T16:42:05.451+0530] {subprocess.py:106} INFO - message spark_schema {
[2026-01-29T16:42:05.451+0530] {subprocess.py:106} INFO -   optional binary city (STRING);
[2026-01-29T16:42:05.451+0530] {subprocess.py:106} INFO -   optional int32 date (DATE);
[2026-01-29T16:42:05.451+0530] {subprocess.py:106} INFO -   optional double temperature_2m_max;
[2026-01-29T16:42:05.452+0530] {subprocess.py:106} INFO -   optional double temperature_2m_min;
[2026-01-29T16:42:05.452+0530] {subprocess.py:106} INFO -   optional double apparent_temperature_max;
[2026-01-29T16:42:05.452+0530] {subprocess.py:106} INFO -   optional double apparent_temperature_min;
[2026-01-29T16:42:05.452+0530] {subprocess.py:106} INFO -   optional double precipitation_sum;
[2026-01-29T16:42:05.452+0530] {subprocess.py:106} INFO -   optional double rain_sum;
[2026-01-29T16:42:05.452+0530] {subprocess.py:106} INFO -   optional int32 weather_code;
[2026-01-29T16:42:05.452+0530] {subprocess.py:106} INFO -   optional double wind_speed_10m_max;
[2026-01-29T16:42:05.452+0530] {subprocess.py:106} INFO -   optional double wind_gusts_10m_max;
[2026-01-29T16:42:05.452+0530] {subprocess.py:106} INFO -   optional int32 wind_direction_10m_dominant;
[2026-01-29T16:42:05.452+0530] {subprocess.py:106} INFO -   required double city_index;
[2026-01-29T16:42:05.452+0530] {subprocess.py:106} INFO -   optional group city_vector {
[2026-01-29T16:42:05.453+0530] {subprocess.py:106} INFO -     required int32 type (INTEGER(8,true));
[2026-01-29T16:42:05.453+0530] {subprocess.py:106} INFO -     optional int32 size;
[2026-01-29T16:42:05.453+0530] {subprocess.py:106} INFO -     optional group indices (LIST) {
[2026-01-29T16:42:05.453+0530] {subprocess.py:106} INFO -       repeated group list {
[2026-01-29T16:42:05.453+0530] {subprocess.py:106} INFO -         required int32 element;
[2026-01-29T16:42:05.453+0530] {subprocess.py:106} INFO -       }
[2026-01-29T16:42:05.453+0530] {subprocess.py:106} INFO -     }
[2026-01-29T16:42:05.453+0530] {subprocess.py:106} INFO -     optional group values (LIST) {
[2026-01-29T16:42:05.453+0530] {subprocess.py:106} INFO -       repeated group list {
[2026-01-29T16:42:05.453+0530] {subprocess.py:106} INFO -         required double element;
[2026-01-29T16:42:05.453+0530] {subprocess.py:106} INFO -       }
[2026-01-29T16:42:05.453+0530] {subprocess.py:106} INFO -     }
[2026-01-29T16:42:05.454+0530] {subprocess.py:106} INFO -   }
[2026-01-29T16:42:05.454+0530] {subprocess.py:106} INFO -   optional double rain_sum_log;
[2026-01-29T16:42:05.454+0530] {subprocess.py:106} INFO -   optional double precipitation_sum_log;
[2026-01-29T16:42:05.454+0530] {subprocess.py:106} INFO -   optional int32 day;
[2026-01-29T16:42:05.454+0530] {subprocess.py:106} INFO -   optional int32 month;
[2026-01-29T16:42:05.454+0530] {subprocess.py:106} INFO -   optional int32 day_of_week;
[2026-01-29T16:42:05.454+0530] {subprocess.py:106} INFO -   optional int32 year;
[2026-01-29T16:42:05.454+0530] {subprocess.py:106} INFO -   optional double temp_lag_1;
[2026-01-29T16:42:05.454+0530] {subprocess.py:106} INFO -   optional double temp_lag_2;
[2026-01-29T16:42:05.454+0530] {subprocess.py:106} INFO -   optional double temp_rolling_3;
[2026-01-29T16:42:05.454+0530] {subprocess.py:106} INFO -   optional group features {
[2026-01-29T16:42:05.455+0530] {subprocess.py:106} INFO -     required int32 type (INTEGER(8,true));
[2026-01-29T16:42:05.455+0530] {subprocess.py:106} INFO -     optional int32 size;
[2026-01-29T16:42:05.455+0530] {subprocess.py:106} INFO -     optional group indices (LIST) {
[2026-01-29T16:42:05.455+0530] {subprocess.py:106} INFO -       repeated group list {
[2026-01-29T16:42:05.455+0530] {subprocess.py:106} INFO -         required int32 element;
[2026-01-29T16:42:05.455+0530] {subprocess.py:106} INFO -       }
[2026-01-29T16:42:05.455+0530] {subprocess.py:106} INFO -     }
[2026-01-29T16:42:05.455+0530] {subprocess.py:106} INFO -     optional group values (LIST) {
[2026-01-29T16:42:05.455+0530] {subprocess.py:106} INFO -       repeated group list {
[2026-01-29T16:42:05.455+0530] {subprocess.py:106} INFO -         required double element;
[2026-01-29T16:42:05.455+0530] {subprocess.py:106} INFO -       }
[2026-01-29T16:42:05.456+0530] {subprocess.py:106} INFO -     }
[2026-01-29T16:42:05.456+0530] {subprocess.py:106} INFO -   }
[2026-01-29T16:42:05.456+0530] {subprocess.py:106} INFO -   optional group scaled_features {
[2026-01-29T16:42:05.456+0530] {subprocess.py:106} INFO -     required int32 type (INTEGER(8,true));
[2026-01-29T16:42:05.456+0530] {subprocess.py:106} INFO -     optional int32 size;
[2026-01-29T16:42:05.456+0530] {subprocess.py:106} INFO -     optional group indices (LIST) {
[2026-01-29T16:42:05.456+0530] {subprocess.py:106} INFO -       repeated group list {
[2026-01-29T16:42:05.456+0530] {subprocess.py:106} INFO -         required int32 element;
[2026-01-29T16:42:05.456+0530] {subprocess.py:106} INFO -       }
[2026-01-29T16:42:05.456+0530] {subprocess.py:106} INFO -     }
[2026-01-29T16:42:05.457+0530] {subprocess.py:106} INFO -     optional group values (LIST) {
[2026-01-29T16:42:05.457+0530] {subprocess.py:106} INFO -       repeated group list {
[2026-01-29T16:42:05.457+0530] {subprocess.py:106} INFO -         required double element;
[2026-01-29T16:42:05.457+0530] {subprocess.py:106} INFO -       }
[2026-01-29T16:42:05.457+0530] {subprocess.py:106} INFO -     }
[2026-01-29T16:42:05.457+0530] {subprocess.py:106} INFO -   }
[2026-01-29T16:42:05.457+0530] {subprocess.py:106} INFO - }
[2026-01-29T16:42:05.457+0530] {subprocess.py:106} INFO - 
[2026-01-29T16:42:05.457+0530] {subprocess.py:106} INFO - 
[2026-01-29T16:42:05.457+0530] {subprocess.py:106} INFO - 26/01/29 16:42:05 INFO CodecPool: Got brand-new compressor [.snappy]
[2026-01-29T16:42:05.457+0530] {subprocess.py:106} INFO - 26/01/29 16:42:05 INFO CodecPool: Got brand-new compressor [.snappy]
[2026-01-29T16:42:05.457+0530] {subprocess.py:106} INFO - 26/01/29 16:42:05 INFO CodecPool: Got brand-new compressor [.snappy]
[2026-01-29T16:42:05.458+0530] {subprocess.py:106} INFO - 26/01/29 16:42:05 INFO CodecPool: Got brand-new compressor [.snappy]
[2026-01-29T16:42:05.601+0530] {subprocess.py:106} INFO - 26/01/29 16:42:05 INFO ExternalAppendOnlyUnsafeRowArray: Reached spill threshold of 4096 rows, switching to org.apache.spark.util.collection.unsafe.sort.UnsafeExternalSorter
[2026-01-29T16:42:06.051+0530] {subprocess.py:106} INFO - 26/01/29 16:42:06 INFO ExternalAppendOnlyUnsafeRowArray: Reached spill threshold of 4096 rows, switching to org.apache.spark.util.collection.unsafe.sort.UnsafeExternalSorter
[2026-01-29T16:42:06.083+0530] {subprocess.py:106} INFO - 26/01/29 16:42:06 INFO ExternalAppendOnlyUnsafeRowArray: Reached spill threshold of 4096 rows, switching to org.apache.spark.util.collection.unsafe.sort.UnsafeExternalSorter
[2026-01-29T16:42:06.093+0530] {subprocess.py:106} INFO - 26/01/29 16:42:06 INFO ExternalAppendOnlyUnsafeRowArray: Reached spill threshold of 4096 rows, switching to org.apache.spark.util.collection.unsafe.sort.UnsafeExternalSorter
[2026-01-29T16:42:06.110+0530] {subprocess.py:106} INFO - 26/01/29 16:42:06 INFO ExternalAppendOnlyUnsafeRowArray: Reached spill threshold of 4096 rows, switching to org.apache.spark.util.collection.unsafe.sort.UnsafeExternalSorter
[2026-01-29T16:42:06.317+0530] {subprocess.py:106} INFO - 26/01/29 16:42:06 INFO ExternalAppendOnlyUnsafeRowArray: Reached spill threshold of 4096 rows, switching to org.apache.spark.util.collection.unsafe.sort.UnsafeExternalSorter
[2026-01-29T16:42:06.323+0530] {subprocess.py:106} INFO - 26/01/29 16:42:06 INFO ExternalAppendOnlyUnsafeRowArray: Reached spill threshold of 4096 rows, switching to org.apache.spark.util.collection.unsafe.sort.UnsafeExternalSorter
[2026-01-29T16:42:06.772+0530] {subprocess.py:106} INFO - 26/01/29 16:42:06 INFO FileOutputCommitter: Saved output of task 'attempt_202601291642053893529827484790059_0121_m_000002_142' to hdfs://localhost:9000/weather/data/processed/weather_processed.parquet/_temporary/0/task_202601291642053893529827484790059_0121_m_000002
[2026-01-29T16:42:06.773+0530] {subprocess.py:106} INFO - 26/01/29 16:42:06 INFO FileOutputCommitter: Saved output of task 'attempt_202601291642053893529827484790059_0121_m_000000_140' to hdfs://localhost:9000/weather/data/processed/weather_processed.parquet/_temporary/0/task_202601291642053893529827484790059_0121_m_000000
[2026-01-29T16:42:06.773+0530] {subprocess.py:106} INFO - 26/01/29 16:42:06 INFO FileOutputCommitter: Saved output of task 'attempt_202601291642053893529827484790059_0121_m_000003_143' to hdfs://localhost:9000/weather/data/processed/weather_processed.parquet/_temporary/0/task_202601291642053893529827484790059_0121_m_000003
[2026-01-29T16:42:06.773+0530] {subprocess.py:106} INFO - 26/01/29 16:42:06 INFO FileOutputCommitter: Saved output of task 'attempt_202601291642053893529827484790059_0121_m_000001_141' to hdfs://localhost:9000/weather/data/processed/weather_processed.parquet/_temporary/0/task_202601291642053893529827484790059_0121_m_000001
[2026-01-29T16:42:06.773+0530] {subprocess.py:106} INFO - 26/01/29 16:42:06 INFO SparkHadoopMapRedUtil: attempt_202601291642053893529827484790059_0121_m_000002_142: Committed. Elapsed time: 16 ms.
[2026-01-29T16:42:06.773+0530] {subprocess.py:106} INFO - 26/01/29 16:42:06 INFO SparkHadoopMapRedUtil: attempt_202601291642053893529827484790059_0121_m_000000_140: Committed. Elapsed time: 16 ms.
[2026-01-29T16:42:06.774+0530] {subprocess.py:106} INFO - 26/01/29 16:42:06 INFO SparkHadoopMapRedUtil: attempt_202601291642053893529827484790059_0121_m_000001_141: Committed. Elapsed time: 16 ms.
[2026-01-29T16:42:06.774+0530] {subprocess.py:106} INFO - 26/01/29 16:42:06 INFO SparkHadoopMapRedUtil: attempt_202601291642053893529827484790059_0121_m_000003_143: Committed. Elapsed time: 16 ms.
[2026-01-29T16:42:06.777+0530] {subprocess.py:106} INFO - 26/01/29 16:42:06 INFO Executor: Finished task 0.0 in stage 121.0 (TID 140). 5763 bytes result sent to driver
[2026-01-29T16:42:06.777+0530] {subprocess.py:106} INFO - 26/01/29 16:42:06 INFO Executor: Finished task 1.0 in stage 121.0 (TID 141). 5763 bytes result sent to driver
[2026-01-29T16:42:06.778+0530] {subprocess.py:106} INFO - 26/01/29 16:42:06 INFO Executor: Finished task 3.0 in stage 121.0 (TID 143). 5763 bytes result sent to driver
[2026-01-29T16:42:06.778+0530] {subprocess.py:106} INFO - 26/01/29 16:42:06 INFO Executor: Finished task 2.0 in stage 121.0 (TID 142). 5763 bytes result sent to driver
[2026-01-29T16:42:06.778+0530] {subprocess.py:106} INFO - 26/01/29 16:42:06 INFO TaskSetManager: Finished task 3.0 in stage 121.0 (TID 143) in 1676 ms on Aishwarya92848DBDA (executor driver) (1/4)
[2026-01-29T16:42:06.778+0530] {subprocess.py:106} INFO - 26/01/29 16:42:06 INFO TaskSetManager: Finished task 0.0 in stage 121.0 (TID 140) in 1677 ms on Aishwarya92848DBDA (executor driver) (2/4)
[2026-01-29T16:42:06.778+0530] {subprocess.py:106} INFO - 26/01/29 16:42:06 INFO TaskSetManager: Finished task 1.0 in stage 121.0 (TID 141) in 1677 ms on Aishwarya92848DBDA (executor driver) (3/4)
[2026-01-29T16:42:06.778+0530] {subprocess.py:106} INFO - 26/01/29 16:42:06 INFO TaskSetManager: Finished task 2.0 in stage 121.0 (TID 142) in 1676 ms on Aishwarya92848DBDA (executor driver) (4/4)
[2026-01-29T16:42:06.778+0530] {subprocess.py:106} INFO - 26/01/29 16:42:06 INFO TaskSchedulerImpl: Removed TaskSet 121.0, whose tasks have all completed, from pool
[2026-01-29T16:42:06.780+0530] {subprocess.py:106} INFO - 26/01/29 16:42:06 INFO DAGScheduler: ResultStage 121 (parquet at NativeMethodAccessorImpl.java:0) finished in 1.699 s
[2026-01-29T16:42:06.780+0530] {subprocess.py:106} INFO - 26/01/29 16:42:06 INFO DAGScheduler: Job 84 is finished. Cancelling potential speculative or zombie tasks for this job
[2026-01-29T16:42:06.780+0530] {subprocess.py:106} INFO - 26/01/29 16:42:06 INFO TaskSchedulerImpl: Killing all running tasks in stage 121: Stage finished
[2026-01-29T16:42:06.780+0530] {subprocess.py:106} INFO - 26/01/29 16:42:06 INFO DAGScheduler: Job 84 finished: parquet at NativeMethodAccessorImpl.java:0, took 1.702071 s
[2026-01-29T16:42:06.781+0530] {subprocess.py:106} INFO - 26/01/29 16:42:06 INFO FileFormatWriter: Start to commit write Job 18c91543-587b-4585-a6bc-456cd0fd15de.
[2026-01-29T16:42:06.820+0530] {subprocess.py:106} INFO - 26/01/29 16:42:06 INFO FileFormatWriter: Write Job 18c91543-587b-4585-a6bc-456cd0fd15de committed. Elapsed time: 38 ms.
[2026-01-29T16:42:06.822+0530] {subprocess.py:106} INFO - 26/01/29 16:42:06 INFO FileFormatWriter: Finished processing stats for write job 18c91543-587b-4585-a6bc-456cd0fd15de.
[2026-01-29T16:42:06.825+0530] {subprocess.py:106} INFO - 26/01/29 16:42:06 INFO SparkContext: SparkContext is stopping with exitCode 0.
[2026-01-29T16:42:06.835+0530] {subprocess.py:106} INFO - 26/01/29 16:42:06 INFO SparkUI: Stopped Spark web UI at http://Aishwarya92848DBDA:4040
[2026-01-29T16:42:06.847+0530] {subprocess.py:106} INFO - 26/01/29 16:42:06 INFO MapOutputTrackerMasterEndpoint: MapOutputTrackerMasterEndpoint stopped!
[2026-01-29T16:42:06.867+0530] {subprocess.py:106} INFO - 26/01/29 16:42:06 INFO MemoryStore: MemoryStore cleared
[2026-01-29T16:42:06.868+0530] {subprocess.py:106} INFO - 26/01/29 16:42:06 INFO BlockManager: BlockManager stopped
[2026-01-29T16:42:06.870+0530] {subprocess.py:106} INFO - 26/01/29 16:42:06 INFO BlockManagerMaster: BlockManagerMaster stopped
[2026-01-29T16:42:06.873+0530] {subprocess.py:106} INFO - 26/01/29 16:42:06 INFO OutputCommitCoordinator$OutputCommitCoordinatorEndpoint: OutputCommitCoordinator stopped!
[2026-01-29T16:42:06.882+0530] {subprocess.py:106} INFO - 26/01/29 16:42:06 INFO SparkContext: Successfully stopped SparkContext
[2026-01-29T16:42:07.437+0530] {subprocess.py:106} INFO - 26/01/29 16:42:07 INFO ShutdownHookManager: Shutdown hook called
[2026-01-29T16:42:07.437+0530] {subprocess.py:106} INFO - 26/01/29 16:42:07 INFO ShutdownHookManager: Deleting directory /tmp/spark-181e728b-a933-4f29-92e9-d204ee9a8ff0
[2026-01-29T16:42:07.442+0530] {subprocess.py:106} INFO - 26/01/29 16:42:07 INFO ShutdownHookManager: Deleting directory /tmp/spark-b12f454c-ff70-46d4-b5e5-05d72339880f
[2026-01-29T16:42:07.445+0530] {subprocess.py:106} INFO - 26/01/29 16:42:07 INFO ShutdownHookManager: Deleting directory /tmp/spark-b12f454c-ff70-46d4-b5e5-05d72339880f/pyspark-a5606aa7-612f-4868-8513-4a2cffe129e2
[2026-01-29T16:42:07.543+0530] {subprocess.py:110} INFO - Command exited with return code 0
[2026-01-29T16:42:07.557+0530] {taskinstance.py:349} INFO - ::group::Post task execution logs
[2026-01-29T16:42:07.557+0530] {taskinstance.py:361} INFO - Marking task as SUCCESS. dag_id=weather_system_pipeline_v4, task_id=process_weather_data, run_id=scheduled__2026-01-27T00:00:00+00:00, execution_date=20260127T000000, start_date=20260129T111135, end_date=20260129T111207
[2026-01-29T16:42:07.608+0530] {local_task_job_runner.py:266} INFO - Task exited with return code 0
[2026-01-29T16:42:07.621+0530] {taskinstance.py:3924} INFO - 1 downstream tasks scheduled from follow-on schedule check
[2026-01-29T16:42:07.624+0530] {local_task_job_runner.py:245} INFO - ::endgroup::
