[2026-01-29T19:37:18.873+0530] {local_task_job_runner.py:123} INFO - ::group::Pre task execution logs
[2026-01-29T19:37:18.889+0530] {taskinstance.py:2631} INFO - Dependencies all met for dep_context=non-requeueable deps ti=<TaskInstance: weather_system_pipeline_final_new.process_weather_data scheduled__2026-01-04T00:00:00+00:00 [queued]>
[2026-01-29T19:37:18.897+0530] {taskinstance.py:2631} INFO - Dependencies all met for dep_context=requeueable deps ti=<TaskInstance: weather_system_pipeline_final_new.process_weather_data scheduled__2026-01-04T00:00:00+00:00 [queued]>
[2026-01-29T19:37:18.897+0530] {taskinstance.py:2884} INFO - Starting attempt 2 of 4
[2026-01-29T19:37:18.911+0530] {taskinstance.py:2907} INFO - Executing <Task(BashOperator): process_weather_data> on 2026-01-04 00:00:00+00:00
[2026-01-29T19:37:18.915+0530] {standard_task_runner.py:72} INFO - Started process 89445 to run task
[2026-01-29T19:37:18.919+0530] {standard_task_runner.py:104} INFO - Running: ['airflow', 'tasks', 'run', 'weather_system_pipeline_final_new', 'process_weather_data', 'scheduled__2026-01-04T00:00:00+00:00', '--job-id', '333', '--raw', '--subdir', 'DAGS_FOLDER/dag_flag.py', '--cfg-path', '/tmp/tmpi9tftoat']
[2026-01-29T19:37:18.921+0530] {standard_task_runner.py:105} INFO - Job 333: Subtask process_weather_data
[2026-01-29T19:37:18.957+0530] {task_command.py:467} INFO - Running <TaskInstance: weather_system_pipeline_final_new.process_weather_data scheduled__2026-01-04T00:00:00+00:00 [running]> on host Aishwarya92848DBDA
[2026-01-29T19:37:19.024+0530] {taskinstance.py:3157} INFO - Exporting env vars: AIRFLOW_CTX_DAG_OWNER='Aishwarya' AIRFLOW_CTX_DAG_ID='weather_system_pipeline_final_new' AIRFLOW_CTX_TASK_ID='process_weather_data' AIRFLOW_CTX_EXECUTION_DATE='2026-01-04T00:00:00+00:00' AIRFLOW_CTX_TRY_NUMBER='2' AIRFLOW_CTX_DAG_RUN_ID='scheduled__2026-01-04T00:00:00+00:00'
[2026-01-29T19:37:19.025+0530] {taskinstance.py:740} INFO - ::endgroup::
[2026-01-29T19:37:19.038+0530] {subprocess.py:78} INFO - Tmp dir root location: /tmp
[2026-01-29T19:37:19.039+0530] {subprocess.py:88} INFO - Running command: ['/usr/bin/bash', '-c', '\n     export SPARK_HOME=/home/hp/.local/lib/python3.10/site-packages/pyspark\n     export PATH=$SPARK_HOME/bin:$PATH\n     export PYSPARK_PYTHON=/home/hp/Desktop/Bigdata_project/BigData-Project/airflow-venv/bin/python\n\n     spark-submit --master local[2]      /home/hp/Desktop/Bigdata_project/BigData-Project/pre_processing.py\n    ']
[2026-01-29T19:37:19.049+0530] {subprocess.py:99} INFO - Output:
[2026-01-29T19:37:21.827+0530] {subprocess.py:106} INFO - 26/01/29 19:37:21 INFO SparkContext: Running Spark version 3.5.1
[2026-01-29T19:37:21.830+0530] {subprocess.py:106} INFO - 26/01/29 19:37:21 INFO SparkContext: OS info Linux, 6.8.0-90-generic, amd64
[2026-01-29T19:37:21.831+0530] {subprocess.py:106} INFO - 26/01/29 19:37:21 INFO SparkContext: Java version 1.8.0_472
[2026-01-29T19:37:21.892+0530] {subprocess.py:106} INFO - 26/01/29 19:37:21 WARN NativeCodeLoader: Unable to load native-hadoop library for your platform... using builtin-java classes where applicable
[2026-01-29T19:37:21.972+0530] {subprocess.py:106} INFO - 26/01/29 19:37:21 INFO ResourceUtils: ==============================================================
[2026-01-29T19:37:21.972+0530] {subprocess.py:106} INFO - 26/01/29 19:37:21 INFO ResourceUtils: No custom resources configured for spark.driver.
[2026-01-29T19:37:21.973+0530] {subprocess.py:106} INFO - 26/01/29 19:37:21 INFO ResourceUtils: ==============================================================
[2026-01-29T19:37:21.973+0530] {subprocess.py:106} INFO - 26/01/29 19:37:21 INFO SparkContext: Submitted application: WeatherSpark
[2026-01-29T19:37:21.999+0530] {subprocess.py:106} INFO - 26/01/29 19:37:21 INFO ResourceProfile: Default ResourceProfile created, executor resources: Map(cores -> name: cores, amount: 1, script: , vendor: , memory -> name: memory, amount: 1024, script: , vendor: , offHeap -> name: offHeap, amount: 0, script: , vendor: ), task resources: Map(cpus -> name: cpus, amount: 1.0)
[2026-01-29T19:37:22.014+0530] {subprocess.py:106} INFO - 26/01/29 19:37:22 INFO ResourceProfile: Limiting resource is cpu
[2026-01-29T19:37:22.014+0530] {subprocess.py:106} INFO - 26/01/29 19:37:22 INFO ResourceProfileManager: Added ResourceProfile id: 0
[2026-01-29T19:37:22.078+0530] {subprocess.py:106} INFO - 26/01/29 19:37:22 INFO SecurityManager: Changing view acls to: hp
[2026-01-29T19:37:22.079+0530] {subprocess.py:106} INFO - 26/01/29 19:37:22 INFO SecurityManager: Changing modify acls to: hp
[2026-01-29T19:37:22.080+0530] {subprocess.py:106} INFO - 26/01/29 19:37:22 INFO SecurityManager: Changing view acls groups to:
[2026-01-29T19:37:22.080+0530] {subprocess.py:106} INFO - 26/01/29 19:37:22 INFO SecurityManager: Changing modify acls groups to:
[2026-01-29T19:37:22.081+0530] {subprocess.py:106} INFO - 26/01/29 19:37:22 INFO SecurityManager: SecurityManager: authentication disabled; ui acls disabled; users with view permissions: hp; groups with view permissions: EMPTY; users with modify permissions: hp; groups with modify permissions: EMPTY
[2026-01-29T19:37:22.341+0530] {subprocess.py:106} INFO - 26/01/29 19:37:22 INFO Utils: Successfully started service 'sparkDriver' on port 37185.
[2026-01-29T19:37:22.373+0530] {subprocess.py:106} INFO - 26/01/29 19:37:22 INFO SparkEnv: Registering MapOutputTracker
[2026-01-29T19:37:22.411+0530] {subprocess.py:106} INFO - 26/01/29 19:37:22 INFO SparkEnv: Registering BlockManagerMaster
[2026-01-29T19:37:22.429+0530] {subprocess.py:106} INFO - 26/01/29 19:37:22 INFO BlockManagerMasterEndpoint: Using org.apache.spark.storage.DefaultTopologyMapper for getting topology information
[2026-01-29T19:37:22.429+0530] {subprocess.py:106} INFO - 26/01/29 19:37:22 INFO BlockManagerMasterEndpoint: BlockManagerMasterEndpoint up
[2026-01-29T19:37:22.433+0530] {subprocess.py:106} INFO - 26/01/29 19:37:22 INFO SparkEnv: Registering BlockManagerMasterHeartbeat
[2026-01-29T19:37:22.494+0530] {subprocess.py:106} INFO - 26/01/29 19:37:22 INFO DiskBlockManager: Created local directory at /tmp/blockmgr-e29a68d2-cd0d-4a1c-ae3d-84e3143768f5
[2026-01-29T19:37:22.511+0530] {subprocess.py:106} INFO - 26/01/29 19:37:22 INFO MemoryStore: MemoryStore started with capacity 366.3 MiB
[2026-01-29T19:37:22.529+0530] {subprocess.py:106} INFO - 26/01/29 19:37:22 INFO SparkEnv: Registering OutputCommitCoordinator
[2026-01-29T19:37:22.695+0530] {subprocess.py:106} INFO - 26/01/29 19:37:22 INFO JettyUtils: Start Jetty 0.0.0.0:4040 for SparkUI
[2026-01-29T19:37:22.766+0530] {subprocess.py:106} INFO - 26/01/29 19:37:22 INFO Utils: Successfully started service 'SparkUI' on port 4040.
[2026-01-29T19:37:22.881+0530] {subprocess.py:106} INFO - 26/01/29 19:37:22 INFO Executor: Starting executor ID driver on host Aishwarya92848DBDA
[2026-01-29T19:37:22.881+0530] {subprocess.py:106} INFO - 26/01/29 19:37:22 INFO Executor: OS info Linux, 6.8.0-90-generic, amd64
[2026-01-29T19:37:22.882+0530] {subprocess.py:106} INFO - 26/01/29 19:37:22 INFO Executor: Java version 1.8.0_472
[2026-01-29T19:37:22.890+0530] {subprocess.py:106} INFO - 26/01/29 19:37:22 INFO Executor: Starting executor with user classpath (userClassPathFirst = false): ''
[2026-01-29T19:37:22.891+0530] {subprocess.py:106} INFO - 26/01/29 19:37:22 INFO Executor: Created or updated repl class loader org.apache.spark.util.MutableURLClassLoader@12d4f8d3 for default.
[2026-01-29T19:37:22.917+0530] {subprocess.py:106} INFO - 26/01/29 19:37:22 INFO Utils: Successfully started service 'org.apache.spark.network.netty.NettyBlockTransferService' on port 44583.
[2026-01-29T19:37:22.918+0530] {subprocess.py:106} INFO - 26/01/29 19:37:22 INFO NettyBlockTransferService: Server created on Aishwarya92848DBDA:44583
[2026-01-29T19:37:22.919+0530] {subprocess.py:106} INFO - 26/01/29 19:37:22 INFO BlockManager: Using org.apache.spark.storage.RandomBlockReplicationPolicy for block replication policy
[2026-01-29T19:37:22.925+0530] {subprocess.py:106} INFO - 26/01/29 19:37:22 INFO BlockManagerMaster: Registering BlockManager BlockManagerId(driver, Aishwarya92848DBDA, 44583, None)
[2026-01-29T19:37:22.930+0530] {subprocess.py:106} INFO - 26/01/29 19:37:22 INFO BlockManagerMasterEndpoint: Registering block manager Aishwarya92848DBDA:44583 with 366.3 MiB RAM, BlockManagerId(driver, Aishwarya92848DBDA, 44583, None)
[2026-01-29T19:37:22.932+0530] {subprocess.py:106} INFO - 26/01/29 19:37:22 INFO BlockManagerMaster: Registered BlockManager BlockManagerId(driver, Aishwarya92848DBDA, 44583, None)
[2026-01-29T19:37:22.934+0530] {subprocess.py:106} INFO - 26/01/29 19:37:22 INFO BlockManager: Initialized BlockManager: BlockManagerId(driver, Aishwarya92848DBDA, 44583, None)
[2026-01-29T19:37:23.468+0530] {subprocess.py:106} INFO - 26/01/29 19:37:23 INFO SharedState: Setting hive.metastore.warehouse.dir ('null') to the value of spark.sql.warehouse.dir.
[2026-01-29T19:37:23.476+0530] {subprocess.py:106} INFO - 26/01/29 19:37:23 INFO SharedState: Warehouse path is 'file:/tmp/airflowtmp3cgkf2sq/spark-warehouse'.
[2026-01-29T19:37:24.760+0530] {subprocess.py:106} INFO - 26/01/29 19:37:24 INFO InMemoryFileIndex: It took 56 ms to list leaf files for 1 paths.
[2026-01-29T19:37:24.819+0530] {subprocess.py:106} INFO - 26/01/29 19:37:24 INFO InMemoryFileIndex: It took 4 ms to list leaf files for 1 paths.
[2026-01-29T19:37:26.783+0530] {subprocess.py:106} INFO - 26/01/29 19:37:26 INFO FileSourceStrategy: Pushed Filters:
[2026-01-29T19:37:26.785+0530] {subprocess.py:106} INFO - 26/01/29 19:37:26 INFO FileSourceStrategy: Post-Scan Filters: (length(trim(value#0, None)) > 0)
[2026-01-29T19:37:27.329+0530] {subprocess.py:106} INFO - 26/01/29 19:37:27 INFO CodeGenerator: Code generated in 201.807455 ms
[2026-01-29T19:37:27.381+0530] {subprocess.py:106} INFO - 26/01/29 19:37:27 INFO MemoryStore: Block broadcast_0 stored as values in memory (estimated size 350.3 KiB, free 366.0 MiB)
[2026-01-29T19:37:27.426+0530] {subprocess.py:106} INFO - 26/01/29 19:37:27 INFO MemoryStore: Block broadcast_0_piece0 stored as bytes in memory (estimated size 34.3 KiB, free 365.9 MiB)
[2026-01-29T19:37:27.429+0530] {subprocess.py:106} INFO - 26/01/29 19:37:27 INFO BlockManagerInfo: Added broadcast_0_piece0 in memory on Aishwarya92848DBDA:44583 (size: 34.3 KiB, free: 366.3 MiB)
[2026-01-29T19:37:27.434+0530] {subprocess.py:106} INFO - 26/01/29 19:37:27 INFO SparkContext: Created broadcast 0 from csv at NativeMethodAccessorImpl.java:0
[2026-01-29T19:37:27.446+0530] {subprocess.py:106} INFO - 26/01/29 19:37:27 INFO FileSourceScanExec: Planning scan with bin packing, max size: 4194304 bytes, open cost is considered as scanning 4194304 bytes.
[2026-01-29T19:37:27.569+0530] {subprocess.py:106} INFO - 26/01/29 19:37:27 INFO SparkContext: Starting job: csv at NativeMethodAccessorImpl.java:0
[2026-01-29T19:37:27.594+0530] {subprocess.py:106} INFO - 26/01/29 19:37:27 INFO DAGScheduler: Got job 0 (csv at NativeMethodAccessorImpl.java:0) with 1 output partitions
[2026-01-29T19:37:27.595+0530] {subprocess.py:106} INFO - 26/01/29 19:37:27 INFO DAGScheduler: Final stage: ResultStage 0 (csv at NativeMethodAccessorImpl.java:0)
[2026-01-29T19:37:27.595+0530] {subprocess.py:106} INFO - 26/01/29 19:37:27 INFO DAGScheduler: Parents of final stage: List()
[2026-01-29T19:37:27.598+0530] {subprocess.py:106} INFO - 26/01/29 19:37:27 INFO DAGScheduler: Missing parents: List()
[2026-01-29T19:37:27.603+0530] {subprocess.py:106} INFO - 26/01/29 19:37:27 INFO DAGScheduler: Submitting ResultStage 0 (MapPartitionsRDD[3] at csv at NativeMethodAccessorImpl.java:0), which has no missing parents
[2026-01-29T19:37:27.715+0530] {subprocess.py:106} INFO - 26/01/29 19:37:27 INFO MemoryStore: Block broadcast_1 stored as values in memory (estimated size 13.5 KiB, free 365.9 MiB)
[2026-01-29T19:37:27.719+0530] {subprocess.py:106} INFO - 26/01/29 19:37:27 INFO MemoryStore: Block broadcast_1_piece0 stored as bytes in memory (estimated size 6.4 KiB, free 365.9 MiB)
[2026-01-29T19:37:27.720+0530] {subprocess.py:106} INFO - 26/01/29 19:37:27 INFO BlockManagerInfo: Added broadcast_1_piece0 in memory on Aishwarya92848DBDA:44583 (size: 6.4 KiB, free: 366.3 MiB)
[2026-01-29T19:37:27.720+0530] {subprocess.py:106} INFO - 26/01/29 19:37:27 INFO SparkContext: Created broadcast 1 from broadcast at DAGScheduler.scala:1585
[2026-01-29T19:37:27.738+0530] {subprocess.py:106} INFO - 26/01/29 19:37:27 INFO DAGScheduler: Submitting 1 missing tasks from ResultStage 0 (MapPartitionsRDD[3] at csv at NativeMethodAccessorImpl.java:0) (first 15 tasks are for partitions Vector(0))
[2026-01-29T19:37:27.741+0530] {subprocess.py:106} INFO - 26/01/29 19:37:27 INFO TaskSchedulerImpl: Adding task set 0.0 with 1 tasks resource profile 0
[2026-01-29T19:37:27.801+0530] {subprocess.py:106} INFO - 26/01/29 19:37:27 INFO TaskSetManager: Starting task 0.0 in stage 0.0 (TID 0) (Aishwarya92848DBDA, executor driver, partition 0, NODE_LOCAL, 8241 bytes)
[2026-01-29T19:37:27.818+0530] {subprocess.py:106} INFO - 26/01/29 19:37:27 INFO Executor: Running task 0.0 in stage 0.0 (TID 0)
[2026-01-29T19:37:28.105+0530] {subprocess.py:106} INFO - 26/01/29 19:37:28 INFO CodeGenerator: Code generated in 14.608004 ms
[2026-01-29T19:37:28.108+0530] {subprocess.py:106} INFO - 26/01/29 19:37:28 INFO FileScanRDD: Reading File path: hdfs://localhost:9000/weather/data/raw_data/weather_dataset.csv, range: 0-2463, partition values: [empty row]
[2026-01-29T19:37:28.126+0530] {subprocess.py:106} INFO - 26/01/29 19:37:28 INFO CodeGenerator: Code generated in 12.00803 ms
[2026-01-29T19:37:28.224+0530] {subprocess.py:106} INFO - 26/01/29 19:37:28 INFO Executor: Finished task 0.0 in stage 0.0 (TID 0). 1802 bytes result sent to driver
[2026-01-29T19:37:28.238+0530] {subprocess.py:106} INFO - 26/01/29 19:37:28 INFO TaskSetManager: Finished task 0.0 in stage 0.0 (TID 0) in 448 ms on Aishwarya92848DBDA (executor driver) (1/1)
[2026-01-29T19:37:28.240+0530] {subprocess.py:106} INFO - 26/01/29 19:37:28 INFO TaskSchedulerImpl: Removed TaskSet 0.0, whose tasks have all completed, from pool
[2026-01-29T19:37:28.248+0530] {subprocess.py:106} INFO - 26/01/29 19:37:28 INFO DAGScheduler: ResultStage 0 (csv at NativeMethodAccessorImpl.java:0) finished in 0.619 s
[2026-01-29T19:37:28.253+0530] {subprocess.py:106} INFO - 26/01/29 19:37:28 INFO DAGScheduler: Job 0 is finished. Cancelling potential speculative or zombie tasks for this job
[2026-01-29T19:37:28.254+0530] {subprocess.py:106} INFO - 26/01/29 19:37:28 INFO TaskSchedulerImpl: Killing all running tasks in stage 0: Stage finished
[2026-01-29T19:37:28.257+0530] {subprocess.py:106} INFO - 26/01/29 19:37:28 INFO DAGScheduler: Job 0 finished: csv at NativeMethodAccessorImpl.java:0, took 0.686930 s
[2026-01-29T19:37:28.281+0530] {subprocess.py:106} INFO - 26/01/29 19:37:28 INFO CodeGenerator: Code generated in 11.629566 ms
[2026-01-29T19:37:28.342+0530] {subprocess.py:106} INFO - 26/01/29 19:37:28 INFO FileSourceStrategy: Pushed Filters:
[2026-01-29T19:37:28.342+0530] {subprocess.py:106} INFO - 26/01/29 19:37:28 INFO FileSourceStrategy: Post-Scan Filters:
[2026-01-29T19:37:28.349+0530] {subprocess.py:106} INFO - 26/01/29 19:37:28 INFO MemoryStore: Block broadcast_2 stored as values in memory (estimated size 350.3 KiB, free 365.6 MiB)
[2026-01-29T19:37:28.356+0530] {subprocess.py:106} INFO - 26/01/29 19:37:28 INFO MemoryStore: Block broadcast_2_piece0 stored as bytes in memory (estimated size 34.3 KiB, free 365.5 MiB)
[2026-01-29T19:37:28.357+0530] {subprocess.py:106} INFO - 26/01/29 19:37:28 INFO BlockManagerInfo: Added broadcast_2_piece0 in memory on Aishwarya92848DBDA:44583 (size: 34.3 KiB, free: 366.2 MiB)
[2026-01-29T19:37:28.358+0530] {subprocess.py:106} INFO - 26/01/29 19:37:28 INFO SparkContext: Created broadcast 2 from csv at NativeMethodAccessorImpl.java:0
[2026-01-29T19:37:28.360+0530] {subprocess.py:106} INFO - 26/01/29 19:37:28 INFO FileSourceScanExec: Planning scan with bin packing, max size: 4194304 bytes, open cost is considered as scanning 4194304 bytes.
[2026-01-29T19:37:28.424+0530] {subprocess.py:106} INFO - 26/01/29 19:37:28 INFO SparkContext: Starting job: csv at NativeMethodAccessorImpl.java:0
[2026-01-29T19:37:28.426+0530] {subprocess.py:106} INFO - 26/01/29 19:37:28 INFO DAGScheduler: Got job 1 (csv at NativeMethodAccessorImpl.java:0) with 1 output partitions
[2026-01-29T19:37:28.427+0530] {subprocess.py:106} INFO - 26/01/29 19:37:28 INFO DAGScheduler: Final stage: ResultStage 1 (csv at NativeMethodAccessorImpl.java:0)
[2026-01-29T19:37:28.427+0530] {subprocess.py:106} INFO - 26/01/29 19:37:28 INFO DAGScheduler: Parents of final stage: List()
[2026-01-29T19:37:28.429+0530] {subprocess.py:106} INFO - 26/01/29 19:37:28 INFO DAGScheduler: Missing parents: List()
[2026-01-29T19:37:28.430+0530] {subprocess.py:106} INFO - 26/01/29 19:37:28 INFO DAGScheduler: Submitting ResultStage 1 (MapPartitionsRDD[9] at csv at NativeMethodAccessorImpl.java:0), which has no missing parents
[2026-01-29T19:37:28.468+0530] {subprocess.py:106} INFO - 26/01/29 19:37:28 INFO MemoryStore: Block broadcast_3 stored as values in memory (estimated size 27.8 KiB, free 365.5 MiB)
[2026-01-29T19:37:28.469+0530] {subprocess.py:106} INFO - 26/01/29 19:37:28 INFO MemoryStore: Block broadcast_3_piece0 stored as bytes in memory (estimated size 12.8 KiB, free 365.5 MiB)
[2026-01-29T19:37:28.470+0530] {subprocess.py:106} INFO - 26/01/29 19:37:28 INFO BlockManagerInfo: Added broadcast_3_piece0 in memory on Aishwarya92848DBDA:44583 (size: 12.8 KiB, free: 366.2 MiB)
[2026-01-29T19:37:28.470+0530] {subprocess.py:106} INFO - 26/01/29 19:37:28 INFO SparkContext: Created broadcast 3 from broadcast at DAGScheduler.scala:1585
[2026-01-29T19:37:28.471+0530] {subprocess.py:106} INFO - 26/01/29 19:37:28 INFO DAGScheduler: Submitting 1 missing tasks from ResultStage 1 (MapPartitionsRDD[9] at csv at NativeMethodAccessorImpl.java:0) (first 15 tasks are for partitions Vector(0))
[2026-01-29T19:37:28.472+0530] {subprocess.py:106} INFO - 26/01/29 19:37:28 INFO TaskSchedulerImpl: Adding task set 1.0 with 1 tasks resource profile 0
[2026-01-29T19:37:28.473+0530] {subprocess.py:106} INFO - 26/01/29 19:37:28 INFO TaskSetManager: Starting task 0.0 in stage 1.0 (TID 1) (Aishwarya92848DBDA, executor driver, partition 0, NODE_LOCAL, 8241 bytes)
[2026-01-29T19:37:28.474+0530] {subprocess.py:106} INFO - 26/01/29 19:37:28 INFO Executor: Running task 0.0 in stage 1.0 (TID 1)
[2026-01-29T19:37:28.546+0530] {subprocess.py:106} INFO - 26/01/29 19:37:28 INFO CodeGenerator: Code generated in 10.446373 ms
[2026-01-29T19:37:28.550+0530] {subprocess.py:106} INFO - 26/01/29 19:37:28 INFO FileScanRDD: Reading File path: hdfs://localhost:9000/weather/data/raw_data/weather_dataset.csv, range: 0-2463, partition values: [empty row]
[2026-01-29T19:37:28.593+0530] {subprocess.py:106} INFO - 26/01/29 19:37:28 INFO Executor: Finished task 0.0 in stage 1.0 (TID 1). 1762 bytes result sent to driver
[2026-01-29T19:37:28.595+0530] {subprocess.py:106} INFO - 26/01/29 19:37:28 INFO TaskSetManager: Finished task 0.0 in stage 1.0 (TID 1) in 122 ms on Aishwarya92848DBDA (executor driver) (1/1)
[2026-01-29T19:37:28.596+0530] {subprocess.py:106} INFO - 26/01/29 19:37:28 INFO TaskSchedulerImpl: Removed TaskSet 1.0, whose tasks have all completed, from pool
[2026-01-29T19:37:28.596+0530] {subprocess.py:106} INFO - 26/01/29 19:37:28 INFO DAGScheduler: ResultStage 1 (csv at NativeMethodAccessorImpl.java:0) finished in 0.164 s
[2026-01-29T19:37:28.597+0530] {subprocess.py:106} INFO - 26/01/29 19:37:28 INFO DAGScheduler: Job 1 is finished. Cancelling potential speculative or zombie tasks for this job
[2026-01-29T19:37:28.597+0530] {subprocess.py:106} INFO - 26/01/29 19:37:28 INFO TaskSchedulerImpl: Killing all running tasks in stage 1: Stage finished
[2026-01-29T19:37:28.598+0530] {subprocess.py:106} INFO - 26/01/29 19:37:28 INFO DAGScheduler: Job 1 finished: csv at NativeMethodAccessorImpl.java:0, took 0.173621 s
[2026-01-29T19:37:28.643+0530] {subprocess.py:106} INFO - root
[2026-01-29T19:37:28.644+0530] {subprocess.py:106} INFO -  |-- city: string (nullable = true)
[2026-01-29T19:37:28.644+0530] {subprocess.py:106} INFO -  |-- date: date (nullable = true)
[2026-01-29T19:37:28.644+0530] {subprocess.py:106} INFO -  |-- temperature_2m_max: double (nullable = true)
[2026-01-29T19:37:28.644+0530] {subprocess.py:106} INFO -  |-- temperature_2m_min: double (nullable = true)
[2026-01-29T19:37:28.644+0530] {subprocess.py:106} INFO -  |-- apparent_temperature_max: double (nullable = true)
[2026-01-29T19:37:28.644+0530] {subprocess.py:106} INFO -  |-- apparent_temperature_min: double (nullable = true)
[2026-01-29T19:37:28.644+0530] {subprocess.py:106} INFO -  |-- precipitation_sum: double (nullable = true)
[2026-01-29T19:37:28.645+0530] {subprocess.py:106} INFO -  |-- rain_sum: double (nullable = true)
[2026-01-29T19:37:28.645+0530] {subprocess.py:106} INFO -  |-- weather_code: integer (nullable = true)
[2026-01-29T19:37:28.645+0530] {subprocess.py:106} INFO -  |-- wind_speed_10m_max: double (nullable = true)
[2026-01-29T19:37:28.645+0530] {subprocess.py:106} INFO -  |-- wind_gusts_10m_max: double (nullable = true)
[2026-01-29T19:37:28.645+0530] {subprocess.py:106} INFO -  |-- wind_direction_10m_dominant: integer (nullable = true)
[2026-01-29T19:37:28.645+0530] {subprocess.py:106} INFO - 
[2026-01-29T19:37:28.832+0530] {subprocess.py:106} INFO - 26/01/29 19:37:28 INFO FileSourceStrategy: Pushed Filters: Or(Or(Or(Or(IsNull(city),IsNull(date)),IsNull(temperature_2m_max)),Or(Or(IsNull(temperature_2m_min),IsNull(apparent_temperature_max)),IsNull(apparent_temperature_min))),Or(Or(Or(IsNull(precipitation_sum),IsNull(rain_sum)),IsNull(weather_code)),Or(Or(IsNull(wind_speed_10m_max),IsNull(wind_gusts_10m_max)),IsNull(wind_direction_10m_dominant))))
[2026-01-29T19:37:28.832+0530] {subprocess.py:106} INFO - 26/01/29 19:37:28 INFO FileSourceStrategy: Post-Scan Filters: ((((isnull(city#17) OR isnull(date#18)) OR isnull(temperature_2m_max#19)) OR ((isnull(temperature_2m_min#20) OR isnull(apparent_temperature_max#21)) OR isnull(apparent_temperature_min#22))) OR (((isnull(precipitation_sum#23) OR isnull(rain_sum#24)) OR isnull(weather_code#25)) OR ((isnull(wind_speed_10m_max#26) OR isnull(wind_gusts_10m_max#27)) OR isnull(wind_direction_10m_dominant#28))))
[2026-01-29T19:37:28.964+0530] {subprocess.py:106} INFO - 26/01/29 19:37:28 INFO CodeGenerator: Code generated in 23.004195 ms
[2026-01-29T19:37:28.969+0530] {subprocess.py:106} INFO - 26/01/29 19:37:28 INFO MemoryStore: Block broadcast_4 stored as values in memory (estimated size 350.2 KiB, free 365.1 MiB)
[2026-01-29T19:37:28.978+0530] {subprocess.py:106} INFO - 26/01/29 19:37:28 INFO MemoryStore: Block broadcast_4_piece0 stored as bytes in memory (estimated size 34.3 KiB, free 365.1 MiB)
[2026-01-29T19:37:28.979+0530] {subprocess.py:106} INFO - 26/01/29 19:37:28 INFO BlockManagerInfo: Added broadcast_4_piece0 in memory on Aishwarya92848DBDA:44583 (size: 34.3 KiB, free: 366.2 MiB)
[2026-01-29T19:37:28.980+0530] {subprocess.py:106} INFO - 26/01/29 19:37:28 INFO SparkContext: Created broadcast 4 from count at NativeMethodAccessorImpl.java:0
[2026-01-29T19:37:28.986+0530] {subprocess.py:106} INFO - 26/01/29 19:37:28 INFO FileSourceScanExec: Planning scan with bin packing, max size: 4194304 bytes, open cost is considered as scanning 4194304 bytes.
[2026-01-29T19:37:29.010+0530] {subprocess.py:106} INFO - 26/01/29 19:37:29 INFO DAGScheduler: Registering RDD 13 (count at NativeMethodAccessorImpl.java:0) as input to shuffle 0
[2026-01-29T19:37:29.014+0530] {subprocess.py:106} INFO - 26/01/29 19:37:29 INFO DAGScheduler: Got map stage job 2 (count at NativeMethodAccessorImpl.java:0) with 1 output partitions
[2026-01-29T19:37:29.015+0530] {subprocess.py:106} INFO - 26/01/29 19:37:29 INFO DAGScheduler: Final stage: ShuffleMapStage 2 (count at NativeMethodAccessorImpl.java:0)
[2026-01-29T19:37:29.015+0530] {subprocess.py:106} INFO - 26/01/29 19:37:29 INFO DAGScheduler: Parents of final stage: List()
[2026-01-29T19:37:29.016+0530] {subprocess.py:106} INFO - 26/01/29 19:37:29 INFO DAGScheduler: Missing parents: List()
[2026-01-29T19:37:29.018+0530] {subprocess.py:106} INFO - 26/01/29 19:37:29 INFO DAGScheduler: Submitting ShuffleMapStage 2 (MapPartitionsRDD[13] at count at NativeMethodAccessorImpl.java:0), which has no missing parents
[2026-01-29T19:37:29.035+0530] {subprocess.py:106} INFO - 26/01/29 19:37:29 INFO MemoryStore: Block broadcast_5 stored as values in memory (estimated size 22.8 KiB, free 365.1 MiB)
[2026-01-29T19:37:29.037+0530] {subprocess.py:106} INFO - 26/01/29 19:37:29 INFO MemoryStore: Block broadcast_5_piece0 stored as bytes in memory (estimated size 10.3 KiB, free 365.1 MiB)
[2026-01-29T19:37:29.038+0530] {subprocess.py:106} INFO - 26/01/29 19:37:29 INFO BlockManagerInfo: Added broadcast_5_piece0 in memory on Aishwarya92848DBDA:44583 (size: 10.3 KiB, free: 366.2 MiB)
[2026-01-29T19:37:29.039+0530] {subprocess.py:106} INFO - 26/01/29 19:37:29 INFO SparkContext: Created broadcast 5 from broadcast at DAGScheduler.scala:1585
[2026-01-29T19:37:29.041+0530] {subprocess.py:106} INFO - 26/01/29 19:37:29 INFO DAGScheduler: Submitting 1 missing tasks from ShuffleMapStage 2 (MapPartitionsRDD[13] at count at NativeMethodAccessorImpl.java:0) (first 15 tasks are for partitions Vector(0))
[2026-01-29T19:37:29.041+0530] {subprocess.py:106} INFO - 26/01/29 19:37:29 INFO TaskSchedulerImpl: Adding task set 2.0 with 1 tasks resource profile 0
[2026-01-29T19:37:29.044+0530] {subprocess.py:106} INFO - 26/01/29 19:37:29 INFO TaskSetManager: Starting task 0.0 in stage 2.0 (TID 2) (Aishwarya92848DBDA, executor driver, partition 0, NODE_LOCAL, 8230 bytes)
[2026-01-29T19:37:29.045+0530] {subprocess.py:106} INFO - 26/01/29 19:37:29 INFO Executor: Running task 0.0 in stage 2.0 (TID 2)
[2026-01-29T19:37:29.085+0530] {subprocess.py:106} INFO - 26/01/29 19:37:29 INFO CodeGenerator: Code generated in 17.867748 ms
[2026-01-29T19:37:29.095+0530] {subprocess.py:106} INFO - 26/01/29 19:37:29 INFO FileScanRDD: Reading File path: hdfs://localhost:9000/weather/data/raw_data/weather_dataset.csv, range: 0-2463, partition values: [empty row]
[2026-01-29T19:37:29.123+0530] {subprocess.py:106} INFO - 26/01/29 19:37:29 INFO CodeGenerator: Code generated in 19.785657 ms
[2026-01-29T19:37:29.163+0530] {subprocess.py:106} INFO - 26/01/29 19:37:29 INFO CodeGenerator: Code generated in 14.17804 ms
[2026-01-29T19:37:29.221+0530] {subprocess.py:106} INFO - 26/01/29 19:37:29 INFO Executor: Finished task 0.0 in stage 2.0 (TID 2). 2033 bytes result sent to driver
[2026-01-29T19:37:29.224+0530] {subprocess.py:106} INFO - 26/01/29 19:37:29 INFO TaskSetManager: Finished task 0.0 in stage 2.0 (TID 2) in 182 ms on Aishwarya92848DBDA (executor driver) (1/1)
[2026-01-29T19:37:29.225+0530] {subprocess.py:106} INFO - 26/01/29 19:37:29 INFO TaskSchedulerImpl: Removed TaskSet 2.0, whose tasks have all completed, from pool
[2026-01-29T19:37:29.227+0530] {subprocess.py:106} INFO - 26/01/29 19:37:29 INFO DAGScheduler: ShuffleMapStage 2 (count at NativeMethodAccessorImpl.java:0) finished in 0.205 s
[2026-01-29T19:37:29.228+0530] {subprocess.py:106} INFO - 26/01/29 19:37:29 INFO DAGScheduler: looking for newly runnable stages
[2026-01-29T19:37:29.228+0530] {subprocess.py:106} INFO - 26/01/29 19:37:29 INFO DAGScheduler: running: Set()
[2026-01-29T19:37:29.229+0530] {subprocess.py:106} INFO - 26/01/29 19:37:29 INFO DAGScheduler: waiting: Set()
[2026-01-29T19:37:29.229+0530] {subprocess.py:106} INFO - 26/01/29 19:37:29 INFO DAGScheduler: failed: Set()
[2026-01-29T19:37:29.262+0530] {subprocess.py:106} INFO - 26/01/29 19:37:29 INFO CodeGenerator: Code generated in 8.452288 ms
[2026-01-29T19:37:29.279+0530] {subprocess.py:106} INFO - 26/01/29 19:37:29 INFO SparkContext: Starting job: count at NativeMethodAccessorImpl.java:0
[2026-01-29T19:37:29.281+0530] {subprocess.py:106} INFO - 26/01/29 19:37:29 INFO DAGScheduler: Got job 3 (count at NativeMethodAccessorImpl.java:0) with 1 output partitions
[2026-01-29T19:37:29.281+0530] {subprocess.py:106} INFO - 26/01/29 19:37:29 INFO DAGScheduler: Final stage: ResultStage 4 (count at NativeMethodAccessorImpl.java:0)
[2026-01-29T19:37:29.281+0530] {subprocess.py:106} INFO - 26/01/29 19:37:29 INFO DAGScheduler: Parents of final stage: List(ShuffleMapStage 3)
[2026-01-29T19:37:29.281+0530] {subprocess.py:106} INFO - 26/01/29 19:37:29 INFO DAGScheduler: Missing parents: List()
[2026-01-29T19:37:29.283+0530] {subprocess.py:106} INFO - 26/01/29 19:37:29 INFO DAGScheduler: Submitting ResultStage 4 (MapPartitionsRDD[16] at count at NativeMethodAccessorImpl.java:0), which has no missing parents
[2026-01-29T19:37:29.289+0530] {subprocess.py:106} INFO - 26/01/29 19:37:29 INFO MemoryStore: Block broadcast_6 stored as values in memory (estimated size 12.5 KiB, free 365.1 MiB)
[2026-01-29T19:37:29.291+0530] {subprocess.py:106} INFO - 26/01/29 19:37:29 INFO MemoryStore: Block broadcast_6_piece0 stored as bytes in memory (estimated size 5.9 KiB, free 365.1 MiB)
[2026-01-29T19:37:29.292+0530] {subprocess.py:106} INFO - 26/01/29 19:37:29 INFO BlockManagerInfo: Added broadcast_6_piece0 in memory on Aishwarya92848DBDA:44583 (size: 5.9 KiB, free: 366.2 MiB)
[2026-01-29T19:37:29.292+0530] {subprocess.py:106} INFO - 26/01/29 19:37:29 INFO SparkContext: Created broadcast 6 from broadcast at DAGScheduler.scala:1585
[2026-01-29T19:37:29.293+0530] {subprocess.py:106} INFO - 26/01/29 19:37:29 INFO DAGScheduler: Submitting 1 missing tasks from ResultStage 4 (MapPartitionsRDD[16] at count at NativeMethodAccessorImpl.java:0) (first 15 tasks are for partitions Vector(0))
[2026-01-29T19:37:29.294+0530] {subprocess.py:106} INFO - 26/01/29 19:37:29 INFO TaskSchedulerImpl: Adding task set 4.0 with 1 tasks resource profile 0
[2026-01-29T19:37:29.296+0530] {subprocess.py:106} INFO - 26/01/29 19:37:29 INFO TaskSetManager: Starting task 0.0 in stage 4.0 (TID 3) (Aishwarya92848DBDA, executor driver, partition 0, NODE_LOCAL, 7615 bytes)
[2026-01-29T19:37:29.297+0530] {subprocess.py:106} INFO - 26/01/29 19:37:29 INFO Executor: Running task 0.0 in stage 4.0 (TID 3)
[2026-01-29T19:37:29.321+0530] {subprocess.py:106} INFO - 26/01/29 19:37:29 INFO ShuffleBlockFetcherIterator: Getting 1 (60.0 B) non-empty blocks including 1 (60.0 B) local and 0 (0.0 B) host-local and 0 (0.0 B) push-merged-local and 0 (0.0 B) remote blocks
[2026-01-29T19:37:29.323+0530] {subprocess.py:106} INFO - 26/01/29 19:37:29 INFO ShuffleBlockFetcherIterator: Started 0 remote fetches in 8 ms
[2026-01-29T19:37:29.334+0530] {subprocess.py:106} INFO - 26/01/29 19:37:29 INFO CodeGenerator: Code generated in 6.6917 ms
[2026-01-29T19:37:29.343+0530] {subprocess.py:106} INFO - 26/01/29 19:37:29 INFO Executor: Finished task 0.0 in stage 4.0 (TID 3). 3995 bytes result sent to driver
[2026-01-29T19:37:29.345+0530] {subprocess.py:106} INFO - 26/01/29 19:37:29 INFO TaskSetManager: Finished task 0.0 in stage 4.0 (TID 3) in 51 ms on Aishwarya92848DBDA (executor driver) (1/1)
[2026-01-29T19:37:29.345+0530] {subprocess.py:106} INFO - 26/01/29 19:37:29 INFO TaskSchedulerImpl: Removed TaskSet 4.0, whose tasks have all completed, from pool
[2026-01-29T19:37:29.346+0530] {subprocess.py:106} INFO - 26/01/29 19:37:29 INFO DAGScheduler: ResultStage 4 (count at NativeMethodAccessorImpl.java:0) finished in 0.060 s
[2026-01-29T19:37:29.347+0530] {subprocess.py:106} INFO - 26/01/29 19:37:29 INFO DAGScheduler: Job 3 is finished. Cancelling potential speculative or zombie tasks for this job
[2026-01-29T19:37:29.347+0530] {subprocess.py:106} INFO - 26/01/29 19:37:29 INFO TaskSchedulerImpl: Killing all running tasks in stage 4: Stage finished
[2026-01-29T19:37:29.347+0530] {subprocess.py:106} INFO - 26/01/29 19:37:29 INFO DAGScheduler: Job 3 finished: count at NativeMethodAccessorImpl.java:0, took 0.068657 s
[2026-01-29T19:37:29.646+0530] {subprocess.py:106} INFO - 26/01/29 19:37:29 INFO FileSourceStrategy: Pushed Filters:
[2026-01-29T19:37:29.647+0530] {subprocess.py:106} INFO - 26/01/29 19:37:29 INFO FileSourceStrategy: Post-Scan Filters:
[2026-01-29T19:37:29.659+0530] {subprocess.py:106} INFO - 26/01/29 19:37:29 INFO MemoryStore: Block broadcast_7 stored as values in memory (estimated size 350.2 KiB, free 364.7 MiB)
[2026-01-29T19:37:29.688+0530] {subprocess.py:106} INFO - 26/01/29 19:37:29 INFO MemoryStore: Block broadcast_7_piece0 stored as bytes in memory (estimated size 34.3 KiB, free 364.7 MiB)
[2026-01-29T19:37:29.690+0530] {subprocess.py:106} INFO - 26/01/29 19:37:29 INFO BlockManagerInfo: Added broadcast_7_piece0 in memory on Aishwarya92848DBDA:44583 (size: 34.3 KiB, free: 366.1 MiB)
[2026-01-29T19:37:29.691+0530] {subprocess.py:106} INFO - 26/01/29 19:37:29 INFO SparkContext: Created broadcast 7 from collect at StringIndexer.scala:204
[2026-01-29T19:37:29.692+0530] {subprocess.py:106} INFO - 26/01/29 19:37:29 INFO FileSourceScanExec: Planning scan with bin packing, max size: 4194304 bytes, open cost is considered as scanning 4194304 bytes.
[2026-01-29T19:37:29.698+0530] {subprocess.py:106} INFO - 26/01/29 19:37:29 INFO DAGScheduler: Registering RDD 20 (collect at StringIndexer.scala:204) as input to shuffle 1
[2026-01-29T19:37:29.699+0530] {subprocess.py:106} INFO - 26/01/29 19:37:29 INFO DAGScheduler: Got map stage job 4 (collect at StringIndexer.scala:204) with 1 output partitions
[2026-01-29T19:37:29.699+0530] {subprocess.py:106} INFO - 26/01/29 19:37:29 INFO DAGScheduler: Final stage: ShuffleMapStage 5 (collect at StringIndexer.scala:204)
[2026-01-29T19:37:29.699+0530] {subprocess.py:106} INFO - 26/01/29 19:37:29 INFO DAGScheduler: Parents of final stage: List()
[2026-01-29T19:37:29.701+0530] {subprocess.py:106} INFO - 26/01/29 19:37:29 INFO DAGScheduler: Missing parents: List()
[2026-01-29T19:37:29.702+0530] {subprocess.py:106} INFO - 26/01/29 19:37:29 INFO DAGScheduler: Submitting ShuffleMapStage 5 (MapPartitionsRDD[20] at collect at StringIndexer.scala:204), which has no missing parents
[2026-01-29T19:37:29.718+0530] {subprocess.py:106} INFO - 26/01/29 19:37:29 INFO BlockManagerInfo: Removed broadcast_3_piece0 on Aishwarya92848DBDA:44583 in memory (size: 12.8 KiB, free: 366.1 MiB)
[2026-01-29T19:37:29.728+0530] {subprocess.py:106} INFO - 26/01/29 19:37:29 INFO MemoryStore: Block broadcast_8 stored as values in memory (estimated size 28.7 KiB, free 364.7 MiB)
[2026-01-29T19:37:29.728+0530] {subprocess.py:106} INFO - 26/01/29 19:37:29 INFO BlockManagerInfo: Removed broadcast_6_piece0 on Aishwarya92848DBDA:44583 in memory (size: 5.9 KiB, free: 366.1 MiB)
[2026-01-29T19:37:29.730+0530] {subprocess.py:106} INFO - 26/01/29 19:37:29 INFO MemoryStore: Block broadcast_8_piece0 stored as bytes in memory (estimated size 13.8 KiB, free 364.7 MiB)
[2026-01-29T19:37:29.731+0530] {subprocess.py:106} INFO - 26/01/29 19:37:29 INFO BlockManagerInfo: Added broadcast_8_piece0 in memory on Aishwarya92848DBDA:44583 (size: 13.8 KiB, free: 366.1 MiB)
[2026-01-29T19:37:29.731+0530] {subprocess.py:106} INFO - 26/01/29 19:37:29 INFO SparkContext: Created broadcast 8 from broadcast at DAGScheduler.scala:1585
[2026-01-29T19:37:29.732+0530] {subprocess.py:106} INFO - 26/01/29 19:37:29 INFO DAGScheduler: Submitting 1 missing tasks from ShuffleMapStage 5 (MapPartitionsRDD[20] at collect at StringIndexer.scala:204) (first 15 tasks are for partitions Vector(0))
[2026-01-29T19:37:29.733+0530] {subprocess.py:106} INFO - 26/01/29 19:37:29 INFO TaskSchedulerImpl: Adding task set 5.0 with 1 tasks resource profile 0
[2026-01-29T19:37:29.733+0530] {subprocess.py:106} INFO - 26/01/29 19:37:29 INFO BlockManagerInfo: Removed broadcast_0_piece0 on Aishwarya92848DBDA:44583 in memory (size: 34.3 KiB, free: 366.2 MiB)
[2026-01-29T19:37:29.735+0530] {subprocess.py:106} INFO - 26/01/29 19:37:29 INFO TaskSetManager: Starting task 0.0 in stage 5.0 (TID 4) (Aishwarya92848DBDA, executor driver, partition 0, NODE_LOCAL, 8230 bytes)
[2026-01-29T19:37:29.735+0530] {subprocess.py:106} INFO - 26/01/29 19:37:29 INFO Executor: Running task 0.0 in stage 5.0 (TID 4)
[2026-01-29T19:37:29.738+0530] {subprocess.py:106} INFO - 26/01/29 19:37:29 INFO BlockManagerInfo: Removed broadcast_5_piece0 on Aishwarya92848DBDA:44583 in memory (size: 10.3 KiB, free: 366.2 MiB)
[2026-01-29T19:37:29.742+0530] {subprocess.py:106} INFO - 26/01/29 19:37:29 INFO BlockManagerInfo: Removed broadcast_2_piece0 on Aishwarya92848DBDA:44583 in memory (size: 34.3 KiB, free: 366.2 MiB)
[2026-01-29T19:37:29.748+0530] {subprocess.py:106} INFO - 26/01/29 19:37:29 INFO BlockManagerInfo: Removed broadcast_4_piece0 on Aishwarya92848DBDA:44583 in memory (size: 34.3 KiB, free: 366.2 MiB)
[2026-01-29T19:37:29.752+0530] {subprocess.py:106} INFO - 26/01/29 19:37:29 INFO BlockManagerInfo: Removed broadcast_1_piece0 on Aishwarya92848DBDA:44583 in memory (size: 6.4 KiB, free: 366.3 MiB)
[2026-01-29T19:37:29.754+0530] {subprocess.py:106} INFO - 26/01/29 19:37:29 INFO FileScanRDD: Reading File path: hdfs://localhost:9000/weather/data/raw_data/weather_dataset.csv, range: 0-2463, partition values: [empty row]
[2026-01-29T19:37:29.780+0530] {subprocess.py:106} INFO - 26/01/29 19:37:29 INFO CodeGenerator: Code generated in 5.753275 ms
[2026-01-29T19:37:29.793+0530] {subprocess.py:106} INFO - 26/01/29 19:37:29 INFO CodeGenerator: Code generated in 5.678292 ms
[2026-01-29T19:37:29.804+0530] {subprocess.py:106} INFO - 26/01/29 19:37:29 INFO CodeGenerator: Code generated in 6.836688 ms
[2026-01-29T19:37:29.822+0530] {subprocess.py:106} INFO - 26/01/29 19:37:29 INFO CodeGenerator: Code generated in 6.505935 ms
[2026-01-29T19:37:29.846+0530] {subprocess.py:106} INFO - 26/01/29 19:37:29 INFO CodeGenerator: Code generated in 12.793431 ms
[2026-01-29T19:37:30.031+0530] {subprocess.py:106} INFO - 26/01/29 19:37:30 INFO Executor: Finished task 0.0 in stage 5.0 (TID 4). 2256 bytes result sent to driver
[2026-01-29T19:37:30.032+0530] {subprocess.py:106} INFO - 26/01/29 19:37:30 INFO TaskSetManager: Finished task 0.0 in stage 5.0 (TID 4) in 298 ms on Aishwarya92848DBDA (executor driver) (1/1)
[2026-01-29T19:37:30.032+0530] {subprocess.py:106} INFO - 26/01/29 19:37:30 INFO TaskSchedulerImpl: Removed TaskSet 5.0, whose tasks have all completed, from pool
[2026-01-29T19:37:30.033+0530] {subprocess.py:106} INFO - 26/01/29 19:37:30 INFO DAGScheduler: ShuffleMapStage 5 (collect at StringIndexer.scala:204) finished in 0.329 s
[2026-01-29T19:37:30.033+0530] {subprocess.py:106} INFO - 26/01/29 19:37:30 INFO DAGScheduler: looking for newly runnable stages
[2026-01-29T19:37:30.033+0530] {subprocess.py:106} INFO - 26/01/29 19:37:30 INFO DAGScheduler: running: Set()
[2026-01-29T19:37:30.033+0530] {subprocess.py:106} INFO - 26/01/29 19:37:30 INFO DAGScheduler: waiting: Set()
[2026-01-29T19:37:30.034+0530] {subprocess.py:106} INFO - 26/01/29 19:37:30 INFO DAGScheduler: failed: Set()
[2026-01-29T19:37:30.059+0530] {subprocess.py:106} INFO - 26/01/29 19:37:30 INFO SparkContext: Starting job: collect at StringIndexer.scala:204
[2026-01-29T19:37:30.061+0530] {subprocess.py:106} INFO - 26/01/29 19:37:30 INFO DAGScheduler: Got job 5 (collect at StringIndexer.scala:204) with 1 output partitions
[2026-01-29T19:37:30.061+0530] {subprocess.py:106} INFO - 26/01/29 19:37:30 INFO DAGScheduler: Final stage: ResultStage 7 (collect at StringIndexer.scala:204)
[2026-01-29T19:37:30.062+0530] {subprocess.py:106} INFO - 26/01/29 19:37:30 INFO DAGScheduler: Parents of final stage: List(ShuffleMapStage 6)
[2026-01-29T19:37:30.062+0530] {subprocess.py:106} INFO - 26/01/29 19:37:30 INFO DAGScheduler: Missing parents: List()
[2026-01-29T19:37:30.063+0530] {subprocess.py:106} INFO - 26/01/29 19:37:30 INFO DAGScheduler: Submitting ResultStage 7 (MapPartitionsRDD[23] at collect at StringIndexer.scala:204), which has no missing parents
[2026-01-29T19:37:30.066+0530] {subprocess.py:106} INFO - 26/01/29 19:37:30 INFO MemoryStore: Block broadcast_9 stored as values in memory (estimated size 33.6 KiB, free 365.9 MiB)
[2026-01-29T19:37:30.068+0530] {subprocess.py:106} INFO - 26/01/29 19:37:30 INFO MemoryStore: Block broadcast_9_piece0 stored as bytes in memory (estimated size 16.1 KiB, free 365.8 MiB)
[2026-01-29T19:37:30.068+0530] {subprocess.py:106} INFO - 26/01/29 19:37:30 INFO BlockManagerInfo: Added broadcast_9_piece0 in memory on Aishwarya92848DBDA:44583 (size: 16.1 KiB, free: 366.2 MiB)
[2026-01-29T19:37:30.069+0530] {subprocess.py:106} INFO - 26/01/29 19:37:30 INFO SparkContext: Created broadcast 9 from broadcast at DAGScheduler.scala:1585
[2026-01-29T19:37:30.069+0530] {subprocess.py:106} INFO - 26/01/29 19:37:30 INFO DAGScheduler: Submitting 1 missing tasks from ResultStage 7 (MapPartitionsRDD[23] at collect at StringIndexer.scala:204) (first 15 tasks are for partitions Vector(0))
[2026-01-29T19:37:30.070+0530] {subprocess.py:106} INFO - 26/01/29 19:37:30 INFO TaskSchedulerImpl: Adding task set 7.0 with 1 tasks resource profile 0
[2026-01-29T19:37:30.071+0530] {subprocess.py:106} INFO - 26/01/29 19:37:30 INFO TaskSetManager: Starting task 0.0 in stage 7.0 (TID 5) (Aishwarya92848DBDA, executor driver, partition 0, NODE_LOCAL, 7615 bytes)
[2026-01-29T19:37:30.072+0530] {subprocess.py:106} INFO - 26/01/29 19:37:30 INFO Executor: Running task 0.0 in stage 7.0 (TID 5)
[2026-01-29T19:37:30.080+0530] {subprocess.py:106} INFO - 26/01/29 19:37:30 INFO ShuffleBlockFetcherIterator: Getting 1 (445.0 B) non-empty blocks including 1 (445.0 B) local and 0 (0.0 B) host-local and 0 (0.0 B) push-merged-local and 0 (0.0 B) remote blocks
[2026-01-29T19:37:30.081+0530] {subprocess.py:106} INFO - 26/01/29 19:37:30 INFO ShuffleBlockFetcherIterator: Started 0 remote fetches in 0 ms
[2026-01-29T19:37:30.100+0530] {subprocess.py:106} INFO - 26/01/29 19:37:30 INFO CodeGenerator: Code generated in 10.629071 ms
[2026-01-29T19:37:30.149+0530] {subprocess.py:106} INFO - 26/01/29 19:37:30 INFO Executor: Finished task 0.0 in stage 7.0 (TID 5). 5049 bytes result sent to driver
[2026-01-29T19:37:30.151+0530] {subprocess.py:106} INFO - 26/01/29 19:37:30 INFO TaskSetManager: Finished task 0.0 in stage 7.0 (TID 5) in 80 ms on Aishwarya92848DBDA (executor driver) (1/1)
[2026-01-29T19:37:30.151+0530] {subprocess.py:106} INFO - 26/01/29 19:37:30 INFO TaskSchedulerImpl: Removed TaskSet 7.0, whose tasks have all completed, from pool
[2026-01-29T19:37:30.152+0530] {subprocess.py:106} INFO - 26/01/29 19:37:30 INFO DAGScheduler: ResultStage 7 (collect at StringIndexer.scala:204) finished in 0.088 s
[2026-01-29T19:37:30.153+0530] {subprocess.py:106} INFO - 26/01/29 19:37:30 INFO DAGScheduler: Job 5 is finished. Cancelling potential speculative or zombie tasks for this job
[2026-01-29T19:37:30.153+0530] {subprocess.py:106} INFO - 26/01/29 19:37:30 INFO TaskSchedulerImpl: Killing all running tasks in stage 7: Stage finished
[2026-01-29T19:37:30.153+0530] {subprocess.py:106} INFO - 26/01/29 19:37:30 INFO DAGScheduler: Job 5 finished: collect at StringIndexer.scala:204, took 0.094002 s
[2026-01-29T19:37:30.168+0530] {subprocess.py:106} INFO - 26/01/29 19:37:30 INFO CodeGenerator: Code generated in 11.046269 ms
[2026-01-29T19:37:30.419+0530] {subprocess.py:106} INFO - 26/01/29 19:37:30 INFO FileSourceStrategy: Pushed Filters:
[2026-01-29T19:37:30.419+0530] {subprocess.py:106} INFO - 26/01/29 19:37:30 INFO FileSourceStrategy: Post-Scan Filters:
[2026-01-29T19:37:30.424+0530] {subprocess.py:106} INFO - 26/01/29 19:37:30 INFO MemoryStore: Block broadcast_10 stored as values in memory (estimated size 350.2 KiB, free 365.5 MiB)
[2026-01-29T19:37:30.431+0530] {subprocess.py:106} INFO - 26/01/29 19:37:30 INFO MemoryStore: Block broadcast_10_piece0 stored as bytes in memory (estimated size 34.3 KiB, free 365.5 MiB)
[2026-01-29T19:37:30.432+0530] {subprocess.py:106} INFO - 26/01/29 19:37:30 INFO BlockManagerInfo: Added broadcast_10_piece0 in memory on Aishwarya92848DBDA:44583 (size: 34.3 KiB, free: 366.2 MiB)
[2026-01-29T19:37:30.432+0530] {subprocess.py:106} INFO - 26/01/29 19:37:30 INFO SparkContext: Created broadcast 10 from approxQuantile at NativeMethodAccessorImpl.java:0
[2026-01-29T19:37:30.433+0530] {subprocess.py:106} INFO - 26/01/29 19:37:30 INFO FileSourceScanExec: Planning scan with bin packing, max size: 4194304 bytes, open cost is considered as scanning 4194304 bytes.
[2026-01-29T19:37:30.476+0530] {subprocess.py:106} INFO - 26/01/29 19:37:30 INFO SparkContext: Starting job: approxQuantile at NativeMethodAccessorImpl.java:0
[2026-01-29T19:37:30.477+0530] {subprocess.py:106} INFO - 26/01/29 19:37:30 INFO DAGScheduler: Got job 6 (approxQuantile at NativeMethodAccessorImpl.java:0) with 1 output partitions
[2026-01-29T19:37:30.478+0530] {subprocess.py:106} INFO - 26/01/29 19:37:30 INFO DAGScheduler: Final stage: ResultStage 8 (approxQuantile at NativeMethodAccessorImpl.java:0)
[2026-01-29T19:37:30.478+0530] {subprocess.py:106} INFO - 26/01/29 19:37:30 INFO DAGScheduler: Parents of final stage: List()
[2026-01-29T19:37:30.480+0530] {subprocess.py:106} INFO - 26/01/29 19:37:30 INFO DAGScheduler: Missing parents: List()
[2026-01-29T19:37:30.481+0530] {subprocess.py:106} INFO - 26/01/29 19:37:30 INFO DAGScheduler: Submitting ResultStage 8 (MapPartitionsRDD[29] at approxQuantile at NativeMethodAccessorImpl.java:0), which has no missing parents
[2026-01-29T19:37:30.488+0530] {subprocess.py:106} INFO - 26/01/29 19:37:30 INFO MemoryStore: Block broadcast_11 stored as values in memory (estimated size 20.0 KiB, free 365.4 MiB)
[2026-01-29T19:37:30.491+0530] {subprocess.py:106} INFO - 26/01/29 19:37:30 INFO MemoryStore: Block broadcast_11_piece0 stored as bytes in memory (estimated size 9.5 KiB, free 365.4 MiB)
[2026-01-29T19:37:30.491+0530] {subprocess.py:106} INFO - 26/01/29 19:37:30 INFO BlockManagerInfo: Added broadcast_11_piece0 in memory on Aishwarya92848DBDA:44583 (size: 9.5 KiB, free: 366.2 MiB)
[2026-01-29T19:37:30.492+0530] {subprocess.py:106} INFO - 26/01/29 19:37:30 INFO SparkContext: Created broadcast 11 from broadcast at DAGScheduler.scala:1585
[2026-01-29T19:37:30.493+0530] {subprocess.py:106} INFO - 26/01/29 19:37:30 INFO DAGScheduler: Submitting 1 missing tasks from ResultStage 8 (MapPartitionsRDD[29] at approxQuantile at NativeMethodAccessorImpl.java:0) (first 15 tasks are for partitions Vector(0))
[2026-01-29T19:37:30.493+0530] {subprocess.py:106} INFO - 26/01/29 19:37:30 INFO TaskSchedulerImpl: Adding task set 8.0 with 1 tasks resource profile 0
[2026-01-29T19:37:30.495+0530] {subprocess.py:106} INFO - 26/01/29 19:37:30 INFO TaskSetManager: Starting task 0.0 in stage 8.0 (TID 6) (Aishwarya92848DBDA, executor driver, partition 0, NODE_LOCAL, 8241 bytes)
[2026-01-29T19:37:30.496+0530] {subprocess.py:106} INFO - 26/01/29 19:37:30 INFO Executor: Running task 0.0 in stage 8.0 (TID 6)
[2026-01-29T19:37:30.517+0530] {subprocess.py:106} INFO - 26/01/29 19:37:30 INFO CodeGenerator: Code generated in 7.279955 ms
[2026-01-29T19:37:30.518+0530] {subprocess.py:106} INFO - 26/01/29 19:37:30 INFO FileScanRDD: Reading File path: hdfs://localhost:9000/weather/data/raw_data/weather_dataset.csv, range: 0-2463, partition values: [empty row]
[2026-01-29T19:37:30.527+0530] {subprocess.py:106} INFO - 26/01/29 19:37:30 INFO CodeGenerator: Code generated in 6.808824 ms
[2026-01-29T19:37:30.544+0530] {subprocess.py:106} INFO - 26/01/29 19:37:30 INFO Executor: Finished task 0.0 in stage 8.0 (TID 6). 2998 bytes result sent to driver
[2026-01-29T19:37:30.546+0530] {subprocess.py:106} INFO - 26/01/29 19:37:30 INFO TaskSetManager: Finished task 0.0 in stage 8.0 (TID 6) in 51 ms on Aishwarya92848DBDA (executor driver) (1/1)
[2026-01-29T19:37:30.546+0530] {subprocess.py:106} INFO - 26/01/29 19:37:30 INFO TaskSchedulerImpl: Removed TaskSet 8.0, whose tasks have all completed, from pool
[2026-01-29T19:37:30.546+0530] {subprocess.py:106} INFO - 26/01/29 19:37:30 INFO DAGScheduler: ResultStage 8 (approxQuantile at NativeMethodAccessorImpl.java:0) finished in 0.064 s
[2026-01-29T19:37:30.547+0530] {subprocess.py:106} INFO - 26/01/29 19:37:30 INFO DAGScheduler: Job 6 is finished. Cancelling potential speculative or zombie tasks for this job
[2026-01-29T19:37:30.547+0530] {subprocess.py:106} INFO - 26/01/29 19:37:30 INFO TaskSchedulerImpl: Killing all running tasks in stage 8: Stage finished
[2026-01-29T19:37:30.547+0530] {subprocess.py:106} INFO - 26/01/29 19:37:30 INFO DAGScheduler: Job 6 finished: approxQuantile at NativeMethodAccessorImpl.java:0, took 0.071615 s
[2026-01-29T19:37:30.647+0530] {subprocess.py:106} INFO - 26/01/29 19:37:30 INFO FileSourceStrategy: Pushed Filters: Or(LessThan(temperature_2m_max,9.199999999999998),GreaterThan(temperature_2m_max,40.4))
[2026-01-29T19:37:30.648+0530] {subprocess.py:106} INFO - 26/01/29 19:37:30 INFO FileSourceStrategy: Post-Scan Filters: ((temperature_2m_max#19 < 9.199999999999998) OR (temperature_2m_max#19 > 40.4))
[2026-01-29T19:37:30.672+0530] {subprocess.py:106} INFO - 26/01/29 19:37:30 INFO CodeGenerator: Code generated in 9.706336 ms
[2026-01-29T19:37:30.674+0530] {subprocess.py:106} INFO - 26/01/29 19:37:30 INFO MemoryStore: Block broadcast_12 stored as values in memory (estimated size 350.2 KiB, free 365.1 MiB)
[2026-01-29T19:37:30.681+0530] {subprocess.py:106} INFO - 26/01/29 19:37:30 INFO MemoryStore: Block broadcast_12_piece0 stored as bytes in memory (estimated size 34.3 KiB, free 365.1 MiB)
[2026-01-29T19:37:30.682+0530] {subprocess.py:106} INFO - 26/01/29 19:37:30 INFO BlockManagerInfo: Added broadcast_12_piece0 in memory on Aishwarya92848DBDA:44583 (size: 34.3 KiB, free: 366.2 MiB)
[2026-01-29T19:37:30.683+0530] {subprocess.py:106} INFO - 26/01/29 19:37:30 INFO SparkContext: Created broadcast 12 from count at NativeMethodAccessorImpl.java:0
[2026-01-29T19:37:30.685+0530] {subprocess.py:106} INFO - 26/01/29 19:37:30 INFO FileSourceScanExec: Planning scan with bin packing, max size: 4194304 bytes, open cost is considered as scanning 4194304 bytes.
[2026-01-29T19:37:30.689+0530] {subprocess.py:106} INFO - 26/01/29 19:37:30 INFO DAGScheduler: Registering RDD 33 (count at NativeMethodAccessorImpl.java:0) as input to shuffle 2
[2026-01-29T19:37:30.690+0530] {subprocess.py:106} INFO - 26/01/29 19:37:30 INFO DAGScheduler: Got map stage job 7 (count at NativeMethodAccessorImpl.java:0) with 1 output partitions
[2026-01-29T19:37:30.690+0530] {subprocess.py:106} INFO - 26/01/29 19:37:30 INFO DAGScheduler: Final stage: ShuffleMapStage 9 (count at NativeMethodAccessorImpl.java:0)
[2026-01-29T19:37:30.690+0530] {subprocess.py:106} INFO - 26/01/29 19:37:30 INFO DAGScheduler: Parents of final stage: List()
[2026-01-29T19:37:30.691+0530] {subprocess.py:106} INFO - 26/01/29 19:37:30 INFO DAGScheduler: Missing parents: List()
[2026-01-29T19:37:30.692+0530] {subprocess.py:106} INFO - 26/01/29 19:37:30 INFO DAGScheduler: Submitting ShuffleMapStage 9 (MapPartitionsRDD[33] at count at NativeMethodAccessorImpl.java:0), which has no missing parents
[2026-01-29T19:37:30.697+0530] {subprocess.py:106} INFO - 26/01/29 19:37:30 INFO MemoryStore: Block broadcast_13 stored as values in memory (estimated size 20.0 KiB, free 365.0 MiB)
[2026-01-29T19:37:30.698+0530] {subprocess.py:106} INFO - 26/01/29 19:37:30 INFO MemoryStore: Block broadcast_13_piece0 stored as bytes in memory (estimated size 9.7 KiB, free 365.0 MiB)
[2026-01-29T19:37:30.699+0530] {subprocess.py:106} INFO - 26/01/29 19:37:30 INFO BlockManagerInfo: Added broadcast_13_piece0 in memory on Aishwarya92848DBDA:44583 (size: 9.7 KiB, free: 366.2 MiB)
[2026-01-29T19:37:30.699+0530] {subprocess.py:106} INFO - 26/01/29 19:37:30 INFO SparkContext: Created broadcast 13 from broadcast at DAGScheduler.scala:1585
[2026-01-29T19:37:30.700+0530] {subprocess.py:106} INFO - 26/01/29 19:37:30 INFO DAGScheduler: Submitting 1 missing tasks from ShuffleMapStage 9 (MapPartitionsRDD[33] at count at NativeMethodAccessorImpl.java:0) (first 15 tasks are for partitions Vector(0))
[2026-01-29T19:37:30.700+0530] {subprocess.py:106} INFO - 26/01/29 19:37:30 INFO TaskSchedulerImpl: Adding task set 9.0 with 1 tasks resource profile 0
[2026-01-29T19:37:30.701+0530] {subprocess.py:106} INFO - 26/01/29 19:37:30 INFO TaskSetManager: Starting task 0.0 in stage 9.0 (TID 7) (Aishwarya92848DBDA, executor driver, partition 0, NODE_LOCAL, 8230 bytes)
[2026-01-29T19:37:30.702+0530] {subprocess.py:106} INFO - 26/01/29 19:37:30 INFO Executor: Running task 0.0 in stage 9.0 (TID 7)
[2026-01-29T19:37:30.716+0530] {subprocess.py:106} INFO - 26/01/29 19:37:30 INFO CodeGenerator: Code generated in 10.827501 ms
[2026-01-29T19:37:30.717+0530] {subprocess.py:106} INFO - 26/01/29 19:37:30 INFO FileScanRDD: Reading File path: hdfs://localhost:9000/weather/data/raw_data/weather_dataset.csv, range: 0-2463, partition values: [empty row]
[2026-01-29T19:37:30.731+0530] {subprocess.py:106} INFO - 26/01/29 19:37:30 INFO CodeGenerator: Code generated in 7.874442 ms
[2026-01-29T19:37:30.742+0530] {subprocess.py:106} INFO - 26/01/29 19:37:30 INFO Executor: Finished task 0.0 in stage 9.0 (TID 7). 1990 bytes result sent to driver
[2026-01-29T19:37:30.743+0530] {subprocess.py:106} INFO - 26/01/29 19:37:30 INFO TaskSetManager: Finished task 0.0 in stage 9.0 (TID 7) in 42 ms on Aishwarya92848DBDA (executor driver) (1/1)
[2026-01-29T19:37:30.744+0530] {subprocess.py:106} INFO - 26/01/29 19:37:30 INFO TaskSchedulerImpl: Removed TaskSet 9.0, whose tasks have all completed, from pool
[2026-01-29T19:37:30.744+0530] {subprocess.py:106} INFO - 26/01/29 19:37:30 INFO DAGScheduler: ShuffleMapStage 9 (count at NativeMethodAccessorImpl.java:0) finished in 0.051 s
[2026-01-29T19:37:30.745+0530] {subprocess.py:106} INFO - 26/01/29 19:37:30 INFO DAGScheduler: looking for newly runnable stages
[2026-01-29T19:37:30.746+0530] {subprocess.py:106} INFO - 26/01/29 19:37:30 INFO DAGScheduler: running: Set()
[2026-01-29T19:37:30.746+0530] {subprocess.py:106} INFO - 26/01/29 19:37:30 INFO DAGScheduler: waiting: Set()
[2026-01-29T19:37:30.746+0530] {subprocess.py:106} INFO - 26/01/29 19:37:30 INFO DAGScheduler: failed: Set()
[2026-01-29T19:37:30.767+0530] {subprocess.py:106} INFO - 26/01/29 19:37:30 INFO SparkContext: Starting job: count at NativeMethodAccessorImpl.java:0
[2026-01-29T19:37:30.768+0530] {subprocess.py:106} INFO - 26/01/29 19:37:30 INFO DAGScheduler: Got job 8 (count at NativeMethodAccessorImpl.java:0) with 1 output partitions
[2026-01-29T19:37:30.769+0530] {subprocess.py:106} INFO - 26/01/29 19:37:30 INFO DAGScheduler: Final stage: ResultStage 11 (count at NativeMethodAccessorImpl.java:0)
[2026-01-29T19:37:30.769+0530] {subprocess.py:106} INFO - 26/01/29 19:37:30 INFO DAGScheduler: Parents of final stage: List(ShuffleMapStage 10)
[2026-01-29T19:37:30.769+0530] {subprocess.py:106} INFO - 26/01/29 19:37:30 INFO DAGScheduler: Missing parents: List()
[2026-01-29T19:37:30.770+0530] {subprocess.py:106} INFO - 26/01/29 19:37:30 INFO DAGScheduler: Submitting ResultStage 11 (MapPartitionsRDD[36] at count at NativeMethodAccessorImpl.java:0), which has no missing parents
[2026-01-29T19:37:30.772+0530] {subprocess.py:106} INFO - 26/01/29 19:37:30 INFO MemoryStore: Block broadcast_14 stored as values in memory (estimated size 12.5 KiB, free 365.0 MiB)
[2026-01-29T19:37:30.773+0530] {subprocess.py:106} INFO - 26/01/29 19:37:30 INFO MemoryStore: Block broadcast_14_piece0 stored as bytes in memory (estimated size 5.9 KiB, free 365.0 MiB)
[2026-01-29T19:37:30.774+0530] {subprocess.py:106} INFO - 26/01/29 19:37:30 INFO BlockManagerInfo: Added broadcast_14_piece0 in memory on Aishwarya92848DBDA:44583 (size: 5.9 KiB, free: 366.1 MiB)
[2026-01-29T19:37:30.774+0530] {subprocess.py:106} INFO - 26/01/29 19:37:30 INFO SparkContext: Created broadcast 14 from broadcast at DAGScheduler.scala:1585
[2026-01-29T19:37:30.775+0530] {subprocess.py:106} INFO - 26/01/29 19:37:30 INFO DAGScheduler: Submitting 1 missing tasks from ResultStage 11 (MapPartitionsRDD[36] at count at NativeMethodAccessorImpl.java:0) (first 15 tasks are for partitions Vector(0))
[2026-01-29T19:37:30.775+0530] {subprocess.py:106} INFO - 26/01/29 19:37:30 INFO TaskSchedulerImpl: Adding task set 11.0 with 1 tasks resource profile 0
[2026-01-29T19:37:30.777+0530] {subprocess.py:106} INFO - 26/01/29 19:37:30 INFO TaskSetManager: Starting task 0.0 in stage 11.0 (TID 8) (Aishwarya92848DBDA, executor driver, partition 0, NODE_LOCAL, 7615 bytes)
[2026-01-29T19:37:30.777+0530] {subprocess.py:106} INFO - 26/01/29 19:37:30 INFO Executor: Running task 0.0 in stage 11.0 (TID 8)
[2026-01-29T19:37:30.780+0530] {subprocess.py:106} INFO - 26/01/29 19:37:30 INFO ShuffleBlockFetcherIterator: Getting 1 (60.0 B) non-empty blocks including 1 (60.0 B) local and 0 (0.0 B) host-local and 0 (0.0 B) push-merged-local and 0 (0.0 B) remote blocks
[2026-01-29T19:37:30.781+0530] {subprocess.py:106} INFO - 26/01/29 19:37:30 INFO ShuffleBlockFetcherIterator: Started 0 remote fetches in 0 ms
[2026-01-29T19:37:30.784+0530] {subprocess.py:106} INFO - 26/01/29 19:37:30 INFO Executor: Finished task 0.0 in stage 11.0 (TID 8). 3988 bytes result sent to driver
[2026-01-29T19:37:30.786+0530] {subprocess.py:106} INFO - 26/01/29 19:37:30 INFO TaskSetManager: Finished task 0.0 in stage 11.0 (TID 8) in 9 ms on Aishwarya92848DBDA (executor driver) (1/1)
[2026-01-29T19:37:30.786+0530] {subprocess.py:106} INFO - 26/01/29 19:37:30 INFO TaskSchedulerImpl: Removed TaskSet 11.0, whose tasks have all completed, from pool
[2026-01-29T19:37:30.787+0530] {subprocess.py:106} INFO - 26/01/29 19:37:30 INFO DAGScheduler: ResultStage 11 (count at NativeMethodAccessorImpl.java:0) finished in 0.016 s
[2026-01-29T19:37:30.787+0530] {subprocess.py:106} INFO - 26/01/29 19:37:30 INFO DAGScheduler: Job 8 is finished. Cancelling potential speculative or zombie tasks for this job
[2026-01-29T19:37:30.787+0530] {subprocess.py:106} INFO - 26/01/29 19:37:30 INFO TaskSchedulerImpl: Killing all running tasks in stage 11: Stage finished
[2026-01-29T19:37:30.788+0530] {subprocess.py:106} INFO - 26/01/29 19:37:30 INFO DAGScheduler: Job 8 finished: count at NativeMethodAccessorImpl.java:0, took 0.020423 s
[2026-01-29T19:37:30.789+0530] {subprocess.py:106} INFO - temperature_2m_max: Outliers = 0
[2026-01-29T19:37:30.822+0530] {subprocess.py:106} INFO - 26/01/29 19:37:30 INFO FileSourceStrategy: Pushed Filters:
[2026-01-29T19:37:30.823+0530] {subprocess.py:106} INFO - 26/01/29 19:37:30 INFO FileSourceStrategy: Post-Scan Filters:
[2026-01-29T19:37:30.826+0530] {subprocess.py:106} INFO - 26/01/29 19:37:30 INFO MemoryStore: Block broadcast_15 stored as values in memory (estimated size 350.2 KiB, free 364.7 MiB)
[2026-01-29T19:37:30.833+0530] {subprocess.py:106} INFO - 26/01/29 19:37:30 INFO MemoryStore: Block broadcast_15_piece0 stored as bytes in memory (estimated size 34.3 KiB, free 364.6 MiB)
[2026-01-29T19:37:30.834+0530] {subprocess.py:106} INFO - 26/01/29 19:37:30 INFO BlockManagerInfo: Added broadcast_15_piece0 in memory on Aishwarya92848DBDA:44583 (size: 34.3 KiB, free: 366.1 MiB)
[2026-01-29T19:37:30.835+0530] {subprocess.py:106} INFO - 26/01/29 19:37:30 INFO SparkContext: Created broadcast 15 from approxQuantile at NativeMethodAccessorImpl.java:0
[2026-01-29T19:37:30.836+0530] {subprocess.py:106} INFO - 26/01/29 19:37:30 INFO FileSourceScanExec: Planning scan with bin packing, max size: 4194304 bytes, open cost is considered as scanning 4194304 bytes.
[2026-01-29T19:37:30.861+0530] {subprocess.py:106} INFO - 26/01/29 19:37:30 INFO SparkContext: Starting job: approxQuantile at NativeMethodAccessorImpl.java:0
[2026-01-29T19:37:30.862+0530] {subprocess.py:106} INFO - 26/01/29 19:37:30 INFO DAGScheduler: Got job 9 (approxQuantile at NativeMethodAccessorImpl.java:0) with 1 output partitions
[2026-01-29T19:37:30.863+0530] {subprocess.py:106} INFO - 26/01/29 19:37:30 INFO DAGScheduler: Final stage: ResultStage 12 (approxQuantile at NativeMethodAccessorImpl.java:0)
[2026-01-29T19:37:30.863+0530] {subprocess.py:106} INFO - 26/01/29 19:37:30 INFO DAGScheduler: Parents of final stage: List()
[2026-01-29T19:37:30.864+0530] {subprocess.py:106} INFO - 26/01/29 19:37:30 INFO DAGScheduler: Missing parents: List()
[2026-01-29T19:37:30.864+0530] {subprocess.py:106} INFO - 26/01/29 19:37:30 INFO DAGScheduler: Submitting ResultStage 12 (MapPartitionsRDD[42] at approxQuantile at NativeMethodAccessorImpl.java:0), which has no missing parents
[2026-01-29T19:37:30.868+0530] {subprocess.py:106} INFO - 26/01/29 19:37:30 INFO MemoryStore: Block broadcast_16 stored as values in memory (estimated size 20.0 KiB, free 364.6 MiB)
[2026-01-29T19:37:30.870+0530] {subprocess.py:106} INFO - 26/01/29 19:37:30 INFO MemoryStore: Block broadcast_16_piece0 stored as bytes in memory (estimated size 9.5 KiB, free 364.6 MiB)
[2026-01-29T19:37:30.870+0530] {subprocess.py:106} INFO - 26/01/29 19:37:30 INFO BlockManagerInfo: Added broadcast_16_piece0 in memory on Aishwarya92848DBDA:44583 (size: 9.5 KiB, free: 366.1 MiB)
[2026-01-29T19:37:30.871+0530] {subprocess.py:106} INFO - 26/01/29 19:37:30 INFO SparkContext: Created broadcast 16 from broadcast at DAGScheduler.scala:1585
[2026-01-29T19:37:30.871+0530] {subprocess.py:106} INFO - 26/01/29 19:37:30 INFO DAGScheduler: Submitting 1 missing tasks from ResultStage 12 (MapPartitionsRDD[42] at approxQuantile at NativeMethodAccessorImpl.java:0) (first 15 tasks are for partitions Vector(0))
[2026-01-29T19:37:30.871+0530] {subprocess.py:106} INFO - 26/01/29 19:37:30 INFO TaskSchedulerImpl: Adding task set 12.0 with 1 tasks resource profile 0
[2026-01-29T19:37:30.873+0530] {subprocess.py:106} INFO - 26/01/29 19:37:30 INFO TaskSetManager: Starting task 0.0 in stage 12.0 (TID 9) (Aishwarya92848DBDA, executor driver, partition 0, NODE_LOCAL, 8241 bytes)
[2026-01-29T19:37:30.873+0530] {subprocess.py:106} INFO - 26/01/29 19:37:30 INFO Executor: Running task 0.0 in stage 12.0 (TID 9)
[2026-01-29T19:37:30.879+0530] {subprocess.py:106} INFO - 26/01/29 19:37:30 INFO FileScanRDD: Reading File path: hdfs://localhost:9000/weather/data/raw_data/weather_dataset.csv, range: 0-2463, partition values: [empty row]
[2026-01-29T19:37:30.891+0530] {subprocess.py:106} INFO - 26/01/29 19:37:30 INFO Executor: Finished task 0.0 in stage 12.0 (TID 9). 2998 bytes result sent to driver
[2026-01-29T19:37:30.892+0530] {subprocess.py:106} INFO - 26/01/29 19:37:30 INFO TaskSetManager: Finished task 0.0 in stage 12.0 (TID 9) in 20 ms on Aishwarya92848DBDA (executor driver) (1/1)
[2026-01-29T19:37:30.892+0530] {subprocess.py:106} INFO - 26/01/29 19:37:30 INFO TaskSchedulerImpl: Removed TaskSet 12.0, whose tasks have all completed, from pool
[2026-01-29T19:37:30.893+0530] {subprocess.py:106} INFO - 26/01/29 19:37:30 INFO DAGScheduler: ResultStage 12 (approxQuantile at NativeMethodAccessorImpl.java:0) finished in 0.028 s
[2026-01-29T19:37:30.894+0530] {subprocess.py:106} INFO - 26/01/29 19:37:30 INFO DAGScheduler: Job 9 is finished. Cancelling potential speculative or zombie tasks for this job
[2026-01-29T19:37:30.894+0530] {subprocess.py:106} INFO - 26/01/29 19:37:30 INFO TaskSchedulerImpl: Killing all running tasks in stage 12: Stage finished
[2026-01-29T19:37:30.895+0530] {subprocess.py:106} INFO - 26/01/29 19:37:30 INFO DAGScheduler: Job 9 finished: approxQuantile at NativeMethodAccessorImpl.java:0, took 0.034132 s
[2026-01-29T19:37:30.987+0530] {subprocess.py:106} INFO - 26/01/29 19:37:30 INFO FileSourceStrategy: Pushed Filters: Or(LessThan(temperature_2m_min,4.549999999999999),GreaterThan(temperature_2m_min,27.35))
[2026-01-29T19:37:30.988+0530] {subprocess.py:106} INFO - 26/01/29 19:37:30 INFO FileSourceStrategy: Post-Scan Filters: ((temperature_2m_min#20 < 4.549999999999999) OR (temperature_2m_min#20 > 27.35))
[2026-01-29T19:37:31.015+0530] {subprocess.py:106} INFO - 26/01/29 19:37:31 INFO CodeGenerator: Code generated in 10.901882 ms
[2026-01-29T19:37:31.018+0530] {subprocess.py:106} INFO - 26/01/29 19:37:31 INFO MemoryStore: Block broadcast_17 stored as values in memory (estimated size 350.2 KiB, free 364.3 MiB)
[2026-01-29T19:37:31.026+0530] {subprocess.py:106} INFO - 26/01/29 19:37:31 INFO MemoryStore: Block broadcast_17_piece0 stored as bytes in memory (estimated size 34.3 KiB, free 364.2 MiB)
[2026-01-29T19:37:31.026+0530] {subprocess.py:106} INFO - 26/01/29 19:37:31 INFO BlockManagerInfo: Added broadcast_17_piece0 in memory on Aishwarya92848DBDA:44583 (size: 34.3 KiB, free: 366.1 MiB)
[2026-01-29T19:37:31.027+0530] {subprocess.py:106} INFO - 26/01/29 19:37:31 INFO SparkContext: Created broadcast 17 from count at NativeMethodAccessorImpl.java:0
[2026-01-29T19:37:31.029+0530] {subprocess.py:106} INFO - 26/01/29 19:37:31 INFO FileSourceScanExec: Planning scan with bin packing, max size: 4194304 bytes, open cost is considered as scanning 4194304 bytes.
[2026-01-29T19:37:31.034+0530] {subprocess.py:106} INFO - 26/01/29 19:37:31 INFO DAGScheduler: Registering RDD 46 (count at NativeMethodAccessorImpl.java:0) as input to shuffle 3
[2026-01-29T19:37:31.035+0530] {subprocess.py:106} INFO - 26/01/29 19:37:31 INFO DAGScheduler: Got map stage job 10 (count at NativeMethodAccessorImpl.java:0) with 1 output partitions
[2026-01-29T19:37:31.035+0530] {subprocess.py:106} INFO - 26/01/29 19:37:31 INFO DAGScheduler: Final stage: ShuffleMapStage 13 (count at NativeMethodAccessorImpl.java:0)
[2026-01-29T19:37:31.035+0530] {subprocess.py:106} INFO - 26/01/29 19:37:31 INFO DAGScheduler: Parents of final stage: List()
[2026-01-29T19:37:31.035+0530] {subprocess.py:106} INFO - 26/01/29 19:37:31 INFO DAGScheduler: Missing parents: List()
[2026-01-29T19:37:31.035+0530] {subprocess.py:106} INFO - 26/01/29 19:37:31 INFO DAGScheduler: Submitting ShuffleMapStage 13 (MapPartitionsRDD[46] at count at NativeMethodAccessorImpl.java:0), which has no missing parents
[2026-01-29T19:37:31.038+0530] {subprocess.py:106} INFO - 26/01/29 19:37:31 INFO MemoryStore: Block broadcast_18 stored as values in memory (estimated size 20.0 KiB, free 364.2 MiB)
[2026-01-29T19:37:31.060+0530] {subprocess.py:106} INFO - 26/01/29 19:37:31 INFO MemoryStore: Block broadcast_18_piece0 stored as bytes in memory (estimated size 9.7 KiB, free 364.2 MiB)
[2026-01-29T19:37:31.061+0530] {subprocess.py:106} INFO - 26/01/29 19:37:31 INFO BlockManagerInfo: Added broadcast_18_piece0 in memory on Aishwarya92848DBDA:44583 (size: 9.7 KiB, free: 366.1 MiB)
[2026-01-29T19:37:31.062+0530] {subprocess.py:106} INFO - 26/01/29 19:37:31 INFO SparkContext: Created broadcast 18 from broadcast at DAGScheduler.scala:1585
[2026-01-29T19:37:31.063+0530] {subprocess.py:106} INFO - 26/01/29 19:37:31 INFO DAGScheduler: Submitting 1 missing tasks from ShuffleMapStage 13 (MapPartitionsRDD[46] at count at NativeMethodAccessorImpl.java:0) (first 15 tasks are for partitions Vector(0))
[2026-01-29T19:37:31.064+0530] {subprocess.py:106} INFO - 26/01/29 19:37:31 INFO TaskSchedulerImpl: Adding task set 13.0 with 1 tasks resource profile 0
[2026-01-29T19:37:31.064+0530] {subprocess.py:106} INFO - 26/01/29 19:37:31 INFO BlockManagerInfo: Removed broadcast_12_piece0 on Aishwarya92848DBDA:44583 in memory (size: 34.3 KiB, free: 366.1 MiB)
[2026-01-29T19:37:31.065+0530] {subprocess.py:106} INFO - 26/01/29 19:37:31 INFO TaskSetManager: Starting task 0.0 in stage 13.0 (TID 10) (Aishwarya92848DBDA, executor driver, partition 0, NODE_LOCAL, 8230 bytes)
[2026-01-29T19:37:31.066+0530] {subprocess.py:106} INFO - 26/01/29 19:37:31 INFO Executor: Running task 0.0 in stage 13.0 (TID 10)
[2026-01-29T19:37:31.068+0530] {subprocess.py:106} INFO - 26/01/29 19:37:31 INFO BlockManagerInfo: Removed broadcast_10_piece0 on Aishwarya92848DBDA:44583 in memory (size: 34.3 KiB, free: 366.1 MiB)
[2026-01-29T19:37:31.073+0530] {subprocess.py:106} INFO - 26/01/29 19:37:31 INFO BlockManagerInfo: Removed broadcast_7_piece0 on Aishwarya92848DBDA:44583 in memory (size: 34.3 KiB, free: 366.2 MiB)
[2026-01-29T19:37:31.078+0530] {subprocess.py:106} INFO - 26/01/29 19:37:31 INFO BlockManagerInfo: Removed broadcast_14_piece0 on Aishwarya92848DBDA:44583 in memory (size: 5.9 KiB, free: 366.2 MiB)
[2026-01-29T19:37:31.083+0530] {subprocess.py:106} INFO - 26/01/29 19:37:31 INFO BlockManagerInfo: Removed broadcast_9_piece0 on Aishwarya92848DBDA:44583 in memory (size: 16.1 KiB, free: 366.2 MiB)
[2026-01-29T19:37:31.087+0530] {subprocess.py:106} INFO - 26/01/29 19:37:31 INFO BlockManagerInfo: Removed broadcast_8_piece0 on Aishwarya92848DBDA:44583 in memory (size: 13.8 KiB, free: 366.2 MiB)
[2026-01-29T19:37:31.090+0530] {subprocess.py:106} INFO - 26/01/29 19:37:31 INFO CodeGenerator: Code generated in 19.075466 ms
[2026-01-29T19:37:31.092+0530] {subprocess.py:106} INFO - 26/01/29 19:37:31 INFO FileScanRDD: Reading File path: hdfs://localhost:9000/weather/data/raw_data/weather_dataset.csv, range: 0-2463, partition values: [empty row]
[2026-01-29T19:37:31.093+0530] {subprocess.py:106} INFO - 26/01/29 19:37:31 INFO BlockManagerInfo: Removed broadcast_15_piece0 on Aishwarya92848DBDA:44583 in memory (size: 34.3 KiB, free: 366.2 MiB)
[2026-01-29T19:37:31.096+0530] {subprocess.py:106} INFO - 26/01/29 19:37:31 INFO BlockManagerInfo: Removed broadcast_13_piece0 on Aishwarya92848DBDA:44583 in memory (size: 9.7 KiB, free: 366.2 MiB)
[2026-01-29T19:37:31.101+0530] {subprocess.py:106} INFO - 26/01/29 19:37:31 INFO BlockManagerInfo: Removed broadcast_11_piece0 on Aishwarya92848DBDA:44583 in memory (size: 9.5 KiB, free: 366.2 MiB)
[2026-01-29T19:37:31.106+0530] {subprocess.py:106} INFO - 26/01/29 19:37:31 INFO BlockManagerInfo: Removed broadcast_16_piece0 on Aishwarya92848DBDA:44583 in memory (size: 9.5 KiB, free: 366.3 MiB)
[2026-01-29T19:37:31.109+0530] {subprocess.py:106} INFO - 26/01/29 19:37:31 INFO CodeGenerator: Code generated in 11.254627 ms
[2026-01-29T19:37:31.121+0530] {subprocess.py:106} INFO - 26/01/29 19:37:31 INFO Executor: Finished task 0.0 in stage 13.0 (TID 10). 1990 bytes result sent to driver
[2026-01-29T19:37:31.122+0530] {subprocess.py:106} INFO - 26/01/29 19:37:31 INFO TaskSetManager: Finished task 0.0 in stage 13.0 (TID 10) in 57 ms on Aishwarya92848DBDA (executor driver) (1/1)
[2026-01-29T19:37:31.123+0530] {subprocess.py:106} INFO - 26/01/29 19:37:31 INFO TaskSchedulerImpl: Removed TaskSet 13.0, whose tasks have all completed, from pool
[2026-01-29T19:37:31.124+0530] {subprocess.py:106} INFO - 26/01/29 19:37:31 INFO DAGScheduler: ShuffleMapStage 13 (count at NativeMethodAccessorImpl.java:0) finished in 0.087 s
[2026-01-29T19:37:31.124+0530] {subprocess.py:106} INFO - 26/01/29 19:37:31 INFO DAGScheduler: looking for newly runnable stages
[2026-01-29T19:37:31.124+0530] {subprocess.py:106} INFO - 26/01/29 19:37:31 INFO DAGScheduler: running: Set()
[2026-01-29T19:37:31.124+0530] {subprocess.py:106} INFO - 26/01/29 19:37:31 INFO DAGScheduler: waiting: Set()
[2026-01-29T19:37:31.125+0530] {subprocess.py:106} INFO - 26/01/29 19:37:31 INFO DAGScheduler: failed: Set()
[2026-01-29T19:37:31.154+0530] {subprocess.py:106} INFO - 26/01/29 19:37:31 INFO SparkContext: Starting job: count at NativeMethodAccessorImpl.java:0
[2026-01-29T19:37:31.155+0530] {subprocess.py:106} INFO - 26/01/29 19:37:31 INFO DAGScheduler: Got job 11 (count at NativeMethodAccessorImpl.java:0) with 1 output partitions
[2026-01-29T19:37:31.155+0530] {subprocess.py:106} INFO - 26/01/29 19:37:31 INFO DAGScheduler: Final stage: ResultStage 15 (count at NativeMethodAccessorImpl.java:0)
[2026-01-29T19:37:31.155+0530] {subprocess.py:106} INFO - 26/01/29 19:37:31 INFO DAGScheduler: Parents of final stage: List(ShuffleMapStage 14)
[2026-01-29T19:37:31.156+0530] {subprocess.py:106} INFO - 26/01/29 19:37:31 INFO DAGScheduler: Missing parents: List()
[2026-01-29T19:37:31.156+0530] {subprocess.py:106} INFO - 26/01/29 19:37:31 INFO DAGScheduler: Submitting ResultStage 15 (MapPartitionsRDD[49] at count at NativeMethodAccessorImpl.java:0), which has no missing parents
[2026-01-29T19:37:31.159+0530] {subprocess.py:106} INFO - 26/01/29 19:37:31 INFO MemoryStore: Block broadcast_19 stored as values in memory (estimated size 12.5 KiB, free 365.9 MiB)
[2026-01-29T19:37:31.161+0530] {subprocess.py:106} INFO - 26/01/29 19:37:31 INFO MemoryStore: Block broadcast_19_piece0 stored as bytes in memory (estimated size 5.9 KiB, free 365.9 MiB)
[2026-01-29T19:37:31.162+0530] {subprocess.py:106} INFO - 26/01/29 19:37:31 INFO BlockManagerInfo: Added broadcast_19_piece0 in memory on Aishwarya92848DBDA:44583 (size: 5.9 KiB, free: 366.3 MiB)
[2026-01-29T19:37:31.163+0530] {subprocess.py:106} INFO - 26/01/29 19:37:31 INFO SparkContext: Created broadcast 19 from broadcast at DAGScheduler.scala:1585
[2026-01-29T19:37:31.163+0530] {subprocess.py:106} INFO - 26/01/29 19:37:31 INFO DAGScheduler: Submitting 1 missing tasks from ResultStage 15 (MapPartitionsRDD[49] at count at NativeMethodAccessorImpl.java:0) (first 15 tasks are for partitions Vector(0))
[2026-01-29T19:37:31.164+0530] {subprocess.py:106} INFO - 26/01/29 19:37:31 INFO TaskSchedulerImpl: Adding task set 15.0 with 1 tasks resource profile 0
[2026-01-29T19:37:31.165+0530] {subprocess.py:106} INFO - 26/01/29 19:37:31 INFO TaskSetManager: Starting task 0.0 in stage 15.0 (TID 11) (Aishwarya92848DBDA, executor driver, partition 0, NODE_LOCAL, 7615 bytes)
[2026-01-29T19:37:31.166+0530] {subprocess.py:106} INFO - 26/01/29 19:37:31 INFO Executor: Running task 0.0 in stage 15.0 (TID 11)
[2026-01-29T19:37:31.171+0530] {subprocess.py:106} INFO - 26/01/29 19:37:31 INFO ShuffleBlockFetcherIterator: Getting 1 (60.0 B) non-empty blocks including 1 (60.0 B) local and 0 (0.0 B) host-local and 0 (0.0 B) push-merged-local and 0 (0.0 B) remote blocks
[2026-01-29T19:37:31.172+0530] {subprocess.py:106} INFO - 26/01/29 19:37:31 INFO ShuffleBlockFetcherIterator: Started 0 remote fetches in 0 ms
[2026-01-29T19:37:31.175+0530] {subprocess.py:106} INFO - 26/01/29 19:37:31 INFO Executor: Finished task 0.0 in stage 15.0 (TID 11). 3988 bytes result sent to driver
[2026-01-29T19:37:31.176+0530] {subprocess.py:106} INFO - 26/01/29 19:37:31 INFO TaskSetManager: Finished task 0.0 in stage 15.0 (TID 11) in 11 ms on Aishwarya92848DBDA (executor driver) (1/1)
[2026-01-29T19:37:31.177+0530] {subprocess.py:106} INFO - 26/01/29 19:37:31 INFO TaskSchedulerImpl: Removed TaskSet 15.0, whose tasks have all completed, from pool
[2026-01-29T19:37:31.178+0530] {subprocess.py:106} INFO - 26/01/29 19:37:31 INFO DAGScheduler: ResultStage 15 (count at NativeMethodAccessorImpl.java:0) finished in 0.020 s
[2026-01-29T19:37:31.178+0530] {subprocess.py:106} INFO - 26/01/29 19:37:31 INFO DAGScheduler: Job 11 is finished. Cancelling potential speculative or zombie tasks for this job
[2026-01-29T19:37:31.178+0530] {subprocess.py:106} INFO - 26/01/29 19:37:31 INFO TaskSchedulerImpl: Killing all running tasks in stage 15: Stage finished
[2026-01-29T19:37:31.179+0530] {subprocess.py:106} INFO - 26/01/29 19:37:31 INFO DAGScheduler: Job 11 finished: count at NativeMethodAccessorImpl.java:0, took 0.024549 s
[2026-01-29T19:37:31.181+0530] {subprocess.py:106} INFO - temperature_2m_min: Outliers = 0
[2026-01-29T19:37:31.225+0530] {subprocess.py:106} INFO - 26/01/29 19:37:31 INFO FileSourceStrategy: Pushed Filters:
[2026-01-29T19:37:31.226+0530] {subprocess.py:106} INFO - 26/01/29 19:37:31 INFO FileSourceStrategy: Post-Scan Filters:
[2026-01-29T19:37:31.231+0530] {subprocess.py:106} INFO - 26/01/29 19:37:31 INFO MemoryStore: Block broadcast_20 stored as values in memory (estimated size 350.2 KiB, free 365.5 MiB)
[2026-01-29T19:37:31.243+0530] {subprocess.py:106} INFO - 26/01/29 19:37:31 INFO MemoryStore: Block broadcast_20_piece0 stored as bytes in memory (estimated size 34.3 KiB, free 365.5 MiB)
[2026-01-29T19:37:31.244+0530] {subprocess.py:106} INFO - 26/01/29 19:37:31 INFO BlockManagerInfo: Added broadcast_20_piece0 in memory on Aishwarya92848DBDA:44583 (size: 34.3 KiB, free: 366.2 MiB)
[2026-01-29T19:37:31.245+0530] {subprocess.py:106} INFO - 26/01/29 19:37:31 INFO SparkContext: Created broadcast 20 from approxQuantile at NativeMethodAccessorImpl.java:0
[2026-01-29T19:37:31.247+0530] {subprocess.py:106} INFO - 26/01/29 19:37:31 INFO FileSourceScanExec: Planning scan with bin packing, max size: 4194304 bytes, open cost is considered as scanning 4194304 bytes.
[2026-01-29T19:37:31.284+0530] {subprocess.py:106} INFO - 26/01/29 19:37:31 INFO SparkContext: Starting job: approxQuantile at NativeMethodAccessorImpl.java:0
[2026-01-29T19:37:31.286+0530] {subprocess.py:106} INFO - 26/01/29 19:37:31 INFO DAGScheduler: Got job 12 (approxQuantile at NativeMethodAccessorImpl.java:0) with 1 output partitions
[2026-01-29T19:37:31.286+0530] {subprocess.py:106} INFO - 26/01/29 19:37:31 INFO DAGScheduler: Final stage: ResultStage 16 (approxQuantile at NativeMethodAccessorImpl.java:0)
[2026-01-29T19:37:31.287+0530] {subprocess.py:106} INFO - 26/01/29 19:37:31 INFO DAGScheduler: Parents of final stage: List()
[2026-01-29T19:37:31.287+0530] {subprocess.py:106} INFO - 26/01/29 19:37:31 INFO DAGScheduler: Missing parents: List()
[2026-01-29T19:37:31.287+0530] {subprocess.py:106} INFO - 26/01/29 19:37:31 INFO DAGScheduler: Submitting ResultStage 16 (MapPartitionsRDD[55] at approxQuantile at NativeMethodAccessorImpl.java:0), which has no missing parents
[2026-01-29T19:37:31.293+0530] {subprocess.py:106} INFO - 26/01/29 19:37:31 INFO MemoryStore: Block broadcast_21 stored as values in memory (estimated size 20.0 KiB, free 365.5 MiB)
[2026-01-29T19:37:31.297+0530] {subprocess.py:106} INFO - 26/01/29 19:37:31 INFO MemoryStore: Block broadcast_21_piece0 stored as bytes in memory (estimated size 9.5 KiB, free 365.5 MiB)
[2026-01-29T19:37:31.298+0530] {subprocess.py:106} INFO - 26/01/29 19:37:31 INFO BlockManagerInfo: Added broadcast_21_piece0 in memory on Aishwarya92848DBDA:44583 (size: 9.5 KiB, free: 366.2 MiB)
[2026-01-29T19:37:31.298+0530] {subprocess.py:106} INFO - 26/01/29 19:37:31 INFO SparkContext: Created broadcast 21 from broadcast at DAGScheduler.scala:1585
[2026-01-29T19:37:31.299+0530] {subprocess.py:106} INFO - 26/01/29 19:37:31 INFO DAGScheduler: Submitting 1 missing tasks from ResultStage 16 (MapPartitionsRDD[55] at approxQuantile at NativeMethodAccessorImpl.java:0) (first 15 tasks are for partitions Vector(0))
[2026-01-29T19:37:31.300+0530] {subprocess.py:106} INFO - 26/01/29 19:37:31 INFO TaskSchedulerImpl: Adding task set 16.0 with 1 tasks resource profile 0
[2026-01-29T19:37:31.301+0530] {subprocess.py:106} INFO - 26/01/29 19:37:31 INFO TaskSetManager: Starting task 0.0 in stage 16.0 (TID 12) (Aishwarya92848DBDA, executor driver, partition 0, NODE_LOCAL, 8241 bytes)
[2026-01-29T19:37:31.302+0530] {subprocess.py:106} INFO - 26/01/29 19:37:31 INFO Executor: Running task 0.0 in stage 16.0 (TID 12)
[2026-01-29T19:37:31.309+0530] {subprocess.py:106} INFO - 26/01/29 19:37:31 INFO FileScanRDD: Reading File path: hdfs://localhost:9000/weather/data/raw_data/weather_dataset.csv, range: 0-2463, partition values: [empty row]
[2026-01-29T19:37:31.322+0530] {subprocess.py:106} INFO - 26/01/29 19:37:31 INFO Executor: Finished task 0.0 in stage 16.0 (TID 12). 2998 bytes result sent to driver
[2026-01-29T19:37:31.324+0530] {subprocess.py:106} INFO - 26/01/29 19:37:31 INFO TaskSetManager: Finished task 0.0 in stage 16.0 (TID 12) in 22 ms on Aishwarya92848DBDA (executor driver) (1/1)
[2026-01-29T19:37:31.324+0530] {subprocess.py:106} INFO - 26/01/29 19:37:31 INFO TaskSchedulerImpl: Removed TaskSet 16.0, whose tasks have all completed, from pool
[2026-01-29T19:37:31.325+0530] {subprocess.py:106} INFO - 26/01/29 19:37:31 INFO DAGScheduler: ResultStage 16 (approxQuantile at NativeMethodAccessorImpl.java:0) finished in 0.037 s
[2026-01-29T19:37:31.325+0530] {subprocess.py:106} INFO - 26/01/29 19:37:31 INFO DAGScheduler: Job 12 is finished. Cancelling potential speculative or zombie tasks for this job
[2026-01-29T19:37:31.326+0530] {subprocess.py:106} INFO - 26/01/29 19:37:31 INFO TaskSchedulerImpl: Killing all running tasks in stage 16: Stage finished
[2026-01-29T19:37:31.326+0530] {subprocess.py:106} INFO - 26/01/29 19:37:31 INFO DAGScheduler: Job 12 finished: approxQuantile at NativeMethodAccessorImpl.java:0, took 0.042038 s
[2026-01-29T19:37:31.456+0530] {subprocess.py:106} INFO - 26/01/29 19:37:31 INFO FileSourceStrategy: Pushed Filters: Or(LessThan(apparent_temperature_max,7.200000000000001),GreaterThan(apparent_temperature_max,44.0))
[2026-01-29T19:37:31.457+0530] {subprocess.py:106} INFO - 26/01/29 19:37:31 INFO FileSourceStrategy: Post-Scan Filters: ((apparent_temperature_max#21 < 7.200000000000001) OR (apparent_temperature_max#21 > 44.0))
[2026-01-29T19:37:31.494+0530] {subprocess.py:106} INFO - 26/01/29 19:37:31 INFO CodeGenerator: Code generated in 14.332414 ms
[2026-01-29T19:37:31.497+0530] {subprocess.py:106} INFO - 26/01/29 19:37:31 INFO MemoryStore: Block broadcast_22 stored as values in memory (estimated size 350.2 KiB, free 365.1 MiB)
[2026-01-29T19:37:31.504+0530] {subprocess.py:106} INFO - 26/01/29 19:37:31 INFO MemoryStore: Block broadcast_22_piece0 stored as bytes in memory (estimated size 34.3 KiB, free 365.1 MiB)
[2026-01-29T19:37:31.505+0530] {subprocess.py:106} INFO - 26/01/29 19:37:31 INFO BlockManagerInfo: Added broadcast_22_piece0 in memory on Aishwarya92848DBDA:44583 (size: 34.3 KiB, free: 366.2 MiB)
[2026-01-29T19:37:31.506+0530] {subprocess.py:106} INFO - 26/01/29 19:37:31 INFO SparkContext: Created broadcast 22 from count at NativeMethodAccessorImpl.java:0
[2026-01-29T19:37:31.507+0530] {subprocess.py:106} INFO - 26/01/29 19:37:31 INFO FileSourceScanExec: Planning scan with bin packing, max size: 4194304 bytes, open cost is considered as scanning 4194304 bytes.
[2026-01-29T19:37:31.515+0530] {subprocess.py:106} INFO - 26/01/29 19:37:31 INFO DAGScheduler: Registering RDD 59 (count at NativeMethodAccessorImpl.java:0) as input to shuffle 4
[2026-01-29T19:37:31.516+0530] {subprocess.py:106} INFO - 26/01/29 19:37:31 INFO DAGScheduler: Got map stage job 13 (count at NativeMethodAccessorImpl.java:0) with 1 output partitions
[2026-01-29T19:37:31.516+0530] {subprocess.py:106} INFO - 26/01/29 19:37:31 INFO DAGScheduler: Final stage: ShuffleMapStage 17 (count at NativeMethodAccessorImpl.java:0)
[2026-01-29T19:37:31.516+0530] {subprocess.py:106} INFO - 26/01/29 19:37:31 INFO DAGScheduler: Parents of final stage: List()
[2026-01-29T19:37:31.517+0530] {subprocess.py:106} INFO - 26/01/29 19:37:31 INFO DAGScheduler: Missing parents: List()
[2026-01-29T19:37:31.517+0530] {subprocess.py:106} INFO - 26/01/29 19:37:31 INFO DAGScheduler: Submitting ShuffleMapStage 17 (MapPartitionsRDD[59] at count at NativeMethodAccessorImpl.java:0), which has no missing parents
[2026-01-29T19:37:31.520+0530] {subprocess.py:106} INFO - 26/01/29 19:37:31 INFO MemoryStore: Block broadcast_23 stored as values in memory (estimated size 20.0 KiB, free 365.1 MiB)
[2026-01-29T19:37:31.521+0530] {subprocess.py:106} INFO - 26/01/29 19:37:31 INFO MemoryStore: Block broadcast_23_piece0 stored as bytes in memory (estimated size 9.7 KiB, free 365.1 MiB)
[2026-01-29T19:37:31.522+0530] {subprocess.py:106} INFO - 26/01/29 19:37:31 INFO BlockManagerInfo: Added broadcast_23_piece0 in memory on Aishwarya92848DBDA:44583 (size: 9.7 KiB, free: 366.2 MiB)
[2026-01-29T19:37:31.523+0530] {subprocess.py:106} INFO - 26/01/29 19:37:31 INFO SparkContext: Created broadcast 23 from broadcast at DAGScheduler.scala:1585
[2026-01-29T19:37:31.524+0530] {subprocess.py:106} INFO - 26/01/29 19:37:31 INFO DAGScheduler: Submitting 1 missing tasks from ShuffleMapStage 17 (MapPartitionsRDD[59] at count at NativeMethodAccessorImpl.java:0) (first 15 tasks are for partitions Vector(0))
[2026-01-29T19:37:31.524+0530] {subprocess.py:106} INFO - 26/01/29 19:37:31 INFO TaskSchedulerImpl: Adding task set 17.0 with 1 tasks resource profile 0
[2026-01-29T19:37:31.525+0530] {subprocess.py:106} INFO - 26/01/29 19:37:31 INFO TaskSetManager: Starting task 0.0 in stage 17.0 (TID 13) (Aishwarya92848DBDA, executor driver, partition 0, NODE_LOCAL, 8230 bytes)
[2026-01-29T19:37:31.526+0530] {subprocess.py:106} INFO - 26/01/29 19:37:31 INFO Executor: Running task 0.0 in stage 17.0 (TID 13)
[2026-01-29T19:37:31.539+0530] {subprocess.py:106} INFO - 26/01/29 19:37:31 INFO CodeGenerator: Code generated in 10.01169 ms
[2026-01-29T19:37:31.541+0530] {subprocess.py:106} INFO - 26/01/29 19:37:31 INFO FileScanRDD: Reading File path: hdfs://localhost:9000/weather/data/raw_data/weather_dataset.csv, range: 0-2463, partition values: [empty row]
[2026-01-29T19:37:31.551+0530] {subprocess.py:106} INFO - 26/01/29 19:37:31 INFO CodeGenerator: Code generated in 6.861614 ms
[2026-01-29T19:37:31.561+0530] {subprocess.py:106} INFO - 26/01/29 19:37:31 INFO Executor: Finished task 0.0 in stage 17.0 (TID 13). 1990 bytes result sent to driver
[2026-01-29T19:37:31.563+0530] {subprocess.py:106} INFO - 26/01/29 19:37:31 INFO TaskSetManager: Finished task 0.0 in stage 17.0 (TID 13) in 37 ms on Aishwarya92848DBDA (executor driver) (1/1)
[2026-01-29T19:37:31.563+0530] {subprocess.py:106} INFO - 26/01/29 19:37:31 INFO TaskSchedulerImpl: Removed TaskSet 17.0, whose tasks have all completed, from pool
[2026-01-29T19:37:31.563+0530] {subprocess.py:106} INFO - 26/01/29 19:37:31 INFO DAGScheduler: ShuffleMapStage 17 (count at NativeMethodAccessorImpl.java:0) finished in 0.046 s
[2026-01-29T19:37:31.564+0530] {subprocess.py:106} INFO - 26/01/29 19:37:31 INFO DAGScheduler: looking for newly runnable stages
[2026-01-29T19:37:31.564+0530] {subprocess.py:106} INFO - 26/01/29 19:37:31 INFO DAGScheduler: running: Set()
[2026-01-29T19:37:31.564+0530] {subprocess.py:106} INFO - 26/01/29 19:37:31 INFO DAGScheduler: waiting: Set()
[2026-01-29T19:37:31.564+0530] {subprocess.py:106} INFO - 26/01/29 19:37:31 INFO DAGScheduler: failed: Set()
[2026-01-29T19:37:31.584+0530] {subprocess.py:106} INFO - 26/01/29 19:37:31 INFO SparkContext: Starting job: count at NativeMethodAccessorImpl.java:0
[2026-01-29T19:37:31.586+0530] {subprocess.py:106} INFO - 26/01/29 19:37:31 INFO DAGScheduler: Got job 14 (count at NativeMethodAccessorImpl.java:0) with 1 output partitions
[2026-01-29T19:37:31.587+0530] {subprocess.py:106} INFO - 26/01/29 19:37:31 INFO DAGScheduler: Final stage: ResultStage 19 (count at NativeMethodAccessorImpl.java:0)
[2026-01-29T19:37:31.587+0530] {subprocess.py:106} INFO - 26/01/29 19:37:31 INFO DAGScheduler: Parents of final stage: List(ShuffleMapStage 18)
[2026-01-29T19:37:31.588+0530] {subprocess.py:106} INFO - 26/01/29 19:37:31 INFO DAGScheduler: Missing parents: List()
[2026-01-29T19:37:31.588+0530] {subprocess.py:106} INFO - 26/01/29 19:37:31 INFO DAGScheduler: Submitting ResultStage 19 (MapPartitionsRDD[62] at count at NativeMethodAccessorImpl.java:0), which has no missing parents
[2026-01-29T19:37:31.590+0530] {subprocess.py:106} INFO - 26/01/29 19:37:31 INFO MemoryStore: Block broadcast_24 stored as values in memory (estimated size 12.5 KiB, free 365.1 MiB)
[2026-01-29T19:37:31.593+0530] {subprocess.py:106} INFO - 26/01/29 19:37:31 INFO MemoryStore: Block broadcast_24_piece0 stored as bytes in memory (estimated size 5.9 KiB, free 365.1 MiB)
[2026-01-29T19:37:31.594+0530] {subprocess.py:106} INFO - 26/01/29 19:37:31 INFO BlockManagerInfo: Added broadcast_24_piece0 in memory on Aishwarya92848DBDA:44583 (size: 5.9 KiB, free: 366.2 MiB)
[2026-01-29T19:37:31.595+0530] {subprocess.py:106} INFO - 26/01/29 19:37:31 INFO SparkContext: Created broadcast 24 from broadcast at DAGScheduler.scala:1585
[2026-01-29T19:37:31.596+0530] {subprocess.py:106} INFO - 26/01/29 19:37:31 INFO DAGScheduler: Submitting 1 missing tasks from ResultStage 19 (MapPartitionsRDD[62] at count at NativeMethodAccessorImpl.java:0) (first 15 tasks are for partitions Vector(0))
[2026-01-29T19:37:31.597+0530] {subprocess.py:106} INFO - 26/01/29 19:37:31 INFO TaskSchedulerImpl: Adding task set 19.0 with 1 tasks resource profile 0
[2026-01-29T19:37:31.598+0530] {subprocess.py:106} INFO - 26/01/29 19:37:31 INFO TaskSetManager: Starting task 0.0 in stage 19.0 (TID 14) (Aishwarya92848DBDA, executor driver, partition 0, NODE_LOCAL, 7615 bytes)
[2026-01-29T19:37:31.599+0530] {subprocess.py:106} INFO - 26/01/29 19:37:31 INFO Executor: Running task 0.0 in stage 19.0 (TID 14)
[2026-01-29T19:37:31.604+0530] {subprocess.py:106} INFO - 26/01/29 19:37:31 INFO ShuffleBlockFetcherIterator: Getting 1 (60.0 B) non-empty blocks including 1 (60.0 B) local and 0 (0.0 B) host-local and 0 (0.0 B) push-merged-local and 0 (0.0 B) remote blocks
[2026-01-29T19:37:31.604+0530] {subprocess.py:106} INFO - 26/01/29 19:37:31 INFO ShuffleBlockFetcherIterator: Started 0 remote fetches in 1 ms
[2026-01-29T19:37:31.607+0530] {subprocess.py:106} INFO - 26/01/29 19:37:31 INFO Executor: Finished task 0.0 in stage 19.0 (TID 14). 3988 bytes result sent to driver
[2026-01-29T19:37:31.609+0530] {subprocess.py:106} INFO - 26/01/29 19:37:31 INFO TaskSetManager: Finished task 0.0 in stage 19.0 (TID 14) in 11 ms on Aishwarya92848DBDA (executor driver) (1/1)
[2026-01-29T19:37:31.610+0530] {subprocess.py:106} INFO - 26/01/29 19:37:31 INFO TaskSchedulerImpl: Removed TaskSet 19.0, whose tasks have all completed, from pool
[2026-01-29T19:37:31.611+0530] {subprocess.py:106} INFO - 26/01/29 19:37:31 INFO DAGScheduler: ResultStage 19 (count at NativeMethodAccessorImpl.java:0) finished in 0.022 s
[2026-01-29T19:37:31.611+0530] {subprocess.py:106} INFO - 26/01/29 19:37:31 INFO DAGScheduler: Job 14 is finished. Cancelling potential speculative or zombie tasks for this job
[2026-01-29T19:37:31.611+0530] {subprocess.py:106} INFO - 26/01/29 19:37:31 INFO TaskSchedulerImpl: Killing all running tasks in stage 19: Stage finished
[2026-01-29T19:37:31.612+0530] {subprocess.py:106} INFO - 26/01/29 19:37:31 INFO DAGScheduler: Job 14 finished: count at NativeMethodAccessorImpl.java:0, took 0.027180 s
[2026-01-29T19:37:31.614+0530] {subprocess.py:106} INFO - apparent_temperature_max: Outliers = 0
[2026-01-29T19:37:31.650+0530] {subprocess.py:106} INFO - 26/01/29 19:37:31 INFO FileSourceStrategy: Pushed Filters:
[2026-01-29T19:37:31.651+0530] {subprocess.py:106} INFO - 26/01/29 19:37:31 INFO FileSourceStrategy: Post-Scan Filters:
[2026-01-29T19:37:31.655+0530] {subprocess.py:106} INFO - 26/01/29 19:37:31 INFO MemoryStore: Block broadcast_25 stored as values in memory (estimated size 350.2 KiB, free 364.7 MiB)
[2026-01-29T19:37:31.663+0530] {subprocess.py:106} INFO - 26/01/29 19:37:31 INFO MemoryStore: Block broadcast_25_piece0 stored as bytes in memory (estimated size 34.3 KiB, free 364.7 MiB)
[2026-01-29T19:37:31.663+0530] {subprocess.py:106} INFO - 26/01/29 19:37:31 INFO BlockManagerInfo: Added broadcast_25_piece0 in memory on Aishwarya92848DBDA:44583 (size: 34.3 KiB, free: 366.1 MiB)
[2026-01-29T19:37:31.664+0530] {subprocess.py:106} INFO - 26/01/29 19:37:31 INFO SparkContext: Created broadcast 25 from approxQuantile at NativeMethodAccessorImpl.java:0
[2026-01-29T19:37:31.665+0530] {subprocess.py:106} INFO - 26/01/29 19:37:31 INFO FileSourceScanExec: Planning scan with bin packing, max size: 4194304 bytes, open cost is considered as scanning 4194304 bytes.
[2026-01-29T19:37:31.681+0530] {subprocess.py:106} INFO - 26/01/29 19:37:31 INFO SparkContext: Starting job: approxQuantile at NativeMethodAccessorImpl.java:0
[2026-01-29T19:37:31.682+0530] {subprocess.py:106} INFO - 26/01/29 19:37:31 INFO DAGScheduler: Got job 15 (approxQuantile at NativeMethodAccessorImpl.java:0) with 1 output partitions
[2026-01-29T19:37:31.683+0530] {subprocess.py:106} INFO - 26/01/29 19:37:31 INFO DAGScheduler: Final stage: ResultStage 20 (approxQuantile at NativeMethodAccessorImpl.java:0)
[2026-01-29T19:37:31.683+0530] {subprocess.py:106} INFO - 26/01/29 19:37:31 INFO DAGScheduler: Parents of final stage: List()
[2026-01-29T19:37:31.683+0530] {subprocess.py:106} INFO - 26/01/29 19:37:31 INFO DAGScheduler: Missing parents: List()
[2026-01-29T19:37:31.684+0530] {subprocess.py:106} INFO - 26/01/29 19:37:31 INFO DAGScheduler: Submitting ResultStage 20 (MapPartitionsRDD[68] at approxQuantile at NativeMethodAccessorImpl.java:0), which has no missing parents
[2026-01-29T19:37:31.688+0530] {subprocess.py:106} INFO - 26/01/29 19:37:31 INFO MemoryStore: Block broadcast_26 stored as values in memory (estimated size 20.0 KiB, free 364.7 MiB)
[2026-01-29T19:37:31.690+0530] {subprocess.py:106} INFO - 26/01/29 19:37:31 INFO MemoryStore: Block broadcast_26_piece0 stored as bytes in memory (estimated size 9.5 KiB, free 364.6 MiB)
[2026-01-29T19:37:31.691+0530] {subprocess.py:106} INFO - 26/01/29 19:37:31 INFO BlockManagerInfo: Added broadcast_26_piece0 in memory on Aishwarya92848DBDA:44583 (size: 9.5 KiB, free: 366.1 MiB)
[2026-01-29T19:37:31.691+0530] {subprocess.py:106} INFO - 26/01/29 19:37:31 INFO SparkContext: Created broadcast 26 from broadcast at DAGScheduler.scala:1585
[2026-01-29T19:37:31.693+0530] {subprocess.py:106} INFO - 26/01/29 19:37:31 INFO DAGScheduler: Submitting 1 missing tasks from ResultStage 20 (MapPartitionsRDD[68] at approxQuantile at NativeMethodAccessorImpl.java:0) (first 15 tasks are for partitions Vector(0))
[2026-01-29T19:37:31.693+0530] {subprocess.py:106} INFO - 26/01/29 19:37:31 INFO TaskSchedulerImpl: Adding task set 20.0 with 1 tasks resource profile 0
[2026-01-29T19:37:31.695+0530] {subprocess.py:106} INFO - 26/01/29 19:37:31 INFO TaskSetManager: Starting task 0.0 in stage 20.0 (TID 15) (Aishwarya92848DBDA, executor driver, partition 0, NODE_LOCAL, 8241 bytes)
[2026-01-29T19:37:31.696+0530] {subprocess.py:106} INFO - 26/01/29 19:37:31 INFO Executor: Running task 0.0 in stage 20.0 (TID 15)
[2026-01-29T19:37:31.703+0530] {subprocess.py:106} INFO - 26/01/29 19:37:31 INFO FileScanRDD: Reading File path: hdfs://localhost:9000/weather/data/raw_data/weather_dataset.csv, range: 0-2463, partition values: [empty row]
[2026-01-29T19:37:31.719+0530] {subprocess.py:106} INFO - 26/01/29 19:37:31 INFO Executor: Finished task 0.0 in stage 20.0 (TID 15). 2998 bytes result sent to driver
[2026-01-29T19:37:31.721+0530] {subprocess.py:106} INFO - 26/01/29 19:37:31 INFO TaskSetManager: Finished task 0.0 in stage 20.0 (TID 15) in 27 ms on Aishwarya92848DBDA (executor driver) (1/1)
[2026-01-29T19:37:31.722+0530] {subprocess.py:106} INFO - 26/01/29 19:37:31 INFO TaskSchedulerImpl: Removed TaskSet 20.0, whose tasks have all completed, from pool
[2026-01-29T19:37:31.722+0530] {subprocess.py:106} INFO - 26/01/29 19:37:31 INFO DAGScheduler: ResultStage 20 (approxQuantile at NativeMethodAccessorImpl.java:0) finished in 0.038 s
[2026-01-29T19:37:31.723+0530] {subprocess.py:106} INFO - 26/01/29 19:37:31 INFO DAGScheduler: Job 15 is finished. Cancelling potential speculative or zombie tasks for this job
[2026-01-29T19:37:31.723+0530] {subprocess.py:106} INFO - 26/01/29 19:37:31 INFO TaskSchedulerImpl: Killing all running tasks in stage 20: Stage finished
[2026-01-29T19:37:31.723+0530] {subprocess.py:106} INFO - 26/01/29 19:37:31 INFO DAGScheduler: Job 15 finished: approxQuantile at NativeMethodAccessorImpl.java:0, took 0.041913 s
[2026-01-29T19:37:31.849+0530] {subprocess.py:106} INFO - 26/01/29 19:37:31 INFO FileSourceStrategy: Pushed Filters: Or(LessThan(apparent_temperature_min,-1.6999999999999993),GreaterThan(apparent_temperature_min,34.3))
[2026-01-29T19:37:31.850+0530] {subprocess.py:106} INFO - 26/01/29 19:37:31 INFO FileSourceStrategy: Post-Scan Filters: ((apparent_temperature_min#22 < -1.6999999999999993) OR (apparent_temperature_min#22 > 34.3))
[2026-01-29T19:37:31.887+0530] {subprocess.py:106} INFO - 26/01/29 19:37:31 INFO CodeGenerator: Code generated in 16.475212 ms
[2026-01-29T19:37:31.889+0530] {subprocess.py:106} INFO - 26/01/29 19:37:31 INFO MemoryStore: Block broadcast_27 stored as values in memory (estimated size 350.2 KiB, free 364.3 MiB)
[2026-01-29T19:37:31.896+0530] {subprocess.py:106} INFO - 26/01/29 19:37:31 INFO MemoryStore: Block broadcast_27_piece0 stored as bytes in memory (estimated size 34.3 KiB, free 364.3 MiB)
[2026-01-29T19:37:31.897+0530] {subprocess.py:106} INFO - 26/01/29 19:37:31 INFO BlockManagerInfo: Added broadcast_27_piece0 in memory on Aishwarya92848DBDA:44583 (size: 34.3 KiB, free: 366.1 MiB)
[2026-01-29T19:37:31.898+0530] {subprocess.py:106} INFO - 26/01/29 19:37:31 INFO SparkContext: Created broadcast 27 from count at NativeMethodAccessorImpl.java:0
[2026-01-29T19:37:31.899+0530] {subprocess.py:106} INFO - 26/01/29 19:37:31 INFO FileSourceScanExec: Planning scan with bin packing, max size: 4194304 bytes, open cost is considered as scanning 4194304 bytes.
[2026-01-29T19:37:31.903+0530] {subprocess.py:106} INFO - 26/01/29 19:37:31 INFO DAGScheduler: Registering RDD 72 (count at NativeMethodAccessorImpl.java:0) as input to shuffle 5
[2026-01-29T19:37:31.904+0530] {subprocess.py:106} INFO - 26/01/29 19:37:31 INFO DAGScheduler: Got map stage job 16 (count at NativeMethodAccessorImpl.java:0) with 1 output partitions
[2026-01-29T19:37:31.905+0530] {subprocess.py:106} INFO - 26/01/29 19:37:31 INFO DAGScheduler: Final stage: ShuffleMapStage 21 (count at NativeMethodAccessorImpl.java:0)
[2026-01-29T19:37:31.905+0530] {subprocess.py:106} INFO - 26/01/29 19:37:31 INFO DAGScheduler: Parents of final stage: List()
[2026-01-29T19:37:31.905+0530] {subprocess.py:106} INFO - 26/01/29 19:37:31 INFO DAGScheduler: Missing parents: List()
[2026-01-29T19:37:31.905+0530] {subprocess.py:106} INFO - 26/01/29 19:37:31 INFO DAGScheduler: Submitting ShuffleMapStage 21 (MapPartitionsRDD[72] at count at NativeMethodAccessorImpl.java:0), which has no missing parents
[2026-01-29T19:37:31.908+0530] {subprocess.py:106} INFO - 26/01/29 19:37:31 INFO MemoryStore: Block broadcast_28 stored as values in memory (estimated size 20.0 KiB, free 364.3 MiB)
[2026-01-29T19:37:31.910+0530] {subprocess.py:106} INFO - 26/01/29 19:37:31 INFO MemoryStore: Block broadcast_28_piece0 stored as bytes in memory (estimated size 9.7 KiB, free 364.2 MiB)
[2026-01-29T19:37:31.910+0530] {subprocess.py:106} INFO - 26/01/29 19:37:31 INFO BlockManagerInfo: Added broadcast_28_piece0 in memory on Aishwarya92848DBDA:44583 (size: 9.7 KiB, free: 366.1 MiB)
[2026-01-29T19:37:31.911+0530] {subprocess.py:106} INFO - 26/01/29 19:37:31 INFO SparkContext: Created broadcast 28 from broadcast at DAGScheduler.scala:1585
[2026-01-29T19:37:31.912+0530] {subprocess.py:106} INFO - 26/01/29 19:37:31 INFO DAGScheduler: Submitting 1 missing tasks from ShuffleMapStage 21 (MapPartitionsRDD[72] at count at NativeMethodAccessorImpl.java:0) (first 15 tasks are for partitions Vector(0))
[2026-01-29T19:37:31.912+0530] {subprocess.py:106} INFO - 26/01/29 19:37:31 INFO TaskSchedulerImpl: Adding task set 21.0 with 1 tasks resource profile 0
[2026-01-29T19:37:31.913+0530] {subprocess.py:106} INFO - 26/01/29 19:37:31 INFO TaskSetManager: Starting task 0.0 in stage 21.0 (TID 16) (Aishwarya92848DBDA, executor driver, partition 0, NODE_LOCAL, 8230 bytes)
[2026-01-29T19:37:31.914+0530] {subprocess.py:106} INFO - 26/01/29 19:37:31 INFO Executor: Running task 0.0 in stage 21.0 (TID 16)
[2026-01-29T19:37:31.931+0530] {subprocess.py:106} INFO - 26/01/29 19:37:31 INFO CodeGenerator: Code generated in 13.683623 ms
[2026-01-29T19:37:31.933+0530] {subprocess.py:106} INFO - 26/01/29 19:37:31 INFO FileScanRDD: Reading File path: hdfs://localhost:9000/weather/data/raw_data/weather_dataset.csv, range: 0-2463, partition values: [empty row]
[2026-01-29T19:37:31.944+0530] {subprocess.py:106} INFO - 26/01/29 19:37:31 INFO CodeGenerator: Code generated in 7.318438 ms
[2026-01-29T19:37:31.955+0530] {subprocess.py:106} INFO - 26/01/29 19:37:31 INFO Executor: Finished task 0.0 in stage 21.0 (TID 16). 1990 bytes result sent to driver
[2026-01-29T19:37:31.956+0530] {subprocess.py:106} INFO - 26/01/29 19:37:31 INFO TaskSetManager: Finished task 0.0 in stage 21.0 (TID 16) in 43 ms on Aishwarya92848DBDA (executor driver) (1/1)
[2026-01-29T19:37:31.956+0530] {subprocess.py:106} INFO - 26/01/29 19:37:31 INFO TaskSchedulerImpl: Removed TaskSet 21.0, whose tasks have all completed, from pool
[2026-01-29T19:37:31.957+0530] {subprocess.py:106} INFO - 26/01/29 19:37:31 INFO DAGScheduler: ShuffleMapStage 21 (count at NativeMethodAccessorImpl.java:0) finished in 0.051 s
[2026-01-29T19:37:31.958+0530] {subprocess.py:106} INFO - 26/01/29 19:37:31 INFO DAGScheduler: looking for newly runnable stages
[2026-01-29T19:37:31.958+0530] {subprocess.py:106} INFO - 26/01/29 19:37:31 INFO DAGScheduler: running: Set()
[2026-01-29T19:37:31.958+0530] {subprocess.py:106} INFO - 26/01/29 19:37:31 INFO DAGScheduler: waiting: Set()
[2026-01-29T19:37:31.959+0530] {subprocess.py:106} INFO - 26/01/29 19:37:31 INFO DAGScheduler: failed: Set()
[2026-01-29T19:37:31.977+0530] {subprocess.py:106} INFO - 26/01/29 19:37:31 INFO SparkContext: Starting job: count at NativeMethodAccessorImpl.java:0
[2026-01-29T19:37:31.979+0530] {subprocess.py:106} INFO - 26/01/29 19:37:31 INFO DAGScheduler: Got job 17 (count at NativeMethodAccessorImpl.java:0) with 1 output partitions
[2026-01-29T19:37:31.980+0530] {subprocess.py:106} INFO - 26/01/29 19:37:31 INFO DAGScheduler: Final stage: ResultStage 23 (count at NativeMethodAccessorImpl.java:0)
[2026-01-29T19:37:31.980+0530] {subprocess.py:106} INFO - 26/01/29 19:37:31 INFO DAGScheduler: Parents of final stage: List(ShuffleMapStage 22)
[2026-01-29T19:37:31.980+0530] {subprocess.py:106} INFO - 26/01/29 19:37:31 INFO DAGScheduler: Missing parents: List()
[2026-01-29T19:37:31.980+0530] {subprocess.py:106} INFO - 26/01/29 19:37:31 INFO DAGScheduler: Submitting ResultStage 23 (MapPartitionsRDD[75] at count at NativeMethodAccessorImpl.java:0), which has no missing parents
[2026-01-29T19:37:31.982+0530] {subprocess.py:106} INFO - 26/01/29 19:37:31 INFO MemoryStore: Block broadcast_29 stored as values in memory (estimated size 12.5 KiB, free 364.2 MiB)
[2026-01-29T19:37:31.984+0530] {subprocess.py:106} INFO - 26/01/29 19:37:31 INFO MemoryStore: Block broadcast_29_piece0 stored as bytes in memory (estimated size 6.0 KiB, free 364.2 MiB)
[2026-01-29T19:37:31.984+0530] {subprocess.py:106} INFO - 26/01/29 19:37:31 INFO BlockManagerInfo: Added broadcast_29_piece0 in memory on Aishwarya92848DBDA:44583 (size: 6.0 KiB, free: 366.1 MiB)
[2026-01-29T19:37:31.985+0530] {subprocess.py:106} INFO - 26/01/29 19:37:31 INFO SparkContext: Created broadcast 29 from broadcast at DAGScheduler.scala:1585
[2026-01-29T19:37:31.985+0530] {subprocess.py:106} INFO - 26/01/29 19:37:31 INFO DAGScheduler: Submitting 1 missing tasks from ResultStage 23 (MapPartitionsRDD[75] at count at NativeMethodAccessorImpl.java:0) (first 15 tasks are for partitions Vector(0))
[2026-01-29T19:37:31.985+0530] {subprocess.py:106} INFO - 26/01/29 19:37:31 INFO TaskSchedulerImpl: Adding task set 23.0 with 1 tasks resource profile 0
[2026-01-29T19:37:31.987+0530] {subprocess.py:106} INFO - 26/01/29 19:37:31 INFO TaskSetManager: Starting task 0.0 in stage 23.0 (TID 17) (Aishwarya92848DBDA, executor driver, partition 0, NODE_LOCAL, 7615 bytes)
[2026-01-29T19:37:31.987+0530] {subprocess.py:106} INFO - 26/01/29 19:37:31 INFO Executor: Running task 0.0 in stage 23.0 (TID 17)
[2026-01-29T19:37:31.991+0530] {subprocess.py:106} INFO - 26/01/29 19:37:31 INFO ShuffleBlockFetcherIterator: Getting 1 (60.0 B) non-empty blocks including 1 (60.0 B) local and 0 (0.0 B) host-local and 0 (0.0 B) push-merged-local and 0 (0.0 B) remote blocks
[2026-01-29T19:37:31.992+0530] {subprocess.py:106} INFO - 26/01/29 19:37:31 INFO ShuffleBlockFetcherIterator: Started 0 remote fetches in 0 ms
[2026-01-29T19:37:31.994+0530] {subprocess.py:106} INFO - 26/01/29 19:37:31 INFO Executor: Finished task 0.0 in stage 23.0 (TID 17). 3988 bytes result sent to driver
[2026-01-29T19:37:31.997+0530] {subprocess.py:106} INFO - 26/01/29 19:37:31 INFO TaskSetManager: Finished task 0.0 in stage 23.0 (TID 17) in 10 ms on Aishwarya92848DBDA (executor driver) (1/1)
[2026-01-29T19:37:31.998+0530] {subprocess.py:106} INFO - 26/01/29 19:37:31 INFO TaskSchedulerImpl: Removed TaskSet 23.0, whose tasks have all completed, from pool
[2026-01-29T19:37:31.999+0530] {subprocess.py:106} INFO - 26/01/29 19:37:31 INFO DAGScheduler: ResultStage 23 (count at NativeMethodAccessorImpl.java:0) finished in 0.018 s
[2026-01-29T19:37:31.999+0530] {subprocess.py:106} INFO - 26/01/29 19:37:31 INFO DAGScheduler: Job 17 is finished. Cancelling potential speculative or zombie tasks for this job
[2026-01-29T19:37:31.999+0530] {subprocess.py:106} INFO - 26/01/29 19:37:31 INFO TaskSchedulerImpl: Killing all running tasks in stage 23: Stage finished
[2026-01-29T19:37:31.999+0530] {subprocess.py:106} INFO - 26/01/29 19:37:31 INFO DAGScheduler: Job 17 finished: count at NativeMethodAccessorImpl.java:0, took 0.021967 s
[2026-01-29T19:37:32.001+0530] {subprocess.py:106} INFO - apparent_temperature_min: Outliers = 0
[2026-01-29T19:37:32.038+0530] {subprocess.py:106} INFO - 26/01/29 19:37:32 INFO FileSourceStrategy: Pushed Filters:
[2026-01-29T19:37:32.039+0530] {subprocess.py:106} INFO - 26/01/29 19:37:32 INFO FileSourceStrategy: Post-Scan Filters:
[2026-01-29T19:37:32.043+0530] {subprocess.py:106} INFO - 26/01/29 19:37:32 INFO MemoryStore: Block broadcast_30 stored as values in memory (estimated size 350.2 KiB, free 363.9 MiB)
[2026-01-29T19:37:32.052+0530] {subprocess.py:106} INFO - 26/01/29 19:37:32 INFO MemoryStore: Block broadcast_30_piece0 stored as bytes in memory (estimated size 34.3 KiB, free 363.8 MiB)
[2026-01-29T19:37:32.053+0530] {subprocess.py:106} INFO - 26/01/29 19:37:32 INFO BlockManagerInfo: Added broadcast_30_piece0 in memory on Aishwarya92848DBDA:44583 (size: 34.3 KiB, free: 366.0 MiB)
[2026-01-29T19:37:32.053+0530] {subprocess.py:106} INFO - 26/01/29 19:37:32 INFO SparkContext: Created broadcast 30 from approxQuantile at NativeMethodAccessorImpl.java:0
[2026-01-29T19:37:32.055+0530] {subprocess.py:106} INFO - 26/01/29 19:37:32 INFO FileSourceScanExec: Planning scan with bin packing, max size: 4194304 bytes, open cost is considered as scanning 4194304 bytes.
[2026-01-29T19:37:32.071+0530] {subprocess.py:106} INFO - 26/01/29 19:37:32 INFO SparkContext: Starting job: approxQuantile at NativeMethodAccessorImpl.java:0
[2026-01-29T19:37:32.072+0530] {subprocess.py:106} INFO - 26/01/29 19:37:32 INFO DAGScheduler: Got job 18 (approxQuantile at NativeMethodAccessorImpl.java:0) with 1 output partitions
[2026-01-29T19:37:32.073+0530] {subprocess.py:106} INFO - 26/01/29 19:37:32 INFO DAGScheduler: Final stage: ResultStage 24 (approxQuantile at NativeMethodAccessorImpl.java:0)
[2026-01-29T19:37:32.073+0530] {subprocess.py:106} INFO - 26/01/29 19:37:32 INFO DAGScheduler: Parents of final stage: List()
[2026-01-29T19:37:32.073+0530] {subprocess.py:106} INFO - 26/01/29 19:37:32 INFO DAGScheduler: Missing parents: List()
[2026-01-29T19:37:32.074+0530] {subprocess.py:106} INFO - 26/01/29 19:37:32 INFO DAGScheduler: Submitting ResultStage 24 (MapPartitionsRDD[81] at approxQuantile at NativeMethodAccessorImpl.java:0), which has no missing parents
[2026-01-29T19:37:32.078+0530] {subprocess.py:106} INFO - 26/01/29 19:37:32 INFO MemoryStore: Block broadcast_31 stored as values in memory (estimated size 20.0 KiB, free 363.8 MiB)
[2026-01-29T19:37:32.080+0530] {subprocess.py:106} INFO - 26/01/29 19:37:32 INFO MemoryStore: Block broadcast_31_piece0 stored as bytes in memory (estimated size 9.5 KiB, free 363.8 MiB)
[2026-01-29T19:37:32.081+0530] {subprocess.py:106} INFO - 26/01/29 19:37:32 INFO BlockManagerInfo: Added broadcast_31_piece0 in memory on Aishwarya92848DBDA:44583 (size: 9.5 KiB, free: 366.0 MiB)
[2026-01-29T19:37:32.082+0530] {subprocess.py:106} INFO - 26/01/29 19:37:32 INFO SparkContext: Created broadcast 31 from broadcast at DAGScheduler.scala:1585
[2026-01-29T19:37:32.082+0530] {subprocess.py:106} INFO - 26/01/29 19:37:32 INFO DAGScheduler: Submitting 1 missing tasks from ResultStage 24 (MapPartitionsRDD[81] at approxQuantile at NativeMethodAccessorImpl.java:0) (first 15 tasks are for partitions Vector(0))
[2026-01-29T19:37:32.082+0530] {subprocess.py:106} INFO - 26/01/29 19:37:32 INFO TaskSchedulerImpl: Adding task set 24.0 with 1 tasks resource profile 0
[2026-01-29T19:37:32.084+0530] {subprocess.py:106} INFO - 26/01/29 19:37:32 INFO TaskSetManager: Starting task 0.0 in stage 24.0 (TID 18) (Aishwarya92848DBDA, executor driver, partition 0, NODE_LOCAL, 8241 bytes)
[2026-01-29T19:37:32.084+0530] {subprocess.py:106} INFO - 26/01/29 19:37:32 INFO Executor: Running task 0.0 in stage 24.0 (TID 18)
[2026-01-29T19:37:32.090+0530] {subprocess.py:106} INFO - 26/01/29 19:37:32 INFO FileScanRDD: Reading File path: hdfs://localhost:9000/weather/data/raw_data/weather_dataset.csv, range: 0-2463, partition values: [empty row]
[2026-01-29T19:37:32.106+0530] {subprocess.py:106} INFO - 26/01/29 19:37:32 INFO Executor: Finished task 0.0 in stage 24.0 (TID 18). 2998 bytes result sent to driver
[2026-01-29T19:37:32.108+0530] {subprocess.py:106} INFO - 26/01/29 19:37:32 INFO TaskSetManager: Finished task 0.0 in stage 24.0 (TID 18) in 24 ms on Aishwarya92848DBDA (executor driver) (1/1)
[2026-01-29T19:37:32.108+0530] {subprocess.py:106} INFO - 26/01/29 19:37:32 INFO TaskSchedulerImpl: Removed TaskSet 24.0, whose tasks have all completed, from pool
[2026-01-29T19:37:32.109+0530] {subprocess.py:106} INFO - 26/01/29 19:37:32 INFO DAGScheduler: ResultStage 24 (approxQuantile at NativeMethodAccessorImpl.java:0) finished in 0.034 s
[2026-01-29T19:37:32.109+0530] {subprocess.py:106} INFO - 26/01/29 19:37:32 INFO DAGScheduler: Job 18 is finished. Cancelling potential speculative or zombie tasks for this job
[2026-01-29T19:37:32.109+0530] {subprocess.py:106} INFO - 26/01/29 19:37:32 INFO TaskSchedulerImpl: Killing all running tasks in stage 24: Stage finished
[2026-01-29T19:37:32.110+0530] {subprocess.py:106} INFO - 26/01/29 19:37:32 INFO DAGScheduler: Job 18 finished: approxQuantile at NativeMethodAccessorImpl.java:0, took 0.038429 s
[2026-01-29T19:37:32.228+0530] {subprocess.py:106} INFO - 26/01/29 19:37:32 INFO FileSourceStrategy: Pushed Filters: Or(LessThan(precipitation_sum,0.0),GreaterThan(precipitation_sum,0.0))
[2026-01-29T19:37:32.228+0530] {subprocess.py:106} INFO - 26/01/29 19:37:32 INFO FileSourceStrategy: Post-Scan Filters: ((precipitation_sum#23 < 0.0) OR (precipitation_sum#23 > 0.0))
[2026-01-29T19:37:32.251+0530] {subprocess.py:106} INFO - 26/01/29 19:37:32 INFO CodeGenerator: Code generated in 10.379031 ms
[2026-01-29T19:37:32.254+0530] {subprocess.py:106} INFO - 26/01/29 19:37:32 INFO MemoryStore: Block broadcast_32 stored as values in memory (estimated size 350.2 KiB, free 363.5 MiB)
[2026-01-29T19:37:32.260+0530] {subprocess.py:106} INFO - 26/01/29 19:37:32 INFO MemoryStore: Block broadcast_32_piece0 stored as bytes in memory (estimated size 34.3 KiB, free 363.4 MiB)
[2026-01-29T19:37:32.261+0530] {subprocess.py:106} INFO - 26/01/29 19:37:32 INFO BlockManagerInfo: Added broadcast_32_piece0 in memory on Aishwarya92848DBDA:44583 (size: 34.3 KiB, free: 366.0 MiB)
[2026-01-29T19:37:32.261+0530] {subprocess.py:106} INFO - 26/01/29 19:37:32 INFO SparkContext: Created broadcast 32 from count at NativeMethodAccessorImpl.java:0
[2026-01-29T19:37:32.263+0530] {subprocess.py:106} INFO - 26/01/29 19:37:32 INFO FileSourceScanExec: Planning scan with bin packing, max size: 4194304 bytes, open cost is considered as scanning 4194304 bytes.
[2026-01-29T19:37:32.266+0530] {subprocess.py:106} INFO - 26/01/29 19:37:32 INFO DAGScheduler: Registering RDD 85 (count at NativeMethodAccessorImpl.java:0) as input to shuffle 6
[2026-01-29T19:37:32.267+0530] {subprocess.py:106} INFO - 26/01/29 19:37:32 INFO DAGScheduler: Got map stage job 19 (count at NativeMethodAccessorImpl.java:0) with 1 output partitions
[2026-01-29T19:37:32.267+0530] {subprocess.py:106} INFO - 26/01/29 19:37:32 INFO DAGScheduler: Final stage: ShuffleMapStage 25 (count at NativeMethodAccessorImpl.java:0)
[2026-01-29T19:37:32.267+0530] {subprocess.py:106} INFO - 26/01/29 19:37:32 INFO DAGScheduler: Parents of final stage: List()
[2026-01-29T19:37:32.268+0530] {subprocess.py:106} INFO - 26/01/29 19:37:32 INFO DAGScheduler: Missing parents: List()
[2026-01-29T19:37:32.268+0530] {subprocess.py:106} INFO - 26/01/29 19:37:32 INFO DAGScheduler: Submitting ShuffleMapStage 25 (MapPartitionsRDD[85] at count at NativeMethodAccessorImpl.java:0), which has no missing parents
[2026-01-29T19:37:32.270+0530] {subprocess.py:106} INFO - 26/01/29 19:37:32 INFO MemoryStore: Block broadcast_33 stored as values in memory (estimated size 20.0 KiB, free 363.4 MiB)
[2026-01-29T19:37:32.271+0530] {subprocess.py:106} INFO - 26/01/29 19:37:32 INFO MemoryStore: Block broadcast_33_piece0 stored as bytes in memory (estimated size 9.7 KiB, free 363.4 MiB)
[2026-01-29T19:37:32.272+0530] {subprocess.py:106} INFO - 26/01/29 19:37:32 INFO BlockManagerInfo: Added broadcast_33_piece0 in memory on Aishwarya92848DBDA:44583 (size: 9.7 KiB, free: 366.0 MiB)
[2026-01-29T19:37:32.272+0530] {subprocess.py:106} INFO - 26/01/29 19:37:32 INFO SparkContext: Created broadcast 33 from broadcast at DAGScheduler.scala:1585
[2026-01-29T19:37:32.275+0530] {subprocess.py:106} INFO - 26/01/29 19:37:32 INFO DAGScheduler: Submitting 1 missing tasks from ShuffleMapStage 25 (MapPartitionsRDD[85] at count at NativeMethodAccessorImpl.java:0) (first 15 tasks are for partitions Vector(0))
[2026-01-29T19:37:32.275+0530] {subprocess.py:106} INFO - 26/01/29 19:37:32 INFO TaskSchedulerImpl: Adding task set 25.0 with 1 tasks resource profile 0
[2026-01-29T19:37:32.277+0530] {subprocess.py:106} INFO - 26/01/29 19:37:32 INFO TaskSetManager: Starting task 0.0 in stage 25.0 (TID 19) (Aishwarya92848DBDA, executor driver, partition 0, NODE_LOCAL, 8230 bytes)
[2026-01-29T19:37:32.277+0530] {subprocess.py:106} INFO - 26/01/29 19:37:32 INFO Executor: Running task 0.0 in stage 25.0 (TID 19)
[2026-01-29T19:37:32.294+0530] {subprocess.py:106} INFO - 26/01/29 19:37:32 INFO CodeGenerator: Code generated in 13.040322 ms
[2026-01-29T19:37:32.296+0530] {subprocess.py:106} INFO - 26/01/29 19:37:32 INFO FileScanRDD: Reading File path: hdfs://localhost:9000/weather/data/raw_data/weather_dataset.csv, range: 0-2463, partition values: [empty row]
[2026-01-29T19:37:32.308+0530] {subprocess.py:106} INFO - 26/01/29 19:37:32 INFO CodeGenerator: Code generated in 9.461797 ms
[2026-01-29T19:37:32.318+0530] {subprocess.py:106} INFO - 26/01/29 19:37:32 INFO Executor: Finished task 0.0 in stage 25.0 (TID 19). 1990 bytes result sent to driver
[2026-01-29T19:37:32.320+0530] {subprocess.py:106} INFO - 26/01/29 19:37:32 INFO TaskSetManager: Finished task 0.0 in stage 25.0 (TID 19) in 43 ms on Aishwarya92848DBDA (executor driver) (1/1)
[2026-01-29T19:37:32.320+0530] {subprocess.py:106} INFO - 26/01/29 19:37:32 INFO TaskSchedulerImpl: Removed TaskSet 25.0, whose tasks have all completed, from pool
[2026-01-29T19:37:32.321+0530] {subprocess.py:106} INFO - 26/01/29 19:37:32 INFO DAGScheduler: ShuffleMapStage 25 (count at NativeMethodAccessorImpl.java:0) finished in 0.053 s
[2026-01-29T19:37:32.322+0530] {subprocess.py:106} INFO - 26/01/29 19:37:32 INFO DAGScheduler: looking for newly runnable stages
[2026-01-29T19:37:32.322+0530] {subprocess.py:106} INFO - 26/01/29 19:37:32 INFO DAGScheduler: running: Set()
[2026-01-29T19:37:32.322+0530] {subprocess.py:106} INFO - 26/01/29 19:37:32 INFO DAGScheduler: waiting: Set()
[2026-01-29T19:37:32.322+0530] {subprocess.py:106} INFO - 26/01/29 19:37:32 INFO DAGScheduler: failed: Set()
[2026-01-29T19:37:32.358+0530] {subprocess.py:106} INFO - 26/01/29 19:37:32 INFO BlockManagerInfo: Removed broadcast_20_piece0 on Aishwarya92848DBDA:44583 in memory (size: 34.3 KiB, free: 366.0 MiB)
[2026-01-29T19:37:32.359+0530] {subprocess.py:106} INFO - 26/01/29 19:37:32 INFO SparkContext: Starting job: count at NativeMethodAccessorImpl.java:0
[2026-01-29T19:37:32.360+0530] {subprocess.py:106} INFO - 26/01/29 19:37:32 INFO DAGScheduler: Got job 20 (count at NativeMethodAccessorImpl.java:0) with 1 output partitions
[2026-01-29T19:37:32.361+0530] {subprocess.py:106} INFO - 26/01/29 19:37:32 INFO DAGScheduler: Final stage: ResultStage 27 (count at NativeMethodAccessorImpl.java:0)
[2026-01-29T19:37:32.361+0530] {subprocess.py:106} INFO - 26/01/29 19:37:32 INFO DAGScheduler: Parents of final stage: List(ShuffleMapStage 26)
[2026-01-29T19:37:32.362+0530] {subprocess.py:106} INFO - 26/01/29 19:37:32 INFO DAGScheduler: Missing parents: List()
[2026-01-29T19:37:32.362+0530] {subprocess.py:106} INFO - 26/01/29 19:37:32 INFO DAGScheduler: Submitting ResultStage 27 (MapPartitionsRDD[88] at count at NativeMethodAccessorImpl.java:0), which has no missing parents
[2026-01-29T19:37:32.363+0530] {subprocess.py:106} INFO - 26/01/29 19:37:32 INFO BlockManagerInfo: Removed broadcast_30_piece0 on Aishwarya92848DBDA:44583 in memory (size: 34.3 KiB, free: 366.0 MiB)
[2026-01-29T19:37:32.364+0530] {subprocess.py:106} INFO - 26/01/29 19:37:32 INFO MemoryStore: Block broadcast_34 stored as values in memory (estimated size 12.5 KiB, free 364.2 MiB)
[2026-01-29T19:37:32.365+0530] {subprocess.py:106} INFO - 26/01/29 19:37:32 INFO MemoryStore: Block broadcast_34_piece0 stored as bytes in memory (estimated size 5.9 KiB, free 364.1 MiB)
[2026-01-29T19:37:32.366+0530] {subprocess.py:106} INFO - 26/01/29 19:37:32 INFO BlockManagerInfo: Added broadcast_34_piece0 in memory on Aishwarya92848DBDA:44583 (size: 5.9 KiB, free: 366.0 MiB)
[2026-01-29T19:37:32.367+0530] {subprocess.py:106} INFO - 26/01/29 19:37:32 INFO SparkContext: Created broadcast 34 from broadcast at DAGScheduler.scala:1585
[2026-01-29T19:37:32.368+0530] {subprocess.py:106} INFO - 26/01/29 19:37:32 INFO BlockManagerInfo: Removed broadcast_17_piece0 on Aishwarya92848DBDA:44583 in memory (size: 34.3 KiB, free: 366.1 MiB)
[2026-01-29T19:37:32.368+0530] {subprocess.py:106} INFO - 26/01/29 19:37:32 INFO DAGScheduler: Submitting 1 missing tasks from ResultStage 27 (MapPartitionsRDD[88] at count at NativeMethodAccessorImpl.java:0) (first 15 tasks are for partitions Vector(0))
[2026-01-29T19:37:32.368+0530] {subprocess.py:106} INFO - 26/01/29 19:37:32 INFO TaskSchedulerImpl: Adding task set 27.0 with 1 tasks resource profile 0
[2026-01-29T19:37:32.369+0530] {subprocess.py:106} INFO - 26/01/29 19:37:32 INFO TaskSetManager: Starting task 0.0 in stage 27.0 (TID 20) (Aishwarya92848DBDA, executor driver, partition 0, NODE_LOCAL, 7615 bytes)
[2026-01-29T19:37:32.370+0530] {subprocess.py:106} INFO - 26/01/29 19:37:32 INFO Executor: Running task 0.0 in stage 27.0 (TID 20)
[2026-01-29T19:37:32.370+0530] {subprocess.py:106} INFO - 26/01/29 19:37:32 INFO BlockManagerInfo: Removed broadcast_23_piece0 on Aishwarya92848DBDA:44583 in memory (size: 9.7 KiB, free: 366.1 MiB)
[2026-01-29T19:37:32.373+0530] {subprocess.py:106} INFO - 26/01/29 19:37:32 INFO ShuffleBlockFetcherIterator: Getting 1 (60.0 B) non-empty blocks including 1 (60.0 B) local and 0 (0.0 B) host-local and 0 (0.0 B) push-merged-local and 0 (0.0 B) remote blocks
[2026-01-29T19:37:32.374+0530] {subprocess.py:106} INFO - 26/01/29 19:37:32 INFO ShuffleBlockFetcherIterator: Started 0 remote fetches in 0 ms
[2026-01-29T19:37:32.374+0530] {subprocess.py:106} INFO - 26/01/29 19:37:32 INFO BlockManagerInfo: Removed broadcast_27_piece0 on Aishwarya92848DBDA:44583 in memory (size: 34.3 KiB, free: 366.1 MiB)
[2026-01-29T19:37:32.376+0530] {subprocess.py:106} INFO - 26/01/29 19:37:32 INFO Executor: Finished task 0.0 in stage 27.0 (TID 20). 3988 bytes result sent to driver
[2026-01-29T19:37:32.376+0530] {subprocess.py:106} INFO - 26/01/29 19:37:32 INFO BlockManagerInfo: Removed broadcast_19_piece0 on Aishwarya92848DBDA:44583 in memory (size: 5.9 KiB, free: 366.1 MiB)
[2026-01-29T19:37:32.377+0530] {subprocess.py:106} INFO - 26/01/29 19:37:32 INFO TaskSetManager: Finished task 0.0 in stage 27.0 (TID 20) in 8 ms on Aishwarya92848DBDA (executor driver) (1/1)
[2026-01-29T19:37:32.378+0530] {subprocess.py:106} INFO - 26/01/29 19:37:32 INFO TaskSchedulerImpl: Removed TaskSet 27.0, whose tasks have all completed, from pool
[2026-01-29T19:37:32.378+0530] {subprocess.py:106} INFO - 26/01/29 19:37:32 INFO DAGScheduler: ResultStage 27 (count at NativeMethodAccessorImpl.java:0) finished in 0.015 s
[2026-01-29T19:37:32.379+0530] {subprocess.py:106} INFO - 26/01/29 19:37:32 INFO DAGScheduler: Job 20 is finished. Cancelling potential speculative or zombie tasks for this job
[2026-01-29T19:37:32.379+0530] {subprocess.py:106} INFO - 26/01/29 19:37:32 INFO TaskSchedulerImpl: Killing all running tasks in stage 27: Stage finished
[2026-01-29T19:37:32.379+0530] {subprocess.py:106} INFO - 26/01/29 19:37:32 INFO DAGScheduler: Job 20 finished: count at NativeMethodAccessorImpl.java:0, took 0.019826 s
[2026-01-29T19:37:32.381+0530] {subprocess.py:106} INFO - 26/01/29 19:37:32 INFO BlockManagerInfo: Removed broadcast_26_piece0 on Aishwarya92848DBDA:44583 in memory (size: 9.5 KiB, free: 366.1 MiB)
[2026-01-29T19:37:32.382+0530] {subprocess.py:106} INFO - precipitation_sum: Outliers = 0
[2026-01-29T19:37:32.384+0530] {subprocess.py:106} INFO - 26/01/29 19:37:32 INFO BlockManagerInfo: Removed broadcast_28_piece0 on Aishwarya92848DBDA:44583 in memory (size: 9.7 KiB, free: 366.1 MiB)
[2026-01-29T19:37:32.389+0530] {subprocess.py:106} INFO - 26/01/29 19:37:32 INFO BlockManagerInfo: Removed broadcast_24_piece0 on Aishwarya92848DBDA:44583 in memory (size: 5.9 KiB, free: 366.2 MiB)
[2026-01-29T19:37:32.393+0530] {subprocess.py:106} INFO - 26/01/29 19:37:32 INFO BlockManagerInfo: Removed broadcast_31_piece0 on Aishwarya92848DBDA:44583 in memory (size: 9.5 KiB, free: 366.2 MiB)
[2026-01-29T19:37:32.397+0530] {subprocess.py:106} INFO - 26/01/29 19:37:32 INFO BlockManagerInfo: Removed broadcast_18_piece0 on Aishwarya92848DBDA:44583 in memory (size: 9.7 KiB, free: 366.2 MiB)
[2026-01-29T19:37:32.402+0530] {subprocess.py:106} INFO - 26/01/29 19:37:32 INFO BlockManagerInfo: Removed broadcast_25_piece0 on Aishwarya92848DBDA:44583 in memory (size: 34.3 KiB, free: 366.2 MiB)
[2026-01-29T19:37:32.407+0530] {subprocess.py:106} INFO - 26/01/29 19:37:32 INFO BlockManagerInfo: Removed broadcast_33_piece0 on Aishwarya92848DBDA:44583 in memory (size: 9.7 KiB, free: 366.2 MiB)
[2026-01-29T19:37:32.410+0530] {subprocess.py:106} INFO - 26/01/29 19:37:32 INFO BlockManagerInfo: Removed broadcast_29_piece0 on Aishwarya92848DBDA:44583 in memory (size: 6.0 KiB, free: 366.2 MiB)
[2026-01-29T19:37:32.414+0530] {subprocess.py:106} INFO - 26/01/29 19:37:32 INFO BlockManagerInfo: Removed broadcast_21_piece0 on Aishwarya92848DBDA:44583 in memory (size: 9.5 KiB, free: 366.2 MiB)
[2026-01-29T19:37:32.416+0530] {subprocess.py:106} INFO - 26/01/29 19:37:32 INFO BlockManagerInfo: Removed broadcast_22_piece0 on Aishwarya92848DBDA:44583 in memory (size: 34.3 KiB, free: 366.3 MiB)
[2026-01-29T19:37:32.419+0530] {subprocess.py:106} INFO - 26/01/29 19:37:32 INFO FileSourceStrategy: Pushed Filters:
[2026-01-29T19:37:32.419+0530] {subprocess.py:106} INFO - 26/01/29 19:37:32 INFO FileSourceStrategy: Post-Scan Filters:
[2026-01-29T19:37:32.423+0530] {subprocess.py:106} INFO - 26/01/29 19:37:32 INFO MemoryStore: Block broadcast_35 stored as values in memory (estimated size 350.2 KiB, free 365.6 MiB)
[2026-01-29T19:37:32.430+0530] {subprocess.py:106} INFO - 26/01/29 19:37:32 INFO MemoryStore: Block broadcast_35_piece0 stored as bytes in memory (estimated size 34.3 KiB, free 365.5 MiB)
[2026-01-29T19:37:32.430+0530] {subprocess.py:106} INFO - 26/01/29 19:37:32 INFO BlockManagerInfo: Added broadcast_35_piece0 in memory on Aishwarya92848DBDA:44583 (size: 34.3 KiB, free: 366.2 MiB)
[2026-01-29T19:37:32.431+0530] {subprocess.py:106} INFO - 26/01/29 19:37:32 INFO SparkContext: Created broadcast 35 from approxQuantile at NativeMethodAccessorImpl.java:0
[2026-01-29T19:37:32.432+0530] {subprocess.py:106} INFO - 26/01/29 19:37:32 INFO FileSourceScanExec: Planning scan with bin packing, max size: 4194304 bytes, open cost is considered as scanning 4194304 bytes.
[2026-01-29T19:37:32.443+0530] {subprocess.py:106} INFO - 26/01/29 19:37:32 INFO SparkContext: Starting job: approxQuantile at NativeMethodAccessorImpl.java:0
[2026-01-29T19:37:32.444+0530] {subprocess.py:106} INFO - 26/01/29 19:37:32 INFO DAGScheduler: Got job 21 (approxQuantile at NativeMethodAccessorImpl.java:0) with 1 output partitions
[2026-01-29T19:37:32.445+0530] {subprocess.py:106} INFO - 26/01/29 19:37:32 INFO DAGScheduler: Final stage: ResultStage 28 (approxQuantile at NativeMethodAccessorImpl.java:0)
[2026-01-29T19:37:32.445+0530] {subprocess.py:106} INFO - 26/01/29 19:37:32 INFO DAGScheduler: Parents of final stage: List()
[2026-01-29T19:37:32.445+0530] {subprocess.py:106} INFO - 26/01/29 19:37:32 INFO DAGScheduler: Missing parents: List()
[2026-01-29T19:37:32.445+0530] {subprocess.py:106} INFO - 26/01/29 19:37:32 INFO DAGScheduler: Submitting ResultStage 28 (MapPartitionsRDD[94] at approxQuantile at NativeMethodAccessorImpl.java:0), which has no missing parents
[2026-01-29T19:37:32.449+0530] {subprocess.py:106} INFO - 26/01/29 19:37:32 INFO MemoryStore: Block broadcast_36 stored as values in memory (estimated size 20.0 KiB, free 365.5 MiB)
[2026-01-29T19:37:32.450+0530] {subprocess.py:106} INFO - 26/01/29 19:37:32 INFO MemoryStore: Block broadcast_36_piece0 stored as bytes in memory (estimated size 9.5 KiB, free 365.5 MiB)
[2026-01-29T19:37:32.450+0530] {subprocess.py:106} INFO - 26/01/29 19:37:32 INFO BlockManagerInfo: Added broadcast_36_piece0 in memory on Aishwarya92848DBDA:44583 (size: 9.5 KiB, free: 366.2 MiB)
[2026-01-29T19:37:32.451+0530] {subprocess.py:106} INFO - 26/01/29 19:37:32 INFO SparkContext: Created broadcast 36 from broadcast at DAGScheduler.scala:1585
[2026-01-29T19:37:32.451+0530] {subprocess.py:106} INFO - 26/01/29 19:37:32 INFO DAGScheduler: Submitting 1 missing tasks from ResultStage 28 (MapPartitionsRDD[94] at approxQuantile at NativeMethodAccessorImpl.java:0) (first 15 tasks are for partitions Vector(0))
[2026-01-29T19:37:32.451+0530] {subprocess.py:106} INFO - 26/01/29 19:37:32 INFO TaskSchedulerImpl: Adding task set 28.0 with 1 tasks resource profile 0
[2026-01-29T19:37:32.452+0530] {subprocess.py:106} INFO - 26/01/29 19:37:32 INFO TaskSetManager: Starting task 0.0 in stage 28.0 (TID 21) (Aishwarya92848DBDA, executor driver, partition 0, NODE_LOCAL, 8241 bytes)
[2026-01-29T19:37:32.453+0530] {subprocess.py:106} INFO - 26/01/29 19:37:32 INFO Executor: Running task 0.0 in stage 28.0 (TID 21)
[2026-01-29T19:37:32.457+0530] {subprocess.py:106} INFO - 26/01/29 19:37:32 INFO FileScanRDD: Reading File path: hdfs://localhost:9000/weather/data/raw_data/weather_dataset.csv, range: 0-2463, partition values: [empty row]
[2026-01-29T19:37:32.468+0530] {subprocess.py:106} INFO - 26/01/29 19:37:32 INFO Executor: Finished task 0.0 in stage 28.0 (TID 21). 2998 bytes result sent to driver
[2026-01-29T19:37:32.469+0530] {subprocess.py:106} INFO - 26/01/29 19:37:32 INFO TaskSetManager: Finished task 0.0 in stage 28.0 (TID 21) in 16 ms on Aishwarya92848DBDA (executor driver) (1/1)
[2026-01-29T19:37:32.469+0530] {subprocess.py:106} INFO - 26/01/29 19:37:32 INFO TaskSchedulerImpl: Removed TaskSet 28.0, whose tasks have all completed, from pool
[2026-01-29T19:37:32.469+0530] {subprocess.py:106} INFO - 26/01/29 19:37:32 INFO DAGScheduler: ResultStage 28 (approxQuantile at NativeMethodAccessorImpl.java:0) finished in 0.023 s
[2026-01-29T19:37:32.470+0530] {subprocess.py:106} INFO - 26/01/29 19:37:32 INFO DAGScheduler: Job 21 is finished. Cancelling potential speculative or zombie tasks for this job
[2026-01-29T19:37:32.470+0530] {subprocess.py:106} INFO - 26/01/29 19:37:32 INFO TaskSchedulerImpl: Killing all running tasks in stage 28: Stage finished
[2026-01-29T19:37:32.470+0530] {subprocess.py:106} INFO - 26/01/29 19:37:32 INFO DAGScheduler: Job 21 finished: approxQuantile at NativeMethodAccessorImpl.java:0, took 0.027096 s
[2026-01-29T19:37:32.544+0530] {subprocess.py:106} INFO - 26/01/29 19:37:32 INFO FileSourceStrategy: Pushed Filters: Or(LessThan(rain_sum,0.0),GreaterThan(rain_sum,0.0))
[2026-01-29T19:37:32.544+0530] {subprocess.py:106} INFO - 26/01/29 19:37:32 INFO FileSourceStrategy: Post-Scan Filters: ((rain_sum#24 < 0.0) OR (rain_sum#24 > 0.0))
[2026-01-29T19:37:32.554+0530] {subprocess.py:106} INFO - 26/01/29 19:37:32 INFO MemoryStore: Block broadcast_37 stored as values in memory (estimated size 350.2 KiB, free 365.2 MiB)
[2026-01-29T19:37:32.560+0530] {subprocess.py:106} INFO - 26/01/29 19:37:32 INFO MemoryStore: Block broadcast_37_piece0 stored as bytes in memory (estimated size 34.3 KiB, free 365.1 MiB)
[2026-01-29T19:37:32.561+0530] {subprocess.py:106} INFO - 26/01/29 19:37:32 INFO BlockManagerInfo: Added broadcast_37_piece0 in memory on Aishwarya92848DBDA:44583 (size: 34.3 KiB, free: 366.2 MiB)
[2026-01-29T19:37:32.562+0530] {subprocess.py:106} INFO - 26/01/29 19:37:32 INFO SparkContext: Created broadcast 37 from count at NativeMethodAccessorImpl.java:0
[2026-01-29T19:37:32.562+0530] {subprocess.py:106} INFO - 26/01/29 19:37:32 INFO FileSourceScanExec: Planning scan with bin packing, max size: 4194304 bytes, open cost is considered as scanning 4194304 bytes.
[2026-01-29T19:37:32.566+0530] {subprocess.py:106} INFO - 26/01/29 19:37:32 INFO DAGScheduler: Registering RDD 98 (count at NativeMethodAccessorImpl.java:0) as input to shuffle 7
[2026-01-29T19:37:32.566+0530] {subprocess.py:106} INFO - 26/01/29 19:37:32 INFO DAGScheduler: Got map stage job 22 (count at NativeMethodAccessorImpl.java:0) with 1 output partitions
[2026-01-29T19:37:32.566+0530] {subprocess.py:106} INFO - 26/01/29 19:37:32 INFO DAGScheduler: Final stage: ShuffleMapStage 29 (count at NativeMethodAccessorImpl.java:0)
[2026-01-29T19:37:32.566+0530] {subprocess.py:106} INFO - 26/01/29 19:37:32 INFO DAGScheduler: Parents of final stage: List()
[2026-01-29T19:37:32.567+0530] {subprocess.py:106} INFO - 26/01/29 19:37:32 INFO DAGScheduler: Missing parents: List()
[2026-01-29T19:37:32.567+0530] {subprocess.py:106} INFO - 26/01/29 19:37:32 INFO DAGScheduler: Submitting ShuffleMapStage 29 (MapPartitionsRDD[98] at count at NativeMethodAccessorImpl.java:0), which has no missing parents
[2026-01-29T19:37:32.569+0530] {subprocess.py:106} INFO - 26/01/29 19:37:32 INFO MemoryStore: Block broadcast_38 stored as values in memory (estimated size 20.0 KiB, free 365.1 MiB)
[2026-01-29T19:37:32.570+0530] {subprocess.py:106} INFO - 26/01/29 19:37:32 INFO MemoryStore: Block broadcast_38_piece0 stored as bytes in memory (estimated size 9.6 KiB, free 365.1 MiB)
[2026-01-29T19:37:32.571+0530] {subprocess.py:106} INFO - 26/01/29 19:37:32 INFO BlockManagerInfo: Added broadcast_38_piece0 in memory on Aishwarya92848DBDA:44583 (size: 9.6 KiB, free: 366.2 MiB)
[2026-01-29T19:37:32.571+0530] {subprocess.py:106} INFO - 26/01/29 19:37:32 INFO SparkContext: Created broadcast 38 from broadcast at DAGScheduler.scala:1585
[2026-01-29T19:37:32.571+0530] {subprocess.py:106} INFO - 26/01/29 19:37:32 INFO DAGScheduler: Submitting 1 missing tasks from ShuffleMapStage 29 (MapPartitionsRDD[98] at count at NativeMethodAccessorImpl.java:0) (first 15 tasks are for partitions Vector(0))
[2026-01-29T19:37:32.572+0530] {subprocess.py:106} INFO - 26/01/29 19:37:32 INFO TaskSchedulerImpl: Adding task set 29.0 with 1 tasks resource profile 0
[2026-01-29T19:37:32.573+0530] {subprocess.py:106} INFO - 26/01/29 19:37:32 INFO TaskSetManager: Starting task 0.0 in stage 29.0 (TID 22) (Aishwarya92848DBDA, executor driver, partition 0, NODE_LOCAL, 8230 bytes)
[2026-01-29T19:37:32.574+0530] {subprocess.py:106} INFO - 26/01/29 19:37:32 INFO Executor: Running task 0.0 in stage 29.0 (TID 22)
[2026-01-29T19:37:32.578+0530] {subprocess.py:106} INFO - 26/01/29 19:37:32 INFO FileScanRDD: Reading File path: hdfs://localhost:9000/weather/data/raw_data/weather_dataset.csv, range: 0-2463, partition values: [empty row]
[2026-01-29T19:37:32.589+0530] {subprocess.py:106} INFO - 26/01/29 19:37:32 INFO Executor: Finished task 0.0 in stage 29.0 (TID 22). 1990 bytes result sent to driver
[2026-01-29T19:37:32.590+0530] {subprocess.py:106} INFO - 26/01/29 19:37:32 INFO TaskSetManager: Finished task 0.0 in stage 29.0 (TID 22) in 17 ms on Aishwarya92848DBDA (executor driver) (1/1)
[2026-01-29T19:37:32.590+0530] {subprocess.py:106} INFO - 26/01/29 19:37:32 INFO TaskSchedulerImpl: Removed TaskSet 29.0, whose tasks have all completed, from pool
[2026-01-29T19:37:32.591+0530] {subprocess.py:106} INFO - 26/01/29 19:37:32 INFO DAGScheduler: ShuffleMapStage 29 (count at NativeMethodAccessorImpl.java:0) finished in 0.024 s
[2026-01-29T19:37:32.591+0530] {subprocess.py:106} INFO - 26/01/29 19:37:32 INFO DAGScheduler: looking for newly runnable stages
[2026-01-29T19:37:32.591+0530] {subprocess.py:106} INFO - 26/01/29 19:37:32 INFO DAGScheduler: running: Set()
[2026-01-29T19:37:32.591+0530] {subprocess.py:106} INFO - 26/01/29 19:37:32 INFO DAGScheduler: waiting: Set()
[2026-01-29T19:37:32.591+0530] {subprocess.py:106} INFO - 26/01/29 19:37:32 INFO DAGScheduler: failed: Set()
[2026-01-29T19:37:32.603+0530] {subprocess.py:106} INFO - 26/01/29 19:37:32 INFO SparkContext: Starting job: count at NativeMethodAccessorImpl.java:0
[2026-01-29T19:37:32.604+0530] {subprocess.py:106} INFO - 26/01/29 19:37:32 INFO DAGScheduler: Got job 23 (count at NativeMethodAccessorImpl.java:0) with 1 output partitions
[2026-01-29T19:37:32.604+0530] {subprocess.py:106} INFO - 26/01/29 19:37:32 INFO DAGScheduler: Final stage: ResultStage 31 (count at NativeMethodAccessorImpl.java:0)
[2026-01-29T19:37:32.605+0530] {subprocess.py:106} INFO - 26/01/29 19:37:32 INFO DAGScheduler: Parents of final stage: List(ShuffleMapStage 30)
[2026-01-29T19:37:32.605+0530] {subprocess.py:106} INFO - 26/01/29 19:37:32 INFO DAGScheduler: Missing parents: List()
[2026-01-29T19:37:32.605+0530] {subprocess.py:106} INFO - 26/01/29 19:37:32 INFO DAGScheduler: Submitting ResultStage 31 (MapPartitionsRDD[101] at count at NativeMethodAccessorImpl.java:0), which has no missing parents
[2026-01-29T19:37:32.606+0530] {subprocess.py:106} INFO - 26/01/29 19:37:32 INFO MemoryStore: Block broadcast_39 stored as values in memory (estimated size 12.5 KiB, free 365.1 MiB)
[2026-01-29T19:37:32.607+0530] {subprocess.py:106} INFO - 26/01/29 19:37:32 INFO MemoryStore: Block broadcast_39_piece0 stored as bytes in memory (estimated size 5.9 KiB, free 365.1 MiB)
[2026-01-29T19:37:32.608+0530] {subprocess.py:106} INFO - 26/01/29 19:37:32 INFO BlockManagerInfo: Added broadcast_39_piece0 in memory on Aishwarya92848DBDA:44583 (size: 5.9 KiB, free: 366.2 MiB)
[2026-01-29T19:37:32.608+0530] {subprocess.py:106} INFO - 26/01/29 19:37:32 INFO SparkContext: Created broadcast 39 from broadcast at DAGScheduler.scala:1585
[2026-01-29T19:37:32.608+0530] {subprocess.py:106} INFO - 26/01/29 19:37:32 INFO DAGScheduler: Submitting 1 missing tasks from ResultStage 31 (MapPartitionsRDD[101] at count at NativeMethodAccessorImpl.java:0) (first 15 tasks are for partitions Vector(0))
[2026-01-29T19:37:32.609+0530] {subprocess.py:106} INFO - 26/01/29 19:37:32 INFO TaskSchedulerImpl: Adding task set 31.0 with 1 tasks resource profile 0
[2026-01-29T19:37:32.610+0530] {subprocess.py:106} INFO - 26/01/29 19:37:32 INFO TaskSetManager: Starting task 0.0 in stage 31.0 (TID 23) (Aishwarya92848DBDA, executor driver, partition 0, NODE_LOCAL, 7615 bytes)
[2026-01-29T19:37:32.610+0530] {subprocess.py:106} INFO - 26/01/29 19:37:32 INFO Executor: Running task 0.0 in stage 31.0 (TID 23)
[2026-01-29T19:37:32.613+0530] {subprocess.py:106} INFO - 26/01/29 19:37:32 INFO ShuffleBlockFetcherIterator: Getting 1 (60.0 B) non-empty blocks including 1 (60.0 B) local and 0 (0.0 B) host-local and 0 (0.0 B) push-merged-local and 0 (0.0 B) remote blocks
[2026-01-29T19:37:32.614+0530] {subprocess.py:106} INFO - 26/01/29 19:37:32 INFO ShuffleBlockFetcherIterator: Started 0 remote fetches in 0 ms
[2026-01-29T19:37:32.615+0530] {subprocess.py:106} INFO - 26/01/29 19:37:32 INFO Executor: Finished task 0.0 in stage 31.0 (TID 23). 3988 bytes result sent to driver
[2026-01-29T19:37:32.617+0530] {subprocess.py:106} INFO - 26/01/29 19:37:32 INFO TaskSetManager: Finished task 0.0 in stage 31.0 (TID 23) in 7 ms on Aishwarya92848DBDA (executor driver) (1/1)
[2026-01-29T19:37:32.617+0530] {subprocess.py:106} INFO - 26/01/29 19:37:32 INFO TaskSchedulerImpl: Removed TaskSet 31.0, whose tasks have all completed, from pool
[2026-01-29T19:37:32.618+0530] {subprocess.py:106} INFO - 26/01/29 19:37:32 INFO DAGScheduler: ResultStage 31 (count at NativeMethodAccessorImpl.java:0) finished in 0.012 s
[2026-01-29T19:37:32.618+0530] {subprocess.py:106} INFO - 26/01/29 19:37:32 INFO DAGScheduler: Job 23 is finished. Cancelling potential speculative or zombie tasks for this job
[2026-01-29T19:37:32.619+0530] {subprocess.py:106} INFO - 26/01/29 19:37:32 INFO TaskSchedulerImpl: Killing all running tasks in stage 31: Stage finished
[2026-01-29T19:37:32.619+0530] {subprocess.py:106} INFO - 26/01/29 19:37:32 INFO DAGScheduler: Job 23 finished: count at NativeMethodAccessorImpl.java:0, took 0.015179 s
[2026-01-29T19:37:32.620+0530] {subprocess.py:106} INFO - rain_sum: Outliers = 0
[2026-01-29T19:37:32.640+0530] {subprocess.py:106} INFO - 26/01/29 19:37:32 INFO FileSourceStrategy: Pushed Filters:
[2026-01-29T19:37:32.640+0530] {subprocess.py:106} INFO - 26/01/29 19:37:32 INFO FileSourceStrategy: Post-Scan Filters:
[2026-01-29T19:37:32.643+0530] {subprocess.py:106} INFO - 26/01/29 19:37:32 INFO MemoryStore: Block broadcast_40 stored as values in memory (estimated size 350.2 KiB, free 364.7 MiB)
[2026-01-29T19:37:32.650+0530] {subprocess.py:106} INFO - 26/01/29 19:37:32 INFO MemoryStore: Block broadcast_40_piece0 stored as bytes in memory (estimated size 34.3 KiB, free 364.7 MiB)
[2026-01-29T19:37:32.650+0530] {subprocess.py:106} INFO - 26/01/29 19:37:32 INFO BlockManagerInfo: Added broadcast_40_piece0 in memory on Aishwarya92848DBDA:44583 (size: 34.3 KiB, free: 366.1 MiB)
[2026-01-29T19:37:32.651+0530] {subprocess.py:106} INFO - 26/01/29 19:37:32 INFO SparkContext: Created broadcast 40 from approxQuantile at NativeMethodAccessorImpl.java:0
[2026-01-29T19:37:32.652+0530] {subprocess.py:106} INFO - 26/01/29 19:37:32 INFO FileSourceScanExec: Planning scan with bin packing, max size: 4194304 bytes, open cost is considered as scanning 4194304 bytes.
[2026-01-29T19:37:32.661+0530] {subprocess.py:106} INFO - 26/01/29 19:37:32 INFO SparkContext: Starting job: approxQuantile at NativeMethodAccessorImpl.java:0
[2026-01-29T19:37:32.662+0530] {subprocess.py:106} INFO - 26/01/29 19:37:32 INFO DAGScheduler: Got job 24 (approxQuantile at NativeMethodAccessorImpl.java:0) with 1 output partitions
[2026-01-29T19:37:32.662+0530] {subprocess.py:106} INFO - 26/01/29 19:37:32 INFO DAGScheduler: Final stage: ResultStage 32 (approxQuantile at NativeMethodAccessorImpl.java:0)
[2026-01-29T19:37:32.663+0530] {subprocess.py:106} INFO - 26/01/29 19:37:32 INFO DAGScheduler: Parents of final stage: List()
[2026-01-29T19:37:32.663+0530] {subprocess.py:106} INFO - 26/01/29 19:37:32 INFO DAGScheduler: Missing parents: List()
[2026-01-29T19:37:32.663+0530] {subprocess.py:106} INFO - 26/01/29 19:37:32 INFO DAGScheduler: Submitting ResultStage 32 (MapPartitionsRDD[107] at approxQuantile at NativeMethodAccessorImpl.java:0), which has no missing parents
[2026-01-29T19:37:32.665+0530] {subprocess.py:106} INFO - 26/01/29 19:37:32 INFO MemoryStore: Block broadcast_41 stored as values in memory (estimated size 20.0 KiB, free 364.7 MiB)
[2026-01-29T19:37:32.667+0530] {subprocess.py:106} INFO - 26/01/29 19:37:32 INFO MemoryStore: Block broadcast_41_piece0 stored as bytes in memory (estimated size 9.5 KiB, free 364.7 MiB)
[2026-01-29T19:37:32.667+0530] {subprocess.py:106} INFO - 26/01/29 19:37:32 INFO BlockManagerInfo: Added broadcast_41_piece0 in memory on Aishwarya92848DBDA:44583 (size: 9.5 KiB, free: 366.1 MiB)
[2026-01-29T19:37:32.668+0530] {subprocess.py:106} INFO - 26/01/29 19:37:32 INFO SparkContext: Created broadcast 41 from broadcast at DAGScheduler.scala:1585
[2026-01-29T19:37:32.668+0530] {subprocess.py:106} INFO - 26/01/29 19:37:32 INFO DAGScheduler: Submitting 1 missing tasks from ResultStage 32 (MapPartitionsRDD[107] at approxQuantile at NativeMethodAccessorImpl.java:0) (first 15 tasks are for partitions Vector(0))
[2026-01-29T19:37:32.668+0530] {subprocess.py:106} INFO - 26/01/29 19:37:32 INFO TaskSchedulerImpl: Adding task set 32.0 with 1 tasks resource profile 0
[2026-01-29T19:37:32.669+0530] {subprocess.py:106} INFO - 26/01/29 19:37:32 INFO TaskSetManager: Starting task 0.0 in stage 32.0 (TID 24) (Aishwarya92848DBDA, executor driver, partition 0, NODE_LOCAL, 8241 bytes)
[2026-01-29T19:37:32.669+0530] {subprocess.py:106} INFO - 26/01/29 19:37:32 INFO Executor: Running task 0.0 in stage 32.0 (TID 24)
[2026-01-29T19:37:32.674+0530] {subprocess.py:106} INFO - 26/01/29 19:37:32 INFO FileScanRDD: Reading File path: hdfs://localhost:9000/weather/data/raw_data/weather_dataset.csv, range: 0-2463, partition values: [empty row]
[2026-01-29T19:37:32.683+0530] {subprocess.py:106} INFO - 26/01/29 19:37:32 INFO Executor: Finished task 0.0 in stage 32.0 (TID 24). 2998 bytes result sent to driver
[2026-01-29T19:37:32.683+0530] {subprocess.py:106} INFO - 26/01/29 19:37:32 INFO TaskSetManager: Finished task 0.0 in stage 32.0 (TID 24) in 14 ms on Aishwarya92848DBDA (executor driver) (1/1)
[2026-01-29T19:37:32.684+0530] {subprocess.py:106} INFO - 26/01/29 19:37:32 INFO TaskSchedulerImpl: Removed TaskSet 32.0, whose tasks have all completed, from pool
[2026-01-29T19:37:32.684+0530] {subprocess.py:106} INFO - 26/01/29 19:37:32 INFO DAGScheduler: ResultStage 32 (approxQuantile at NativeMethodAccessorImpl.java:0) finished in 0.021 s
[2026-01-29T19:37:32.684+0530] {subprocess.py:106} INFO - 26/01/29 19:37:32 INFO DAGScheduler: Job 24 is finished. Cancelling potential speculative or zombie tasks for this job
[2026-01-29T19:37:32.685+0530] {subprocess.py:106} INFO - 26/01/29 19:37:32 INFO TaskSchedulerImpl: Killing all running tasks in stage 32: Stage finished
[2026-01-29T19:37:32.685+0530] {subprocess.py:106} INFO - 26/01/29 19:37:32 INFO DAGScheduler: Job 24 finished: approxQuantile at NativeMethodAccessorImpl.java:0, took 0.023923 s
[2026-01-29T19:37:32.748+0530] {subprocess.py:106} INFO - 26/01/29 19:37:32 INFO FileSourceStrategy: Pushed Filters: Or(LessThan(wind_speed_10m_max,-1.2500000000000009),GreaterThan(wind_speed_10m_max,21.55))
[2026-01-29T19:37:32.749+0530] {subprocess.py:106} INFO - 26/01/29 19:37:32 INFO FileSourceStrategy: Post-Scan Filters: ((wind_speed_10m_max#26 < -1.2500000000000009) OR (wind_speed_10m_max#26 > 21.55))
[2026-01-29T19:37:32.767+0530] {subprocess.py:106} INFO - 26/01/29 19:37:32 INFO CodeGenerator: Code generated in 9.222579 ms
[2026-01-29T19:37:32.769+0530] {subprocess.py:106} INFO - 26/01/29 19:37:32 INFO MemoryStore: Block broadcast_42 stored as values in memory (estimated size 350.2 KiB, free 364.3 MiB)
[2026-01-29T19:37:32.775+0530] {subprocess.py:106} INFO - 26/01/29 19:37:32 INFO MemoryStore: Block broadcast_42_piece0 stored as bytes in memory (estimated size 34.3 KiB, free 364.3 MiB)
[2026-01-29T19:37:32.776+0530] {subprocess.py:106} INFO - 26/01/29 19:37:32 INFO BlockManagerInfo: Added broadcast_42_piece0 in memory on Aishwarya92848DBDA:44583 (size: 34.3 KiB, free: 366.1 MiB)
[2026-01-29T19:37:32.776+0530] {subprocess.py:106} INFO - 26/01/29 19:37:32 INFO SparkContext: Created broadcast 42 from count at NativeMethodAccessorImpl.java:0
[2026-01-29T19:37:32.777+0530] {subprocess.py:106} INFO - 26/01/29 19:37:32 INFO FileSourceScanExec: Planning scan with bin packing, max size: 4194304 bytes, open cost is considered as scanning 4194304 bytes.
[2026-01-29T19:37:32.781+0530] {subprocess.py:106} INFO - 26/01/29 19:37:32 INFO DAGScheduler: Registering RDD 111 (count at NativeMethodAccessorImpl.java:0) as input to shuffle 8
[2026-01-29T19:37:32.781+0530] {subprocess.py:106} INFO - 26/01/29 19:37:32 INFO DAGScheduler: Got map stage job 25 (count at NativeMethodAccessorImpl.java:0) with 1 output partitions
[2026-01-29T19:37:32.782+0530] {subprocess.py:106} INFO - 26/01/29 19:37:32 INFO DAGScheduler: Final stage: ShuffleMapStage 33 (count at NativeMethodAccessorImpl.java:0)
[2026-01-29T19:37:32.782+0530] {subprocess.py:106} INFO - 26/01/29 19:37:32 INFO DAGScheduler: Parents of final stage: List()
[2026-01-29T19:37:32.782+0530] {subprocess.py:106} INFO - 26/01/29 19:37:32 INFO DAGScheduler: Missing parents: List()
[2026-01-29T19:37:32.782+0530] {subprocess.py:106} INFO - 26/01/29 19:37:32 INFO DAGScheduler: Submitting ShuffleMapStage 33 (MapPartitionsRDD[111] at count at NativeMethodAccessorImpl.java:0), which has no missing parents
[2026-01-29T19:37:32.785+0530] {subprocess.py:106} INFO - 26/01/29 19:37:32 INFO MemoryStore: Block broadcast_43 stored as values in memory (estimated size 20.0 KiB, free 364.3 MiB)
[2026-01-29T19:37:32.786+0530] {subprocess.py:106} INFO - 26/01/29 19:37:32 INFO MemoryStore: Block broadcast_43_piece0 stored as bytes in memory (estimated size 9.7 KiB, free 364.3 MiB)
[2026-01-29T19:37:32.787+0530] {subprocess.py:106} INFO - 26/01/29 19:37:32 INFO BlockManagerInfo: Added broadcast_43_piece0 in memory on Aishwarya92848DBDA:44583 (size: 9.7 KiB, free: 366.1 MiB)
[2026-01-29T19:37:32.787+0530] {subprocess.py:106} INFO - 26/01/29 19:37:32 INFO SparkContext: Created broadcast 43 from broadcast at DAGScheduler.scala:1585
[2026-01-29T19:37:32.787+0530] {subprocess.py:106} INFO - 26/01/29 19:37:32 INFO DAGScheduler: Submitting 1 missing tasks from ShuffleMapStage 33 (MapPartitionsRDD[111] at count at NativeMethodAccessorImpl.java:0) (first 15 tasks are for partitions Vector(0))
[2026-01-29T19:37:32.787+0530] {subprocess.py:106} INFO - 26/01/29 19:37:32 INFO TaskSchedulerImpl: Adding task set 33.0 with 1 tasks resource profile 0
[2026-01-29T19:37:32.788+0530] {subprocess.py:106} INFO - 26/01/29 19:37:32 INFO TaskSetManager: Starting task 0.0 in stage 33.0 (TID 25) (Aishwarya92848DBDA, executor driver, partition 0, NODE_LOCAL, 8230 bytes)
[2026-01-29T19:37:32.789+0530] {subprocess.py:106} INFO - 26/01/29 19:37:32 INFO Executor: Running task 0.0 in stage 33.0 (TID 25)
[2026-01-29T19:37:32.801+0530] {subprocess.py:106} INFO - 26/01/29 19:37:32 INFO CodeGenerator: Code generated in 8.683569 ms
[2026-01-29T19:37:32.802+0530] {subprocess.py:106} INFO - 26/01/29 19:37:32 INFO FileScanRDD: Reading File path: hdfs://localhost:9000/weather/data/raw_data/weather_dataset.csv, range: 0-2463, partition values: [empty row]
[2026-01-29T19:37:32.813+0530] {subprocess.py:106} INFO - 26/01/29 19:37:32 INFO CodeGenerator: Code generated in 8.139397 ms
[2026-01-29T19:37:32.820+0530] {subprocess.py:106} INFO - 26/01/29 19:37:32 INFO Executor: Finished task 0.0 in stage 33.0 (TID 25). 1990 bytes result sent to driver
[2026-01-29T19:37:32.821+0530] {subprocess.py:106} INFO - 26/01/29 19:37:32 INFO TaskSetManager: Finished task 0.0 in stage 33.0 (TID 25) in 33 ms on Aishwarya92848DBDA (executor driver) (1/1)
[2026-01-29T19:37:32.821+0530] {subprocess.py:106} INFO - 26/01/29 19:37:32 INFO TaskSchedulerImpl: Removed TaskSet 33.0, whose tasks have all completed, from pool
[2026-01-29T19:37:32.822+0530] {subprocess.py:106} INFO - 26/01/29 19:37:32 INFO DAGScheduler: ShuffleMapStage 33 (count at NativeMethodAccessorImpl.java:0) finished in 0.039 s
[2026-01-29T19:37:32.823+0530] {subprocess.py:106} INFO - 26/01/29 19:37:32 INFO DAGScheduler: looking for newly runnable stages
[2026-01-29T19:37:32.824+0530] {subprocess.py:106} INFO - 26/01/29 19:37:32 INFO DAGScheduler: running: Set()
[2026-01-29T19:37:32.824+0530] {subprocess.py:106} INFO - 26/01/29 19:37:32 INFO DAGScheduler: waiting: Set()
[2026-01-29T19:37:32.824+0530] {subprocess.py:106} INFO - 26/01/29 19:37:32 INFO DAGScheduler: failed: Set()
[2026-01-29T19:37:32.837+0530] {subprocess.py:106} INFO - 26/01/29 19:37:32 INFO SparkContext: Starting job: count at NativeMethodAccessorImpl.java:0
[2026-01-29T19:37:32.838+0530] {subprocess.py:106} INFO - 26/01/29 19:37:32 INFO DAGScheduler: Got job 26 (count at NativeMethodAccessorImpl.java:0) with 1 output partitions
[2026-01-29T19:37:32.838+0530] {subprocess.py:106} INFO - 26/01/29 19:37:32 INFO DAGScheduler: Final stage: ResultStage 35 (count at NativeMethodAccessorImpl.java:0)
[2026-01-29T19:37:32.839+0530] {subprocess.py:106} INFO - 26/01/29 19:37:32 INFO DAGScheduler: Parents of final stage: List(ShuffleMapStage 34)
[2026-01-29T19:37:32.839+0530] {subprocess.py:106} INFO - 26/01/29 19:37:32 INFO DAGScheduler: Missing parents: List()
[2026-01-29T19:37:32.840+0530] {subprocess.py:106} INFO - 26/01/29 19:37:32 INFO DAGScheduler: Submitting ResultStage 35 (MapPartitionsRDD[114] at count at NativeMethodAccessorImpl.java:0), which has no missing parents
[2026-01-29T19:37:32.840+0530] {subprocess.py:106} INFO - 26/01/29 19:37:32 INFO MemoryStore: Block broadcast_44 stored as values in memory (estimated size 12.5 KiB, free 364.3 MiB)
[2026-01-29T19:37:32.841+0530] {subprocess.py:106} INFO - 26/01/29 19:37:32 INFO MemoryStore: Block broadcast_44_piece0 stored as bytes in memory (estimated size 5.9 KiB, free 364.3 MiB)
[2026-01-29T19:37:32.842+0530] {subprocess.py:106} INFO - 26/01/29 19:37:32 INFO BlockManagerInfo: Added broadcast_44_piece0 in memory on Aishwarya92848DBDA:44583 (size: 5.9 KiB, free: 366.1 MiB)
[2026-01-29T19:37:32.842+0530] {subprocess.py:106} INFO - 26/01/29 19:37:32 INFO SparkContext: Created broadcast 44 from broadcast at DAGScheduler.scala:1585
[2026-01-29T19:37:32.842+0530] {subprocess.py:106} INFO - 26/01/29 19:37:32 INFO DAGScheduler: Submitting 1 missing tasks from ResultStage 35 (MapPartitionsRDD[114] at count at NativeMethodAccessorImpl.java:0) (first 15 tasks are for partitions Vector(0))
[2026-01-29T19:37:32.843+0530] {subprocess.py:106} INFO - 26/01/29 19:37:32 INFO TaskSchedulerImpl: Adding task set 35.0 with 1 tasks resource profile 0
[2026-01-29T19:37:32.844+0530] {subprocess.py:106} INFO - 26/01/29 19:37:32 INFO TaskSetManager: Starting task 0.0 in stage 35.0 (TID 26) (Aishwarya92848DBDA, executor driver, partition 0, NODE_LOCAL, 7615 bytes)
[2026-01-29T19:37:32.844+0530] {subprocess.py:106} INFO - 26/01/29 19:37:32 INFO Executor: Running task 0.0 in stage 35.0 (TID 26)
[2026-01-29T19:37:32.847+0530] {subprocess.py:106} INFO - 26/01/29 19:37:32 INFO ShuffleBlockFetcherIterator: Getting 1 (60.0 B) non-empty blocks including 1 (60.0 B) local and 0 (0.0 B) host-local and 0 (0.0 B) push-merged-local and 0 (0.0 B) remote blocks
[2026-01-29T19:37:32.847+0530] {subprocess.py:106} INFO - 26/01/29 19:37:32 INFO ShuffleBlockFetcherIterator: Started 0 remote fetches in 0 ms
[2026-01-29T19:37:32.849+0530] {subprocess.py:106} INFO - 26/01/29 19:37:32 INFO Executor: Finished task 0.0 in stage 35.0 (TID 26). 3988 bytes result sent to driver
[2026-01-29T19:37:32.850+0530] {subprocess.py:106} INFO - 26/01/29 19:37:32 INFO TaskSetManager: Finished task 0.0 in stage 35.0 (TID 26) in 6 ms on Aishwarya92848DBDA (executor driver) (1/1)
[2026-01-29T19:37:32.850+0530] {subprocess.py:106} INFO - 26/01/29 19:37:32 INFO TaskSchedulerImpl: Removed TaskSet 35.0, whose tasks have all completed, from pool
[2026-01-29T19:37:32.850+0530] {subprocess.py:106} INFO - 26/01/29 19:37:32 INFO DAGScheduler: ResultStage 35 (count at NativeMethodAccessorImpl.java:0) finished in 0.011 s
[2026-01-29T19:37:32.851+0530] {subprocess.py:106} INFO - 26/01/29 19:37:32 INFO DAGScheduler: Job 26 is finished. Cancelling potential speculative or zombie tasks for this job
[2026-01-29T19:37:32.851+0530] {subprocess.py:106} INFO - 26/01/29 19:37:32 INFO TaskSchedulerImpl: Killing all running tasks in stage 35: Stage finished
[2026-01-29T19:37:32.852+0530] {subprocess.py:106} INFO - 26/01/29 19:37:32 INFO DAGScheduler: Job 26 finished: count at NativeMethodAccessorImpl.java:0, took 0.014006 s
[2026-01-29T19:37:32.852+0530] {subprocess.py:106} INFO - wind_speed_10m_max: Outliers = 0
[2026-01-29T19:37:32.876+0530] {subprocess.py:106} INFO - 26/01/29 19:37:32 INFO FileSourceStrategy: Pushed Filters:
[2026-01-29T19:37:32.876+0530] {subprocess.py:106} INFO - 26/01/29 19:37:32 INFO FileSourceStrategy: Post-Scan Filters:
[2026-01-29T19:37:32.880+0530] {subprocess.py:106} INFO - 26/01/29 19:37:32 INFO MemoryStore: Block broadcast_45 stored as values in memory (estimated size 350.2 KiB, free 363.9 MiB)
[2026-01-29T19:37:32.886+0530] {subprocess.py:106} INFO - 26/01/29 19:37:32 INFO MemoryStore: Block broadcast_45_piece0 stored as bytes in memory (estimated size 34.3 KiB, free 363.9 MiB)
[2026-01-29T19:37:32.886+0530] {subprocess.py:106} INFO - 26/01/29 19:37:32 INFO BlockManagerInfo: Added broadcast_45_piece0 in memory on Aishwarya92848DBDA:44583 (size: 34.3 KiB, free: 366.0 MiB)
[2026-01-29T19:37:32.887+0530] {subprocess.py:106} INFO - 26/01/29 19:37:32 INFO SparkContext: Created broadcast 45 from approxQuantile at NativeMethodAccessorImpl.java:0
[2026-01-29T19:37:32.887+0530] {subprocess.py:106} INFO - 26/01/29 19:37:32 INFO FileSourceScanExec: Planning scan with bin packing, max size: 4194304 bytes, open cost is considered as scanning 4194304 bytes.
[2026-01-29T19:37:32.898+0530] {subprocess.py:106} INFO - 26/01/29 19:37:32 INFO SparkContext: Starting job: approxQuantile at NativeMethodAccessorImpl.java:0
[2026-01-29T19:37:32.899+0530] {subprocess.py:106} INFO - 26/01/29 19:37:32 INFO DAGScheduler: Got job 27 (approxQuantile at NativeMethodAccessorImpl.java:0) with 1 output partitions
[2026-01-29T19:37:32.899+0530] {subprocess.py:106} INFO - 26/01/29 19:37:32 INFO DAGScheduler: Final stage: ResultStage 36 (approxQuantile at NativeMethodAccessorImpl.java:0)
[2026-01-29T19:37:32.899+0530] {subprocess.py:106} INFO - 26/01/29 19:37:32 INFO DAGScheduler: Parents of final stage: List()
[2026-01-29T19:37:32.900+0530] {subprocess.py:106} INFO - 26/01/29 19:37:32 INFO DAGScheduler: Missing parents: List()
[2026-01-29T19:37:32.900+0530] {subprocess.py:106} INFO - 26/01/29 19:37:32 INFO DAGScheduler: Submitting ResultStage 36 (MapPartitionsRDD[120] at approxQuantile at NativeMethodAccessorImpl.java:0), which has no missing parents
[2026-01-29T19:37:32.903+0530] {subprocess.py:106} INFO - 26/01/29 19:37:32 INFO MemoryStore: Block broadcast_46 stored as values in memory (estimated size 20.0 KiB, free 363.9 MiB)
[2026-01-29T19:37:32.905+0530] {subprocess.py:106} INFO - 26/01/29 19:37:32 INFO MemoryStore: Block broadcast_46_piece0 stored as bytes in memory (estimated size 9.5 KiB, free 363.8 MiB)
[2026-01-29T19:37:32.905+0530] {subprocess.py:106} INFO - 26/01/29 19:37:32 INFO BlockManagerInfo: Added broadcast_46_piece0 in memory on Aishwarya92848DBDA:44583 (size: 9.5 KiB, free: 366.0 MiB)
[2026-01-29T19:37:32.905+0530] {subprocess.py:106} INFO - 26/01/29 19:37:32 INFO SparkContext: Created broadcast 46 from broadcast at DAGScheduler.scala:1585
[2026-01-29T19:37:32.906+0530] {subprocess.py:106} INFO - 26/01/29 19:37:32 INFO DAGScheduler: Submitting 1 missing tasks from ResultStage 36 (MapPartitionsRDD[120] at approxQuantile at NativeMethodAccessorImpl.java:0) (first 15 tasks are for partitions Vector(0))
[2026-01-29T19:37:32.906+0530] {subprocess.py:106} INFO - 26/01/29 19:37:32 INFO TaskSchedulerImpl: Adding task set 36.0 with 1 tasks resource profile 0
[2026-01-29T19:37:32.907+0530] {subprocess.py:106} INFO - 26/01/29 19:37:32 INFO TaskSetManager: Starting task 0.0 in stage 36.0 (TID 27) (Aishwarya92848DBDA, executor driver, partition 0, NODE_LOCAL, 8241 bytes)
[2026-01-29T19:37:32.908+0530] {subprocess.py:106} INFO - 26/01/29 19:37:32 INFO Executor: Running task 0.0 in stage 36.0 (TID 27)
[2026-01-29T19:37:32.912+0530] {subprocess.py:106} INFO - 26/01/29 19:37:32 INFO FileScanRDD: Reading File path: hdfs://localhost:9000/weather/data/raw_data/weather_dataset.csv, range: 0-2463, partition values: [empty row]
[2026-01-29T19:37:32.919+0530] {subprocess.py:106} INFO - 26/01/29 19:37:32 INFO Executor: Finished task 0.0 in stage 36.0 (TID 27). 2998 bytes result sent to driver
[2026-01-29T19:37:32.920+0530] {subprocess.py:106} INFO - 26/01/29 19:37:32 INFO TaskSetManager: Finished task 0.0 in stage 36.0 (TID 27) in 13 ms on Aishwarya92848DBDA (executor driver) (1/1)
[2026-01-29T19:37:32.920+0530] {subprocess.py:106} INFO - 26/01/29 19:37:32 INFO TaskSchedulerImpl: Removed TaskSet 36.0, whose tasks have all completed, from pool
[2026-01-29T19:37:32.921+0530] {subprocess.py:106} INFO - 26/01/29 19:37:32 INFO DAGScheduler: ResultStage 36 (approxQuantile at NativeMethodAccessorImpl.java:0) finished in 0.020 s
[2026-01-29T19:37:32.921+0530] {subprocess.py:106} INFO - 26/01/29 19:37:32 INFO DAGScheduler: Job 27 is finished. Cancelling potential speculative or zombie tasks for this job
[2026-01-29T19:37:32.921+0530] {subprocess.py:106} INFO - 26/01/29 19:37:32 INFO TaskSchedulerImpl: Killing all running tasks in stage 36: Stage finished
[2026-01-29T19:37:32.921+0530] {subprocess.py:106} INFO - 26/01/29 19:37:32 INFO DAGScheduler: Job 27 finished: approxQuantile at NativeMethodAccessorImpl.java:0, took 0.023023 s
[2026-01-29T19:37:32.985+0530] {subprocess.py:106} INFO - 26/01/29 19:37:32 INFO FileSourceStrategy: Pushed Filters: Or(LessThan(wind_gusts_10m_max,8.700000000000005),GreaterThan(wind_gusts_10m_max,43.099999999999994))
[2026-01-29T19:37:32.986+0530] {subprocess.py:106} INFO - 26/01/29 19:37:32 INFO FileSourceStrategy: Post-Scan Filters: ((wind_gusts_10m_max#27 < 8.700000000000005) OR (wind_gusts_10m_max#27 > 43.099999999999994))
[2026-01-29T19:37:33.005+0530] {subprocess.py:106} INFO - 26/01/29 19:37:33 INFO CodeGenerator: Code generated in 8.742731 ms
[2026-01-29T19:37:33.007+0530] {subprocess.py:106} INFO - 26/01/29 19:37:33 INFO MemoryStore: Block broadcast_47 stored as values in memory (estimated size 350.2 KiB, free 363.5 MiB)
[2026-01-29T19:37:33.015+0530] {subprocess.py:106} INFO - 26/01/29 19:37:33 INFO MemoryStore: Block broadcast_47_piece0 stored as bytes in memory (estimated size 34.3 KiB, free 363.5 MiB)
[2026-01-29T19:37:33.015+0530] {subprocess.py:106} INFO - 26/01/29 19:37:33 INFO BlockManagerInfo: Added broadcast_47_piece0 in memory on Aishwarya92848DBDA:44583 (size: 34.3 KiB, free: 366.0 MiB)
[2026-01-29T19:37:33.016+0530] {subprocess.py:106} INFO - 26/01/29 19:37:33 INFO SparkContext: Created broadcast 47 from count at NativeMethodAccessorImpl.java:0
[2026-01-29T19:37:33.017+0530] {subprocess.py:106} INFO - 26/01/29 19:37:33 INFO FileSourceScanExec: Planning scan with bin packing, max size: 4194304 bytes, open cost is considered as scanning 4194304 bytes.
[2026-01-29T19:37:33.020+0530] {subprocess.py:106} INFO - 26/01/29 19:37:33 INFO DAGScheduler: Registering RDD 124 (count at NativeMethodAccessorImpl.java:0) as input to shuffle 9
[2026-01-29T19:37:33.020+0530] {subprocess.py:106} INFO - 26/01/29 19:37:33 INFO DAGScheduler: Got map stage job 28 (count at NativeMethodAccessorImpl.java:0) with 1 output partitions
[2026-01-29T19:37:33.021+0530] {subprocess.py:106} INFO - 26/01/29 19:37:33 INFO DAGScheduler: Final stage: ShuffleMapStage 37 (count at NativeMethodAccessorImpl.java:0)
[2026-01-29T19:37:33.021+0530] {subprocess.py:106} INFO - 26/01/29 19:37:33 INFO DAGScheduler: Parents of final stage: List()
[2026-01-29T19:37:33.021+0530] {subprocess.py:106} INFO - 26/01/29 19:37:33 INFO DAGScheduler: Missing parents: List()
[2026-01-29T19:37:33.022+0530] {subprocess.py:106} INFO - 26/01/29 19:37:33 INFO DAGScheduler: Submitting ShuffleMapStage 37 (MapPartitionsRDD[124] at count at NativeMethodAccessorImpl.java:0), which has no missing parents
[2026-01-29T19:37:33.023+0530] {subprocess.py:106} INFO - 26/01/29 19:37:33 INFO MemoryStore: Block broadcast_48 stored as values in memory (estimated size 20.0 KiB, free 363.5 MiB)
[2026-01-29T19:37:33.025+0530] {subprocess.py:106} INFO - 26/01/29 19:37:33 INFO MemoryStore: Block broadcast_48_piece0 stored as bytes in memory (estimated size 9.7 KiB, free 363.4 MiB)
[2026-01-29T19:37:33.025+0530] {subprocess.py:106} INFO - 26/01/29 19:37:33 INFO BlockManagerInfo: Added broadcast_48_piece0 in memory on Aishwarya92848DBDA:44583 (size: 9.7 KiB, free: 366.0 MiB)
[2026-01-29T19:37:33.026+0530] {subprocess.py:106} INFO - 26/01/29 19:37:33 INFO SparkContext: Created broadcast 48 from broadcast at DAGScheduler.scala:1585
[2026-01-29T19:37:33.026+0530] {subprocess.py:106} INFO - 26/01/29 19:37:33 INFO DAGScheduler: Submitting 1 missing tasks from ShuffleMapStage 37 (MapPartitionsRDD[124] at count at NativeMethodAccessorImpl.java:0) (first 15 tasks are for partitions Vector(0))
[2026-01-29T19:37:33.027+0530] {subprocess.py:106} INFO - 26/01/29 19:37:33 INFO TaskSchedulerImpl: Adding task set 37.0 with 1 tasks resource profile 0
[2026-01-29T19:37:33.028+0530] {subprocess.py:106} INFO - 26/01/29 19:37:33 INFO TaskSetManager: Starting task 0.0 in stage 37.0 (TID 28) (Aishwarya92848DBDA, executor driver, partition 0, NODE_LOCAL, 8230 bytes)
[2026-01-29T19:37:33.028+0530] {subprocess.py:106} INFO - 26/01/29 19:37:33 INFO Executor: Running task 0.0 in stage 37.0 (TID 28)
[2026-01-29T19:37:33.041+0530] {subprocess.py:106} INFO - 26/01/29 19:37:33 INFO CodeGenerator: Code generated in 10.092302 ms
[2026-01-29T19:37:33.042+0530] {subprocess.py:106} INFO - 26/01/29 19:37:33 INFO FileScanRDD: Reading File path: hdfs://localhost:9000/weather/data/raw_data/weather_dataset.csv, range: 0-2463, partition values: [empty row]
[2026-01-29T19:37:33.053+0530] {subprocess.py:106} INFO - 26/01/29 19:37:33 INFO CodeGenerator: Code generated in 7.650171 ms
[2026-01-29T19:37:33.062+0530] {subprocess.py:106} INFO - 26/01/29 19:37:33 INFO Executor: Finished task 0.0 in stage 37.0 (TID 28). 1990 bytes result sent to driver
[2026-01-29T19:37:33.062+0530] {subprocess.py:106} INFO - 26/01/29 19:37:33 INFO TaskSetManager: Finished task 0.0 in stage 37.0 (TID 28) in 35 ms on Aishwarya92848DBDA (executor driver) (1/1)
[2026-01-29T19:37:33.063+0530] {subprocess.py:106} INFO - 26/01/29 19:37:33 INFO TaskSchedulerImpl: Removed TaskSet 37.0, whose tasks have all completed, from pool
[2026-01-29T19:37:33.063+0530] {subprocess.py:106} INFO - 26/01/29 19:37:33 INFO DAGScheduler: ShuffleMapStage 37 (count at NativeMethodAccessorImpl.java:0) finished in 0.042 s
[2026-01-29T19:37:33.064+0530] {subprocess.py:106} INFO - 26/01/29 19:37:33 INFO DAGScheduler: looking for newly runnable stages
[2026-01-29T19:37:33.064+0530] {subprocess.py:106} INFO - 26/01/29 19:37:33 INFO DAGScheduler: running: Set()
[2026-01-29T19:37:33.064+0530] {subprocess.py:106} INFO - 26/01/29 19:37:33 INFO DAGScheduler: waiting: Set()
[2026-01-29T19:37:33.064+0530] {subprocess.py:106} INFO - 26/01/29 19:37:33 INFO DAGScheduler: failed: Set()
[2026-01-29T19:37:33.077+0530] {subprocess.py:106} INFO - 26/01/29 19:37:33 INFO SparkContext: Starting job: count at NativeMethodAccessorImpl.java:0
[2026-01-29T19:37:33.077+0530] {subprocess.py:106} INFO - 26/01/29 19:37:33 INFO DAGScheduler: Got job 29 (count at NativeMethodAccessorImpl.java:0) with 1 output partitions
[2026-01-29T19:37:33.078+0530] {subprocess.py:106} INFO - 26/01/29 19:37:33 INFO DAGScheduler: Final stage: ResultStage 39 (count at NativeMethodAccessorImpl.java:0)
[2026-01-29T19:37:33.078+0530] {subprocess.py:106} INFO - 26/01/29 19:37:33 INFO DAGScheduler: Parents of final stage: List(ShuffleMapStage 38)
[2026-01-29T19:37:33.078+0530] {subprocess.py:106} INFO - 26/01/29 19:37:33 INFO DAGScheduler: Missing parents: List()
[2026-01-29T19:37:33.078+0530] {subprocess.py:106} INFO - 26/01/29 19:37:33 INFO DAGScheduler: Submitting ResultStage 39 (MapPartitionsRDD[127] at count at NativeMethodAccessorImpl.java:0), which has no missing parents
[2026-01-29T19:37:33.079+0530] {subprocess.py:106} INFO - 26/01/29 19:37:33 INFO MemoryStore: Block broadcast_49 stored as values in memory (estimated size 12.5 KiB, free 363.4 MiB)
[2026-01-29T19:37:33.081+0530] {subprocess.py:106} INFO - 26/01/29 19:37:33 INFO MemoryStore: Block broadcast_49_piece0 stored as bytes in memory (estimated size 6.0 KiB, free 363.4 MiB)
[2026-01-29T19:37:33.081+0530] {subprocess.py:106} INFO - 26/01/29 19:37:33 INFO BlockManagerInfo: Added broadcast_49_piece0 in memory on Aishwarya92848DBDA:44583 (size: 6.0 KiB, free: 366.0 MiB)
[2026-01-29T19:37:33.081+0530] {subprocess.py:106} INFO - 26/01/29 19:37:33 INFO SparkContext: Created broadcast 49 from broadcast at DAGScheduler.scala:1585
[2026-01-29T19:37:33.082+0530] {subprocess.py:106} INFO - 26/01/29 19:37:33 INFO DAGScheduler: Submitting 1 missing tasks from ResultStage 39 (MapPartitionsRDD[127] at count at NativeMethodAccessorImpl.java:0) (first 15 tasks are for partitions Vector(0))
[2026-01-29T19:37:33.082+0530] {subprocess.py:106} INFO - 26/01/29 19:37:33 INFO TaskSchedulerImpl: Adding task set 39.0 with 1 tasks resource profile 0
[2026-01-29T19:37:33.083+0530] {subprocess.py:106} INFO - 26/01/29 19:37:33 INFO TaskSetManager: Starting task 0.0 in stage 39.0 (TID 29) (Aishwarya92848DBDA, executor driver, partition 0, NODE_LOCAL, 7615 bytes)
[2026-01-29T19:37:33.084+0530] {subprocess.py:106} INFO - 26/01/29 19:37:33 INFO Executor: Running task 0.0 in stage 39.0 (TID 29)
[2026-01-29T19:37:33.086+0530] {subprocess.py:106} INFO - 26/01/29 19:37:33 INFO ShuffleBlockFetcherIterator: Getting 1 (60.0 B) non-empty blocks including 1 (60.0 B) local and 0 (0.0 B) host-local and 0 (0.0 B) push-merged-local and 0 (0.0 B) remote blocks
[2026-01-29T19:37:33.086+0530] {subprocess.py:106} INFO - 26/01/29 19:37:33 INFO ShuffleBlockFetcherIterator: Started 0 remote fetches in 0 ms
[2026-01-29T19:37:33.087+0530] {subprocess.py:106} INFO - 26/01/29 19:37:33 INFO Executor: Finished task 0.0 in stage 39.0 (TID 29). 3988 bytes result sent to driver
[2026-01-29T19:37:33.088+0530] {subprocess.py:106} INFO - 26/01/29 19:37:33 INFO TaskSetManager: Finished task 0.0 in stage 39.0 (TID 29) in 5 ms on Aishwarya92848DBDA (executor driver) (1/1)
[2026-01-29T19:37:33.089+0530] {subprocess.py:106} INFO - 26/01/29 19:37:33 INFO TaskSchedulerImpl: Removed TaskSet 39.0, whose tasks have all completed, from pool
[2026-01-29T19:37:33.089+0530] {subprocess.py:106} INFO - 26/01/29 19:37:33 INFO DAGScheduler: ResultStage 39 (count at NativeMethodAccessorImpl.java:0) finished in 0.011 s
[2026-01-29T19:37:33.089+0530] {subprocess.py:106} INFO - 26/01/29 19:37:33 INFO DAGScheduler: Job 29 is finished. Cancelling potential speculative or zombie tasks for this job
[2026-01-29T19:37:33.089+0530] {subprocess.py:106} INFO - 26/01/29 19:37:33 INFO TaskSchedulerImpl: Killing all running tasks in stage 39: Stage finished
[2026-01-29T19:37:33.089+0530] {subprocess.py:106} INFO - 26/01/29 19:37:33 INFO DAGScheduler: Job 29 finished: count at NativeMethodAccessorImpl.java:0, took 0.012588 s
[2026-01-29T19:37:33.090+0530] {subprocess.py:106} INFO - wind_gusts_10m_max: Outliers = 0
[2026-01-29T19:37:33.116+0530] {subprocess.py:106} INFO - 26/01/29 19:37:33 INFO FileSourceStrategy: Pushed Filters:
[2026-01-29T19:37:33.117+0530] {subprocess.py:106} INFO - 26/01/29 19:37:33 INFO FileSourceStrategy: Post-Scan Filters:
[2026-01-29T19:37:33.120+0530] {subprocess.py:106} INFO - 26/01/29 19:37:33 INFO MemoryStore: Block broadcast_50 stored as values in memory (estimated size 350.2 KiB, free 363.1 MiB)
[2026-01-29T19:37:33.127+0530] {subprocess.py:106} INFO - 26/01/29 19:37:33 INFO MemoryStore: Block broadcast_50_piece0 stored as bytes in memory (estimated size 34.3 KiB, free 363.1 MiB)
[2026-01-29T19:37:33.128+0530] {subprocess.py:106} INFO - 26/01/29 19:37:33 INFO BlockManagerInfo: Added broadcast_50_piece0 in memory on Aishwarya92848DBDA:44583 (size: 34.3 KiB, free: 366.0 MiB)
[2026-01-29T19:37:33.128+0530] {subprocess.py:106} INFO - 26/01/29 19:37:33 INFO SparkContext: Created broadcast 50 from approxQuantile at NativeMethodAccessorImpl.java:0
[2026-01-29T19:37:33.129+0530] {subprocess.py:106} INFO - 26/01/29 19:37:33 INFO FileSourceScanExec: Planning scan with bin packing, max size: 4194304 bytes, open cost is considered as scanning 4194304 bytes.
[2026-01-29T19:37:33.154+0530] {subprocess.py:106} INFO - 26/01/29 19:37:33 INFO SparkContext: Starting job: approxQuantile at NativeMethodAccessorImpl.java:0
[2026-01-29T19:37:33.155+0530] {subprocess.py:106} INFO - 26/01/29 19:37:33 INFO DAGScheduler: Got job 30 (approxQuantile at NativeMethodAccessorImpl.java:0) with 1 output partitions
[2026-01-29T19:37:33.155+0530] {subprocess.py:106} INFO - 26/01/29 19:37:33 INFO DAGScheduler: Final stage: ResultStage 40 (approxQuantile at NativeMethodAccessorImpl.java:0)
[2026-01-29T19:37:33.155+0530] {subprocess.py:106} INFO - 26/01/29 19:37:33 INFO DAGScheduler: Parents of final stage: List()
[2026-01-29T19:37:33.155+0530] {subprocess.py:106} INFO - 26/01/29 19:37:33 INFO DAGScheduler: Missing parents: List()
[2026-01-29T19:37:33.156+0530] {subprocess.py:106} INFO - 26/01/29 19:37:33 INFO DAGScheduler: Submitting ResultStage 40 (MapPartitionsRDD[133] at approxQuantile at NativeMethodAccessorImpl.java:0), which has no missing parents
[2026-01-29T19:37:33.159+0530] {subprocess.py:106} INFO - 26/01/29 19:37:33 INFO BlockManagerInfo: Removed broadcast_40_piece0 on Aishwarya92848DBDA:44583 in memory (size: 34.3 KiB, free: 366.0 MiB)
[2026-01-29T19:37:33.160+0530] {subprocess.py:106} INFO - 26/01/29 19:37:33 INFO MemoryStore: Block broadcast_51 stored as values in memory (estimated size 20.0 KiB, free 363.1 MiB)
[2026-01-29T19:37:33.160+0530] {subprocess.py:106} INFO - 26/01/29 19:37:33 INFO MemoryStore: Block broadcast_51_piece0 stored as bytes in memory (estimated size 9.5 KiB, free 363.4 MiB)
[2026-01-29T19:37:33.161+0530] {subprocess.py:106} INFO - 26/01/29 19:37:33 INFO BlockManagerInfo: Added broadcast_51_piece0 in memory on Aishwarya92848DBDA:44583 (size: 9.5 KiB, free: 366.0 MiB)
[2026-01-29T19:37:33.161+0530] {subprocess.py:106} INFO - 26/01/29 19:37:33 INFO SparkContext: Created broadcast 51 from broadcast at DAGScheduler.scala:1585
[2026-01-29T19:37:33.162+0530] {subprocess.py:106} INFO - 26/01/29 19:37:33 INFO DAGScheduler: Submitting 1 missing tasks from ResultStage 40 (MapPartitionsRDD[133] at approxQuantile at NativeMethodAccessorImpl.java:0) (first 15 tasks are for partitions Vector(0))
[2026-01-29T19:37:33.162+0530] {subprocess.py:106} INFO - 26/01/29 19:37:33 INFO TaskSchedulerImpl: Adding task set 40.0 with 1 tasks resource profile 0
[2026-01-29T19:37:33.163+0530] {subprocess.py:106} INFO - 26/01/29 19:37:33 INFO BlockManagerInfo: Removed broadcast_41_piece0 on Aishwarya92848DBDA:44583 in memory (size: 9.5 KiB, free: 366.0 MiB)
[2026-01-29T19:37:33.163+0530] {subprocess.py:106} INFO - 26/01/29 19:37:33 INFO TaskSetManager: Starting task 0.0 in stage 40.0 (TID 30) (Aishwarya92848DBDA, executor driver, partition 0, NODE_LOCAL, 8241 bytes)
[2026-01-29T19:37:33.163+0530] {subprocess.py:106} INFO - 26/01/29 19:37:33 INFO Executor: Running task 0.0 in stage 40.0 (TID 30)
[2026-01-29T19:37:33.166+0530] {subprocess.py:106} INFO - 26/01/29 19:37:33 INFO BlockManagerInfo: Removed broadcast_45_piece0 on Aishwarya92848DBDA:44583 in memory (size: 34.3 KiB, free: 366.0 MiB)
[2026-01-29T19:37:33.168+0530] {subprocess.py:106} INFO - 26/01/29 19:37:33 INFO BlockManagerInfo: Removed broadcast_34_piece0 on Aishwarya92848DBDA:44583 in memory (size: 5.9 KiB, free: 366.0 MiB)
[2026-01-29T19:37:33.170+0530] {subprocess.py:106} INFO - 26/01/29 19:37:33 INFO FileScanRDD: Reading File path: hdfs://localhost:9000/weather/data/raw_data/weather_dataset.csv, range: 0-2463, partition values: [empty row]
[2026-01-29T19:37:33.171+0530] {subprocess.py:106} INFO - 26/01/29 19:37:33 INFO BlockManagerInfo: Removed broadcast_43_piece0 on Aishwarya92848DBDA:44583 in memory (size: 9.7 KiB, free: 366.0 MiB)
[2026-01-29T19:37:33.174+0530] {subprocess.py:106} INFO - 26/01/29 19:37:33 INFO BlockManagerInfo: Removed broadcast_47_piece0 on Aishwarya92848DBDA:44583 in memory (size: 34.3 KiB, free: 366.1 MiB)
[2026-01-29T19:37:33.176+0530] {subprocess.py:106} INFO - 26/01/29 19:37:33 INFO BlockManagerInfo: Removed broadcast_49_piece0 on Aishwarya92848DBDA:44583 in memory (size: 6.0 KiB, free: 366.1 MiB)
[2026-01-29T19:37:33.179+0530] {subprocess.py:106} INFO - 26/01/29 19:37:33 INFO BlockManagerInfo: Removed broadcast_37_piece0 on Aishwarya92848DBDA:44583 in memory (size: 34.3 KiB, free: 366.1 MiB)
[2026-01-29T19:37:33.181+0530] {subprocess.py:106} INFO - 26/01/29 19:37:33 INFO Executor: Finished task 0.0 in stage 40.0 (TID 30). 2998 bytes result sent to driver
[2026-01-29T19:37:33.182+0530] {subprocess.py:106} INFO - 26/01/29 19:37:33 INFO BlockManagerInfo: Removed broadcast_44_piece0 on Aishwarya92848DBDA:44583 in memory (size: 5.9 KiB, free: 366.1 MiB)
[2026-01-29T19:37:33.182+0530] {subprocess.py:106} INFO - 26/01/29 19:37:33 INFO TaskSetManager: Finished task 0.0 in stage 40.0 (TID 30) in 19 ms on Aishwarya92848DBDA (executor driver) (1/1)
[2026-01-29T19:37:33.183+0530] {subprocess.py:106} INFO - 26/01/29 19:37:33 INFO TaskSchedulerImpl: Removed TaskSet 40.0, whose tasks have all completed, from pool
[2026-01-29T19:37:33.183+0530] {subprocess.py:106} INFO - 26/01/29 19:37:33 INFO DAGScheduler: ResultStage 40 (approxQuantile at NativeMethodAccessorImpl.java:0) finished in 0.026 s
[2026-01-29T19:37:33.183+0530] {subprocess.py:106} INFO - 26/01/29 19:37:33 INFO DAGScheduler: Job 30 is finished. Cancelling potential speculative or zombie tasks for this job
[2026-01-29T19:37:33.183+0530] {subprocess.py:106} INFO - 26/01/29 19:37:33 INFO TaskSchedulerImpl: Killing all running tasks in stage 40: Stage finished
[2026-01-29T19:37:33.184+0530] {subprocess.py:106} INFO - 26/01/29 19:37:33 INFO BlockManagerInfo: Removed broadcast_32_piece0 on Aishwarya92848DBDA:44583 in memory (size: 34.3 KiB, free: 366.1 MiB)
[2026-01-29T19:37:33.184+0530] {subprocess.py:106} INFO - 26/01/29 19:37:33 INFO DAGScheduler: Job 30 finished: approxQuantile at NativeMethodAccessorImpl.java:0, took 0.029130 s
[2026-01-29T19:37:33.185+0530] {subprocess.py:106} INFO - 26/01/29 19:37:33 INFO BlockManagerInfo: Removed broadcast_36_piece0 on Aishwarya92848DBDA:44583 in memory (size: 9.5 KiB, free: 366.2 MiB)
[2026-01-29T19:37:33.187+0530] {subprocess.py:106} INFO - 26/01/29 19:37:33 INFO BlockManagerInfo: Removed broadcast_39_piece0 on Aishwarya92848DBDA:44583 in memory (size: 5.9 KiB, free: 366.2 MiB)
[2026-01-29T19:37:33.189+0530] {subprocess.py:106} INFO - 26/01/29 19:37:33 INFO BlockManagerInfo: Removed broadcast_46_piece0 on Aishwarya92848DBDA:44583 in memory (size: 9.5 KiB, free: 366.2 MiB)
[2026-01-29T19:37:33.191+0530] {subprocess.py:106} INFO - 26/01/29 19:37:33 INFO BlockManagerInfo: Removed broadcast_38_piece0 on Aishwarya92848DBDA:44583 in memory (size: 9.6 KiB, free: 366.2 MiB)
[2026-01-29T19:37:33.192+0530] {subprocess.py:106} INFO - 26/01/29 19:37:33 INFO BlockManagerInfo: Removed broadcast_48_piece0 on Aishwarya92848DBDA:44583 in memory (size: 9.7 KiB, free: 366.2 MiB)
[2026-01-29T19:37:33.194+0530] {subprocess.py:106} INFO - 26/01/29 19:37:33 INFO BlockManagerInfo: Removed broadcast_42_piece0 on Aishwarya92848DBDA:44583 in memory (size: 34.3 KiB, free: 366.2 MiB)
[2026-01-29T19:37:33.197+0530] {subprocess.py:106} INFO - 26/01/29 19:37:33 INFO BlockManagerInfo: Removed broadcast_35_piece0 on Aishwarya92848DBDA:44583 in memory (size: 34.3 KiB, free: 366.3 MiB)
[2026-01-29T19:37:33.272+0530] {subprocess.py:106} INFO - 26/01/29 19:37:33 INFO FileSourceStrategy: Pushed Filters: Or(LessThan(temperature_2m_max,9.199999999999998),GreaterThan(temperature_2m_max,40.4))
[2026-01-29T19:37:33.272+0530] {subprocess.py:106} INFO - 26/01/29 19:37:33 INFO FileSourceStrategy: Post-Scan Filters: ((temperature_2m_max#19 < 9.199999999999998) OR (temperature_2m_max#19 > 40.4))
[2026-01-29T19:37:33.298+0530] {subprocess.py:106} INFO - 26/01/29 19:37:33 INFO CodeGenerator: Code generated in 10.320969 ms
[2026-01-29T19:37:33.300+0530] {subprocess.py:106} INFO - 26/01/29 19:37:33 INFO MemoryStore: Block broadcast_52 stored as values in memory (estimated size 350.2 KiB, free 365.6 MiB)
[2026-01-29T19:37:33.307+0530] {subprocess.py:106} INFO - 26/01/29 19:37:33 INFO MemoryStore: Block broadcast_52_piece0 stored as bytes in memory (estimated size 34.3 KiB, free 365.5 MiB)
[2026-01-29T19:37:33.307+0530] {subprocess.py:106} INFO - 26/01/29 19:37:33 INFO BlockManagerInfo: Added broadcast_52_piece0 in memory on Aishwarya92848DBDA:44583 (size: 34.3 KiB, free: 366.2 MiB)
[2026-01-29T19:37:33.308+0530] {subprocess.py:106} INFO - 26/01/29 19:37:33 INFO SparkContext: Created broadcast 52 from showString at NativeMethodAccessorImpl.java:0
[2026-01-29T19:37:33.308+0530] {subprocess.py:106} INFO - 26/01/29 19:37:33 INFO FileSourceScanExec: Planning scan with bin packing, max size: 4194304 bytes, open cost is considered as scanning 4194304 bytes.
[2026-01-29T19:37:33.315+0530] {subprocess.py:106} INFO - 26/01/29 19:37:33 INFO SparkContext: Starting job: showString at NativeMethodAccessorImpl.java:0
[2026-01-29T19:37:33.316+0530] {subprocess.py:106} INFO - 26/01/29 19:37:33 INFO DAGScheduler: Got job 31 (showString at NativeMethodAccessorImpl.java:0) with 1 output partitions
[2026-01-29T19:37:33.317+0530] {subprocess.py:106} INFO - 26/01/29 19:37:33 INFO DAGScheduler: Final stage: ResultStage 41 (showString at NativeMethodAccessorImpl.java:0)
[2026-01-29T19:37:33.317+0530] {subprocess.py:106} INFO - 26/01/29 19:37:33 INFO DAGScheduler: Parents of final stage: List()
[2026-01-29T19:37:33.318+0530] {subprocess.py:106} INFO - 26/01/29 19:37:33 INFO DAGScheduler: Missing parents: List()
[2026-01-29T19:37:33.318+0530] {subprocess.py:106} INFO - 26/01/29 19:37:33 INFO DAGScheduler: Submitting ResultStage 41 (MapPartitionsRDD[137] at showString at NativeMethodAccessorImpl.java:0), which has no missing parents
[2026-01-29T19:37:33.319+0530] {subprocess.py:106} INFO - 26/01/29 19:37:33 INFO MemoryStore: Block broadcast_53 stored as values in memory (estimated size 18.3 KiB, free 365.5 MiB)
[2026-01-29T19:37:33.320+0530] {subprocess.py:106} INFO - 26/01/29 19:37:33 INFO MemoryStore: Block broadcast_53_piece0 stored as bytes in memory (estimated size 8.7 KiB, free 365.5 MiB)
[2026-01-29T19:37:33.321+0530] {subprocess.py:106} INFO - 26/01/29 19:37:33 INFO BlockManagerInfo: Added broadcast_53_piece0 in memory on Aishwarya92848DBDA:44583 (size: 8.7 KiB, free: 366.2 MiB)
[2026-01-29T19:37:33.321+0530] {subprocess.py:106} INFO - 26/01/29 19:37:33 INFO SparkContext: Created broadcast 53 from broadcast at DAGScheduler.scala:1585
[2026-01-29T19:37:33.321+0530] {subprocess.py:106} INFO - 26/01/29 19:37:33 INFO DAGScheduler: Submitting 1 missing tasks from ResultStage 41 (MapPartitionsRDD[137] at showString at NativeMethodAccessorImpl.java:0) (first 15 tasks are for partitions Vector(0))
[2026-01-29T19:37:33.322+0530] {subprocess.py:106} INFO - 26/01/29 19:37:33 INFO TaskSchedulerImpl: Adding task set 41.0 with 1 tasks resource profile 0
[2026-01-29T19:37:33.323+0530] {subprocess.py:106} INFO - 26/01/29 19:37:33 INFO TaskSetManager: Starting task 0.0 in stage 41.0 (TID 31) (Aishwarya92848DBDA, executor driver, partition 0, NODE_LOCAL, 8241 bytes)
[2026-01-29T19:37:33.324+0530] {subprocess.py:106} INFO - 26/01/29 19:37:33 INFO Executor: Running task 0.0 in stage 41.0 (TID 31)
[2026-01-29T19:37:33.339+0530] {subprocess.py:106} INFO - 26/01/29 19:37:33 INFO CodeGenerator: Code generated in 12.491391 ms
[2026-01-29T19:37:33.341+0530] {subprocess.py:106} INFO - 26/01/29 19:37:33 INFO FileScanRDD: Reading File path: hdfs://localhost:9000/weather/data/raw_data/weather_dataset.csv, range: 0-2463, partition values: [empty row]
[2026-01-29T19:37:33.349+0530] {subprocess.py:106} INFO - 26/01/29 19:37:33 INFO CodeGenerator: Code generated in 6.32108 ms
[2026-01-29T19:37:33.359+0530] {subprocess.py:106} INFO - 26/01/29 19:37:33 INFO CodeGenerator: Code generated in 7.434068 ms
[2026-01-29T19:37:33.371+0530] {subprocess.py:106} INFO - 26/01/29 19:37:33 INFO Executor: Finished task 0.0 in stage 41.0 (TID 31). 1551 bytes result sent to driver
[2026-01-29T19:37:33.372+0530] {subprocess.py:106} INFO - 26/01/29 19:37:33 INFO TaskSetManager: Finished task 0.0 in stage 41.0 (TID 31) in 50 ms on Aishwarya92848DBDA (executor driver) (1/1)
[2026-01-29T19:37:33.373+0530] {subprocess.py:106} INFO - 26/01/29 19:37:33 INFO TaskSchedulerImpl: Removed TaskSet 41.0, whose tasks have all completed, from pool
[2026-01-29T19:37:33.374+0530] {subprocess.py:106} INFO - 26/01/29 19:37:33 INFO DAGScheduler: ResultStage 41 (showString at NativeMethodAccessorImpl.java:0) finished in 0.056 s
[2026-01-29T19:37:33.374+0530] {subprocess.py:106} INFO - 26/01/29 19:37:33 INFO DAGScheduler: Job 31 is finished. Cancelling potential speculative or zombie tasks for this job
[2026-01-29T19:37:33.374+0530] {subprocess.py:106} INFO - 26/01/29 19:37:33 INFO TaskSchedulerImpl: Killing all running tasks in stage 41: Stage finished
[2026-01-29T19:37:33.374+0530] {subprocess.py:106} INFO - 26/01/29 19:37:33 INFO DAGScheduler: Job 31 finished: showString at NativeMethodAccessorImpl.java:0, took 0.058530 s
[2026-01-29T19:37:33.378+0530] {subprocess.py:106} INFO - +----+----+------------------+
[2026-01-29T19:37:33.379+0530] {subprocess.py:106} INFO - |city|date|temperature_2m_max|
[2026-01-29T19:37:33.379+0530] {subprocess.py:106} INFO - +----+----+------------------+
[2026-01-29T19:37:33.380+0530] {subprocess.py:106} INFO - +----+----+------------------+
[2026-01-29T19:37:33.380+0530] {subprocess.py:106} INFO - 
[2026-01-29T19:37:33.380+0530] {subprocess.py:106} INFO - Lower: 9.199999999999998 Upper: 40.4
[2026-01-29T19:37:33.400+0530] {subprocess.py:106} INFO - 26/01/29 19:37:33 INFO FileSourceStrategy: Pushed Filters:
[2026-01-29T19:37:33.401+0530] {subprocess.py:106} INFO - 26/01/29 19:37:33 INFO FileSourceStrategy: Post-Scan Filters:
[2026-01-29T19:37:33.403+0530] {subprocess.py:106} INFO - 26/01/29 19:37:33 INFO MemoryStore: Block broadcast_54 stored as values in memory (estimated size 350.2 KiB, free 365.2 MiB)
[2026-01-29T19:37:33.410+0530] {subprocess.py:106} INFO - 26/01/29 19:37:33 INFO MemoryStore: Block broadcast_54_piece0 stored as bytes in memory (estimated size 34.3 KiB, free 365.1 MiB)
[2026-01-29T19:37:33.411+0530] {subprocess.py:106} INFO - 26/01/29 19:37:33 INFO BlockManagerInfo: Added broadcast_54_piece0 in memory on Aishwarya92848DBDA:44583 (size: 34.3 KiB, free: 366.2 MiB)
[2026-01-29T19:37:33.411+0530] {subprocess.py:106} INFO - 26/01/29 19:37:33 INFO SparkContext: Created broadcast 54 from approxQuantile at NativeMethodAccessorImpl.java:0
[2026-01-29T19:37:33.412+0530] {subprocess.py:106} INFO - 26/01/29 19:37:33 INFO FileSourceScanExec: Planning scan with bin packing, max size: 4194304 bytes, open cost is considered as scanning 4194304 bytes.
[2026-01-29T19:37:33.424+0530] {subprocess.py:106} INFO - 26/01/29 19:37:33 INFO SparkContext: Starting job: approxQuantile at NativeMethodAccessorImpl.java:0
[2026-01-29T19:37:33.425+0530] {subprocess.py:106} INFO - 26/01/29 19:37:33 INFO DAGScheduler: Got job 32 (approxQuantile at NativeMethodAccessorImpl.java:0) with 1 output partitions
[2026-01-29T19:37:33.425+0530] {subprocess.py:106} INFO - 26/01/29 19:37:33 INFO DAGScheduler: Final stage: ResultStage 42 (approxQuantile at NativeMethodAccessorImpl.java:0)
[2026-01-29T19:37:33.425+0530] {subprocess.py:106} INFO - 26/01/29 19:37:33 INFO DAGScheduler: Parents of final stage: List()
[2026-01-29T19:37:33.426+0530] {subprocess.py:106} INFO - 26/01/29 19:37:33 INFO DAGScheduler: Missing parents: List()
[2026-01-29T19:37:33.426+0530] {subprocess.py:106} INFO - 26/01/29 19:37:33 INFO DAGScheduler: Submitting ResultStage 42 (MapPartitionsRDD[143] at approxQuantile at NativeMethodAccessorImpl.java:0), which has no missing parents
[2026-01-29T19:37:33.430+0530] {subprocess.py:106} INFO - 26/01/29 19:37:33 INFO MemoryStore: Block broadcast_55 stored as values in memory (estimated size 20.0 KiB, free 365.1 MiB)
[2026-01-29T19:37:33.432+0530] {subprocess.py:106} INFO - 26/01/29 19:37:33 INFO MemoryStore: Block broadcast_55_piece0 stored as bytes in memory (estimated size 9.5 KiB, free 365.1 MiB)
[2026-01-29T19:37:33.432+0530] {subprocess.py:106} INFO - 26/01/29 19:37:33 INFO BlockManagerInfo: Added broadcast_55_piece0 in memory on Aishwarya92848DBDA:44583 (size: 9.5 KiB, free: 366.2 MiB)
[2026-01-29T19:37:33.432+0530] {subprocess.py:106} INFO - 26/01/29 19:37:33 INFO SparkContext: Created broadcast 55 from broadcast at DAGScheduler.scala:1585
[2026-01-29T19:37:33.433+0530] {subprocess.py:106} INFO - 26/01/29 19:37:33 INFO DAGScheduler: Submitting 1 missing tasks from ResultStage 42 (MapPartitionsRDD[143] at approxQuantile at NativeMethodAccessorImpl.java:0) (first 15 tasks are for partitions Vector(0))
[2026-01-29T19:37:33.433+0530] {subprocess.py:106} INFO - 26/01/29 19:37:33 INFO TaskSchedulerImpl: Adding task set 42.0 with 1 tasks resource profile 0
[2026-01-29T19:37:33.434+0530] {subprocess.py:106} INFO - 26/01/29 19:37:33 INFO TaskSetManager: Starting task 0.0 in stage 42.0 (TID 32) (Aishwarya92848DBDA, executor driver, partition 0, NODE_LOCAL, 8241 bytes)
[2026-01-29T19:37:33.435+0530] {subprocess.py:106} INFO - 26/01/29 19:37:33 INFO Executor: Running task 0.0 in stage 42.0 (TID 32)
[2026-01-29T19:37:33.439+0530] {subprocess.py:106} INFO - 26/01/29 19:37:33 INFO FileScanRDD: Reading File path: hdfs://localhost:9000/weather/data/raw_data/weather_dataset.csv, range: 0-2463, partition values: [empty row]
[2026-01-29T19:37:33.448+0530] {subprocess.py:106} INFO - 26/01/29 19:37:33 INFO Executor: Finished task 0.0 in stage 42.0 (TID 32). 2998 bytes result sent to driver
[2026-01-29T19:37:33.449+0530] {subprocess.py:106} INFO - 26/01/29 19:37:33 INFO TaskSetManager: Finished task 0.0 in stage 42.0 (TID 32) in 15 ms on Aishwarya92848DBDA (executor driver) (1/1)
[2026-01-29T19:37:33.449+0530] {subprocess.py:106} INFO - 26/01/29 19:37:33 INFO TaskSchedulerImpl: Removed TaskSet 42.0, whose tasks have all completed, from pool
[2026-01-29T19:37:33.450+0530] {subprocess.py:106} INFO - 26/01/29 19:37:33 INFO DAGScheduler: ResultStage 42 (approxQuantile at NativeMethodAccessorImpl.java:0) finished in 0.023 s
[2026-01-29T19:37:33.450+0530] {subprocess.py:106} INFO - 26/01/29 19:37:33 INFO DAGScheduler: Job 32 is finished. Cancelling potential speculative or zombie tasks for this job
[2026-01-29T19:37:33.450+0530] {subprocess.py:106} INFO - 26/01/29 19:37:33 INFO TaskSchedulerImpl: Killing all running tasks in stage 42: Stage finished
[2026-01-29T19:37:33.450+0530] {subprocess.py:106} INFO - 26/01/29 19:37:33 INFO DAGScheduler: Job 32 finished: approxQuantile at NativeMethodAccessorImpl.java:0, took 0.026635 s
[2026-01-29T19:37:33.550+0530] {subprocess.py:106} INFO - 26/01/29 19:37:33 INFO FileSourceStrategy: Pushed Filters:
[2026-01-29T19:37:33.551+0530] {subprocess.py:106} INFO - 26/01/29 19:37:33 INFO FileSourceStrategy: Post-Scan Filters:
[2026-01-29T19:37:33.553+0530] {subprocess.py:106} INFO - 26/01/29 19:37:33 INFO MemoryStore: Block broadcast_56 stored as values in memory (estimated size 350.2 KiB, free 364.7 MiB)
[2026-01-29T19:37:33.560+0530] {subprocess.py:106} INFO - 26/01/29 19:37:33 INFO MemoryStore: Block broadcast_56_piece0 stored as bytes in memory (estimated size 34.3 KiB, free 364.7 MiB)
[2026-01-29T19:37:33.561+0530] {subprocess.py:106} INFO - 26/01/29 19:37:33 INFO BlockManagerInfo: Added broadcast_56_piece0 in memory on Aishwarya92848DBDA:44583 (size: 34.3 KiB, free: 366.1 MiB)
[2026-01-29T19:37:33.561+0530] {subprocess.py:106} INFO - 26/01/29 19:37:33 INFO SparkContext: Created broadcast 56 from approxQuantile at NativeMethodAccessorImpl.java:0
[2026-01-29T19:37:33.562+0530] {subprocess.py:106} INFO - 26/01/29 19:37:33 INFO FileSourceScanExec: Planning scan with bin packing, max size: 4194304 bytes, open cost is considered as scanning 4194304 bytes.
[2026-01-29T19:37:33.574+0530] {subprocess.py:106} INFO - 26/01/29 19:37:33 INFO SparkContext: Starting job: approxQuantile at NativeMethodAccessorImpl.java:0
[2026-01-29T19:37:33.575+0530] {subprocess.py:106} INFO - 26/01/29 19:37:33 INFO DAGScheduler: Got job 33 (approxQuantile at NativeMethodAccessorImpl.java:0) with 1 output partitions
[2026-01-29T19:37:33.575+0530] {subprocess.py:106} INFO - 26/01/29 19:37:33 INFO DAGScheduler: Final stage: ResultStage 43 (approxQuantile at NativeMethodAccessorImpl.java:0)
[2026-01-29T19:37:33.576+0530] {subprocess.py:106} INFO - 26/01/29 19:37:33 INFO DAGScheduler: Parents of final stage: List()
[2026-01-29T19:37:33.576+0530] {subprocess.py:106} INFO - 26/01/29 19:37:33 INFO DAGScheduler: Missing parents: List()
[2026-01-29T19:37:33.576+0530] {subprocess.py:106} INFO - 26/01/29 19:37:33 INFO DAGScheduler: Submitting ResultStage 43 (MapPartitionsRDD[149] at approxQuantile at NativeMethodAccessorImpl.java:0), which has no missing parents
[2026-01-29T19:37:33.579+0530] {subprocess.py:106} INFO - 26/01/29 19:37:33 INFO MemoryStore: Block broadcast_57 stored as values in memory (estimated size 20.0 KiB, free 364.7 MiB)
[2026-01-29T19:37:33.581+0530] {subprocess.py:106} INFO - 26/01/29 19:37:33 INFO MemoryStore: Block broadcast_57_piece0 stored as bytes in memory (estimated size 9.5 KiB, free 364.7 MiB)
[2026-01-29T19:37:33.581+0530] {subprocess.py:106} INFO - 26/01/29 19:37:33 INFO BlockManagerInfo: Added broadcast_57_piece0 in memory on Aishwarya92848DBDA:44583 (size: 9.5 KiB, free: 366.1 MiB)
[2026-01-29T19:37:33.582+0530] {subprocess.py:106} INFO - 26/01/29 19:37:33 INFO SparkContext: Created broadcast 57 from broadcast at DAGScheduler.scala:1585
[2026-01-29T19:37:33.582+0530] {subprocess.py:106} INFO - 26/01/29 19:37:33 INFO DAGScheduler: Submitting 1 missing tasks from ResultStage 43 (MapPartitionsRDD[149] at approxQuantile at NativeMethodAccessorImpl.java:0) (first 15 tasks are for partitions Vector(0))
[2026-01-29T19:37:33.582+0530] {subprocess.py:106} INFO - 26/01/29 19:37:33 INFO TaskSchedulerImpl: Adding task set 43.0 with 1 tasks resource profile 0
[2026-01-29T19:37:33.583+0530] {subprocess.py:106} INFO - 26/01/29 19:37:33 INFO TaskSetManager: Starting task 0.0 in stage 43.0 (TID 33) (Aishwarya92848DBDA, executor driver, partition 0, NODE_LOCAL, 8241 bytes)
[2026-01-29T19:37:33.584+0530] {subprocess.py:106} INFO - 26/01/29 19:37:33 INFO Executor: Running task 0.0 in stage 43.0 (TID 33)
[2026-01-29T19:37:33.588+0530] {subprocess.py:106} INFO - 26/01/29 19:37:33 INFO FileScanRDD: Reading File path: hdfs://localhost:9000/weather/data/raw_data/weather_dataset.csv, range: 0-2463, partition values: [empty row]
[2026-01-29T19:37:33.596+0530] {subprocess.py:106} INFO - 26/01/29 19:37:33 INFO Executor: Finished task 0.0 in stage 43.0 (TID 33). 2998 bytes result sent to driver
[2026-01-29T19:37:33.597+0530] {subprocess.py:106} INFO - 26/01/29 19:37:33 INFO TaskSetManager: Finished task 0.0 in stage 43.0 (TID 33) in 13 ms on Aishwarya92848DBDA (executor driver) (1/1)
[2026-01-29T19:37:33.597+0530] {subprocess.py:106} INFO - 26/01/29 19:37:33 INFO TaskSchedulerImpl: Removed TaskSet 43.0, whose tasks have all completed, from pool
[2026-01-29T19:37:33.597+0530] {subprocess.py:106} INFO - 26/01/29 19:37:33 INFO DAGScheduler: ResultStage 43 (approxQuantile at NativeMethodAccessorImpl.java:0) finished in 0.021 s
[2026-01-29T19:37:33.597+0530] {subprocess.py:106} INFO - 26/01/29 19:37:33 INFO DAGScheduler: Job 33 is finished. Cancelling potential speculative or zombie tasks for this job
[2026-01-29T19:37:33.598+0530] {subprocess.py:106} INFO - 26/01/29 19:37:33 INFO TaskSchedulerImpl: Killing all running tasks in stage 43: Stage finished
[2026-01-29T19:37:33.598+0530] {subprocess.py:106} INFO - 26/01/29 19:37:33 INFO DAGScheduler: Job 33 finished: approxQuantile at NativeMethodAccessorImpl.java:0, took 0.024231 s
[2026-01-29T19:37:33.673+0530] {subprocess.py:106} INFO - 26/01/29 19:37:33 INFO FileSourceStrategy: Pushed Filters:
[2026-01-29T19:37:33.673+0530] {subprocess.py:106} INFO - 26/01/29 19:37:33 INFO FileSourceStrategy: Post-Scan Filters:
[2026-01-29T19:37:33.675+0530] {subprocess.py:106} INFO - 26/01/29 19:37:33 INFO MemoryStore: Block broadcast_58 stored as values in memory (estimated size 350.2 KiB, free 364.3 MiB)
[2026-01-29T19:37:33.681+0530] {subprocess.py:106} INFO - 26/01/29 19:37:33 INFO MemoryStore: Block broadcast_58_piece0 stored as bytes in memory (estimated size 34.3 KiB, free 364.3 MiB)
[2026-01-29T19:37:33.681+0530] {subprocess.py:106} INFO - 26/01/29 19:37:33 INFO BlockManagerInfo: Added broadcast_58_piece0 in memory on Aishwarya92848DBDA:44583 (size: 34.3 KiB, free: 366.1 MiB)
[2026-01-29T19:37:33.682+0530] {subprocess.py:106} INFO - 26/01/29 19:37:33 INFO SparkContext: Created broadcast 58 from approxQuantile at NativeMethodAccessorImpl.java:0
[2026-01-29T19:37:33.682+0530] {subprocess.py:106} INFO - 26/01/29 19:37:33 INFO FileSourceScanExec: Planning scan with bin packing, max size: 4194304 bytes, open cost is considered as scanning 4194304 bytes.
[2026-01-29T19:37:33.692+0530] {subprocess.py:106} INFO - 26/01/29 19:37:33 INFO SparkContext: Starting job: approxQuantile at NativeMethodAccessorImpl.java:0
[2026-01-29T19:37:33.692+0530] {subprocess.py:106} INFO - 26/01/29 19:37:33 INFO DAGScheduler: Got job 34 (approxQuantile at NativeMethodAccessorImpl.java:0) with 1 output partitions
[2026-01-29T19:37:33.693+0530] {subprocess.py:106} INFO - 26/01/29 19:37:33 INFO DAGScheduler: Final stage: ResultStage 44 (approxQuantile at NativeMethodAccessorImpl.java:0)
[2026-01-29T19:37:33.693+0530] {subprocess.py:106} INFO - 26/01/29 19:37:33 INFO DAGScheduler: Parents of final stage: List()
[2026-01-29T19:37:33.693+0530] {subprocess.py:106} INFO - 26/01/29 19:37:33 INFO DAGScheduler: Missing parents: List()
[2026-01-29T19:37:33.693+0530] {subprocess.py:106} INFO - 26/01/29 19:37:33 INFO DAGScheduler: Submitting ResultStage 44 (MapPartitionsRDD[155] at approxQuantile at NativeMethodAccessorImpl.java:0), which has no missing parents
[2026-01-29T19:37:33.696+0530] {subprocess.py:106} INFO - 26/01/29 19:37:33 INFO MemoryStore: Block broadcast_59 stored as values in memory (estimated size 20.0 KiB, free 364.3 MiB)
[2026-01-29T19:37:33.697+0530] {subprocess.py:106} INFO - 26/01/29 19:37:33 INFO MemoryStore: Block broadcast_59_piece0 stored as bytes in memory (estimated size 9.5 KiB, free 364.3 MiB)
[2026-01-29T19:37:33.697+0530] {subprocess.py:106} INFO - 26/01/29 19:37:33 INFO BlockManagerInfo: Added broadcast_59_piece0 in memory on Aishwarya92848DBDA:44583 (size: 9.5 KiB, free: 366.1 MiB)
[2026-01-29T19:37:33.698+0530] {subprocess.py:106} INFO - 26/01/29 19:37:33 INFO SparkContext: Created broadcast 59 from broadcast at DAGScheduler.scala:1585
[2026-01-29T19:37:33.698+0530] {subprocess.py:106} INFO - 26/01/29 19:37:33 INFO DAGScheduler: Submitting 1 missing tasks from ResultStage 44 (MapPartitionsRDD[155] at approxQuantile at NativeMethodAccessorImpl.java:0) (first 15 tasks are for partitions Vector(0))
[2026-01-29T19:37:33.698+0530] {subprocess.py:106} INFO - 26/01/29 19:37:33 INFO TaskSchedulerImpl: Adding task set 44.0 with 1 tasks resource profile 0
[2026-01-29T19:37:33.699+0530] {subprocess.py:106} INFO - 26/01/29 19:37:33 INFO TaskSetManager: Starting task 0.0 in stage 44.0 (TID 34) (Aishwarya92848DBDA, executor driver, partition 0, NODE_LOCAL, 8241 bytes)
[2026-01-29T19:37:33.700+0530] {subprocess.py:106} INFO - 26/01/29 19:37:33 INFO Executor: Running task 0.0 in stage 44.0 (TID 34)
[2026-01-29T19:37:33.704+0530] {subprocess.py:106} INFO - 26/01/29 19:37:33 INFO FileScanRDD: Reading File path: hdfs://localhost:9000/weather/data/raw_data/weather_dataset.csv, range: 0-2463, partition values: [empty row]
[2026-01-29T19:37:33.711+0530] {subprocess.py:106} INFO - 26/01/29 19:37:33 INFO Executor: Finished task 0.0 in stage 44.0 (TID 34). 2998 bytes result sent to driver
[2026-01-29T19:37:33.711+0530] {subprocess.py:106} INFO - 26/01/29 19:37:33 INFO TaskSetManager: Finished task 0.0 in stage 44.0 (TID 34) in 12 ms on Aishwarya92848DBDA (executor driver) (1/1)
[2026-01-29T19:37:33.713+0530] {subprocess.py:106} INFO - 26/01/29 19:37:33 INFO TaskSchedulerImpl: Removed TaskSet 44.0, whose tasks have all completed, from pool
[2026-01-29T19:37:33.713+0530] {subprocess.py:106} INFO - 26/01/29 19:37:33 INFO DAGScheduler: ResultStage 44 (approxQuantile at NativeMethodAccessorImpl.java:0) finished in 0.020 s
[2026-01-29T19:37:33.714+0530] {subprocess.py:106} INFO - 26/01/29 19:37:33 INFO DAGScheduler: Job 34 is finished. Cancelling potential speculative or zombie tasks for this job
[2026-01-29T19:37:33.714+0530] {subprocess.py:106} INFO - 26/01/29 19:37:33 INFO TaskSchedulerImpl: Killing all running tasks in stage 44: Stage finished
[2026-01-29T19:37:33.714+0530] {subprocess.py:106} INFO - 26/01/29 19:37:33 INFO DAGScheduler: Job 34 finished: approxQuantile at NativeMethodAccessorImpl.java:0, took 0.021871 s
[2026-01-29T19:37:33.788+0530] {subprocess.py:106} INFO - 26/01/29 19:37:33 INFO FileSourceStrategy: Pushed Filters:
[2026-01-29T19:37:33.789+0530] {subprocess.py:106} INFO - 26/01/29 19:37:33 INFO FileSourceStrategy: Post-Scan Filters:
[2026-01-29T19:37:33.790+0530] {subprocess.py:106} INFO - 26/01/29 19:37:33 INFO MemoryStore: Block broadcast_60 stored as values in memory (estimated size 350.2 KiB, free 363.9 MiB)
[2026-01-29T19:37:33.796+0530] {subprocess.py:106} INFO - 26/01/29 19:37:33 INFO MemoryStore: Block broadcast_60_piece0 stored as bytes in memory (estimated size 34.3 KiB, free 363.9 MiB)
[2026-01-29T19:37:33.797+0530] {subprocess.py:106} INFO - 26/01/29 19:37:33 INFO BlockManagerInfo: Added broadcast_60_piece0 in memory on Aishwarya92848DBDA:44583 (size: 34.3 KiB, free: 366.1 MiB)
[2026-01-29T19:37:33.797+0530] {subprocess.py:106} INFO - 26/01/29 19:37:33 INFO SparkContext: Created broadcast 60 from approxQuantile at NativeMethodAccessorImpl.java:0
[2026-01-29T19:37:33.798+0530] {subprocess.py:106} INFO - 26/01/29 19:37:33 INFO FileSourceScanExec: Planning scan with bin packing, max size: 4194304 bytes, open cost is considered as scanning 4194304 bytes.
[2026-01-29T19:37:33.808+0530] {subprocess.py:106} INFO - 26/01/29 19:37:33 INFO SparkContext: Starting job: approxQuantile at NativeMethodAccessorImpl.java:0
[2026-01-29T19:37:33.808+0530] {subprocess.py:106} INFO - 26/01/29 19:37:33 INFO DAGScheduler: Got job 35 (approxQuantile at NativeMethodAccessorImpl.java:0) with 1 output partitions
[2026-01-29T19:37:33.808+0530] {subprocess.py:106} INFO - 26/01/29 19:37:33 INFO DAGScheduler: Final stage: ResultStage 45 (approxQuantile at NativeMethodAccessorImpl.java:0)
[2026-01-29T19:37:33.809+0530] {subprocess.py:106} INFO - 26/01/29 19:37:33 INFO DAGScheduler: Parents of final stage: List()
[2026-01-29T19:37:33.809+0530] {subprocess.py:106} INFO - 26/01/29 19:37:33 INFO DAGScheduler: Missing parents: List()
[2026-01-29T19:37:33.809+0530] {subprocess.py:106} INFO - 26/01/29 19:37:33 INFO DAGScheduler: Submitting ResultStage 45 (MapPartitionsRDD[161] at approxQuantile at NativeMethodAccessorImpl.java:0), which has no missing parents
[2026-01-29T19:37:33.811+0530] {subprocess.py:106} INFO - 26/01/29 19:37:33 INFO MemoryStore: Block broadcast_61 stored as values in memory (estimated size 20.0 KiB, free 363.9 MiB)
[2026-01-29T19:37:33.812+0530] {subprocess.py:106} INFO - 26/01/29 19:37:33 INFO MemoryStore: Block broadcast_61_piece0 stored as bytes in memory (estimated size 9.5 KiB, free 363.9 MiB)
[2026-01-29T19:37:33.813+0530] {subprocess.py:106} INFO - 26/01/29 19:37:33 INFO BlockManagerInfo: Added broadcast_61_piece0 in memory on Aishwarya92848DBDA:44583 (size: 9.5 KiB, free: 366.0 MiB)
[2026-01-29T19:37:33.813+0530] {subprocess.py:106} INFO - 26/01/29 19:37:33 INFO SparkContext: Created broadcast 61 from broadcast at DAGScheduler.scala:1585
[2026-01-29T19:37:33.813+0530] {subprocess.py:106} INFO - 26/01/29 19:37:33 INFO DAGScheduler: Submitting 1 missing tasks from ResultStage 45 (MapPartitionsRDD[161] at approxQuantile at NativeMethodAccessorImpl.java:0) (first 15 tasks are for partitions Vector(0))
[2026-01-29T19:37:33.813+0530] {subprocess.py:106} INFO - 26/01/29 19:37:33 INFO TaskSchedulerImpl: Adding task set 45.0 with 1 tasks resource profile 0
[2026-01-29T19:37:33.814+0530] {subprocess.py:106} INFO - 26/01/29 19:37:33 INFO TaskSetManager: Starting task 0.0 in stage 45.0 (TID 35) (Aishwarya92848DBDA, executor driver, partition 0, NODE_LOCAL, 8241 bytes)
[2026-01-29T19:37:33.815+0530] {subprocess.py:106} INFO - 26/01/29 19:37:33 INFO Executor: Running task 0.0 in stage 45.0 (TID 35)
[2026-01-29T19:37:33.819+0530] {subprocess.py:106} INFO - 26/01/29 19:37:33 INFO FileScanRDD: Reading File path: hdfs://localhost:9000/weather/data/raw_data/weather_dataset.csv, range: 0-2463, partition values: [empty row]
[2026-01-29T19:37:33.828+0530] {subprocess.py:106} INFO - 26/01/29 19:37:33 INFO Executor: Finished task 0.0 in stage 45.0 (TID 35). 2998 bytes result sent to driver
[2026-01-29T19:37:33.829+0530] {subprocess.py:106} INFO - 26/01/29 19:37:33 INFO TaskSetManager: Finished task 0.0 in stage 45.0 (TID 35) in 14 ms on Aishwarya92848DBDA (executor driver) (1/1)
[2026-01-29T19:37:33.829+0530] {subprocess.py:106} INFO - 26/01/29 19:37:33 INFO TaskSchedulerImpl: Removed TaskSet 45.0, whose tasks have all completed, from pool
[2026-01-29T19:37:33.830+0530] {subprocess.py:106} INFO - 26/01/29 19:37:33 INFO DAGScheduler: ResultStage 45 (approxQuantile at NativeMethodAccessorImpl.java:0) finished in 0.020 s
[2026-01-29T19:37:33.831+0530] {subprocess.py:106} INFO - 26/01/29 19:37:33 INFO DAGScheduler: Job 35 is finished. Cancelling potential speculative or zombie tasks for this job
[2026-01-29T19:37:33.831+0530] {subprocess.py:106} INFO - 26/01/29 19:37:33 INFO TaskSchedulerImpl: Killing all running tasks in stage 45: Stage finished
[2026-01-29T19:37:33.831+0530] {subprocess.py:106} INFO - 26/01/29 19:37:33 INFO DAGScheduler: Job 35 finished: approxQuantile at NativeMethodAccessorImpl.java:0, took 0.022115 s
[2026-01-29T19:37:33.906+0530] {subprocess.py:106} INFO - 26/01/29 19:37:33 INFO FileSourceStrategy: Pushed Filters:
[2026-01-29T19:37:33.906+0530] {subprocess.py:106} INFO - 26/01/29 19:37:33 INFO FileSourceStrategy: Post-Scan Filters:
[2026-01-29T19:37:33.908+0530] {subprocess.py:106} INFO - 26/01/29 19:37:33 INFO MemoryStore: Block broadcast_62 stored as values in memory (estimated size 350.2 KiB, free 363.5 MiB)
[2026-01-29T19:37:33.914+0530] {subprocess.py:106} INFO - 26/01/29 19:37:33 INFO MemoryStore: Block broadcast_62_piece0 stored as bytes in memory (estimated size 34.3 KiB, free 363.5 MiB)
[2026-01-29T19:37:33.914+0530] {subprocess.py:106} INFO - 26/01/29 19:37:33 INFO BlockManagerInfo: Added broadcast_62_piece0 in memory on Aishwarya92848DBDA:44583 (size: 34.3 KiB, free: 366.0 MiB)
[2026-01-29T19:37:33.915+0530] {subprocess.py:106} INFO - 26/01/29 19:37:33 INFO SparkContext: Created broadcast 62 from approxQuantile at NativeMethodAccessorImpl.java:0
[2026-01-29T19:37:33.915+0530] {subprocess.py:106} INFO - 26/01/29 19:37:33 INFO FileSourceScanExec: Planning scan with bin packing, max size: 4194304 bytes, open cost is considered as scanning 4194304 bytes.
[2026-01-29T19:37:33.924+0530] {subprocess.py:106} INFO - 26/01/29 19:37:33 INFO SparkContext: Starting job: approxQuantile at NativeMethodAccessorImpl.java:0
[2026-01-29T19:37:33.925+0530] {subprocess.py:106} INFO - 26/01/29 19:37:33 INFO DAGScheduler: Got job 36 (approxQuantile at NativeMethodAccessorImpl.java:0) with 1 output partitions
[2026-01-29T19:37:33.925+0530] {subprocess.py:106} INFO - 26/01/29 19:37:33 INFO DAGScheduler: Final stage: ResultStage 46 (approxQuantile at NativeMethodAccessorImpl.java:0)
[2026-01-29T19:37:33.926+0530] {subprocess.py:106} INFO - 26/01/29 19:37:33 INFO DAGScheduler: Parents of final stage: List()
[2026-01-29T19:37:33.926+0530] {subprocess.py:106} INFO - 26/01/29 19:37:33 INFO DAGScheduler: Missing parents: List()
[2026-01-29T19:37:33.926+0530] {subprocess.py:106} INFO - 26/01/29 19:37:33 INFO DAGScheduler: Submitting ResultStage 46 (MapPartitionsRDD[167] at approxQuantile at NativeMethodAccessorImpl.java:0), which has no missing parents
[2026-01-29T19:37:33.942+0530] {subprocess.py:106} INFO - 26/01/29 19:37:33 INFO MemoryStore: Block broadcast_63 stored as values in memory (estimated size 20.0 KiB, free 363.5 MiB)
[2026-01-29T19:37:33.944+0530] {subprocess.py:106} INFO - 26/01/29 19:37:33 INFO MemoryStore: Block broadcast_63_piece0 stored as bytes in memory (estimated size 9.5 KiB, free 363.5 MiB)
[2026-01-29T19:37:33.945+0530] {subprocess.py:106} INFO - 26/01/29 19:37:33 INFO BlockManagerInfo: Removed broadcast_55_piece0 on Aishwarya92848DBDA:44583 in memory (size: 9.5 KiB, free: 366.0 MiB)
[2026-01-29T19:37:33.945+0530] {subprocess.py:106} INFO - 26/01/29 19:37:33 INFO BlockManagerInfo: Added broadcast_63_piece0 in memory on Aishwarya92848DBDA:44583 (size: 9.5 KiB, free: 366.0 MiB)
[2026-01-29T19:37:33.945+0530] {subprocess.py:106} INFO - 26/01/29 19:37:33 INFO SparkContext: Created broadcast 63 from broadcast at DAGScheduler.scala:1585
[2026-01-29T19:37:33.945+0530] {subprocess.py:106} INFO - 26/01/29 19:37:33 INFO DAGScheduler: Submitting 1 missing tasks from ResultStage 46 (MapPartitionsRDD[167] at approxQuantile at NativeMethodAccessorImpl.java:0) (first 15 tasks are for partitions Vector(0))
[2026-01-29T19:37:33.945+0530] {subprocess.py:106} INFO - 26/01/29 19:37:33 INFO TaskSchedulerImpl: Adding task set 46.0 with 1 tasks resource profile 0
[2026-01-29T19:37:33.946+0530] {subprocess.py:106} INFO - 26/01/29 19:37:33 INFO BlockManagerInfo: Removed broadcast_52_piece0 on Aishwarya92848DBDA:44583 in memory (size: 34.3 KiB, free: 366.0 MiB)
[2026-01-29T19:37:33.947+0530] {subprocess.py:106} INFO - 26/01/29 19:37:33 INFO TaskSetManager: Starting task 0.0 in stage 46.0 (TID 36) (Aishwarya92848DBDA, executor driver, partition 0, NODE_LOCAL, 8241 bytes)
[2026-01-29T19:37:33.948+0530] {subprocess.py:106} INFO - 26/01/29 19:37:33 INFO Executor: Running task 0.0 in stage 46.0 (TID 36)
[2026-01-29T19:37:33.948+0530] {subprocess.py:106} INFO - 26/01/29 19:37:33 INFO BlockManagerInfo: Removed broadcast_53_piece0 on Aishwarya92848DBDA:44583 in memory (size: 8.7 KiB, free: 366.1 MiB)
[2026-01-29T19:37:33.949+0530] {subprocess.py:106} INFO - 26/01/29 19:37:33 INFO BlockManagerInfo: Removed broadcast_60_piece0 on Aishwarya92848DBDA:44583 in memory (size: 34.3 KiB, free: 366.1 MiB)
[2026-01-29T19:37:33.952+0530] {subprocess.py:106} INFO - 26/01/29 19:37:33 INFO BlockManagerInfo: Removed broadcast_56_piece0 on Aishwarya92848DBDA:44583 in memory (size: 34.3 KiB, free: 366.1 MiB)
[2026-01-29T19:37:33.953+0530] {subprocess.py:106} INFO - 26/01/29 19:37:33 INFO BlockManagerInfo: Removed broadcast_51_piece0 on Aishwarya92848DBDA:44583 in memory (size: 9.5 KiB, free: 366.1 MiB)
[2026-01-29T19:37:33.953+0530] {subprocess.py:106} INFO - 26/01/29 19:37:33 INFO FileScanRDD: Reading File path: hdfs://localhost:9000/weather/data/raw_data/weather_dataset.csv, range: 0-2463, partition values: [empty row]
[2026-01-29T19:37:33.954+0530] {subprocess.py:106} INFO - 26/01/29 19:37:33 INFO BlockManagerInfo: Removed broadcast_58_piece0 on Aishwarya92848DBDA:44583 in memory (size: 34.3 KiB, free: 366.2 MiB)
[2026-01-29T19:37:33.955+0530] {subprocess.py:106} INFO - 26/01/29 19:37:33 INFO BlockManagerInfo: Removed broadcast_54_piece0 on Aishwarya92848DBDA:44583 in memory (size: 34.3 KiB, free: 366.2 MiB)
[2026-01-29T19:37:33.957+0530] {subprocess.py:106} INFO - 26/01/29 19:37:33 INFO BlockManagerInfo: Removed broadcast_50_piece0 on Aishwarya92848DBDA:44583 in memory (size: 34.3 KiB, free: 366.2 MiB)
[2026-01-29T19:37:33.958+0530] {subprocess.py:106} INFO - 26/01/29 19:37:33 INFO BlockManagerInfo: Removed broadcast_57_piece0 on Aishwarya92848DBDA:44583 in memory (size: 9.5 KiB, free: 366.2 MiB)
[2026-01-29T19:37:33.960+0530] {subprocess.py:106} INFO - 26/01/29 19:37:33 INFO BlockManagerInfo: Removed broadcast_61_piece0 on Aishwarya92848DBDA:44583 in memory (size: 9.5 KiB, free: 366.2 MiB)
[2026-01-29T19:37:33.961+0530] {subprocess.py:106} INFO - 26/01/29 19:37:33 INFO BlockManagerInfo: Removed broadcast_59_piece0 on Aishwarya92848DBDA:44583 in memory (size: 9.5 KiB, free: 366.3 MiB)
[2026-01-29T19:37:33.963+0530] {subprocess.py:106} INFO - 26/01/29 19:37:33 INFO Executor: Finished task 0.0 in stage 46.0 (TID 36). 2998 bytes result sent to driver
[2026-01-29T19:37:33.963+0530] {subprocess.py:106} INFO - 26/01/29 19:37:33 INFO TaskSetManager: Finished task 0.0 in stage 46.0 (TID 36) in 17 ms on Aishwarya92848DBDA (executor driver) (1/1)
[2026-01-29T19:37:33.964+0530] {subprocess.py:106} INFO - 26/01/29 19:37:33 INFO TaskSchedulerImpl: Removed TaskSet 46.0, whose tasks have all completed, from pool
[2026-01-29T19:37:33.964+0530] {subprocess.py:106} INFO - 26/01/29 19:37:33 INFO DAGScheduler: ResultStage 46 (approxQuantile at NativeMethodAccessorImpl.java:0) finished in 0.024 s
[2026-01-29T19:37:33.964+0530] {subprocess.py:106} INFO - 26/01/29 19:37:33 INFO DAGScheduler: Job 36 is finished. Cancelling potential speculative or zombie tasks for this job
[2026-01-29T19:37:33.964+0530] {subprocess.py:106} INFO - 26/01/29 19:37:33 INFO TaskSchedulerImpl: Killing all running tasks in stage 46: Stage finished
[2026-01-29T19:37:33.964+0530] {subprocess.py:106} INFO - 26/01/29 19:37:33 INFO DAGScheduler: Job 36 finished: approxQuantile at NativeMethodAccessorImpl.java:0, took 0.040403 s
[2026-01-29T19:37:34.051+0530] {subprocess.py:106} INFO - 26/01/29 19:37:34 INFO FileSourceStrategy: Pushed Filters:
[2026-01-29T19:37:34.053+0530] {subprocess.py:106} INFO - 26/01/29 19:37:34 INFO FileSourceStrategy: Post-Scan Filters:
[2026-01-29T19:37:34.054+0530] {subprocess.py:106} INFO - 26/01/29 19:37:34 INFO MemoryStore: Block broadcast_64 stored as values in memory (estimated size 350.2 KiB, free 365.6 MiB)
[2026-01-29T19:37:34.060+0530] {subprocess.py:106} INFO - 26/01/29 19:37:34 INFO MemoryStore: Block broadcast_64_piece0 stored as bytes in memory (estimated size 34.3 KiB, free 365.5 MiB)
[2026-01-29T19:37:34.060+0530] {subprocess.py:106} INFO - 26/01/29 19:37:34 INFO BlockManagerInfo: Added broadcast_64_piece0 in memory on Aishwarya92848DBDA:44583 (size: 34.3 KiB, free: 366.2 MiB)
[2026-01-29T19:37:34.061+0530] {subprocess.py:106} INFO - 26/01/29 19:37:34 INFO SparkContext: Created broadcast 64 from approxQuantile at NativeMethodAccessorImpl.java:0
[2026-01-29T19:37:34.061+0530] {subprocess.py:106} INFO - 26/01/29 19:37:34 INFO FileSourceScanExec: Planning scan with bin packing, max size: 4194304 bytes, open cost is considered as scanning 4194304 bytes.
[2026-01-29T19:37:34.071+0530] {subprocess.py:106} INFO - 26/01/29 19:37:34 INFO SparkContext: Starting job: approxQuantile at NativeMethodAccessorImpl.java:0
[2026-01-29T19:37:34.072+0530] {subprocess.py:106} INFO - 26/01/29 19:37:34 INFO DAGScheduler: Got job 37 (approxQuantile at NativeMethodAccessorImpl.java:0) with 1 output partitions
[2026-01-29T19:37:34.072+0530] {subprocess.py:106} INFO - 26/01/29 19:37:34 INFO DAGScheduler: Final stage: ResultStage 47 (approxQuantile at NativeMethodAccessorImpl.java:0)
[2026-01-29T19:37:34.072+0530] {subprocess.py:106} INFO - 26/01/29 19:37:34 INFO DAGScheduler: Parents of final stage: List()
[2026-01-29T19:37:34.072+0530] {subprocess.py:106} INFO - 26/01/29 19:37:34 INFO DAGScheduler: Missing parents: List()
[2026-01-29T19:37:34.073+0530] {subprocess.py:106} INFO - 26/01/29 19:37:34 INFO DAGScheduler: Submitting ResultStage 47 (MapPartitionsRDD[173] at approxQuantile at NativeMethodAccessorImpl.java:0), which has no missing parents
[2026-01-29T19:37:34.076+0530] {subprocess.py:106} INFO - 26/01/29 19:37:34 INFO MemoryStore: Block broadcast_65 stored as values in memory (estimated size 20.0 KiB, free 365.5 MiB)
[2026-01-29T19:37:34.077+0530] {subprocess.py:106} INFO - 26/01/29 19:37:34 INFO MemoryStore: Block broadcast_65_piece0 stored as bytes in memory (estimated size 9.5 KiB, free 365.5 MiB)
[2026-01-29T19:37:34.077+0530] {subprocess.py:106} INFO - 26/01/29 19:37:34 INFO BlockManagerInfo: Added broadcast_65_piece0 in memory on Aishwarya92848DBDA:44583 (size: 9.5 KiB, free: 366.2 MiB)
[2026-01-29T19:37:34.078+0530] {subprocess.py:106} INFO - 26/01/29 19:37:34 INFO SparkContext: Created broadcast 65 from broadcast at DAGScheduler.scala:1585
[2026-01-29T19:37:34.078+0530] {subprocess.py:106} INFO - 26/01/29 19:37:34 INFO DAGScheduler: Submitting 1 missing tasks from ResultStage 47 (MapPartitionsRDD[173] at approxQuantile at NativeMethodAccessorImpl.java:0) (first 15 tasks are for partitions Vector(0))
[2026-01-29T19:37:34.079+0530] {subprocess.py:106} INFO - 26/01/29 19:37:34 INFO TaskSchedulerImpl: Adding task set 47.0 with 1 tasks resource profile 0
[2026-01-29T19:37:34.079+0530] {subprocess.py:106} INFO - 26/01/29 19:37:34 INFO TaskSetManager: Starting task 0.0 in stage 47.0 (TID 37) (Aishwarya92848DBDA, executor driver, partition 0, NODE_LOCAL, 8241 bytes)
[2026-01-29T19:37:34.080+0530] {subprocess.py:106} INFO - 26/01/29 19:37:34 INFO Executor: Running task 0.0 in stage 47.0 (TID 37)
[2026-01-29T19:37:34.084+0530] {subprocess.py:106} INFO - 26/01/29 19:37:34 INFO FileScanRDD: Reading File path: hdfs://localhost:9000/weather/data/raw_data/weather_dataset.csv, range: 0-2463, partition values: [empty row]
[2026-01-29T19:37:34.091+0530] {subprocess.py:106} INFO - 26/01/29 19:37:34 INFO Executor: Finished task 0.0 in stage 47.0 (TID 37). 2998 bytes result sent to driver
[2026-01-29T19:37:34.091+0530] {subprocess.py:106} INFO - 26/01/29 19:37:34 INFO TaskSetManager: Finished task 0.0 in stage 47.0 (TID 37) in 12 ms on Aishwarya92848DBDA (executor driver) (1/1)
[2026-01-29T19:37:34.092+0530] {subprocess.py:106} INFO - 26/01/29 19:37:34 INFO TaskSchedulerImpl: Removed TaskSet 47.0, whose tasks have all completed, from pool
[2026-01-29T19:37:34.092+0530] {subprocess.py:106} INFO - 26/01/29 19:37:34 INFO DAGScheduler: ResultStage 47 (approxQuantile at NativeMethodAccessorImpl.java:0) finished in 0.019 s
[2026-01-29T19:37:34.092+0530] {subprocess.py:106} INFO - 26/01/29 19:37:34 INFO DAGScheduler: Job 37 is finished. Cancelling potential speculative or zombie tasks for this job
[2026-01-29T19:37:34.092+0530] {subprocess.py:106} INFO - 26/01/29 19:37:34 INFO TaskSchedulerImpl: Killing all running tasks in stage 47: Stage finished
[2026-01-29T19:37:34.093+0530] {subprocess.py:106} INFO - 26/01/29 19:37:34 INFO DAGScheduler: Job 37 finished: approxQuantile at NativeMethodAccessorImpl.java:0, took 0.021491 s
[2026-01-29T19:37:34.198+0530] {subprocess.py:106} INFO - 26/01/29 19:37:34 INFO FileSourceStrategy: Pushed Filters:
[2026-01-29T19:37:34.198+0530] {subprocess.py:106} INFO - 26/01/29 19:37:34 INFO FileSourceStrategy: Post-Scan Filters:
[2026-01-29T19:37:34.210+0530] {subprocess.py:106} INFO - 26/01/29 19:37:34 INFO CodeGenerator: Code generated in 6.542833 ms
[2026-01-29T19:37:34.212+0530] {subprocess.py:106} INFO - 26/01/29 19:37:34 INFO MemoryStore: Block broadcast_66 stored as values in memory (estimated size 350.2 KiB, free 365.1 MiB)
[2026-01-29T19:37:34.217+0530] {subprocess.py:106} INFO - 26/01/29 19:37:34 INFO MemoryStore: Block broadcast_66_piece0 stored as bytes in memory (estimated size 34.3 KiB, free 365.1 MiB)
[2026-01-29T19:37:34.218+0530] {subprocess.py:106} INFO - 26/01/29 19:37:34 INFO BlockManagerInfo: Added broadcast_66_piece0 in memory on Aishwarya92848DBDA:44583 (size: 34.3 KiB, free: 366.2 MiB)
[2026-01-29T19:37:34.218+0530] {subprocess.py:106} INFO - 26/01/29 19:37:34 INFO SparkContext: Created broadcast 66 from approxQuantile at NativeMethodAccessorImpl.java:0
[2026-01-29T19:37:34.218+0530] {subprocess.py:106} INFO - 26/01/29 19:37:34 INFO FileSourceScanExec: Planning scan with bin packing, max size: 4194304 bytes, open cost is considered as scanning 4194304 bytes.
[2026-01-29T19:37:34.229+0530] {subprocess.py:106} INFO - 26/01/29 19:37:34 INFO SparkContext: Starting job: approxQuantile at NativeMethodAccessorImpl.java:0
[2026-01-29T19:37:34.229+0530] {subprocess.py:106} INFO - 26/01/29 19:37:34 INFO DAGScheduler: Got job 38 (approxQuantile at NativeMethodAccessorImpl.java:0) with 1 output partitions
[2026-01-29T19:37:34.230+0530] {subprocess.py:106} INFO - 26/01/29 19:37:34 INFO DAGScheduler: Final stage: ResultStage 48 (approxQuantile at NativeMethodAccessorImpl.java:0)
[2026-01-29T19:37:34.230+0530] {subprocess.py:106} INFO - 26/01/29 19:37:34 INFO DAGScheduler: Parents of final stage: List()
[2026-01-29T19:37:34.230+0530] {subprocess.py:106} INFO - 26/01/29 19:37:34 INFO DAGScheduler: Missing parents: List()
[2026-01-29T19:37:34.230+0530] {subprocess.py:106} INFO - 26/01/29 19:37:34 INFO DAGScheduler: Submitting ResultStage 48 (MapPartitionsRDD[180] at approxQuantile at NativeMethodAccessorImpl.java:0), which has no missing parents
[2026-01-29T19:37:34.244+0530] {subprocess.py:106} INFO - 26/01/29 19:37:34 INFO MemoryStore: Block broadcast_67 stored as values in memory (estimated size 32.8 KiB, free 365.1 MiB)
[2026-01-29T19:37:34.245+0530] {subprocess.py:106} INFO - 26/01/29 19:37:34 INFO MemoryStore: Block broadcast_67_piece0 stored as bytes in memory (estimated size 15.2 KiB, free 365.1 MiB)
[2026-01-29T19:37:34.245+0530] {subprocess.py:106} INFO - 26/01/29 19:37:34 INFO BlockManagerInfo: Added broadcast_67_piece0 in memory on Aishwarya92848DBDA:44583 (size: 15.2 KiB, free: 366.2 MiB)
[2026-01-29T19:37:34.246+0530] {subprocess.py:106} INFO - 26/01/29 19:37:34 INFO SparkContext: Created broadcast 67 from broadcast at DAGScheduler.scala:1585
[2026-01-29T19:37:34.246+0530] {subprocess.py:106} INFO - 26/01/29 19:37:34 INFO DAGScheduler: Submitting 1 missing tasks from ResultStage 48 (MapPartitionsRDD[180] at approxQuantile at NativeMethodAccessorImpl.java:0) (first 15 tasks are for partitions Vector(0))
[2026-01-29T19:37:34.246+0530] {subprocess.py:106} INFO - 26/01/29 19:37:34 INFO TaskSchedulerImpl: Adding task set 48.0 with 1 tasks resource profile 0
[2026-01-29T19:37:34.247+0530] {subprocess.py:106} INFO - 26/01/29 19:37:34 INFO TaskSetManager: Starting task 0.0 in stage 48.0 (TID 38) (Aishwarya92848DBDA, executor driver, partition 0, NODE_LOCAL, 8241 bytes)
[2026-01-29T19:37:34.248+0530] {subprocess.py:106} INFO - 26/01/29 19:37:34 INFO Executor: Running task 0.0 in stage 48.0 (TID 38)
[2026-01-29T19:37:34.256+0530] {subprocess.py:106} INFO - 26/01/29 19:37:34 INFO CodeGenerator: Code generated in 6.255474 ms
[2026-01-29T19:37:34.259+0530] {subprocess.py:106} INFO - 26/01/29 19:37:34 INFO FileScanRDD: Reading File path: hdfs://localhost:9000/weather/data/raw_data/weather_dataset.csv, range: 0-2463, partition values: [empty row]
[2026-01-29T19:37:34.266+0530] {subprocess.py:106} INFO - 26/01/29 19:37:34 INFO Executor: Finished task 0.0 in stage 48.0 (TID 38). 3066 bytes result sent to driver
[2026-01-29T19:37:34.266+0530] {subprocess.py:106} INFO - 26/01/29 19:37:34 INFO TaskSetManager: Finished task 0.0 in stage 48.0 (TID 38) in 19 ms on Aishwarya92848DBDA (executor driver) (1/1)
[2026-01-29T19:37:34.267+0530] {subprocess.py:106} INFO - 26/01/29 19:37:34 INFO TaskSchedulerImpl: Removed TaskSet 48.0, whose tasks have all completed, from pool
[2026-01-29T19:37:34.267+0530] {subprocess.py:106} INFO - 26/01/29 19:37:34 INFO DAGScheduler: ResultStage 48 (approxQuantile at NativeMethodAccessorImpl.java:0) finished in 0.037 s
[2026-01-29T19:37:34.267+0530] {subprocess.py:106} INFO - 26/01/29 19:37:34 INFO DAGScheduler: Job 38 is finished. Cancelling potential speculative or zombie tasks for this job
[2026-01-29T19:37:34.267+0530] {subprocess.py:106} INFO - 26/01/29 19:37:34 INFO TaskSchedulerImpl: Killing all running tasks in stage 48: Stage finished
[2026-01-29T19:37:34.268+0530] {subprocess.py:106} INFO - 26/01/29 19:37:34 INFO DAGScheduler: Job 38 finished: approxQuantile at NativeMethodAccessorImpl.java:0, took 0.039075 s
[2026-01-29T19:37:34.341+0530] {subprocess.py:106} INFO - 26/01/29 19:37:34 INFO FileSourceStrategy: Pushed Filters:
[2026-01-29T19:37:34.342+0530] {subprocess.py:106} INFO - 26/01/29 19:37:34 INFO FileSourceStrategy: Post-Scan Filters: (CASE WHEN (temperature_2m_max#19 < 9.199999999999998) THEN false WHEN (temperature_2m_max#19 > 40.4) THEN false ELSE (temperature_2m_max#19 < 9.199999999999998) END OR CASE WHEN (temperature_2m_max#19 < 9.199999999999998) THEN false WHEN (temperature_2m_max#19 > 40.4) THEN false ELSE (temperature_2m_max#19 > 40.4) END)
[2026-01-29T19:37:34.364+0530] {subprocess.py:106} INFO - 26/01/29 19:37:34 INFO CodeGenerator: Code generated in 11.77017 ms
[2026-01-29T19:37:34.366+0530] {subprocess.py:106} INFO - 26/01/29 19:37:34 INFO MemoryStore: Block broadcast_68 stored as values in memory (estimated size 350.2 KiB, free 364.7 MiB)
[2026-01-29T19:37:34.372+0530] {subprocess.py:106} INFO - 26/01/29 19:37:34 INFO MemoryStore: Block broadcast_68_piece0 stored as bytes in memory (estimated size 34.3 KiB, free 364.7 MiB)
[2026-01-29T19:37:34.373+0530] {subprocess.py:106} INFO - 26/01/29 19:37:34 INFO BlockManagerInfo: Added broadcast_68_piece0 in memory on Aishwarya92848DBDA:44583 (size: 34.3 KiB, free: 366.1 MiB)
[2026-01-29T19:37:34.373+0530] {subprocess.py:106} INFO - 26/01/29 19:37:34 INFO SparkContext: Created broadcast 68 from count at NativeMethodAccessorImpl.java:0
[2026-01-29T19:37:34.375+0530] {subprocess.py:106} INFO - 26/01/29 19:37:34 INFO FileSourceScanExec: Planning scan with bin packing, max size: 4194304 bytes, open cost is considered as scanning 4194304 bytes.
[2026-01-29T19:37:34.378+0530] {subprocess.py:106} INFO - 26/01/29 19:37:34 INFO DAGScheduler: Registering RDD 184 (count at NativeMethodAccessorImpl.java:0) as input to shuffle 10
[2026-01-29T19:37:34.379+0530] {subprocess.py:106} INFO - 26/01/29 19:37:34 INFO DAGScheduler: Got map stage job 39 (count at NativeMethodAccessorImpl.java:0) with 1 output partitions
[2026-01-29T19:37:34.379+0530] {subprocess.py:106} INFO - 26/01/29 19:37:34 INFO DAGScheduler: Final stage: ShuffleMapStage 49 (count at NativeMethodAccessorImpl.java:0)
[2026-01-29T19:37:34.379+0530] {subprocess.py:106} INFO - 26/01/29 19:37:34 INFO DAGScheduler: Parents of final stage: List()
[2026-01-29T19:37:34.379+0530] {subprocess.py:106} INFO - 26/01/29 19:37:34 INFO DAGScheduler: Missing parents: List()
[2026-01-29T19:37:34.379+0530] {subprocess.py:106} INFO - 26/01/29 19:37:34 INFO DAGScheduler: Submitting ShuffleMapStage 49 (MapPartitionsRDD[184] at count at NativeMethodAccessorImpl.java:0), which has no missing parents
[2026-01-29T19:37:34.381+0530] {subprocess.py:106} INFO - 26/01/29 19:37:34 INFO MemoryStore: Block broadcast_69 stored as values in memory (estimated size 22.1 KiB, free 364.7 MiB)
[2026-01-29T19:37:34.382+0530] {subprocess.py:106} INFO - 26/01/29 19:37:34 INFO MemoryStore: Block broadcast_69_piece0 stored as bytes in memory (estimated size 10.0 KiB, free 364.7 MiB)
[2026-01-29T19:37:34.383+0530] {subprocess.py:106} INFO - 26/01/29 19:37:34 INFO BlockManagerInfo: Added broadcast_69_piece0 in memory on Aishwarya92848DBDA:44583 (size: 10.0 KiB, free: 366.1 MiB)
[2026-01-29T19:37:34.383+0530] {subprocess.py:106} INFO - 26/01/29 19:37:34 INFO SparkContext: Created broadcast 69 from broadcast at DAGScheduler.scala:1585
[2026-01-29T19:37:34.386+0530] {subprocess.py:106} INFO - 26/01/29 19:37:34 INFO DAGScheduler: Submitting 1 missing tasks from ShuffleMapStage 49 (MapPartitionsRDD[184] at count at NativeMethodAccessorImpl.java:0) (first 15 tasks are for partitions Vector(0))
[2026-01-29T19:37:34.386+0530] {subprocess.py:106} INFO - 26/01/29 19:37:34 INFO TaskSchedulerImpl: Adding task set 49.0 with 1 tasks resource profile 0
[2026-01-29T19:37:34.387+0530] {subprocess.py:106} INFO - 26/01/29 19:37:34 INFO TaskSetManager: Starting task 0.0 in stage 49.0 (TID 39) (Aishwarya92848DBDA, executor driver, partition 0, NODE_LOCAL, 8230 bytes)
[2026-01-29T19:37:34.388+0530] {subprocess.py:106} INFO - 26/01/29 19:37:34 INFO Executor: Running task 0.0 in stage 49.0 (TID 39)
[2026-01-29T19:37:34.405+0530] {subprocess.py:106} INFO - 26/01/29 19:37:34 INFO CodeGenerator: Code generated in 14.38933 ms
[2026-01-29T19:37:34.407+0530] {subprocess.py:106} INFO - 26/01/29 19:37:34 INFO FileScanRDD: Reading File path: hdfs://localhost:9000/weather/data/raw_data/weather_dataset.csv, range: 0-2463, partition values: [empty row]
[2026-01-29T19:37:34.416+0530] {subprocess.py:106} INFO - 26/01/29 19:37:34 INFO Executor: Finished task 0.0 in stage 49.0 (TID 39). 1990 bytes result sent to driver
[2026-01-29T19:37:34.419+0530] {subprocess.py:106} INFO - 26/01/29 19:37:34 INFO TaskSetManager: Finished task 0.0 in stage 49.0 (TID 39) in 32 ms on Aishwarya92848DBDA (executor driver) (1/1)
[2026-01-29T19:37:34.419+0530] {subprocess.py:106} INFO - 26/01/29 19:37:34 INFO TaskSchedulerImpl: Removed TaskSet 49.0, whose tasks have all completed, from pool
[2026-01-29T19:37:34.420+0530] {subprocess.py:106} INFO - 26/01/29 19:37:34 INFO DAGScheduler: ShuffleMapStage 49 (count at NativeMethodAccessorImpl.java:0) finished in 0.040 s
[2026-01-29T19:37:34.420+0530] {subprocess.py:106} INFO - 26/01/29 19:37:34 INFO DAGScheduler: looking for newly runnable stages
[2026-01-29T19:37:34.421+0530] {subprocess.py:106} INFO - 26/01/29 19:37:34 INFO DAGScheduler: running: Set()
[2026-01-29T19:37:34.421+0530] {subprocess.py:106} INFO - 26/01/29 19:37:34 INFO DAGScheduler: waiting: Set()
[2026-01-29T19:37:34.421+0530] {subprocess.py:106} INFO - 26/01/29 19:37:34 INFO DAGScheduler: failed: Set()
[2026-01-29T19:37:34.433+0530] {subprocess.py:106} INFO - 26/01/29 19:37:34 INFO SparkContext: Starting job: count at NativeMethodAccessorImpl.java:0
[2026-01-29T19:37:34.434+0530] {subprocess.py:106} INFO - 26/01/29 19:37:34 INFO DAGScheduler: Got job 40 (count at NativeMethodAccessorImpl.java:0) with 1 output partitions
[2026-01-29T19:37:34.434+0530] {subprocess.py:106} INFO - 26/01/29 19:37:34 INFO DAGScheduler: Final stage: ResultStage 51 (count at NativeMethodAccessorImpl.java:0)
[2026-01-29T19:37:34.435+0530] {subprocess.py:106} INFO - 26/01/29 19:37:34 INFO DAGScheduler: Parents of final stage: List(ShuffleMapStage 50)
[2026-01-29T19:37:34.435+0530] {subprocess.py:106} INFO - 26/01/29 19:37:34 INFO DAGScheduler: Missing parents: List()
[2026-01-29T19:37:34.435+0530] {subprocess.py:106} INFO - 26/01/29 19:37:34 INFO DAGScheduler: Submitting ResultStage 51 (MapPartitionsRDD[187] at count at NativeMethodAccessorImpl.java:0), which has no missing parents
[2026-01-29T19:37:34.436+0530] {subprocess.py:106} INFO - 26/01/29 19:37:34 INFO MemoryStore: Block broadcast_70 stored as values in memory (estimated size 12.5 KiB, free 364.7 MiB)
[2026-01-29T19:37:34.437+0530] {subprocess.py:106} INFO - 26/01/29 19:37:34 INFO MemoryStore: Block broadcast_70_piece0 stored as bytes in memory (estimated size 5.9 KiB, free 364.6 MiB)
[2026-01-29T19:37:34.438+0530] {subprocess.py:106} INFO - 26/01/29 19:37:34 INFO BlockManagerInfo: Added broadcast_70_piece0 in memory on Aishwarya92848DBDA:44583 (size: 5.9 KiB, free: 366.1 MiB)
[2026-01-29T19:37:34.438+0530] {subprocess.py:106} INFO - 26/01/29 19:37:34 INFO SparkContext: Created broadcast 70 from broadcast at DAGScheduler.scala:1585
[2026-01-29T19:37:34.438+0530] {subprocess.py:106} INFO - 26/01/29 19:37:34 INFO DAGScheduler: Submitting 1 missing tasks from ResultStage 51 (MapPartitionsRDD[187] at count at NativeMethodAccessorImpl.java:0) (first 15 tasks are for partitions Vector(0))
[2026-01-29T19:37:34.439+0530] {subprocess.py:106} INFO - 26/01/29 19:37:34 INFO TaskSchedulerImpl: Adding task set 51.0 with 1 tasks resource profile 0
[2026-01-29T19:37:34.440+0530] {subprocess.py:106} INFO - 26/01/29 19:37:34 INFO TaskSetManager: Starting task 0.0 in stage 51.0 (TID 40) (Aishwarya92848DBDA, executor driver, partition 0, NODE_LOCAL, 7615 bytes)
[2026-01-29T19:37:34.441+0530] {subprocess.py:106} INFO - 26/01/29 19:37:34 INFO Executor: Running task 0.0 in stage 51.0 (TID 40)
[2026-01-29T19:37:34.444+0530] {subprocess.py:106} INFO - 26/01/29 19:37:34 INFO ShuffleBlockFetcherIterator: Getting 1 (60.0 B) non-empty blocks including 1 (60.0 B) local and 0 (0.0 B) host-local and 0 (0.0 B) push-merged-local and 0 (0.0 B) remote blocks
[2026-01-29T19:37:34.444+0530] {subprocess.py:106} INFO - 26/01/29 19:37:34 INFO ShuffleBlockFetcherIterator: Started 0 remote fetches in 0 ms
[2026-01-29T19:37:34.446+0530] {subprocess.py:106} INFO - 26/01/29 19:37:34 INFO Executor: Finished task 0.0 in stage 51.0 (TID 40). 3988 bytes result sent to driver
[2026-01-29T19:37:34.447+0530] {subprocess.py:106} INFO - 26/01/29 19:37:34 INFO TaskSetManager: Finished task 0.0 in stage 51.0 (TID 40) in 7 ms on Aishwarya92848DBDA (executor driver) (1/1)
[2026-01-29T19:37:34.447+0530] {subprocess.py:106} INFO - 26/01/29 19:37:34 INFO TaskSchedulerImpl: Removed TaskSet 51.0, whose tasks have all completed, from pool
[2026-01-29T19:37:34.447+0530] {subprocess.py:106} INFO - 26/01/29 19:37:34 INFO DAGScheduler: ResultStage 51 (count at NativeMethodAccessorImpl.java:0) finished in 0.012 s
[2026-01-29T19:37:34.447+0530] {subprocess.py:106} INFO - 26/01/29 19:37:34 INFO DAGScheduler: Job 40 is finished. Cancelling potential speculative or zombie tasks for this job
[2026-01-29T19:37:34.448+0530] {subprocess.py:106} INFO - 26/01/29 19:37:34 INFO TaskSchedulerImpl: Killing all running tasks in stage 51: Stage finished
[2026-01-29T19:37:34.448+0530] {subprocess.py:106} INFO - 26/01/29 19:37:34 INFO DAGScheduler: Job 40 finished: count at NativeMethodAccessorImpl.java:0, took 0.014901 s
[2026-01-29T19:37:34.449+0530] {subprocess.py:106} INFO - temperature_2m_max: Outliers after handling = 0
[2026-01-29T19:37:34.474+0530] {subprocess.py:106} INFO - 26/01/29 19:37:34 INFO FileSourceStrategy: Pushed Filters:
[2026-01-29T19:37:34.474+0530] {subprocess.py:106} INFO - 26/01/29 19:37:34 INFO FileSourceStrategy: Post-Scan Filters:
[2026-01-29T19:37:34.485+0530] {subprocess.py:106} INFO - 26/01/29 19:37:34 INFO CodeGenerator: Code generated in 6.79748 ms
[2026-01-29T19:37:34.486+0530] {subprocess.py:106} INFO - 26/01/29 19:37:34 INFO MemoryStore: Block broadcast_71 stored as values in memory (estimated size 350.2 KiB, free 364.3 MiB)
[2026-01-29T19:37:34.492+0530] {subprocess.py:106} INFO - 26/01/29 19:37:34 INFO MemoryStore: Block broadcast_71_piece0 stored as bytes in memory (estimated size 34.3 KiB, free 364.3 MiB)
[2026-01-29T19:37:34.493+0530] {subprocess.py:106} INFO - 26/01/29 19:37:34 INFO BlockManagerInfo: Added broadcast_71_piece0 in memory on Aishwarya92848DBDA:44583 (size: 34.3 KiB, free: 366.1 MiB)
[2026-01-29T19:37:34.493+0530] {subprocess.py:106} INFO - 26/01/29 19:37:34 INFO SparkContext: Created broadcast 71 from approxQuantile at <unknown>:0
[2026-01-29T19:37:34.494+0530] {subprocess.py:106} INFO - 26/01/29 19:37:34 INFO FileSourceScanExec: Planning scan with bin packing, max size: 4194304 bytes, open cost is considered as scanning 4194304 bytes.
[2026-01-29T19:37:34.504+0530] {subprocess.py:106} INFO - 26/01/29 19:37:34 INFO SparkContext: Starting job: approxQuantile at <unknown>:0
[2026-01-29T19:37:34.505+0530] {subprocess.py:106} INFO - 26/01/29 19:37:34 INFO DAGScheduler: Got job 41 (approxQuantile at <unknown>:0) with 1 output partitions
[2026-01-29T19:37:34.506+0530] {subprocess.py:106} INFO - 26/01/29 19:37:34 INFO DAGScheduler: Final stage: ResultStage 52 (approxQuantile at <unknown>:0)
[2026-01-29T19:37:34.506+0530] {subprocess.py:106} INFO - 26/01/29 19:37:34 INFO DAGScheduler: Parents of final stage: List()
[2026-01-29T19:37:34.507+0530] {subprocess.py:106} INFO - 26/01/29 19:37:34 INFO DAGScheduler: Missing parents: List()
[2026-01-29T19:37:34.507+0530] {subprocess.py:106} INFO - 26/01/29 19:37:34 INFO DAGScheduler: Submitting ResultStage 52 (MapPartitionsRDD[194] at approxQuantile at <unknown>:0), which has no missing parents
[2026-01-29T19:37:34.512+0530] {subprocess.py:106} INFO - 26/01/29 19:37:34 INFO MemoryStore: Block broadcast_72 stored as values in memory (estimated size 32.8 KiB, free 364.2 MiB)
[2026-01-29T19:37:34.513+0530] {subprocess.py:106} INFO - 26/01/29 19:37:34 INFO MemoryStore: Block broadcast_72_piece0 stored as bytes in memory (estimated size 15.2 KiB, free 364.2 MiB)
[2026-01-29T19:37:34.513+0530] {subprocess.py:106} INFO - 26/01/29 19:37:34 INFO BlockManagerInfo: Added broadcast_72_piece0 in memory on Aishwarya92848DBDA:44583 (size: 15.2 KiB, free: 366.1 MiB)
[2026-01-29T19:37:34.514+0530] {subprocess.py:106} INFO - 26/01/29 19:37:34 INFO SparkContext: Created broadcast 72 from broadcast at DAGScheduler.scala:1585
[2026-01-29T19:37:34.514+0530] {subprocess.py:106} INFO - 26/01/29 19:37:34 INFO DAGScheduler: Submitting 1 missing tasks from ResultStage 52 (MapPartitionsRDD[194] at approxQuantile at <unknown>:0) (first 15 tasks are for partitions Vector(0))
[2026-01-29T19:37:34.514+0530] {subprocess.py:106} INFO - 26/01/29 19:37:34 INFO TaskSchedulerImpl: Adding task set 52.0 with 1 tasks resource profile 0
[2026-01-29T19:37:34.515+0530] {subprocess.py:106} INFO - 26/01/29 19:37:34 INFO TaskSetManager: Starting task 0.0 in stage 52.0 (TID 41) (Aishwarya92848DBDA, executor driver, partition 0, NODE_LOCAL, 8241 bytes)
[2026-01-29T19:37:34.516+0530] {subprocess.py:106} INFO - 26/01/29 19:37:34 INFO Executor: Running task 0.0 in stage 52.0 (TID 41)
[2026-01-29T19:37:34.525+0530] {subprocess.py:106} INFO - 26/01/29 19:37:34 INFO CodeGenerator: Code generated in 6.878395 ms
[2026-01-29T19:37:34.528+0530] {subprocess.py:106} INFO - 26/01/29 19:37:34 INFO FileScanRDD: Reading File path: hdfs://localhost:9000/weather/data/raw_data/weather_dataset.csv, range: 0-2463, partition values: [empty row]
[2026-01-29T19:37:34.535+0530] {subprocess.py:106} INFO - 26/01/29 19:37:34 INFO Executor: Finished task 0.0 in stage 52.0 (TID 41). 3066 bytes result sent to driver
[2026-01-29T19:37:34.536+0530] {subprocess.py:106} INFO - 26/01/29 19:37:34 INFO TaskSetManager: Finished task 0.0 in stage 52.0 (TID 41) in 21 ms on Aishwarya92848DBDA (executor driver) (1/1)
[2026-01-29T19:37:34.536+0530] {subprocess.py:106} INFO - 26/01/29 19:37:34 INFO TaskSchedulerImpl: Removed TaskSet 52.0, whose tasks have all completed, from pool
[2026-01-29T19:37:34.536+0530] {subprocess.py:106} INFO - 26/01/29 19:37:34 INFO DAGScheduler: ResultStage 52 (approxQuantile at <unknown>:0) finished in 0.029 s
[2026-01-29T19:37:34.537+0530] {subprocess.py:106} INFO - 26/01/29 19:37:34 INFO DAGScheduler: Job 41 is finished. Cancelling potential speculative or zombie tasks for this job
[2026-01-29T19:37:34.537+0530] {subprocess.py:106} INFO - 26/01/29 19:37:34 INFO TaskSchedulerImpl: Killing all running tasks in stage 52: Stage finished
[2026-01-29T19:37:34.537+0530] {subprocess.py:106} INFO - 26/01/29 19:37:34 INFO DAGScheduler: Job 41 finished: approxQuantile at <unknown>:0, took 0.032563 s
[2026-01-29T19:37:34.598+0530] {subprocess.py:106} INFO - 26/01/29 19:37:34 INFO FileSourceStrategy: Pushed Filters:
[2026-01-29T19:37:34.599+0530] {subprocess.py:106} INFO - 26/01/29 19:37:34 INFO FileSourceStrategy: Post-Scan Filters: (CASE WHEN (temperature_2m_min#20 < 4.549999999999999) THEN false WHEN (temperature_2m_min#20 > 27.35) THEN false ELSE (temperature_2m_min#20 < 4.549999999999999) END OR CASE WHEN (temperature_2m_min#20 < 4.549999999999999) THEN false WHEN (temperature_2m_min#20 > 27.35) THEN false ELSE (temperature_2m_min#20 > 27.35) END)
[2026-01-29T19:37:34.618+0530] {subprocess.py:106} INFO - 26/01/29 19:37:34 INFO CodeGenerator: Code generated in 10.21161 ms
[2026-01-29T19:37:34.620+0530] {subprocess.py:106} INFO - 26/01/29 19:37:34 INFO MemoryStore: Block broadcast_73 stored as values in memory (estimated size 350.2 KiB, free 363.9 MiB)
[2026-01-29T19:37:34.627+0530] {subprocess.py:106} INFO - 26/01/29 19:37:34 INFO MemoryStore: Block broadcast_73_piece0 stored as bytes in memory (estimated size 34.3 KiB, free 363.8 MiB)
[2026-01-29T19:37:34.627+0530] {subprocess.py:106} INFO - 26/01/29 19:37:34 INFO BlockManagerInfo: Added broadcast_73_piece0 in memory on Aishwarya92848DBDA:44583 (size: 34.3 KiB, free: 366.0 MiB)
[2026-01-29T19:37:34.628+0530] {subprocess.py:106} INFO - 26/01/29 19:37:34 INFO SparkContext: Created broadcast 73 from count at NativeMethodAccessorImpl.java:0
[2026-01-29T19:37:34.629+0530] {subprocess.py:106} INFO - 26/01/29 19:37:34 INFO FileSourceScanExec: Planning scan with bin packing, max size: 4194304 bytes, open cost is considered as scanning 4194304 bytes.
[2026-01-29T19:37:34.633+0530] {subprocess.py:106} INFO - 26/01/29 19:37:34 INFO DAGScheduler: Registering RDD 198 (count at NativeMethodAccessorImpl.java:0) as input to shuffle 11
[2026-01-29T19:37:34.634+0530] {subprocess.py:106} INFO - 26/01/29 19:37:34 INFO DAGScheduler: Got map stage job 42 (count at NativeMethodAccessorImpl.java:0) with 1 output partitions
[2026-01-29T19:37:34.634+0530] {subprocess.py:106} INFO - 26/01/29 19:37:34 INFO DAGScheduler: Final stage: ShuffleMapStage 53 (count at NativeMethodAccessorImpl.java:0)
[2026-01-29T19:37:34.634+0530] {subprocess.py:106} INFO - 26/01/29 19:37:34 INFO DAGScheduler: Parents of final stage: List()
[2026-01-29T19:37:34.635+0530] {subprocess.py:106} INFO - 26/01/29 19:37:34 INFO DAGScheduler: Missing parents: List()
[2026-01-29T19:37:34.635+0530] {subprocess.py:106} INFO - 26/01/29 19:37:34 INFO DAGScheduler: Submitting ShuffleMapStage 53 (MapPartitionsRDD[198] at count at NativeMethodAccessorImpl.java:0), which has no missing parents
[2026-01-29T19:37:34.636+0530] {subprocess.py:106} INFO - 26/01/29 19:37:34 INFO MemoryStore: Block broadcast_74 stored as values in memory (estimated size 22.1 KiB, free 363.8 MiB)
[2026-01-29T19:37:34.638+0530] {subprocess.py:106} INFO - 26/01/29 19:37:34 INFO MemoryStore: Block broadcast_74_piece0 stored as bytes in memory (estimated size 10.0 KiB, free 363.8 MiB)
[2026-01-29T19:37:34.638+0530] {subprocess.py:106} INFO - 26/01/29 19:37:34 INFO BlockManagerInfo: Added broadcast_74_piece0 in memory on Aishwarya92848DBDA:44583 (size: 10.0 KiB, free: 366.0 MiB)
[2026-01-29T19:37:34.638+0530] {subprocess.py:106} INFO - 26/01/29 19:37:34 INFO SparkContext: Created broadcast 74 from broadcast at DAGScheduler.scala:1585
[2026-01-29T19:37:34.639+0530] {subprocess.py:106} INFO - 26/01/29 19:37:34 INFO DAGScheduler: Submitting 1 missing tasks from ShuffleMapStage 53 (MapPartitionsRDD[198] at count at NativeMethodAccessorImpl.java:0) (first 15 tasks are for partitions Vector(0))
[2026-01-29T19:37:34.639+0530] {subprocess.py:106} INFO - 26/01/29 19:37:34 INFO TaskSchedulerImpl: Adding task set 53.0 with 1 tasks resource profile 0
[2026-01-29T19:37:34.640+0530] {subprocess.py:106} INFO - 26/01/29 19:37:34 INFO TaskSetManager: Starting task 0.0 in stage 53.0 (TID 42) (Aishwarya92848DBDA, executor driver, partition 0, NODE_LOCAL, 8230 bytes)
[2026-01-29T19:37:34.641+0530] {subprocess.py:106} INFO - 26/01/29 19:37:34 INFO Executor: Running task 0.0 in stage 53.0 (TID 42)
[2026-01-29T19:37:34.656+0530] {subprocess.py:106} INFO - 26/01/29 19:37:34 INFO CodeGenerator: Code generated in 11.970573 ms
[2026-01-29T19:37:34.658+0530] {subprocess.py:106} INFO - 26/01/29 19:37:34 INFO FileScanRDD: Reading File path: hdfs://localhost:9000/weather/data/raw_data/weather_dataset.csv, range: 0-2463, partition values: [empty row]
[2026-01-29T19:37:34.668+0530] {subprocess.py:106} INFO - 26/01/29 19:37:34 INFO Executor: Finished task 0.0 in stage 53.0 (TID 42). 1990 bytes result sent to driver
[2026-01-29T19:37:34.669+0530] {subprocess.py:106} INFO - 26/01/29 19:37:34 INFO TaskSetManager: Finished task 0.0 in stage 53.0 (TID 42) in 29 ms on Aishwarya92848DBDA (executor driver) (1/1)
[2026-01-29T19:37:34.670+0530] {subprocess.py:106} INFO - 26/01/29 19:37:34 INFO TaskSchedulerImpl: Removed TaskSet 53.0, whose tasks have all completed, from pool
[2026-01-29T19:37:34.670+0530] {subprocess.py:106} INFO - 26/01/29 19:37:34 INFO DAGScheduler: ShuffleMapStage 53 (count at NativeMethodAccessorImpl.java:0) finished in 0.036 s
[2026-01-29T19:37:34.670+0530] {subprocess.py:106} INFO - 26/01/29 19:37:34 INFO DAGScheduler: looking for newly runnable stages
[2026-01-29T19:37:34.670+0530] {subprocess.py:106} INFO - 26/01/29 19:37:34 INFO DAGScheduler: running: Set()
[2026-01-29T19:37:34.671+0530] {subprocess.py:106} INFO - 26/01/29 19:37:34 INFO DAGScheduler: waiting: Set()
[2026-01-29T19:37:34.671+0530] {subprocess.py:106} INFO - 26/01/29 19:37:34 INFO DAGScheduler: failed: Set()
[2026-01-29T19:37:34.686+0530] {subprocess.py:106} INFO - 26/01/29 19:37:34 INFO SparkContext: Starting job: count at NativeMethodAccessorImpl.java:0
[2026-01-29T19:37:34.687+0530] {subprocess.py:106} INFO - 26/01/29 19:37:34 INFO DAGScheduler: Got job 43 (count at NativeMethodAccessorImpl.java:0) with 1 output partitions
[2026-01-29T19:37:34.688+0530] {subprocess.py:106} INFO - 26/01/29 19:37:34 INFO DAGScheduler: Final stage: ResultStage 55 (count at NativeMethodAccessorImpl.java:0)
[2026-01-29T19:37:34.688+0530] {subprocess.py:106} INFO - 26/01/29 19:37:34 INFO DAGScheduler: Parents of final stage: List(ShuffleMapStage 54)
[2026-01-29T19:37:34.688+0530] {subprocess.py:106} INFO - 26/01/29 19:37:34 INFO DAGScheduler: Missing parents: List()
[2026-01-29T19:37:34.688+0530] {subprocess.py:106} INFO - 26/01/29 19:37:34 INFO DAGScheduler: Submitting ResultStage 55 (MapPartitionsRDD[201] at count at NativeMethodAccessorImpl.java:0), which has no missing parents
[2026-01-29T19:37:34.689+0530] {subprocess.py:106} INFO - 26/01/29 19:37:34 INFO MemoryStore: Block broadcast_75 stored as values in memory (estimated size 12.5 KiB, free 363.8 MiB)
[2026-01-29T19:37:34.691+0530] {subprocess.py:106} INFO - 26/01/29 19:37:34 INFO MemoryStore: Block broadcast_75_piece0 stored as bytes in memory (estimated size 5.9 KiB, free 363.8 MiB)
[2026-01-29T19:37:34.691+0530] {subprocess.py:106} INFO - 26/01/29 19:37:34 INFO BlockManagerInfo: Added broadcast_75_piece0 in memory on Aishwarya92848DBDA:44583 (size: 5.9 KiB, free: 366.0 MiB)
[2026-01-29T19:37:34.692+0530] {subprocess.py:106} INFO - 26/01/29 19:37:34 INFO SparkContext: Created broadcast 75 from broadcast at DAGScheduler.scala:1585
[2026-01-29T19:37:34.692+0530] {subprocess.py:106} INFO - 26/01/29 19:37:34 INFO DAGScheduler: Submitting 1 missing tasks from ResultStage 55 (MapPartitionsRDD[201] at count at NativeMethodAccessorImpl.java:0) (first 15 tasks are for partitions Vector(0))
[2026-01-29T19:37:34.692+0530] {subprocess.py:106} INFO - 26/01/29 19:37:34 INFO TaskSchedulerImpl: Adding task set 55.0 with 1 tasks resource profile 0
[2026-01-29T19:37:34.693+0530] {subprocess.py:106} INFO - 26/01/29 19:37:34 INFO TaskSetManager: Starting task 0.0 in stage 55.0 (TID 43) (Aishwarya92848DBDA, executor driver, partition 0, NODE_LOCAL, 7615 bytes)
[2026-01-29T19:37:34.694+0530] {subprocess.py:106} INFO - 26/01/29 19:37:34 INFO Executor: Running task 0.0 in stage 55.0 (TID 43)
[2026-01-29T19:37:34.696+0530] {subprocess.py:106} INFO - 26/01/29 19:37:34 INFO ShuffleBlockFetcherIterator: Getting 1 (60.0 B) non-empty blocks including 1 (60.0 B) local and 0 (0.0 B) host-local and 0 (0.0 B) push-merged-local and 0 (0.0 B) remote blocks
[2026-01-29T19:37:34.697+0530] {subprocess.py:106} INFO - 26/01/29 19:37:34 INFO ShuffleBlockFetcherIterator: Started 0 remote fetches in 0 ms
[2026-01-29T19:37:34.698+0530] {subprocess.py:106} INFO - 26/01/29 19:37:34 INFO Executor: Finished task 0.0 in stage 55.0 (TID 43). 3988 bytes result sent to driver
[2026-01-29T19:37:34.699+0530] {subprocess.py:106} INFO - 26/01/29 19:37:34 INFO TaskSetManager: Finished task 0.0 in stage 55.0 (TID 43) in 6 ms on Aishwarya92848DBDA (executor driver) (1/1)
[2026-01-29T19:37:34.700+0530] {subprocess.py:106} INFO - 26/01/29 19:37:34 INFO TaskSchedulerImpl: Removed TaskSet 55.0, whose tasks have all completed, from pool
[2026-01-29T19:37:34.700+0530] {subprocess.py:106} INFO - 26/01/29 19:37:34 INFO DAGScheduler: ResultStage 55 (count at NativeMethodAccessorImpl.java:0) finished in 0.011 s
[2026-01-29T19:37:34.700+0530] {subprocess.py:106} INFO - 26/01/29 19:37:34 INFO DAGScheduler: Job 43 is finished. Cancelling potential speculative or zombie tasks for this job
[2026-01-29T19:37:34.700+0530] {subprocess.py:106} INFO - 26/01/29 19:37:34 INFO TaskSchedulerImpl: Killing all running tasks in stage 55: Stage finished
[2026-01-29T19:37:34.701+0530] {subprocess.py:106} INFO - 26/01/29 19:37:34 INFO DAGScheduler: Job 43 finished: count at NativeMethodAccessorImpl.java:0, took 0.013750 s
[2026-01-29T19:37:34.701+0530] {subprocess.py:106} INFO - temperature_2m_min: Outliers after handling = 0
[2026-01-29T19:37:34.726+0530] {subprocess.py:106} INFO - 26/01/29 19:37:34 INFO FileSourceStrategy: Pushed Filters:
[2026-01-29T19:37:34.727+0530] {subprocess.py:106} INFO - 26/01/29 19:37:34 INFO FileSourceStrategy: Post-Scan Filters:
[2026-01-29T19:37:34.739+0530] {subprocess.py:106} INFO - 26/01/29 19:37:34 INFO CodeGenerator: Code generated in 8.624415 ms
[2026-01-29T19:37:34.741+0530] {subprocess.py:106} INFO - 26/01/29 19:37:34 INFO MemoryStore: Block broadcast_76 stored as values in memory (estimated size 350.2 KiB, free 363.5 MiB)
[2026-01-29T19:37:34.761+0530] {subprocess.py:106} INFO - 26/01/29 19:37:34 INFO BlockManagerInfo: Removed broadcast_69_piece0 on Aishwarya92848DBDA:44583 in memory (size: 10.0 KiB, free: 366.0 MiB)
[2026-01-29T19:37:34.763+0530] {subprocess.py:106} INFO - 26/01/29 19:37:34 INFO BlockManagerInfo: Removed broadcast_72_piece0 on Aishwarya92848DBDA:44583 in memory (size: 15.2 KiB, free: 366.0 MiB)
[2026-01-29T19:37:34.764+0530] {subprocess.py:106} INFO - 26/01/29 19:37:34 INFO BlockManagerInfo: Removed broadcast_65_piece0 on Aishwarya92848DBDA:44583 in memory (size: 9.5 KiB, free: 366.1 MiB)
[2026-01-29T19:37:34.765+0530] {subprocess.py:106} INFO - 26/01/29 19:37:34 INFO MemoryStore: Block broadcast_76_piece0 stored as bytes in memory (estimated size 34.3 KiB, free 363.5 MiB)
[2026-01-29T19:37:34.765+0530] {subprocess.py:106} INFO - 26/01/29 19:37:34 INFO BlockManagerInfo: Added broadcast_76_piece0 in memory on Aishwarya92848DBDA:44583 (size: 34.3 KiB, free: 366.0 MiB)
[2026-01-29T19:37:34.766+0530] {subprocess.py:106} INFO - 26/01/29 19:37:34 INFO SparkContext: Created broadcast 76 from approxQuantile at <unknown>:0
[2026-01-29T19:37:34.766+0530] {subprocess.py:106} INFO - 26/01/29 19:37:34 INFO BlockManagerInfo: Removed broadcast_70_piece0 on Aishwarya92848DBDA:44583 in memory (size: 5.9 KiB, free: 366.0 MiB)
[2026-01-29T19:37:34.766+0530] {subprocess.py:106} INFO - 26/01/29 19:37:34 INFO FileSourceScanExec: Planning scan with bin packing, max size: 4194304 bytes, open cost is considered as scanning 4194304 bytes.
[2026-01-29T19:37:34.767+0530] {subprocess.py:106} INFO - 26/01/29 19:37:34 INFO BlockManagerInfo: Removed broadcast_66_piece0 on Aishwarya92848DBDA:44583 in memory (size: 34.3 KiB, free: 366.1 MiB)
[2026-01-29T19:37:34.769+0530] {subprocess.py:106} INFO - 26/01/29 19:37:34 INFO BlockManagerInfo: Removed broadcast_75_piece0 on Aishwarya92848DBDA:44583 in memory (size: 5.9 KiB, free: 366.1 MiB)
[2026-01-29T19:37:34.771+0530] {subprocess.py:106} INFO - 26/01/29 19:37:34 INFO BlockManagerInfo: Removed broadcast_62_piece0 on Aishwarya92848DBDA:44583 in memory (size: 34.3 KiB, free: 366.1 MiB)
[2026-01-29T19:37:34.772+0530] {subprocess.py:106} INFO - 26/01/29 19:37:34 INFO BlockManagerInfo: Removed broadcast_74_piece0 on Aishwarya92848DBDA:44583 in memory (size: 10.0 KiB, free: 366.1 MiB)
[2026-01-29T19:37:34.774+0530] {subprocess.py:106} INFO - 26/01/29 19:37:34 INFO BlockManagerInfo: Removed broadcast_64_piece0 on Aishwarya92848DBDA:44583 in memory (size: 34.3 KiB, free: 366.1 MiB)
[2026-01-29T19:37:34.776+0530] {subprocess.py:106} INFO - 26/01/29 19:37:34 INFO BlockManagerInfo: Removed broadcast_68_piece0 on Aishwarya92848DBDA:44583 in memory (size: 34.3 KiB, free: 366.2 MiB)
[2026-01-29T19:37:34.778+0530] {subprocess.py:106} INFO - 26/01/29 19:37:34 INFO BlockManagerInfo: Removed broadcast_67_piece0 on Aishwarya92848DBDA:44583 in memory (size: 15.2 KiB, free: 366.2 MiB)
[2026-01-29T19:37:34.780+0530] {subprocess.py:106} INFO - 26/01/29 19:37:34 INFO BlockManagerInfo: Removed broadcast_71_piece0 on Aishwarya92848DBDA:44583 in memory (size: 34.3 KiB, free: 366.2 MiB)
[2026-01-29T19:37:34.782+0530] {subprocess.py:106} INFO - 26/01/29 19:37:34 INFO BlockManagerInfo: Removed broadcast_63_piece0 on Aishwarya92848DBDA:44583 in memory (size: 9.5 KiB, free: 366.2 MiB)
[2026-01-29T19:37:34.783+0530] {subprocess.py:106} INFO - 26/01/29 19:37:34 INFO SparkContext: Starting job: approxQuantile at <unknown>:0
[2026-01-29T19:37:34.784+0530] {subprocess.py:106} INFO - 26/01/29 19:37:34 INFO DAGScheduler: Got job 44 (approxQuantile at <unknown>:0) with 1 output partitions
[2026-01-29T19:37:34.785+0530] {subprocess.py:106} INFO - 26/01/29 19:37:34 INFO DAGScheduler: Final stage: ResultStage 56 (approxQuantile at <unknown>:0)
[2026-01-29T19:37:34.785+0530] {subprocess.py:106} INFO - 26/01/29 19:37:34 INFO DAGScheduler: Parents of final stage: List()
[2026-01-29T19:37:34.786+0530] {subprocess.py:106} INFO - 26/01/29 19:37:34 INFO DAGScheduler: Missing parents: List()
[2026-01-29T19:37:34.786+0530] {subprocess.py:106} INFO - 26/01/29 19:37:34 INFO DAGScheduler: Submitting ResultStage 56 (MapPartitionsRDD[208] at approxQuantile at <unknown>:0), which has no missing parents
[2026-01-29T19:37:34.794+0530] {subprocess.py:106} INFO - 26/01/29 19:37:34 INFO MemoryStore: Block broadcast_77 stored as values in memory (estimated size 32.8 KiB, free 365.5 MiB)
[2026-01-29T19:37:34.796+0530] {subprocess.py:106} INFO - 26/01/29 19:37:34 INFO MemoryStore: Block broadcast_77_piece0 stored as bytes in memory (estimated size 15.2 KiB, free 365.5 MiB)
[2026-01-29T19:37:34.797+0530] {subprocess.py:106} INFO - 26/01/29 19:37:34 INFO BlockManagerInfo: Added broadcast_77_piece0 in memory on Aishwarya92848DBDA:44583 (size: 15.2 KiB, free: 366.2 MiB)
[2026-01-29T19:37:34.797+0530] {subprocess.py:106} INFO - 26/01/29 19:37:34 INFO SparkContext: Created broadcast 77 from broadcast at DAGScheduler.scala:1585
[2026-01-29T19:37:34.797+0530] {subprocess.py:106} INFO - 26/01/29 19:37:34 INFO DAGScheduler: Submitting 1 missing tasks from ResultStage 56 (MapPartitionsRDD[208] at approxQuantile at <unknown>:0) (first 15 tasks are for partitions Vector(0))
[2026-01-29T19:37:34.797+0530] {subprocess.py:106} INFO - 26/01/29 19:37:34 INFO TaskSchedulerImpl: Adding task set 56.0 with 1 tasks resource profile 0
[2026-01-29T19:37:34.799+0530] {subprocess.py:106} INFO - 26/01/29 19:37:34 INFO TaskSetManager: Starting task 0.0 in stage 56.0 (TID 44) (Aishwarya92848DBDA, executor driver, partition 0, NODE_LOCAL, 8241 bytes)
[2026-01-29T19:37:34.800+0530] {subprocess.py:106} INFO - 26/01/29 19:37:34 INFO Executor: Running task 0.0 in stage 56.0 (TID 44)
[2026-01-29T19:37:34.814+0530] {subprocess.py:106} INFO - 26/01/29 19:37:34 INFO CodeGenerator: Code generated in 10.528526 ms
[2026-01-29T19:37:34.817+0530] {subprocess.py:106} INFO - 26/01/29 19:37:34 INFO FileScanRDD: Reading File path: hdfs://localhost:9000/weather/data/raw_data/weather_dataset.csv, range: 0-2463, partition values: [empty row]
[2026-01-29T19:37:34.829+0530] {subprocess.py:106} INFO - 26/01/29 19:37:34 INFO Executor: Finished task 0.0 in stage 56.0 (TID 44). 3066 bytes result sent to driver
[2026-01-29T19:37:34.830+0530] {subprocess.py:106} INFO - 26/01/29 19:37:34 INFO TaskSetManager: Finished task 0.0 in stage 56.0 (TID 44) in 31 ms on Aishwarya92848DBDA (executor driver) (1/1)
[2026-01-29T19:37:34.830+0530] {subprocess.py:106} INFO - 26/01/29 19:37:34 INFO TaskSchedulerImpl: Removed TaskSet 56.0, whose tasks have all completed, from pool
[2026-01-29T19:37:34.830+0530] {subprocess.py:106} INFO - 26/01/29 19:37:34 INFO DAGScheduler: ResultStage 56 (approxQuantile at <unknown>:0) finished in 0.044 s
[2026-01-29T19:37:34.830+0530] {subprocess.py:106} INFO - 26/01/29 19:37:34 INFO DAGScheduler: Job 44 is finished. Cancelling potential speculative or zombie tasks for this job
[2026-01-29T19:37:34.831+0530] {subprocess.py:106} INFO - 26/01/29 19:37:34 INFO TaskSchedulerImpl: Killing all running tasks in stage 56: Stage finished
[2026-01-29T19:37:34.831+0530] {subprocess.py:106} INFO - 26/01/29 19:37:34 INFO DAGScheduler: Job 44 finished: approxQuantile at <unknown>:0, took 0.047275 s
[2026-01-29T19:37:34.945+0530] {subprocess.py:106} INFO - 26/01/29 19:37:34 INFO FileSourceStrategy: Pushed Filters:
[2026-01-29T19:37:34.945+0530] {subprocess.py:106} INFO - 26/01/29 19:37:34 INFO FileSourceStrategy: Post-Scan Filters: (CASE WHEN (apparent_temperature_max#21 < 7.200000000000001) THEN false WHEN (apparent_temperature_max#21 > 44.0) THEN false ELSE (apparent_temperature_max#21 < 7.200000000000001) END OR CASE WHEN (apparent_temperature_max#21 < 7.200000000000001) THEN false WHEN (apparent_temperature_max#21 > 44.0) THEN false ELSE (apparent_temperature_max#21 > 44.0) END)
[2026-01-29T19:37:34.981+0530] {subprocess.py:106} INFO - 26/01/29 19:37:34 INFO CodeGenerator: Code generated in 16.173231 ms
[2026-01-29T19:37:34.983+0530] {subprocess.py:106} INFO - 26/01/29 19:37:34 INFO MemoryStore: Block broadcast_78 stored as values in memory (estimated size 350.2 KiB, free 365.2 MiB)
[2026-01-29T19:37:34.991+0530] {subprocess.py:106} INFO - 26/01/29 19:37:34 INFO MemoryStore: Block broadcast_78_piece0 stored as bytes in memory (estimated size 34.3 KiB, free 365.1 MiB)
[2026-01-29T19:37:34.992+0530] {subprocess.py:106} INFO - 26/01/29 19:37:34 INFO BlockManagerInfo: Added broadcast_78_piece0 in memory on Aishwarya92848DBDA:44583 (size: 34.3 KiB, free: 366.2 MiB)
[2026-01-29T19:37:34.992+0530] {subprocess.py:106} INFO - 26/01/29 19:37:34 INFO SparkContext: Created broadcast 78 from count at NativeMethodAccessorImpl.java:0
[2026-01-29T19:37:34.994+0530] {subprocess.py:106} INFO - 26/01/29 19:37:34 INFO FileSourceScanExec: Planning scan with bin packing, max size: 4194304 bytes, open cost is considered as scanning 4194304 bytes.
[2026-01-29T19:37:34.998+0530] {subprocess.py:106} INFO - 26/01/29 19:37:34 INFO DAGScheduler: Registering RDD 212 (count at NativeMethodAccessorImpl.java:0) as input to shuffle 12
[2026-01-29T19:37:34.999+0530] {subprocess.py:106} INFO - 26/01/29 19:37:34 INFO DAGScheduler: Got map stage job 45 (count at NativeMethodAccessorImpl.java:0) with 1 output partitions
[2026-01-29T19:37:35.000+0530] {subprocess.py:106} INFO - 26/01/29 19:37:34 INFO DAGScheduler: Final stage: ShuffleMapStage 57 (count at NativeMethodAccessorImpl.java:0)
[2026-01-29T19:37:35.000+0530] {subprocess.py:106} INFO - 26/01/29 19:37:34 INFO DAGScheduler: Parents of final stage: List()
[2026-01-29T19:37:35.000+0530] {subprocess.py:106} INFO - 26/01/29 19:37:34 INFO DAGScheduler: Missing parents: List()
[2026-01-29T19:37:35.000+0530] {subprocess.py:106} INFO - 26/01/29 19:37:34 INFO DAGScheduler: Submitting ShuffleMapStage 57 (MapPartitionsRDD[212] at count at NativeMethodAccessorImpl.java:0), which has no missing parents
[2026-01-29T19:37:35.002+0530] {subprocess.py:106} INFO - 26/01/29 19:37:35 INFO MemoryStore: Block broadcast_79 stored as values in memory (estimated size 22.1 KiB, free 365.1 MiB)
[2026-01-29T19:37:35.003+0530] {subprocess.py:106} INFO - 26/01/29 19:37:35 INFO MemoryStore: Block broadcast_79_piece0 stored as bytes in memory (estimated size 10.0 KiB, free 365.1 MiB)
[2026-01-29T19:37:35.003+0530] {subprocess.py:106} INFO - 26/01/29 19:37:35 INFO BlockManagerInfo: Added broadcast_79_piece0 in memory on Aishwarya92848DBDA:44583 (size: 10.0 KiB, free: 366.2 MiB)
[2026-01-29T19:37:35.004+0530] {subprocess.py:106} INFO - 26/01/29 19:37:35 INFO SparkContext: Created broadcast 79 from broadcast at DAGScheduler.scala:1585
[2026-01-29T19:37:35.004+0530] {subprocess.py:106} INFO - 26/01/29 19:37:35 INFO DAGScheduler: Submitting 1 missing tasks from ShuffleMapStage 57 (MapPartitionsRDD[212] at count at NativeMethodAccessorImpl.java:0) (first 15 tasks are for partitions Vector(0))
[2026-01-29T19:37:35.004+0530] {subprocess.py:106} INFO - 26/01/29 19:37:35 INFO TaskSchedulerImpl: Adding task set 57.0 with 1 tasks resource profile 0
[2026-01-29T19:37:35.005+0530] {subprocess.py:106} INFO - 26/01/29 19:37:35 INFO TaskSetManager: Starting task 0.0 in stage 57.0 (TID 45) (Aishwarya92848DBDA, executor driver, partition 0, NODE_LOCAL, 8230 bytes)
[2026-01-29T19:37:35.005+0530] {subprocess.py:106} INFO - 26/01/29 19:37:35 INFO Executor: Running task 0.0 in stage 57.0 (TID 45)
[2026-01-29T19:37:35.022+0530] {subprocess.py:106} INFO - 26/01/29 19:37:35 INFO CodeGenerator: Code generated in 13.859656 ms
[2026-01-29T19:37:35.024+0530] {subprocess.py:106} INFO - 26/01/29 19:37:35 INFO FileScanRDD: Reading File path: hdfs://localhost:9000/weather/data/raw_data/weather_dataset.csv, range: 0-2463, partition values: [empty row]
[2026-01-29T19:37:35.032+0530] {subprocess.py:106} INFO - 26/01/29 19:37:35 INFO Executor: Finished task 0.0 in stage 57.0 (TID 45). 1990 bytes result sent to driver
[2026-01-29T19:37:35.033+0530] {subprocess.py:106} INFO - 26/01/29 19:37:35 INFO TaskSetManager: Finished task 0.0 in stage 57.0 (TID 45) in 28 ms on Aishwarya92848DBDA (executor driver) (1/1)
[2026-01-29T19:37:35.034+0530] {subprocess.py:106} INFO - 26/01/29 19:37:35 INFO TaskSchedulerImpl: Removed TaskSet 57.0, whose tasks have all completed, from pool
[2026-01-29T19:37:35.034+0530] {subprocess.py:106} INFO - 26/01/29 19:37:35 INFO DAGScheduler: ShuffleMapStage 57 (count at NativeMethodAccessorImpl.java:0) finished in 0.035 s
[2026-01-29T19:37:35.035+0530] {subprocess.py:106} INFO - 26/01/29 19:37:35 INFO DAGScheduler: looking for newly runnable stages
[2026-01-29T19:37:35.035+0530] {subprocess.py:106} INFO - 26/01/29 19:37:35 INFO DAGScheduler: running: Set()
[2026-01-29T19:37:35.035+0530] {subprocess.py:106} INFO - 26/01/29 19:37:35 INFO DAGScheduler: waiting: Set()
[2026-01-29T19:37:35.035+0530] {subprocess.py:106} INFO - 26/01/29 19:37:35 INFO DAGScheduler: failed: Set()
[2026-01-29T19:37:35.048+0530] {subprocess.py:106} INFO - 26/01/29 19:37:35 INFO SparkContext: Starting job: count at NativeMethodAccessorImpl.java:0
[2026-01-29T19:37:35.049+0530] {subprocess.py:106} INFO - 26/01/29 19:37:35 INFO DAGScheduler: Got job 46 (count at NativeMethodAccessorImpl.java:0) with 1 output partitions
[2026-01-29T19:37:35.049+0530] {subprocess.py:106} INFO - 26/01/29 19:37:35 INFO DAGScheduler: Final stage: ResultStage 59 (count at NativeMethodAccessorImpl.java:0)
[2026-01-29T19:37:35.049+0530] {subprocess.py:106} INFO - 26/01/29 19:37:35 INFO DAGScheduler: Parents of final stage: List(ShuffleMapStage 58)
[2026-01-29T19:37:35.049+0530] {subprocess.py:106} INFO - 26/01/29 19:37:35 INFO DAGScheduler: Missing parents: List()
[2026-01-29T19:37:35.050+0530] {subprocess.py:106} INFO - 26/01/29 19:37:35 INFO DAGScheduler: Submitting ResultStage 59 (MapPartitionsRDD[215] at count at NativeMethodAccessorImpl.java:0), which has no missing parents
[2026-01-29T19:37:35.051+0530] {subprocess.py:106} INFO - 26/01/29 19:37:35 INFO MemoryStore: Block broadcast_80 stored as values in memory (estimated size 12.5 KiB, free 365.1 MiB)
[2026-01-29T19:37:35.052+0530] {subprocess.py:106} INFO - 26/01/29 19:37:35 INFO MemoryStore: Block broadcast_80_piece0 stored as bytes in memory (estimated size 5.9 KiB, free 365.1 MiB)
[2026-01-29T19:37:35.052+0530] {subprocess.py:106} INFO - 26/01/29 19:37:35 INFO BlockManagerInfo: Added broadcast_80_piece0 in memory on Aishwarya92848DBDA:44583 (size: 5.9 KiB, free: 366.2 MiB)
[2026-01-29T19:37:35.053+0530] {subprocess.py:106} INFO - 26/01/29 19:37:35 INFO SparkContext: Created broadcast 80 from broadcast at DAGScheduler.scala:1585
[2026-01-29T19:37:35.053+0530] {subprocess.py:106} INFO - 26/01/29 19:37:35 INFO DAGScheduler: Submitting 1 missing tasks from ResultStage 59 (MapPartitionsRDD[215] at count at NativeMethodAccessorImpl.java:0) (first 15 tasks are for partitions Vector(0))
[2026-01-29T19:37:35.053+0530] {subprocess.py:106} INFO - 26/01/29 19:37:35 INFO TaskSchedulerImpl: Adding task set 59.0 with 1 tasks resource profile 0
[2026-01-29T19:37:35.054+0530] {subprocess.py:106} INFO - 26/01/29 19:37:35 INFO TaskSetManager: Starting task 0.0 in stage 59.0 (TID 46) (Aishwarya92848DBDA, executor driver, partition 0, NODE_LOCAL, 7615 bytes)
[2026-01-29T19:37:35.054+0530] {subprocess.py:106} INFO - 26/01/29 19:37:35 INFO Executor: Running task 0.0 in stage 59.0 (TID 46)
[2026-01-29T19:37:35.057+0530] {subprocess.py:106} INFO - 26/01/29 19:37:35 INFO ShuffleBlockFetcherIterator: Getting 1 (60.0 B) non-empty blocks including 1 (60.0 B) local and 0 (0.0 B) host-local and 0 (0.0 B) push-merged-local and 0 (0.0 B) remote blocks
[2026-01-29T19:37:35.057+0530] {subprocess.py:106} INFO - 26/01/29 19:37:35 INFO ShuffleBlockFetcherIterator: Started 0 remote fetches in 0 ms
[2026-01-29T19:37:35.059+0530] {subprocess.py:106} INFO - 26/01/29 19:37:35 INFO Executor: Finished task 0.0 in stage 59.0 (TID 46). 3988 bytes result sent to driver
[2026-01-29T19:37:35.060+0530] {subprocess.py:106} INFO - 26/01/29 19:37:35 INFO TaskSetManager: Finished task 0.0 in stage 59.0 (TID 46) in 6 ms on Aishwarya92848DBDA (executor driver) (1/1)
[2026-01-29T19:37:35.060+0530] {subprocess.py:106} INFO - 26/01/29 19:37:35 INFO TaskSchedulerImpl: Removed TaskSet 59.0, whose tasks have all completed, from pool
[2026-01-29T19:37:35.060+0530] {subprocess.py:106} INFO - 26/01/29 19:37:35 INFO DAGScheduler: ResultStage 59 (count at NativeMethodAccessorImpl.java:0) finished in 0.010 s
[2026-01-29T19:37:35.061+0530] {subprocess.py:106} INFO - 26/01/29 19:37:35 INFO DAGScheduler: Job 46 is finished. Cancelling potential speculative or zombie tasks for this job
[2026-01-29T19:37:35.061+0530] {subprocess.py:106} INFO - 26/01/29 19:37:35 INFO TaskSchedulerImpl: Killing all running tasks in stage 59: Stage finished
[2026-01-29T19:37:35.061+0530] {subprocess.py:106} INFO - 26/01/29 19:37:35 INFO DAGScheduler: Job 46 finished: count at NativeMethodAccessorImpl.java:0, took 0.013142 s
[2026-01-29T19:37:35.062+0530] {subprocess.py:106} INFO - apparent_temperature_max: Outliers after handling = 0
[2026-01-29T19:37:35.087+0530] {subprocess.py:106} INFO - 26/01/29 19:37:35 INFO FileSourceStrategy: Pushed Filters:
[2026-01-29T19:37:35.088+0530] {subprocess.py:106} INFO - 26/01/29 19:37:35 INFO FileSourceStrategy: Post-Scan Filters:
[2026-01-29T19:37:35.099+0530] {subprocess.py:106} INFO - 26/01/29 19:37:35 INFO CodeGenerator: Code generated in 7.971906 ms
[2026-01-29T19:37:35.101+0530] {subprocess.py:106} INFO - 26/01/29 19:37:35 INFO MemoryStore: Block broadcast_81 stored as values in memory (estimated size 350.2 KiB, free 364.7 MiB)
[2026-01-29T19:37:35.107+0530] {subprocess.py:106} INFO - 26/01/29 19:37:35 INFO MemoryStore: Block broadcast_81_piece0 stored as bytes in memory (estimated size 34.3 KiB, free 364.7 MiB)
[2026-01-29T19:37:35.108+0530] {subprocess.py:106} INFO - 26/01/29 19:37:35 INFO BlockManagerInfo: Added broadcast_81_piece0 in memory on Aishwarya92848DBDA:44583 (size: 34.3 KiB, free: 366.1 MiB)
[2026-01-29T19:37:35.108+0530] {subprocess.py:106} INFO - 26/01/29 19:37:35 INFO SparkContext: Created broadcast 81 from approxQuantile at <unknown>:0
[2026-01-29T19:37:35.108+0530] {subprocess.py:106} INFO - 26/01/29 19:37:35 INFO FileSourceScanExec: Planning scan with bin packing, max size: 4194304 bytes, open cost is considered as scanning 4194304 bytes.
[2026-01-29T19:37:35.120+0530] {subprocess.py:106} INFO - 26/01/29 19:37:35 INFO SparkContext: Starting job: approxQuantile at <unknown>:0
[2026-01-29T19:37:35.121+0530] {subprocess.py:106} INFO - 26/01/29 19:37:35 INFO DAGScheduler: Got job 47 (approxQuantile at <unknown>:0) with 1 output partitions
[2026-01-29T19:37:35.121+0530] {subprocess.py:106} INFO - 26/01/29 19:37:35 INFO DAGScheduler: Final stage: ResultStage 60 (approxQuantile at <unknown>:0)
[2026-01-29T19:37:35.122+0530] {subprocess.py:106} INFO - 26/01/29 19:37:35 INFO DAGScheduler: Parents of final stage: List()
[2026-01-29T19:37:35.122+0530] {subprocess.py:106} INFO - 26/01/29 19:37:35 INFO DAGScheduler: Missing parents: List()
[2026-01-29T19:37:35.123+0530] {subprocess.py:106} INFO - 26/01/29 19:37:35 INFO DAGScheduler: Submitting ResultStage 60 (MapPartitionsRDD[222] at approxQuantile at <unknown>:0), which has no missing parents
[2026-01-29T19:37:35.130+0530] {subprocess.py:106} INFO - 26/01/29 19:37:35 INFO MemoryStore: Block broadcast_82 stored as values in memory (estimated size 32.8 KiB, free 364.7 MiB)
[2026-01-29T19:37:35.131+0530] {subprocess.py:106} INFO - 26/01/29 19:37:35 INFO MemoryStore: Block broadcast_82_piece0 stored as bytes in memory (estimated size 15.2 KiB, free 364.7 MiB)
[2026-01-29T19:37:35.131+0530] {subprocess.py:106} INFO - 26/01/29 19:37:35 INFO BlockManagerInfo: Added broadcast_82_piece0 in memory on Aishwarya92848DBDA:44583 (size: 15.2 KiB, free: 366.1 MiB)
[2026-01-29T19:37:35.132+0530] {subprocess.py:106} INFO - 26/01/29 19:37:35 INFO SparkContext: Created broadcast 82 from broadcast at DAGScheduler.scala:1585
[2026-01-29T19:37:35.132+0530] {subprocess.py:106} INFO - 26/01/29 19:37:35 INFO DAGScheduler: Submitting 1 missing tasks from ResultStage 60 (MapPartitionsRDD[222] at approxQuantile at <unknown>:0) (first 15 tasks are for partitions Vector(0))
[2026-01-29T19:37:35.132+0530] {subprocess.py:106} INFO - 26/01/29 19:37:35 INFO TaskSchedulerImpl: Adding task set 60.0 with 1 tasks resource profile 0
[2026-01-29T19:37:35.133+0530] {subprocess.py:106} INFO - 26/01/29 19:37:35 INFO TaskSetManager: Starting task 0.0 in stage 60.0 (TID 47) (Aishwarya92848DBDA, executor driver, partition 0, NODE_LOCAL, 8241 bytes)
[2026-01-29T19:37:35.133+0530] {subprocess.py:106} INFO - 26/01/29 19:37:35 INFO Executor: Running task 0.0 in stage 60.0 (TID 47)
[2026-01-29T19:37:35.144+0530] {subprocess.py:106} INFO - 26/01/29 19:37:35 INFO CodeGenerator: Code generated in 7.700056 ms
[2026-01-29T19:37:35.147+0530] {subprocess.py:106} INFO - 26/01/29 19:37:35 INFO FileScanRDD: Reading File path: hdfs://localhost:9000/weather/data/raw_data/weather_dataset.csv, range: 0-2463, partition values: [empty row]
[2026-01-29T19:37:35.154+0530] {subprocess.py:106} INFO - 26/01/29 19:37:35 INFO Executor: Finished task 0.0 in stage 60.0 (TID 47). 3066 bytes result sent to driver
[2026-01-29T19:37:35.155+0530] {subprocess.py:106} INFO - 26/01/29 19:37:35 INFO TaskSetManager: Finished task 0.0 in stage 60.0 (TID 47) in 21 ms on Aishwarya92848DBDA (executor driver) (1/1)
[2026-01-29T19:37:35.155+0530] {subprocess.py:106} INFO - 26/01/29 19:37:35 INFO TaskSchedulerImpl: Removed TaskSet 60.0, whose tasks have all completed, from pool
[2026-01-29T19:37:35.156+0530] {subprocess.py:106} INFO - 26/01/29 19:37:35 INFO DAGScheduler: ResultStage 60 (approxQuantile at <unknown>:0) finished in 0.033 s
[2026-01-29T19:37:35.156+0530] {subprocess.py:106} INFO - 26/01/29 19:37:35 INFO DAGScheduler: Job 47 is finished. Cancelling potential speculative or zombie tasks for this job
[2026-01-29T19:37:35.156+0530] {subprocess.py:106} INFO - 26/01/29 19:37:35 INFO TaskSchedulerImpl: Killing all running tasks in stage 60: Stage finished
[2026-01-29T19:37:35.157+0530] {subprocess.py:106} INFO - 26/01/29 19:37:35 INFO DAGScheduler: Job 47 finished: approxQuantile at <unknown>:0, took 0.035989 s
[2026-01-29T19:37:35.237+0530] {subprocess.py:106} INFO - 26/01/29 19:37:35 INFO FileSourceStrategy: Pushed Filters:
[2026-01-29T19:37:35.238+0530] {subprocess.py:106} INFO - 26/01/29 19:37:35 INFO FileSourceStrategy: Post-Scan Filters: (CASE WHEN (apparent_temperature_min#22 < -1.6999999999999993) THEN false WHEN (apparent_temperature_min#22 > 34.3) THEN false ELSE (apparent_temperature_min#22 < -1.6999999999999993) END OR CASE WHEN (apparent_temperature_min#22 < -1.6999999999999993) THEN false WHEN (apparent_temperature_min#22 > 34.3) THEN false ELSE (apparent_temperature_min#22 > 34.3) END)
[2026-01-29T19:37:35.256+0530] {subprocess.py:106} INFO - 26/01/29 19:37:35 INFO CodeGenerator: Code generated in 8.045757 ms
[2026-01-29T19:37:35.258+0530] {subprocess.py:106} INFO - 26/01/29 19:37:35 INFO MemoryStore: Block broadcast_83 stored as values in memory (estimated size 350.2 KiB, free 364.3 MiB)
[2026-01-29T19:37:35.263+0530] {subprocess.py:106} INFO - 26/01/29 19:37:35 INFO MemoryStore: Block broadcast_83_piece0 stored as bytes in memory (estimated size 34.3 KiB, free 364.3 MiB)
[2026-01-29T19:37:35.264+0530] {subprocess.py:106} INFO - 26/01/29 19:37:35 INFO BlockManagerInfo: Added broadcast_83_piece0 in memory on Aishwarya92848DBDA:44583 (size: 34.3 KiB, free: 366.1 MiB)
[2026-01-29T19:37:35.264+0530] {subprocess.py:106} INFO - 26/01/29 19:37:35 INFO SparkContext: Created broadcast 83 from count at NativeMethodAccessorImpl.java:0
[2026-01-29T19:37:35.265+0530] {subprocess.py:106} INFO - 26/01/29 19:37:35 INFO FileSourceScanExec: Planning scan with bin packing, max size: 4194304 bytes, open cost is considered as scanning 4194304 bytes.
[2026-01-29T19:37:35.268+0530] {subprocess.py:106} INFO - 26/01/29 19:37:35 INFO DAGScheduler: Registering RDD 226 (count at NativeMethodAccessorImpl.java:0) as input to shuffle 13
[2026-01-29T19:37:35.268+0530] {subprocess.py:106} INFO - 26/01/29 19:37:35 INFO DAGScheduler: Got map stage job 48 (count at NativeMethodAccessorImpl.java:0) with 1 output partitions
[2026-01-29T19:37:35.268+0530] {subprocess.py:106} INFO - 26/01/29 19:37:35 INFO DAGScheduler: Final stage: ShuffleMapStage 61 (count at NativeMethodAccessorImpl.java:0)
[2026-01-29T19:37:35.269+0530] {subprocess.py:106} INFO - 26/01/29 19:37:35 INFO DAGScheduler: Parents of final stage: List()
[2026-01-29T19:37:35.269+0530] {subprocess.py:106} INFO - 26/01/29 19:37:35 INFO DAGScheduler: Missing parents: List()
[2026-01-29T19:37:35.269+0530] {subprocess.py:106} INFO - 26/01/29 19:37:35 INFO DAGScheduler: Submitting ShuffleMapStage 61 (MapPartitionsRDD[226] at count at NativeMethodAccessorImpl.java:0), which has no missing parents
[2026-01-29T19:37:35.270+0530] {subprocess.py:106} INFO - 26/01/29 19:37:35 INFO MemoryStore: Block broadcast_84 stored as values in memory (estimated size 22.1 KiB, free 364.3 MiB)
[2026-01-29T19:37:35.271+0530] {subprocess.py:106} INFO - 26/01/29 19:37:35 INFO MemoryStore: Block broadcast_84_piece0 stored as bytes in memory (estimated size 10.0 KiB, free 364.2 MiB)
[2026-01-29T19:37:35.272+0530] {subprocess.py:106} INFO - 26/01/29 19:37:35 INFO BlockManagerInfo: Added broadcast_84_piece0 in memory on Aishwarya92848DBDA:44583 (size: 10.0 KiB, free: 366.1 MiB)
[2026-01-29T19:37:35.272+0530] {subprocess.py:106} INFO - 26/01/29 19:37:35 INFO SparkContext: Created broadcast 84 from broadcast at DAGScheduler.scala:1585
[2026-01-29T19:37:35.273+0530] {subprocess.py:106} INFO - 26/01/29 19:37:35 INFO DAGScheduler: Submitting 1 missing tasks from ShuffleMapStage 61 (MapPartitionsRDD[226] at count at NativeMethodAccessorImpl.java:0) (first 15 tasks are for partitions Vector(0))
[2026-01-29T19:37:35.273+0530] {subprocess.py:106} INFO - 26/01/29 19:37:35 INFO TaskSchedulerImpl: Adding task set 61.0 with 1 tasks resource profile 0
[2026-01-29T19:37:35.274+0530] {subprocess.py:106} INFO - 26/01/29 19:37:35 INFO TaskSetManager: Starting task 0.0 in stage 61.0 (TID 48) (Aishwarya92848DBDA, executor driver, partition 0, NODE_LOCAL, 8230 bytes)
[2026-01-29T19:37:35.274+0530] {subprocess.py:106} INFO - 26/01/29 19:37:35 INFO Executor: Running task 0.0 in stage 61.0 (TID 48)
[2026-01-29T19:37:35.285+0530] {subprocess.py:106} INFO - 26/01/29 19:37:35 INFO CodeGenerator: Code generated in 8.76385 ms
[2026-01-29T19:37:35.286+0530] {subprocess.py:106} INFO - 26/01/29 19:37:35 INFO FileScanRDD: Reading File path: hdfs://localhost:9000/weather/data/raw_data/weather_dataset.csv, range: 0-2463, partition values: [empty row]
[2026-01-29T19:37:35.294+0530] {subprocess.py:106} INFO - 26/01/29 19:37:35 INFO Executor: Finished task 0.0 in stage 61.0 (TID 48). 1990 bytes result sent to driver
[2026-01-29T19:37:35.295+0530] {subprocess.py:106} INFO - 26/01/29 19:37:35 INFO TaskSetManager: Finished task 0.0 in stage 61.0 (TID 48) in 22 ms on Aishwarya92848DBDA (executor driver) (1/1)
[2026-01-29T19:37:35.295+0530] {subprocess.py:106} INFO - 26/01/29 19:37:35 INFO TaskSchedulerImpl: Removed TaskSet 61.0, whose tasks have all completed, from pool
[2026-01-29T19:37:35.296+0530] {subprocess.py:106} INFO - 26/01/29 19:37:35 INFO DAGScheduler: ShuffleMapStage 61 (count at NativeMethodAccessorImpl.java:0) finished in 0.028 s
[2026-01-29T19:37:35.296+0530] {subprocess.py:106} INFO - 26/01/29 19:37:35 INFO DAGScheduler: looking for newly runnable stages
[2026-01-29T19:37:35.297+0530] {subprocess.py:106} INFO - 26/01/29 19:37:35 INFO DAGScheduler: running: Set()
[2026-01-29T19:37:35.297+0530] {subprocess.py:106} INFO - 26/01/29 19:37:35 INFO DAGScheduler: waiting: Set()
[2026-01-29T19:37:35.297+0530] {subprocess.py:106} INFO - 26/01/29 19:37:35 INFO DAGScheduler: failed: Set()
[2026-01-29T19:37:35.309+0530] {subprocess.py:106} INFO - 26/01/29 19:37:35 INFO SparkContext: Starting job: count at NativeMethodAccessorImpl.java:0
[2026-01-29T19:37:35.310+0530] {subprocess.py:106} INFO - 26/01/29 19:37:35 INFO DAGScheduler: Got job 49 (count at NativeMethodAccessorImpl.java:0) with 1 output partitions
[2026-01-29T19:37:35.311+0530] {subprocess.py:106} INFO - 26/01/29 19:37:35 INFO DAGScheduler: Final stage: ResultStage 63 (count at NativeMethodAccessorImpl.java:0)
[2026-01-29T19:37:35.311+0530] {subprocess.py:106} INFO - 26/01/29 19:37:35 INFO DAGScheduler: Parents of final stage: List(ShuffleMapStage 62)
[2026-01-29T19:37:35.311+0530] {subprocess.py:106} INFO - 26/01/29 19:37:35 INFO DAGScheduler: Missing parents: List()
[2026-01-29T19:37:35.311+0530] {subprocess.py:106} INFO - 26/01/29 19:37:35 INFO DAGScheduler: Submitting ResultStage 63 (MapPartitionsRDD[229] at count at NativeMethodAccessorImpl.java:0), which has no missing parents
[2026-01-29T19:37:35.313+0530] {subprocess.py:106} INFO - 26/01/29 19:37:35 INFO MemoryStore: Block broadcast_85 stored as values in memory (estimated size 12.5 KiB, free 364.2 MiB)
[2026-01-29T19:37:35.314+0530] {subprocess.py:106} INFO - 26/01/29 19:37:35 INFO MemoryStore: Block broadcast_85_piece0 stored as bytes in memory (estimated size 5.9 KiB, free 364.2 MiB)
[2026-01-29T19:37:35.314+0530] {subprocess.py:106} INFO - 26/01/29 19:37:35 INFO BlockManagerInfo: Added broadcast_85_piece0 in memory on Aishwarya92848DBDA:44583 (size: 5.9 KiB, free: 366.1 MiB)
[2026-01-29T19:37:35.314+0530] {subprocess.py:106} INFO - 26/01/29 19:37:35 INFO SparkContext: Created broadcast 85 from broadcast at DAGScheduler.scala:1585
[2026-01-29T19:37:35.315+0530] {subprocess.py:106} INFO - 26/01/29 19:37:35 INFO DAGScheduler: Submitting 1 missing tasks from ResultStage 63 (MapPartitionsRDD[229] at count at NativeMethodAccessorImpl.java:0) (first 15 tasks are for partitions Vector(0))
[2026-01-29T19:37:35.315+0530] {subprocess.py:106} INFO - 26/01/29 19:37:35 INFO TaskSchedulerImpl: Adding task set 63.0 with 1 tasks resource profile 0
[2026-01-29T19:37:35.316+0530] {subprocess.py:106} INFO - 26/01/29 19:37:35 INFO TaskSetManager: Starting task 0.0 in stage 63.0 (TID 49) (Aishwarya92848DBDA, executor driver, partition 0, NODE_LOCAL, 7615 bytes)
[2026-01-29T19:37:35.316+0530] {subprocess.py:106} INFO - 26/01/29 19:37:35 INFO Executor: Running task 0.0 in stage 63.0 (TID 49)
[2026-01-29T19:37:35.318+0530] {subprocess.py:106} INFO - 26/01/29 19:37:35 INFO ShuffleBlockFetcherIterator: Getting 1 (60.0 B) non-empty blocks including 1 (60.0 B) local and 0 (0.0 B) host-local and 0 (0.0 B) push-merged-local and 0 (0.0 B) remote blocks
[2026-01-29T19:37:35.319+0530] {subprocess.py:106} INFO - 26/01/29 19:37:35 INFO ShuffleBlockFetcherIterator: Started 0 remote fetches in 0 ms
[2026-01-29T19:37:35.320+0530] {subprocess.py:106} INFO - 26/01/29 19:37:35 INFO Executor: Finished task 0.0 in stage 63.0 (TID 49). 3988 bytes result sent to driver
[2026-01-29T19:37:35.321+0530] {subprocess.py:106} INFO - 26/01/29 19:37:35 INFO TaskSetManager: Finished task 0.0 in stage 63.0 (TID 49) in 6 ms on Aishwarya92848DBDA (executor driver) (1/1)
[2026-01-29T19:37:35.322+0530] {subprocess.py:106} INFO - 26/01/29 19:37:35 INFO TaskSchedulerImpl: Removed TaskSet 63.0, whose tasks have all completed, from pool
[2026-01-29T19:37:35.322+0530] {subprocess.py:106} INFO - 26/01/29 19:37:35 INFO DAGScheduler: ResultStage 63 (count at NativeMethodAccessorImpl.java:0) finished in 0.010 s
[2026-01-29T19:37:35.322+0530] {subprocess.py:106} INFO - 26/01/29 19:37:35 INFO DAGScheduler: Job 49 is finished. Cancelling potential speculative or zombie tasks for this job
[2026-01-29T19:37:35.323+0530] {subprocess.py:106} INFO - 26/01/29 19:37:35 INFO TaskSchedulerImpl: Killing all running tasks in stage 63: Stage finished
[2026-01-29T19:37:35.323+0530] {subprocess.py:106} INFO - 26/01/29 19:37:35 INFO DAGScheduler: Job 49 finished: count at NativeMethodAccessorImpl.java:0, took 0.012828 s
[2026-01-29T19:37:35.324+0530] {subprocess.py:106} INFO - apparent_temperature_min: Outliers after handling = 0
[2026-01-29T19:37:35.340+0530] {subprocess.py:106} INFO - 26/01/29 19:37:35 INFO FileSourceStrategy: Pushed Filters:
[2026-01-29T19:37:35.341+0530] {subprocess.py:106} INFO - 26/01/29 19:37:35 INFO FileSourceStrategy: Post-Scan Filters:
[2026-01-29T19:37:35.342+0530] {subprocess.py:106} INFO - 26/01/29 19:37:35 INFO MemoryStore: Block broadcast_86 stored as values in memory (estimated size 350.2 KiB, free 363.9 MiB)
[2026-01-29T19:37:35.348+0530] {subprocess.py:106} INFO - 26/01/29 19:37:35 INFO MemoryStore: Block broadcast_86_piece0 stored as bytes in memory (estimated size 34.3 KiB, free 363.9 MiB)
[2026-01-29T19:37:35.348+0530] {subprocess.py:106} INFO - 26/01/29 19:37:35 INFO BlockManagerInfo: Added broadcast_86_piece0 in memory on Aishwarya92848DBDA:44583 (size: 34.3 KiB, free: 366.0 MiB)
[2026-01-29T19:37:35.349+0530] {subprocess.py:106} INFO - 26/01/29 19:37:35 INFO SparkContext: Created broadcast 86 from approxQuantile at <unknown>:0
[2026-01-29T19:37:35.349+0530] {subprocess.py:106} INFO - 26/01/29 19:37:35 INFO FileSourceScanExec: Planning scan with bin packing, max size: 4194304 bytes, open cost is considered as scanning 4194304 bytes.
[2026-01-29T19:37:35.359+0530] {subprocess.py:106} INFO - 26/01/29 19:37:35 INFO SparkContext: Starting job: approxQuantile at <unknown>:0
[2026-01-29T19:37:35.360+0530] {subprocess.py:106} INFO - 26/01/29 19:37:35 INFO DAGScheduler: Got job 50 (approxQuantile at <unknown>:0) with 1 output partitions
[2026-01-29T19:37:35.360+0530] {subprocess.py:106} INFO - 26/01/29 19:37:35 INFO DAGScheduler: Final stage: ResultStage 64 (approxQuantile at <unknown>:0)
[2026-01-29T19:37:35.360+0530] {subprocess.py:106} INFO - 26/01/29 19:37:35 INFO DAGScheduler: Parents of final stage: List()
[2026-01-29T19:37:35.360+0530] {subprocess.py:106} INFO - 26/01/29 19:37:35 INFO DAGScheduler: Missing parents: List()
[2026-01-29T19:37:35.360+0530] {subprocess.py:106} INFO - 26/01/29 19:37:35 INFO DAGScheduler: Submitting ResultStage 64 (MapPartitionsRDD[235] at approxQuantile at <unknown>:0), which has no missing parents
[2026-01-29T19:37:35.365+0530] {subprocess.py:106} INFO - 26/01/29 19:37:35 INFO MemoryStore: Block broadcast_87 stored as values in memory (estimated size 20.0 KiB, free 363.8 MiB)
[2026-01-29T19:37:35.366+0530] {subprocess.py:106} INFO - 26/01/29 19:37:35 INFO MemoryStore: Block broadcast_87_piece0 stored as bytes in memory (estimated size 9.5 KiB, free 363.8 MiB)
[2026-01-29T19:37:35.366+0530] {subprocess.py:106} INFO - 26/01/29 19:37:35 INFO BlockManagerInfo: Added broadcast_87_piece0 in memory on Aishwarya92848DBDA:44583 (size: 9.5 KiB, free: 366.0 MiB)
[2026-01-29T19:37:35.366+0530] {subprocess.py:106} INFO - 26/01/29 19:37:35 INFO SparkContext: Created broadcast 87 from broadcast at DAGScheduler.scala:1585
[2026-01-29T19:37:35.367+0530] {subprocess.py:106} INFO - 26/01/29 19:37:35 INFO DAGScheduler: Submitting 1 missing tasks from ResultStage 64 (MapPartitionsRDD[235] at approxQuantile at <unknown>:0) (first 15 tasks are for partitions Vector(0))
[2026-01-29T19:37:35.367+0530] {subprocess.py:106} INFO - 26/01/29 19:37:35 INFO TaskSchedulerImpl: Adding task set 64.0 with 1 tasks resource profile 0
[2026-01-29T19:37:35.367+0530] {subprocess.py:106} INFO - 26/01/29 19:37:35 INFO TaskSetManager: Starting task 0.0 in stage 64.0 (TID 50) (Aishwarya92848DBDA, executor driver, partition 0, NODE_LOCAL, 8241 bytes)
[2026-01-29T19:37:35.368+0530] {subprocess.py:106} INFO - 26/01/29 19:37:35 INFO Executor: Running task 0.0 in stage 64.0 (TID 50)
[2026-01-29T19:37:35.371+0530] {subprocess.py:106} INFO - 26/01/29 19:37:35 INFO FileScanRDD: Reading File path: hdfs://localhost:9000/weather/data/raw_data/weather_dataset.csv, range: 0-2463, partition values: [empty row]
[2026-01-29T19:37:35.376+0530] {subprocess.py:106} INFO - 26/01/29 19:37:35 INFO Executor: Finished task 0.0 in stage 64.0 (TID 50). 2998 bytes result sent to driver
[2026-01-29T19:37:35.377+0530] {subprocess.py:106} INFO - 26/01/29 19:37:35 INFO TaskSetManager: Finished task 0.0 in stage 64.0 (TID 50) in 10 ms on Aishwarya92848DBDA (executor driver) (1/1)
[2026-01-29T19:37:35.377+0530] {subprocess.py:106} INFO - 26/01/29 19:37:35 INFO TaskSchedulerImpl: Removed TaskSet 64.0, whose tasks have all completed, from pool
[2026-01-29T19:37:35.377+0530] {subprocess.py:106} INFO - 26/01/29 19:37:35 INFO DAGScheduler: ResultStage 64 (approxQuantile at <unknown>:0) finished in 0.016 s
[2026-01-29T19:37:35.377+0530] {subprocess.py:106} INFO - 26/01/29 19:37:35 INFO DAGScheduler: Job 50 is finished. Cancelling potential speculative or zombie tasks for this job
[2026-01-29T19:37:35.377+0530] {subprocess.py:106} INFO - 26/01/29 19:37:35 INFO TaskSchedulerImpl: Killing all running tasks in stage 64: Stage finished
[2026-01-29T19:37:35.378+0530] {subprocess.py:106} INFO - 26/01/29 19:37:35 INFO DAGScheduler: Job 50 finished: approxQuantile at <unknown>:0, took 0.018586 s
[2026-01-29T19:37:35.436+0530] {subprocess.py:106} INFO - 26/01/29 19:37:35 INFO FileSourceStrategy: Pushed Filters: Or(LessThan(precipitation_sum,0.0),GreaterThan(precipitation_sum,0.0))
[2026-01-29T19:37:35.437+0530] {subprocess.py:106} INFO - 26/01/29 19:37:35 INFO FileSourceStrategy: Post-Scan Filters: ((precipitation_sum#23 < 0.0) OR (precipitation_sum#23 > 0.0))
[2026-01-29T19:37:35.449+0530] {subprocess.py:106} INFO - 26/01/29 19:37:35 INFO MemoryStore: Block broadcast_88 stored as values in memory (estimated size 350.2 KiB, free 363.5 MiB)
[2026-01-29T19:37:35.455+0530] {subprocess.py:106} INFO - 26/01/29 19:37:35 INFO MemoryStore: Block broadcast_88_piece0 stored as bytes in memory (estimated size 34.3 KiB, free 363.5 MiB)
[2026-01-29T19:37:35.456+0530] {subprocess.py:106} INFO - 26/01/29 19:37:35 INFO BlockManagerInfo: Added broadcast_88_piece0 in memory on Aishwarya92848DBDA:44583 (size: 34.3 KiB, free: 366.0 MiB)
[2026-01-29T19:37:35.456+0530] {subprocess.py:106} INFO - 26/01/29 19:37:35 INFO SparkContext: Created broadcast 88 from count at NativeMethodAccessorImpl.java:0
[2026-01-29T19:37:35.457+0530] {subprocess.py:106} INFO - 26/01/29 19:37:35 INFO FileSourceScanExec: Planning scan with bin packing, max size: 4194304 bytes, open cost is considered as scanning 4194304 bytes.
[2026-01-29T19:37:35.460+0530] {subprocess.py:106} INFO - 26/01/29 19:37:35 INFO DAGScheduler: Registering RDD 239 (count at NativeMethodAccessorImpl.java:0) as input to shuffle 14
[2026-01-29T19:37:35.461+0530] {subprocess.py:106} INFO - 26/01/29 19:37:35 INFO DAGScheduler: Got map stage job 51 (count at NativeMethodAccessorImpl.java:0) with 1 output partitions
[2026-01-29T19:37:35.461+0530] {subprocess.py:106} INFO - 26/01/29 19:37:35 INFO DAGScheduler: Final stage: ShuffleMapStage 65 (count at NativeMethodAccessorImpl.java:0)
[2026-01-29T19:37:35.461+0530] {subprocess.py:106} INFO - 26/01/29 19:37:35 INFO DAGScheduler: Parents of final stage: List()
[2026-01-29T19:37:35.461+0530] {subprocess.py:106} INFO - 26/01/29 19:37:35 INFO DAGScheduler: Missing parents: List()
[2026-01-29T19:37:35.461+0530] {subprocess.py:106} INFO - 26/01/29 19:37:35 INFO DAGScheduler: Submitting ShuffleMapStage 65 (MapPartitionsRDD[239] at count at NativeMethodAccessorImpl.java:0), which has no missing parents
[2026-01-29T19:37:35.463+0530] {subprocess.py:106} INFO - 26/01/29 19:37:35 INFO MemoryStore: Block broadcast_89 stored as values in memory (estimated size 20.0 KiB, free 363.4 MiB)
[2026-01-29T19:37:35.463+0530] {subprocess.py:106} INFO - 26/01/29 19:37:35 INFO MemoryStore: Block broadcast_89_piece0 stored as bytes in memory (estimated size 9.7 KiB, free 363.4 MiB)
[2026-01-29T19:37:35.464+0530] {subprocess.py:106} INFO - 26/01/29 19:37:35 INFO BlockManagerInfo: Added broadcast_89_piece0 in memory on Aishwarya92848DBDA:44583 (size: 9.7 KiB, free: 366.0 MiB)
[2026-01-29T19:37:35.464+0530] {subprocess.py:106} INFO - 26/01/29 19:37:35 INFO SparkContext: Created broadcast 89 from broadcast at DAGScheduler.scala:1585
[2026-01-29T19:37:35.465+0530] {subprocess.py:106} INFO - 26/01/29 19:37:35 INFO DAGScheduler: Submitting 1 missing tasks from ShuffleMapStage 65 (MapPartitionsRDD[239] at count at NativeMethodAccessorImpl.java:0) (first 15 tasks are for partitions Vector(0))
[2026-01-29T19:37:35.465+0530] {subprocess.py:106} INFO - 26/01/29 19:37:35 INFO TaskSchedulerImpl: Adding task set 65.0 with 1 tasks resource profile 0
[2026-01-29T19:37:35.466+0530] {subprocess.py:106} INFO - 26/01/29 19:37:35 INFO TaskSetManager: Starting task 0.0 in stage 65.0 (TID 51) (Aishwarya92848DBDA, executor driver, partition 0, NODE_LOCAL, 8230 bytes)
[2026-01-29T19:37:35.466+0530] {subprocess.py:106} INFO - 26/01/29 19:37:35 INFO Executor: Running task 0.0 in stage 65.0 (TID 51)
[2026-01-29T19:37:35.469+0530] {subprocess.py:106} INFO - 26/01/29 19:37:35 INFO FileScanRDD: Reading File path: hdfs://localhost:9000/weather/data/raw_data/weather_dataset.csv, range: 0-2463, partition values: [empty row]
[2026-01-29T19:37:35.478+0530] {subprocess.py:106} INFO - 26/01/29 19:37:35 INFO Executor: Finished task 0.0 in stage 65.0 (TID 51). 1990 bytes result sent to driver
[2026-01-29T19:37:35.480+0530] {subprocess.py:106} INFO - 26/01/29 19:37:35 INFO TaskSetManager: Finished task 0.0 in stage 65.0 (TID 51) in 14 ms on Aishwarya92848DBDA (executor driver) (1/1)
[2026-01-29T19:37:35.480+0530] {subprocess.py:106} INFO - 26/01/29 19:37:35 INFO TaskSchedulerImpl: Removed TaskSet 65.0, whose tasks have all completed, from pool
[2026-01-29T19:37:35.481+0530] {subprocess.py:106} INFO - 26/01/29 19:37:35 INFO DAGScheduler: ShuffleMapStage 65 (count at NativeMethodAccessorImpl.java:0) finished in 0.019 s
[2026-01-29T19:37:35.481+0530] {subprocess.py:106} INFO - 26/01/29 19:37:35 INFO DAGScheduler: looking for newly runnable stages
[2026-01-29T19:37:35.481+0530] {subprocess.py:106} INFO - 26/01/29 19:37:35 INFO DAGScheduler: running: Set()
[2026-01-29T19:37:35.482+0530] {subprocess.py:106} INFO - 26/01/29 19:37:35 INFO DAGScheduler: waiting: Set()
[2026-01-29T19:37:35.482+0530] {subprocess.py:106} INFO - 26/01/29 19:37:35 INFO DAGScheduler: failed: Set()
[2026-01-29T19:37:35.494+0530] {subprocess.py:106} INFO - 26/01/29 19:37:35 INFO SparkContext: Starting job: count at NativeMethodAccessorImpl.java:0
[2026-01-29T19:37:35.495+0530] {subprocess.py:106} INFO - 26/01/29 19:37:35 INFO DAGScheduler: Got job 52 (count at NativeMethodAccessorImpl.java:0) with 1 output partitions
[2026-01-29T19:37:35.496+0530] {subprocess.py:106} INFO - 26/01/29 19:37:35 INFO DAGScheduler: Final stage: ResultStage 67 (count at NativeMethodAccessorImpl.java:0)
[2026-01-29T19:37:35.496+0530] {subprocess.py:106} INFO - 26/01/29 19:37:35 INFO DAGScheduler: Parents of final stage: List(ShuffleMapStage 66)
[2026-01-29T19:37:35.496+0530] {subprocess.py:106} INFO - 26/01/29 19:37:35 INFO DAGScheduler: Missing parents: List()
[2026-01-29T19:37:35.496+0530] {subprocess.py:106} INFO - 26/01/29 19:37:35 INFO DAGScheduler: Submitting ResultStage 67 (MapPartitionsRDD[242] at count at NativeMethodAccessorImpl.java:0), which has no missing parents
[2026-01-29T19:37:35.497+0530] {subprocess.py:106} INFO - 26/01/29 19:37:35 INFO MemoryStore: Block broadcast_90 stored as values in memory (estimated size 12.5 KiB, free 363.4 MiB)
[2026-01-29T19:37:35.498+0530] {subprocess.py:106} INFO - 26/01/29 19:37:35 INFO MemoryStore: Block broadcast_90_piece0 stored as bytes in memory (estimated size 5.9 KiB, free 363.4 MiB)
[2026-01-29T19:37:35.499+0530] {subprocess.py:106} INFO - 26/01/29 19:37:35 INFO BlockManagerInfo: Added broadcast_90_piece0 in memory on Aishwarya92848DBDA:44583 (size: 5.9 KiB, free: 366.0 MiB)
[2026-01-29T19:37:35.499+0530] {subprocess.py:106} INFO - 26/01/29 19:37:35 INFO SparkContext: Created broadcast 90 from broadcast at DAGScheduler.scala:1585
[2026-01-29T19:37:35.499+0530] {subprocess.py:106} INFO - 26/01/29 19:37:35 INFO DAGScheduler: Submitting 1 missing tasks from ResultStage 67 (MapPartitionsRDD[242] at count at NativeMethodAccessorImpl.java:0) (first 15 tasks are for partitions Vector(0))
[2026-01-29T19:37:35.499+0530] {subprocess.py:106} INFO - 26/01/29 19:37:35 INFO TaskSchedulerImpl: Adding task set 67.0 with 1 tasks resource profile 0
[2026-01-29T19:37:35.500+0530] {subprocess.py:106} INFO - 26/01/29 19:37:35 INFO TaskSetManager: Starting task 0.0 in stage 67.0 (TID 52) (Aishwarya92848DBDA, executor driver, partition 0, NODE_LOCAL, 7615 bytes)
[2026-01-29T19:37:35.501+0530] {subprocess.py:106} INFO - 26/01/29 19:37:35 INFO Executor: Running task 0.0 in stage 67.0 (TID 52)
[2026-01-29T19:37:35.503+0530] {subprocess.py:106} INFO - 26/01/29 19:37:35 INFO ShuffleBlockFetcherIterator: Getting 1 (60.0 B) non-empty blocks including 1 (60.0 B) local and 0 (0.0 B) host-local and 0 (0.0 B) push-merged-local and 0 (0.0 B) remote blocks
[2026-01-29T19:37:35.504+0530] {subprocess.py:106} INFO - 26/01/29 19:37:35 INFO ShuffleBlockFetcherIterator: Started 0 remote fetches in 0 ms
[2026-01-29T19:37:35.506+0530] {subprocess.py:106} INFO - 26/01/29 19:37:35 INFO Executor: Finished task 0.0 in stage 67.0 (TID 52). 3988 bytes result sent to driver
[2026-01-29T19:37:35.507+0530] {subprocess.py:106} INFO - 26/01/29 19:37:35 INFO TaskSetManager: Finished task 0.0 in stage 67.0 (TID 52) in 7 ms on Aishwarya92848DBDA (executor driver) (1/1)
[2026-01-29T19:37:35.507+0530] {subprocess.py:106} INFO - 26/01/29 19:37:35 INFO TaskSchedulerImpl: Removed TaskSet 67.0, whose tasks have all completed, from pool
[2026-01-29T19:37:35.508+0530] {subprocess.py:106} INFO - 26/01/29 19:37:35 INFO DAGScheduler: ResultStage 67 (count at NativeMethodAccessorImpl.java:0) finished in 0.011 s
[2026-01-29T19:37:35.508+0530] {subprocess.py:106} INFO - 26/01/29 19:37:35 INFO DAGScheduler: Job 52 is finished. Cancelling potential speculative or zombie tasks for this job
[2026-01-29T19:37:35.508+0530] {subprocess.py:106} INFO - 26/01/29 19:37:35 INFO TaskSchedulerImpl: Killing all running tasks in stage 67: Stage finished
[2026-01-29T19:37:35.508+0530] {subprocess.py:106} INFO - 26/01/29 19:37:35 INFO DAGScheduler: Job 52 finished: count at NativeMethodAccessorImpl.java:0, took 0.013736 s
[2026-01-29T19:37:35.510+0530] {subprocess.py:106} INFO - precipitation_sum: Outliers after handling = 0
[2026-01-29T19:37:35.529+0530] {subprocess.py:106} INFO - 26/01/29 19:37:35 INFO FileSourceStrategy: Pushed Filters:
[2026-01-29T19:37:35.530+0530] {subprocess.py:106} INFO - 26/01/29 19:37:35 INFO FileSourceStrategy: Post-Scan Filters:
[2026-01-29T19:37:35.532+0530] {subprocess.py:106} INFO - 26/01/29 19:37:35 INFO MemoryStore: Block broadcast_91 stored as values in memory (estimated size 350.2 KiB, free 363.1 MiB)
[2026-01-29T19:37:35.537+0530] {subprocess.py:106} INFO - 26/01/29 19:37:35 INFO MemoryStore: Block broadcast_91_piece0 stored as bytes in memory (estimated size 34.3 KiB, free 363.0 MiB)
[2026-01-29T19:37:35.538+0530] {subprocess.py:106} INFO - 26/01/29 19:37:35 INFO BlockManagerInfo: Added broadcast_91_piece0 in memory on Aishwarya92848DBDA:44583 (size: 34.3 KiB, free: 365.9 MiB)
[2026-01-29T19:37:35.538+0530] {subprocess.py:106} INFO - 26/01/29 19:37:35 INFO SparkContext: Created broadcast 91 from approxQuantile at <unknown>:0
[2026-01-29T19:37:35.539+0530] {subprocess.py:106} INFO - 26/01/29 19:37:35 INFO FileSourceScanExec: Planning scan with bin packing, max size: 4194304 bytes, open cost is considered as scanning 4194304 bytes.
[2026-01-29T19:37:35.549+0530] {subprocess.py:106} INFO - 26/01/29 19:37:35 INFO SparkContext: Starting job: approxQuantile at <unknown>:0
[2026-01-29T19:37:35.550+0530] {subprocess.py:106} INFO - 26/01/29 19:37:35 INFO DAGScheduler: Got job 53 (approxQuantile at <unknown>:0) with 1 output partitions
[2026-01-29T19:37:35.551+0530] {subprocess.py:106} INFO - 26/01/29 19:37:35 INFO DAGScheduler: Final stage: ResultStage 68 (approxQuantile at <unknown>:0)
[2026-01-29T19:37:35.551+0530] {subprocess.py:106} INFO - 26/01/29 19:37:35 INFO DAGScheduler: Parents of final stage: List()
[2026-01-29T19:37:35.551+0530] {subprocess.py:106} INFO - 26/01/29 19:37:35 INFO DAGScheduler: Missing parents: List()
[2026-01-29T19:37:35.551+0530] {subprocess.py:106} INFO - 26/01/29 19:37:35 INFO DAGScheduler: Submitting ResultStage 68 (MapPartitionsRDD[248] at approxQuantile at <unknown>:0), which has no missing parents
[2026-01-29T19:37:35.555+0530] {subprocess.py:106} INFO - 26/01/29 19:37:35 INFO MemoryStore: Block broadcast_92 stored as values in memory (estimated size 20.0 KiB, free 363.0 MiB)
[2026-01-29T19:37:35.573+0530] {subprocess.py:106} INFO - 26/01/29 19:37:35 INFO MemoryStore: Block broadcast_92_piece0 stored as bytes in memory (estimated size 9.5 KiB, free 363.0 MiB)
[2026-01-29T19:37:35.574+0530] {subprocess.py:106} INFO - 26/01/29 19:37:35 INFO BlockManagerInfo: Added broadcast_92_piece0 in memory on Aishwarya92848DBDA:44583 (size: 9.5 KiB, free: 365.9 MiB)
[2026-01-29T19:37:35.574+0530] {subprocess.py:106} INFO - 26/01/29 19:37:35 INFO SparkContext: Created broadcast 92 from broadcast at DAGScheduler.scala:1585
[2026-01-29T19:37:35.574+0530] {subprocess.py:106} INFO - 26/01/29 19:37:35 INFO DAGScheduler: Submitting 1 missing tasks from ResultStage 68 (MapPartitionsRDD[248] at approxQuantile at <unknown>:0) (first 15 tasks are for partitions Vector(0))
[2026-01-29T19:37:35.575+0530] {subprocess.py:106} INFO - 26/01/29 19:37:35 INFO TaskSchedulerImpl: Adding task set 68.0 with 1 tasks resource profile 0
[2026-01-29T19:37:35.575+0530] {subprocess.py:106} INFO - 26/01/29 19:37:35 INFO BlockManagerInfo: Removed broadcast_77_piece0 on Aishwarya92848DBDA:44583 in memory (size: 15.2 KiB, free: 366.0 MiB)
[2026-01-29T19:37:35.576+0530] {subprocess.py:106} INFO - 26/01/29 19:37:35 INFO TaskSetManager: Starting task 0.0 in stage 68.0 (TID 53) (Aishwarya92848DBDA, executor driver, partition 0, NODE_LOCAL, 8241 bytes)
[2026-01-29T19:37:35.576+0530] {subprocess.py:106} INFO - 26/01/29 19:37:35 INFO Executor: Running task 0.0 in stage 68.0 (TID 53)
[2026-01-29T19:37:35.576+0530] {subprocess.py:106} INFO - 26/01/29 19:37:35 INFO BlockManagerInfo: Removed broadcast_83_piece0 on Aishwarya92848DBDA:44583 in memory (size: 34.3 KiB, free: 366.0 MiB)
[2026-01-29T19:37:35.578+0530] {subprocess.py:106} INFO - 26/01/29 19:37:35 INFO BlockManagerInfo: Removed broadcast_85_piece0 on Aishwarya92848DBDA:44583 in memory (size: 5.9 KiB, free: 366.0 MiB)
[2026-01-29T19:37:35.580+0530] {subprocess.py:106} INFO - 26/01/29 19:37:35 INFO BlockManagerInfo: Removed broadcast_89_piece0 on Aishwarya92848DBDA:44583 in memory (size: 9.7 KiB, free: 366.0 MiB)
[2026-01-29T19:37:35.581+0530] {subprocess.py:106} INFO - 26/01/29 19:37:35 INFO BlockManagerInfo: Removed broadcast_87_piece0 on Aishwarya92848DBDA:44583 in memory (size: 9.5 KiB, free: 366.0 MiB)
[2026-01-29T19:37:35.582+0530] {subprocess.py:106} INFO - 26/01/29 19:37:35 INFO FileScanRDD: Reading File path: hdfs://localhost:9000/weather/data/raw_data/weather_dataset.csv, range: 0-2463, partition values: [empty row]
[2026-01-29T19:37:35.583+0530] {subprocess.py:106} INFO - 26/01/29 19:37:35 INFO BlockManagerInfo: Removed broadcast_88_piece0 on Aishwarya92848DBDA:44583 in memory (size: 34.3 KiB, free: 366.0 MiB)
[2026-01-29T19:37:35.584+0530] {subprocess.py:106} INFO - 26/01/29 19:37:35 INFO BlockManagerInfo: Removed broadcast_84_piece0 on Aishwarya92848DBDA:44583 in memory (size: 10.0 KiB, free: 366.1 MiB)
[2026-01-29T19:37:35.585+0530] {subprocess.py:106} INFO - 26/01/29 19:37:35 INFO BlockManagerInfo: Removed broadcast_79_piece0 on Aishwarya92848DBDA:44583 in memory (size: 10.0 KiB, free: 366.1 MiB)
[2026-01-29T19:37:35.587+0530] {subprocess.py:106} INFO - 26/01/29 19:37:35 INFO BlockManagerInfo: Removed broadcast_86_piece0 on Aishwarya92848DBDA:44583 in memory (size: 34.3 KiB, free: 366.1 MiB)
[2026-01-29T19:37:35.588+0530] {subprocess.py:106} INFO - 26/01/29 19:37:35 INFO BlockManagerInfo: Removed broadcast_80_piece0 on Aishwarya92848DBDA:44583 in memory (size: 5.9 KiB, free: 366.1 MiB)
[2026-01-29T19:37:35.590+0530] {subprocess.py:106} INFO - 26/01/29 19:37:35 INFO BlockManagerInfo: Removed broadcast_78_piece0 on Aishwarya92848DBDA:44583 in memory (size: 34.3 KiB, free: 366.1 MiB)
[2026-01-29T19:37:35.590+0530] {subprocess.py:106} INFO - 26/01/29 19:37:35 INFO Executor: Finished task 0.0 in stage 68.0 (TID 53). 2998 bytes result sent to driver
[2026-01-29T19:37:35.591+0530] {subprocess.py:106} INFO - 26/01/29 19:37:35 INFO TaskSetManager: Finished task 0.0 in stage 68.0 (TID 53) in 16 ms on Aishwarya92848DBDA (executor driver) (1/1)
[2026-01-29T19:37:35.591+0530] {subprocess.py:106} INFO - 26/01/29 19:37:35 INFO TaskSchedulerImpl: Removed TaskSet 68.0, whose tasks have all completed, from pool
[2026-01-29T19:37:35.591+0530] {subprocess.py:106} INFO - 26/01/29 19:37:35 INFO DAGScheduler: ResultStage 68 (approxQuantile at <unknown>:0) finished in 0.040 s
[2026-01-29T19:37:35.592+0530] {subprocess.py:106} INFO - 26/01/29 19:37:35 INFO DAGScheduler: Job 53 is finished. Cancelling potential speculative or zombie tasks for this job
[2026-01-29T19:37:35.592+0530] {subprocess.py:106} INFO - 26/01/29 19:37:35 INFO TaskSchedulerImpl: Killing all running tasks in stage 68: Stage finished
[2026-01-29T19:37:35.592+0530] {subprocess.py:106} INFO - 26/01/29 19:37:35 INFO BlockManagerInfo: Removed broadcast_90_piece0 on Aishwarya92848DBDA:44583 in memory (size: 5.9 KiB, free: 366.1 MiB)
[2026-01-29T19:37:35.592+0530] {subprocess.py:106} INFO - 26/01/29 19:37:35 INFO DAGScheduler: Job 53 finished: approxQuantile at <unknown>:0, took 0.042719 s
[2026-01-29T19:37:35.594+0530] {subprocess.py:106} INFO - 26/01/29 19:37:35 INFO BlockManagerInfo: Removed broadcast_82_piece0 on Aishwarya92848DBDA:44583 in memory (size: 15.2 KiB, free: 366.2 MiB)
[2026-01-29T19:37:35.596+0530] {subprocess.py:106} INFO - 26/01/29 19:37:35 INFO BlockManagerInfo: Removed broadcast_73_piece0 on Aishwarya92848DBDA:44583 in memory (size: 34.3 KiB, free: 366.2 MiB)
[2026-01-29T19:37:35.597+0530] {subprocess.py:106} INFO - 26/01/29 19:37:35 INFO BlockManagerInfo: Removed broadcast_81_piece0 on Aishwarya92848DBDA:44583 in memory (size: 34.3 KiB, free: 366.2 MiB)
[2026-01-29T19:37:35.599+0530] {subprocess.py:106} INFO - 26/01/29 19:37:35 INFO BlockManagerInfo: Removed broadcast_76_piece0 on Aishwarya92848DBDA:44583 in memory (size: 34.3 KiB, free: 366.3 MiB)
[2026-01-29T19:37:35.674+0530] {subprocess.py:106} INFO - 26/01/29 19:37:35 INFO FileSourceStrategy: Pushed Filters: Or(LessThan(rain_sum,0.0),GreaterThan(rain_sum,0.0))
[2026-01-29T19:37:35.674+0530] {subprocess.py:106} INFO - 26/01/29 19:37:35 INFO FileSourceStrategy: Post-Scan Filters: ((rain_sum#24 < 0.0) OR (rain_sum#24 > 0.0))
[2026-01-29T19:37:35.683+0530] {subprocess.py:106} INFO - 26/01/29 19:37:35 INFO MemoryStore: Block broadcast_93 stored as values in memory (estimated size 350.2 KiB, free 365.6 MiB)
[2026-01-29T19:37:35.688+0530] {subprocess.py:106} INFO - 26/01/29 19:37:35 INFO MemoryStore: Block broadcast_93_piece0 stored as bytes in memory (estimated size 34.3 KiB, free 365.5 MiB)
[2026-01-29T19:37:35.689+0530] {subprocess.py:106} INFO - 26/01/29 19:37:35 INFO BlockManagerInfo: Added broadcast_93_piece0 in memory on Aishwarya92848DBDA:44583 (size: 34.3 KiB, free: 366.2 MiB)
[2026-01-29T19:37:35.689+0530] {subprocess.py:106} INFO - 26/01/29 19:37:35 INFO SparkContext: Created broadcast 93 from count at NativeMethodAccessorImpl.java:0
[2026-01-29T19:37:35.690+0530] {subprocess.py:106} INFO - 26/01/29 19:37:35 INFO FileSourceScanExec: Planning scan with bin packing, max size: 4194304 bytes, open cost is considered as scanning 4194304 bytes.
[2026-01-29T19:37:35.693+0530] {subprocess.py:106} INFO - 26/01/29 19:37:35 INFO DAGScheduler: Registering RDD 252 (count at NativeMethodAccessorImpl.java:0) as input to shuffle 15
[2026-01-29T19:37:35.693+0530] {subprocess.py:106} INFO - 26/01/29 19:37:35 INFO DAGScheduler: Got map stage job 54 (count at NativeMethodAccessorImpl.java:0) with 1 output partitions
[2026-01-29T19:37:35.693+0530] {subprocess.py:106} INFO - 26/01/29 19:37:35 INFO DAGScheduler: Final stage: ShuffleMapStage 69 (count at NativeMethodAccessorImpl.java:0)
[2026-01-29T19:37:35.693+0530] {subprocess.py:106} INFO - 26/01/29 19:37:35 INFO DAGScheduler: Parents of final stage: List()
[2026-01-29T19:37:35.693+0530] {subprocess.py:106} INFO - 26/01/29 19:37:35 INFO DAGScheduler: Missing parents: List()
[2026-01-29T19:37:35.694+0530] {subprocess.py:106} INFO - 26/01/29 19:37:35 INFO DAGScheduler: Submitting ShuffleMapStage 69 (MapPartitionsRDD[252] at count at NativeMethodAccessorImpl.java:0), which has no missing parents
[2026-01-29T19:37:35.695+0530] {subprocess.py:106} INFO - 26/01/29 19:37:35 INFO MemoryStore: Block broadcast_94 stored as values in memory (estimated size 20.0 KiB, free 365.5 MiB)
[2026-01-29T19:37:35.696+0530] {subprocess.py:106} INFO - 26/01/29 19:37:35 INFO MemoryStore: Block broadcast_94_piece0 stored as bytes in memory (estimated size 9.7 KiB, free 365.5 MiB)
[2026-01-29T19:37:35.696+0530] {subprocess.py:106} INFO - 26/01/29 19:37:35 INFO BlockManagerInfo: Added broadcast_94_piece0 in memory on Aishwarya92848DBDA:44583 (size: 9.7 KiB, free: 366.2 MiB)
[2026-01-29T19:37:35.697+0530] {subprocess.py:106} INFO - 26/01/29 19:37:35 INFO SparkContext: Created broadcast 94 from broadcast at DAGScheduler.scala:1585
[2026-01-29T19:37:35.697+0530] {subprocess.py:106} INFO - 26/01/29 19:37:35 INFO DAGScheduler: Submitting 1 missing tasks from ShuffleMapStage 69 (MapPartitionsRDD[252] at count at NativeMethodAccessorImpl.java:0) (first 15 tasks are for partitions Vector(0))
[2026-01-29T19:37:35.697+0530] {subprocess.py:106} INFO - 26/01/29 19:37:35 INFO TaskSchedulerImpl: Adding task set 69.0 with 1 tasks resource profile 0
[2026-01-29T19:37:35.698+0530] {subprocess.py:106} INFO - 26/01/29 19:37:35 INFO TaskSetManager: Starting task 0.0 in stage 69.0 (TID 54) (Aishwarya92848DBDA, executor driver, partition 0, NODE_LOCAL, 8230 bytes)
[2026-01-29T19:37:35.698+0530] {subprocess.py:106} INFO - 26/01/29 19:37:35 INFO Executor: Running task 0.0 in stage 69.0 (TID 54)
[2026-01-29T19:37:35.701+0530] {subprocess.py:106} INFO - 26/01/29 19:37:35 INFO FileScanRDD: Reading File path: hdfs://localhost:9000/weather/data/raw_data/weather_dataset.csv, range: 0-2463, partition values: [empty row]
[2026-01-29T19:37:35.708+0530] {subprocess.py:106} INFO - 26/01/29 19:37:35 INFO Executor: Finished task 0.0 in stage 69.0 (TID 54). 1990 bytes result sent to driver
[2026-01-29T19:37:35.709+0530] {subprocess.py:106} INFO - 26/01/29 19:37:35 INFO TaskSetManager: Finished task 0.0 in stage 69.0 (TID 54) in 12 ms on Aishwarya92848DBDA (executor driver) (1/1)
[2026-01-29T19:37:35.709+0530] {subprocess.py:106} INFO - 26/01/29 19:37:35 INFO TaskSchedulerImpl: Removed TaskSet 69.0, whose tasks have all completed, from pool
[2026-01-29T19:37:35.709+0530] {subprocess.py:106} INFO - 26/01/29 19:37:35 INFO DAGScheduler: ShuffleMapStage 69 (count at NativeMethodAccessorImpl.java:0) finished in 0.016 s
[2026-01-29T19:37:35.710+0530] {subprocess.py:106} INFO - 26/01/29 19:37:35 INFO DAGScheduler: looking for newly runnable stages
[2026-01-29T19:37:35.710+0530] {subprocess.py:106} INFO - 26/01/29 19:37:35 INFO DAGScheduler: running: Set()
[2026-01-29T19:37:35.710+0530] {subprocess.py:106} INFO - 26/01/29 19:37:35 INFO DAGScheduler: waiting: Set()
[2026-01-29T19:37:35.710+0530] {subprocess.py:106} INFO - 26/01/29 19:37:35 INFO DAGScheduler: failed: Set()
[2026-01-29T19:37:35.721+0530] {subprocess.py:106} INFO - 26/01/29 19:37:35 INFO SparkContext: Starting job: count at NativeMethodAccessorImpl.java:0
[2026-01-29T19:37:35.722+0530] {subprocess.py:106} INFO - 26/01/29 19:37:35 INFO DAGScheduler: Got job 55 (count at NativeMethodAccessorImpl.java:0) with 1 output partitions
[2026-01-29T19:37:35.722+0530] {subprocess.py:106} INFO - 26/01/29 19:37:35 INFO DAGScheduler: Final stage: ResultStage 71 (count at NativeMethodAccessorImpl.java:0)
[2026-01-29T19:37:35.722+0530] {subprocess.py:106} INFO - 26/01/29 19:37:35 INFO DAGScheduler: Parents of final stage: List(ShuffleMapStage 70)
[2026-01-29T19:37:35.723+0530] {subprocess.py:106} INFO - 26/01/29 19:37:35 INFO DAGScheduler: Missing parents: List()
[2026-01-29T19:37:35.723+0530] {subprocess.py:106} INFO - 26/01/29 19:37:35 INFO DAGScheduler: Submitting ResultStage 71 (MapPartitionsRDD[255] at count at NativeMethodAccessorImpl.java:0), which has no missing parents
[2026-01-29T19:37:35.724+0530] {subprocess.py:106} INFO - 26/01/29 19:37:35 INFO MemoryStore: Block broadcast_95 stored as values in memory (estimated size 12.5 KiB, free 365.5 MiB)
[2026-01-29T19:37:35.725+0530] {subprocess.py:106} INFO - 26/01/29 19:37:35 INFO MemoryStore: Block broadcast_95_piece0 stored as bytes in memory (estimated size 5.9 KiB, free 365.5 MiB)
[2026-01-29T19:37:35.725+0530] {subprocess.py:106} INFO - 26/01/29 19:37:35 INFO BlockManagerInfo: Added broadcast_95_piece0 in memory on Aishwarya92848DBDA:44583 (size: 5.9 KiB, free: 366.2 MiB)
[2026-01-29T19:37:35.726+0530] {subprocess.py:106} INFO - 26/01/29 19:37:35 INFO SparkContext: Created broadcast 95 from broadcast at DAGScheduler.scala:1585
[2026-01-29T19:37:35.726+0530] {subprocess.py:106} INFO - 26/01/29 19:37:35 INFO DAGScheduler: Submitting 1 missing tasks from ResultStage 71 (MapPartitionsRDD[255] at count at NativeMethodAccessorImpl.java:0) (first 15 tasks are for partitions Vector(0))
[2026-01-29T19:37:35.727+0530] {subprocess.py:106} INFO - 26/01/29 19:37:35 INFO TaskSchedulerImpl: Adding task set 71.0 with 1 tasks resource profile 0
[2026-01-29T19:37:35.727+0530] {subprocess.py:106} INFO - 26/01/29 19:37:35 INFO TaskSetManager: Starting task 0.0 in stage 71.0 (TID 55) (Aishwarya92848DBDA, executor driver, partition 0, NODE_LOCAL, 7615 bytes)
[2026-01-29T19:37:35.728+0530] {subprocess.py:106} INFO - 26/01/29 19:37:35 INFO Executor: Running task 0.0 in stage 71.0 (TID 55)
[2026-01-29T19:37:35.730+0530] {subprocess.py:106} INFO - 26/01/29 19:37:35 INFO ShuffleBlockFetcherIterator: Getting 1 (60.0 B) non-empty blocks including 1 (60.0 B) local and 0 (0.0 B) host-local and 0 (0.0 B) push-merged-local and 0 (0.0 B) remote blocks
[2026-01-29T19:37:35.730+0530] {subprocess.py:106} INFO - 26/01/29 19:37:35 INFO ShuffleBlockFetcherIterator: Started 0 remote fetches in 0 ms
[2026-01-29T19:37:35.732+0530] {subprocess.py:106} INFO - 26/01/29 19:37:35 INFO Executor: Finished task 0.0 in stage 71.0 (TID 55). 3988 bytes result sent to driver
[2026-01-29T19:37:35.732+0530] {subprocess.py:106} INFO - 26/01/29 19:37:35 INFO TaskSetManager: Finished task 0.0 in stage 71.0 (TID 55) in 5 ms on Aishwarya92848DBDA (executor driver) (1/1)
[2026-01-29T19:37:35.732+0530] {subprocess.py:106} INFO - 26/01/29 19:37:35 INFO TaskSchedulerImpl: Removed TaskSet 71.0, whose tasks have all completed, from pool
[2026-01-29T19:37:35.733+0530] {subprocess.py:106} INFO - 26/01/29 19:37:35 INFO DAGScheduler: ResultStage 71 (count at NativeMethodAccessorImpl.java:0) finished in 0.009 s
[2026-01-29T19:37:35.733+0530] {subprocess.py:106} INFO - 26/01/29 19:37:35 INFO DAGScheduler: Job 55 is finished. Cancelling potential speculative or zombie tasks for this job
[2026-01-29T19:37:35.733+0530] {subprocess.py:106} INFO - 26/01/29 19:37:35 INFO TaskSchedulerImpl: Killing all running tasks in stage 71: Stage finished
[2026-01-29T19:37:35.733+0530] {subprocess.py:106} INFO - 26/01/29 19:37:35 INFO DAGScheduler: Job 55 finished: count at NativeMethodAccessorImpl.java:0, took 0.011937 s
[2026-01-29T19:37:35.734+0530] {subprocess.py:106} INFO - rain_sum: Outliers after handling = 0
[2026-01-29T19:37:35.755+0530] {subprocess.py:106} INFO - 26/01/29 19:37:35 INFO FileSourceStrategy: Pushed Filters:
[2026-01-29T19:37:35.755+0530] {subprocess.py:106} INFO - 26/01/29 19:37:35 INFO FileSourceStrategy: Post-Scan Filters:
[2026-01-29T19:37:35.767+0530] {subprocess.py:106} INFO - 26/01/29 19:37:35 INFO CodeGenerator: Code generated in 8.007254 ms
[2026-01-29T19:37:35.769+0530] {subprocess.py:106} INFO - 26/01/29 19:37:35 INFO MemoryStore: Block broadcast_96 stored as values in memory (estimated size 350.2 KiB, free 365.1 MiB)
[2026-01-29T19:37:35.775+0530] {subprocess.py:106} INFO - 26/01/29 19:37:35 INFO MemoryStore: Block broadcast_96_piece0 stored as bytes in memory (estimated size 34.3 KiB, free 365.1 MiB)
[2026-01-29T19:37:35.776+0530] {subprocess.py:106} INFO - 26/01/29 19:37:35 INFO BlockManagerInfo: Added broadcast_96_piece0 in memory on Aishwarya92848DBDA:44583 (size: 34.3 KiB, free: 366.2 MiB)
[2026-01-29T19:37:35.776+0530] {subprocess.py:106} INFO - 26/01/29 19:37:35 INFO SparkContext: Created broadcast 96 from approxQuantile at <unknown>:0
[2026-01-29T19:37:35.777+0530] {subprocess.py:106} INFO - 26/01/29 19:37:35 INFO FileSourceScanExec: Planning scan with bin packing, max size: 4194304 bytes, open cost is considered as scanning 4194304 bytes.
[2026-01-29T19:37:35.789+0530] {subprocess.py:106} INFO - 26/01/29 19:37:35 INFO SparkContext: Starting job: approxQuantile at <unknown>:0
[2026-01-29T19:37:35.789+0530] {subprocess.py:106} INFO - 26/01/29 19:37:35 INFO DAGScheduler: Got job 56 (approxQuantile at <unknown>:0) with 1 output partitions
[2026-01-29T19:37:35.790+0530] {subprocess.py:106} INFO - 26/01/29 19:37:35 INFO DAGScheduler: Final stage: ResultStage 72 (approxQuantile at <unknown>:0)
[2026-01-29T19:37:35.790+0530] {subprocess.py:106} INFO - 26/01/29 19:37:35 INFO DAGScheduler: Parents of final stage: List()
[2026-01-29T19:37:35.790+0530] {subprocess.py:106} INFO - 26/01/29 19:37:35 INFO DAGScheduler: Missing parents: List()
[2026-01-29T19:37:35.790+0530] {subprocess.py:106} INFO - 26/01/29 19:37:35 INFO DAGScheduler: Submitting ResultStage 72 (MapPartitionsRDD[262] at approxQuantile at <unknown>:0), which has no missing parents
[2026-01-29T19:37:35.797+0530] {subprocess.py:106} INFO - 26/01/29 19:37:35 INFO MemoryStore: Block broadcast_97 stored as values in memory (estimated size 32.8 KiB, free 365.1 MiB)
[2026-01-29T19:37:35.798+0530] {subprocess.py:106} INFO - 26/01/29 19:37:35 INFO MemoryStore: Block broadcast_97_piece0 stored as bytes in memory (estimated size 15.2 KiB, free 365.1 MiB)
[2026-01-29T19:37:35.799+0530] {subprocess.py:106} INFO - 26/01/29 19:37:35 INFO BlockManagerInfo: Added broadcast_97_piece0 in memory on Aishwarya92848DBDA:44583 (size: 15.2 KiB, free: 366.2 MiB)
[2026-01-29T19:37:35.799+0530] {subprocess.py:106} INFO - 26/01/29 19:37:35 INFO SparkContext: Created broadcast 97 from broadcast at DAGScheduler.scala:1585
[2026-01-29T19:37:35.799+0530] {subprocess.py:106} INFO - 26/01/29 19:37:35 INFO DAGScheduler: Submitting 1 missing tasks from ResultStage 72 (MapPartitionsRDD[262] at approxQuantile at <unknown>:0) (first 15 tasks are for partitions Vector(0))
[2026-01-29T19:37:35.800+0530] {subprocess.py:106} INFO - 26/01/29 19:37:35 INFO TaskSchedulerImpl: Adding task set 72.0 with 1 tasks resource profile 0
[2026-01-29T19:37:35.800+0530] {subprocess.py:106} INFO - 26/01/29 19:37:35 INFO TaskSetManager: Starting task 0.0 in stage 72.0 (TID 56) (Aishwarya92848DBDA, executor driver, partition 0, NODE_LOCAL, 8241 bytes)
[2026-01-29T19:37:35.801+0530] {subprocess.py:106} INFO - 26/01/29 19:37:35 INFO Executor: Running task 0.0 in stage 72.0 (TID 56)
[2026-01-29T19:37:35.816+0530] {subprocess.py:106} INFO - 26/01/29 19:37:35 INFO CodeGenerator: Code generated in 11.022049 ms
[2026-01-29T19:37:35.819+0530] {subprocess.py:106} INFO - 26/01/29 19:37:35 INFO FileScanRDD: Reading File path: hdfs://localhost:9000/weather/data/raw_data/weather_dataset.csv, range: 0-2463, partition values: [empty row]
[2026-01-29T19:37:35.827+0530] {subprocess.py:106} INFO - 26/01/29 19:37:35 INFO Executor: Finished task 0.0 in stage 72.0 (TID 56). 3066 bytes result sent to driver
[2026-01-29T19:37:35.828+0530] {subprocess.py:106} INFO - 26/01/29 19:37:35 INFO TaskSetManager: Finished task 0.0 in stage 72.0 (TID 56) in 28 ms on Aishwarya92848DBDA (executor driver) (1/1)
[2026-01-29T19:37:35.829+0530] {subprocess.py:106} INFO - 26/01/29 19:37:35 INFO TaskSchedulerImpl: Removed TaskSet 72.0, whose tasks have all completed, from pool
[2026-01-29T19:37:35.829+0530] {subprocess.py:106} INFO - 26/01/29 19:37:35 INFO DAGScheduler: ResultStage 72 (approxQuantile at <unknown>:0) finished in 0.038 s
[2026-01-29T19:37:35.830+0530] {subprocess.py:106} INFO - 26/01/29 19:37:35 INFO DAGScheduler: Job 56 is finished. Cancelling potential speculative or zombie tasks for this job
[2026-01-29T19:37:35.830+0530] {subprocess.py:106} INFO - 26/01/29 19:37:35 INFO TaskSchedulerImpl: Killing all running tasks in stage 72: Stage finished
[2026-01-29T19:37:35.830+0530] {subprocess.py:106} INFO - 26/01/29 19:37:35 INFO DAGScheduler: Job 56 finished: approxQuantile at <unknown>:0, took 0.040108 s
[2026-01-29T19:37:35.922+0530] {subprocess.py:106} INFO - 26/01/29 19:37:35 INFO FileSourceStrategy: Pushed Filters:
[2026-01-29T19:37:35.923+0530] {subprocess.py:106} INFO - 26/01/29 19:37:35 INFO FileSourceStrategy: Post-Scan Filters: (CASE WHEN (wind_speed_10m_max#26 < -1.2500000000000009) THEN false WHEN (wind_speed_10m_max#26 > 21.55) THEN false ELSE (wind_speed_10m_max#26 < -1.2500000000000009) END OR CASE WHEN (wind_speed_10m_max#26 < -1.2500000000000009) THEN false WHEN (wind_speed_10m_max#26 > 21.55) THEN false ELSE (wind_speed_10m_max#26 > 21.55) END)
[2026-01-29T19:37:35.945+0530] {subprocess.py:106} INFO - 26/01/29 19:37:35 INFO CodeGenerator: Code generated in 11.688013 ms
[2026-01-29T19:37:35.947+0530] {subprocess.py:106} INFO - 26/01/29 19:37:35 INFO MemoryStore: Block broadcast_98 stored as values in memory (estimated size 350.2 KiB, free 364.7 MiB)
[2026-01-29T19:37:35.954+0530] {subprocess.py:106} INFO - 26/01/29 19:37:35 INFO MemoryStore: Block broadcast_98_piece0 stored as bytes in memory (estimated size 34.3 KiB, free 364.7 MiB)
[2026-01-29T19:37:35.954+0530] {subprocess.py:106} INFO - 26/01/29 19:37:35 INFO BlockManagerInfo: Added broadcast_98_piece0 in memory on Aishwarya92848DBDA:44583 (size: 34.3 KiB, free: 366.1 MiB)
[2026-01-29T19:37:35.955+0530] {subprocess.py:106} INFO - 26/01/29 19:37:35 INFO SparkContext: Created broadcast 98 from count at NativeMethodAccessorImpl.java:0
[2026-01-29T19:37:35.956+0530] {subprocess.py:106} INFO - 26/01/29 19:37:35 INFO FileSourceScanExec: Planning scan with bin packing, max size: 4194304 bytes, open cost is considered as scanning 4194304 bytes.
[2026-01-29T19:37:35.960+0530] {subprocess.py:106} INFO - 26/01/29 19:37:35 INFO DAGScheduler: Registering RDD 266 (count at NativeMethodAccessorImpl.java:0) as input to shuffle 16
[2026-01-29T19:37:35.960+0530] {subprocess.py:106} INFO - 26/01/29 19:37:35 INFO DAGScheduler: Got map stage job 57 (count at NativeMethodAccessorImpl.java:0) with 1 output partitions
[2026-01-29T19:37:35.960+0530] {subprocess.py:106} INFO - 26/01/29 19:37:35 INFO DAGScheduler: Final stage: ShuffleMapStage 73 (count at NativeMethodAccessorImpl.java:0)
[2026-01-29T19:37:35.961+0530] {subprocess.py:106} INFO - 26/01/29 19:37:35 INFO DAGScheduler: Parents of final stage: List()
[2026-01-29T19:37:35.961+0530] {subprocess.py:106} INFO - 26/01/29 19:37:35 INFO DAGScheduler: Missing parents: List()
[2026-01-29T19:37:35.961+0530] {subprocess.py:106} INFO - 26/01/29 19:37:35 INFO DAGScheduler: Submitting ShuffleMapStage 73 (MapPartitionsRDD[266] at count at NativeMethodAccessorImpl.java:0), which has no missing parents
[2026-01-29T19:37:35.964+0530] {subprocess.py:106} INFO - 26/01/29 19:37:35 INFO MemoryStore: Block broadcast_99 stored as values in memory (estimated size 22.1 KiB, free 364.7 MiB)
[2026-01-29T19:37:35.965+0530] {subprocess.py:106} INFO - 26/01/29 19:37:35 INFO MemoryStore: Block broadcast_99_piece0 stored as bytes in memory (estimated size 10.0 KiB, free 364.6 MiB)
[2026-01-29T19:37:35.965+0530] {subprocess.py:106} INFO - 26/01/29 19:37:35 INFO BlockManagerInfo: Added broadcast_99_piece0 in memory on Aishwarya92848DBDA:44583 (size: 10.0 KiB, free: 366.1 MiB)
[2026-01-29T19:37:35.966+0530] {subprocess.py:106} INFO - 26/01/29 19:37:35 INFO SparkContext: Created broadcast 99 from broadcast at DAGScheduler.scala:1585
[2026-01-29T19:37:35.966+0530] {subprocess.py:106} INFO - 26/01/29 19:37:35 INFO DAGScheduler: Submitting 1 missing tasks from ShuffleMapStage 73 (MapPartitionsRDD[266] at count at NativeMethodAccessorImpl.java:0) (first 15 tasks are for partitions Vector(0))
[2026-01-29T19:37:35.966+0530] {subprocess.py:106} INFO - 26/01/29 19:37:35 INFO TaskSchedulerImpl: Adding task set 73.0 with 1 tasks resource profile 0
[2026-01-29T19:37:35.967+0530] {subprocess.py:106} INFO - 26/01/29 19:37:35 INFO TaskSetManager: Starting task 0.0 in stage 73.0 (TID 57) (Aishwarya92848DBDA, executor driver, partition 0, NODE_LOCAL, 8230 bytes)
[2026-01-29T19:37:35.968+0530] {subprocess.py:106} INFO - 26/01/29 19:37:35 INFO Executor: Running task 0.0 in stage 73.0 (TID 57)
[2026-01-29T19:37:35.984+0530] {subprocess.py:106} INFO - 26/01/29 19:37:35 INFO CodeGenerator: Code generated in 12.610026 ms
[2026-01-29T19:37:35.985+0530] {subprocess.py:106} INFO - 26/01/29 19:37:35 INFO FileScanRDD: Reading File path: hdfs://localhost:9000/weather/data/raw_data/weather_dataset.csv, range: 0-2463, partition values: [empty row]
[2026-01-29T19:37:35.993+0530] {subprocess.py:106} INFO - 26/01/29 19:37:35 INFO Executor: Finished task 0.0 in stage 73.0 (TID 57). 1990 bytes result sent to driver
[2026-01-29T19:37:35.994+0530] {subprocess.py:106} INFO - 26/01/29 19:37:35 INFO TaskSetManager: Finished task 0.0 in stage 73.0 (TID 57) in 27 ms on Aishwarya92848DBDA (executor driver) (1/1)
[2026-01-29T19:37:35.995+0530] {subprocess.py:106} INFO - 26/01/29 19:37:35 INFO TaskSchedulerImpl: Removed TaskSet 73.0, whose tasks have all completed, from pool
[2026-01-29T19:37:35.995+0530] {subprocess.py:106} INFO - 26/01/29 19:37:35 INFO DAGScheduler: ShuffleMapStage 73 (count at NativeMethodAccessorImpl.java:0) finished in 0.034 s
[2026-01-29T19:37:35.995+0530] {subprocess.py:106} INFO - 26/01/29 19:37:35 INFO DAGScheduler: looking for newly runnable stages
[2026-01-29T19:37:35.995+0530] {subprocess.py:106} INFO - 26/01/29 19:37:35 INFO DAGScheduler: running: Set()
[2026-01-29T19:37:35.996+0530] {subprocess.py:106} INFO - 26/01/29 19:37:35 INFO DAGScheduler: waiting: Set()
[2026-01-29T19:37:35.996+0530] {subprocess.py:106} INFO - 26/01/29 19:37:35 INFO DAGScheduler: failed: Set()
[2026-01-29T19:37:36.008+0530] {subprocess.py:106} INFO - 26/01/29 19:37:36 INFO SparkContext: Starting job: count at NativeMethodAccessorImpl.java:0
[2026-01-29T19:37:36.009+0530] {subprocess.py:106} INFO - 26/01/29 19:37:36 INFO DAGScheduler: Got job 58 (count at NativeMethodAccessorImpl.java:0) with 1 output partitions
[2026-01-29T19:37:36.009+0530] {subprocess.py:106} INFO - 26/01/29 19:37:36 INFO DAGScheduler: Final stage: ResultStage 75 (count at NativeMethodAccessorImpl.java:0)
[2026-01-29T19:37:36.009+0530] {subprocess.py:106} INFO - 26/01/29 19:37:36 INFO DAGScheduler: Parents of final stage: List(ShuffleMapStage 74)
[2026-01-29T19:37:36.010+0530] {subprocess.py:106} INFO - 26/01/29 19:37:36 INFO DAGScheduler: Missing parents: List()
[2026-01-29T19:37:36.010+0530] {subprocess.py:106} INFO - 26/01/29 19:37:36 INFO DAGScheduler: Submitting ResultStage 75 (MapPartitionsRDD[269] at count at NativeMethodAccessorImpl.java:0), which has no missing parents
[2026-01-29T19:37:36.011+0530] {subprocess.py:106} INFO - 26/01/29 19:37:36 INFO MemoryStore: Block broadcast_100 stored as values in memory (estimated size 12.5 KiB, free 364.6 MiB)
[2026-01-29T19:37:36.012+0530] {subprocess.py:106} INFO - 26/01/29 19:37:36 INFO MemoryStore: Block broadcast_100_piece0 stored as bytes in memory (estimated size 5.9 KiB, free 364.6 MiB)
[2026-01-29T19:37:36.012+0530] {subprocess.py:106} INFO - 26/01/29 19:37:36 INFO BlockManagerInfo: Added broadcast_100_piece0 in memory on Aishwarya92848DBDA:44583 (size: 5.9 KiB, free: 366.1 MiB)
[2026-01-29T19:37:36.013+0530] {subprocess.py:106} INFO - 26/01/29 19:37:36 INFO SparkContext: Created broadcast 100 from broadcast at DAGScheduler.scala:1585
[2026-01-29T19:37:36.013+0530] {subprocess.py:106} INFO - 26/01/29 19:37:36 INFO DAGScheduler: Submitting 1 missing tasks from ResultStage 75 (MapPartitionsRDD[269] at count at NativeMethodAccessorImpl.java:0) (first 15 tasks are for partitions Vector(0))
[2026-01-29T19:37:36.013+0530] {subprocess.py:106} INFO - 26/01/29 19:37:36 INFO TaskSchedulerImpl: Adding task set 75.0 with 1 tasks resource profile 0
[2026-01-29T19:37:36.014+0530] {subprocess.py:106} INFO - 26/01/29 19:37:36 INFO TaskSetManager: Starting task 0.0 in stage 75.0 (TID 58) (Aishwarya92848DBDA, executor driver, partition 0, NODE_LOCAL, 7615 bytes)
[2026-01-29T19:37:36.015+0530] {subprocess.py:106} INFO - 26/01/29 19:37:36 INFO Executor: Running task 0.0 in stage 75.0 (TID 58)
[2026-01-29T19:37:36.017+0530] {subprocess.py:106} INFO - 26/01/29 19:37:36 INFO ShuffleBlockFetcherIterator: Getting 1 (60.0 B) non-empty blocks including 1 (60.0 B) local and 0 (0.0 B) host-local and 0 (0.0 B) push-merged-local and 0 (0.0 B) remote blocks
[2026-01-29T19:37:36.017+0530] {subprocess.py:106} INFO - 26/01/29 19:37:36 INFO ShuffleBlockFetcherIterator: Started 0 remote fetches in 0 ms
[2026-01-29T19:37:36.019+0530] {subprocess.py:106} INFO - 26/01/29 19:37:36 INFO Executor: Finished task 0.0 in stage 75.0 (TID 58). 3988 bytes result sent to driver
[2026-01-29T19:37:36.020+0530] {subprocess.py:106} INFO - 26/01/29 19:37:36 INFO TaskSetManager: Finished task 0.0 in stage 75.0 (TID 58) in 6 ms on Aishwarya92848DBDA (executor driver) (1/1)
[2026-01-29T19:37:36.020+0530] {subprocess.py:106} INFO - 26/01/29 19:37:36 INFO TaskSchedulerImpl: Removed TaskSet 75.0, whose tasks have all completed, from pool
[2026-01-29T19:37:36.021+0530] {subprocess.py:106} INFO - 26/01/29 19:37:36 INFO DAGScheduler: ResultStage 75 (count at NativeMethodAccessorImpl.java:0) finished in 0.010 s
[2026-01-29T19:37:36.021+0530] {subprocess.py:106} INFO - 26/01/29 19:37:36 INFO DAGScheduler: Job 58 is finished. Cancelling potential speculative or zombie tasks for this job
[2026-01-29T19:37:36.021+0530] {subprocess.py:106} INFO - 26/01/29 19:37:36 INFO TaskSchedulerImpl: Killing all running tasks in stage 75: Stage finished
[2026-01-29T19:37:36.021+0530] {subprocess.py:106} INFO - 26/01/29 19:37:36 INFO DAGScheduler: Job 58 finished: count at NativeMethodAccessorImpl.java:0, took 0.012886 s
[2026-01-29T19:37:36.022+0530] {subprocess.py:106} INFO - wind_speed_10m_max: Outliers after handling = 0
[2026-01-29T19:37:36.043+0530] {subprocess.py:106} INFO - 26/01/29 19:37:36 INFO FileSourceStrategy: Pushed Filters:
[2026-01-29T19:37:36.044+0530] {subprocess.py:106} INFO - 26/01/29 19:37:36 INFO FileSourceStrategy: Post-Scan Filters:
[2026-01-29T19:37:36.053+0530] {subprocess.py:106} INFO - 26/01/29 19:37:36 INFO CodeGenerator: Code generated in 6.239502 ms
[2026-01-29T19:37:36.055+0530] {subprocess.py:106} INFO - 26/01/29 19:37:36 INFO MemoryStore: Block broadcast_101 stored as values in memory (estimated size 350.2 KiB, free 364.3 MiB)
[2026-01-29T19:37:36.061+0530] {subprocess.py:106} INFO - 26/01/29 19:37:36 INFO MemoryStore: Block broadcast_101_piece0 stored as bytes in memory (estimated size 34.3 KiB, free 364.3 MiB)
[2026-01-29T19:37:36.061+0530] {subprocess.py:106} INFO - 26/01/29 19:37:36 INFO BlockManagerInfo: Added broadcast_101_piece0 in memory on Aishwarya92848DBDA:44583 (size: 34.3 KiB, free: 366.1 MiB)
[2026-01-29T19:37:36.062+0530] {subprocess.py:106} INFO - 26/01/29 19:37:36 INFO SparkContext: Created broadcast 101 from approxQuantile at <unknown>:0
[2026-01-29T19:37:36.063+0530] {subprocess.py:106} INFO - 26/01/29 19:37:36 INFO FileSourceScanExec: Planning scan with bin packing, max size: 4194304 bytes, open cost is considered as scanning 4194304 bytes.
[2026-01-29T19:37:36.073+0530] {subprocess.py:106} INFO - 26/01/29 19:37:36 INFO SparkContext: Starting job: approxQuantile at <unknown>:0
[2026-01-29T19:37:36.074+0530] {subprocess.py:106} INFO - 26/01/29 19:37:36 INFO DAGScheduler: Got job 59 (approxQuantile at <unknown>:0) with 1 output partitions
[2026-01-29T19:37:36.074+0530] {subprocess.py:106} INFO - 26/01/29 19:37:36 INFO DAGScheduler: Final stage: ResultStage 76 (approxQuantile at <unknown>:0)
[2026-01-29T19:37:36.075+0530] {subprocess.py:106} INFO - 26/01/29 19:37:36 INFO DAGScheduler: Parents of final stage: List()
[2026-01-29T19:37:36.075+0530] {subprocess.py:106} INFO - 26/01/29 19:37:36 INFO DAGScheduler: Missing parents: List()
[2026-01-29T19:37:36.076+0530] {subprocess.py:106} INFO - 26/01/29 19:37:36 INFO DAGScheduler: Submitting ResultStage 76 (MapPartitionsRDD[276] at approxQuantile at <unknown>:0), which has no missing parents
[2026-01-29T19:37:36.080+0530] {subprocess.py:106} INFO - 26/01/29 19:37:36 INFO MemoryStore: Block broadcast_102 stored as values in memory (estimated size 32.9 KiB, free 364.2 MiB)
[2026-01-29T19:37:36.081+0530] {subprocess.py:106} INFO - 26/01/29 19:37:36 INFO MemoryStore: Block broadcast_102_piece0 stored as bytes in memory (estimated size 15.2 KiB, free 364.2 MiB)
[2026-01-29T19:37:36.081+0530] {subprocess.py:106} INFO - 26/01/29 19:37:36 INFO BlockManagerInfo: Added broadcast_102_piece0 in memory on Aishwarya92848DBDA:44583 (size: 15.2 KiB, free: 366.1 MiB)
[2026-01-29T19:37:36.081+0530] {subprocess.py:106} INFO - 26/01/29 19:37:36 INFO SparkContext: Created broadcast 102 from broadcast at DAGScheduler.scala:1585
[2026-01-29T19:37:36.082+0530] {subprocess.py:106} INFO - 26/01/29 19:37:36 INFO DAGScheduler: Submitting 1 missing tasks from ResultStage 76 (MapPartitionsRDD[276] at approxQuantile at <unknown>:0) (first 15 tasks are for partitions Vector(0))
[2026-01-29T19:37:36.082+0530] {subprocess.py:106} INFO - 26/01/29 19:37:36 INFO TaskSchedulerImpl: Adding task set 76.0 with 1 tasks resource profile 0
[2026-01-29T19:37:36.083+0530] {subprocess.py:106} INFO - 26/01/29 19:37:36 INFO TaskSetManager: Starting task 0.0 in stage 76.0 (TID 59) (Aishwarya92848DBDA, executor driver, partition 0, NODE_LOCAL, 8241 bytes)
[2026-01-29T19:37:36.083+0530] {subprocess.py:106} INFO - 26/01/29 19:37:36 INFO Executor: Running task 0.0 in stage 76.0 (TID 59)
[2026-01-29T19:37:36.094+0530] {subprocess.py:106} INFO - 26/01/29 19:37:36 INFO CodeGenerator: Code generated in 7.879549 ms
[2026-01-29T19:37:36.096+0530] {subprocess.py:106} INFO - 26/01/29 19:37:36 INFO FileScanRDD: Reading File path: hdfs://localhost:9000/weather/data/raw_data/weather_dataset.csv, range: 0-2463, partition values: [empty row]
[2026-01-29T19:37:36.103+0530] {subprocess.py:106} INFO - 26/01/29 19:37:36 INFO Executor: Finished task 0.0 in stage 76.0 (TID 59). 3066 bytes result sent to driver
[2026-01-29T19:37:36.104+0530] {subprocess.py:106} INFO - 26/01/29 19:37:36 INFO TaskSetManager: Finished task 0.0 in stage 76.0 (TID 59) in 22 ms on Aishwarya92848DBDA (executor driver) (1/1)
[2026-01-29T19:37:36.104+0530] {subprocess.py:106} INFO - 26/01/29 19:37:36 INFO TaskSchedulerImpl: Removed TaskSet 76.0, whose tasks have all completed, from pool
[2026-01-29T19:37:36.104+0530] {subprocess.py:106} INFO - 26/01/29 19:37:36 INFO DAGScheduler: ResultStage 76 (approxQuantile at <unknown>:0) finished in 0.029 s
[2026-01-29T19:37:36.105+0530] {subprocess.py:106} INFO - 26/01/29 19:37:36 INFO DAGScheduler: Job 59 is finished. Cancelling potential speculative or zombie tasks for this job
[2026-01-29T19:37:36.105+0530] {subprocess.py:106} INFO - 26/01/29 19:37:36 INFO TaskSchedulerImpl: Killing all running tasks in stage 76: Stage finished
[2026-01-29T19:37:36.105+0530] {subprocess.py:106} INFO - 26/01/29 19:37:36 INFO DAGScheduler: Job 59 finished: approxQuantile at <unknown>:0, took 0.031839 s
[2026-01-29T19:37:36.171+0530] {subprocess.py:106} INFO - 26/01/29 19:37:36 INFO FileSourceStrategy: Pushed Filters:
[2026-01-29T19:37:36.171+0530] {subprocess.py:106} INFO - 26/01/29 19:37:36 INFO FileSourceStrategy: Post-Scan Filters: (CASE WHEN (wind_gusts_10m_max#27 < 8.700000000000005) THEN false WHEN (wind_gusts_10m_max#27 > 43.099999999999994) THEN false ELSE (wind_gusts_10m_max#27 < 8.700000000000005) END OR CASE WHEN (wind_gusts_10m_max#27 < 8.700000000000005) THEN false WHEN (wind_gusts_10m_max#27 > 43.099999999999994) THEN false ELSE (wind_gusts_10m_max#27 > 43.099999999999994) END)
[2026-01-29T19:37:36.192+0530] {subprocess.py:106} INFO - 26/01/29 19:37:36 INFO CodeGenerator: Code generated in 9.840138 ms
[2026-01-29T19:37:36.194+0530] {subprocess.py:106} INFO - 26/01/29 19:37:36 INFO MemoryStore: Block broadcast_103 stored as values in memory (estimated size 350.2 KiB, free 363.9 MiB)
[2026-01-29T19:37:36.200+0530] {subprocess.py:106} INFO - 26/01/29 19:37:36 INFO MemoryStore: Block broadcast_103_piece0 stored as bytes in memory (estimated size 34.3 KiB, free 363.8 MiB)
[2026-01-29T19:37:36.200+0530] {subprocess.py:106} INFO - 26/01/29 19:37:36 INFO BlockManagerInfo: Added broadcast_103_piece0 in memory on Aishwarya92848DBDA:44583 (size: 34.3 KiB, free: 366.0 MiB)
[2026-01-29T19:37:36.201+0530] {subprocess.py:106} INFO - 26/01/29 19:37:36 INFO SparkContext: Created broadcast 103 from count at <unknown>:0
[2026-01-29T19:37:36.201+0530] {subprocess.py:106} INFO - 26/01/29 19:37:36 INFO FileSourceScanExec: Planning scan with bin packing, max size: 4194304 bytes, open cost is considered as scanning 4194304 bytes.
[2026-01-29T19:37:36.204+0530] {subprocess.py:106} INFO - 26/01/29 19:37:36 INFO DAGScheduler: Registering RDD 280 (count at <unknown>:0) as input to shuffle 17
[2026-01-29T19:37:36.204+0530] {subprocess.py:106} INFO - 26/01/29 19:37:36 INFO DAGScheduler: Got map stage job 60 (count at <unknown>:0) with 1 output partitions
[2026-01-29T19:37:36.205+0530] {subprocess.py:106} INFO - 26/01/29 19:37:36 INFO DAGScheduler: Final stage: ShuffleMapStage 77 (count at <unknown>:0)
[2026-01-29T19:37:36.205+0530] {subprocess.py:106} INFO - 26/01/29 19:37:36 INFO DAGScheduler: Parents of final stage: List()
[2026-01-29T19:37:36.205+0530] {subprocess.py:106} INFO - 26/01/29 19:37:36 INFO DAGScheduler: Missing parents: List()
[2026-01-29T19:37:36.205+0530] {subprocess.py:106} INFO - 26/01/29 19:37:36 INFO DAGScheduler: Submitting ShuffleMapStage 77 (MapPartitionsRDD[280] at count at <unknown>:0), which has no missing parents
[2026-01-29T19:37:36.207+0530] {subprocess.py:106} INFO - 26/01/29 19:37:36 INFO MemoryStore: Block broadcast_104 stored as values in memory (estimated size 22.1 KiB, free 363.8 MiB)
[2026-01-29T19:37:36.208+0530] {subprocess.py:106} INFO - 26/01/29 19:37:36 INFO MemoryStore: Block broadcast_104_piece0 stored as bytes in memory (estimated size 10.0 KiB, free 363.8 MiB)
[2026-01-29T19:37:36.208+0530] {subprocess.py:106} INFO - 26/01/29 19:37:36 INFO BlockManagerInfo: Added broadcast_104_piece0 in memory on Aishwarya92848DBDA:44583 (size: 10.0 KiB, free: 366.0 MiB)
[2026-01-29T19:37:36.209+0530] {subprocess.py:106} INFO - 26/01/29 19:37:36 INFO SparkContext: Created broadcast 104 from broadcast at DAGScheduler.scala:1585
[2026-01-29T19:37:36.209+0530] {subprocess.py:106} INFO - 26/01/29 19:37:36 INFO DAGScheduler: Submitting 1 missing tasks from ShuffleMapStage 77 (MapPartitionsRDD[280] at count at <unknown>:0) (first 15 tasks are for partitions Vector(0))
[2026-01-29T19:37:36.209+0530] {subprocess.py:106} INFO - 26/01/29 19:37:36 INFO TaskSchedulerImpl: Adding task set 77.0 with 1 tasks resource profile 0
[2026-01-29T19:37:36.210+0530] {subprocess.py:106} INFO - 26/01/29 19:37:36 INFO TaskSetManager: Starting task 0.0 in stage 77.0 (TID 60) (Aishwarya92848DBDA, executor driver, partition 0, NODE_LOCAL, 8230 bytes)
[2026-01-29T19:37:36.210+0530] {subprocess.py:106} INFO - 26/01/29 19:37:36 INFO Executor: Running task 0.0 in stage 77.0 (TID 60)
[2026-01-29T19:37:36.222+0530] {subprocess.py:106} INFO - 26/01/29 19:37:36 INFO CodeGenerator: Code generated in 8.891654 ms
[2026-01-29T19:37:36.223+0530] {subprocess.py:106} INFO - 26/01/29 19:37:36 INFO FileScanRDD: Reading File path: hdfs://localhost:9000/weather/data/raw_data/weather_dataset.csv, range: 0-2463, partition values: [empty row]
[2026-01-29T19:37:36.231+0530] {subprocess.py:106} INFO - 26/01/29 19:37:36 INFO Executor: Finished task 0.0 in stage 77.0 (TID 60). 1990 bytes result sent to driver
[2026-01-29T19:37:36.232+0530] {subprocess.py:106} INFO - 26/01/29 19:37:36 INFO TaskSetManager: Finished task 0.0 in stage 77.0 (TID 60) in 21 ms on Aishwarya92848DBDA (executor driver) (1/1)
[2026-01-29T19:37:36.232+0530] {subprocess.py:106} INFO - 26/01/29 19:37:36 INFO TaskSchedulerImpl: Removed TaskSet 77.0, whose tasks have all completed, from pool
[2026-01-29T19:37:36.232+0530] {subprocess.py:106} INFO - 26/01/29 19:37:36 INFO DAGScheduler: ShuffleMapStage 77 (count at <unknown>:0) finished in 0.027 s
[2026-01-29T19:37:36.233+0530] {subprocess.py:106} INFO - 26/01/29 19:37:36 INFO DAGScheduler: looking for newly runnable stages
[2026-01-29T19:37:36.233+0530] {subprocess.py:106} INFO - 26/01/29 19:37:36 INFO DAGScheduler: running: Set()
[2026-01-29T19:37:36.233+0530] {subprocess.py:106} INFO - 26/01/29 19:37:36 INFO DAGScheduler: waiting: Set()
[2026-01-29T19:37:36.233+0530] {subprocess.py:106} INFO - 26/01/29 19:37:36 INFO DAGScheduler: failed: Set()
[2026-01-29T19:37:36.244+0530] {subprocess.py:106} INFO - 26/01/29 19:37:36 INFO SparkContext: Starting job: count at <unknown>:0
[2026-01-29T19:37:36.244+0530] {subprocess.py:106} INFO - 26/01/29 19:37:36 INFO DAGScheduler: Got job 61 (count at <unknown>:0) with 1 output partitions
[2026-01-29T19:37:36.245+0530] {subprocess.py:106} INFO - 26/01/29 19:37:36 INFO DAGScheduler: Final stage: ResultStage 79 (count at <unknown>:0)
[2026-01-29T19:37:36.245+0530] {subprocess.py:106} INFO - 26/01/29 19:37:36 INFO DAGScheduler: Parents of final stage: List(ShuffleMapStage 78)
[2026-01-29T19:37:36.245+0530] {subprocess.py:106} INFO - 26/01/29 19:37:36 INFO DAGScheduler: Missing parents: List()
[2026-01-29T19:37:36.245+0530] {subprocess.py:106} INFO - 26/01/29 19:37:36 INFO DAGScheduler: Submitting ResultStage 79 (MapPartitionsRDD[283] at count at <unknown>:0), which has no missing parents
[2026-01-29T19:37:36.246+0530] {subprocess.py:106} INFO - 26/01/29 19:37:36 INFO MemoryStore: Block broadcast_105 stored as values in memory (estimated size 12.5 KiB, free 363.8 MiB)
[2026-01-29T19:37:36.247+0530] {subprocess.py:106} INFO - 26/01/29 19:37:36 INFO MemoryStore: Block broadcast_105_piece0 stored as bytes in memory (estimated size 5.9 KiB, free 363.8 MiB)
[2026-01-29T19:37:36.247+0530] {subprocess.py:106} INFO - 26/01/29 19:37:36 INFO BlockManagerInfo: Added broadcast_105_piece0 in memory on Aishwarya92848DBDA:44583 (size: 5.9 KiB, free: 366.0 MiB)
[2026-01-29T19:37:36.248+0530] {subprocess.py:106} INFO - 26/01/29 19:37:36 INFO SparkContext: Created broadcast 105 from broadcast at DAGScheduler.scala:1585
[2026-01-29T19:37:36.248+0530] {subprocess.py:106} INFO - 26/01/29 19:37:36 INFO DAGScheduler: Submitting 1 missing tasks from ResultStage 79 (MapPartitionsRDD[283] at count at <unknown>:0) (first 15 tasks are for partitions Vector(0))
[2026-01-29T19:37:36.248+0530] {subprocess.py:106} INFO - 26/01/29 19:37:36 INFO TaskSchedulerImpl: Adding task set 79.0 with 1 tasks resource profile 0
[2026-01-29T19:37:36.249+0530] {subprocess.py:106} INFO - 26/01/29 19:37:36 INFO TaskSetManager: Starting task 0.0 in stage 79.0 (TID 61) (Aishwarya92848DBDA, executor driver, partition 0, NODE_LOCAL, 7615 bytes)
[2026-01-29T19:37:36.249+0530] {subprocess.py:106} INFO - 26/01/29 19:37:36 INFO Executor: Running task 0.0 in stage 79.0 (TID 61)
[2026-01-29T19:37:36.251+0530] {subprocess.py:106} INFO - 26/01/29 19:37:36 INFO ShuffleBlockFetcherIterator: Getting 1 (60.0 B) non-empty blocks including 1 (60.0 B) local and 0 (0.0 B) host-local and 0 (0.0 B) push-merged-local and 0 (0.0 B) remote blocks
[2026-01-29T19:37:36.252+0530] {subprocess.py:106} INFO - 26/01/29 19:37:36 INFO ShuffleBlockFetcherIterator: Started 0 remote fetches in 0 ms
[2026-01-29T19:37:36.253+0530] {subprocess.py:106} INFO - 26/01/29 19:37:36 INFO Executor: Finished task 0.0 in stage 79.0 (TID 61). 3988 bytes result sent to driver
[2026-01-29T19:37:36.254+0530] {subprocess.py:106} INFO - 26/01/29 19:37:36 INFO TaskSetManager: Finished task 0.0 in stage 79.0 (TID 61) in 5 ms on Aishwarya92848DBDA (executor driver) (1/1)
[2026-01-29T19:37:36.255+0530] {subprocess.py:106} INFO - 26/01/29 19:37:36 INFO TaskSchedulerImpl: Removed TaskSet 79.0, whose tasks have all completed, from pool
[2026-01-29T19:37:36.255+0530] {subprocess.py:106} INFO - 26/01/29 19:37:36 INFO DAGScheduler: ResultStage 79 (count at <unknown>:0) finished in 0.009 s
[2026-01-29T19:37:36.255+0530] {subprocess.py:106} INFO - 26/01/29 19:37:36 INFO DAGScheduler: Job 61 is finished. Cancelling potential speculative or zombie tasks for this job
[2026-01-29T19:37:36.255+0530] {subprocess.py:106} INFO - 26/01/29 19:37:36 INFO TaskSchedulerImpl: Killing all running tasks in stage 79: Stage finished
[2026-01-29T19:37:36.255+0530] {subprocess.py:106} INFO - 26/01/29 19:37:36 INFO DAGScheduler: Job 61 finished: count at <unknown>:0, took 0.011068 s
[2026-01-29T19:37:36.256+0530] {subprocess.py:106} INFO - wind_gusts_10m_max: Outliers after handling = 0
[2026-01-29T19:37:36.296+0530] {subprocess.py:106} INFO - 26/01/29 19:37:36 INFO FileSourceStrategy: Pushed Filters:
[2026-01-29T19:37:36.297+0530] {subprocess.py:106} INFO - 26/01/29 19:37:36 INFO FileSourceStrategy: Post-Scan Filters:
[2026-01-29T19:37:36.361+0530] {subprocess.py:106} INFO - 26/01/29 19:37:36 INFO CodeGenerator: Code generated in 32.796088 ms
[2026-01-29T19:37:36.362+0530] {subprocess.py:106} INFO - 26/01/29 19:37:36 INFO MemoryStore: Block broadcast_106 stored as values in memory (estimated size 350.2 KiB, free 363.4 MiB)
[2026-01-29T19:37:36.368+0530] {subprocess.py:106} INFO - 26/01/29 19:37:36 INFO MemoryStore: Block broadcast_106_piece0 stored as bytes in memory (estimated size 34.3 KiB, free 363.4 MiB)
[2026-01-29T19:37:36.368+0530] {subprocess.py:106} INFO - 26/01/29 19:37:36 INFO BlockManagerInfo: Added broadcast_106_piece0 in memory on Aishwarya92848DBDA:44583 (size: 34.3 KiB, free: 366.0 MiB)
[2026-01-29T19:37:36.369+0530] {subprocess.py:106} INFO - 26/01/29 19:37:36 INFO SparkContext: Created broadcast 106 from showString at NativeMethodAccessorImpl.java:0
[2026-01-29T19:37:36.369+0530] {subprocess.py:106} INFO - 26/01/29 19:37:36 INFO FileSourceScanExec: Planning scan with bin packing, max size: 4194304 bytes, open cost is considered as scanning 4194304 bytes.
[2026-01-29T19:37:36.378+0530] {subprocess.py:106} INFO - 26/01/29 19:37:36 INFO DAGScheduler: Registering RDD 287 (showString at NativeMethodAccessorImpl.java:0) as input to shuffle 18
[2026-01-29T19:37:36.378+0530] {subprocess.py:106} INFO - 26/01/29 19:37:36 INFO DAGScheduler: Got map stage job 62 (showString at NativeMethodAccessorImpl.java:0) with 1 output partitions
[2026-01-29T19:37:36.379+0530] {subprocess.py:106} INFO - 26/01/29 19:37:36 INFO DAGScheduler: Final stage: ShuffleMapStage 80 (showString at NativeMethodAccessorImpl.java:0)
[2026-01-29T19:37:36.379+0530] {subprocess.py:106} INFO - 26/01/29 19:37:36 INFO DAGScheduler: Parents of final stage: List()
[2026-01-29T19:37:36.379+0530] {subprocess.py:106} INFO - 26/01/29 19:37:36 INFO DAGScheduler: Missing parents: List()
[2026-01-29T19:37:36.379+0530] {subprocess.py:106} INFO - 26/01/29 19:37:36 INFO DAGScheduler: Submitting ShuffleMapStage 80 (MapPartitionsRDD[287] at showString at NativeMethodAccessorImpl.java:0), which has no missing parents
[2026-01-29T19:37:36.381+0530] {subprocess.py:106} INFO - 26/01/29 19:37:36 INFO MemoryStore: Block broadcast_107 stored as values in memory (estimated size 39.1 KiB, free 363.4 MiB)
[2026-01-29T19:37:36.398+0530] {subprocess.py:106} INFO - 26/01/29 19:37:36 INFO MemoryStore: Block broadcast_107_piece0 stored as bytes in memory (estimated size 18.6 KiB, free 363.3 MiB)
[2026-01-29T19:37:36.399+0530] {subprocess.py:106} INFO - 26/01/29 19:37:36 INFO BlockManagerInfo: Added broadcast_107_piece0 in memory on Aishwarya92848DBDA:44583 (size: 18.6 KiB, free: 366.0 MiB)
[2026-01-29T19:37:36.399+0530] {subprocess.py:106} INFO - 26/01/29 19:37:36 INFO BlockManagerInfo: Removed broadcast_92_piece0 on Aishwarya92848DBDA:44583 in memory (size: 9.5 KiB, free: 366.0 MiB)
[2026-01-29T19:37:36.399+0530] {subprocess.py:106} INFO - 26/01/29 19:37:36 INFO SparkContext: Created broadcast 107 from broadcast at DAGScheduler.scala:1585
[2026-01-29T19:37:36.400+0530] {subprocess.py:106} INFO - 26/01/29 19:37:36 INFO DAGScheduler: Submitting 1 missing tasks from ShuffleMapStage 80 (MapPartitionsRDD[287] at showString at NativeMethodAccessorImpl.java:0) (first 15 tasks are for partitions Vector(0))
[2026-01-29T19:37:36.400+0530] {subprocess.py:106} INFO - 26/01/29 19:37:36 INFO TaskSchedulerImpl: Adding task set 80.0 with 1 tasks resource profile 0
[2026-01-29T19:37:36.400+0530] {subprocess.py:106} INFO - 26/01/29 19:37:36 INFO BlockManagerInfo: Removed broadcast_95_piece0 on Aishwarya92848DBDA:44583 in memory (size: 5.9 KiB, free: 366.0 MiB)
[2026-01-29T19:37:36.400+0530] {subprocess.py:106} INFO - 26/01/29 19:37:36 INFO TaskSetManager: Starting task 0.0 in stage 80.0 (TID 62) (Aishwarya92848DBDA, executor driver, partition 0, NODE_LOCAL, 8230 bytes)
[2026-01-29T19:37:36.401+0530] {subprocess.py:106} INFO - 26/01/29 19:37:36 INFO BlockManagerInfo: Removed broadcast_93_piece0 on Aishwarya92848DBDA:44583 in memory (size: 34.3 KiB, free: 366.0 MiB)
[2026-01-29T19:37:36.401+0530] {subprocess.py:106} INFO - 26/01/29 19:37:36 INFO Executor: Running task 0.0 in stage 80.0 (TID 62)
[2026-01-29T19:37:36.403+0530] {subprocess.py:106} INFO - 26/01/29 19:37:36 INFO BlockManagerInfo: Removed broadcast_94_piece0 on Aishwarya92848DBDA:44583 in memory (size: 9.7 KiB, free: 366.0 MiB)
[2026-01-29T19:37:36.404+0530] {subprocess.py:106} INFO - 26/01/29 19:37:36 INFO BlockManagerInfo: Removed broadcast_96_piece0 on Aishwarya92848DBDA:44583 in memory (size: 34.3 KiB, free: 366.1 MiB)
[2026-01-29T19:37:36.406+0530] {subprocess.py:106} INFO - 26/01/29 19:37:36 INFO BlockManagerInfo: Removed broadcast_100_piece0 on Aishwarya92848DBDA:44583 in memory (size: 5.9 KiB, free: 366.1 MiB)
[2026-01-29T19:37:36.407+0530] {subprocess.py:106} INFO - 26/01/29 19:37:36 INFO BlockManagerInfo: Removed broadcast_97_piece0 on Aishwarya92848DBDA:44583 in memory (size: 15.2 KiB, free: 366.1 MiB)
[2026-01-29T19:37:36.408+0530] {subprocess.py:106} INFO - 26/01/29 19:37:36 INFO BlockManagerInfo: Removed broadcast_101_piece0 on Aishwarya92848DBDA:44583 in memory (size: 34.3 KiB, free: 366.1 MiB)
[2026-01-29T19:37:36.410+0530] {subprocess.py:106} INFO - 26/01/29 19:37:36 INFO BlockManagerInfo: Removed broadcast_102_piece0 on Aishwarya92848DBDA:44583 in memory (size: 15.2 KiB, free: 366.1 MiB)
[2026-01-29T19:37:36.412+0530] {subprocess.py:106} INFO - 26/01/29 19:37:36 INFO BlockManagerInfo: Removed broadcast_104_piece0 on Aishwarya92848DBDA:44583 in memory (size: 10.0 KiB, free: 366.1 MiB)
[2026-01-29T19:37:36.413+0530] {subprocess.py:106} INFO - 26/01/29 19:37:36 INFO BlockManagerInfo: Removed broadcast_105_piece0 on Aishwarya92848DBDA:44583 in memory (size: 5.9 KiB, free: 366.1 MiB)
[2026-01-29T19:37:36.414+0530] {subprocess.py:106} INFO - 26/01/29 19:37:36 INFO BlockManagerInfo: Removed broadcast_91_piece0 on Aishwarya92848DBDA:44583 in memory (size: 34.3 KiB, free: 366.2 MiB)
[2026-01-29T19:37:36.415+0530] {subprocess.py:106} INFO - 26/01/29 19:37:36 INFO BlockManagerInfo: Removed broadcast_99_piece0 on Aishwarya92848DBDA:44583 in memory (size: 10.0 KiB, free: 366.2 MiB)
[2026-01-29T19:37:36.417+0530] {subprocess.py:106} INFO - 26/01/29 19:37:36 INFO BlockManagerInfo: Removed broadcast_103_piece0 on Aishwarya92848DBDA:44583 in memory (size: 34.3 KiB, free: 366.2 MiB)
[2026-01-29T19:37:36.418+0530] {subprocess.py:106} INFO - 26/01/29 19:37:36 INFO BlockManagerInfo: Removed broadcast_98_piece0 on Aishwarya92848DBDA:44583 in memory (size: 34.3 KiB, free: 366.2 MiB)
[2026-01-29T19:37:36.427+0530] {subprocess.py:106} INFO - 26/01/29 19:37:36 INFO CodeGenerator: Code generated in 21.821921 ms
[2026-01-29T19:37:36.439+0530] {subprocess.py:106} INFO - 26/01/29 19:37:36 INFO CodeGenerator: Code generated in 6.418094 ms
[2026-01-29T19:37:36.445+0530] {subprocess.py:106} INFO - 26/01/29 19:37:36 INFO CodeGenerator: Code generated in 3.392267 ms
[2026-01-29T19:37:36.453+0530] {subprocess.py:106} INFO - 26/01/29 19:37:36 INFO CodeGenerator: Code generated in 3.62895 ms
[2026-01-29T19:37:36.460+0530] {subprocess.py:106} INFO - 26/01/29 19:37:36 INFO FileScanRDD: Reading File path: hdfs://localhost:9000/weather/data/raw_data/weather_dataset.csv, range: 0-2463, partition values: [empty row]
[2026-01-29T19:37:36.481+0530] {subprocess.py:106} INFO - 26/01/29 19:37:36 INFO Executor: Finished task 0.0 in stage 80.0 (TID 62). 2728 bytes result sent to driver
[2026-01-29T19:37:36.481+0530] {subprocess.py:106} INFO - 26/01/29 19:37:36 INFO TaskSetManager: Finished task 0.0 in stage 80.0 (TID 62) in 81 ms on Aishwarya92848DBDA (executor driver) (1/1)
[2026-01-29T19:37:36.482+0530] {subprocess.py:106} INFO - 26/01/29 19:37:36 INFO TaskSchedulerImpl: Removed TaskSet 80.0, whose tasks have all completed, from pool
[2026-01-29T19:37:36.482+0530] {subprocess.py:106} INFO - 26/01/29 19:37:36 INFO DAGScheduler: ShuffleMapStage 80 (showString at NativeMethodAccessorImpl.java:0) finished in 0.103 s
[2026-01-29T19:37:36.482+0530] {subprocess.py:106} INFO - 26/01/29 19:37:36 INFO DAGScheduler: looking for newly runnable stages
[2026-01-29T19:37:36.483+0530] {subprocess.py:106} INFO - 26/01/29 19:37:36 INFO DAGScheduler: running: Set()
[2026-01-29T19:37:36.483+0530] {subprocess.py:106} INFO - 26/01/29 19:37:36 INFO DAGScheduler: waiting: Set()
[2026-01-29T19:37:36.483+0530] {subprocess.py:106} INFO - 26/01/29 19:37:36 INFO DAGScheduler: failed: Set()
[2026-01-29T19:37:36.514+0530] {subprocess.py:106} INFO - 26/01/29 19:37:36 INFO ShufflePartitionsUtil: For shuffle(18), advisory target size: 67108864, actual target size 1048576, minimum partition size: 1048576
[2026-01-29T19:37:36.543+0530] {subprocess.py:106} INFO - 26/01/29 19:37:36 INFO CodeGenerator: Code generated in 10.020723 ms
[2026-01-29T19:37:36.545+0530] {subprocess.py:106} INFO - 26/01/29 19:37:36 INFO HashAggregateExec: spark.sql.codegen.aggregate.map.twolevel.enabled is set to true, but current version of codegened fast hashmap does not support this aggregate.
[2026-01-29T19:37:36.558+0530] {subprocess.py:106} INFO - 26/01/29 19:37:36 INFO CodeGenerator: Code generated in 8.122513 ms
[2026-01-29T19:37:36.585+0530] {subprocess.py:106} INFO - 26/01/29 19:37:36 INFO SparkContext: Starting job: showString at NativeMethodAccessorImpl.java:0
[2026-01-29T19:37:36.586+0530] {subprocess.py:106} INFO - 26/01/29 19:37:36 INFO DAGScheduler: Got job 63 (showString at NativeMethodAccessorImpl.java:0) with 1 output partitions
[2026-01-29T19:37:36.587+0530] {subprocess.py:106} INFO - 26/01/29 19:37:36 INFO DAGScheduler: Final stage: ResultStage 82 (showString at NativeMethodAccessorImpl.java:0)
[2026-01-29T19:37:36.587+0530] {subprocess.py:106} INFO - 26/01/29 19:37:36 INFO DAGScheduler: Parents of final stage: List(ShuffleMapStage 81)
[2026-01-29T19:37:36.587+0530] {subprocess.py:106} INFO - 26/01/29 19:37:36 INFO DAGScheduler: Missing parents: List()
[2026-01-29T19:37:36.587+0530] {subprocess.py:106} INFO - 26/01/29 19:37:36 INFO DAGScheduler: Submitting ResultStage 82 (MapPartitionsRDD[291] at showString at NativeMethodAccessorImpl.java:0), which has no missing parents
[2026-01-29T19:37:36.592+0530] {subprocess.py:106} INFO - 26/01/29 19:37:36 INFO MemoryStore: Block broadcast_108 stored as values in memory (estimated size 42.4 KiB, free 365.8 MiB)
[2026-01-29T19:37:36.594+0530] {subprocess.py:106} INFO - 26/01/29 19:37:36 INFO MemoryStore: Block broadcast_108_piece0 stored as bytes in memory (estimated size 20.1 KiB, free 365.8 MiB)
[2026-01-29T19:37:36.594+0530] {subprocess.py:106} INFO - 26/01/29 19:37:36 INFO BlockManagerInfo: Added broadcast_108_piece0 in memory on Aishwarya92848DBDA:44583 (size: 20.1 KiB, free: 366.2 MiB)
[2026-01-29T19:37:36.594+0530] {subprocess.py:106} INFO - 26/01/29 19:37:36 INFO SparkContext: Created broadcast 108 from broadcast at DAGScheduler.scala:1585
[2026-01-29T19:37:36.595+0530] {subprocess.py:106} INFO - 26/01/29 19:37:36 INFO DAGScheduler: Submitting 1 missing tasks from ResultStage 82 (MapPartitionsRDD[291] at showString at NativeMethodAccessorImpl.java:0) (first 15 tasks are for partitions Vector(0))
[2026-01-29T19:37:36.595+0530] {subprocess.py:106} INFO - 26/01/29 19:37:36 INFO TaskSchedulerImpl: Adding task set 82.0 with 1 tasks resource profile 0
[2026-01-29T19:37:36.596+0530] {subprocess.py:106} INFO - 26/01/29 19:37:36 INFO TaskSetManager: Starting task 0.0 in stage 82.0 (TID 63) (Aishwarya92848DBDA, executor driver, partition 0, NODE_LOCAL, 7615 bytes)
[2026-01-29T19:37:36.597+0530] {subprocess.py:106} INFO - 26/01/29 19:37:36 INFO Executor: Running task 0.0 in stage 82.0 (TID 63)
[2026-01-29T19:37:36.611+0530] {subprocess.py:106} INFO - 26/01/29 19:37:36 INFO CodeGenerator: Code generated in 5.296789 ms
[2026-01-29T19:37:36.616+0530] {subprocess.py:106} INFO - 26/01/29 19:37:36 INFO ShuffleBlockFetcherIterator: Getting 1 (760.0 B) non-empty blocks including 1 (760.0 B) local and 0 (0.0 B) host-local and 0 (0.0 B) push-merged-local and 0 (0.0 B) remote blocks
[2026-01-29T19:37:36.616+0530] {subprocess.py:106} INFO - 26/01/29 19:37:36 INFO ShuffleBlockFetcherIterator: Started 0 remote fetches in 1 ms
[2026-01-29T19:37:36.627+0530] {subprocess.py:106} INFO - 26/01/29 19:37:36 INFO CodeGenerator: Code generated in 10.847915 ms
[2026-01-29T19:37:36.642+0530] {subprocess.py:106} INFO - 26/01/29 19:37:36 INFO Executor: Finished task 0.0 in stage 82.0 (TID 63). 5632 bytes result sent to driver
[2026-01-29T19:37:36.642+0530] {subprocess.py:106} INFO - 26/01/29 19:37:36 INFO TaskSetManager: Finished task 0.0 in stage 82.0 (TID 63) in 46 ms on Aishwarya92848DBDA (executor driver) (1/1)
[2026-01-29T19:37:36.643+0530] {subprocess.py:106} INFO - 26/01/29 19:37:36 INFO TaskSchedulerImpl: Removed TaskSet 82.0, whose tasks have all completed, from pool
[2026-01-29T19:37:36.643+0530] {subprocess.py:106} INFO - 26/01/29 19:37:36 INFO DAGScheduler: ResultStage 82 (showString at NativeMethodAccessorImpl.java:0) finished in 0.053 s
[2026-01-29T19:37:36.644+0530] {subprocess.py:106} INFO - 26/01/29 19:37:36 INFO DAGScheduler: Job 63 is finished. Cancelling potential speculative or zombie tasks for this job
[2026-01-29T19:37:36.644+0530] {subprocess.py:106} INFO - 26/01/29 19:37:36 INFO TaskSchedulerImpl: Killing all running tasks in stage 82: Stage finished
[2026-01-29T19:37:36.644+0530] {subprocess.py:106} INFO - 26/01/29 19:37:36 INFO DAGScheduler: Job 63 finished: showString at NativeMethodAccessorImpl.java:0, took 0.058516 s
[2026-01-29T19:37:36.652+0530] {subprocess.py:106} INFO - 26/01/29 19:37:36 INFO CodeGenerator: Code generated in 5.736811 ms
[2026-01-29T19:37:36.659+0530] {subprocess.py:106} INFO - 26/01/29 19:37:36 INFO CodeGenerator: Code generated in 4.304431 ms
[2026-01-29T19:37:36.662+0530] {subprocess.py:106} INFO - +---------+-----+
[2026-01-29T19:37:36.662+0530] {subprocess.py:106} INFO - |     city|count|
[2026-01-29T19:37:36.663+0530] {subprocess.py:106} INFO - +---------+-----+
[2026-01-29T19:37:36.663+0530] {subprocess.py:106} INFO - |Bangalore|    3|
[2026-01-29T19:37:36.663+0530] {subprocess.py:106} INFO - |  Lucknow|    3|
[2026-01-29T19:37:36.663+0530] {subprocess.py:106} INFO - |  Chennai|    3|
[2026-01-29T19:37:36.663+0530] {subprocess.py:106} INFO - |   Mumbai|    3|
[2026-01-29T19:37:36.663+0530] {subprocess.py:106} INFO - |Ahmedabad|    3|
[2026-01-29T19:37:36.663+0530] {subprocess.py:106} INFO - |  Kolkata|    3|
[2026-01-29T19:37:36.663+0530] {subprocess.py:106} INFO - |     Pune|    3|
[2026-01-29T19:37:36.664+0530] {subprocess.py:106} INFO - |    Delhi|    3|
[2026-01-29T19:37:36.664+0530] {subprocess.py:106} INFO - |Hyderabad|    3|
[2026-01-29T19:37:36.664+0530] {subprocess.py:106} INFO - |   Jaipur|    3|
[2026-01-29T19:37:36.664+0530] {subprocess.py:106} INFO - |     city|    2|
[2026-01-29T19:37:36.664+0530] {subprocess.py:106} INFO - +---------+-----+
[2026-01-29T19:37:36.664+0530] {subprocess.py:106} INFO - 
[2026-01-29T19:37:36.829+0530] {subprocess.py:106} INFO - 26/01/29 19:37:36 INFO FileSourceStrategy: Pushed Filters:
[2026-01-29T19:37:36.829+0530] {subprocess.py:106} INFO - 26/01/29 19:37:36 INFO FileSourceStrategy: Post-Scan Filters:
[2026-01-29T19:37:36.859+0530] {subprocess.py:106} INFO - 26/01/29 19:37:36 INFO CodeGenerator: Code generated in 7.38917 ms
[2026-01-29T19:37:36.860+0530] {subprocess.py:106} INFO - 26/01/29 19:37:36 INFO MemoryStore: Block broadcast_109 stored as values in memory (estimated size 350.2 KiB, free 365.5 MiB)
[2026-01-29T19:37:36.867+0530] {subprocess.py:106} INFO - 26/01/29 19:37:36 INFO MemoryStore: Block broadcast_109_piece0 stored as bytes in memory (estimated size 34.3 KiB, free 365.4 MiB)
[2026-01-29T19:37:36.868+0530] {subprocess.py:106} INFO - 26/01/29 19:37:36 INFO BlockManagerInfo: Added broadcast_109_piece0 in memory on Aishwarya92848DBDA:44583 (size: 34.3 KiB, free: 366.2 MiB)
[2026-01-29T19:37:36.868+0530] {subprocess.py:106} INFO - 26/01/29 19:37:36 INFO SparkContext: Created broadcast 109 from showString at NativeMethodAccessorImpl.java:0
[2026-01-29T19:37:36.869+0530] {subprocess.py:106} INFO - 26/01/29 19:37:36 INFO FileSourceScanExec: Planning scan with bin packing, max size: 4194304 bytes, open cost is considered as scanning 4194304 bytes.
[2026-01-29T19:37:36.872+0530] {subprocess.py:106} INFO - 26/01/29 19:37:36 INFO DAGScheduler: Registering RDD 295 (showString at NativeMethodAccessorImpl.java:0) as input to shuffle 19
[2026-01-29T19:37:36.873+0530] {subprocess.py:106} INFO - 26/01/29 19:37:36 INFO DAGScheduler: Got map stage job 64 (showString at NativeMethodAccessorImpl.java:0) with 1 output partitions
[2026-01-29T19:37:36.873+0530] {subprocess.py:106} INFO - 26/01/29 19:37:36 INFO DAGScheduler: Final stage: ShuffleMapStage 83 (showString at NativeMethodAccessorImpl.java:0)
[2026-01-29T19:37:36.873+0530] {subprocess.py:106} INFO - 26/01/29 19:37:36 INFO DAGScheduler: Parents of final stage: List()
[2026-01-29T19:37:36.874+0530] {subprocess.py:106} INFO - 26/01/29 19:37:36 INFO DAGScheduler: Missing parents: List()
[2026-01-29T19:37:36.874+0530] {subprocess.py:106} INFO - 26/01/29 19:37:36 INFO DAGScheduler: Submitting ShuffleMapStage 83 (MapPartitionsRDD[295] at showString at NativeMethodAccessorImpl.java:0), which has no missing parents
[2026-01-29T19:37:36.877+0530] {subprocess.py:106} INFO - 26/01/29 19:37:36 INFO MemoryStore: Block broadcast_110 stored as values in memory (estimated size 20.8 KiB, free 365.4 MiB)
[2026-01-29T19:37:36.878+0530] {subprocess.py:106} INFO - 26/01/29 19:37:36 INFO MemoryStore: Block broadcast_110_piece0 stored as bytes in memory (estimated size 9.7 KiB, free 365.4 MiB)
[2026-01-29T19:37:36.878+0530] {subprocess.py:106} INFO - 26/01/29 19:37:36 INFO BlockManagerInfo: Added broadcast_110_piece0 in memory on Aishwarya92848DBDA:44583 (size: 9.7 KiB, free: 366.2 MiB)
[2026-01-29T19:37:36.879+0530] {subprocess.py:106} INFO - 26/01/29 19:37:36 INFO SparkContext: Created broadcast 110 from broadcast at DAGScheduler.scala:1585
[2026-01-29T19:37:36.879+0530] {subprocess.py:106} INFO - 26/01/29 19:37:36 INFO DAGScheduler: Submitting 1 missing tasks from ShuffleMapStage 83 (MapPartitionsRDD[295] at showString at NativeMethodAccessorImpl.java:0) (first 15 tasks are for partitions Vector(0))
[2026-01-29T19:37:36.879+0530] {subprocess.py:106} INFO - 26/01/29 19:37:36 INFO TaskSchedulerImpl: Adding task set 83.0 with 1 tasks resource profile 0
[2026-01-29T19:37:36.880+0530] {subprocess.py:106} INFO - 26/01/29 19:37:36 INFO TaskSetManager: Starting task 0.0 in stage 83.0 (TID 64) (Aishwarya92848DBDA, executor driver, partition 0, NODE_LOCAL, 8230 bytes)
[2026-01-29T19:37:36.881+0530] {subprocess.py:106} INFO - 26/01/29 19:37:36 INFO Executor: Running task 0.0 in stage 83.0 (TID 64)
[2026-01-29T19:37:36.892+0530] {subprocess.py:106} INFO - 26/01/29 19:37:36 INFO CodeGenerator: Code generated in 8.984341 ms
[2026-01-29T19:37:36.895+0530] {subprocess.py:106} INFO - 26/01/29 19:37:36 INFO FileScanRDD: Reading File path: hdfs://localhost:9000/weather/data/raw_data/weather_dataset.csv, range: 0-2463, partition values: [empty row]
[2026-01-29T19:37:36.915+0530] {subprocess.py:106} INFO - 26/01/29 19:37:36 INFO Executor: Finished task 0.0 in stage 83.0 (TID 64). 1995 bytes result sent to driver
[2026-01-29T19:37:36.916+0530] {subprocess.py:106} INFO - 26/01/29 19:37:36 INFO TaskSetManager: Finished task 0.0 in stage 83.0 (TID 64) in 36 ms on Aishwarya92848DBDA (executor driver) (1/1)
[2026-01-29T19:37:36.916+0530] {subprocess.py:106} INFO - 26/01/29 19:37:36 INFO TaskSchedulerImpl: Removed TaskSet 83.0, whose tasks have all completed, from pool
[2026-01-29T19:37:36.917+0530] {subprocess.py:106} INFO - 26/01/29 19:37:36 INFO DAGScheduler: ShuffleMapStage 83 (showString at NativeMethodAccessorImpl.java:0) finished in 0.042 s
[2026-01-29T19:37:36.917+0530] {subprocess.py:106} INFO - 26/01/29 19:37:36 INFO DAGScheduler: looking for newly runnable stages
[2026-01-29T19:37:36.917+0530] {subprocess.py:106} INFO - 26/01/29 19:37:36 INFO DAGScheduler: running: Set()
[2026-01-29T19:37:36.918+0530] {subprocess.py:106} INFO - 26/01/29 19:37:36 INFO DAGScheduler: waiting: Set()
[2026-01-29T19:37:36.918+0530] {subprocess.py:106} INFO - 26/01/29 19:37:36 INFO DAGScheduler: failed: Set()
[2026-01-29T19:37:36.921+0530] {subprocess.py:106} INFO - 26/01/29 19:37:36 INFO ShufflePartitionsUtil: For shuffle(19), advisory target size: 67108864, actual target size 1048576, minimum partition size: 1048576
[2026-01-29T19:37:36.937+0530] {subprocess.py:106} INFO - 26/01/29 19:37:36 INFO CodeGenerator: Code generated in 8.023063 ms
[2026-01-29T19:37:36.954+0530] {subprocess.py:106} INFO - 26/01/29 19:37:36 INFO CodeGenerator: Code generated in 7.129875 ms
[2026-01-29T19:37:36.981+0530] {subprocess.py:106} INFO - 26/01/29 19:37:36 INFO SparkContext: Starting job: showString at NativeMethodAccessorImpl.java:0
[2026-01-29T19:37:36.982+0530] {subprocess.py:106} INFO - 26/01/29 19:37:36 INFO DAGScheduler: Got job 65 (showString at NativeMethodAccessorImpl.java:0) with 1 output partitions
[2026-01-29T19:37:36.983+0530] {subprocess.py:106} INFO - 26/01/29 19:37:36 INFO DAGScheduler: Final stage: ResultStage 85 (showString at NativeMethodAccessorImpl.java:0)
[2026-01-29T19:37:36.983+0530] {subprocess.py:106} INFO - 26/01/29 19:37:36 INFO DAGScheduler: Parents of final stage: List(ShuffleMapStage 84)
[2026-01-29T19:37:36.983+0530] {subprocess.py:106} INFO - 26/01/29 19:37:36 INFO DAGScheduler: Missing parents: List()
[2026-01-29T19:37:36.983+0530] {subprocess.py:106} INFO - 26/01/29 19:37:36 INFO DAGScheduler: Submitting ResultStage 85 (MapPartitionsRDD[300] at showString at NativeMethodAccessorImpl.java:0), which has no missing parents
[2026-01-29T19:37:36.987+0530] {subprocess.py:106} INFO - 26/01/29 19:37:36 INFO MemoryStore: Block broadcast_111 stored as values in memory (estimated size 46.7 KiB, free 365.4 MiB)
[2026-01-29T19:37:36.988+0530] {subprocess.py:106} INFO - 26/01/29 19:37:36 INFO MemoryStore: Block broadcast_111_piece0 stored as bytes in memory (estimated size 21.2 KiB, free 365.3 MiB)
[2026-01-29T19:37:36.989+0530] {subprocess.py:106} INFO - 26/01/29 19:37:36 INFO BlockManagerInfo: Added broadcast_111_piece0 in memory on Aishwarya92848DBDA:44583 (size: 21.2 KiB, free: 366.2 MiB)
[2026-01-29T19:37:36.989+0530] {subprocess.py:106} INFO - 26/01/29 19:37:36 INFO SparkContext: Created broadcast 111 from broadcast at DAGScheduler.scala:1585
[2026-01-29T19:37:36.989+0530] {subprocess.py:106} INFO - 26/01/29 19:37:36 INFO DAGScheduler: Submitting 1 missing tasks from ResultStage 85 (MapPartitionsRDD[300] at showString at NativeMethodAccessorImpl.java:0) (first 15 tasks are for partitions Vector(0))
[2026-01-29T19:37:36.990+0530] {subprocess.py:106} INFO - 26/01/29 19:37:36 INFO TaskSchedulerImpl: Adding task set 85.0 with 1 tasks resource profile 0
[2026-01-29T19:37:36.991+0530] {subprocess.py:106} INFO - 26/01/29 19:37:36 INFO TaskSetManager: Starting task 0.0 in stage 85.0 (TID 65) (Aishwarya92848DBDA, executor driver, partition 0, NODE_LOCAL, 7615 bytes)
[2026-01-29T19:37:36.992+0530] {subprocess.py:106} INFO - 26/01/29 19:37:36 INFO Executor: Running task 0.0 in stage 85.0 (TID 65)
[2026-01-29T19:37:37.012+0530] {subprocess.py:106} INFO - 26/01/29 19:37:37 INFO ShuffleBlockFetcherIterator: Getting 1 (1081.0 B) non-empty blocks including 1 (1081.0 B) local and 0 (0.0 B) host-local and 0 (0.0 B) push-merged-local and 0 (0.0 B) remote blocks
[2026-01-29T19:37:37.012+0530] {subprocess.py:106} INFO - 26/01/29 19:37:37 INFO ShuffleBlockFetcherIterator: Started 0 remote fetches in 0 ms
[2026-01-29T19:37:37.019+0530] {subprocess.py:106} INFO - 26/01/29 19:37:37 INFO CodeGenerator: Code generated in 6.461436 ms
[2026-01-29T19:37:37.026+0530] {subprocess.py:106} INFO - 26/01/29 19:37:37 INFO CodeGenerator: Code generated in 4.965916 ms
[2026-01-29T19:37:37.041+0530] {subprocess.py:106} INFO - 26/01/29 19:37:37 INFO CodeGenerator: Code generated in 7.122901 ms
[2026-01-29T19:37:37.066+0530] {subprocess.py:106} INFO - 26/01/29 19:37:37 INFO CodeGenerator: Code generated in 6.247818 ms
[2026-01-29T19:37:37.085+0530] {subprocess.py:106} INFO - 26/01/29 19:37:37 INFO CodeGenerator: Code generated in 3.356428 ms
[2026-01-29T19:37:37.091+0530] {subprocess.py:106} INFO - 26/01/29 19:37:37 INFO CodeGenerator: Code generated in 4.270566 ms
[2026-01-29T19:37:37.097+0530] {subprocess.py:106} INFO - 26/01/29 19:37:37 INFO CodeGenerator: Code generated in 3.585917 ms
[2026-01-29T19:37:37.105+0530] {subprocess.py:106} INFO - 26/01/29 19:37:37 INFO CodeGenerator: Code generated in 3.377118 ms
[2026-01-29T19:37:37.117+0530] {subprocess.py:106} INFO - 26/01/29 19:37:37 INFO CodeGenerator: Code generated in 4.754762 ms
[2026-01-29T19:37:37.125+0530] {subprocess.py:106} INFO - 26/01/29 19:37:37 INFO CodeGenerator: Code generated in 4.124748 ms
[2026-01-29T19:37:37.132+0530] {subprocess.py:106} INFO - 26/01/29 19:37:37 INFO CodeGenerator: Code generated in 4.363504 ms
[2026-01-29T19:37:37.140+0530] {subprocess.py:106} INFO - 26/01/29 19:37:37 INFO CodeGenerator: Code generated in 5.33397 ms
[2026-01-29T19:37:37.152+0530] {subprocess.py:106} INFO - 26/01/29 19:37:37 INFO CodeGenerator: Code generated in 9.739094 ms
[2026-01-29T19:37:37.159+0530] {subprocess.py:106} INFO - 26/01/29 19:37:37 INFO Executor: Finished task 0.0 in stage 85.0 (TID 65). 4832 bytes result sent to driver
[2026-01-29T19:37:37.160+0530] {subprocess.py:106} INFO - 26/01/29 19:37:37 INFO TaskSetManager: Finished task 0.0 in stage 85.0 (TID 65) in 170 ms on Aishwarya92848DBDA (executor driver) (1/1)
[2026-01-29T19:37:37.161+0530] {subprocess.py:106} INFO - 26/01/29 19:37:37 INFO TaskSchedulerImpl: Removed TaskSet 85.0, whose tasks have all completed, from pool
[2026-01-29T19:37:37.161+0530] {subprocess.py:106} INFO - 26/01/29 19:37:37 INFO DAGScheduler: ResultStage 85 (showString at NativeMethodAccessorImpl.java:0) finished in 0.176 s
[2026-01-29T19:37:37.161+0530] {subprocess.py:106} INFO - 26/01/29 19:37:37 INFO DAGScheduler: Job 65 is finished. Cancelling potential speculative or zombie tasks for this job
[2026-01-29T19:37:37.161+0530] {subprocess.py:106} INFO - 26/01/29 19:37:37 INFO TaskSchedulerImpl: Killing all running tasks in stage 85: Stage finished
[2026-01-29T19:37:37.162+0530] {subprocess.py:106} INFO - 26/01/29 19:37:37 INFO DAGScheduler: Job 65 finished: showString at NativeMethodAccessorImpl.java:0, took 0.180055 s
[2026-01-29T19:37:37.171+0530] {subprocess.py:106} INFO - 26/01/29 19:37:37 INFO CodeGenerator: Code generated in 6.011355 ms
[2026-01-29T19:37:37.173+0530] {subprocess.py:106} INFO - +---------+----------+------------------+----------+----------+------------------+---+-----+-----------+
[2026-01-29T19:37:37.174+0530] {subprocess.py:106} INFO - |     city|      date|temperature_2m_max|temp_lag_1|temp_lag_2|    temp_rolling_3|day|month|day_of_week|
[2026-01-29T19:37:37.174+0530] {subprocess.py:106} INFO - +---------+----------+------------------+----------+----------+------------------+---+-----+-----------+
[2026-01-29T19:37:37.175+0530] {subprocess.py:106} INFO - |Ahmedabad|2026-01-29|              26.9|      NULL|      NULL|              26.9| 29|    1|          5|
[2026-01-29T19:37:37.175+0530] {subprocess.py:106} INFO - |Ahmedabad|2026-01-29|              26.9|      26.9|      NULL|              26.9| 29|    1|          5|
[2026-01-29T19:37:37.175+0530] {subprocess.py:106} INFO - |Ahmedabad|2026-01-29|              26.9|      26.9|      26.9|26.899999999999995| 29|    1|          5|
[2026-01-29T19:37:37.175+0530] {subprocess.py:106} INFO - |Bangalore|2026-01-29|              27.5|      NULL|      NULL|              27.5| 29|    1|          5|
[2026-01-29T19:37:37.175+0530] {subprocess.py:106} INFO - |Bangalore|2026-01-29|              27.5|      27.5|      NULL|              27.5| 29|    1|          5|
[2026-01-29T19:37:37.175+0530] {subprocess.py:106} INFO - +---------+----------+------------------+----------+----------+------------------+---+-----+-----------+
[2026-01-29T19:37:37.176+0530] {subprocess.py:106} INFO - only showing top 5 rows
[2026-01-29T19:37:37.176+0530] {subprocess.py:106} INFO - 
[2026-01-29T19:37:37.338+0530] {subprocess.py:106} INFO - 26/01/29 19:37:37 INFO FileSourceStrategy: Pushed Filters:
[2026-01-29T19:37:37.338+0530] {subprocess.py:106} INFO - 26/01/29 19:37:37 INFO FileSourceStrategy: Post-Scan Filters:
[2026-01-29T19:37:37.376+0530] {subprocess.py:106} INFO - 26/01/29 19:37:37 INFO CodeGenerator: Code generated in 10.426799 ms
[2026-01-29T19:37:37.378+0530] {subprocess.py:106} INFO - 26/01/29 19:37:37 INFO MemoryStore: Block broadcast_112 stored as values in memory (estimated size 350.2 KiB, free 365.0 MiB)
[2026-01-29T19:37:37.385+0530] {subprocess.py:106} INFO - 26/01/29 19:37:37 INFO MemoryStore: Block broadcast_112_piece0 stored as bytes in memory (estimated size 34.3 KiB, free 365.0 MiB)
[2026-01-29T19:37:37.385+0530] {subprocess.py:106} INFO - 26/01/29 19:37:37 INFO BlockManagerInfo: Added broadcast_112_piece0 in memory on Aishwarya92848DBDA:44583 (size: 34.3 KiB, free: 366.1 MiB)
[2026-01-29T19:37:37.386+0530] {subprocess.py:106} INFO - 26/01/29 19:37:37 INFO SparkContext: Created broadcast 112 from showString at NativeMethodAccessorImpl.java:0
[2026-01-29T19:37:37.386+0530] {subprocess.py:106} INFO - 26/01/29 19:37:37 INFO FileSourceScanExec: Planning scan with bin packing, max size: 4194304 bytes, open cost is considered as scanning 4194304 bytes.
[2026-01-29T19:37:37.390+0530] {subprocess.py:106} INFO - 26/01/29 19:37:37 INFO DAGScheduler: Registering RDD 304 (showString at NativeMethodAccessorImpl.java:0) as input to shuffle 20
[2026-01-29T19:37:37.391+0530] {subprocess.py:106} INFO - 26/01/29 19:37:37 INFO DAGScheduler: Got map stage job 66 (showString at NativeMethodAccessorImpl.java:0) with 1 output partitions
[2026-01-29T19:37:37.391+0530] {subprocess.py:106} INFO - 26/01/29 19:37:37 INFO DAGScheduler: Final stage: ShuffleMapStage 86 (showString at NativeMethodAccessorImpl.java:0)
[2026-01-29T19:37:37.391+0530] {subprocess.py:106} INFO - 26/01/29 19:37:37 INFO DAGScheduler: Parents of final stage: List()
[2026-01-29T19:37:37.391+0530] {subprocess.py:106} INFO - 26/01/29 19:37:37 INFO DAGScheduler: Missing parents: List()
[2026-01-29T19:37:37.391+0530] {subprocess.py:106} INFO - 26/01/29 19:37:37 INFO DAGScheduler: Submitting ShuffleMapStage 86 (MapPartitionsRDD[304] at showString at NativeMethodAccessorImpl.java:0), which has no missing parents
[2026-01-29T19:37:37.393+0530] {subprocess.py:106} INFO - 26/01/29 19:37:37 INFO MemoryStore: Block broadcast_113 stored as values in memory (estimated size 28.9 KiB, free 364.9 MiB)
[2026-01-29T19:37:37.395+0530] {subprocess.py:106} INFO - 26/01/29 19:37:37 INFO MemoryStore: Block broadcast_113_piece0 stored as bytes in memory (estimated size 11.1 KiB, free 364.9 MiB)
[2026-01-29T19:37:37.396+0530] {subprocess.py:106} INFO - 26/01/29 19:37:37 INFO BlockManagerInfo: Added broadcast_113_piece0 in memory on Aishwarya92848DBDA:44583 (size: 11.1 KiB, free: 366.1 MiB)
[2026-01-29T19:37:37.396+0530] {subprocess.py:106} INFO - 26/01/29 19:37:37 INFO SparkContext: Created broadcast 113 from broadcast at DAGScheduler.scala:1585
[2026-01-29T19:37:37.396+0530] {subprocess.py:106} INFO - 26/01/29 19:37:37 INFO DAGScheduler: Submitting 1 missing tasks from ShuffleMapStage 86 (MapPartitionsRDD[304] at showString at NativeMethodAccessorImpl.java:0) (first 15 tasks are for partitions Vector(0))
[2026-01-29T19:37:37.397+0530] {subprocess.py:106} INFO - 26/01/29 19:37:37 INFO TaskSchedulerImpl: Adding task set 86.0 with 1 tasks resource profile 0
[2026-01-29T19:37:37.398+0530] {subprocess.py:106} INFO - 26/01/29 19:37:37 INFO TaskSetManager: Starting task 0.0 in stage 86.0 (TID 66) (Aishwarya92848DBDA, executor driver, partition 0, NODE_LOCAL, 8230 bytes)
[2026-01-29T19:37:37.398+0530] {subprocess.py:106} INFO - 26/01/29 19:37:37 INFO Executor: Running task 0.0 in stage 86.0 (TID 66)
[2026-01-29T19:37:37.414+0530] {subprocess.py:106} INFO - 26/01/29 19:37:37 INFO CodeGenerator: Code generated in 12.581459 ms
[2026-01-29T19:37:37.417+0530] {subprocess.py:106} INFO - 26/01/29 19:37:37 INFO FileScanRDD: Reading File path: hdfs://localhost:9000/weather/data/raw_data/weather_dataset.csv, range: 0-2463, partition values: [empty row]
[2026-01-29T19:37:37.424+0530] {subprocess.py:106} INFO - 26/01/29 19:37:37 INFO CodeGenerator: Code generated in 5.197919 ms
[2026-01-29T19:37:37.441+0530] {subprocess.py:106} INFO - 26/01/29 19:37:37 INFO Executor: Finished task 0.0 in stage 86.0 (TID 66). 1995 bytes result sent to driver
[2026-01-29T19:37:37.441+0530] {subprocess.py:106} INFO - 26/01/29 19:37:37 INFO TaskSetManager: Finished task 0.0 in stage 86.0 (TID 66) in 44 ms on Aishwarya92848DBDA (executor driver) (1/1)
[2026-01-29T19:37:37.442+0530] {subprocess.py:106} INFO - 26/01/29 19:37:37 INFO TaskSchedulerImpl: Removed TaskSet 86.0, whose tasks have all completed, from pool
[2026-01-29T19:37:37.442+0530] {subprocess.py:106} INFO - 26/01/29 19:37:37 INFO DAGScheduler: ShuffleMapStage 86 (showString at NativeMethodAccessorImpl.java:0) finished in 0.051 s
[2026-01-29T19:37:37.443+0530] {subprocess.py:106} INFO - 26/01/29 19:37:37 INFO DAGScheduler: looking for newly runnable stages
[2026-01-29T19:37:37.443+0530] {subprocess.py:106} INFO - 26/01/29 19:37:37 INFO DAGScheduler: running: Set()
[2026-01-29T19:37:37.443+0530] {subprocess.py:106} INFO - 26/01/29 19:37:37 INFO DAGScheduler: waiting: Set()
[2026-01-29T19:37:37.443+0530] {subprocess.py:106} INFO - 26/01/29 19:37:37 INFO DAGScheduler: failed: Set()
[2026-01-29T19:37:37.450+0530] {subprocess.py:106} INFO - 26/01/29 19:37:37 INFO ShufflePartitionsUtil: For shuffle(20), advisory target size: 67108864, actual target size 1048576, minimum partition size: 1048576
[2026-01-29T19:37:37.485+0530] {subprocess.py:106} INFO - 26/01/29 19:37:37 INFO CodeGenerator: Code generated in 11.122719 ms
[2026-01-29T19:37:37.504+0530] {subprocess.py:106} INFO - 26/01/29 19:37:37 INFO DAGScheduler: Registering RDD 309 (showString at NativeMethodAccessorImpl.java:0) as input to shuffle 21
[2026-01-29T19:37:37.505+0530] {subprocess.py:106} INFO - 26/01/29 19:37:37 INFO DAGScheduler: Got map stage job 67 (showString at NativeMethodAccessorImpl.java:0) with 1 output partitions
[2026-01-29T19:37:37.505+0530] {subprocess.py:106} INFO - 26/01/29 19:37:37 INFO DAGScheduler: Final stage: ShuffleMapStage 88 (showString at NativeMethodAccessorImpl.java:0)
[2026-01-29T19:37:37.505+0530] {subprocess.py:106} INFO - 26/01/29 19:37:37 INFO DAGScheduler: Parents of final stage: List(ShuffleMapStage 87)
[2026-01-29T19:37:37.506+0530] {subprocess.py:106} INFO - 26/01/29 19:37:37 INFO DAGScheduler: Missing parents: List()
[2026-01-29T19:37:37.506+0530] {subprocess.py:106} INFO - 26/01/29 19:37:37 INFO DAGScheduler: Submitting ShuffleMapStage 88 (MapPartitionsRDD[309] at showString at NativeMethodAccessorImpl.java:0), which has no missing parents
[2026-01-29T19:37:37.509+0530] {subprocess.py:106} INFO - 26/01/29 19:37:37 INFO MemoryStore: Block broadcast_114 stored as values in memory (estimated size 61.8 KiB, free 364.9 MiB)
[2026-01-29T19:37:37.511+0530] {subprocess.py:106} INFO - 26/01/29 19:37:37 INFO MemoryStore: Block broadcast_114_piece0 stored as bytes in memory (estimated size 25.3 KiB, free 364.8 MiB)
[2026-01-29T19:37:37.511+0530] {subprocess.py:106} INFO - 26/01/29 19:37:37 INFO BlockManagerInfo: Added broadcast_114_piece0 in memory on Aishwarya92848DBDA:44583 (size: 25.3 KiB, free: 366.1 MiB)
[2026-01-29T19:37:37.512+0530] {subprocess.py:106} INFO - 26/01/29 19:37:37 INFO SparkContext: Created broadcast 114 from broadcast at DAGScheduler.scala:1585
[2026-01-29T19:37:37.512+0530] {subprocess.py:106} INFO - 26/01/29 19:37:37 INFO DAGScheduler: Submitting 1 missing tasks from ShuffleMapStage 88 (MapPartitionsRDD[309] at showString at NativeMethodAccessorImpl.java:0) (first 15 tasks are for partitions Vector(0))
[2026-01-29T19:37:37.513+0530] {subprocess.py:106} INFO - 26/01/29 19:37:37 INFO TaskSchedulerImpl: Adding task set 88.0 with 1 tasks resource profile 0
[2026-01-29T19:37:37.513+0530] {subprocess.py:106} INFO - 26/01/29 19:37:37 INFO TaskSetManager: Starting task 0.0 in stage 88.0 (TID 67) (Aishwarya92848DBDA, executor driver, partition 0, NODE_LOCAL, 7604 bytes)
[2026-01-29T19:37:37.514+0530] {subprocess.py:106} INFO - 26/01/29 19:37:37 INFO Executor: Running task 0.0 in stage 88.0 (TID 67)
[2026-01-29T19:37:37.520+0530] {subprocess.py:106} INFO - 26/01/29 19:37:37 INFO ShuffleBlockFetcherIterator: Getting 1 (1335.0 B) non-empty blocks including 1 (1335.0 B) local and 0 (0.0 B) host-local and 0 (0.0 B) push-merged-local and 0 (0.0 B) remote blocks
[2026-01-29T19:37:37.521+0530] {subprocess.py:106} INFO - 26/01/29 19:37:37 INFO ShuffleBlockFetcherIterator: Started 0 remote fetches in 0 ms
[2026-01-29T19:37:37.533+0530] {subprocess.py:106} INFO - 26/01/29 19:37:37 INFO CodeGenerator: Code generated in 7.645421 ms
[2026-01-29T19:37:37.556+0530] {subprocess.py:106} INFO - 26/01/29 19:37:37 INFO BlockManagerInfo: Removed broadcast_113_piece0 on Aishwarya92848DBDA:44583 in memory (size: 11.1 KiB, free: 366.1 MiB)
[2026-01-29T19:37:37.557+0530] {subprocess.py:106} INFO - 26/01/29 19:37:37 INFO BlockManagerInfo: Removed broadcast_110_piece0 on Aishwarya92848DBDA:44583 in memory (size: 9.7 KiB, free: 366.1 MiB)
[2026-01-29T19:37:37.559+0530] {subprocess.py:106} INFO - 26/01/29 19:37:37 INFO BlockManagerInfo: Removed broadcast_106_piece0 on Aishwarya92848DBDA:44583 in memory (size: 34.3 KiB, free: 366.1 MiB)
[2026-01-29T19:37:37.560+0530] {subprocess.py:106} INFO - 26/01/29 19:37:37 INFO BlockManagerInfo: Removed broadcast_107_piece0 on Aishwarya92848DBDA:44583 in memory (size: 18.6 KiB, free: 366.2 MiB)
[2026-01-29T19:37:37.561+0530] {subprocess.py:106} INFO - 26/01/29 19:37:37 INFO BlockManagerInfo: Removed broadcast_109_piece0 on Aishwarya92848DBDA:44583 in memory (size: 34.3 KiB, free: 366.2 MiB)
[2026-01-29T19:37:37.563+0530] {subprocess.py:106} INFO - 26/01/29 19:37:37 INFO BlockManagerInfo: Removed broadcast_108_piece0 on Aishwarya92848DBDA:44583 in memory (size: 20.1 KiB, free: 366.2 MiB)
[2026-01-29T19:37:37.564+0530] {subprocess.py:106} INFO - 26/01/29 19:37:37 INFO BlockManagerInfo: Removed broadcast_111_piece0 on Aishwarya92848DBDA:44583 in memory (size: 21.2 KiB, free: 366.2 MiB)
[2026-01-29T19:37:37.576+0530] {subprocess.py:106} INFO - 26/01/29 19:37:37 INFO CodeGenerator: Code generated in 9.874743 ms
[2026-01-29T19:37:37.582+0530] {subprocess.py:106} INFO - 26/01/29 19:37:37 INFO Executor: Finished task 0.0 in stage 88.0 (TID 67). 4976 bytes result sent to driver
[2026-01-29T19:37:37.583+0530] {subprocess.py:106} INFO - 26/01/29 19:37:37 INFO TaskSetManager: Finished task 0.0 in stage 88.0 (TID 67) in 69 ms on Aishwarya92848DBDA (executor driver) (1/1)
[2026-01-29T19:37:37.583+0530] {subprocess.py:106} INFO - 26/01/29 19:37:37 INFO TaskSchedulerImpl: Removed TaskSet 88.0, whose tasks have all completed, from pool
[2026-01-29T19:37:37.583+0530] {subprocess.py:106} INFO - 26/01/29 19:37:37 INFO DAGScheduler: ShuffleMapStage 88 (showString at NativeMethodAccessorImpl.java:0) finished in 0.077 s
[2026-01-29T19:37:37.583+0530] {subprocess.py:106} INFO - 26/01/29 19:37:37 INFO DAGScheduler: looking for newly runnable stages
[2026-01-29T19:37:37.584+0530] {subprocess.py:106} INFO - 26/01/29 19:37:37 INFO DAGScheduler: running: Set()
[2026-01-29T19:37:37.584+0530] {subprocess.py:106} INFO - 26/01/29 19:37:37 INFO DAGScheduler: waiting: Set()
[2026-01-29T19:37:37.584+0530] {subprocess.py:106} INFO - 26/01/29 19:37:37 INFO DAGScheduler: failed: Set()
[2026-01-29T19:37:37.606+0530] {subprocess.py:106} INFO - 26/01/29 19:37:37 INFO CodeGenerator: Code generated in 11.276724 ms
[2026-01-29T19:37:37.621+0530] {subprocess.py:106} INFO - 26/01/29 19:37:37 INFO SparkContext: Starting job: showString at NativeMethodAccessorImpl.java:0
[2026-01-29T19:37:37.622+0530] {subprocess.py:106} INFO - 26/01/29 19:37:37 INFO DAGScheduler: Got job 68 (showString at NativeMethodAccessorImpl.java:0) with 1 output partitions
[2026-01-29T19:37:37.623+0530] {subprocess.py:106} INFO - 26/01/29 19:37:37 INFO DAGScheduler: Final stage: ResultStage 91 (showString at NativeMethodAccessorImpl.java:0)
[2026-01-29T19:37:37.623+0530] {subprocess.py:106} INFO - 26/01/29 19:37:37 INFO DAGScheduler: Parents of final stage: List(ShuffleMapStage 90)
[2026-01-29T19:37:37.623+0530] {subprocess.py:106} INFO - 26/01/29 19:37:37 INFO DAGScheduler: Missing parents: List()
[2026-01-29T19:37:37.624+0530] {subprocess.py:106} INFO - 26/01/29 19:37:37 INFO DAGScheduler: Submitting ResultStage 91 (MapPartitionsRDD[312] at showString at NativeMethodAccessorImpl.java:0), which has no missing parents
[2026-01-29T19:37:37.624+0530] {subprocess.py:106} INFO - 26/01/29 19:37:37 INFO MemoryStore: Block broadcast_115 stored as values in memory (estimated size 19.6 KiB, free 365.8 MiB)
[2026-01-29T19:37:37.626+0530] {subprocess.py:106} INFO - 26/01/29 19:37:37 INFO MemoryStore: Block broadcast_115_piece0 stored as bytes in memory (estimated size 7.5 KiB, free 365.8 MiB)
[2026-01-29T19:37:37.626+0530] {subprocess.py:106} INFO - 26/01/29 19:37:37 INFO BlockManagerInfo: Added broadcast_115_piece0 in memory on Aishwarya92848DBDA:44583 (size: 7.5 KiB, free: 366.2 MiB)
[2026-01-29T19:37:37.627+0530] {subprocess.py:106} INFO - 26/01/29 19:37:37 INFO SparkContext: Created broadcast 115 from broadcast at DAGScheduler.scala:1585
[2026-01-29T19:37:37.627+0530] {subprocess.py:106} INFO - 26/01/29 19:37:37 INFO DAGScheduler: Submitting 1 missing tasks from ResultStage 91 (MapPartitionsRDD[312] at showString at NativeMethodAccessorImpl.java:0) (first 15 tasks are for partitions Vector(0))
[2026-01-29T19:37:37.628+0530] {subprocess.py:106} INFO - 26/01/29 19:37:37 INFO TaskSchedulerImpl: Adding task set 91.0 with 1 tasks resource profile 0
[2026-01-29T19:37:37.629+0530] {subprocess.py:106} INFO - 26/01/29 19:37:37 INFO TaskSetManager: Starting task 0.0 in stage 91.0 (TID 68) (Aishwarya92848DBDA, executor driver, partition 0, NODE_LOCAL, 7615 bytes)
[2026-01-29T19:37:37.629+0530] {subprocess.py:106} INFO - 26/01/29 19:37:37 INFO Executor: Running task 0.0 in stage 91.0 (TID 68)
[2026-01-29T19:37:37.632+0530] {subprocess.py:106} INFO - 26/01/29 19:37:37 INFO ShuffleBlockFetcherIterator: Getting 1 (72.0 B) non-empty blocks including 1 (72.0 B) local and 0 (0.0 B) host-local and 0 (0.0 B) push-merged-local and 0 (0.0 B) remote blocks
[2026-01-29T19:37:37.632+0530] {subprocess.py:106} INFO - 26/01/29 19:37:37 INFO ShuffleBlockFetcherIterator: Started 0 remote fetches in 0 ms
[2026-01-29T19:37:37.643+0530] {subprocess.py:106} INFO - 26/01/29 19:37:37 INFO CodeGenerator: Code generated in 10.544394 ms
[2026-01-29T19:37:37.646+0530] {subprocess.py:106} INFO - 26/01/29 19:37:37 INFO Executor: Finished task 0.0 in stage 91.0 (TID 68). 4058 bytes result sent to driver
[2026-01-29T19:37:37.647+0530] {subprocess.py:106} INFO - 26/01/29 19:37:37 INFO TaskSetManager: Finished task 0.0 in stage 91.0 (TID 68) in 19 ms on Aishwarya92848DBDA (executor driver) (1/1)
[2026-01-29T19:37:37.647+0530] {subprocess.py:106} INFO - 26/01/29 19:37:37 INFO TaskSchedulerImpl: Removed TaskSet 91.0, whose tasks have all completed, from pool
[2026-01-29T19:37:37.647+0530] {subprocess.py:106} INFO - 26/01/29 19:37:37 INFO DAGScheduler: ResultStage 91 (showString at NativeMethodAccessorImpl.java:0) finished in 0.024 s
[2026-01-29T19:37:37.648+0530] {subprocess.py:106} INFO - 26/01/29 19:37:37 INFO DAGScheduler: Job 68 is finished. Cancelling potential speculative or zombie tasks for this job
[2026-01-29T19:37:37.648+0530] {subprocess.py:106} INFO - 26/01/29 19:37:37 INFO TaskSchedulerImpl: Killing all running tasks in stage 91: Stage finished
[2026-01-29T19:37:37.648+0530] {subprocess.py:106} INFO - 26/01/29 19:37:37 INFO DAGScheduler: Job 68 finished: showString at NativeMethodAccessorImpl.java:0, took 0.026518 s
[2026-01-29T19:37:37.658+0530] {subprocess.py:106} INFO - 26/01/29 19:37:37 INFO CodeGenerator: Code generated in 6.685775 ms
[2026-01-29T19:37:37.660+0530] {subprocess.py:106} INFO - +------------------+------------------+------------------------+------------------------+------------------+------------------+------------+----------+----------+--------------+
[2026-01-29T19:37:37.661+0530] {subprocess.py:106} INFO - |temperature_2m_max|temperature_2m_min|apparent_temperature_max|apparent_temperature_min|wind_speed_10m_max|wind_gusts_10m_max|rain_sum_log|temp_lag_1|temp_lag_2|temp_rolling_3|
[2026-01-29T19:37:37.661+0530] {subprocess.py:106} INFO - +------------------+------------------+------------------------+------------------------+------------------+------------------+------------+----------+----------+--------------+
[2026-01-29T19:37:37.662+0530] {subprocess.py:106} INFO - |2                 |2                 |2                       |2                       |2                 |2                 |2           |12        |22        |2             |
[2026-01-29T19:37:37.662+0530] {subprocess.py:106} INFO - +------------------+------------------+------------------------+------------------------+------------------+------------------+------------+----------+----------+--------------+
[2026-01-29T19:37:37.663+0530] {subprocess.py:106} INFO - 
[2026-01-29T19:37:37.799+0530] {subprocess.py:106} INFO - 26/01/29 19:37:37 INFO FileSourceStrategy: Pushed Filters:
[2026-01-29T19:37:37.799+0530] {subprocess.py:106} INFO - 26/01/29 19:37:37 INFO FileSourceStrategy: Post-Scan Filters:
[2026-01-29T19:37:37.820+0530] {subprocess.py:106} INFO - 26/01/29 19:37:37 INFO MemoryStore: Block broadcast_116 stored as values in memory (estimated size 350.2 KiB, free 365.5 MiB)
[2026-01-29T19:37:37.827+0530] {subprocess.py:106} INFO - 26/01/29 19:37:37 INFO MemoryStore: Block broadcast_116_piece0 stored as bytes in memory (estimated size 34.3 KiB, free 365.4 MiB)
[2026-01-29T19:37:37.828+0530] {subprocess.py:106} INFO - 26/01/29 19:37:37 INFO BlockManagerInfo: Added broadcast_116_piece0 in memory on Aishwarya92848DBDA:44583 (size: 34.3 KiB, free: 366.2 MiB)
[2026-01-29T19:37:37.828+0530] {subprocess.py:106} INFO - 26/01/29 19:37:37 INFO SparkContext: Created broadcast 116 from showString at NativeMethodAccessorImpl.java:0
[2026-01-29T19:37:37.830+0530] {subprocess.py:106} INFO - 26/01/29 19:37:37 INFO FileSourceScanExec: Planning scan with bin packing, max size: 4194304 bytes, open cost is considered as scanning 4194304 bytes.
[2026-01-29T19:37:37.833+0530] {subprocess.py:106} INFO - 26/01/29 19:37:37 INFO DAGScheduler: Registering RDD 316 (showString at NativeMethodAccessorImpl.java:0) as input to shuffle 22
[2026-01-29T19:37:37.833+0530] {subprocess.py:106} INFO - 26/01/29 19:37:37 INFO DAGScheduler: Got map stage job 69 (showString at NativeMethodAccessorImpl.java:0) with 1 output partitions
[2026-01-29T19:37:37.834+0530] {subprocess.py:106} INFO - 26/01/29 19:37:37 INFO DAGScheduler: Final stage: ShuffleMapStage 92 (showString at NativeMethodAccessorImpl.java:0)
[2026-01-29T19:37:37.834+0530] {subprocess.py:106} INFO - 26/01/29 19:37:37 INFO DAGScheduler: Parents of final stage: List()
[2026-01-29T19:37:37.834+0530] {subprocess.py:106} INFO - 26/01/29 19:37:37 INFO DAGScheduler: Missing parents: List()
[2026-01-29T19:37:37.834+0530] {subprocess.py:106} INFO - 26/01/29 19:37:37 INFO DAGScheduler: Submitting ShuffleMapStage 92 (MapPartitionsRDD[316] at showString at NativeMethodAccessorImpl.java:0), which has no missing parents
[2026-01-29T19:37:37.837+0530] {subprocess.py:106} INFO - 26/01/29 19:37:37 INFO MemoryStore: Block broadcast_117 stored as values in memory (estimated size 28.9 KiB, free 365.4 MiB)
[2026-01-29T19:37:37.838+0530] {subprocess.py:106} INFO - 26/01/29 19:37:37 INFO MemoryStore: Block broadcast_117_piece0 stored as bytes in memory (estimated size 11.1 KiB, free 365.4 MiB)
[2026-01-29T19:37:37.838+0530] {subprocess.py:106} INFO - 26/01/29 19:37:37 INFO BlockManagerInfo: Added broadcast_117_piece0 in memory on Aishwarya92848DBDA:44583 (size: 11.1 KiB, free: 366.2 MiB)
[2026-01-29T19:37:37.839+0530] {subprocess.py:106} INFO - 26/01/29 19:37:37 INFO SparkContext: Created broadcast 117 from broadcast at DAGScheduler.scala:1585
[2026-01-29T19:37:37.839+0530] {subprocess.py:106} INFO - 26/01/29 19:37:37 INFO DAGScheduler: Submitting 1 missing tasks from ShuffleMapStage 92 (MapPartitionsRDD[316] at showString at NativeMethodAccessorImpl.java:0) (first 15 tasks are for partitions Vector(0))
[2026-01-29T19:37:37.839+0530] {subprocess.py:106} INFO - 26/01/29 19:37:37 INFO TaskSchedulerImpl: Adding task set 92.0 with 1 tasks resource profile 0
[2026-01-29T19:37:37.840+0530] {subprocess.py:106} INFO - 26/01/29 19:37:37 INFO TaskSetManager: Starting task 0.0 in stage 92.0 (TID 69) (Aishwarya92848DBDA, executor driver, partition 0, NODE_LOCAL, 8230 bytes)
[2026-01-29T19:37:37.841+0530] {subprocess.py:106} INFO - 26/01/29 19:37:37 INFO Executor: Running task 0.0 in stage 92.0 (TID 69)
[2026-01-29T19:37:37.844+0530] {subprocess.py:106} INFO - 26/01/29 19:37:37 INFO FileScanRDD: Reading File path: hdfs://localhost:9000/weather/data/raw_data/weather_dataset.csv, range: 0-2463, partition values: [empty row]
[2026-01-29T19:37:37.860+0530] {subprocess.py:106} INFO - 26/01/29 19:37:37 INFO Executor: Finished task 0.0 in stage 92.0 (TID 69). 1995 bytes result sent to driver
[2026-01-29T19:37:37.861+0530] {subprocess.py:106} INFO - 26/01/29 19:37:37 INFO TaskSetManager: Finished task 0.0 in stage 92.0 (TID 69) in 21 ms on Aishwarya92848DBDA (executor driver) (1/1)
[2026-01-29T19:37:37.861+0530] {subprocess.py:106} INFO - 26/01/29 19:37:37 INFO TaskSchedulerImpl: Removed TaskSet 92.0, whose tasks have all completed, from pool
[2026-01-29T19:37:37.862+0530] {subprocess.py:106} INFO - 26/01/29 19:37:37 INFO DAGScheduler: ShuffleMapStage 92 (showString at NativeMethodAccessorImpl.java:0) finished in 0.027 s
[2026-01-29T19:37:37.862+0530] {subprocess.py:106} INFO - 26/01/29 19:37:37 INFO DAGScheduler: looking for newly runnable stages
[2026-01-29T19:37:37.862+0530] {subprocess.py:106} INFO - 26/01/29 19:37:37 INFO DAGScheduler: running: Set()
[2026-01-29T19:37:37.862+0530] {subprocess.py:106} INFO - 26/01/29 19:37:37 INFO DAGScheduler: waiting: Set()
[2026-01-29T19:37:37.863+0530] {subprocess.py:106} INFO - 26/01/29 19:37:37 INFO DAGScheduler: failed: Set()
[2026-01-29T19:37:37.867+0530] {subprocess.py:106} INFO - 26/01/29 19:37:37 INFO ShufflePartitionsUtil: For shuffle(22), advisory target size: 67108864, actual target size 1048576, minimum partition size: 1048576
[2026-01-29T19:37:37.958+0530] {subprocess.py:106} INFO - 26/01/29 19:37:37 INFO CodeGenerator: Code generated in 17.785712 ms
[2026-01-29T19:37:37.987+0530] {subprocess.py:106} INFO - 26/01/29 19:37:37 INFO SparkContext: Starting job: showString at NativeMethodAccessorImpl.java:0
[2026-01-29T19:37:37.988+0530] {subprocess.py:106} INFO - 26/01/29 19:37:37 INFO DAGScheduler: Got job 70 (showString at NativeMethodAccessorImpl.java:0) with 1 output partitions
[2026-01-29T19:37:37.988+0530] {subprocess.py:106} INFO - 26/01/29 19:37:37 INFO DAGScheduler: Final stage: ResultStage 94 (showString at NativeMethodAccessorImpl.java:0)
[2026-01-29T19:37:37.988+0530] {subprocess.py:106} INFO - 26/01/29 19:37:37 INFO DAGScheduler: Parents of final stage: List(ShuffleMapStage 93)
[2026-01-29T19:37:37.988+0530] {subprocess.py:106} INFO - 26/01/29 19:37:37 INFO DAGScheduler: Missing parents: List()
[2026-01-29T19:37:37.988+0530] {subprocess.py:106} INFO - 26/01/29 19:37:37 INFO DAGScheduler: Submitting ResultStage 94 (MapPartitionsRDD[321] at showString at NativeMethodAccessorImpl.java:0), which has no missing parents
[2026-01-29T19:37:37.991+0530] {subprocess.py:106} INFO - 26/01/29 19:37:37 INFO MemoryStore: Block broadcast_118 stored as values in memory (estimated size 63.5 KiB, free 365.3 MiB)
[2026-01-29T19:37:37.993+0530] {subprocess.py:106} INFO - 26/01/29 19:37:37 INFO MemoryStore: Block broadcast_118_piece0 stored as bytes in memory (estimated size 26.5 KiB, free 365.3 MiB)
[2026-01-29T19:37:37.993+0530] {subprocess.py:106} INFO - 26/01/29 19:37:37 INFO BlockManagerInfo: Added broadcast_118_piece0 in memory on Aishwarya92848DBDA:44583 (size: 26.5 KiB, free: 366.2 MiB)
[2026-01-29T19:37:37.993+0530] {subprocess.py:106} INFO - 26/01/29 19:37:37 INFO SparkContext: Created broadcast 118 from broadcast at DAGScheduler.scala:1585
[2026-01-29T19:37:37.994+0530] {subprocess.py:106} INFO - 26/01/29 19:37:37 INFO DAGScheduler: Submitting 1 missing tasks from ResultStage 94 (MapPartitionsRDD[321] at showString at NativeMethodAccessorImpl.java:0) (first 15 tasks are for partitions Vector(0))
[2026-01-29T19:37:37.994+0530] {subprocess.py:106} INFO - 26/01/29 19:37:37 INFO TaskSchedulerImpl: Adding task set 94.0 with 1 tasks resource profile 0
[2026-01-29T19:37:37.995+0530] {subprocess.py:106} INFO - 26/01/29 19:37:37 INFO TaskSetManager: Starting task 0.0 in stage 94.0 (TID 70) (Aishwarya92848DBDA, executor driver, partition 0, NODE_LOCAL, 7615 bytes)
[2026-01-29T19:37:37.996+0530] {subprocess.py:106} INFO - 26/01/29 19:37:37 INFO Executor: Running task 0.0 in stage 94.0 (TID 70)
[2026-01-29T19:37:38.012+0530] {subprocess.py:106} INFO - 26/01/29 19:37:38 INFO ShuffleBlockFetcherIterator: Getting 1 (1335.0 B) non-empty blocks including 1 (1335.0 B) local and 0 (0.0 B) host-local and 0 (0.0 B) push-merged-local and 0 (0.0 B) remote blocks
[2026-01-29T19:37:38.012+0530] {subprocess.py:106} INFO - 26/01/29 19:37:38 INFO ShuffleBlockFetcherIterator: Started 0 remote fetches in 0 ms
[2026-01-29T19:37:38.037+0530] {subprocess.py:106} INFO - 26/01/29 19:37:38 INFO CodeGenerator: Code generated in 12.820686 ms
[2026-01-29T19:37:38.054+0530] {subprocess.py:106} INFO - 26/01/29 19:37:38 INFO CodeGenerator: Code generated in 5.422849 ms
[2026-01-29T19:37:38.059+0530] {subprocess.py:106} INFO - 26/01/29 19:37:38 INFO Executor: Finished task 0.0 in stage 94.0 (TID 70). 4942 bytes result sent to driver
[2026-01-29T19:37:38.059+0530] {subprocess.py:106} INFO - 26/01/29 19:37:38 INFO TaskSetManager: Finished task 0.0 in stage 94.0 (TID 70) in 64 ms on Aishwarya92848DBDA (executor driver) (1/1)
[2026-01-29T19:37:38.060+0530] {subprocess.py:106} INFO - 26/01/29 19:37:38 INFO TaskSchedulerImpl: Removed TaskSet 94.0, whose tasks have all completed, from pool
[2026-01-29T19:37:38.060+0530] {subprocess.py:106} INFO - 26/01/29 19:37:38 INFO DAGScheduler: ResultStage 94 (showString at NativeMethodAccessorImpl.java:0) finished in 0.070 s
[2026-01-29T19:37:38.061+0530] {subprocess.py:106} INFO - 26/01/29 19:37:38 INFO DAGScheduler: Job 70 is finished. Cancelling potential speculative or zombie tasks for this job
[2026-01-29T19:37:38.061+0530] {subprocess.py:106} INFO - 26/01/29 19:37:38 INFO TaskSchedulerImpl: Killing all running tasks in stage 94: Stage finished
[2026-01-29T19:37:38.061+0530] {subprocess.py:106} INFO - 26/01/29 19:37:38 INFO DAGScheduler: Job 70 finished: showString at NativeMethodAccessorImpl.java:0, took 0.072984 s
[2026-01-29T19:37:38.065+0530] {subprocess.py:106} INFO - 26/01/29 19:37:38 INFO CodeGenerator: Code generated in 3.490475 ms
[2026-01-29T19:37:38.067+0530] {subprocess.py:106} INFO - +----------------------------------------------------------------+
[2026-01-29T19:37:38.067+0530] {subprocess.py:106} INFO - |features                                                        |
[2026-01-29T19:37:38.068+0530] {subprocess.py:106} INFO - +----------------------------------------------------------------+
[2026-01-29T19:37:38.068+0530] {subprocess.py:106} INFO - |[26.9,13.7,26.2,11.8,15.0,33.8,0.0,26.9,26.9,26.899999999999995]|
[2026-01-29T19:37:38.068+0530] {subprocess.py:106} INFO - |[27.5,15.8,27.8,16.2,13.0,31.7,0.0,27.5,27.5,27.5]              |
[2026-01-29T19:37:38.069+0530] {subprocess.py:106} INFO - |[28.7,22.2,31.2,25.3,10.3,29.9,0.0,28.7,28.7,28.7]              |
[2026-01-29T19:37:38.069+0530] {subprocess.py:106} INFO - |[18.5,10.2,18.2,9.4,7.3,24.1,0.0,18.5,18.5,18.5]                |
[2026-01-29T19:37:38.069+0530] {subprocess.py:106} INFO - |[29.4,18.8,30.2,20.8,10.9,25.2,0.0,29.4,29.4,29.399999999999995]|
[2026-01-29T19:37:38.069+0530] {subprocess.py:106} INFO - +----------------------------------------------------------------+
[2026-01-29T19:37:38.069+0530] {subprocess.py:106} INFO - only showing top 5 rows
[2026-01-29T19:37:38.069+0530] {subprocess.py:106} INFO - 
[2026-01-29T19:37:38.135+0530] {subprocess.py:106} INFO - 26/01/29 19:37:38 INFO FileSourceStrategy: Pushed Filters:
[2026-01-29T19:37:38.135+0530] {subprocess.py:106} INFO - 26/01/29 19:37:38 INFO FileSourceStrategy: Post-Scan Filters:
[2026-01-29T19:37:38.157+0530] {subprocess.py:106} INFO - 26/01/29 19:37:38 INFO MemoryStore: Block broadcast_119 stored as values in memory (estimated size 350.2 KiB, free 365.0 MiB)
[2026-01-29T19:37:38.163+0530] {subprocess.py:106} INFO - 26/01/29 19:37:38 INFO MemoryStore: Block broadcast_119_piece0 stored as bytes in memory (estimated size 34.3 KiB, free 364.9 MiB)
[2026-01-29T19:37:38.164+0530] {subprocess.py:106} INFO - 26/01/29 19:37:38 INFO BlockManagerInfo: Added broadcast_119_piece0 in memory on Aishwarya92848DBDA:44583 (size: 34.3 KiB, free: 366.1 MiB)
[2026-01-29T19:37:38.164+0530] {subprocess.py:106} INFO - 26/01/29 19:37:38 INFO SparkContext: Created broadcast 119 from first at MinMaxScaler.scala:120
[2026-01-29T19:37:38.165+0530] {subprocess.py:106} INFO - 26/01/29 19:37:38 INFO FileSourceScanExec: Planning scan with bin packing, max size: 4194304 bytes, open cost is considered as scanning 4194304 bytes.
[2026-01-29T19:37:38.167+0530] {subprocess.py:106} INFO - 26/01/29 19:37:38 INFO DAGScheduler: Registering RDD 325 (first at MinMaxScaler.scala:120) as input to shuffle 23
[2026-01-29T19:37:38.168+0530] {subprocess.py:106} INFO - 26/01/29 19:37:38 INFO DAGScheduler: Got map stage job 71 (first at MinMaxScaler.scala:120) with 1 output partitions
[2026-01-29T19:37:38.168+0530] {subprocess.py:106} INFO - 26/01/29 19:37:38 INFO DAGScheduler: Final stage: ShuffleMapStage 95 (first at MinMaxScaler.scala:120)
[2026-01-29T19:37:38.168+0530] {subprocess.py:106} INFO - 26/01/29 19:37:38 INFO DAGScheduler: Parents of final stage: List()
[2026-01-29T19:37:38.168+0530] {subprocess.py:106} INFO - 26/01/29 19:37:38 INFO DAGScheduler: Missing parents: List()
[2026-01-29T19:37:38.168+0530] {subprocess.py:106} INFO - 26/01/29 19:37:38 INFO DAGScheduler: Submitting ShuffleMapStage 95 (MapPartitionsRDD[325] at first at MinMaxScaler.scala:120), which has no missing parents
[2026-01-29T19:37:38.170+0530] {subprocess.py:106} INFO - 26/01/29 19:37:38 INFO MemoryStore: Block broadcast_120 stored as values in memory (estimated size 28.9 KiB, free 364.9 MiB)
[2026-01-29T19:37:38.171+0530] {subprocess.py:106} INFO - 26/01/29 19:37:38 INFO MemoryStore: Block broadcast_120_piece0 stored as bytes in memory (estimated size 11.1 KiB, free 364.9 MiB)
[2026-01-29T19:37:38.171+0530] {subprocess.py:106} INFO - 26/01/29 19:37:38 INFO BlockManagerInfo: Added broadcast_120_piece0 in memory on Aishwarya92848DBDA:44583 (size: 11.1 KiB, free: 366.1 MiB)
[2026-01-29T19:37:38.171+0530] {subprocess.py:106} INFO - 26/01/29 19:37:38 INFO SparkContext: Created broadcast 120 from broadcast at DAGScheduler.scala:1585
[2026-01-29T19:37:38.171+0530] {subprocess.py:106} INFO - 26/01/29 19:37:38 INFO DAGScheduler: Submitting 1 missing tasks from ShuffleMapStage 95 (MapPartitionsRDD[325] at first at MinMaxScaler.scala:120) (first 15 tasks are for partitions Vector(0))
[2026-01-29T19:37:38.172+0530] {subprocess.py:106} INFO - 26/01/29 19:37:38 INFO TaskSchedulerImpl: Adding task set 95.0 with 1 tasks resource profile 0
[2026-01-29T19:37:38.172+0530] {subprocess.py:106} INFO - 26/01/29 19:37:38 INFO TaskSetManager: Starting task 0.0 in stage 95.0 (TID 71) (Aishwarya92848DBDA, executor driver, partition 0, NODE_LOCAL, 8230 bytes)
[2026-01-29T19:37:38.173+0530] {subprocess.py:106} INFO - 26/01/29 19:37:38 INFO Executor: Running task 0.0 in stage 95.0 (TID 71)
[2026-01-29T19:37:38.176+0530] {subprocess.py:106} INFO - 26/01/29 19:37:38 INFO FileScanRDD: Reading File path: hdfs://localhost:9000/weather/data/raw_data/weather_dataset.csv, range: 0-2463, partition values: [empty row]
[2026-01-29T19:37:38.190+0530] {subprocess.py:106} INFO - 26/01/29 19:37:38 INFO Executor: Finished task 0.0 in stage 95.0 (TID 71). 1995 bytes result sent to driver
[2026-01-29T19:37:38.191+0530] {subprocess.py:106} INFO - 26/01/29 19:37:38 INFO TaskSetManager: Finished task 0.0 in stage 95.0 (TID 71) in 19 ms on Aishwarya92848DBDA (executor driver) (1/1)
[2026-01-29T19:37:38.191+0530] {subprocess.py:106} INFO - 26/01/29 19:37:38 INFO TaskSchedulerImpl: Removed TaskSet 95.0, whose tasks have all completed, from pool
[2026-01-29T19:37:38.191+0530] {subprocess.py:106} INFO - 26/01/29 19:37:38 INFO DAGScheduler: ShuffleMapStage 95 (first at MinMaxScaler.scala:120) finished in 0.023 s
[2026-01-29T19:37:38.192+0530] {subprocess.py:106} INFO - 26/01/29 19:37:38 INFO DAGScheduler: looking for newly runnable stages
[2026-01-29T19:37:38.192+0530] {subprocess.py:106} INFO - 26/01/29 19:37:38 INFO DAGScheduler: running: Set()
[2026-01-29T19:37:38.193+0530] {subprocess.py:106} INFO - 26/01/29 19:37:38 INFO DAGScheduler: waiting: Set()
[2026-01-29T19:37:38.193+0530] {subprocess.py:106} INFO - 26/01/29 19:37:38 INFO DAGScheduler: failed: Set()
[2026-01-29T19:37:38.198+0530] {subprocess.py:106} INFO - 26/01/29 19:37:38 INFO ShufflePartitionsUtil: For shuffle(23), advisory target size: 67108864, actual target size 1048576, minimum partition size: 1048576
[2026-01-29T19:37:38.218+0530] {subprocess.py:106} INFO - 26/01/29 19:37:38 INFO CodeGenerator: Code generated in 9.626979 ms
[2026-01-29T19:37:38.237+0530] {subprocess.py:106} INFO - 26/01/29 19:37:38 INFO DAGScheduler: Registering RDD 331 (first at MinMaxScaler.scala:120) as input to shuffle 24
[2026-01-29T19:37:38.238+0530] {subprocess.py:106} INFO - 26/01/29 19:37:38 INFO DAGScheduler: Got map stage job 72 (first at MinMaxScaler.scala:120) with 1 output partitions
[2026-01-29T19:37:38.238+0530] {subprocess.py:106} INFO - 26/01/29 19:37:38 INFO DAGScheduler: Final stage: ShuffleMapStage 97 (first at MinMaxScaler.scala:120)
[2026-01-29T19:37:38.238+0530] {subprocess.py:106} INFO - 26/01/29 19:37:38 INFO DAGScheduler: Parents of final stage: List(ShuffleMapStage 96)
[2026-01-29T19:37:38.238+0530] {subprocess.py:106} INFO - 26/01/29 19:37:38 INFO DAGScheduler: Missing parents: List()
[2026-01-29T19:37:38.239+0530] {subprocess.py:106} INFO - 26/01/29 19:37:38 INFO DAGScheduler: Submitting ShuffleMapStage 97 (MapPartitionsRDD[331] at first at MinMaxScaler.scala:120), which has no missing parents
[2026-01-29T19:37:38.257+0530] {subprocess.py:106} INFO - 26/01/29 19:37:38 INFO MemoryStore: Block broadcast_121 stored as values in memory (estimated size 71.7 KiB, free 364.8 MiB)
[2026-01-29T19:37:38.258+0530] {subprocess.py:106} INFO - 26/01/29 19:37:38 INFO MemoryStore: Block broadcast_121_piece0 stored as bytes in memory (estimated size 30.4 KiB, free 364.8 MiB)
[2026-01-29T19:37:38.258+0530] {subprocess.py:106} INFO - 26/01/29 19:37:38 INFO BlockManagerInfo: Added broadcast_121_piece0 in memory on Aishwarya92848DBDA:44583 (size: 30.4 KiB, free: 366.1 MiB)
[2026-01-29T19:37:38.259+0530] {subprocess.py:106} INFO - 26/01/29 19:37:38 INFO SparkContext: Created broadcast 121 from broadcast at DAGScheduler.scala:1585
[2026-01-29T19:37:38.259+0530] {subprocess.py:106} INFO - 26/01/29 19:37:38 INFO DAGScheduler: Submitting 1 missing tasks from ShuffleMapStage 97 (MapPartitionsRDD[331] at first at MinMaxScaler.scala:120) (first 15 tasks are for partitions Vector(0))
[2026-01-29T19:37:38.259+0530] {subprocess.py:106} INFO - 26/01/29 19:37:38 INFO TaskSchedulerImpl: Adding task set 97.0 with 1 tasks resource profile 0
[2026-01-29T19:37:38.260+0530] {subprocess.py:106} INFO - 26/01/29 19:37:38 INFO TaskSetManager: Starting task 0.0 in stage 97.0 (TID 72) (Aishwarya92848DBDA, executor driver, partition 0, NODE_LOCAL, 7604 bytes)
[2026-01-29T19:37:38.260+0530] {subprocess.py:106} INFO - 26/01/29 19:37:38 INFO Executor: Running task 0.0 in stage 97.0 (TID 72)
[2026-01-29T19:37:38.265+0530] {subprocess.py:106} INFO - 26/01/29 19:37:38 INFO ShuffleBlockFetcherIterator: Getting 1 (1335.0 B) non-empty blocks including 1 (1335.0 B) local and 0 (0.0 B) host-local and 0 (0.0 B) push-merged-local and 0 (0.0 B) remote blocks
[2026-01-29T19:37:38.266+0530] {subprocess.py:106} INFO - 26/01/29 19:37:38 INFO ShuffleBlockFetcherIterator: Started 0 remote fetches in 0 ms
[2026-01-29T19:37:38.285+0530] {subprocess.py:106} INFO - 26/01/29 19:37:38 INFO CodeGenerator: Code generated in 10.101856 ms
[2026-01-29T19:37:38.293+0530] {subprocess.py:106} INFO - 26/01/29 19:37:38 INFO CodeGenerator: Code generated in 3.419699 ms
[2026-01-29T19:37:38.299+0530] {subprocess.py:106} INFO - 26/01/29 19:37:38 INFO CodeGenerator: Code generated in 3.590085 ms
[2026-01-29T19:37:38.310+0530] {subprocess.py:106} INFO - 26/01/29 19:37:38 INFO Executor: Finished task 0.0 in stage 97.0 (TID 72). 5134 bytes result sent to driver
[2026-01-29T19:37:38.311+0530] {subprocess.py:106} INFO - 26/01/29 19:37:38 INFO TaskSetManager: Finished task 0.0 in stage 97.0 (TID 72) in 51 ms on Aishwarya92848DBDA (executor driver) (1/1)
[2026-01-29T19:37:38.311+0530] {subprocess.py:106} INFO - 26/01/29 19:37:38 INFO TaskSchedulerImpl: Removed TaskSet 97.0, whose tasks have all completed, from pool
[2026-01-29T19:37:38.311+0530] {subprocess.py:106} INFO - 26/01/29 19:37:38 INFO DAGScheduler: ShuffleMapStage 97 (first at MinMaxScaler.scala:120) finished in 0.071 s
[2026-01-29T19:37:38.312+0530] {subprocess.py:106} INFO - 26/01/29 19:37:38 INFO DAGScheduler: looking for newly runnable stages
[2026-01-29T19:37:38.312+0530] {subprocess.py:106} INFO - 26/01/29 19:37:38 INFO DAGScheduler: running: Set()
[2026-01-29T19:37:38.312+0530] {subprocess.py:106} INFO - 26/01/29 19:37:38 INFO DAGScheduler: waiting: Set()
[2026-01-29T19:37:38.312+0530] {subprocess.py:106} INFO - 26/01/29 19:37:38 INFO DAGScheduler: failed: Set()
[2026-01-29T19:37:38.330+0530] {subprocess.py:106} INFO - 26/01/29 19:37:38 INFO CodeGenerator: Code generated in 8.064721 ms
[2026-01-29T19:37:38.340+0530] {subprocess.py:106} INFO - 26/01/29 19:37:38 INFO SparkContext: Starting job: first at MinMaxScaler.scala:120
[2026-01-29T19:37:38.342+0530] {subprocess.py:106} INFO - 26/01/29 19:37:38 INFO DAGScheduler: Got job 73 (first at MinMaxScaler.scala:120) with 1 output partitions
[2026-01-29T19:37:38.342+0530] {subprocess.py:106} INFO - 26/01/29 19:37:38 INFO DAGScheduler: Final stage: ResultStage 100 (first at MinMaxScaler.scala:120)
[2026-01-29T19:37:38.342+0530] {subprocess.py:106} INFO - 26/01/29 19:37:38 INFO DAGScheduler: Parents of final stage: List(ShuffleMapStage 99)
[2026-01-29T19:37:38.343+0530] {subprocess.py:106} INFO - 26/01/29 19:37:38 INFO DAGScheduler: Missing parents: List()
[2026-01-29T19:37:38.343+0530] {subprocess.py:106} INFO - 26/01/29 19:37:38 INFO DAGScheduler: Submitting ResultStage 100 (MapPartitionsRDD[335] at first at MinMaxScaler.scala:120), which has no missing parents
[2026-01-29T19:37:38.345+0530] {subprocess.py:106} INFO - 26/01/29 19:37:38 INFO MemoryStore: Block broadcast_122 stored as values in memory (estimated size 69.9 KiB, free 364.7 MiB)
[2026-01-29T19:37:38.346+0530] {subprocess.py:106} INFO - 26/01/29 19:37:38 INFO MemoryStore: Block broadcast_122_piece0 stored as bytes in memory (estimated size 29.8 KiB, free 364.7 MiB)
[2026-01-29T19:37:38.347+0530] {subprocess.py:106} INFO - 26/01/29 19:37:38 INFO BlockManagerInfo: Added broadcast_122_piece0 in memory on Aishwarya92848DBDA:44583 (size: 29.8 KiB, free: 366.1 MiB)
[2026-01-29T19:37:38.347+0530] {subprocess.py:106} INFO - 26/01/29 19:37:38 INFO SparkContext: Created broadcast 122 from broadcast at DAGScheduler.scala:1585
[2026-01-29T19:37:38.347+0530] {subprocess.py:106} INFO - 26/01/29 19:37:38 INFO DAGScheduler: Submitting 1 missing tasks from ResultStage 100 (MapPartitionsRDD[335] at first at MinMaxScaler.scala:120) (first 15 tasks are for partitions Vector(0))
[2026-01-29T19:37:38.347+0530] {subprocess.py:106} INFO - 26/01/29 19:37:38 INFO TaskSchedulerImpl: Adding task set 100.0 with 1 tasks resource profile 0
[2026-01-29T19:37:38.348+0530] {subprocess.py:106} INFO - 26/01/29 19:37:38 INFO TaskSetManager: Starting task 0.0 in stage 100.0 (TID 73) (Aishwarya92848DBDA, executor driver, partition 0, NODE_LOCAL, 7615 bytes)
[2026-01-29T19:37:38.349+0530] {subprocess.py:106} INFO - 26/01/29 19:37:38 INFO Executor: Running task 0.0 in stage 100.0 (TID 73)
[2026-01-29T19:37:38.354+0530] {subprocess.py:106} INFO - 26/01/29 19:37:38 INFO ShuffleBlockFetcherIterator: Getting 1 (789.0 B) non-empty blocks including 1 (789.0 B) local and 0 (0.0 B) host-local and 0 (0.0 B) push-merged-local and 0 (0.0 B) remote blocks
[2026-01-29T19:37:38.354+0530] {subprocess.py:106} INFO - 26/01/29 19:37:38 INFO ShuffleBlockFetcherIterator: Started 0 remote fetches in 0 ms
[2026-01-29T19:37:38.364+0530] {subprocess.py:106} INFO - 26/01/29 19:37:38 INFO CodeGenerator: Code generated in 6.764866 ms
[2026-01-29T19:37:38.374+0530] {subprocess.py:106} INFO - 26/01/29 19:37:38 INFO CodeGenerator: Code generated in 6.673732 ms
[2026-01-29T19:37:38.378+0530] {subprocess.py:106} INFO - 26/01/29 19:37:38 INFO Executor: Finished task 0.0 in stage 100.0 (TID 73). 6571 bytes result sent to driver
[2026-01-29T19:37:38.380+0530] {subprocess.py:106} INFO - 26/01/29 19:37:38 INFO TaskSetManager: Finished task 0.0 in stage 100.0 (TID 73) in 31 ms on Aishwarya92848DBDA (executor driver) (1/1)
[2026-01-29T19:37:38.380+0530] {subprocess.py:106} INFO - 26/01/29 19:37:38 INFO TaskSchedulerImpl: Removed TaskSet 100.0, whose tasks have all completed, from pool
[2026-01-29T19:37:38.381+0530] {subprocess.py:106} INFO - 26/01/29 19:37:38 INFO DAGScheduler: ResultStage 100 (first at MinMaxScaler.scala:120) finished in 0.037 s
[2026-01-29T19:37:38.381+0530] {subprocess.py:106} INFO - 26/01/29 19:37:38 INFO DAGScheduler: Job 73 is finished. Cancelling potential speculative or zombie tasks for this job
[2026-01-29T19:37:38.381+0530] {subprocess.py:106} INFO - 26/01/29 19:37:38 INFO TaskSchedulerImpl: Killing all running tasks in stage 100: Stage finished
[2026-01-29T19:37:38.381+0530] {subprocess.py:106} INFO - 26/01/29 19:37:38 INFO DAGScheduler: Job 73 finished: first at MinMaxScaler.scala:120, took 0.040106 s
[2026-01-29T19:37:38.388+0530] {subprocess.py:106} INFO - 26/01/29 19:37:38 INFO CodeGenerator: Code generated in 4.478724 ms
[2026-01-29T19:37:38.465+0530] {subprocess.py:106} INFO - 26/01/29 19:37:38 INFO FileSourceStrategy: Pushed Filters:
[2026-01-29T19:37:38.466+0530] {subprocess.py:106} INFO - 26/01/29 19:37:38 INFO FileSourceStrategy: Post-Scan Filters:
[2026-01-29T19:37:38.487+0530] {subprocess.py:106} INFO - 26/01/29 19:37:38 INFO MemoryStore: Block broadcast_123 stored as values in memory (estimated size 350.2 KiB, free 364.4 MiB)
[2026-01-29T19:37:38.493+0530] {subprocess.py:106} INFO - 26/01/29 19:37:38 INFO MemoryStore: Block broadcast_123_piece0 stored as bytes in memory (estimated size 34.3 KiB, free 364.3 MiB)
[2026-01-29T19:37:38.494+0530] {subprocess.py:106} INFO - 26/01/29 19:37:38 INFO BlockManagerInfo: Added broadcast_123_piece0 in memory on Aishwarya92848DBDA:44583 (size: 34.3 KiB, free: 366.0 MiB)
[2026-01-29T19:37:38.494+0530] {subprocess.py:106} INFO - 26/01/29 19:37:38 INFO SparkContext: Created broadcast 123 from count at <unknown>:0
[2026-01-29T19:37:38.496+0530] {subprocess.py:106} INFO - 26/01/29 19:37:38 INFO FileSourceScanExec: Planning scan with bin packing, max size: 4194304 bytes, open cost is considered as scanning 4194304 bytes.
[2026-01-29T19:37:38.499+0530] {subprocess.py:106} INFO - 26/01/29 19:37:38 INFO DAGScheduler: Registering RDD 339 (count at <unknown>:0) as input to shuffle 25
[2026-01-29T19:37:38.500+0530] {subprocess.py:106} INFO - 26/01/29 19:37:38 INFO DAGScheduler: Got map stage job 74 (count at <unknown>:0) with 1 output partitions
[2026-01-29T19:37:38.501+0530] {subprocess.py:106} INFO - 26/01/29 19:37:38 INFO DAGScheduler: Final stage: ShuffleMapStage 101 (count at <unknown>:0)
[2026-01-29T19:37:38.501+0530] {subprocess.py:106} INFO - 26/01/29 19:37:38 INFO DAGScheduler: Parents of final stage: List()
[2026-01-29T19:37:38.502+0530] {subprocess.py:106} INFO - 26/01/29 19:37:38 INFO DAGScheduler: Missing parents: List()
[2026-01-29T19:37:38.502+0530] {subprocess.py:106} INFO - 26/01/29 19:37:38 INFO DAGScheduler: Submitting ShuffleMapStage 101 (MapPartitionsRDD[339] at count at <unknown>:0), which has no missing parents
[2026-01-29T19:37:38.504+0530] {subprocess.py:106} INFO - 26/01/29 19:37:38 INFO MemoryStore: Block broadcast_124 stored as values in memory (estimated size 28.9 KiB, free 364.3 MiB)
[2026-01-29T19:37:38.506+0530] {subprocess.py:106} INFO - 26/01/29 19:37:38 INFO MemoryStore: Block broadcast_124_piece0 stored as bytes in memory (estimated size 11.1 KiB, free 364.3 MiB)
[2026-01-29T19:37:38.506+0530] {subprocess.py:106} INFO - 26/01/29 19:37:38 INFO BlockManagerInfo: Added broadcast_124_piece0 in memory on Aishwarya92848DBDA:44583 (size: 11.1 KiB, free: 366.0 MiB)
[2026-01-29T19:37:38.507+0530] {subprocess.py:106} INFO - 26/01/29 19:37:38 INFO SparkContext: Created broadcast 124 from broadcast at DAGScheduler.scala:1585
[2026-01-29T19:37:38.507+0530] {subprocess.py:106} INFO - 26/01/29 19:37:38 INFO DAGScheduler: Submitting 1 missing tasks from ShuffleMapStage 101 (MapPartitionsRDD[339] at count at <unknown>:0) (first 15 tasks are for partitions Vector(0))
[2026-01-29T19:37:38.508+0530] {subprocess.py:106} INFO - 26/01/29 19:37:38 INFO TaskSchedulerImpl: Adding task set 101.0 with 1 tasks resource profile 0
[2026-01-29T19:37:38.508+0530] {subprocess.py:106} INFO - 26/01/29 19:37:38 INFO TaskSetManager: Starting task 0.0 in stage 101.0 (TID 74) (Aishwarya92848DBDA, executor driver, partition 0, NODE_LOCAL, 8230 bytes)
[2026-01-29T19:37:38.510+0530] {subprocess.py:106} INFO - 26/01/29 19:37:38 INFO Executor: Running task 0.0 in stage 101.0 (TID 74)
[2026-01-29T19:37:38.514+0530] {subprocess.py:106} INFO - 26/01/29 19:37:38 INFO FileScanRDD: Reading File path: hdfs://localhost:9000/weather/data/raw_data/weather_dataset.csv, range: 0-2463, partition values: [empty row]
[2026-01-29T19:37:38.531+0530] {subprocess.py:106} INFO - 26/01/29 19:37:38 INFO Executor: Finished task 0.0 in stage 101.0 (TID 74). 1995 bytes result sent to driver
[2026-01-29T19:37:38.532+0530] {subprocess.py:106} INFO - 26/01/29 19:37:38 INFO TaskSetManager: Finished task 0.0 in stage 101.0 (TID 74) in 24 ms on Aishwarya92848DBDA (executor driver) (1/1)
[2026-01-29T19:37:38.533+0530] {subprocess.py:106} INFO - 26/01/29 19:37:38 INFO TaskSchedulerImpl: Removed TaskSet 101.0, whose tasks have all completed, from pool
[2026-01-29T19:37:38.533+0530] {subprocess.py:106} INFO - 26/01/29 19:37:38 INFO DAGScheduler: ShuffleMapStage 101 (count at <unknown>:0) finished in 0.031 s
[2026-01-29T19:37:38.533+0530] {subprocess.py:106} INFO - 26/01/29 19:37:38 INFO DAGScheduler: looking for newly runnable stages
[2026-01-29T19:37:38.533+0530] {subprocess.py:106} INFO - 26/01/29 19:37:38 INFO DAGScheduler: running: Set()
[2026-01-29T19:37:38.534+0530] {subprocess.py:106} INFO - 26/01/29 19:37:38 INFO DAGScheduler: waiting: Set()
[2026-01-29T19:37:38.534+0530] {subprocess.py:106} INFO - 26/01/29 19:37:38 INFO DAGScheduler: failed: Set()
[2026-01-29T19:37:38.538+0530] {subprocess.py:106} INFO - 26/01/29 19:37:38 INFO ShufflePartitionsUtil: For shuffle(25), advisory target size: 67108864, actual target size 1048576, minimum partition size: 1048576
[2026-01-29T19:37:38.556+0530] {subprocess.py:106} INFO - 26/01/29 19:37:38 INFO CodeGenerator: Code generated in 8.28904 ms
[2026-01-29T19:37:38.567+0530] {subprocess.py:106} INFO - 26/01/29 19:37:38 INFO DAGScheduler: Registering RDD 344 (count at <unknown>:0) as input to shuffle 26
[2026-01-29T19:37:38.568+0530] {subprocess.py:106} INFO - 26/01/29 19:37:38 INFO DAGScheduler: Got map stage job 75 (count at <unknown>:0) with 1 output partitions
[2026-01-29T19:37:38.568+0530] {subprocess.py:106} INFO - 26/01/29 19:37:38 INFO DAGScheduler: Final stage: ShuffleMapStage 103 (count at <unknown>:0)
[2026-01-29T19:37:38.569+0530] {subprocess.py:106} INFO - 26/01/29 19:37:38 INFO DAGScheduler: Parents of final stage: List(ShuffleMapStage 102)
[2026-01-29T19:37:38.569+0530] {subprocess.py:106} INFO - 26/01/29 19:37:38 INFO DAGScheduler: Missing parents: List()
[2026-01-29T19:37:38.569+0530] {subprocess.py:106} INFO - 26/01/29 19:37:38 INFO DAGScheduler: Submitting ShuffleMapStage 103 (MapPartitionsRDD[344] at count at <unknown>:0), which has no missing parents
[2026-01-29T19:37:38.571+0530] {subprocess.py:106} INFO - 26/01/29 19:37:38 INFO MemoryStore: Block broadcast_125 stored as values in memory (estimated size 51.8 KiB, free 364.2 MiB)
[2026-01-29T19:37:38.594+0530] {subprocess.py:106} INFO - 26/01/29 19:37:38 INFO MemoryStore: Block broadcast_125_piece0 stored as bytes in memory (estimated size 22.5 KiB, free 364.2 MiB)
[2026-01-29T19:37:38.594+0530] {subprocess.py:106} INFO - 26/01/29 19:37:38 INFO BlockManagerInfo: Added broadcast_125_piece0 in memory on Aishwarya92848DBDA:44583 (size: 22.5 KiB, free: 366.0 MiB)
[2026-01-29T19:37:38.595+0530] {subprocess.py:106} INFO - 26/01/29 19:37:38 INFO SparkContext: Created broadcast 125 from broadcast at DAGScheduler.scala:1585
[2026-01-29T19:37:38.595+0530] {subprocess.py:106} INFO - 26/01/29 19:37:38 INFO BlockManagerInfo: Removed broadcast_124_piece0 on Aishwarya92848DBDA:44583 in memory (size: 11.1 KiB, free: 366.0 MiB)
[2026-01-29T19:37:38.596+0530] {subprocess.py:106} INFO - 26/01/29 19:37:38 INFO DAGScheduler: Submitting 1 missing tasks from ShuffleMapStage 103 (MapPartitionsRDD[344] at count at <unknown>:0) (first 15 tasks are for partitions Vector(0))
[2026-01-29T19:37:38.596+0530] {subprocess.py:106} INFO - 26/01/29 19:37:38 INFO TaskSchedulerImpl: Adding task set 103.0 with 1 tasks resource profile 0
[2026-01-29T19:37:38.597+0530] {subprocess.py:106} INFO - 26/01/29 19:37:38 INFO TaskSetManager: Starting task 0.0 in stage 103.0 (TID 75) (Aishwarya92848DBDA, executor driver, partition 0, NODE_LOCAL, 7604 bytes)
[2026-01-29T19:37:38.597+0530] {subprocess.py:106} INFO - 26/01/29 19:37:38 INFO BlockManagerInfo: Removed broadcast_121_piece0 on Aishwarya92848DBDA:44583 in memory (size: 30.4 KiB, free: 366.0 MiB)
[2026-01-29T19:37:38.597+0530] {subprocess.py:106} INFO - 26/01/29 19:37:38 INFO Executor: Running task 0.0 in stage 103.0 (TID 75)
[2026-01-29T19:37:38.598+0530] {subprocess.py:106} INFO - 26/01/29 19:37:38 INFO BlockManagerInfo: Removed broadcast_122_piece0 on Aishwarya92848DBDA:44583 in memory (size: 29.8 KiB, free: 366.1 MiB)
[2026-01-29T19:37:38.599+0530] {subprocess.py:106} INFO - 26/01/29 19:37:38 INFO BlockManagerInfo: Removed broadcast_112_piece0 on Aishwarya92848DBDA:44583 in memory (size: 34.3 KiB, free: 366.1 MiB)
[2026-01-29T19:37:38.601+0530] {subprocess.py:106} INFO - 26/01/29 19:37:38 INFO BlockManagerInfo: Removed broadcast_119_piece0 on Aishwarya92848DBDA:44583 in memory (size: 34.3 KiB, free: 366.1 MiB)
[2026-01-29T19:37:38.602+0530] {subprocess.py:106} INFO - 26/01/29 19:37:38 INFO BlockManagerInfo: Removed broadcast_120_piece0 on Aishwarya92848DBDA:44583 in memory (size: 11.1 KiB, free: 366.1 MiB)
[2026-01-29T19:37:38.603+0530] {subprocess.py:106} INFO - 26/01/29 19:37:38 INFO ShuffleBlockFetcherIterator: Getting 1 (1335.0 B) non-empty blocks including 1 (1335.0 B) local and 0 (0.0 B) host-local and 0 (0.0 B) push-merged-local and 0 (0.0 B) remote blocks
[2026-01-29T19:37:38.603+0530] {subprocess.py:106} INFO - 26/01/29 19:37:38 INFO ShuffleBlockFetcherIterator: Started 0 remote fetches in 0 ms
[2026-01-29T19:37:38.604+0530] {subprocess.py:106} INFO - 26/01/29 19:37:38 INFO BlockManagerInfo: Removed broadcast_118_piece0 on Aishwarya92848DBDA:44583 in memory (size: 26.5 KiB, free: 366.2 MiB)
[2026-01-29T19:37:38.605+0530] {subprocess.py:106} INFO - 26/01/29 19:37:38 INFO BlockManagerInfo: Removed broadcast_114_piece0 on Aishwarya92848DBDA:44583 in memory (size: 25.3 KiB, free: 366.2 MiB)
[2026-01-29T19:37:38.607+0530] {subprocess.py:106} INFO - 26/01/29 19:37:38 INFO BlockManagerInfo: Removed broadcast_115_piece0 on Aishwarya92848DBDA:44583 in memory (size: 7.5 KiB, free: 366.2 MiB)
[2026-01-29T19:37:38.608+0530] {subprocess.py:106} INFO - 26/01/29 19:37:38 INFO BlockManagerInfo: Removed broadcast_117_piece0 on Aishwarya92848DBDA:44583 in memory (size: 11.1 KiB, free: 366.2 MiB)
[2026-01-29T19:37:38.609+0530] {subprocess.py:106} INFO - 26/01/29 19:37:38 INFO BlockManagerInfo: Removed broadcast_116_piece0 on Aishwarya92848DBDA:44583 in memory (size: 34.3 KiB, free: 366.2 MiB)
[2026-01-29T19:37:38.623+0530] {subprocess.py:106} INFO - 26/01/29 19:37:38 INFO CodeGenerator: Code generated in 8.293469 ms
[2026-01-29T19:37:38.628+0530] {subprocess.py:106} INFO - 26/01/29 19:37:38 INFO Executor: Finished task 0.0 in stage 103.0 (TID 75). 4989 bytes result sent to driver
[2026-01-29T19:37:38.629+0530] {subprocess.py:106} INFO - 26/01/29 19:37:38 INFO TaskSetManager: Finished task 0.0 in stage 103.0 (TID 75) in 33 ms on Aishwarya92848DBDA (executor driver) (1/1)
[2026-01-29T19:37:38.630+0530] {subprocess.py:106} INFO - 26/01/29 19:37:38 INFO TaskSchedulerImpl: Removed TaskSet 103.0, whose tasks have all completed, from pool
[2026-01-29T19:37:38.630+0530] {subprocess.py:106} INFO - 26/01/29 19:37:38 INFO DAGScheduler: ShuffleMapStage 103 (count at <unknown>:0) finished in 0.061 s
[2026-01-29T19:37:38.631+0530] {subprocess.py:106} INFO - 26/01/29 19:37:38 INFO DAGScheduler: looking for newly runnable stages
[2026-01-29T19:37:38.631+0530] {subprocess.py:106} INFO - 26/01/29 19:37:38 INFO DAGScheduler: running: Set()
[2026-01-29T19:37:38.631+0530] {subprocess.py:106} INFO - 26/01/29 19:37:38 INFO DAGScheduler: waiting: Set()
[2026-01-29T19:37:38.632+0530] {subprocess.py:106} INFO - 26/01/29 19:37:38 INFO DAGScheduler: failed: Set()
[2026-01-29T19:37:38.641+0530] {subprocess.py:106} INFO - 26/01/29 19:37:38 INFO CodeGenerator: Code generated in 4.537567 ms
[2026-01-29T19:37:38.649+0530] {subprocess.py:106} INFO - 26/01/29 19:37:38 INFO SparkContext: Starting job: count at <unknown>:0
[2026-01-29T19:37:38.650+0530] {subprocess.py:106} INFO - 26/01/29 19:37:38 INFO DAGScheduler: Got job 76 (count at <unknown>:0) with 1 output partitions
[2026-01-29T19:37:38.650+0530] {subprocess.py:106} INFO - 26/01/29 19:37:38 INFO DAGScheduler: Final stage: ResultStage 106 (count at <unknown>:0)
[2026-01-29T19:37:38.651+0530] {subprocess.py:106} INFO - 26/01/29 19:37:38 INFO DAGScheduler: Parents of final stage: List(ShuffleMapStage 105)
[2026-01-29T19:37:38.651+0530] {subprocess.py:106} INFO - 26/01/29 19:37:38 INFO DAGScheduler: Missing parents: List()
[2026-01-29T19:37:38.652+0530] {subprocess.py:106} INFO - 26/01/29 19:37:38 INFO DAGScheduler: Submitting ResultStage 106 (MapPartitionsRDD[347] at count at <unknown>:0), which has no missing parents
[2026-01-29T19:37:38.652+0530] {subprocess.py:106} INFO - 26/01/29 19:37:38 INFO MemoryStore: Block broadcast_126 stored as values in memory (estimated size 12.5 KiB, free 365.8 MiB)
[2026-01-29T19:37:38.653+0530] {subprocess.py:106} INFO - 26/01/29 19:37:38 INFO MemoryStore: Block broadcast_126_piece0 stored as bytes in memory (estimated size 5.9 KiB, free 365.8 MiB)
[2026-01-29T19:37:38.654+0530] {subprocess.py:106} INFO - 26/01/29 19:37:38 INFO BlockManagerInfo: Added broadcast_126_piece0 in memory on Aishwarya92848DBDA:44583 (size: 5.9 KiB, free: 366.2 MiB)
[2026-01-29T19:37:38.654+0530] {subprocess.py:106} INFO - 26/01/29 19:37:38 INFO SparkContext: Created broadcast 126 from broadcast at DAGScheduler.scala:1585
[2026-01-29T19:37:38.655+0530] {subprocess.py:106} INFO - 26/01/29 19:37:38 INFO DAGScheduler: Submitting 1 missing tasks from ResultStage 106 (MapPartitionsRDD[347] at count at <unknown>:0) (first 15 tasks are for partitions Vector(0))
[2026-01-29T19:37:38.655+0530] {subprocess.py:106} INFO - 26/01/29 19:37:38 INFO TaskSchedulerImpl: Adding task set 106.0 with 1 tasks resource profile 0
[2026-01-29T19:37:38.656+0530] {subprocess.py:106} INFO - 26/01/29 19:37:38 INFO TaskSetManager: Starting task 0.0 in stage 106.0 (TID 76) (Aishwarya92848DBDA, executor driver, partition 0, NODE_LOCAL, 7615 bytes)
[2026-01-29T19:37:38.656+0530] {subprocess.py:106} INFO - 26/01/29 19:37:38 INFO Executor: Running task 0.0 in stage 106.0 (TID 76)
[2026-01-29T19:37:38.659+0530] {subprocess.py:106} INFO - 26/01/29 19:37:38 INFO ShuffleBlockFetcherIterator: Getting 1 (60.0 B) non-empty blocks including 1 (60.0 B) local and 0 (0.0 B) host-local and 0 (0.0 B) push-merged-local and 0 (0.0 B) remote blocks
[2026-01-29T19:37:38.659+0530] {subprocess.py:106} INFO - 26/01/29 19:37:38 INFO ShuffleBlockFetcherIterator: Started 0 remote fetches in 0 ms
[2026-01-29T19:37:38.664+0530] {subprocess.py:106} INFO - 26/01/29 19:37:38 INFO CodeGenerator: Code generated in 5.125661 ms
[2026-01-29T19:37:38.667+0530] {subprocess.py:106} INFO - 26/01/29 19:37:38 INFO Executor: Finished task 0.0 in stage 106.0 (TID 76). 3988 bytes result sent to driver
[2026-01-29T19:37:38.668+0530] {subprocess.py:106} INFO - 26/01/29 19:37:38 INFO TaskSetManager: Finished task 0.0 in stage 106.0 (TID 76) in 13 ms on Aishwarya92848DBDA (executor driver) (1/1)
[2026-01-29T19:37:38.668+0530] {subprocess.py:106} INFO - 26/01/29 19:37:38 INFO TaskSchedulerImpl: Removed TaskSet 106.0, whose tasks have all completed, from pool
[2026-01-29T19:37:38.669+0530] {subprocess.py:106} INFO - 26/01/29 19:37:38 INFO DAGScheduler: ResultStage 106 (count at <unknown>:0) finished in 0.017 s
[2026-01-29T19:37:38.669+0530] {subprocess.py:106} INFO - 26/01/29 19:37:38 INFO DAGScheduler: Job 76 is finished. Cancelling potential speculative or zombie tasks for this job
[2026-01-29T19:37:38.669+0530] {subprocess.py:106} INFO - 26/01/29 19:37:38 INFO TaskSchedulerImpl: Killing all running tasks in stage 106: Stage finished
[2026-01-29T19:37:38.669+0530] {subprocess.py:106} INFO - 26/01/29 19:37:38 INFO DAGScheduler: Job 76 finished: count at <unknown>:0, took 0.020398 s
[2026-01-29T19:37:38.670+0530] {subprocess.py:106} INFO - Critical NULL rows: 0
[2026-01-29T19:37:38.721+0530] {subprocess.py:106} INFO - 26/01/29 19:37:38 INFO FileSourceStrategy: Pushed Filters:
[2026-01-29T19:37:38.721+0530] {subprocess.py:106} INFO - 26/01/29 19:37:38 INFO FileSourceStrategy: Post-Scan Filters:
[2026-01-29T19:37:38.739+0530] {subprocess.py:106} INFO - 26/01/29 19:37:38 INFO MemoryStore: Block broadcast_127 stored as values in memory (estimated size 350.2 KiB, free 365.5 MiB)
[2026-01-29T19:37:38.746+0530] {subprocess.py:106} INFO - 26/01/29 19:37:38 INFO MemoryStore: Block broadcast_127_piece0 stored as bytes in memory (estimated size 34.3 KiB, free 365.5 MiB)
[2026-01-29T19:37:38.746+0530] {subprocess.py:106} INFO - 26/01/29 19:37:38 INFO BlockManagerInfo: Added broadcast_127_piece0 in memory on Aishwarya92848DBDA:44583 (size: 34.3 KiB, free: 366.2 MiB)
[2026-01-29T19:37:38.747+0530] {subprocess.py:106} INFO - 26/01/29 19:37:38 INFO SparkContext: Created broadcast 127 from count at <unknown>:0
[2026-01-29T19:37:38.748+0530] {subprocess.py:106} INFO - 26/01/29 19:37:38 INFO FileSourceScanExec: Planning scan with bin packing, max size: 4194304 bytes, open cost is considered as scanning 4194304 bytes.
[2026-01-29T19:37:38.751+0530] {subprocess.py:106} INFO - 26/01/29 19:37:38 INFO DAGScheduler: Registering RDD 351 (count at <unknown>:0) as input to shuffle 27
[2026-01-29T19:37:38.751+0530] {subprocess.py:106} INFO - 26/01/29 19:37:38 INFO DAGScheduler: Got map stage job 77 (count at <unknown>:0) with 1 output partitions
[2026-01-29T19:37:38.752+0530] {subprocess.py:106} INFO - 26/01/29 19:37:38 INFO DAGScheduler: Final stage: ShuffleMapStage 107 (count at <unknown>:0)
[2026-01-29T19:37:38.752+0530] {subprocess.py:106} INFO - 26/01/29 19:37:38 INFO DAGScheduler: Parents of final stage: List()
[2026-01-29T19:37:38.752+0530] {subprocess.py:106} INFO - 26/01/29 19:37:38 INFO DAGScheduler: Missing parents: List()
[2026-01-29T19:37:38.752+0530] {subprocess.py:106} INFO - 26/01/29 19:37:38 INFO DAGScheduler: Submitting ShuffleMapStage 107 (MapPartitionsRDD[351] at count at <unknown>:0), which has no missing parents
[2026-01-29T19:37:38.754+0530] {subprocess.py:106} INFO - 26/01/29 19:37:38 INFO MemoryStore: Block broadcast_128 stored as values in memory (estimated size 28.9 KiB, free 365.4 MiB)
[2026-01-29T19:37:38.756+0530] {subprocess.py:106} INFO - 26/01/29 19:37:38 INFO MemoryStore: Block broadcast_128_piece0 stored as bytes in memory (estimated size 11.1 KiB, free 365.4 MiB)
[2026-01-29T19:37:38.756+0530] {subprocess.py:106} INFO - 26/01/29 19:37:38 INFO BlockManagerInfo: Added broadcast_128_piece0 in memory on Aishwarya92848DBDA:44583 (size: 11.1 KiB, free: 366.2 MiB)
[2026-01-29T19:37:38.757+0530] {subprocess.py:106} INFO - 26/01/29 19:37:38 INFO SparkContext: Created broadcast 128 from broadcast at DAGScheduler.scala:1585
[2026-01-29T19:37:38.757+0530] {subprocess.py:106} INFO - 26/01/29 19:37:38 INFO DAGScheduler: Submitting 1 missing tasks from ShuffleMapStage 107 (MapPartitionsRDD[351] at count at <unknown>:0) (first 15 tasks are for partitions Vector(0))
[2026-01-29T19:37:38.757+0530] {subprocess.py:106} INFO - 26/01/29 19:37:38 INFO TaskSchedulerImpl: Adding task set 107.0 with 1 tasks resource profile 0
[2026-01-29T19:37:38.758+0530] {subprocess.py:106} INFO - 26/01/29 19:37:38 INFO TaskSetManager: Starting task 0.0 in stage 107.0 (TID 77) (Aishwarya92848DBDA, executor driver, partition 0, NODE_LOCAL, 8230 bytes)
[2026-01-29T19:37:38.758+0530] {subprocess.py:106} INFO - 26/01/29 19:37:38 INFO Executor: Running task 0.0 in stage 107.0 (TID 77)
[2026-01-29T19:37:38.762+0530] {subprocess.py:106} INFO - 26/01/29 19:37:38 INFO FileScanRDD: Reading File path: hdfs://localhost:9000/weather/data/raw_data/weather_dataset.csv, range: 0-2463, partition values: [empty row]
[2026-01-29T19:37:38.777+0530] {subprocess.py:106} INFO - 26/01/29 19:37:38 INFO Executor: Finished task 0.0 in stage 107.0 (TID 77). 1995 bytes result sent to driver
[2026-01-29T19:37:38.778+0530] {subprocess.py:106} INFO - 26/01/29 19:37:38 INFO TaskSetManager: Finished task 0.0 in stage 107.0 (TID 77) in 21 ms on Aishwarya92848DBDA (executor driver) (1/1)
[2026-01-29T19:37:38.778+0530] {subprocess.py:106} INFO - 26/01/29 19:37:38 INFO TaskSchedulerImpl: Removed TaskSet 107.0, whose tasks have all completed, from pool
[2026-01-29T19:37:38.779+0530] {subprocess.py:106} INFO - 26/01/29 19:37:38 INFO DAGScheduler: ShuffleMapStage 107 (count at <unknown>:0) finished in 0.026 s
[2026-01-29T19:37:38.779+0530] {subprocess.py:106} INFO - 26/01/29 19:37:38 INFO DAGScheduler: looking for newly runnable stages
[2026-01-29T19:37:38.779+0530] {subprocess.py:106} INFO - 26/01/29 19:37:38 INFO DAGScheduler: running: Set()
[2026-01-29T19:37:38.779+0530] {subprocess.py:106} INFO - 26/01/29 19:37:38 INFO DAGScheduler: waiting: Set()
[2026-01-29T19:37:38.780+0530] {subprocess.py:106} INFO - 26/01/29 19:37:38 INFO DAGScheduler: failed: Set()
[2026-01-29T19:37:38.784+0530] {subprocess.py:106} INFO - 26/01/29 19:37:38 INFO ShufflePartitionsUtil: For shuffle(27), advisory target size: 67108864, actual target size 1048576, minimum partition size: 1048576
[2026-01-29T19:37:38.805+0530] {subprocess.py:106} INFO - 26/01/29 19:37:38 INFO CodeGenerator: Code generated in 10.774413 ms
[2026-01-29T19:37:38.822+0530] {subprocess.py:106} INFO - 26/01/29 19:37:38 INFO DAGScheduler: Registering RDD 356 (count at <unknown>:0) as input to shuffle 28
[2026-01-29T19:37:38.823+0530] {subprocess.py:106} INFO - 26/01/29 19:37:38 INFO DAGScheduler: Got map stage job 78 (count at <unknown>:0) with 1 output partitions
[2026-01-29T19:37:38.823+0530] {subprocess.py:106} INFO - 26/01/29 19:37:38 INFO DAGScheduler: Final stage: ShuffleMapStage 109 (count at <unknown>:0)
[2026-01-29T19:37:38.823+0530] {subprocess.py:106} INFO - 26/01/29 19:37:38 INFO DAGScheduler: Parents of final stage: List(ShuffleMapStage 108)
[2026-01-29T19:37:38.823+0530] {subprocess.py:106} INFO - 26/01/29 19:37:38 INFO DAGScheduler: Missing parents: List()
[2026-01-29T19:37:38.823+0530] {subprocess.py:106} INFO - 26/01/29 19:37:38 INFO DAGScheduler: Submitting ShuffleMapStage 109 (MapPartitionsRDD[356] at count at <unknown>:0), which has no missing parents
[2026-01-29T19:37:38.826+0530] {subprocess.py:106} INFO - 26/01/29 19:37:38 INFO MemoryStore: Block broadcast_129 stored as values in memory (estimated size 53.1 KiB, free 365.4 MiB)
[2026-01-29T19:37:38.828+0530] {subprocess.py:106} INFO - 26/01/29 19:37:38 INFO MemoryStore: Block broadcast_129_piece0 stored as bytes in memory (estimated size 22.9 KiB, free 365.3 MiB)
[2026-01-29T19:37:38.829+0530] {subprocess.py:106} INFO - 26/01/29 19:37:38 INFO BlockManagerInfo: Added broadcast_129_piece0 in memory on Aishwarya92848DBDA:44583 (size: 22.9 KiB, free: 366.2 MiB)
[2026-01-29T19:37:38.829+0530] {subprocess.py:106} INFO - 26/01/29 19:37:38 INFO SparkContext: Created broadcast 129 from broadcast at DAGScheduler.scala:1585
[2026-01-29T19:37:38.829+0530] {subprocess.py:106} INFO - 26/01/29 19:37:38 INFO DAGScheduler: Submitting 1 missing tasks from ShuffleMapStage 109 (MapPartitionsRDD[356] at count at <unknown>:0) (first 15 tasks are for partitions Vector(0))
[2026-01-29T19:37:38.829+0530] {subprocess.py:106} INFO - 26/01/29 19:37:38 INFO TaskSchedulerImpl: Adding task set 109.0 with 1 tasks resource profile 0
[2026-01-29T19:37:38.830+0530] {subprocess.py:106} INFO - 26/01/29 19:37:38 INFO TaskSetManager: Starting task 0.0 in stage 109.0 (TID 78) (Aishwarya92848DBDA, executor driver, partition 0, NODE_LOCAL, 7604 bytes)
[2026-01-29T19:37:38.830+0530] {subprocess.py:106} INFO - 26/01/29 19:37:38 INFO Executor: Running task 0.0 in stage 109.0 (TID 78)
[2026-01-29T19:37:38.834+0530] {subprocess.py:106} INFO - 26/01/29 19:37:38 INFO ShuffleBlockFetcherIterator: Getting 1 (1335.0 B) non-empty blocks including 1 (1335.0 B) local and 0 (0.0 B) host-local and 0 (0.0 B) push-merged-local and 0 (0.0 B) remote blocks
[2026-01-29T19:37:38.835+0530] {subprocess.py:106} INFO - 26/01/29 19:37:38 INFO ShuffleBlockFetcherIterator: Started 0 remote fetches in 0 ms
[2026-01-29T19:37:38.854+0530] {subprocess.py:106} INFO - 26/01/29 19:37:38 INFO CodeGenerator: Code generated in 9.833323 ms
[2026-01-29T19:37:38.858+0530] {subprocess.py:106} INFO - 26/01/29 19:37:38 INFO Executor: Finished task 0.0 in stage 109.0 (TID 78). 4989 bytes result sent to driver
[2026-01-29T19:37:38.859+0530] {subprocess.py:106} INFO - 26/01/29 19:37:38 INFO TaskSetManager: Finished task 0.0 in stage 109.0 (TID 78) in 29 ms on Aishwarya92848DBDA (executor driver) (1/1)
[2026-01-29T19:37:38.859+0530] {subprocess.py:106} INFO - 26/01/29 19:37:38 INFO TaskSchedulerImpl: Removed TaskSet 109.0, whose tasks have all completed, from pool
[2026-01-29T19:37:38.860+0530] {subprocess.py:106} INFO - 26/01/29 19:37:38 INFO DAGScheduler: ShuffleMapStage 109 (count at <unknown>:0) finished in 0.035 s
[2026-01-29T19:37:38.860+0530] {subprocess.py:106} INFO - 26/01/29 19:37:38 INFO DAGScheduler: looking for newly runnable stages
[2026-01-29T19:37:38.860+0530] {subprocess.py:106} INFO - 26/01/29 19:37:38 INFO DAGScheduler: running: Set()
[2026-01-29T19:37:38.861+0530] {subprocess.py:106} INFO - 26/01/29 19:37:38 INFO DAGScheduler: waiting: Set()
[2026-01-29T19:37:38.861+0530] {subprocess.py:106} INFO - 26/01/29 19:37:38 INFO DAGScheduler: failed: Set()
[2026-01-29T19:37:38.872+0530] {subprocess.py:106} INFO - 26/01/29 19:37:38 INFO SparkContext: Starting job: count at <unknown>:0
[2026-01-29T19:37:38.872+0530] {subprocess.py:106} INFO - 26/01/29 19:37:38 INFO DAGScheduler: Got job 79 (count at <unknown>:0) with 1 output partitions
[2026-01-29T19:37:38.873+0530] {subprocess.py:106} INFO - 26/01/29 19:37:38 INFO DAGScheduler: Final stage: ResultStage 112 (count at <unknown>:0)
[2026-01-29T19:37:38.873+0530] {subprocess.py:106} INFO - 26/01/29 19:37:38 INFO DAGScheduler: Parents of final stage: List(ShuffleMapStage 111)
[2026-01-29T19:37:38.874+0530] {subprocess.py:106} INFO - 26/01/29 19:37:38 INFO DAGScheduler: Missing parents: List()
[2026-01-29T19:37:38.874+0530] {subprocess.py:106} INFO - 26/01/29 19:37:38 INFO DAGScheduler: Submitting ResultStage 112 (MapPartitionsRDD[359] at count at <unknown>:0), which has no missing parents
[2026-01-29T19:37:38.874+0530] {subprocess.py:106} INFO - 26/01/29 19:37:38 INFO MemoryStore: Block broadcast_130 stored as values in memory (estimated size 12.5 KiB, free 365.3 MiB)
[2026-01-29T19:37:38.876+0530] {subprocess.py:106} INFO - 26/01/29 19:37:38 INFO MemoryStore: Block broadcast_130_piece0 stored as bytes in memory (estimated size 5.9 KiB, free 365.3 MiB)
[2026-01-29T19:37:38.876+0530] {subprocess.py:106} INFO - 26/01/29 19:37:38 INFO BlockManagerInfo: Added broadcast_130_piece0 in memory on Aishwarya92848DBDA:44583 (size: 5.9 KiB, free: 366.2 MiB)
[2026-01-29T19:37:38.876+0530] {subprocess.py:106} INFO - 26/01/29 19:37:38 INFO SparkContext: Created broadcast 130 from broadcast at DAGScheduler.scala:1585
[2026-01-29T19:37:38.876+0530] {subprocess.py:106} INFO - 26/01/29 19:37:38 INFO DAGScheduler: Submitting 1 missing tasks from ResultStage 112 (MapPartitionsRDD[359] at count at <unknown>:0) (first 15 tasks are for partitions Vector(0))
[2026-01-29T19:37:38.877+0530] {subprocess.py:106} INFO - 26/01/29 19:37:38 INFO TaskSchedulerImpl: Adding task set 112.0 with 1 tasks resource profile 0
[2026-01-29T19:37:38.877+0530] {subprocess.py:106} INFO - 26/01/29 19:37:38 INFO TaskSetManager: Starting task 0.0 in stage 112.0 (TID 79) (Aishwarya92848DBDA, executor driver, partition 0, NODE_LOCAL, 7615 bytes)
[2026-01-29T19:37:38.878+0530] {subprocess.py:106} INFO - 26/01/29 19:37:38 INFO Executor: Running task 0.0 in stage 112.0 (TID 79)
[2026-01-29T19:37:38.880+0530] {subprocess.py:106} INFO - 26/01/29 19:37:38 INFO ShuffleBlockFetcherIterator: Getting 1 (60.0 B) non-empty blocks including 1 (60.0 B) local and 0 (0.0 B) host-local and 0 (0.0 B) push-merged-local and 0 (0.0 B) remote blocks
[2026-01-29T19:37:38.881+0530] {subprocess.py:106} INFO - 26/01/29 19:37:38 INFO ShuffleBlockFetcherIterator: Started 0 remote fetches in 0 ms
[2026-01-29T19:37:38.882+0530] {subprocess.py:106} INFO - 26/01/29 19:37:38 INFO Executor: Finished task 0.0 in stage 112.0 (TID 79). 3988 bytes result sent to driver
[2026-01-29T19:37:38.883+0530] {subprocess.py:106} INFO - 26/01/29 19:37:38 INFO TaskSetManager: Finished task 0.0 in stage 112.0 (TID 79) in 5 ms on Aishwarya92848DBDA (executor driver) (1/1)
[2026-01-29T19:37:38.883+0530] {subprocess.py:106} INFO - 26/01/29 19:37:38 INFO TaskSchedulerImpl: Removed TaskSet 112.0, whose tasks have all completed, from pool
[2026-01-29T19:37:38.883+0530] {subprocess.py:106} INFO - 26/01/29 19:37:38 INFO DAGScheduler: ResultStage 112 (count at <unknown>:0) finished in 0.010 s
[2026-01-29T19:37:38.883+0530] {subprocess.py:106} INFO - 26/01/29 19:37:38 INFO DAGScheduler: Job 79 is finished. Cancelling potential speculative or zombie tasks for this job
[2026-01-29T19:37:38.884+0530] {subprocess.py:106} INFO - 26/01/29 19:37:38 INFO TaskSchedulerImpl: Killing all running tasks in stage 112: Stage finished
[2026-01-29T19:37:38.884+0530] {subprocess.py:106} INFO - 26/01/29 19:37:38 INFO DAGScheduler: Job 79 finished: count at <unknown>:0, took 0.011793 s
[2026-01-29T19:37:38.885+0530] {subprocess.py:106} INFO - Invalid temperature rows: 0
[2026-01-29T19:37:38.952+0530] {subprocess.py:106} INFO - 26/01/29 19:37:38 INFO FileSourceStrategy: Pushed Filters:
[2026-01-29T19:37:38.952+0530] {subprocess.py:106} INFO - 26/01/29 19:37:38 INFO FileSourceStrategy: Post-Scan Filters:
[2026-01-29T19:37:38.977+0530] {subprocess.py:106} INFO - 26/01/29 19:37:38 INFO MemoryStore: Block broadcast_131 stored as values in memory (estimated size 350.2 KiB, free 365.0 MiB)
[2026-01-29T19:37:38.985+0530] {subprocess.py:106} INFO - 26/01/29 19:37:38 INFO MemoryStore: Block broadcast_131_piece0 stored as bytes in memory (estimated size 34.3 KiB, free 365.0 MiB)
[2026-01-29T19:37:38.986+0530] {subprocess.py:106} INFO - 26/01/29 19:37:38 INFO BlockManagerInfo: Added broadcast_131_piece0 in memory on Aishwarya92848DBDA:44583 (size: 34.3 KiB, free: 366.1 MiB)
[2026-01-29T19:37:38.986+0530] {subprocess.py:106} INFO - 26/01/29 19:37:38 INFO SparkContext: Created broadcast 131 from count at <unknown>:0
[2026-01-29T19:37:38.987+0530] {subprocess.py:106} INFO - 26/01/29 19:37:38 INFO FileSourceScanExec: Planning scan with bin packing, max size: 4194304 bytes, open cost is considered as scanning 4194304 bytes.
[2026-01-29T19:37:38.991+0530] {subprocess.py:106} INFO - 26/01/29 19:37:38 INFO DAGScheduler: Registering RDD 363 (count at <unknown>:0) as input to shuffle 29
[2026-01-29T19:37:38.992+0530] {subprocess.py:106} INFO - 26/01/29 19:37:38 INFO DAGScheduler: Got map stage job 80 (count at <unknown>:0) with 1 output partitions
[2026-01-29T19:37:38.992+0530] {subprocess.py:106} INFO - 26/01/29 19:37:38 INFO DAGScheduler: Final stage: ShuffleMapStage 113 (count at <unknown>:0)
[2026-01-29T19:37:38.992+0530] {subprocess.py:106} INFO - 26/01/29 19:37:38 INFO DAGScheduler: Parents of final stage: List()
[2026-01-29T19:37:38.993+0530] {subprocess.py:106} INFO - 26/01/29 19:37:38 INFO DAGScheduler: Missing parents: List()
[2026-01-29T19:37:38.993+0530] {subprocess.py:106} INFO - 26/01/29 19:37:38 INFO DAGScheduler: Submitting ShuffleMapStage 113 (MapPartitionsRDD[363] at count at <unknown>:0), which has no missing parents
[2026-01-29T19:37:38.995+0530] {subprocess.py:106} INFO - 26/01/29 19:37:38 INFO MemoryStore: Block broadcast_132 stored as values in memory (estimated size 28.9 KiB, free 364.9 MiB)
[2026-01-29T19:37:38.997+0530] {subprocess.py:106} INFO - 26/01/29 19:37:38 INFO MemoryStore: Block broadcast_132_piece0 stored as bytes in memory (estimated size 11.1 KiB, free 364.9 MiB)
[2026-01-29T19:37:38.997+0530] {subprocess.py:106} INFO - 26/01/29 19:37:38 INFO BlockManagerInfo: Added broadcast_132_piece0 in memory on Aishwarya92848DBDA:44583 (size: 11.1 KiB, free: 366.1 MiB)
[2026-01-29T19:37:38.997+0530] {subprocess.py:106} INFO - 26/01/29 19:37:38 INFO SparkContext: Created broadcast 132 from broadcast at DAGScheduler.scala:1585
[2026-01-29T19:37:38.998+0530] {subprocess.py:106} INFO - 26/01/29 19:37:38 INFO DAGScheduler: Submitting 1 missing tasks from ShuffleMapStage 113 (MapPartitionsRDD[363] at count at <unknown>:0) (first 15 tasks are for partitions Vector(0))
[2026-01-29T19:37:38.998+0530] {subprocess.py:106} INFO - 26/01/29 19:37:38 INFO TaskSchedulerImpl: Adding task set 113.0 with 1 tasks resource profile 0
[2026-01-29T19:37:38.999+0530] {subprocess.py:106} INFO - 26/01/29 19:37:38 INFO TaskSetManager: Starting task 0.0 in stage 113.0 (TID 80) (Aishwarya92848DBDA, executor driver, partition 0, NODE_LOCAL, 8230 bytes)
[2026-01-29T19:37:38.999+0530] {subprocess.py:106} INFO - 26/01/29 19:37:38 INFO Executor: Running task 0.0 in stage 113.0 (TID 80)
[2026-01-29T19:37:39.005+0530] {subprocess.py:106} INFO - 26/01/29 19:37:39 INFO FileScanRDD: Reading File path: hdfs://localhost:9000/weather/data/raw_data/weather_dataset.csv, range: 0-2463, partition values: [empty row]
[2026-01-29T19:37:39.025+0530] {subprocess.py:106} INFO - 26/01/29 19:37:39 INFO Executor: Finished task 0.0 in stage 113.0 (TID 80). 1995 bytes result sent to driver
[2026-01-29T19:37:39.026+0530] {subprocess.py:106} INFO - 26/01/29 19:37:39 INFO TaskSetManager: Finished task 0.0 in stage 113.0 (TID 80) in 28 ms on Aishwarya92848DBDA (executor driver) (1/1)
[2026-01-29T19:37:39.026+0530] {subprocess.py:106} INFO - 26/01/29 19:37:39 INFO TaskSchedulerImpl: Removed TaskSet 113.0, whose tasks have all completed, from pool
[2026-01-29T19:37:39.027+0530] {subprocess.py:106} INFO - 26/01/29 19:37:39 INFO DAGScheduler: ShuffleMapStage 113 (count at <unknown>:0) finished in 0.035 s
[2026-01-29T19:37:39.027+0530] {subprocess.py:106} INFO - 26/01/29 19:37:39 INFO DAGScheduler: looking for newly runnable stages
[2026-01-29T19:37:39.028+0530] {subprocess.py:106} INFO - 26/01/29 19:37:39 INFO DAGScheduler: running: Set()
[2026-01-29T19:37:39.028+0530] {subprocess.py:106} INFO - 26/01/29 19:37:39 INFO DAGScheduler: waiting: Set()
[2026-01-29T19:37:39.028+0530] {subprocess.py:106} INFO - 26/01/29 19:37:39 INFO DAGScheduler: failed: Set()
[2026-01-29T19:37:39.036+0530] {subprocess.py:106} INFO - 26/01/29 19:37:39 INFO ShufflePartitionsUtil: For shuffle(29), advisory target size: 67108864, actual target size 1048576, minimum partition size: 1048576
[2026-01-29T19:37:39.055+0530] {subprocess.py:106} INFO - 26/01/29 19:37:39 INFO CodeGenerator: Code generated in 7.615462 ms
[2026-01-29T19:37:39.069+0530] {subprocess.py:106} INFO - 26/01/29 19:37:39 INFO CodeGenerator: Code generated in 8.922261 ms
[2026-01-29T19:37:39.086+0530] {subprocess.py:106} INFO - 26/01/29 19:37:39 INFO DAGScheduler: Registering RDD 370 (count at <unknown>:0) as input to shuffle 30
[2026-01-29T19:37:39.086+0530] {subprocess.py:106} INFO - 26/01/29 19:37:39 INFO DAGScheduler: Got map stage job 81 (count at <unknown>:0) with 1 output partitions
[2026-01-29T19:37:39.087+0530] {subprocess.py:106} INFO - 26/01/29 19:37:39 INFO DAGScheduler: Final stage: ShuffleMapStage 115 (count at <unknown>:0)
[2026-01-29T19:37:39.087+0530] {subprocess.py:106} INFO - 26/01/29 19:37:39 INFO DAGScheduler: Parents of final stage: List(ShuffleMapStage 114)
[2026-01-29T19:37:39.087+0530] {subprocess.py:106} INFO - 26/01/29 19:37:39 INFO DAGScheduler: Missing parents: List()
[2026-01-29T19:37:39.087+0530] {subprocess.py:106} INFO - 26/01/29 19:37:39 INFO DAGScheduler: Submitting ShuffleMapStage 115 (MapPartitionsRDD[370] at count at <unknown>:0), which has no missing parents
[2026-01-29T19:37:39.090+0530] {subprocess.py:106} INFO - 26/01/29 19:37:39 INFO MemoryStore: Block broadcast_133 stored as values in memory (estimated size 56.3 KiB, free 364.9 MiB)
[2026-01-29T19:37:39.092+0530] {subprocess.py:106} INFO - 26/01/29 19:37:39 INFO MemoryStore: Block broadcast_133_piece0 stored as bytes in memory (estimated size 23.5 KiB, free 364.8 MiB)
[2026-01-29T19:37:39.092+0530] {subprocess.py:106} INFO - 26/01/29 19:37:39 INFO BlockManagerInfo: Added broadcast_133_piece0 in memory on Aishwarya92848DBDA:44583 (size: 23.5 KiB, free: 366.1 MiB)
[2026-01-29T19:37:39.093+0530] {subprocess.py:106} INFO - 26/01/29 19:37:39 INFO SparkContext: Created broadcast 133 from broadcast at DAGScheduler.scala:1585
[2026-01-29T19:37:39.093+0530] {subprocess.py:106} INFO - 26/01/29 19:37:39 INFO DAGScheduler: Submitting 1 missing tasks from ShuffleMapStage 115 (MapPartitionsRDD[370] at count at <unknown>:0) (first 15 tasks are for partitions Vector(0))
[2026-01-29T19:37:39.093+0530] {subprocess.py:106} INFO - 26/01/29 19:37:39 INFO TaskSchedulerImpl: Adding task set 115.0 with 1 tasks resource profile 0
[2026-01-29T19:37:39.094+0530] {subprocess.py:106} INFO - 26/01/29 19:37:39 INFO TaskSetManager: Starting task 0.0 in stage 115.0 (TID 81) (Aishwarya92848DBDA, executor driver, partition 0, NODE_LOCAL, 7604 bytes)
[2026-01-29T19:37:39.094+0530] {subprocess.py:106} INFO - 26/01/29 19:37:39 INFO Executor: Running task 0.0 in stage 115.0 (TID 81)
[2026-01-29T19:37:39.099+0530] {subprocess.py:106} INFO - 26/01/29 19:37:39 INFO ShuffleBlockFetcherIterator: Getting 1 (1335.0 B) non-empty blocks including 1 (1335.0 B) local and 0 (0.0 B) host-local and 0 (0.0 B) push-merged-local and 0 (0.0 B) remote blocks
[2026-01-29T19:37:39.100+0530] {subprocess.py:106} INFO - 26/01/29 19:37:39 INFO ShuffleBlockFetcherIterator: Started 0 remote fetches in 0 ms
[2026-01-29T19:37:39.120+0530] {subprocess.py:106} INFO - 26/01/29 19:37:39 INFO CodeGenerator: Code generated in 7.124814 ms
[2026-01-29T19:37:39.126+0530] {subprocess.py:106} INFO - 26/01/29 19:37:39 INFO CodeGenerator: Code generated in 4.061136 ms
[2026-01-29T19:37:39.133+0530] {subprocess.py:106} INFO - 26/01/29 19:37:39 INFO CodeGenerator: Code generated in 3.993897 ms
[2026-01-29T19:37:39.138+0530] {subprocess.py:106} INFO - 26/01/29 19:37:39 INFO CodeGenerator: Code generated in 3.332041 ms
[2026-01-29T19:37:39.143+0530] {subprocess.py:106} INFO - 26/01/29 19:37:39 INFO CodeGenerator: Code generated in 3.726405 ms
[2026-01-29T19:37:39.150+0530] {subprocess.py:106} INFO - 26/01/29 19:37:39 INFO CodeGenerator: Code generated in 5.278774 ms
[2026-01-29T19:37:39.155+0530] {subprocess.py:106} INFO - 26/01/29 19:37:39 INFO Executor: Finished task 0.0 in stage 115.0 (TID 81). 5157 bytes result sent to driver
[2026-01-29T19:37:39.155+0530] {subprocess.py:106} INFO - 26/01/29 19:37:39 INFO TaskSetManager: Finished task 0.0 in stage 115.0 (TID 81) in 61 ms on Aishwarya92848DBDA (executor driver) (1/1)
[2026-01-29T19:37:39.156+0530] {subprocess.py:106} INFO - 26/01/29 19:37:39 INFO TaskSchedulerImpl: Removed TaskSet 115.0, whose tasks have all completed, from pool
[2026-01-29T19:37:39.156+0530] {subprocess.py:106} INFO - 26/01/29 19:37:39 INFO DAGScheduler: ShuffleMapStage 115 (count at <unknown>:0) finished in 0.068 s
[2026-01-29T19:37:39.157+0530] {subprocess.py:106} INFO - 26/01/29 19:37:39 INFO DAGScheduler: looking for newly runnable stages
[2026-01-29T19:37:39.157+0530] {subprocess.py:106} INFO - 26/01/29 19:37:39 INFO DAGScheduler: running: Set()
[2026-01-29T19:37:39.157+0530] {subprocess.py:106} INFO - 26/01/29 19:37:39 INFO DAGScheduler: waiting: Set()
[2026-01-29T19:37:39.158+0530] {subprocess.py:106} INFO - 26/01/29 19:37:39 INFO DAGScheduler: failed: Set()
[2026-01-29T19:37:39.167+0530] {subprocess.py:106} INFO - 26/01/29 19:37:39 INFO CodeGenerator: Code generated in 4.530203 ms
[2026-01-29T19:37:39.174+0530] {subprocess.py:106} INFO - 26/01/29 19:37:39 INFO SparkContext: Starting job: count at <unknown>:0
[2026-01-29T19:37:39.175+0530] {subprocess.py:106} INFO - 26/01/29 19:37:39 INFO DAGScheduler: Got job 82 (count at <unknown>:0) with 1 output partitions
[2026-01-29T19:37:39.175+0530] {subprocess.py:106} INFO - 26/01/29 19:37:39 INFO DAGScheduler: Final stage: ResultStage 118 (count at <unknown>:0)
[2026-01-29T19:37:39.175+0530] {subprocess.py:106} INFO - 26/01/29 19:37:39 INFO DAGScheduler: Parents of final stage: List(ShuffleMapStage 117)
[2026-01-29T19:37:39.176+0530] {subprocess.py:106} INFO - 26/01/29 19:37:39 INFO DAGScheduler: Missing parents: List()
[2026-01-29T19:37:39.176+0530] {subprocess.py:106} INFO - 26/01/29 19:37:39 INFO DAGScheduler: Submitting ResultStage 118 (MapPartitionsRDD[373] at count at <unknown>:0), which has no missing parents
[2026-01-29T19:37:39.177+0530] {subprocess.py:106} INFO - 26/01/29 19:37:39 INFO MemoryStore: Block broadcast_134 stored as values in memory (estimated size 12.5 KiB, free 364.8 MiB)
[2026-01-29T19:37:39.178+0530] {subprocess.py:106} INFO - 26/01/29 19:37:39 INFO MemoryStore: Block broadcast_134_piece0 stored as bytes in memory (estimated size 5.9 KiB, free 364.8 MiB)
[2026-01-29T19:37:39.178+0530] {subprocess.py:106} INFO - 26/01/29 19:37:39 INFO BlockManagerInfo: Added broadcast_134_piece0 in memory on Aishwarya92848DBDA:44583 (size: 5.9 KiB, free: 366.1 MiB)
[2026-01-29T19:37:39.179+0530] {subprocess.py:106} INFO - 26/01/29 19:37:39 INFO SparkContext: Created broadcast 134 from broadcast at DAGScheduler.scala:1585
[2026-01-29T19:37:39.179+0530] {subprocess.py:106} INFO - 26/01/29 19:37:39 INFO DAGScheduler: Submitting 1 missing tasks from ResultStage 118 (MapPartitionsRDD[373] at count at <unknown>:0) (first 15 tasks are for partitions Vector(0))
[2026-01-29T19:37:39.179+0530] {subprocess.py:106} INFO - 26/01/29 19:37:39 INFO TaskSchedulerImpl: Adding task set 118.0 with 1 tasks resource profile 0
[2026-01-29T19:37:39.180+0530] {subprocess.py:106} INFO - 26/01/29 19:37:39 INFO TaskSetManager: Starting task 0.0 in stage 118.0 (TID 82) (Aishwarya92848DBDA, executor driver, partition 0, NODE_LOCAL, 7615 bytes)
[2026-01-29T19:37:39.180+0530] {subprocess.py:106} INFO - 26/01/29 19:37:39 INFO Executor: Running task 0.0 in stage 118.0 (TID 82)
[2026-01-29T19:37:39.183+0530] {subprocess.py:106} INFO - 26/01/29 19:37:39 INFO ShuffleBlockFetcherIterator: Getting 1 (60.0 B) non-empty blocks including 1 (60.0 B) local and 0 (0.0 B) host-local and 0 (0.0 B) push-merged-local and 0 (0.0 B) remote blocks
[2026-01-29T19:37:39.183+0530] {subprocess.py:106} INFO - 26/01/29 19:37:39 INFO ShuffleBlockFetcherIterator: Started 0 remote fetches in 0 ms
[2026-01-29T19:37:39.188+0530] {subprocess.py:106} INFO - 26/01/29 19:37:39 INFO CodeGenerator: Code generated in 4.517007 ms
[2026-01-29T19:37:39.190+0530] {subprocess.py:106} INFO - 26/01/29 19:37:39 INFO Executor: Finished task 0.0 in stage 118.0 (TID 82). 3988 bytes result sent to driver
[2026-01-29T19:37:39.191+0530] {subprocess.py:106} INFO - 26/01/29 19:37:39 INFO TaskSetManager: Finished task 0.0 in stage 118.0 (TID 82) in 12 ms on Aishwarya92848DBDA (executor driver) (1/1)
[2026-01-29T19:37:39.192+0530] {subprocess.py:106} INFO - 26/01/29 19:37:39 INFO TaskSchedulerImpl: Removed TaskSet 118.0, whose tasks have all completed, from pool
[2026-01-29T19:37:39.192+0530] {subprocess.py:106} INFO - 26/01/29 19:37:39 INFO DAGScheduler: ResultStage 118 (count at <unknown>:0) finished in 0.015 s
[2026-01-29T19:37:39.192+0530] {subprocess.py:106} INFO - 26/01/29 19:37:39 INFO DAGScheduler: Job 82 is finished. Cancelling potential speculative or zombie tasks for this job
[2026-01-29T19:37:39.192+0530] {subprocess.py:106} INFO - 26/01/29 19:37:39 INFO TaskSchedulerImpl: Killing all running tasks in stage 118: Stage finished
[2026-01-29T19:37:39.192+0530] {subprocess.py:106} INFO - 26/01/29 19:37:39 INFO DAGScheduler: Job 82 finished: count at <unknown>:0, took 0.018374 s
[2026-01-29T19:37:39.193+0530] {subprocess.py:106} INFO - Non-monotonic timestamp rows: 0
[2026-01-29T19:37:39.194+0530] {subprocess.py:106} INFO - {'null_critical': 0, 'invalid_temp': 0, 'non_monotonic_time': 0}
[2026-01-29T19:37:39.268+0530] {subprocess.py:106} INFO - 26/01/29 19:37:39 INFO FileSourceStrategy: Pushed Filters:
[2026-01-29T19:37:39.269+0530] {subprocess.py:106} INFO - 26/01/29 19:37:39 INFO FileSourceStrategy: Post-Scan Filters:
[2026-01-29T19:37:39.314+0530] {subprocess.py:106} INFO - 26/01/29 19:37:39 INFO CodeGenerator: Code generated in 20.253618 ms
[2026-01-29T19:37:39.315+0530] {subprocess.py:106} INFO - 26/01/29 19:37:39 INFO MemoryStore: Block broadcast_135 stored as values in memory (estimated size 350.2 KiB, free 364.5 MiB)
[2026-01-29T19:37:39.322+0530] {subprocess.py:106} INFO - 26/01/29 19:37:39 INFO MemoryStore: Block broadcast_135_piece0 stored as bytes in memory (estimated size 34.3 KiB, free 364.4 MiB)
[2026-01-29T19:37:39.323+0530] {subprocess.py:106} INFO - 26/01/29 19:37:39 INFO BlockManagerInfo: Added broadcast_135_piece0 in memory on Aishwarya92848DBDA:44583 (size: 34.3 KiB, free: 366.1 MiB)
[2026-01-29T19:37:39.323+0530] {subprocess.py:106} INFO - 26/01/29 19:37:39 INFO SparkContext: Created broadcast 135 from parquet at NativeMethodAccessorImpl.java:0
[2026-01-29T19:37:39.324+0530] {subprocess.py:106} INFO - 26/01/29 19:37:39 INFO FileSourceScanExec: Planning scan with bin packing, max size: 4194304 bytes, open cost is considered as scanning 4194304 bytes.
[2026-01-29T19:37:39.344+0530] {subprocess.py:106} INFO - 26/01/29 19:37:39 INFO DAGScheduler: Registering RDD 377 (parquet at NativeMethodAccessorImpl.java:0) as input to shuffle 31
[2026-01-29T19:37:39.344+0530] {subprocess.py:106} INFO - 26/01/29 19:37:39 INFO DAGScheduler: Got map stage job 83 (parquet at NativeMethodAccessorImpl.java:0) with 1 output partitions
[2026-01-29T19:37:39.344+0530] {subprocess.py:106} INFO - 26/01/29 19:37:39 INFO DAGScheduler: Final stage: ShuffleMapStage 119 (parquet at NativeMethodAccessorImpl.java:0)
[2026-01-29T19:37:39.345+0530] {subprocess.py:106} INFO - 26/01/29 19:37:39 INFO DAGScheduler: Parents of final stage: List()
[2026-01-29T19:37:39.345+0530] {subprocess.py:106} INFO - 26/01/29 19:37:39 INFO DAGScheduler: Missing parents: List()
[2026-01-29T19:37:39.345+0530] {subprocess.py:106} INFO - 26/01/29 19:37:39 INFO DAGScheduler: Submitting ShuffleMapStage 119 (MapPartitionsRDD[377] at parquet at NativeMethodAccessorImpl.java:0), which has no missing parents
[2026-01-29T19:37:39.349+0530] {subprocess.py:106} INFO - 26/01/29 19:37:39 INFO MemoryStore: Block broadcast_136 stored as values in memory (estimated size 59.7 KiB, free 364.4 MiB)
[2026-01-29T19:37:39.350+0530] {subprocess.py:106} INFO - 26/01/29 19:37:39 INFO MemoryStore: Block broadcast_136_piece0 stored as bytes in memory (estimated size 23.6 KiB, free 364.4 MiB)
[2026-01-29T19:37:39.351+0530] {subprocess.py:106} INFO - 26/01/29 19:37:39 INFO BlockManagerInfo: Added broadcast_136_piece0 in memory on Aishwarya92848DBDA:44583 (size: 23.6 KiB, free: 366.0 MiB)
[2026-01-29T19:37:39.351+0530] {subprocess.py:106} INFO - 26/01/29 19:37:39 INFO SparkContext: Created broadcast 136 from broadcast at DAGScheduler.scala:1585
[2026-01-29T19:37:39.351+0530] {subprocess.py:106} INFO - 26/01/29 19:37:39 INFO DAGScheduler: Submitting 1 missing tasks from ShuffleMapStage 119 (MapPartitionsRDD[377] at parquet at NativeMethodAccessorImpl.java:0) (first 15 tasks are for partitions Vector(0))
[2026-01-29T19:37:39.351+0530] {subprocess.py:106} INFO - 26/01/29 19:37:39 INFO TaskSchedulerImpl: Adding task set 119.0 with 1 tasks resource profile 0
[2026-01-29T19:37:39.352+0530] {subprocess.py:106} INFO - 26/01/29 19:37:39 INFO TaskSetManager: Starting task 0.0 in stage 119.0 (TID 83) (Aishwarya92848DBDA, executor driver, partition 0, NODE_LOCAL, 8230 bytes)
[2026-01-29T19:37:39.352+0530] {subprocess.py:106} INFO - 26/01/29 19:37:39 INFO Executor: Running task 0.0 in stage 119.0 (TID 83)
[2026-01-29T19:37:39.381+0530] {subprocess.py:106} INFO - 26/01/29 19:37:39 INFO CodeGenerator: Code generated in 17.139995 ms
[2026-01-29T19:37:39.384+0530] {subprocess.py:106} INFO - 26/01/29 19:37:39 INFO FileScanRDD: Reading File path: hdfs://localhost:9000/weather/data/raw_data/weather_dataset.csv, range: 0-2463, partition values: [empty row]
[2026-01-29T19:37:39.396+0530] {subprocess.py:106} INFO - 26/01/29 19:37:39 INFO CodeGenerator: Code generated in 3.971144 ms
[2026-01-29T19:37:39.414+0530] {subprocess.py:106} INFO - 26/01/29 19:37:39 INFO Executor: Finished task 0.0 in stage 119.0 (TID 83). 1995 bytes result sent to driver
[2026-01-29T19:37:39.414+0530] {subprocess.py:106} INFO - 26/01/29 19:37:39 INFO TaskSetManager: Finished task 0.0 in stage 119.0 (TID 83) in 62 ms on Aishwarya92848DBDA (executor driver) (1/1)
[2026-01-29T19:37:39.415+0530] {subprocess.py:106} INFO - 26/01/29 19:37:39 INFO TaskSchedulerImpl: Removed TaskSet 119.0, whose tasks have all completed, from pool
[2026-01-29T19:37:39.415+0530] {subprocess.py:106} INFO - 26/01/29 19:37:39 INFO DAGScheduler: ShuffleMapStage 119 (parquet at NativeMethodAccessorImpl.java:0) finished in 0.070 s
[2026-01-29T19:37:39.415+0530] {subprocess.py:106} INFO - 26/01/29 19:37:39 INFO DAGScheduler: looking for newly runnable stages
[2026-01-29T19:37:39.416+0530] {subprocess.py:106} INFO - 26/01/29 19:37:39 INFO DAGScheduler: running: Set()
[2026-01-29T19:37:39.416+0530] {subprocess.py:106} INFO - 26/01/29 19:37:39 INFO DAGScheduler: waiting: Set()
[2026-01-29T19:37:39.416+0530] {subprocess.py:106} INFO - 26/01/29 19:37:39 INFO DAGScheduler: failed: Set()
[2026-01-29T19:37:39.423+0530] {subprocess.py:106} INFO - 26/01/29 19:37:39 INFO ShufflePartitionsUtil: For shuffle(31), advisory target size: 67108864, actual target size 1048576, minimum partition size: 1048576
[2026-01-29T19:37:39.486+0530] {subprocess.py:106} INFO - 26/01/29 19:37:39 INFO ParquetUtils: Using default output committer for Parquet: org.apache.parquet.hadoop.ParquetOutputCommitter
[2026-01-29T19:37:39.508+0530] {subprocess.py:106} INFO - 26/01/29 19:37:39 INFO FileOutputCommitter: File Output Committer Algorithm version is 1
[2026-01-29T19:37:39.509+0530] {subprocess.py:106} INFO - 26/01/29 19:37:39 INFO FileOutputCommitter: FileOutputCommitter skip cleanup _temporary folders under output directory:false, ignore cleanup failures: false
[2026-01-29T19:37:39.510+0530] {subprocess.py:106} INFO - 26/01/29 19:37:39 INFO SQLHadoopMapReduceCommitProtocol: Using user defined output committer class org.apache.parquet.hadoop.ParquetOutputCommitter
[2026-01-29T19:37:39.510+0530] {subprocess.py:106} INFO - 26/01/29 19:37:39 INFO FileOutputCommitter: File Output Committer Algorithm version is 1
[2026-01-29T19:37:39.510+0530] {subprocess.py:106} INFO - 26/01/29 19:37:39 INFO FileOutputCommitter: FileOutputCommitter skip cleanup _temporary folders under output directory:false, ignore cleanup failures: false
[2026-01-29T19:37:39.511+0530] {subprocess.py:106} INFO - 26/01/29 19:37:39 INFO SQLHadoopMapReduceCommitProtocol: Using output committer class org.apache.parquet.hadoop.ParquetOutputCommitter
[2026-01-29T19:37:39.547+0530] {subprocess.py:106} INFO - 26/01/29 19:37:39 INFO BlockManagerInfo: Removed broadcast_127_piece0 on Aishwarya92848DBDA:44583 in memory (size: 34.3 KiB, free: 366.1 MiB)
[2026-01-29T19:37:39.549+0530] {subprocess.py:106} INFO - 26/01/29 19:37:39 INFO BlockManagerInfo: Removed broadcast_133_piece0 on Aishwarya92848DBDA:44583 in memory (size: 23.5 KiB, free: 366.1 MiB)
[2026-01-29T19:37:39.550+0530] {subprocess.py:106} INFO - 26/01/29 19:37:39 INFO BlockManagerInfo: Removed broadcast_131_piece0 on Aishwarya92848DBDA:44583 in memory (size: 34.3 KiB, free: 366.1 MiB)
[2026-01-29T19:37:39.552+0530] {subprocess.py:106} INFO - 26/01/29 19:37:39 INFO BlockManagerInfo: Removed broadcast_129_piece0 on Aishwarya92848DBDA:44583 in memory (size: 22.9 KiB, free: 366.1 MiB)
[2026-01-29T19:37:39.553+0530] {subprocess.py:106} INFO - 26/01/29 19:37:39 INFO BlockManagerInfo: Removed broadcast_126_piece0 on Aishwarya92848DBDA:44583 in memory (size: 5.9 KiB, free: 366.2 MiB)
[2026-01-29T19:37:39.555+0530] {subprocess.py:106} INFO - 26/01/29 19:37:39 INFO BlockManagerInfo: Removed broadcast_134_piece0 on Aishwarya92848DBDA:44583 in memory (size: 5.9 KiB, free: 366.2 MiB)
[2026-01-29T19:37:39.556+0530] {subprocess.py:106} INFO - 26/01/29 19:37:39 INFO BlockManagerInfo: Removed broadcast_132_piece0 on Aishwarya92848DBDA:44583 in memory (size: 11.1 KiB, free: 366.2 MiB)
[2026-01-29T19:37:39.557+0530] {subprocess.py:106} INFO - 26/01/29 19:37:39 INFO BlockManagerInfo: Removed broadcast_128_piece0 on Aishwarya92848DBDA:44583 in memory (size: 11.1 KiB, free: 366.2 MiB)
[2026-01-29T19:37:39.559+0530] {subprocess.py:106} INFO - 26/01/29 19:37:39 INFO BlockManagerInfo: Removed broadcast_136_piece0 on Aishwarya92848DBDA:44583 in memory (size: 23.6 KiB, free: 366.2 MiB)
[2026-01-29T19:37:39.561+0530] {subprocess.py:106} INFO - 26/01/29 19:37:39 INFO BlockManagerInfo: Removed broadcast_123_piece0 on Aishwarya92848DBDA:44583 in memory (size: 34.3 KiB, free: 366.2 MiB)
[2026-01-29T19:37:39.563+0530] {subprocess.py:106} INFO - 26/01/29 19:37:39 INFO BlockManagerInfo: Removed broadcast_130_piece0 on Aishwarya92848DBDA:44583 in memory (size: 5.9 KiB, free: 366.2 MiB)
[2026-01-29T19:37:39.564+0530] {subprocess.py:106} INFO - 26/01/29 19:37:39 INFO BlockManagerInfo: Removed broadcast_125_piece0 on Aishwarya92848DBDA:44583 in memory (size: 22.5 KiB, free: 366.3 MiB)
[2026-01-29T19:37:39.568+0530] {subprocess.py:106} INFO - 26/01/29 19:37:39 INFO CodeGenerator: Code generated in 41.036598 ms
[2026-01-29T19:37:39.595+0530] {subprocess.py:106} INFO - 26/01/29 19:37:39 INFO SparkContext: Starting job: parquet at NativeMethodAccessorImpl.java:0
[2026-01-29T19:37:39.596+0530] {subprocess.py:106} INFO - 26/01/29 19:37:39 INFO DAGScheduler: Got job 84 (parquet at NativeMethodAccessorImpl.java:0) with 1 output partitions
[2026-01-29T19:37:39.596+0530] {subprocess.py:106} INFO - 26/01/29 19:37:39 INFO DAGScheduler: Final stage: ResultStage 121 (parquet at NativeMethodAccessorImpl.java:0)
[2026-01-29T19:37:39.596+0530] {subprocess.py:106} INFO - 26/01/29 19:37:39 INFO DAGScheduler: Parents of final stage: List(ShuffleMapStage 120)
[2026-01-29T19:37:39.597+0530] {subprocess.py:106} INFO - 26/01/29 19:37:39 INFO DAGScheduler: Missing parents: List()
[2026-01-29T19:37:39.597+0530] {subprocess.py:106} INFO - 26/01/29 19:37:39 INFO DAGScheduler: Submitting ResultStage 121 (MapPartitionsRDD[382] at parquet at NativeMethodAccessorImpl.java:0), which has no missing parents
[2026-01-29T19:37:39.618+0530] {subprocess.py:106} INFO - 26/01/29 19:37:39 INFO MemoryStore: Block broadcast_137 stored as values in memory (estimated size 309.1 KiB, free 365.6 MiB)
[2026-01-29T19:37:39.619+0530] {subprocess.py:106} INFO - 26/01/29 19:37:39 INFO MemoryStore: Block broadcast_137_piece0 stored as bytes in memory (estimated size 110.5 KiB, free 365.5 MiB)
[2026-01-29T19:37:39.620+0530] {subprocess.py:106} INFO - 26/01/29 19:37:39 INFO BlockManagerInfo: Added broadcast_137_piece0 in memory on Aishwarya92848DBDA:44583 (size: 110.5 KiB, free: 366.2 MiB)
[2026-01-29T19:37:39.620+0530] {subprocess.py:106} INFO - 26/01/29 19:37:39 INFO SparkContext: Created broadcast 137 from broadcast at DAGScheduler.scala:1585
[2026-01-29T19:37:39.620+0530] {subprocess.py:106} INFO - 26/01/29 19:37:39 INFO DAGScheduler: Submitting 1 missing tasks from ResultStage 121 (MapPartitionsRDD[382] at parquet at NativeMethodAccessorImpl.java:0) (first 15 tasks are for partitions Vector(0))
[2026-01-29T19:37:39.621+0530] {subprocess.py:106} INFO - 26/01/29 19:37:39 INFO TaskSchedulerImpl: Adding task set 121.0 with 1 tasks resource profile 0
[2026-01-29T19:37:39.621+0530] {subprocess.py:106} INFO - 26/01/29 19:37:39 INFO TaskSetManager: Starting task 0.0 in stage 121.0 (TID 84) (Aishwarya92848DBDA, executor driver, partition 0, NODE_LOCAL, 7615 bytes)
[2026-01-29T19:37:39.622+0530] {subprocess.py:106} INFO - 26/01/29 19:37:39 INFO Executor: Running task 0.0 in stage 121.0 (TID 84)
[2026-01-29T19:37:39.663+0530] {subprocess.py:106} INFO - 26/01/29 19:37:39 INFO ShuffleBlockFetcherIterator: Getting 1 (2.1 KiB) non-empty blocks including 1 (2.1 KiB) local and 0 (0.0 B) host-local and 0 (0.0 B) push-merged-local and 0 (0.0 B) remote blocks
[2026-01-29T19:37:39.664+0530] {subprocess.py:106} INFO - 26/01/29 19:37:39 INFO ShuffleBlockFetcherIterator: Started 0 remote fetches in 0 ms
[2026-01-29T19:37:39.676+0530] {subprocess.py:106} INFO - 26/01/29 19:37:39 INFO CodeGenerator: Code generated in 7.585144 ms
[2026-01-29T19:37:39.702+0530] {subprocess.py:106} INFO - 26/01/29 19:37:39 INFO CodeGenerator: Code generated in 17.120296 ms
[2026-01-29T19:37:39.706+0530] {subprocess.py:106} INFO - 26/01/29 19:37:39 INFO FileOutputCommitter: File Output Committer Algorithm version is 1
[2026-01-29T19:37:39.706+0530] {subprocess.py:106} INFO - 26/01/29 19:37:39 INFO FileOutputCommitter: FileOutputCommitter skip cleanup _temporary folders under output directory:false, ignore cleanup failures: false
[2026-01-29T19:37:39.706+0530] {subprocess.py:106} INFO - 26/01/29 19:37:39 INFO SQLHadoopMapReduceCommitProtocol: Using user defined output committer class org.apache.parquet.hadoop.ParquetOutputCommitter
[2026-01-29T19:37:39.707+0530] {subprocess.py:106} INFO - 26/01/29 19:37:39 INFO FileOutputCommitter: File Output Committer Algorithm version is 1
[2026-01-29T19:37:39.707+0530] {subprocess.py:106} INFO - 26/01/29 19:37:39 INFO FileOutputCommitter: FileOutputCommitter skip cleanup _temporary folders under output directory:false, ignore cleanup failures: false
[2026-01-29T19:37:39.707+0530] {subprocess.py:106} INFO - 26/01/29 19:37:39 INFO SQLHadoopMapReduceCommitProtocol: Using output committer class org.apache.parquet.hadoop.ParquetOutputCommitter
[2026-01-29T19:37:39.713+0530] {subprocess.py:106} INFO - 26/01/29 19:37:39 INFO CodecConfig: Compression: SNAPPY
[2026-01-29T19:37:39.716+0530] {subprocess.py:106} INFO - 26/01/29 19:37:39 INFO CodecConfig: Compression: SNAPPY
[2026-01-29T19:37:39.737+0530] {subprocess.py:106} INFO - 26/01/29 19:37:39 INFO ParquetOutputFormat: ParquetRecordWriter [block size: 134217728b, row group padding size: 8388608b, validating: false]
[2026-01-29T19:37:39.929+0530] {subprocess.py:106} INFO - 26/01/29 19:37:39 INFO ParquetWriteSupport: Initialized Parquet WriteSupport with Catalyst schema:
[2026-01-29T19:37:39.930+0530] {subprocess.py:106} INFO - {
[2026-01-29T19:37:39.930+0530] {subprocess.py:106} INFO -   "type" : "struct",
[2026-01-29T19:37:39.930+0530] {subprocess.py:106} INFO -   "fields" : [ {
[2026-01-29T19:37:39.930+0530] {subprocess.py:106} INFO -     "name" : "city",
[2026-01-29T19:37:39.930+0530] {subprocess.py:106} INFO -     "type" : "string",
[2026-01-29T19:37:39.930+0530] {subprocess.py:106} INFO -     "nullable" : true,
[2026-01-29T19:37:39.930+0530] {subprocess.py:106} INFO -     "metadata" : { }
[2026-01-29T19:37:39.931+0530] {subprocess.py:106} INFO -   }, {
[2026-01-29T19:37:39.931+0530] {subprocess.py:106} INFO -     "name" : "date",
[2026-01-29T19:37:39.931+0530] {subprocess.py:106} INFO -     "type" : "date",
[2026-01-29T19:37:39.931+0530] {subprocess.py:106} INFO -     "nullable" : true,
[2026-01-29T19:37:39.931+0530] {subprocess.py:106} INFO -     "metadata" : { }
[2026-01-29T19:37:39.931+0530] {subprocess.py:106} INFO -   }, {
[2026-01-29T19:37:39.931+0530] {subprocess.py:106} INFO -     "name" : "temperature_2m_max",
[2026-01-29T19:37:39.931+0530] {subprocess.py:106} INFO -     "type" : "double",
[2026-01-29T19:37:39.932+0530] {subprocess.py:106} INFO -     "nullable" : true,
[2026-01-29T19:37:39.932+0530] {subprocess.py:106} INFO -     "metadata" : { }
[2026-01-29T19:37:39.932+0530] {subprocess.py:106} INFO -   }, {
[2026-01-29T19:37:39.932+0530] {subprocess.py:106} INFO -     "name" : "temperature_2m_min",
[2026-01-29T19:37:39.932+0530] {subprocess.py:106} INFO -     "type" : "double",
[2026-01-29T19:37:39.932+0530] {subprocess.py:106} INFO -     "nullable" : true,
[2026-01-29T19:37:39.932+0530] {subprocess.py:106} INFO -     "metadata" : { }
[2026-01-29T19:37:39.932+0530] {subprocess.py:106} INFO -   }, {
[2026-01-29T19:37:39.933+0530] {subprocess.py:106} INFO -     "name" : "apparent_temperature_max",
[2026-01-29T19:37:39.933+0530] {subprocess.py:106} INFO -     "type" : "double",
[2026-01-29T19:37:39.933+0530] {subprocess.py:106} INFO -     "nullable" : true,
[2026-01-29T19:37:39.933+0530] {subprocess.py:106} INFO -     "metadata" : { }
[2026-01-29T19:37:39.933+0530] {subprocess.py:106} INFO -   }, {
[2026-01-29T19:37:39.933+0530] {subprocess.py:106} INFO -     "name" : "apparent_temperature_min",
[2026-01-29T19:37:39.933+0530] {subprocess.py:106} INFO -     "type" : "double",
[2026-01-29T19:37:39.934+0530] {subprocess.py:106} INFO -     "nullable" : true,
[2026-01-29T19:37:39.934+0530] {subprocess.py:106} INFO -     "metadata" : { }
[2026-01-29T19:37:39.934+0530] {subprocess.py:106} INFO -   }, {
[2026-01-29T19:37:39.934+0530] {subprocess.py:106} INFO -     "name" : "precipitation_sum",
[2026-01-29T19:37:39.934+0530] {subprocess.py:106} INFO -     "type" : "double",
[2026-01-29T19:37:39.934+0530] {subprocess.py:106} INFO -     "nullable" : true,
[2026-01-29T19:37:39.934+0530] {subprocess.py:106} INFO -     "metadata" : { }
[2026-01-29T19:37:39.935+0530] {subprocess.py:106} INFO -   }, {
[2026-01-29T19:37:39.935+0530] {subprocess.py:106} INFO -     "name" : "rain_sum",
[2026-01-29T19:37:39.935+0530] {subprocess.py:106} INFO -     "type" : "double",
[2026-01-29T19:37:39.935+0530] {subprocess.py:106} INFO -     "nullable" : true,
[2026-01-29T19:37:39.935+0530] {subprocess.py:106} INFO -     "metadata" : { }
[2026-01-29T19:37:39.935+0530] {subprocess.py:106} INFO -   }, {
[2026-01-29T19:37:39.935+0530] {subprocess.py:106} INFO -     "name" : "weather_code",
[2026-01-29T19:37:39.935+0530] {subprocess.py:106} INFO -     "type" : "integer",
[2026-01-29T19:37:39.936+0530] {subprocess.py:106} INFO -     "nullable" : true,
[2026-01-29T19:37:39.936+0530] {subprocess.py:106} INFO -     "metadata" : { }
[2026-01-29T19:37:39.936+0530] {subprocess.py:106} INFO -   }, {
[2026-01-29T19:37:39.936+0530] {subprocess.py:106} INFO -     "name" : "wind_speed_10m_max",
[2026-01-29T19:37:39.936+0530] {subprocess.py:106} INFO -     "type" : "double",
[2026-01-29T19:37:39.936+0530] {subprocess.py:106} INFO -     "nullable" : true,
[2026-01-29T19:37:39.936+0530] {subprocess.py:106} INFO -     "metadata" : { }
[2026-01-29T19:37:39.937+0530] {subprocess.py:106} INFO -   }, {
[2026-01-29T19:37:39.937+0530] {subprocess.py:106} INFO -     "name" : "wind_gusts_10m_max",
[2026-01-29T19:37:39.937+0530] {subprocess.py:106} INFO -     "type" : "double",
[2026-01-29T19:37:39.937+0530] {subprocess.py:106} INFO -     "nullable" : true,
[2026-01-29T19:37:39.937+0530] {subprocess.py:106} INFO -     "metadata" : { }
[2026-01-29T19:37:39.937+0530] {subprocess.py:106} INFO -   }, {
[2026-01-29T19:37:39.937+0530] {subprocess.py:106} INFO -     "name" : "wind_direction_10m_dominant",
[2026-01-29T19:37:39.938+0530] {subprocess.py:106} INFO -     "type" : "integer",
[2026-01-29T19:37:39.938+0530] {subprocess.py:106} INFO -     "nullable" : true,
[2026-01-29T19:37:39.938+0530] {subprocess.py:106} INFO -     "metadata" : { }
[2026-01-29T19:37:39.938+0530] {subprocess.py:106} INFO -   }, {
[2026-01-29T19:37:39.938+0530] {subprocess.py:106} INFO -     "name" : "city_index",
[2026-01-29T19:37:39.938+0530] {subprocess.py:106} INFO -     "type" : "double",
[2026-01-29T19:37:39.938+0530] {subprocess.py:106} INFO -     "nullable" : false,
[2026-01-29T19:37:39.938+0530] {subprocess.py:106} INFO -     "metadata" : {
[2026-01-29T19:37:39.939+0530] {subprocess.py:106} INFO -       "ml_attr" : {
[2026-01-29T19:37:39.939+0530] {subprocess.py:106} INFO -         "type" : "nominal",
[2026-01-29T19:37:39.939+0530] {subprocess.py:106} INFO -         "vals" : [ "Ahmedabad", "Bangalore", "Chennai", "Delhi", "Hyderabad", "Jaipur", "Kolkata", "Lucknow", "Mumbai", "Pune", "city", "__unknown" ],
[2026-01-29T19:37:39.939+0530] {subprocess.py:106} INFO -         "name" : "city_index"
[2026-01-29T19:37:39.939+0530] {subprocess.py:106} INFO -       }
[2026-01-29T19:37:39.939+0530] {subprocess.py:106} INFO -     }
[2026-01-29T19:37:39.939+0530] {subprocess.py:106} INFO -   }, {
[2026-01-29T19:37:39.939+0530] {subprocess.py:106} INFO -     "name" : "city_vector",
[2026-01-29T19:37:39.940+0530] {subprocess.py:106} INFO -     "type" : {
[2026-01-29T19:37:39.940+0530] {subprocess.py:106} INFO -       "type" : "udt",
[2026-01-29T19:37:39.940+0530] {subprocess.py:106} INFO -       "class" : "org.apache.spark.ml.linalg.VectorUDT",
[2026-01-29T19:37:39.940+0530] {subprocess.py:106} INFO -       "pyClass" : "pyspark.ml.linalg.VectorUDT",
[2026-01-29T19:37:39.940+0530] {subprocess.py:106} INFO -       "sqlType" : {
[2026-01-29T19:37:39.940+0530] {subprocess.py:106} INFO -         "type" : "struct",
[2026-01-29T19:37:39.940+0530] {subprocess.py:106} INFO -         "fields" : [ {
[2026-01-29T19:37:39.941+0530] {subprocess.py:106} INFO -           "name" : "type",
[2026-01-29T19:37:39.941+0530] {subprocess.py:106} INFO -           "type" : "byte",
[2026-01-29T19:37:39.941+0530] {subprocess.py:106} INFO -           "nullable" : false,
[2026-01-29T19:37:39.941+0530] {subprocess.py:106} INFO -           "metadata" : { }
[2026-01-29T19:37:39.941+0530] {subprocess.py:106} INFO -         }, {
[2026-01-29T19:37:39.941+0530] {subprocess.py:106} INFO -           "name" : "size",
[2026-01-29T19:37:39.941+0530] {subprocess.py:106} INFO -           "type" : "integer",
[2026-01-29T19:37:39.942+0530] {subprocess.py:106} INFO -           "nullable" : true,
[2026-01-29T19:37:39.942+0530] {subprocess.py:106} INFO -           "metadata" : { }
[2026-01-29T19:37:39.942+0530] {subprocess.py:106} INFO -         }, {
[2026-01-29T19:37:39.942+0530] {subprocess.py:106} INFO -           "name" : "indices",
[2026-01-29T19:37:39.942+0530] {subprocess.py:106} INFO -           "type" : {
[2026-01-29T19:37:39.942+0530] {subprocess.py:106} INFO -             "type" : "array",
[2026-01-29T19:37:39.943+0530] {subprocess.py:106} INFO -             "elementType" : "integer",
[2026-01-29T19:37:39.943+0530] {subprocess.py:106} INFO -             "containsNull" : false
[2026-01-29T19:37:39.943+0530] {subprocess.py:106} INFO -           },
[2026-01-29T19:37:39.943+0530] {subprocess.py:106} INFO -           "nullable" : true,
[2026-01-29T19:37:39.943+0530] {subprocess.py:106} INFO -           "metadata" : { }
[2026-01-29T19:37:39.943+0530] {subprocess.py:106} INFO -         }, {
[2026-01-29T19:37:39.943+0530] {subprocess.py:106} INFO -           "name" : "values",
[2026-01-29T19:37:39.944+0530] {subprocess.py:106} INFO -           "type" : {
[2026-01-29T19:37:39.944+0530] {subprocess.py:106} INFO -             "type" : "array",
[2026-01-29T19:37:39.944+0530] {subprocess.py:106} INFO -             "elementType" : "double",
[2026-01-29T19:37:39.944+0530] {subprocess.py:106} INFO -             "containsNull" : false
[2026-01-29T19:37:39.944+0530] {subprocess.py:106} INFO -           },
[2026-01-29T19:37:39.944+0530] {subprocess.py:106} INFO -           "nullable" : true,
[2026-01-29T19:37:39.944+0530] {subprocess.py:106} INFO -           "metadata" : { }
[2026-01-29T19:37:39.945+0530] {subprocess.py:106} INFO -         } ]
[2026-01-29T19:37:39.945+0530] {subprocess.py:106} INFO -       }
[2026-01-29T19:37:39.945+0530] {subprocess.py:106} INFO -     },
[2026-01-29T19:37:39.945+0530] {subprocess.py:106} INFO -     "nullable" : true,
[2026-01-29T19:37:39.945+0530] {subprocess.py:106} INFO -     "metadata" : {
[2026-01-29T19:37:39.945+0530] {subprocess.py:106} INFO -       "ml_attr" : {
[2026-01-29T19:37:39.946+0530] {subprocess.py:106} INFO -         "attrs" : {
[2026-01-29T19:37:39.946+0530] {subprocess.py:106} INFO -           "binary" : [ {
[2026-01-29T19:37:39.946+0530] {subprocess.py:106} INFO -             "idx" : 0,
[2026-01-29T19:37:39.946+0530] {subprocess.py:106} INFO -             "name" : "Ahmedabad"
[2026-01-29T19:37:39.946+0530] {subprocess.py:106} INFO -           }, {
[2026-01-29T19:37:39.946+0530] {subprocess.py:106} INFO -             "idx" : 1,
[2026-01-29T19:37:39.946+0530] {subprocess.py:106} INFO -             "name" : "Bangalore"
[2026-01-29T19:37:39.946+0530] {subprocess.py:106} INFO -           }, {
[2026-01-29T19:37:39.947+0530] {subprocess.py:106} INFO -             "idx" : 2,
[2026-01-29T19:37:39.947+0530] {subprocess.py:106} INFO -             "name" : "Chennai"
[2026-01-29T19:37:39.947+0530] {subprocess.py:106} INFO -           }, {
[2026-01-29T19:37:39.947+0530] {subprocess.py:106} INFO -             "idx" : 3,
[2026-01-29T19:37:39.947+0530] {subprocess.py:106} INFO -             "name" : "Delhi"
[2026-01-29T19:37:39.947+0530] {subprocess.py:106} INFO -           }, {
[2026-01-29T19:37:39.947+0530] {subprocess.py:106} INFO -             "idx" : 4,
[2026-01-29T19:37:39.948+0530] {subprocess.py:106} INFO -             "name" : "Hyderabad"
[2026-01-29T19:37:39.948+0530] {subprocess.py:106} INFO -           }, {
[2026-01-29T19:37:39.948+0530] {subprocess.py:106} INFO -             "idx" : 5,
[2026-01-29T19:37:39.948+0530] {subprocess.py:106} INFO -             "name" : "Jaipur"
[2026-01-29T19:37:39.948+0530] {subprocess.py:106} INFO -           }, {
[2026-01-29T19:37:39.948+0530] {subprocess.py:106} INFO -             "idx" : 6,
[2026-01-29T19:37:39.948+0530] {subprocess.py:106} INFO -             "name" : "Kolkata"
[2026-01-29T19:37:39.948+0530] {subprocess.py:106} INFO -           }, {
[2026-01-29T19:37:39.949+0530] {subprocess.py:106} INFO -             "idx" : 7,
[2026-01-29T19:37:39.949+0530] {subprocess.py:106} INFO -             "name" : "Lucknow"
[2026-01-29T19:37:39.949+0530] {subprocess.py:106} INFO -           }, {
[2026-01-29T19:37:39.949+0530] {subprocess.py:106} INFO -             "idx" : 8,
[2026-01-29T19:37:39.949+0530] {subprocess.py:106} INFO -             "name" : "Mumbai"
[2026-01-29T19:37:39.949+0530] {subprocess.py:106} INFO -           }, {
[2026-01-29T19:37:39.949+0530] {subprocess.py:106} INFO -             "idx" : 9,
[2026-01-29T19:37:39.950+0530] {subprocess.py:106} INFO -             "name" : "Pune"
[2026-01-29T19:37:39.950+0530] {subprocess.py:106} INFO -           }, {
[2026-01-29T19:37:39.950+0530] {subprocess.py:106} INFO -             "idx" : 10,
[2026-01-29T19:37:39.950+0530] {subprocess.py:106} INFO -             "name" : "city"
[2026-01-29T19:37:39.950+0530] {subprocess.py:106} INFO -           } ]
[2026-01-29T19:37:39.950+0530] {subprocess.py:106} INFO -         },
[2026-01-29T19:37:39.950+0530] {subprocess.py:106} INFO -         "num_attrs" : 11
[2026-01-29T19:37:39.951+0530] {subprocess.py:106} INFO -       }
[2026-01-29T19:37:39.951+0530] {subprocess.py:106} INFO -     }
[2026-01-29T19:37:39.951+0530] {subprocess.py:106} INFO -   }, {
[2026-01-29T19:37:39.951+0530] {subprocess.py:106} INFO -     "name" : "rain_sum_log",
[2026-01-29T19:37:39.951+0530] {subprocess.py:106} INFO -     "type" : "double",
[2026-01-29T19:37:39.951+0530] {subprocess.py:106} INFO -     "nullable" : true,
[2026-01-29T19:37:39.951+0530] {subprocess.py:106} INFO -     "metadata" : { }
[2026-01-29T19:37:39.951+0530] {subprocess.py:106} INFO -   }, {
[2026-01-29T19:37:39.952+0530] {subprocess.py:106} INFO -     "name" : "precipitation_sum_log",
[2026-01-29T19:37:39.952+0530] {subprocess.py:106} INFO -     "type" : "double",
[2026-01-29T19:37:39.952+0530] {subprocess.py:106} INFO -     "nullable" : true,
[2026-01-29T19:37:39.952+0530] {subprocess.py:106} INFO -     "metadata" : { }
[2026-01-29T19:37:39.952+0530] {subprocess.py:106} INFO -   }, {
[2026-01-29T19:37:39.952+0530] {subprocess.py:106} INFO -     "name" : "day",
[2026-01-29T19:37:39.952+0530] {subprocess.py:106} INFO -     "type" : "integer",
[2026-01-29T19:37:39.953+0530] {subprocess.py:106} INFO -     "nullable" : true,
[2026-01-29T19:37:39.953+0530] {subprocess.py:106} INFO -     "metadata" : { }
[2026-01-29T19:37:39.953+0530] {subprocess.py:106} INFO -   }, {
[2026-01-29T19:37:39.953+0530] {subprocess.py:106} INFO -     "name" : "month",
[2026-01-29T19:37:39.953+0530] {subprocess.py:106} INFO -     "type" : "integer",
[2026-01-29T19:37:39.953+0530] {subprocess.py:106} INFO -     "nullable" : true,
[2026-01-29T19:37:39.953+0530] {subprocess.py:106} INFO -     "metadata" : { }
[2026-01-29T19:37:39.954+0530] {subprocess.py:106} INFO -   }, {
[2026-01-29T19:37:39.954+0530] {subprocess.py:106} INFO -     "name" : "day_of_week",
[2026-01-29T19:37:39.954+0530] {subprocess.py:106} INFO -     "type" : "integer",
[2026-01-29T19:37:39.954+0530] {subprocess.py:106} INFO -     "nullable" : true,
[2026-01-29T19:37:39.954+0530] {subprocess.py:106} INFO -     "metadata" : { }
[2026-01-29T19:37:39.954+0530] {subprocess.py:106} INFO -   }, {
[2026-01-29T19:37:39.954+0530] {subprocess.py:106} INFO -     "name" : "year",
[2026-01-29T19:37:39.954+0530] {subprocess.py:106} INFO -     "type" : "integer",
[2026-01-29T19:37:39.954+0530] {subprocess.py:106} INFO -     "nullable" : true,
[2026-01-29T19:37:39.955+0530] {subprocess.py:106} INFO -     "metadata" : { }
[2026-01-29T19:37:39.955+0530] {subprocess.py:106} INFO -   }, {
[2026-01-29T19:37:39.955+0530] {subprocess.py:106} INFO -     "name" : "temp_lag_1",
[2026-01-29T19:37:39.955+0530] {subprocess.py:106} INFO -     "type" : "double",
[2026-01-29T19:37:39.955+0530] {subprocess.py:106} INFO -     "nullable" : true,
[2026-01-29T19:37:39.955+0530] {subprocess.py:106} INFO -     "metadata" : { }
[2026-01-29T19:37:39.955+0530] {subprocess.py:106} INFO -   }, {
[2026-01-29T19:37:39.955+0530] {subprocess.py:106} INFO -     "name" : "temp_lag_2",
[2026-01-29T19:37:39.955+0530] {subprocess.py:106} INFO -     "type" : "double",
[2026-01-29T19:37:39.955+0530] {subprocess.py:106} INFO -     "nullable" : true,
[2026-01-29T19:37:39.956+0530] {subprocess.py:106} INFO -     "metadata" : { }
[2026-01-29T19:37:39.956+0530] {subprocess.py:106} INFO -   }, {
[2026-01-29T19:37:39.956+0530] {subprocess.py:106} INFO -     "name" : "temp_rolling_3",
[2026-01-29T19:37:39.956+0530] {subprocess.py:106} INFO -     "type" : "double",
[2026-01-29T19:37:39.956+0530] {subprocess.py:106} INFO -     "nullable" : true,
[2026-01-29T19:37:39.956+0530] {subprocess.py:106} INFO -     "metadata" : { }
[2026-01-29T19:37:39.956+0530] {subprocess.py:106} INFO -   }, {
[2026-01-29T19:37:39.956+0530] {subprocess.py:106} INFO -     "name" : "features",
[2026-01-29T19:37:39.956+0530] {subprocess.py:106} INFO -     "type" : {
[2026-01-29T19:37:39.956+0530] {subprocess.py:106} INFO -       "type" : "udt",
[2026-01-29T19:37:39.957+0530] {subprocess.py:106} INFO -       "class" : "org.apache.spark.ml.linalg.VectorUDT",
[2026-01-29T19:37:39.957+0530] {subprocess.py:106} INFO -       "pyClass" : "pyspark.ml.linalg.VectorUDT",
[2026-01-29T19:37:39.957+0530] {subprocess.py:106} INFO -       "sqlType" : {
[2026-01-29T19:37:39.957+0530] {subprocess.py:106} INFO -         "type" : "struct",
[2026-01-29T19:37:39.957+0530] {subprocess.py:106} INFO -         "fields" : [ {
[2026-01-29T19:37:39.957+0530] {subprocess.py:106} INFO -           "name" : "type",
[2026-01-29T19:37:39.957+0530] {subprocess.py:106} INFO -           "type" : "byte",
[2026-01-29T19:37:39.957+0530] {subprocess.py:106} INFO -           "nullable" : false,
[2026-01-29T19:37:39.958+0530] {subprocess.py:106} INFO -           "metadata" : { }
[2026-01-29T19:37:39.958+0530] {subprocess.py:106} INFO -         }, {
[2026-01-29T19:37:39.958+0530] {subprocess.py:106} INFO -           "name" : "size",
[2026-01-29T19:37:39.958+0530] {subprocess.py:106} INFO -           "type" : "integer",
[2026-01-29T19:37:39.958+0530] {subprocess.py:106} INFO -           "nullable" : true,
[2026-01-29T19:37:39.958+0530] {subprocess.py:106} INFO -           "metadata" : { }
[2026-01-29T19:37:39.958+0530] {subprocess.py:106} INFO -         }, {
[2026-01-29T19:37:39.958+0530] {subprocess.py:106} INFO -           "name" : "indices",
[2026-01-29T19:37:39.958+0530] {subprocess.py:106} INFO -           "type" : {
[2026-01-29T19:37:39.958+0530] {subprocess.py:106} INFO -             "type" : "array",
[2026-01-29T19:37:39.959+0530] {subprocess.py:106} INFO -             "elementType" : "integer",
[2026-01-29T19:37:39.959+0530] {subprocess.py:106} INFO -             "containsNull" : false
[2026-01-29T19:37:39.959+0530] {subprocess.py:106} INFO -           },
[2026-01-29T19:37:39.959+0530] {subprocess.py:106} INFO -           "nullable" : true,
[2026-01-29T19:37:39.959+0530] {subprocess.py:106} INFO -           "metadata" : { }
[2026-01-29T19:37:39.959+0530] {subprocess.py:106} INFO -         }, {
[2026-01-29T19:37:39.959+0530] {subprocess.py:106} INFO -           "name" : "values",
[2026-01-29T19:37:39.959+0530] {subprocess.py:106} INFO -           "type" : {
[2026-01-29T19:37:39.959+0530] {subprocess.py:106} INFO -             "type" : "array",
[2026-01-29T19:37:39.959+0530] {subprocess.py:106} INFO -             "elementType" : "double",
[2026-01-29T19:37:39.960+0530] {subprocess.py:106} INFO -             "containsNull" : false
[2026-01-29T19:37:39.960+0530] {subprocess.py:106} INFO -           },
[2026-01-29T19:37:39.960+0530] {subprocess.py:106} INFO -           "nullable" : true,
[2026-01-29T19:37:39.960+0530] {subprocess.py:106} INFO -           "metadata" : { }
[2026-01-29T19:37:39.960+0530] {subprocess.py:106} INFO -         } ]
[2026-01-29T19:37:39.960+0530] {subprocess.py:106} INFO -       }
[2026-01-29T19:37:39.960+0530] {subprocess.py:106} INFO -     },
[2026-01-29T19:37:39.960+0530] {subprocess.py:106} INFO -     "nullable" : true,
[2026-01-29T19:37:39.960+0530] {subprocess.py:106} INFO -     "metadata" : {
[2026-01-29T19:37:39.960+0530] {subprocess.py:106} INFO -       "ml_attr" : {
[2026-01-29T19:37:39.961+0530] {subprocess.py:106} INFO -         "attrs" : {
[2026-01-29T19:37:39.961+0530] {subprocess.py:106} INFO -           "numeric" : [ {
[2026-01-29T19:37:39.961+0530] {subprocess.py:106} INFO -             "idx" : 0,
[2026-01-29T19:37:39.961+0530] {subprocess.py:106} INFO -             "name" : "temperature_2m_max"
[2026-01-29T19:37:39.961+0530] {subprocess.py:106} INFO -           }, {
[2026-01-29T19:37:39.961+0530] {subprocess.py:106} INFO -             "idx" : 1,
[2026-01-29T19:37:39.961+0530] {subprocess.py:106} INFO -             "name" : "temperature_2m_min"
[2026-01-29T19:37:39.961+0530] {subprocess.py:106} INFO -           }, {
[2026-01-29T19:37:39.962+0530] {subprocess.py:106} INFO -             "idx" : 2,
[2026-01-29T19:37:39.962+0530] {subprocess.py:106} INFO -             "name" : "apparent_temperature_max"
[2026-01-29T19:37:39.962+0530] {subprocess.py:106} INFO -           }, {
[2026-01-29T19:37:39.962+0530] {subprocess.py:106} INFO -             "idx" : 3,
[2026-01-29T19:37:39.962+0530] {subprocess.py:106} INFO -             "name" : "apparent_temperature_min"
[2026-01-29T19:37:39.962+0530] {subprocess.py:106} INFO -           }, {
[2026-01-29T19:37:39.962+0530] {subprocess.py:106} INFO -             "idx" : 4,
[2026-01-29T19:37:39.963+0530] {subprocess.py:106} INFO -             "name" : "wind_speed_10m_max"
[2026-01-29T19:37:39.963+0530] {subprocess.py:106} INFO -           }, {
[2026-01-29T19:37:39.963+0530] {subprocess.py:106} INFO -             "idx" : 5,
[2026-01-29T19:37:39.963+0530] {subprocess.py:106} INFO -             "name" : "wind_gusts_10m_max"
[2026-01-29T19:37:39.963+0530] {subprocess.py:106} INFO -           }, {
[2026-01-29T19:37:39.963+0530] {subprocess.py:106} INFO -             "idx" : 6,
[2026-01-29T19:37:39.963+0530] {subprocess.py:106} INFO -             "name" : "rain_sum_log"
[2026-01-29T19:37:39.964+0530] {subprocess.py:106} INFO -           }, {
[2026-01-29T19:37:39.964+0530] {subprocess.py:106} INFO -             "idx" : 7,
[2026-01-29T19:37:39.964+0530] {subprocess.py:106} INFO -             "name" : "temp_lag_1"
[2026-01-29T19:37:39.964+0530] {subprocess.py:106} INFO -           }, {
[2026-01-29T19:37:39.964+0530] {subprocess.py:106} INFO -             "idx" : 8,
[2026-01-29T19:37:39.964+0530] {subprocess.py:106} INFO -             "name" : "temp_lag_2"
[2026-01-29T19:37:39.964+0530] {subprocess.py:106} INFO -           }, {
[2026-01-29T19:37:39.965+0530] {subprocess.py:106} INFO -             "idx" : 9,
[2026-01-29T19:37:39.965+0530] {subprocess.py:106} INFO -             "name" : "temp_rolling_3"
[2026-01-29T19:37:39.965+0530] {subprocess.py:106} INFO -           } ]
[2026-01-29T19:37:39.965+0530] {subprocess.py:106} INFO -         },
[2026-01-29T19:37:39.965+0530] {subprocess.py:106} INFO -         "num_attrs" : 10
[2026-01-29T19:37:39.965+0530] {subprocess.py:106} INFO -       }
[2026-01-29T19:37:39.965+0530] {subprocess.py:106} INFO -     }
[2026-01-29T19:37:39.965+0530] {subprocess.py:106} INFO -   }, {
[2026-01-29T19:37:39.966+0530] {subprocess.py:106} INFO -     "name" : "scaled_features",
[2026-01-29T19:37:39.966+0530] {subprocess.py:106} INFO -     "type" : {
[2026-01-29T19:37:39.966+0530] {subprocess.py:106} INFO -       "type" : "udt",
[2026-01-29T19:37:39.966+0530] {subprocess.py:106} INFO -       "class" : "org.apache.spark.ml.linalg.VectorUDT",
[2026-01-29T19:37:39.966+0530] {subprocess.py:106} INFO -       "pyClass" : "pyspark.ml.linalg.VectorUDT",
[2026-01-29T19:37:39.966+0530] {subprocess.py:106} INFO -       "sqlType" : {
[2026-01-29T19:37:39.966+0530] {subprocess.py:106} INFO -         "type" : "struct",
[2026-01-29T19:37:39.966+0530] {subprocess.py:106} INFO -         "fields" : [ {
[2026-01-29T19:37:39.966+0530] {subprocess.py:106} INFO -           "name" : "type",
[2026-01-29T19:37:39.967+0530] {subprocess.py:106} INFO -           "type" : "byte",
[2026-01-29T19:37:39.967+0530] {subprocess.py:106} INFO -           "nullable" : false,
[2026-01-29T19:37:39.967+0530] {subprocess.py:106} INFO -           "metadata" : { }
[2026-01-29T19:37:39.967+0530] {subprocess.py:106} INFO -         }, {
[2026-01-29T19:37:39.967+0530] {subprocess.py:106} INFO -           "name" : "size",
[2026-01-29T19:37:39.967+0530] {subprocess.py:106} INFO -           "type" : "integer",
[2026-01-29T19:37:39.967+0530] {subprocess.py:106} INFO -           "nullable" : true,
[2026-01-29T19:37:39.967+0530] {subprocess.py:106} INFO -           "metadata" : { }
[2026-01-29T19:37:39.967+0530] {subprocess.py:106} INFO -         }, {
[2026-01-29T19:37:39.967+0530] {subprocess.py:106} INFO -           "name" : "indices",
[2026-01-29T19:37:39.968+0530] {subprocess.py:106} INFO -           "type" : {
[2026-01-29T19:37:39.968+0530] {subprocess.py:106} INFO -             "type" : "array",
[2026-01-29T19:37:39.968+0530] {subprocess.py:106} INFO -             "elementType" : "integer",
[2026-01-29T19:37:39.968+0530] {subprocess.py:106} INFO -             "containsNull" : false
[2026-01-29T19:37:39.968+0530] {subprocess.py:106} INFO -           },
[2026-01-29T19:37:39.968+0530] {subprocess.py:106} INFO -           "nullable" : true,
[2026-01-29T19:37:39.968+0530] {subprocess.py:106} INFO -           "metadata" : { }
[2026-01-29T19:37:39.968+0530] {subprocess.py:106} INFO -         }, {
[2026-01-29T19:37:39.968+0530] {subprocess.py:106} INFO -           "name" : "values",
[2026-01-29T19:37:39.968+0530] {subprocess.py:106} INFO -           "type" : {
[2026-01-29T19:37:39.969+0530] {subprocess.py:106} INFO -             "type" : "array",
[2026-01-29T19:37:39.969+0530] {subprocess.py:106} INFO -             "elementType" : "double",
[2026-01-29T19:37:39.969+0530] {subprocess.py:106} INFO -             "containsNull" : false
[2026-01-29T19:37:39.969+0530] {subprocess.py:106} INFO -           },
[2026-01-29T19:37:39.969+0530] {subprocess.py:106} INFO -           "nullable" : true,
[2026-01-29T19:37:39.969+0530] {subprocess.py:106} INFO -           "metadata" : { }
[2026-01-29T19:37:39.969+0530] {subprocess.py:106} INFO -         } ]
[2026-01-29T19:37:39.969+0530] {subprocess.py:106} INFO -       }
[2026-01-29T19:37:39.970+0530] {subprocess.py:106} INFO -     },
[2026-01-29T19:37:39.970+0530] {subprocess.py:106} INFO -     "nullable" : true,
[2026-01-29T19:37:39.970+0530] {subprocess.py:106} INFO -     "metadata" : {
[2026-01-29T19:37:39.970+0530] {subprocess.py:106} INFO -       "ml_attr" : {
[2026-01-29T19:37:39.970+0530] {subprocess.py:106} INFO -         "num_attrs" : 10
[2026-01-29T19:37:39.970+0530] {subprocess.py:106} INFO -       }
[2026-01-29T19:37:39.970+0530] {subprocess.py:106} INFO -     }
[2026-01-29T19:37:39.971+0530] {subprocess.py:106} INFO -   } ]
[2026-01-29T19:37:39.971+0530] {subprocess.py:106} INFO - }
[2026-01-29T19:37:39.971+0530] {subprocess.py:106} INFO - and corresponding Parquet message type:
[2026-01-29T19:37:39.971+0530] {subprocess.py:106} INFO - message spark_schema {
[2026-01-29T19:37:39.971+0530] {subprocess.py:106} INFO -   optional binary city (STRING);
[2026-01-29T19:37:39.971+0530] {subprocess.py:106} INFO -   optional int32 date (DATE);
[2026-01-29T19:37:39.971+0530] {subprocess.py:106} INFO -   optional double temperature_2m_max;
[2026-01-29T19:37:39.972+0530] {subprocess.py:106} INFO -   optional double temperature_2m_min;
[2026-01-29T19:37:39.972+0530] {subprocess.py:106} INFO -   optional double apparent_temperature_max;
[2026-01-29T19:37:39.972+0530] {subprocess.py:106} INFO -   optional double apparent_temperature_min;
[2026-01-29T19:37:39.972+0530] {subprocess.py:106} INFO -   optional double precipitation_sum;
[2026-01-29T19:37:39.973+0530] {subprocess.py:106} INFO -   optional double rain_sum;
[2026-01-29T19:37:39.973+0530] {subprocess.py:106} INFO -   optional int32 weather_code;
[2026-01-29T19:37:39.973+0530] {subprocess.py:106} INFO -   optional double wind_speed_10m_max;
[2026-01-29T19:37:39.973+0530] {subprocess.py:106} INFO -   optional double wind_gusts_10m_max;
[2026-01-29T19:37:39.974+0530] {subprocess.py:106} INFO -   optional int32 wind_direction_10m_dominant;
[2026-01-29T19:37:39.974+0530] {subprocess.py:106} INFO -   required double city_index;
[2026-01-29T19:37:39.974+0530] {subprocess.py:106} INFO -   optional group city_vector {
[2026-01-29T19:37:39.974+0530] {subprocess.py:106} INFO -     required int32 type (INTEGER(8,true));
[2026-01-29T19:37:39.975+0530] {subprocess.py:106} INFO -     optional int32 size;
[2026-01-29T19:37:39.975+0530] {subprocess.py:106} INFO -     optional group indices (LIST) {
[2026-01-29T19:37:39.975+0530] {subprocess.py:106} INFO -       repeated group list {
[2026-01-29T19:37:39.975+0530] {subprocess.py:106} INFO -         required int32 element;
[2026-01-29T19:37:39.975+0530] {subprocess.py:106} INFO -       }
[2026-01-29T19:37:39.975+0530] {subprocess.py:106} INFO -     }
[2026-01-29T19:37:39.975+0530] {subprocess.py:106} INFO -     optional group values (LIST) {
[2026-01-29T19:37:39.975+0530] {subprocess.py:106} INFO -       repeated group list {
[2026-01-29T19:37:39.976+0530] {subprocess.py:106} INFO -         required double element;
[2026-01-29T19:37:39.976+0530] {subprocess.py:106} INFO -       }
[2026-01-29T19:37:39.976+0530] {subprocess.py:106} INFO -     }
[2026-01-29T19:37:39.976+0530] {subprocess.py:106} INFO -   }
[2026-01-29T19:37:39.976+0530] {subprocess.py:106} INFO -   optional double rain_sum_log;
[2026-01-29T19:37:39.976+0530] {subprocess.py:106} INFO -   optional double precipitation_sum_log;
[2026-01-29T19:37:39.976+0530] {subprocess.py:106} INFO -   optional int32 day;
[2026-01-29T19:37:39.976+0530] {subprocess.py:106} INFO -   optional int32 month;
[2026-01-29T19:37:39.976+0530] {subprocess.py:106} INFO -   optional int32 day_of_week;
[2026-01-29T19:37:39.976+0530] {subprocess.py:106} INFO -   optional int32 year;
[2026-01-29T19:37:39.977+0530] {subprocess.py:106} INFO -   optional double temp_lag_1;
[2026-01-29T19:37:39.977+0530] {subprocess.py:106} INFO -   optional double temp_lag_2;
[2026-01-29T19:37:39.977+0530] {subprocess.py:106} INFO -   optional double temp_rolling_3;
[2026-01-29T19:37:39.977+0530] {subprocess.py:106} INFO -   optional group features {
[2026-01-29T19:37:39.977+0530] {subprocess.py:106} INFO -     required int32 type (INTEGER(8,true));
[2026-01-29T19:37:39.977+0530] {subprocess.py:106} INFO -     optional int32 size;
[2026-01-29T19:37:39.977+0530] {subprocess.py:106} INFO -     optional group indices (LIST) {
[2026-01-29T19:37:39.977+0530] {subprocess.py:106} INFO -       repeated group list {
[2026-01-29T19:37:39.977+0530] {subprocess.py:106} INFO -         required int32 element;
[2026-01-29T19:37:39.978+0530] {subprocess.py:106} INFO -       }
[2026-01-29T19:37:39.978+0530] {subprocess.py:106} INFO -     }
[2026-01-29T19:37:39.978+0530] {subprocess.py:106} INFO -     optional group values (LIST) {
[2026-01-29T19:37:39.978+0530] {subprocess.py:106} INFO -       repeated group list {
[2026-01-29T19:37:39.978+0530] {subprocess.py:106} INFO -         required double element;
[2026-01-29T19:37:39.978+0530] {subprocess.py:106} INFO -       }
[2026-01-29T19:37:39.978+0530] {subprocess.py:106} INFO -     }
[2026-01-29T19:37:39.978+0530] {subprocess.py:106} INFO -   }
[2026-01-29T19:37:39.979+0530] {subprocess.py:106} INFO -   optional group scaled_features {
[2026-01-29T19:37:39.979+0530] {subprocess.py:106} INFO -     required int32 type (INTEGER(8,true));
[2026-01-29T19:37:39.979+0530] {subprocess.py:106} INFO -     optional int32 size;
[2026-01-29T19:37:39.979+0530] {subprocess.py:106} INFO -     optional group indices (LIST) {
[2026-01-29T19:37:39.979+0530] {subprocess.py:106} INFO -       repeated group list {
[2026-01-29T19:37:39.979+0530] {subprocess.py:106} INFO -         required int32 element;
[2026-01-29T19:37:39.979+0530] {subprocess.py:106} INFO -       }
[2026-01-29T19:37:39.979+0530] {subprocess.py:106} INFO -     }
[2026-01-29T19:37:39.979+0530] {subprocess.py:106} INFO -     optional group values (LIST) {
[2026-01-29T19:37:39.979+0530] {subprocess.py:106} INFO -       repeated group list {
[2026-01-29T19:37:39.980+0530] {subprocess.py:106} INFO -         required double element;
[2026-01-29T19:37:39.980+0530] {subprocess.py:106} INFO -       }
[2026-01-29T19:37:39.980+0530] {subprocess.py:106} INFO -     }
[2026-01-29T19:37:39.980+0530] {subprocess.py:106} INFO -   }
[2026-01-29T19:37:39.980+0530] {subprocess.py:106} INFO - }
[2026-01-29T19:37:39.980+0530] {subprocess.py:106} INFO - 
[2026-01-29T19:37:39.980+0530] {subprocess.py:106} INFO - 
[2026-01-29T19:37:39.999+0530] {subprocess.py:106} INFO - 26/01/29 19:37:39 INFO CodecPool: Got brand-new compressor [.snappy]
[2026-01-29T19:37:40.199+0530] {subprocess.py:106} INFO - 26/01/29 19:37:40 INFO CodeGenerator: Code generated in 5.040698 ms
[2026-01-29T19:37:40.674+0530] {subprocess.py:106} INFO - 26/01/29 19:37:40 INFO FileOutputCommitter: Saved output of task 'attempt_202601291937396432551264525482874_0121_m_000000_84' to hdfs://localhost:9000/weather/data/processed/weather_processed.parquet/_temporary/0/task_202601291937396432551264525482874_0121_m_000000
[2026-01-29T19:37:40.675+0530] {subprocess.py:106} INFO - 26/01/29 19:37:40 INFO SparkHadoopMapRedUtil: attempt_202601291937396432551264525482874_0121_m_000000_84: Committed. Elapsed time: 8 ms.
[2026-01-29T19:37:40.683+0530] {subprocess.py:106} INFO - 26/01/29 19:37:40 INFO Executor: Finished task 0.0 in stage 121.0 (TID 84). 5763 bytes result sent to driver
[2026-01-29T19:37:40.684+0530] {subprocess.py:106} INFO - 26/01/29 19:37:40 INFO TaskSetManager: Finished task 0.0 in stage 121.0 (TID 84) in 1063 ms on Aishwarya92848DBDA (executor driver) (1/1)
[2026-01-29T19:37:40.685+0530] {subprocess.py:106} INFO - 26/01/29 19:37:40 INFO TaskSchedulerImpl: Removed TaskSet 121.0, whose tasks have all completed, from pool
[2026-01-29T19:37:40.685+0530] {subprocess.py:106} INFO - 26/01/29 19:37:40 INFO DAGScheduler: ResultStage 121 (parquet at NativeMethodAccessorImpl.java:0) finished in 1.086 s
[2026-01-29T19:37:40.685+0530] {subprocess.py:106} INFO - 26/01/29 19:37:40 INFO DAGScheduler: Job 84 is finished. Cancelling potential speculative or zombie tasks for this job
[2026-01-29T19:37:40.686+0530] {subprocess.py:106} INFO - 26/01/29 19:37:40 INFO TaskSchedulerImpl: Killing all running tasks in stage 121: Stage finished
[2026-01-29T19:37:40.686+0530] {subprocess.py:106} INFO - 26/01/29 19:37:40 INFO DAGScheduler: Job 84 finished: parquet at NativeMethodAccessorImpl.java:0, took 1.090960 s
[2026-01-29T19:37:40.688+0530] {subprocess.py:106} INFO - 26/01/29 19:37:40 INFO FileFormatWriter: Start to commit write Job 91dea21d-ba31-4e06-b1ed-025940cfdbcb.
[2026-01-29T19:37:40.709+0530] {subprocess.py:106} INFO - 26/01/29 19:37:40 INFO FileFormatWriter: Write Job 91dea21d-ba31-4e06-b1ed-025940cfdbcb committed. Elapsed time: 19 ms.
[2026-01-29T19:37:40.715+0530] {subprocess.py:106} INFO - 26/01/29 19:37:40 INFO FileFormatWriter: Finished processing stats for write job 91dea21d-ba31-4e06-b1ed-025940cfdbcb.
[2026-01-29T19:37:40.720+0530] {subprocess.py:106} INFO - 26/01/29 19:37:40 INFO SparkContext: SparkContext is stopping with exitCode 0.
[2026-01-29T19:37:40.738+0530] {subprocess.py:106} INFO - 26/01/29 19:37:40 INFO SparkUI: Stopped Spark web UI at http://Aishwarya92848DBDA:4040
[2026-01-29T19:37:40.757+0530] {subprocess.py:106} INFO - 26/01/29 19:37:40 INFO MapOutputTrackerMasterEndpoint: MapOutputTrackerMasterEndpoint stopped!
[2026-01-29T19:37:40.777+0530] {subprocess.py:106} INFO - 26/01/29 19:37:40 INFO MemoryStore: MemoryStore cleared
[2026-01-29T19:37:40.779+0530] {subprocess.py:106} INFO - 26/01/29 19:37:40 INFO BlockManager: BlockManager stopped
[2026-01-29T19:37:40.787+0530] {subprocess.py:106} INFO - 26/01/29 19:37:40 INFO BlockManagerMaster: BlockManagerMaster stopped
[2026-01-29T19:37:40.792+0530] {subprocess.py:106} INFO - 26/01/29 19:37:40 INFO OutputCommitCoordinator$OutputCommitCoordinatorEndpoint: OutputCommitCoordinator stopped!
[2026-01-29T19:37:40.810+0530] {subprocess.py:106} INFO - 26/01/29 19:37:40 INFO SparkContext: Successfully stopped SparkContext
[2026-01-29T19:37:41.310+0530] {subprocess.py:106} INFO - 26/01/29 19:37:41 INFO ShutdownHookManager: Shutdown hook called
[2026-01-29T19:37:41.311+0530] {subprocess.py:106} INFO - 26/01/29 19:37:41 INFO ShutdownHookManager: Deleting directory /tmp/spark-5371395e-f34e-4190-8e39-38dce9b91836
[2026-01-29T19:37:41.316+0530] {subprocess.py:106} INFO - 26/01/29 19:37:41 INFO ShutdownHookManager: Deleting directory /tmp/spark-3ef495a5-5c3c-4430-9e19-c8b218b00474
[2026-01-29T19:37:41.320+0530] {subprocess.py:106} INFO - 26/01/29 19:37:41 INFO ShutdownHookManager: Deleting directory /tmp/spark-3ef495a5-5c3c-4430-9e19-c8b218b00474/pyspark-df0b1019-5c10-4dc0-a369-9e5c34e8dc9f
[2026-01-29T19:37:41.433+0530] {subprocess.py:110} INFO - Command exited with return code 0
[2026-01-29T19:37:41.453+0530] {taskinstance.py:349} INFO - ::group::Post task execution logs
[2026-01-29T19:37:41.454+0530] {taskinstance.py:361} INFO - Marking task as SUCCESS. dag_id=weather_system_pipeline_final_new, task_id=process_weather_data, run_id=scheduled__2026-01-04T00:00:00+00:00, execution_date=20260104T000000, start_date=20260129T140718, end_date=20260129T140741
[2026-01-29T19:37:41.489+0530] {local_task_job_runner.py:266} INFO - Task exited with return code 0
[2026-01-29T19:37:41.504+0530] {taskinstance.py:3924} INFO - 1 downstream tasks scheduled from follow-on schedule check
[2026-01-29T19:37:41.507+0530] {local_task_job_runner.py:245} INFO - ::endgroup::
