[2026-01-30T09:37:42.301+0530] {local_task_job_runner.py:123} INFO - ::group::Pre task execution logs
[2026-01-30T09:37:42.317+0530] {taskinstance.py:2631} INFO - Dependencies all met for dep_context=non-requeueable deps ti=<TaskInstance: weather_system_pipeline_finally.analyze_weather_data scheduled__2026-01-29T00:00:00+00:00 [queued]>
[2026-01-30T09:37:42.325+0530] {taskinstance.py:2631} INFO - Dependencies all met for dep_context=requeueable deps ti=<TaskInstance: weather_system_pipeline_finally.analyze_weather_data scheduled__2026-01-29T00:00:00+00:00 [queued]>
[2026-01-30T09:37:42.325+0530] {taskinstance.py:2884} INFO - Starting attempt 1 of 4
[2026-01-30T09:37:42.336+0530] {taskinstance.py:2907} INFO - Executing <Task(BashOperator): analyze_weather_data> on 2026-01-29 00:00:00+00:00
[2026-01-30T09:37:42.341+0530] {standard_task_runner.py:72} INFO - Started process 11199 to run task
[2026-01-30T09:37:42.346+0530] {standard_task_runner.py:104} INFO - Running: ['airflow', 'tasks', 'run', 'weather_system_pipeline_finally', 'analyze_weather_data', 'scheduled__2026-01-29T00:00:00+00:00', '--job-id', '429', '--raw', '--subdir', 'DAGS_FOLDER/dag.py', '--cfg-path', '/tmp/tmp5i9fgxqb']
[2026-01-30T09:37:42.347+0530] {standard_task_runner.py:105} INFO - Job 429: Subtask analyze_weather_data
[2026-01-30T09:37:42.381+0530] {task_command.py:467} INFO - Running <TaskInstance: weather_system_pipeline_finally.analyze_weather_data scheduled__2026-01-29T00:00:00+00:00 [running]> on host Aishwarya92848DBDA
[2026-01-30T09:37:42.445+0530] {taskinstance.py:3157} INFO - Exporting env vars: AIRFLOW_CTX_DAG_OWNER='Aishwarya' AIRFLOW_CTX_DAG_ID='weather_system_pipeline_finally' AIRFLOW_CTX_TASK_ID='analyze_weather_data' AIRFLOW_CTX_EXECUTION_DATE='2026-01-29T00:00:00+00:00' AIRFLOW_CTX_TRY_NUMBER='1' AIRFLOW_CTX_DAG_RUN_ID='scheduled__2026-01-29T00:00:00+00:00'
[2026-01-30T09:37:42.446+0530] {taskinstance.py:740} INFO - ::endgroup::
[2026-01-30T09:37:42.459+0530] {subprocess.py:78} INFO - Tmp dir root location: /tmp
[2026-01-30T09:37:42.459+0530] {subprocess.py:88} INFO - Running command: ['/usr/bin/bash', '-c', 'export SPARK_HOME=/home/hp/.local/lib/python3.10/site-packages/pyspark\n     export PATH=$SPARK_HOME/bin:$PATH\n     export PYSPARK_PYTHON=/home/hp/Desktop/Bigdata_project/BigData-Project/airflow-venv/bin/python\n\n     spark-submit --master local[2]      /home/hp/Desktop/Bigdata_project/BigData-Project/processing.py\n        ']
[2026-01-30T09:37:42.470+0530] {subprocess.py:99} INFO - Output:
[2026-01-30T09:37:45.343+0530] {subprocess.py:106} INFO - 26/01/30 09:37:45 INFO SparkContext: Running Spark version 3.5.1
[2026-01-30T09:37:45.346+0530] {subprocess.py:106} INFO - 26/01/30 09:37:45 INFO SparkContext: OS info Linux, 6.8.0-90-generic, amd64
[2026-01-30T09:37:45.346+0530] {subprocess.py:106} INFO - 26/01/30 09:37:45 INFO SparkContext: Java version 1.8.0_472
[2026-01-30T09:37:45.410+0530] {subprocess.py:106} INFO - 26/01/30 09:37:45 WARN NativeCodeLoader: Unable to load native-hadoop library for your platform... using builtin-java classes where applicable
[2026-01-30T09:37:45.486+0530] {subprocess.py:106} INFO - 26/01/30 09:37:45 INFO ResourceUtils: ==============================================================
[2026-01-30T09:37:45.487+0530] {subprocess.py:106} INFO - 26/01/30 09:37:45 INFO ResourceUtils: No custom resources configured for spark.driver.
[2026-01-30T09:37:45.488+0530] {subprocess.py:106} INFO - 26/01/30 09:37:45 INFO ResourceUtils: ==============================================================
[2026-01-30T09:37:45.488+0530] {subprocess.py:106} INFO - 26/01/30 09:37:45 INFO SparkContext: Submitted application: WeatherSystem
[2026-01-30T09:37:45.514+0530] {subprocess.py:106} INFO - 26/01/30 09:37:45 INFO ResourceProfile: Default ResourceProfile created, executor resources: Map(cores -> name: cores, amount: 1, script: , vendor: , memory -> name: memory, amount: 1024, script: , vendor: , offHeap -> name: offHeap, amount: 0, script: , vendor: ), task resources: Map(cpus -> name: cpus, amount: 1.0)
[2026-01-30T09:37:45.528+0530] {subprocess.py:106} INFO - 26/01/30 09:37:45 INFO ResourceProfile: Limiting resource is cpu
[2026-01-30T09:37:45.529+0530] {subprocess.py:106} INFO - 26/01/30 09:37:45 INFO ResourceProfileManager: Added ResourceProfile id: 0
[2026-01-30T09:37:45.593+0530] {subprocess.py:106} INFO - 26/01/30 09:37:45 INFO SecurityManager: Changing view acls to: hp
[2026-01-30T09:37:45.594+0530] {subprocess.py:106} INFO - 26/01/30 09:37:45 INFO SecurityManager: Changing modify acls to: hp
[2026-01-30T09:37:45.594+0530] {subprocess.py:106} INFO - 26/01/30 09:37:45 INFO SecurityManager: Changing view acls groups to:
[2026-01-30T09:37:45.595+0530] {subprocess.py:106} INFO - 26/01/30 09:37:45 INFO SecurityManager: Changing modify acls groups to:
[2026-01-30T09:37:45.595+0530] {subprocess.py:106} INFO - 26/01/30 09:37:45 INFO SecurityManager: SecurityManager: authentication disabled; ui acls disabled; users with view permissions: hp; groups with view permissions: EMPTY; users with modify permissions: hp; groups with modify permissions: EMPTY
[2026-01-30T09:37:45.862+0530] {subprocess.py:106} INFO - 26/01/30 09:37:45 INFO Utils: Successfully started service 'sparkDriver' on port 39107.
[2026-01-30T09:37:45.895+0530] {subprocess.py:106} INFO - 26/01/30 09:37:45 INFO SparkEnv: Registering MapOutputTracker
[2026-01-30T09:37:45.933+0530] {subprocess.py:106} INFO - 26/01/30 09:37:45 INFO SparkEnv: Registering BlockManagerMaster
[2026-01-30T09:37:45.951+0530] {subprocess.py:106} INFO - 26/01/30 09:37:45 INFO BlockManagerMasterEndpoint: Using org.apache.spark.storage.DefaultTopologyMapper for getting topology information
[2026-01-30T09:37:45.952+0530] {subprocess.py:106} INFO - 26/01/30 09:37:45 INFO BlockManagerMasterEndpoint: BlockManagerMasterEndpoint up
[2026-01-30T09:37:45.956+0530] {subprocess.py:106} INFO - 26/01/30 09:37:45 INFO SparkEnv: Registering BlockManagerMasterHeartbeat
[2026-01-30T09:37:46.014+0530] {subprocess.py:106} INFO - 26/01/30 09:37:46 INFO DiskBlockManager: Created local directory at /tmp/blockmgr-36b213b6-5b5d-478c-9989-54647e544032
[2026-01-30T09:37:46.030+0530] {subprocess.py:106} INFO - 26/01/30 09:37:46 INFO MemoryStore: MemoryStore started with capacity 366.3 MiB
[2026-01-30T09:37:46.047+0530] {subprocess.py:106} INFO - 26/01/30 09:37:46 INFO SparkEnv: Registering OutputCommitCoordinator
[2026-01-30T09:37:46.207+0530] {subprocess.py:106} INFO - 26/01/30 09:37:46 INFO JettyUtils: Start Jetty 0.0.0.0:4040 for SparkUI
[2026-01-30T09:37:46.270+0530] {subprocess.py:106} INFO - 26/01/30 09:37:46 WARN Utils: Service 'SparkUI' could not bind on port 4040. Attempting port 4041.
[2026-01-30T09:37:46.280+0530] {subprocess.py:106} INFO - 26/01/30 09:37:46 INFO Utils: Successfully started service 'SparkUI' on port 4041.
[2026-01-30T09:37:46.391+0530] {subprocess.py:106} INFO - 26/01/30 09:37:46 INFO Executor: Starting executor ID driver on host Aishwarya92848DBDA
[2026-01-30T09:37:46.391+0530] {subprocess.py:106} INFO - 26/01/30 09:37:46 INFO Executor: OS info Linux, 6.8.0-90-generic, amd64
[2026-01-30T09:37:46.392+0530] {subprocess.py:106} INFO - 26/01/30 09:37:46 INFO Executor: Java version 1.8.0_472
[2026-01-30T09:37:46.401+0530] {subprocess.py:106} INFO - 26/01/30 09:37:46 INFO Executor: Starting executor with user classpath (userClassPathFirst = false): ''
[2026-01-30T09:37:46.401+0530] {subprocess.py:106} INFO - 26/01/30 09:37:46 INFO Executor: Created or updated repl class loader org.apache.spark.util.MutableURLClassLoader@15f681b6 for default.
[2026-01-30T09:37:46.429+0530] {subprocess.py:106} INFO - 26/01/30 09:37:46 INFO Utils: Successfully started service 'org.apache.spark.network.netty.NettyBlockTransferService' on port 32951.
[2026-01-30T09:37:46.430+0530] {subprocess.py:106} INFO - 26/01/30 09:37:46 INFO NettyBlockTransferService: Server created on Aishwarya92848DBDA:32951
[2026-01-30T09:37:46.432+0530] {subprocess.py:106} INFO - 26/01/30 09:37:46 INFO BlockManager: Using org.apache.spark.storage.RandomBlockReplicationPolicy for block replication policy
[2026-01-30T09:37:46.437+0530] {subprocess.py:106} INFO - 26/01/30 09:37:46 INFO BlockManagerMaster: Registering BlockManager BlockManagerId(driver, Aishwarya92848DBDA, 32951, None)
[2026-01-30T09:37:46.442+0530] {subprocess.py:106} INFO - 26/01/30 09:37:46 INFO BlockManagerMasterEndpoint: Registering block manager Aishwarya92848DBDA:32951 with 366.3 MiB RAM, BlockManagerId(driver, Aishwarya92848DBDA, 32951, None)
[2026-01-30T09:37:46.445+0530] {subprocess.py:106} INFO - 26/01/30 09:37:46 INFO BlockManagerMaster: Registered BlockManager BlockManagerId(driver, Aishwarya92848DBDA, 32951, None)
[2026-01-30T09:37:46.446+0530] {subprocess.py:106} INFO - 26/01/30 09:37:46 INFO BlockManager: Initialized BlockManager: BlockManagerId(driver, Aishwarya92848DBDA, 32951, None)
[2026-01-30T09:37:46.954+0530] {subprocess.py:106} INFO - 26/01/30 09:37:46 INFO SharedState: Setting hive.metastore.warehouse.dir ('null') to the value of spark.sql.warehouse.dir.
[2026-01-30T09:37:46.962+0530] {subprocess.py:106} INFO - 26/01/30 09:37:46 INFO SharedState: Warehouse path is 'file:/tmp/airflowtmpohkomyws/spark-warehouse'.
[2026-01-30T09:37:48.616+0530] {subprocess.py:106} INFO - 26/01/30 09:37:48 INFO InMemoryFileIndex: It took 90 ms to list leaf files for 1 paths.
[2026-01-30T09:37:49.188+0530] {subprocess.py:106} INFO - 26/01/30 09:37:49 INFO SparkContext: Starting job: parquet at NativeMethodAccessorImpl.java:0
[2026-01-30T09:37:49.215+0530] {subprocess.py:106} INFO - 26/01/30 09:37:49 INFO DAGScheduler: Got job 0 (parquet at NativeMethodAccessorImpl.java:0) with 1 output partitions
[2026-01-30T09:37:49.216+0530] {subprocess.py:106} INFO - 26/01/30 09:37:49 INFO DAGScheduler: Final stage: ResultStage 0 (parquet at NativeMethodAccessorImpl.java:0)
[2026-01-30T09:37:49.217+0530] {subprocess.py:106} INFO - 26/01/30 09:37:49 INFO DAGScheduler: Parents of final stage: List()
[2026-01-30T09:37:49.219+0530] {subprocess.py:106} INFO - 26/01/30 09:37:49 INFO DAGScheduler: Missing parents: List()
[2026-01-30T09:37:49.226+0530] {subprocess.py:106} INFO - 26/01/30 09:37:49 INFO DAGScheduler: Submitting ResultStage 0 (MapPartitionsRDD[1] at parquet at NativeMethodAccessorImpl.java:0), which has no missing parents
[2026-01-30T09:37:49.315+0530] {subprocess.py:106} INFO - 26/01/30 09:37:49 INFO MemoryStore: Block broadcast_0 stored as values in memory (estimated size 103.2 KiB, free 366.2 MiB)
[2026-01-30T09:37:49.345+0530] {subprocess.py:106} INFO - 26/01/30 09:37:49 INFO MemoryStore: Block broadcast_0_piece0 stored as bytes in memory (estimated size 37.2 KiB, free 366.2 MiB)
[2026-01-30T09:37:49.347+0530] {subprocess.py:106} INFO - 26/01/30 09:37:49 INFO BlockManagerInfo: Added broadcast_0_piece0 in memory on Aishwarya92848DBDA:32951 (size: 37.2 KiB, free: 366.3 MiB)
[2026-01-30T09:37:49.352+0530] {subprocess.py:106} INFO - 26/01/30 09:37:49 INFO SparkContext: Created broadcast 0 from broadcast at DAGScheduler.scala:1585
[2026-01-30T09:37:49.369+0530] {subprocess.py:106} INFO - 26/01/30 09:37:49 INFO DAGScheduler: Submitting 1 missing tasks from ResultStage 0 (MapPartitionsRDD[1] at parquet at NativeMethodAccessorImpl.java:0) (first 15 tasks are for partitions Vector(0))
[2026-01-30T09:37:49.370+0530] {subprocess.py:106} INFO - 26/01/30 09:37:49 INFO TaskSchedulerImpl: Adding task set 0.0 with 1 tasks resource profile 0
[2026-01-30T09:37:49.429+0530] {subprocess.py:106} INFO - 26/01/30 09:37:49 INFO TaskSetManager: Starting task 0.0 in stage 0.0 (TID 0) (Aishwarya92848DBDA, executor driver, partition 0, PROCESS_LOCAL, 7848 bytes)
[2026-01-30T09:37:49.445+0530] {subprocess.py:106} INFO - 26/01/30 09:37:49 INFO Executor: Running task 0.0 in stage 0.0 (TID 0)
[2026-01-30T09:37:50.034+0530] {subprocess.py:106} INFO - 26/01/30 09:37:50 INFO Executor: Finished task 0.0 in stage 0.0 (TID 0). 5502 bytes result sent to driver
[2026-01-30T09:37:50.046+0530] {subprocess.py:106} INFO - 26/01/30 09:37:50 INFO TaskSetManager: Finished task 0.0 in stage 0.0 (TID 0) in 642 ms on Aishwarya92848DBDA (executor driver) (1/1)
[2026-01-30T09:37:50.048+0530] {subprocess.py:106} INFO - 26/01/30 09:37:50 INFO TaskSchedulerImpl: Removed TaskSet 0.0, whose tasks have all completed, from pool
[2026-01-30T09:37:50.053+0530] {subprocess.py:106} INFO - 26/01/30 09:37:50 INFO DAGScheduler: ResultStage 0 (parquet at NativeMethodAccessorImpl.java:0) finished in 0.808 s
[2026-01-30T09:37:50.056+0530] {subprocess.py:106} INFO - 26/01/30 09:37:50 INFO DAGScheduler: Job 0 is finished. Cancelling potential speculative or zombie tasks for this job
[2026-01-30T09:37:50.056+0530] {subprocess.py:106} INFO - 26/01/30 09:37:50 INFO TaskSchedulerImpl: Killing all running tasks in stage 0: Stage finished
[2026-01-30T09:37:50.058+0530] {subprocess.py:106} INFO - 26/01/30 09:37:50 INFO DAGScheduler: Job 0 finished: parquet at NativeMethodAccessorImpl.java:0, took 0.869311 s
[2026-01-30T09:37:50.396+0530] {subprocess.py:106} INFO - 26/01/30 09:37:50 INFO BlockManagerInfo: Removed broadcast_0_piece0 on Aishwarya92848DBDA:32951 in memory (size: 37.2 KiB, free: 366.3 MiB)
[2026-01-30T09:37:52.295+0530] {subprocess.py:106} INFO - 26/01/30 09:37:52 INFO FileSourceStrategy: Pushed Filters:
[2026-01-30T09:37:52.298+0530] {subprocess.py:106} INFO - 26/01/30 09:37:52 INFO FileSourceStrategy: Post-Scan Filters:
[2026-01-30T09:37:52.971+0530] {subprocess.py:106} INFO - 26/01/30 09:37:52 INFO CodeGenerator: Code generated in 315.79547 ms
[2026-01-30T09:37:52.996+0530] {subprocess.py:106} INFO - 26/01/30 09:37:52 INFO MemoryStore: Block broadcast_1 stored as values in memory (estimated size 358.0 KiB, free 366.0 MiB)
[2026-01-30T09:37:53.010+0530] {subprocess.py:106} INFO - 26/01/30 09:37:53 INFO MemoryStore: Block broadcast_1_piece0 stored as bytes in memory (estimated size 35.3 KiB, free 365.9 MiB)
[2026-01-30T09:37:53.011+0530] {subprocess.py:106} INFO - 26/01/30 09:37:53 INFO BlockManagerInfo: Added broadcast_1_piece0 in memory on Aishwarya92848DBDA:32951 (size: 35.3 KiB, free: 366.3 MiB)
[2026-01-30T09:37:53.012+0530] {subprocess.py:106} INFO - 26/01/30 09:37:53 INFO SparkContext: Created broadcast 1 from parquet at NativeMethodAccessorImpl.java:0
[2026-01-30T09:37:53.025+0530] {subprocess.py:106} INFO - 26/01/30 09:37:53 INFO FileSourceScanExec: Planning scan with bin packing, max size: 4194304 bytes, open cost is considered as scanning 4194304 bytes.
[2026-01-30T09:37:53.164+0530] {subprocess.py:106} INFO - 26/01/30 09:37:53 INFO DAGScheduler: Registering RDD 5 (parquet at NativeMethodAccessorImpl.java:0) as input to shuffle 0
[2026-01-30T09:37:53.170+0530] {subprocess.py:106} INFO - 26/01/30 09:37:53 INFO DAGScheduler: Got map stage job 1 (parquet at NativeMethodAccessorImpl.java:0) with 4 output partitions
[2026-01-30T09:37:53.170+0530] {subprocess.py:106} INFO - 26/01/30 09:37:53 INFO DAGScheduler: Final stage: ShuffleMapStage 1 (parquet at NativeMethodAccessorImpl.java:0)
[2026-01-30T09:37:53.171+0530] {subprocess.py:106} INFO - 26/01/30 09:37:53 INFO DAGScheduler: Parents of final stage: List()
[2026-01-30T09:37:53.172+0530] {subprocess.py:106} INFO - 26/01/30 09:37:53 INFO DAGScheduler: Missing parents: List()
[2026-01-30T09:37:53.174+0530] {subprocess.py:106} INFO - 26/01/30 09:37:53 INFO DAGScheduler: Submitting ShuffleMapStage 1 (MapPartitionsRDD[5] at parquet at NativeMethodAccessorImpl.java:0), which has no missing parents
[2026-01-30T09:37:53.192+0530] {subprocess.py:106} INFO - 26/01/30 09:37:53 INFO MemoryStore: Block broadcast_2 stored as values in memory (estimated size 68.7 KiB, free 365.8 MiB)
[2026-01-30T09:37:53.194+0530] {subprocess.py:106} INFO - 26/01/30 09:37:53 INFO MemoryStore: Block broadcast_2_piece0 stored as bytes in memory (estimated size 25.7 KiB, free 365.8 MiB)
[2026-01-30T09:37:53.195+0530] {subprocess.py:106} INFO - 26/01/30 09:37:53 INFO BlockManagerInfo: Added broadcast_2_piece0 in memory on Aishwarya92848DBDA:32951 (size: 25.7 KiB, free: 366.2 MiB)
[2026-01-30T09:37:53.195+0530] {subprocess.py:106} INFO - 26/01/30 09:37:53 INFO SparkContext: Created broadcast 2 from broadcast at DAGScheduler.scala:1585
[2026-01-30T09:37:53.197+0530] {subprocess.py:106} INFO - 26/01/30 09:37:53 INFO DAGScheduler: Submitting 4 missing tasks from ShuffleMapStage 1 (MapPartitionsRDD[5] at parquet at NativeMethodAccessorImpl.java:0) (first 15 tasks are for partitions Vector(0, 1, 2, 3))
[2026-01-30T09:37:53.197+0530] {subprocess.py:106} INFO - 26/01/30 09:37:53 INFO TaskSchedulerImpl: Adding task set 1.0 with 4 tasks resource profile 0
[2026-01-30T09:37:53.207+0530] {subprocess.py:106} INFO - 26/01/30 09:37:53 INFO TaskSetManager: Starting task 0.0 in stage 1.0 (TID 1) (Aishwarya92848DBDA, executor driver, partition 0, NODE_LOCAL, 8305 bytes)
[2026-01-30T09:37:53.208+0530] {subprocess.py:106} INFO - 26/01/30 09:37:53 INFO TaskSetManager: Starting task 1.0 in stage 1.0 (TID 2) (Aishwarya92848DBDA, executor driver, partition 1, NODE_LOCAL, 8305 bytes)
[2026-01-30T09:37:53.209+0530] {subprocess.py:106} INFO - 26/01/30 09:37:53 INFO TaskSetManager: Starting task 2.0 in stage 1.0 (TID 3) (Aishwarya92848DBDA, executor driver, partition 2, NODE_LOCAL, 8305 bytes)
[2026-01-30T09:37:53.209+0530] {subprocess.py:106} INFO - 26/01/30 09:37:53 INFO TaskSetManager: Starting task 3.0 in stage 1.0 (TID 4) (Aishwarya92848DBDA, executor driver, partition 3, NODE_LOCAL, 8305 bytes)
[2026-01-30T09:37:53.210+0530] {subprocess.py:106} INFO - 26/01/30 09:37:53 INFO Executor: Running task 0.0 in stage 1.0 (TID 1)
[2026-01-30T09:37:53.212+0530] {subprocess.py:106} INFO - 26/01/30 09:37:53 INFO Executor: Running task 1.0 in stage 1.0 (TID 2)
[2026-01-30T09:37:53.212+0530] {subprocess.py:106} INFO - 26/01/30 09:37:53 INFO Executor: Running task 2.0 in stage 1.0 (TID 3)
[2026-01-30T09:37:53.212+0530] {subprocess.py:106} INFO - 26/01/30 09:37:53 INFO Executor: Running task 3.0 in stage 1.0 (TID 4)
[2026-01-30T09:37:53.386+0530] {subprocess.py:106} INFO - 26/01/30 09:37:53 INFO CodeGenerator: Code generated in 73.117901 ms
[2026-01-30T09:37:53.420+0530] {subprocess.py:106} INFO - 26/01/30 09:37:53 INFO CodeGenerator: Code generated in 13.233269 ms
[2026-01-30T09:37:53.451+0530] {subprocess.py:106} INFO - 26/01/30 09:37:53 INFO CodeGenerator: Code generated in 9.19252 ms
[2026-01-30T09:37:53.487+0530] {subprocess.py:106} INFO - 26/01/30 09:37:53 INFO CodeGenerator: Code generated in 17.286513 ms
[2026-01-30T09:37:53.515+0530] {subprocess.py:106} INFO - 26/01/30 09:37:53 INFO CodeGenerator: Code generated in 9.51054 ms
[2026-01-30T09:37:53.529+0530] {subprocess.py:106} INFO - 26/01/30 09:37:53 INFO FileScanRDD: Reading File path: hdfs://localhost:9000/weather/data/processed/weather_processed.parquet/part-00001-50d3d5d4-dd1e-43da-a133-b66d40e74e7e-c000.snappy.parquet, range: 0-964118, partition values: [empty row]
[2026-01-30T09:37:53.530+0530] {subprocess.py:106} INFO - 26/01/30 09:37:53 INFO FileScanRDD: Reading File path: hdfs://localhost:9000/weather/data/processed/weather_processed.parquet/part-00000-50d3d5d4-dd1e-43da-a133-b66d40e74e7e-c000.snappy.parquet, range: 0-1425884, partition values: [empty row]
[2026-01-30T09:37:53.530+0530] {subprocess.py:106} INFO - 26/01/30 09:37:53 INFO FileScanRDD: Reading File path: hdfs://localhost:9000/weather/data/processed/weather_processed.parquet/part-00003-50d3d5d4-dd1e-43da-a133-b66d40e74e7e-c000.snappy.parquet, range: 0-1423950, partition values: [empty row]
[2026-01-30T09:37:53.530+0530] {subprocess.py:106} INFO - 26/01/30 09:37:53 INFO FileScanRDD: Reading File path: hdfs://localhost:9000/weather/data/processed/weather_processed.parquet/part-00002-50d3d5d4-dd1e-43da-a133-b66d40e74e7e-c000.snappy.parquet, range: 0-970584, partition values: [empty row]
[2026-01-30T09:37:53.703+0530] {subprocess.py:106} INFO - 26/01/30 09:37:53 INFO CodecPool: Got brand-new decompressor [.snappy]
[2026-01-30T09:37:53.703+0530] {subprocess.py:106} INFO - 26/01/30 09:37:53 INFO CodecPool: Got brand-new decompressor [.snappy]
[2026-01-30T09:37:53.704+0530] {subprocess.py:106} INFO - 26/01/30 09:37:53 INFO CodecPool: Got brand-new decompressor [.snappy]
[2026-01-30T09:37:53.704+0530] {subprocess.py:106} INFO - 26/01/30 09:37:53 INFO CodecPool: Got brand-new decompressor [.snappy]
[2026-01-30T09:37:53.993+0530] {subprocess.py:106} INFO - 26/01/30 09:37:53 INFO Executor: Finished task 1.0 in stage 1.0 (TID 2). 2979 bytes result sent to driver
[2026-01-30T09:37:53.995+0530] {subprocess.py:106} INFO - 26/01/30 09:37:53 INFO Executor: Finished task 2.0 in stage 1.0 (TID 3). 2979 bytes result sent to driver
[2026-01-30T09:37:53.995+0530] {subprocess.py:106} INFO - 26/01/30 09:37:53 INFO Executor: Finished task 0.0 in stage 1.0 (TID 1). 2979 bytes result sent to driver
[2026-01-30T09:37:53.996+0530] {subprocess.py:106} INFO - 26/01/30 09:37:53 INFO Executor: Finished task 3.0 in stage 1.0 (TID 4). 2979 bytes result sent to driver
[2026-01-30T09:37:53.998+0530] {subprocess.py:106} INFO - 26/01/30 09:37:53 INFO TaskSetManager: Finished task 1.0 in stage 1.0 (TID 2) in 791 ms on Aishwarya92848DBDA (executor driver) (1/4)
[2026-01-30T09:37:53.999+0530] {subprocess.py:106} INFO - 26/01/30 09:37:53 INFO TaskSetManager: Finished task 3.0 in stage 1.0 (TID 4) in 789 ms on Aishwarya92848DBDA (executor driver) (2/4)
[2026-01-30T09:37:53.999+0530] {subprocess.py:106} INFO - 26/01/30 09:37:53 INFO TaskSetManager: Finished task 0.0 in stage 1.0 (TID 1) in 796 ms on Aishwarya92848DBDA (executor driver) (3/4)
[2026-01-30T09:37:54.000+0530] {subprocess.py:106} INFO - 26/01/30 09:37:53 INFO TaskSetManager: Finished task 2.0 in stage 1.0 (TID 3) in 791 ms on Aishwarya92848DBDA (executor driver) (4/4)
[2026-01-30T09:37:54.000+0530] {subprocess.py:106} INFO - 26/01/30 09:37:53 INFO TaskSchedulerImpl: Removed TaskSet 1.0, whose tasks have all completed, from pool
[2026-01-30T09:37:54.005+0530] {subprocess.py:106} INFO - 26/01/30 09:37:54 INFO DAGScheduler: ShuffleMapStage 1 (parquet at NativeMethodAccessorImpl.java:0) finished in 0.823 s
[2026-01-30T09:37:54.006+0530] {subprocess.py:106} INFO - 26/01/30 09:37:54 INFO DAGScheduler: looking for newly runnable stages
[2026-01-30T09:37:54.007+0530] {subprocess.py:106} INFO - 26/01/30 09:37:54 INFO DAGScheduler: running: Set()
[2026-01-30T09:37:54.007+0530] {subprocess.py:106} INFO - 26/01/30 09:37:54 INFO DAGScheduler: waiting: Set()
[2026-01-30T09:37:54.008+0530] {subprocess.py:106} INFO - 26/01/30 09:37:54 INFO DAGScheduler: failed: Set()
[2026-01-30T09:37:54.058+0530] {subprocess.py:106} INFO - 26/01/30 09:37:54 INFO ShufflePartitionsUtil: For shuffle(0), advisory target size: 67108864, actual target size 1048576, minimum partition size: 1048576
[2026-01-30T09:37:54.094+0530] {subprocess.py:106} INFO - 26/01/30 09:37:54 INFO HashAggregateExec: spark.sql.codegen.aggregate.map.twolevel.enabled is set to true, but current version of codegened fast hashmap does not support this aggregate.
[2026-01-30T09:37:54.181+0530] {subprocess.py:106} INFO - 26/01/30 09:37:54 INFO CodeGenerator: Code generated in 50.979955 ms
[2026-01-30T09:37:54.237+0530] {subprocess.py:106} INFO - 26/01/30 09:37:54 INFO CodeGenerator: Code generated in 10.7531 ms
[2026-01-30T09:37:54.263+0530] {subprocess.py:106} INFO - 26/01/30 09:37:54 INFO SparkContext: Starting job: parquet at NativeMethodAccessorImpl.java:0
[2026-01-30T09:37:54.266+0530] {subprocess.py:106} INFO - 26/01/30 09:37:54 INFO DAGScheduler: Got job 2 (parquet at NativeMethodAccessorImpl.java:0) with 1 output partitions
[2026-01-30T09:37:54.267+0530] {subprocess.py:106} INFO - 26/01/30 09:37:54 INFO DAGScheduler: Final stage: ResultStage 3 (parquet at NativeMethodAccessorImpl.java:0)
[2026-01-30T09:37:54.267+0530] {subprocess.py:106} INFO - 26/01/30 09:37:54 INFO DAGScheduler: Parents of final stage: List(ShuffleMapStage 2)
[2026-01-30T09:37:54.267+0530] {subprocess.py:106} INFO - 26/01/30 09:37:54 INFO DAGScheduler: Missing parents: List()
[2026-01-30T09:37:54.268+0530] {subprocess.py:106} INFO - 26/01/30 09:37:54 INFO DAGScheduler: Submitting ResultStage 3 (MapPartitionsRDD[10] at parquet at NativeMethodAccessorImpl.java:0), which has no missing parents
[2026-01-30T09:37:54.284+0530] {subprocess.py:106} INFO - 26/01/30 09:37:54 INFO MemoryStore: Block broadcast_3 stored as values in memory (estimated size 85.4 KiB, free 365.7 MiB)
[2026-01-30T09:37:54.286+0530] {subprocess.py:106} INFO - 26/01/30 09:37:54 INFO MemoryStore: Block broadcast_3_piece0 stored as bytes in memory (estimated size 31.7 KiB, free 365.7 MiB)
[2026-01-30T09:37:54.287+0530] {subprocess.py:106} INFO - 26/01/30 09:37:54 INFO BlockManagerInfo: Added broadcast_3_piece0 in memory on Aishwarya92848DBDA:32951 (size: 31.7 KiB, free: 366.2 MiB)
[2026-01-30T09:37:54.288+0530] {subprocess.py:106} INFO - 26/01/30 09:37:54 INFO SparkContext: Created broadcast 3 from broadcast at DAGScheduler.scala:1585
[2026-01-30T09:37:54.289+0530] {subprocess.py:106} INFO - 26/01/30 09:37:54 INFO DAGScheduler: Submitting 1 missing tasks from ResultStage 3 (MapPartitionsRDD[10] at parquet at NativeMethodAccessorImpl.java:0) (first 15 tasks are for partitions Vector(0))
[2026-01-30T09:37:54.289+0530] {subprocess.py:106} INFO - 26/01/30 09:37:54 INFO TaskSchedulerImpl: Adding task set 3.0 with 1 tasks resource profile 0
[2026-01-30T09:37:54.291+0530] {subprocess.py:106} INFO - 26/01/30 09:37:54 INFO TaskSetManager: Starting task 0.0 in stage 3.0 (TID 5) (Aishwarya92848DBDA, executor driver, partition 0, NODE_LOCAL, 7615 bytes)
[2026-01-30T09:37:54.292+0530] {subprocess.py:106} INFO - 26/01/30 09:37:54 INFO Executor: Running task 0.0 in stage 3.0 (TID 5)
[2026-01-30T09:37:54.337+0530] {subprocess.py:106} INFO - 26/01/30 09:37:54 INFO ShuffleBlockFetcherIterator: Getting 4 (36.9 KiB) non-empty blocks including 4 (36.9 KiB) local and 0 (0.0 B) host-local and 0 (0.0 B) push-merged-local and 0 (0.0 B) remote blocks
[2026-01-30T09:37:54.338+0530] {subprocess.py:106} INFO - 26/01/30 09:37:54 INFO ShuffleBlockFetcherIterator: Started 0 remote fetches in 8 ms
[2026-01-30T09:37:54.386+0530] {subprocess.py:106} INFO - 26/01/30 09:37:54 INFO CodeGenerator: Code generated in 44.066084 ms
[2026-01-30T09:37:54.431+0530] {subprocess.py:106} INFO - 26/01/30 09:37:54 INFO Executor: Finished task 0.0 in stage 3.0 (TID 5). 19419 bytes result sent to driver
[2026-01-30T09:37:54.433+0530] {subprocess.py:106} INFO - 26/01/30 09:37:54 INFO TaskSetManager: Finished task 0.0 in stage 3.0 (TID 5) in 143 ms on Aishwarya92848DBDA (executor driver) (1/1)
[2026-01-30T09:37:54.433+0530] {subprocess.py:106} INFO - 26/01/30 09:37:54 INFO TaskSchedulerImpl: Removed TaskSet 3.0, whose tasks have all completed, from pool
[2026-01-30T09:37:54.435+0530] {subprocess.py:106} INFO - 26/01/30 09:37:54 INFO DAGScheduler: ResultStage 3 (parquet at NativeMethodAccessorImpl.java:0) finished in 0.153 s
[2026-01-30T09:37:54.435+0530] {subprocess.py:106} INFO - 26/01/30 09:37:54 INFO DAGScheduler: Job 2 is finished. Cancelling potential speculative or zombie tasks for this job
[2026-01-30T09:37:54.435+0530] {subprocess.py:106} INFO - 26/01/30 09:37:54 INFO TaskSchedulerImpl: Killing all running tasks in stage 3: Stage finished
[2026-01-30T09:37:54.435+0530] {subprocess.py:106} INFO - 26/01/30 09:37:54 INFO DAGScheduler: Job 2 finished: parquet at NativeMethodAccessorImpl.java:0, took 0.172391 s
[2026-01-30T09:37:54.449+0530] {subprocess.py:106} INFO - 26/01/30 09:37:54 INFO DAGScheduler: Registering RDD 11 (parquet at NativeMethodAccessorImpl.java:0) as input to shuffle 1
[2026-01-30T09:37:54.450+0530] {subprocess.py:106} INFO - 26/01/30 09:37:54 INFO DAGScheduler: Got map stage job 3 (parquet at NativeMethodAccessorImpl.java:0) with 1 output partitions
[2026-01-30T09:37:54.450+0530] {subprocess.py:106} INFO - 26/01/30 09:37:54 INFO DAGScheduler: Final stage: ShuffleMapStage 5 (parquet at NativeMethodAccessorImpl.java:0)
[2026-01-30T09:37:54.451+0530] {subprocess.py:106} INFO - 26/01/30 09:37:54 INFO DAGScheduler: Parents of final stage: List(ShuffleMapStage 4)
[2026-01-30T09:37:54.451+0530] {subprocess.py:106} INFO - 26/01/30 09:37:54 INFO DAGScheduler: Missing parents: List()
[2026-01-30T09:37:54.452+0530] {subprocess.py:106} INFO - 26/01/30 09:37:54 INFO DAGScheduler: Submitting ShuffleMapStage 5 (MapPartitionsRDD[11] at parquet at NativeMethodAccessorImpl.java:0), which has no missing parents
[2026-01-30T09:37:54.468+0530] {subprocess.py:106} INFO - 26/01/30 09:37:54 INFO MemoryStore: Block broadcast_4 stored as values in memory (estimated size 96.0 KiB, free 365.6 MiB)
[2026-01-30T09:37:54.485+0530] {subprocess.py:106} INFO - 26/01/30 09:37:54 INFO MemoryStore: Block broadcast_4_piece0 stored as bytes in memory (estimated size 33.6 KiB, free 365.6 MiB)
[2026-01-30T09:37:54.486+0530] {subprocess.py:106} INFO - 26/01/30 09:37:54 INFO BlockManagerInfo: Added broadcast_4_piece0 in memory on Aishwarya92848DBDA:32951 (size: 33.6 KiB, free: 366.2 MiB)
[2026-01-30T09:37:54.486+0530] {subprocess.py:106} INFO - 26/01/30 09:37:54 INFO SparkContext: Created broadcast 4 from broadcast at DAGScheduler.scala:1585
[2026-01-30T09:37:54.487+0530] {subprocess.py:106} INFO - 26/01/30 09:37:54 INFO BlockManagerInfo: Removed broadcast_2_piece0 on Aishwarya92848DBDA:32951 in memory (size: 25.7 KiB, free: 366.2 MiB)
[2026-01-30T09:37:54.488+0530] {subprocess.py:106} INFO - 26/01/30 09:37:54 INFO DAGScheduler: Submitting 1 missing tasks from ShuffleMapStage 5 (MapPartitionsRDD[11] at parquet at NativeMethodAccessorImpl.java:0) (first 15 tasks are for partitions Vector(0))
[2026-01-30T09:37:54.488+0530] {subprocess.py:106} INFO - 26/01/30 09:37:54 INFO TaskSchedulerImpl: Adding task set 5.0 with 1 tasks resource profile 0
[2026-01-30T09:37:54.490+0530] {subprocess.py:106} INFO - 26/01/30 09:37:54 INFO TaskSetManager: Starting task 0.0 in stage 5.0 (TID 6) (Aishwarya92848DBDA, executor driver, partition 0, NODE_LOCAL, 7604 bytes)
[2026-01-30T09:37:54.491+0530] {subprocess.py:106} INFO - 26/01/30 09:37:54 INFO Executor: Running task 0.0 in stage 5.0 (TID 6)
[2026-01-30T09:37:54.491+0530] {subprocess.py:106} INFO - 26/01/30 09:37:54 INFO BlockManagerInfo: Removed broadcast_3_piece0 on Aishwarya92848DBDA:32951 in memory (size: 31.7 KiB, free: 366.2 MiB)
[2026-01-30T09:37:54.511+0530] {subprocess.py:106} INFO - 26/01/30 09:37:54 INFO CodeGenerator: Code generated in 6.96476 ms
[2026-01-30T09:37:54.517+0530] {subprocess.py:106} INFO - 26/01/30 09:37:54 INFO ShuffleBlockFetcherIterator: Getting 4 (36.9 KiB) non-empty blocks including 4 (36.9 KiB) local and 0 (0.0 B) host-local and 0 (0.0 B) push-merged-local and 0 (0.0 B) remote blocks
[2026-01-30T09:37:54.517+0530] {subprocess.py:106} INFO - 26/01/30 09:37:54 INFO ShuffleBlockFetcherIterator: Started 0 remote fetches in 1 ms
[2026-01-30T09:37:54.576+0530] {subprocess.py:106} INFO - 26/01/30 09:37:54 INFO Executor: Finished task 0.0 in stage 5.0 (TID 6). 5675 bytes result sent to driver
[2026-01-30T09:37:54.577+0530] {subprocess.py:106} INFO - 26/01/30 09:37:54 INFO TaskSetManager: Finished task 0.0 in stage 5.0 (TID 6) in 88 ms on Aishwarya92848DBDA (executor driver) (1/1)
[2026-01-30T09:37:54.578+0530] {subprocess.py:106} INFO - 26/01/30 09:37:54 INFO TaskSchedulerImpl: Removed TaskSet 5.0, whose tasks have all completed, from pool
[2026-01-30T09:37:54.578+0530] {subprocess.py:106} INFO - 26/01/30 09:37:54 INFO DAGScheduler: ShuffleMapStage 5 (parquet at NativeMethodAccessorImpl.java:0) finished in 0.119 s
[2026-01-30T09:37:54.578+0530] {subprocess.py:106} INFO - 26/01/30 09:37:54 INFO DAGScheduler: looking for newly runnable stages
[2026-01-30T09:37:54.579+0530] {subprocess.py:106} INFO - 26/01/30 09:37:54 INFO DAGScheduler: running: Set()
[2026-01-30T09:37:54.579+0530] {subprocess.py:106} INFO - 26/01/30 09:37:54 INFO DAGScheduler: waiting: Set()
[2026-01-30T09:37:54.579+0530] {subprocess.py:106} INFO - 26/01/30 09:37:54 INFO DAGScheduler: failed: Set()
[2026-01-30T09:37:54.583+0530] {subprocess.py:106} INFO - 26/01/30 09:37:54 INFO ShufflePartitionsUtil: For shuffle(1), advisory target size: 67108864, actual target size 1048576, minimum partition size: 1048576
[2026-01-30T09:37:54.617+0530] {subprocess.py:106} INFO - 26/01/30 09:37:54 INFO ParquetUtils: Using default output committer for Parquet: org.apache.parquet.hadoop.ParquetOutputCommitter
[2026-01-30T09:37:54.629+0530] {subprocess.py:106} INFO - 26/01/30 09:37:54 INFO FileOutputCommitter: File Output Committer Algorithm version is 1
[2026-01-30T09:37:54.630+0530] {subprocess.py:106} INFO - 26/01/30 09:37:54 INFO FileOutputCommitter: FileOutputCommitter skip cleanup _temporary folders under output directory:false, ignore cleanup failures: false
[2026-01-30T09:37:54.630+0530] {subprocess.py:106} INFO - 26/01/30 09:37:54 INFO SQLHadoopMapReduceCommitProtocol: Using user defined output committer class org.apache.parquet.hadoop.ParquetOutputCommitter
[2026-01-30T09:37:54.631+0530] {subprocess.py:106} INFO - 26/01/30 09:37:54 INFO FileOutputCommitter: File Output Committer Algorithm version is 1
[2026-01-30T09:37:54.631+0530] {subprocess.py:106} INFO - 26/01/30 09:37:54 INFO FileOutputCommitter: FileOutputCommitter skip cleanup _temporary folders under output directory:false, ignore cleanup failures: false
[2026-01-30T09:37:54.631+0530] {subprocess.py:106} INFO - 26/01/30 09:37:54 INFO SQLHadoopMapReduceCommitProtocol: Using output committer class org.apache.parquet.hadoop.ParquetOutputCommitter
[2026-01-30T09:37:54.656+0530] {subprocess.py:106} INFO - 26/01/30 09:37:54 INFO CodeGenerator: Code generated in 8.141797 ms
[2026-01-30T09:37:54.666+0530] {subprocess.py:106} INFO - 26/01/30 09:37:54 INFO SparkContext: Starting job: parquet at NativeMethodAccessorImpl.java:0
[2026-01-30T09:37:54.668+0530] {subprocess.py:106} INFO - 26/01/30 09:37:54 INFO DAGScheduler: Got job 4 (parquet at NativeMethodAccessorImpl.java:0) with 1 output partitions
[2026-01-30T09:37:54.668+0530] {subprocess.py:106} INFO - 26/01/30 09:37:54 INFO DAGScheduler: Final stage: ResultStage 8 (parquet at NativeMethodAccessorImpl.java:0)
[2026-01-30T09:37:54.668+0530] {subprocess.py:106} INFO - 26/01/30 09:37:54 INFO DAGScheduler: Parents of final stage: List(ShuffleMapStage 7)
[2026-01-30T09:37:54.669+0530] {subprocess.py:106} INFO - 26/01/30 09:37:54 INFO DAGScheduler: Missing parents: List()
[2026-01-30T09:37:54.670+0530] {subprocess.py:106} INFO - 26/01/30 09:37:54 INFO DAGScheduler: Submitting ResultStage 8 (MapPartitionsRDD[14] at parquet at NativeMethodAccessorImpl.java:0), which has no missing parents
[2026-01-30T09:37:54.696+0530] {subprocess.py:106} INFO - 26/01/30 09:37:54 INFO MemoryStore: Block broadcast_5 stored as values in memory (estimated size 265.8 KiB, free 365.5 MiB)
[2026-01-30T09:37:54.698+0530] {subprocess.py:106} INFO - 26/01/30 09:37:54 INFO MemoryStore: Block broadcast_5_piece0 stored as bytes in memory (estimated size 96.2 KiB, free 365.4 MiB)
[2026-01-30T09:37:54.698+0530] {subprocess.py:106} INFO - 26/01/30 09:37:54 INFO BlockManagerInfo: Added broadcast_5_piece0 in memory on Aishwarya92848DBDA:32951 (size: 96.2 KiB, free: 366.1 MiB)
[2026-01-30T09:37:54.700+0530] {subprocess.py:106} INFO - 26/01/30 09:37:54 INFO SparkContext: Created broadcast 5 from broadcast at DAGScheduler.scala:1585
[2026-01-30T09:37:54.700+0530] {subprocess.py:106} INFO - 26/01/30 09:37:54 INFO DAGScheduler: Submitting 1 missing tasks from ResultStage 8 (MapPartitionsRDD[14] at parquet at NativeMethodAccessorImpl.java:0) (first 15 tasks are for partitions Vector(0))
[2026-01-30T09:37:54.700+0530] {subprocess.py:106} INFO - 26/01/30 09:37:54 INFO TaskSchedulerImpl: Adding task set 8.0 with 1 tasks resource profile 0
[2026-01-30T09:37:54.702+0530] {subprocess.py:106} INFO - 26/01/30 09:37:54 INFO TaskSetManager: Starting task 0.0 in stage 8.0 (TID 7) (Aishwarya92848DBDA, executor driver, partition 0, NODE_LOCAL, 7615 bytes)
[2026-01-30T09:37:54.702+0530] {subprocess.py:106} INFO - 26/01/30 09:37:54 INFO Executor: Running task 0.0 in stage 8.0 (TID 7)
[2026-01-30T09:37:54.724+0530] {subprocess.py:106} INFO - 26/01/30 09:37:54 INFO ShuffleBlockFetcherIterator: Getting 1 (34.9 KiB) non-empty blocks including 1 (34.9 KiB) local and 0 (0.0 B) host-local and 0 (0.0 B) push-merged-local and 0 (0.0 B) remote blocks
[2026-01-30T09:37:54.725+0530] {subprocess.py:106} INFO - 26/01/30 09:37:54 INFO ShuffleBlockFetcherIterator: Started 0 remote fetches in 0 ms
[2026-01-30T09:37:54.732+0530] {subprocess.py:106} INFO - 26/01/30 09:37:54 INFO CodeGenerator: Code generated in 6.846588 ms
[2026-01-30T09:37:54.749+0530] {subprocess.py:106} INFO - 26/01/30 09:37:54 INFO CodeGenerator: Code generated in 8.009825 ms
[2026-01-30T09:37:54.757+0530] {subprocess.py:106} INFO - 26/01/30 09:37:54 INFO FileOutputCommitter: File Output Committer Algorithm version is 1
[2026-01-30T09:37:54.757+0530] {subprocess.py:106} INFO - 26/01/30 09:37:54 INFO FileOutputCommitter: FileOutputCommitter skip cleanup _temporary folders under output directory:false, ignore cleanup failures: false
[2026-01-30T09:37:54.758+0530] {subprocess.py:106} INFO - 26/01/30 09:37:54 INFO SQLHadoopMapReduceCommitProtocol: Using user defined output committer class org.apache.parquet.hadoop.ParquetOutputCommitter
[2026-01-30T09:37:54.758+0530] {subprocess.py:106} INFO - 26/01/30 09:37:54 INFO FileOutputCommitter: File Output Committer Algorithm version is 1
[2026-01-30T09:37:54.758+0530] {subprocess.py:106} INFO - 26/01/30 09:37:54 INFO FileOutputCommitter: FileOutputCommitter skip cleanup _temporary folders under output directory:false, ignore cleanup failures: false
[2026-01-30T09:37:54.758+0530] {subprocess.py:106} INFO - 26/01/30 09:37:54 INFO SQLHadoopMapReduceCommitProtocol: Using output committer class org.apache.parquet.hadoop.ParquetOutputCommitter
[2026-01-30T09:37:54.763+0530] {subprocess.py:106} INFO - 26/01/30 09:37:54 INFO CodecConfig: Compression: SNAPPY
[2026-01-30T09:37:54.766+0530] {subprocess.py:106} INFO - 26/01/30 09:37:54 INFO CodecConfig: Compression: SNAPPY
[2026-01-30T09:37:54.783+0530] {subprocess.py:106} INFO - 26/01/30 09:37:54 INFO ParquetOutputFormat: ParquetRecordWriter [block size: 134217728b, row group padding size: 8388608b, validating: false]
[2026-01-30T09:37:54.793+0530] {subprocess.py:106} INFO - 26/01/30 09:37:54 INFO ParquetWriteSupport: Initialized Parquet WriteSupport with Catalyst schema:
[2026-01-30T09:37:54.794+0530] {subprocess.py:106} INFO - {
[2026-01-30T09:37:54.794+0530] {subprocess.py:106} INFO -   "type" : "struct",
[2026-01-30T09:37:54.794+0530] {subprocess.py:106} INFO -   "fields" : [ {
[2026-01-30T09:37:54.795+0530] {subprocess.py:106} INFO -     "name" : "city",
[2026-01-30T09:37:54.795+0530] {subprocess.py:106} INFO -     "type" : "string",
[2026-01-30T09:37:54.795+0530] {subprocess.py:106} INFO -     "nullable" : true,
[2026-01-30T09:37:54.795+0530] {subprocess.py:106} INFO -     "metadata" : { }
[2026-01-30T09:37:54.795+0530] {subprocess.py:106} INFO -   }, {
[2026-01-30T09:37:54.796+0530] {subprocess.py:106} INFO -     "name" : "year",
[2026-01-30T09:37:54.796+0530] {subprocess.py:106} INFO -     "type" : "integer",
[2026-01-30T09:37:54.796+0530] {subprocess.py:106} INFO -     "nullable" : true,
[2026-01-30T09:37:54.796+0530] {subprocess.py:106} INFO -     "metadata" : { }
[2026-01-30T09:37:54.796+0530] {subprocess.py:106} INFO -   }, {
[2026-01-30T09:37:54.796+0530] {subprocess.py:106} INFO -     "name" : "avg_max_temp",
[2026-01-30T09:37:54.797+0530] {subprocess.py:106} INFO -     "type" : "double",
[2026-01-30T09:37:54.797+0530] {subprocess.py:106} INFO -     "nullable" : true,
[2026-01-30T09:37:54.797+0530] {subprocess.py:106} INFO -     "metadata" : { }
[2026-01-30T09:37:54.797+0530] {subprocess.py:106} INFO -   }, {
[2026-01-30T09:37:54.797+0530] {subprocess.py:106} INFO -     "name" : "avg_min_temp",
[2026-01-30T09:37:54.798+0530] {subprocess.py:106} INFO -     "type" : "double",
[2026-01-30T09:37:54.798+0530] {subprocess.py:106} INFO -     "nullable" : true,
[2026-01-30T09:37:54.798+0530] {subprocess.py:106} INFO -     "metadata" : { }
[2026-01-30T09:37:54.798+0530] {subprocess.py:106} INFO -   }, {
[2026-01-30T09:37:54.798+0530] {subprocess.py:106} INFO -     "name" : "highest_temp",
[2026-01-30T09:37:54.798+0530] {subprocess.py:106} INFO -     "type" : "double",
[2026-01-30T09:37:54.799+0530] {subprocess.py:106} INFO -     "nullable" : true,
[2026-01-30T09:37:54.799+0530] {subprocess.py:106} INFO -     "metadata" : { }
[2026-01-30T09:37:54.799+0530] {subprocess.py:106} INFO -   }, {
[2026-01-30T09:37:54.799+0530] {subprocess.py:106} INFO -     "name" : "lowest_temp",
[2026-01-30T09:37:54.799+0530] {subprocess.py:106} INFO -     "type" : "double",
[2026-01-30T09:37:54.800+0530] {subprocess.py:106} INFO -     "nullable" : true,
[2026-01-30T09:37:54.800+0530] {subprocess.py:106} INFO -     "metadata" : { }
[2026-01-30T09:37:54.800+0530] {subprocess.py:106} INFO -   }, {
[2026-01-30T09:37:54.800+0530] {subprocess.py:106} INFO -     "name" : "temp_range",
[2026-01-30T09:37:54.800+0530] {subprocess.py:106} INFO -     "type" : "double",
[2026-01-30T09:37:54.801+0530] {subprocess.py:106} INFO -     "nullable" : true,
[2026-01-30T09:37:54.801+0530] {subprocess.py:106} INFO -     "metadata" : { }
[2026-01-30T09:37:54.801+0530] {subprocess.py:106} INFO -   }, {
[2026-01-30T09:37:54.801+0530] {subprocess.py:106} INFO -     "name" : "heat_stress",
[2026-01-30T09:37:54.801+0530] {subprocess.py:106} INFO -     "type" : "double",
[2026-01-30T09:37:54.801+0530] {subprocess.py:106} INFO -     "nullable" : true,
[2026-01-30T09:37:54.802+0530] {subprocess.py:106} INFO -     "metadata" : { }
[2026-01-30T09:37:54.802+0530] {subprocess.py:106} INFO -   }, {
[2026-01-30T09:37:54.802+0530] {subprocess.py:106} INFO -     "name" : "heat_stress_type",
[2026-01-30T09:37:54.802+0530] {subprocess.py:106} INFO -     "type" : "string",
[2026-01-30T09:37:54.802+0530] {subprocess.py:106} INFO -     "nullable" : false,
[2026-01-30T09:37:54.803+0530] {subprocess.py:106} INFO -     "metadata" : { }
[2026-01-30T09:37:54.803+0530] {subprocess.py:106} INFO -   }, {
[2026-01-30T09:37:54.803+0530] {subprocess.py:106} INFO -     "name" : "yearly_rainfall",
[2026-01-30T09:37:54.803+0530] {subprocess.py:106} INFO -     "type" : "double",
[2026-01-30T09:37:54.803+0530] {subprocess.py:106} INFO -     "nullable" : true,
[2026-01-30T09:37:54.804+0530] {subprocess.py:106} INFO -     "metadata" : { }
[2026-01-30T09:37:54.804+0530] {subprocess.py:106} INFO -   }, {
[2026-01-30T09:37:54.804+0530] {subprocess.py:106} INFO -     "name" : "max_wind_gust",
[2026-01-30T09:37:54.804+0530] {subprocess.py:106} INFO -     "type" : "double",
[2026-01-30T09:37:54.804+0530] {subprocess.py:106} INFO -     "nullable" : true,
[2026-01-30T09:37:54.804+0530] {subprocess.py:106} INFO -     "metadata" : { }
[2026-01-30T09:37:54.805+0530] {subprocess.py:106} INFO -   } ]
[2026-01-30T09:37:54.805+0530] {subprocess.py:106} INFO - }
[2026-01-30T09:37:54.805+0530] {subprocess.py:106} INFO - and corresponding Parquet message type:
[2026-01-30T09:37:54.805+0530] {subprocess.py:106} INFO - message spark_schema {
[2026-01-30T09:37:54.805+0530] {subprocess.py:106} INFO -   optional binary city (STRING);
[2026-01-30T09:37:54.805+0530] {subprocess.py:106} INFO -   optional int32 year;
[2026-01-30T09:37:54.806+0530] {subprocess.py:106} INFO -   optional double avg_max_temp;
[2026-01-30T09:37:54.806+0530] {subprocess.py:106} INFO -   optional double avg_min_temp;
[2026-01-30T09:37:54.806+0530] {subprocess.py:106} INFO -   optional double highest_temp;
[2026-01-30T09:37:54.806+0530] {subprocess.py:106} INFO -   optional double lowest_temp;
[2026-01-30T09:37:54.806+0530] {subprocess.py:106} INFO -   optional double temp_range;
[2026-01-30T09:37:54.807+0530] {subprocess.py:106} INFO -   optional double heat_stress;
[2026-01-30T09:37:54.807+0530] {subprocess.py:106} INFO -   required binary heat_stress_type (STRING);
[2026-01-30T09:37:54.807+0530] {subprocess.py:106} INFO -   optional double yearly_rainfall;
[2026-01-30T09:37:54.807+0530] {subprocess.py:106} INFO -   optional double max_wind_gust;
[2026-01-30T09:37:54.807+0530] {subprocess.py:106} INFO - }
[2026-01-30T09:37:54.808+0530] {subprocess.py:106} INFO - 
[2026-01-30T09:37:54.808+0530] {subprocess.py:106} INFO - 
[2026-01-30T09:37:54.833+0530] {subprocess.py:106} INFO - 26/01/30 09:37:54 INFO CodecPool: Got brand-new compressor [.snappy]
[2026-01-30T09:37:55.041+0530] {subprocess.py:106} INFO - 26/01/30 09:37:55 INFO FileOutputCommitter: Saved output of task 'attempt_20260130093754135846724047576237_0008_m_000000_7' to hdfs://localhost:9000/weather/analytics/city_summary_yearly/_temporary/0/task_20260130093754135846724047576237_0008_m_000000
[2026-01-30T09:37:55.041+0530] {subprocess.py:106} INFO - 26/01/30 09:37:55 INFO SparkHadoopMapRedUtil: attempt_20260130093754135846724047576237_0008_m_000000_7: Committed. Elapsed time: 9 ms.
[2026-01-30T09:37:55.046+0530] {subprocess.py:106} INFO - 26/01/30 09:37:55 INFO Executor: Finished task 0.0 in stage 8.0 (TID 7). 7814 bytes result sent to driver
[2026-01-30T09:37:55.048+0530] {subprocess.py:106} INFO - 26/01/30 09:37:55 INFO TaskSetManager: Finished task 0.0 in stage 8.0 (TID 7) in 346 ms on Aishwarya92848DBDA (executor driver) (1/1)
[2026-01-30T09:37:55.048+0530] {subprocess.py:106} INFO - 26/01/30 09:37:55 INFO TaskSchedulerImpl: Removed TaskSet 8.0, whose tasks have all completed, from pool
[2026-01-30T09:37:55.049+0530] {subprocess.py:106} INFO - 26/01/30 09:37:55 INFO DAGScheduler: ResultStage 8 (parquet at NativeMethodAccessorImpl.java:0) finished in 0.373 s
[2026-01-30T09:37:55.049+0530] {subprocess.py:106} INFO - 26/01/30 09:37:55 INFO DAGScheduler: Job 4 is finished. Cancelling potential speculative or zombie tasks for this job
[2026-01-30T09:37:55.049+0530] {subprocess.py:106} INFO - 26/01/30 09:37:55 INFO TaskSchedulerImpl: Killing all running tasks in stage 8: Stage finished
[2026-01-30T09:37:55.050+0530] {subprocess.py:106} INFO - 26/01/30 09:37:55 INFO DAGScheduler: Job 4 finished: parquet at NativeMethodAccessorImpl.java:0, took 0.384113 s
[2026-01-30T09:37:55.051+0530] {subprocess.py:106} INFO - 26/01/30 09:37:55 INFO FileFormatWriter: Start to commit write Job ab95b0ae-662c-4017-b65e-58507325da51.
[2026-01-30T09:37:55.076+0530] {subprocess.py:106} INFO - 26/01/30 09:37:55 INFO FileFormatWriter: Write Job ab95b0ae-662c-4017-b65e-58507325da51 committed. Elapsed time: 23 ms.
[2026-01-30T09:37:55.079+0530] {subprocess.py:106} INFO - 26/01/30 09:37:55 INFO FileFormatWriter: Finished processing stats for write job ab95b0ae-662c-4017-b65e-58507325da51.
[2026-01-30T09:37:55.111+0530] {subprocess.py:106} INFO - 26/01/30 09:37:55 INFO FileSourceStrategy: Pushed Filters:
[2026-01-30T09:37:55.111+0530] {subprocess.py:106} INFO - 26/01/30 09:37:55 INFO FileSourceStrategy: Post-Scan Filters:
[2026-01-30T09:37:55.182+0530] {subprocess.py:106} INFO - 26/01/30 09:37:55 INFO CodeGenerator: Code generated in 37.194204 ms
[2026-01-30T09:37:55.188+0530] {subprocess.py:106} INFO - 26/01/30 09:37:55 INFO MemoryStore: Block broadcast_6 stored as values in memory (estimated size 358.3 KiB, free 365.1 MiB)
[2026-01-30T09:37:55.195+0530] {subprocess.py:106} INFO - 26/01/30 09:37:55 INFO MemoryStore: Block broadcast_6_piece0 stored as bytes in memory (estimated size 35.2 KiB, free 365.1 MiB)
[2026-01-30T09:37:55.196+0530] {subprocess.py:106} INFO - 26/01/30 09:37:55 INFO BlockManagerInfo: Added broadcast_6_piece0 in memory on Aishwarya92848DBDA:32951 (size: 35.2 KiB, free: 366.1 MiB)
[2026-01-30T09:37:55.197+0530] {subprocess.py:106} INFO - 26/01/30 09:37:55 INFO SparkContext: Created broadcast 6 from parquet at NativeMethodAccessorImpl.java:0
[2026-01-30T09:37:55.198+0530] {subprocess.py:106} INFO - 26/01/30 09:37:55 INFO FileSourceScanExec: Planning scan with bin packing, max size: 4194304 bytes, open cost is considered as scanning 4194304 bytes.
[2026-01-30T09:37:55.207+0530] {subprocess.py:106} INFO - 26/01/30 09:37:55 INFO DAGScheduler: Registering RDD 18 (parquet at NativeMethodAccessorImpl.java:0) as input to shuffle 2
[2026-01-30T09:37:55.207+0530] {subprocess.py:106} INFO - 26/01/30 09:37:55 INFO DAGScheduler: Got map stage job 5 (parquet at NativeMethodAccessorImpl.java:0) with 4 output partitions
[2026-01-30T09:37:55.207+0530] {subprocess.py:106} INFO - 26/01/30 09:37:55 INFO DAGScheduler: Final stage: ShuffleMapStage 9 (parquet at NativeMethodAccessorImpl.java:0)
[2026-01-30T09:37:55.208+0530] {subprocess.py:106} INFO - 26/01/30 09:37:55 INFO DAGScheduler: Parents of final stage: List()
[2026-01-30T09:37:55.208+0530] {subprocess.py:106} INFO - 26/01/30 09:37:55 INFO DAGScheduler: Missing parents: List()
[2026-01-30T09:37:55.209+0530] {subprocess.py:106} INFO - 26/01/30 09:37:55 INFO DAGScheduler: Submitting ShuffleMapStage 9 (MapPartitionsRDD[18] at parquet at NativeMethodAccessorImpl.java:0), which has no missing parents
[2026-01-30T09:37:55.213+0530] {subprocess.py:106} INFO - 26/01/30 09:37:55 INFO MemoryStore: Block broadcast_7 stored as values in memory (estimated size 70.1 KiB, free 365.0 MiB)
[2026-01-30T09:37:55.215+0530] {subprocess.py:106} INFO - 26/01/30 09:37:55 INFO MemoryStore: Block broadcast_7_piece0 stored as bytes in memory (estimated size 26.0 KiB, free 365.0 MiB)
[2026-01-30T09:37:55.215+0530] {subprocess.py:106} INFO - 26/01/30 09:37:55 INFO BlockManagerInfo: Added broadcast_7_piece0 in memory on Aishwarya92848DBDA:32951 (size: 26.0 KiB, free: 366.1 MiB)
[2026-01-30T09:37:55.216+0530] {subprocess.py:106} INFO - 26/01/30 09:37:55 INFO SparkContext: Created broadcast 7 from broadcast at DAGScheduler.scala:1585
[2026-01-30T09:37:55.216+0530] {subprocess.py:106} INFO - 26/01/30 09:37:55 INFO DAGScheduler: Submitting 4 missing tasks from ShuffleMapStage 9 (MapPartitionsRDD[18] at parquet at NativeMethodAccessorImpl.java:0) (first 15 tasks are for partitions Vector(0, 1, 2, 3))
[2026-01-30T09:37:55.217+0530] {subprocess.py:106} INFO - 26/01/30 09:37:55 INFO TaskSchedulerImpl: Adding task set 9.0 with 4 tasks resource profile 0
[2026-01-30T09:37:55.218+0530] {subprocess.py:106} INFO - 26/01/30 09:37:55 INFO TaskSetManager: Starting task 0.0 in stage 9.0 (TID 8) (Aishwarya92848DBDA, executor driver, partition 0, NODE_LOCAL, 8305 bytes)
[2026-01-30T09:37:55.218+0530] {subprocess.py:106} INFO - 26/01/30 09:37:55 INFO TaskSetManager: Starting task 1.0 in stage 9.0 (TID 9) (Aishwarya92848DBDA, executor driver, partition 1, NODE_LOCAL, 8305 bytes)
[2026-01-30T09:37:55.219+0530] {subprocess.py:106} INFO - 26/01/30 09:37:55 INFO TaskSetManager: Starting task 2.0 in stage 9.0 (TID 10) (Aishwarya92848DBDA, executor driver, partition 2, NODE_LOCAL, 8305 bytes)
[2026-01-30T09:37:55.219+0530] {subprocess.py:106} INFO - 26/01/30 09:37:55 INFO TaskSetManager: Starting task 3.0 in stage 9.0 (TID 11) (Aishwarya92848DBDA, executor driver, partition 3, NODE_LOCAL, 8305 bytes)
[2026-01-30T09:37:55.220+0530] {subprocess.py:106} INFO - 26/01/30 09:37:55 INFO Executor: Running task 3.0 in stage 9.0 (TID 11)
[2026-01-30T09:37:55.220+0530] {subprocess.py:106} INFO - 26/01/30 09:37:55 INFO Executor: Running task 0.0 in stage 9.0 (TID 8)
[2026-01-30T09:37:55.221+0530] {subprocess.py:106} INFO - 26/01/30 09:37:55 INFO Executor: Running task 2.0 in stage 9.0 (TID 10)
[2026-01-30T09:37:55.221+0530] {subprocess.py:106} INFO - 26/01/30 09:37:55 INFO Executor: Running task 1.0 in stage 9.0 (TID 9)
[2026-01-30T09:37:55.263+0530] {subprocess.py:106} INFO - 26/01/30 09:37:55 INFO CodeGenerator: Code generated in 37.129656 ms
[2026-01-30T09:37:55.276+0530] {subprocess.py:106} INFO - 26/01/30 09:37:55 INFO CodeGenerator: Code generated in 8.08533 ms
[2026-01-30T09:37:55.286+0530] {subprocess.py:106} INFO - 26/01/30 09:37:55 INFO CodeGenerator: Code generated in 5.343395 ms
[2026-01-30T09:37:55.298+0530] {subprocess.py:106} INFO - 26/01/30 09:37:55 INFO CodeGenerator: Code generated in 7.278113 ms
[2026-01-30T09:37:55.309+0530] {subprocess.py:106} INFO - 26/01/30 09:37:55 INFO CodeGenerator: Code generated in 5.509781 ms
[2026-01-30T09:37:55.315+0530] {subprocess.py:106} INFO - 26/01/30 09:37:55 INFO FileScanRDD: Reading File path: hdfs://localhost:9000/weather/data/processed/weather_processed.parquet/part-00000-50d3d5d4-dd1e-43da-a133-b66d40e74e7e-c000.snappy.parquet, range: 0-1425884, partition values: [empty row]
[2026-01-30T09:37:55.315+0530] {subprocess.py:106} INFO - 26/01/30 09:37:55 INFO FileScanRDD: Reading File path: hdfs://localhost:9000/weather/data/processed/weather_processed.parquet/part-00001-50d3d5d4-dd1e-43da-a133-b66d40e74e7e-c000.snappy.parquet, range: 0-964118, partition values: [empty row]
[2026-01-30T09:37:55.315+0530] {subprocess.py:106} INFO - 26/01/30 09:37:55 INFO FileScanRDD: Reading File path: hdfs://localhost:9000/weather/data/processed/weather_processed.parquet/part-00002-50d3d5d4-dd1e-43da-a133-b66d40e74e7e-c000.snappy.parquet, range: 0-970584, partition values: [empty row]
[2026-01-30T09:37:55.315+0530] {subprocess.py:106} INFO - 26/01/30 09:37:55 INFO FileScanRDD: Reading File path: hdfs://localhost:9000/weather/data/processed/weather_processed.parquet/part-00003-50d3d5d4-dd1e-43da-a133-b66d40e74e7e-c000.snappy.parquet, range: 0-1423950, partition values: [empty row]
[2026-01-30T09:37:55.452+0530] {subprocess.py:106} INFO - 26/01/30 09:37:55 INFO BlockManagerInfo: Removed broadcast_5_piece0 on Aishwarya92848DBDA:32951 in memory (size: 96.2 KiB, free: 366.2 MiB)
[2026-01-30T09:37:55.458+0530] {subprocess.py:106} INFO - 26/01/30 09:37:55 INFO BlockManagerInfo: Removed broadcast_1_piece0 on Aishwarya92848DBDA:32951 in memory (size: 35.3 KiB, free: 366.2 MiB)
[2026-01-30T09:37:55.464+0530] {subprocess.py:106} INFO - 26/01/30 09:37:55 INFO BlockManagerInfo: Removed broadcast_4_piece0 on Aishwarya92848DBDA:32951 in memory (size: 33.6 KiB, free: 366.2 MiB)
[2026-01-30T09:37:55.485+0530] {subprocess.py:106} INFO - 26/01/30 09:37:55 INFO Executor: Finished task 2.0 in stage 9.0 (TID 10). 2979 bytes result sent to driver
[2026-01-30T09:37:55.486+0530] {subprocess.py:106} INFO - 26/01/30 09:37:55 INFO TaskSetManager: Finished task 2.0 in stage 9.0 (TID 10) in 268 ms on Aishwarya92848DBDA (executor driver) (1/4)
[2026-01-30T09:37:55.492+0530] {subprocess.py:106} INFO - 26/01/30 09:37:55 INFO Executor: Finished task 3.0 in stage 9.0 (TID 11). 2979 bytes result sent to driver
[2026-01-30T09:37:55.494+0530] {subprocess.py:106} INFO - 26/01/30 09:37:55 INFO TaskSetManager: Finished task 3.0 in stage 9.0 (TID 11) in 274 ms on Aishwarya92848DBDA (executor driver) (2/4)
[2026-01-30T09:37:55.499+0530] {subprocess.py:106} INFO - 26/01/30 09:37:55 INFO Executor: Finished task 1.0 in stage 9.0 (TID 9). 2979 bytes result sent to driver
[2026-01-30T09:37:55.500+0530] {subprocess.py:106} INFO - 26/01/30 09:37:55 INFO TaskSetManager: Finished task 1.0 in stage 9.0 (TID 9) in 282 ms on Aishwarya92848DBDA (executor driver) (3/4)
[2026-01-30T09:37:55.502+0530] {subprocess.py:106} INFO - 26/01/30 09:37:55 INFO Executor: Finished task 0.0 in stage 9.0 (TID 8). 2979 bytes result sent to driver
[2026-01-30T09:37:55.503+0530] {subprocess.py:106} INFO - 26/01/30 09:37:55 INFO TaskSetManager: Finished task 0.0 in stage 9.0 (TID 8) in 286 ms on Aishwarya92848DBDA (executor driver) (4/4)
[2026-01-30T09:37:55.503+0530] {subprocess.py:106} INFO - 26/01/30 09:37:55 INFO TaskSchedulerImpl: Removed TaskSet 9.0, whose tasks have all completed, from pool
[2026-01-30T09:37:55.504+0530] {subprocess.py:106} INFO - 26/01/30 09:37:55 INFO DAGScheduler: ShuffleMapStage 9 (parquet at NativeMethodAccessorImpl.java:0) finished in 0.294 s
[2026-01-30T09:37:55.504+0530] {subprocess.py:106} INFO - 26/01/30 09:37:55 INFO DAGScheduler: looking for newly runnable stages
[2026-01-30T09:37:55.505+0530] {subprocess.py:106} INFO - 26/01/30 09:37:55 INFO DAGScheduler: running: Set()
[2026-01-30T09:37:55.505+0530] {subprocess.py:106} INFO - 26/01/30 09:37:55 INFO DAGScheduler: waiting: Set()
[2026-01-30T09:37:55.505+0530] {subprocess.py:106} INFO - 26/01/30 09:37:55 INFO DAGScheduler: failed: Set()
[2026-01-30T09:37:55.512+0530] {subprocess.py:106} INFO - 26/01/30 09:37:55 INFO ShufflePartitionsUtil: For shuffle(2), advisory target size: 67108864, actual target size 1048576, minimum partition size: 1048576
[2026-01-30T09:37:55.526+0530] {subprocess.py:106} INFO - 26/01/30 09:37:55 INFO HashAggregateExec: spark.sql.codegen.aggregate.map.twolevel.enabled is set to true, but current version of codegened fast hashmap does not support this aggregate.
[2026-01-30T09:37:55.565+0530] {subprocess.py:106} INFO - 26/01/30 09:37:55 INFO CodeGenerator: Code generated in 25.418624 ms
[2026-01-30T09:37:55.580+0530] {subprocess.py:106} INFO - 26/01/30 09:37:55 INFO CodeGenerator: Code generated in 5.032972 ms
[2026-01-30T09:37:55.593+0530] {subprocess.py:106} INFO - 26/01/30 09:37:55 INFO SparkContext: Starting job: parquet at NativeMethodAccessorImpl.java:0
[2026-01-30T09:37:55.595+0530] {subprocess.py:106} INFO - 26/01/30 09:37:55 INFO DAGScheduler: Got job 6 (parquet at NativeMethodAccessorImpl.java:0) with 1 output partitions
[2026-01-30T09:37:55.595+0530] {subprocess.py:106} INFO - 26/01/30 09:37:55 INFO DAGScheduler: Final stage: ResultStage 11 (parquet at NativeMethodAccessorImpl.java:0)
[2026-01-30T09:37:55.596+0530] {subprocess.py:106} INFO - 26/01/30 09:37:55 INFO DAGScheduler: Parents of final stage: List(ShuffleMapStage 10)
[2026-01-30T09:37:55.596+0530] {subprocess.py:106} INFO - 26/01/30 09:37:55 INFO DAGScheduler: Missing parents: List()
[2026-01-30T09:37:55.597+0530] {subprocess.py:106} INFO - 26/01/30 09:37:55 INFO DAGScheduler: Submitting ResultStage 11 (MapPartitionsRDD[23] at parquet at NativeMethodAccessorImpl.java:0), which has no missing parents
[2026-01-30T09:37:55.605+0530] {subprocess.py:106} INFO - 26/01/30 09:37:55 INFO MemoryStore: Block broadcast_8 stored as values in memory (estimated size 84.5 KiB, free 365.7 MiB)
[2026-01-30T09:37:55.607+0530] {subprocess.py:106} INFO - 26/01/30 09:37:55 INFO MemoryStore: Block broadcast_8_piece0 stored as bytes in memory (estimated size 31.6 KiB, free 365.7 MiB)
[2026-01-30T09:37:55.607+0530] {subprocess.py:106} INFO - 26/01/30 09:37:55 INFO BlockManagerInfo: Added broadcast_8_piece0 in memory on Aishwarya92848DBDA:32951 (size: 31.6 KiB, free: 366.2 MiB)
[2026-01-30T09:37:55.608+0530] {subprocess.py:106} INFO - 26/01/30 09:37:55 INFO SparkContext: Created broadcast 8 from broadcast at DAGScheduler.scala:1585
[2026-01-30T09:37:55.609+0530] {subprocess.py:106} INFO - 26/01/30 09:37:55 INFO DAGScheduler: Submitting 1 missing tasks from ResultStage 11 (MapPartitionsRDD[23] at parquet at NativeMethodAccessorImpl.java:0) (first 15 tasks are for partitions Vector(0))
[2026-01-30T09:37:55.609+0530] {subprocess.py:106} INFO - 26/01/30 09:37:55 INFO TaskSchedulerImpl: Adding task set 11.0 with 1 tasks resource profile 0
[2026-01-30T09:37:55.611+0530] {subprocess.py:106} INFO - 26/01/30 09:37:55 INFO TaskSetManager: Starting task 0.0 in stage 11.0 (TID 12) (Aishwarya92848DBDA, executor driver, partition 0, NODE_LOCAL, 7615 bytes)
[2026-01-30T09:37:55.611+0530] {subprocess.py:106} INFO - 26/01/30 09:37:55 INFO Executor: Running task 0.0 in stage 11.0 (TID 12)
[2026-01-30T09:37:55.617+0530] {subprocess.py:106} INFO - 26/01/30 09:37:55 INFO ShuffleBlockFetcherIterator: Getting 4 (296.9 KiB) non-empty blocks including 4 (296.9 KiB) local and 0 (0.0 B) host-local and 0 (0.0 B) push-merged-local and 0 (0.0 B) remote blocks
[2026-01-30T09:37:55.618+0530] {subprocess.py:106} INFO - 26/01/30 09:37:55 INFO ShuffleBlockFetcherIterator: Started 0 remote fetches in 1 ms
[2026-01-30T09:37:55.643+0530] {subprocess.py:106} INFO - 26/01/30 09:37:55 INFO CodeGenerator: Code generated in 25.042099 ms
[2026-01-30T09:37:55.702+0530] {subprocess.py:106} INFO - 26/01/30 09:37:55 INFO Executor: Finished task 0.0 in stage 11.0 (TID 12). 192303 bytes result sent to driver
[2026-01-30T09:37:55.705+0530] {subprocess.py:106} INFO - 26/01/30 09:37:55 INFO TaskSetManager: Finished task 0.0 in stage 11.0 (TID 12) in 94 ms on Aishwarya92848DBDA (executor driver) (1/1)
[2026-01-30T09:37:55.705+0530] {subprocess.py:106} INFO - 26/01/30 09:37:55 INFO TaskSchedulerImpl: Removed TaskSet 11.0, whose tasks have all completed, from pool
[2026-01-30T09:37:55.706+0530] {subprocess.py:106} INFO - 26/01/30 09:37:55 INFO DAGScheduler: ResultStage 11 (parquet at NativeMethodAccessorImpl.java:0) finished in 0.104 s
[2026-01-30T09:37:55.707+0530] {subprocess.py:106} INFO - 26/01/30 09:37:55 INFO DAGScheduler: Job 6 is finished. Cancelling potential speculative or zombie tasks for this job
[2026-01-30T09:37:55.707+0530] {subprocess.py:106} INFO - 26/01/30 09:37:55 INFO TaskSchedulerImpl: Killing all running tasks in stage 11: Stage finished
[2026-01-30T09:37:55.708+0530] {subprocess.py:106} INFO - 26/01/30 09:37:55 INFO DAGScheduler: Job 6 finished: parquet at NativeMethodAccessorImpl.java:0, took 0.113611 s
[2026-01-30T09:37:55.719+0530] {subprocess.py:106} INFO - 26/01/30 09:37:55 INFO DAGScheduler: Registering RDD 24 (parquet at NativeMethodAccessorImpl.java:0) as input to shuffle 3
[2026-01-30T09:37:55.720+0530] {subprocess.py:106} INFO - 26/01/30 09:37:55 INFO DAGScheduler: Got map stage job 7 (parquet at NativeMethodAccessorImpl.java:0) with 1 output partitions
[2026-01-30T09:37:55.720+0530] {subprocess.py:106} INFO - 26/01/30 09:37:55 INFO DAGScheduler: Final stage: ShuffleMapStage 13 (parquet at NativeMethodAccessorImpl.java:0)
[2026-01-30T09:37:55.720+0530] {subprocess.py:106} INFO - 26/01/30 09:37:55 INFO DAGScheduler: Parents of final stage: List(ShuffleMapStage 12)
[2026-01-30T09:37:55.721+0530] {subprocess.py:106} INFO - 26/01/30 09:37:55 INFO DAGScheduler: Missing parents: List()
[2026-01-30T09:37:55.723+0530] {subprocess.py:106} INFO - 26/01/30 09:37:55 INFO DAGScheduler: Submitting ShuffleMapStage 13 (MapPartitionsRDD[24] at parquet at NativeMethodAccessorImpl.java:0), which has no missing parents
[2026-01-30T09:37:55.730+0530] {subprocess.py:106} INFO - 26/01/30 09:37:55 INFO MemoryStore: Block broadcast_9 stored as values in memory (estimated size 96.8 KiB, free 365.6 MiB)
[2026-01-30T09:37:55.732+0530] {subprocess.py:106} INFO - 26/01/30 09:37:55 INFO MemoryStore: Block broadcast_9_piece0 stored as bytes in memory (estimated size 33.7 KiB, free 365.6 MiB)
[2026-01-30T09:37:55.733+0530] {subprocess.py:106} INFO - 26/01/30 09:37:55 INFO BlockManagerInfo: Added broadcast_9_piece0 in memory on Aishwarya92848DBDA:32951 (size: 33.7 KiB, free: 366.2 MiB)
[2026-01-30T09:37:55.733+0530] {subprocess.py:106} INFO - 26/01/30 09:37:55 INFO SparkContext: Created broadcast 9 from broadcast at DAGScheduler.scala:1585
[2026-01-30T09:37:55.734+0530] {subprocess.py:106} INFO - 26/01/30 09:37:55 INFO DAGScheduler: Submitting 1 missing tasks from ShuffleMapStage 13 (MapPartitionsRDD[24] at parquet at NativeMethodAccessorImpl.java:0) (first 15 tasks are for partitions Vector(0))
[2026-01-30T09:37:55.734+0530] {subprocess.py:106} INFO - 26/01/30 09:37:55 INFO TaskSchedulerImpl: Adding task set 13.0 with 1 tasks resource profile 0
[2026-01-30T09:37:55.735+0530] {subprocess.py:106} INFO - 26/01/30 09:37:55 INFO TaskSetManager: Starting task 0.0 in stage 13.0 (TID 13) (Aishwarya92848DBDA, executor driver, partition 0, NODE_LOCAL, 7604 bytes)
[2026-01-30T09:37:55.736+0530] {subprocess.py:106} INFO - 26/01/30 09:37:55 INFO Executor: Running task 0.0 in stage 13.0 (TID 13)
[2026-01-30T09:37:55.748+0530] {subprocess.py:106} INFO - 26/01/30 09:37:55 INFO CodeGenerator: Code generated in 6.215781 ms
[2026-01-30T09:37:55.751+0530] {subprocess.py:106} INFO - 26/01/30 09:37:55 INFO ShuffleBlockFetcherIterator: Getting 4 (296.9 KiB) non-empty blocks including 4 (296.9 KiB) local and 0 (0.0 B) host-local and 0 (0.0 B) push-merged-local and 0 (0.0 B) remote blocks
[2026-01-30T09:37:55.752+0530] {subprocess.py:106} INFO - 26/01/30 09:37:55 INFO ShuffleBlockFetcherIterator: Started 0 remote fetches in 1 ms
[2026-01-30T09:37:55.818+0530] {subprocess.py:106} INFO - 26/01/30 09:37:55 INFO Executor: Finished task 0.0 in stage 13.0 (TID 13). 5675 bytes result sent to driver
[2026-01-30T09:37:55.819+0530] {subprocess.py:106} INFO - 26/01/30 09:37:55 INFO TaskSetManager: Finished task 0.0 in stage 13.0 (TID 13) in 84 ms on Aishwarya92848DBDA (executor driver) (1/1)
[2026-01-30T09:37:55.820+0530] {subprocess.py:106} INFO - 26/01/30 09:37:55 INFO TaskSchedulerImpl: Removed TaskSet 13.0, whose tasks have all completed, from pool
[2026-01-30T09:37:55.820+0530] {subprocess.py:106} INFO - 26/01/30 09:37:55 INFO DAGScheduler: ShuffleMapStage 13 (parquet at NativeMethodAccessorImpl.java:0) finished in 0.093 s
[2026-01-30T09:37:55.821+0530] {subprocess.py:106} INFO - 26/01/30 09:37:55 INFO DAGScheduler: looking for newly runnable stages
[2026-01-30T09:37:55.821+0530] {subprocess.py:106} INFO - 26/01/30 09:37:55 INFO DAGScheduler: running: Set()
[2026-01-30T09:37:55.821+0530] {subprocess.py:106} INFO - 26/01/30 09:37:55 INFO DAGScheduler: waiting: Set()
[2026-01-30T09:37:55.821+0530] {subprocess.py:106} INFO - 26/01/30 09:37:55 INFO DAGScheduler: failed: Set()
[2026-01-30T09:37:55.825+0530] {subprocess.py:106} INFO - 26/01/30 09:37:55 INFO ShufflePartitionsUtil: For shuffle(3), advisory target size: 67108864, actual target size 1048576, minimum partition size: 1048576
[2026-01-30T09:37:55.835+0530] {subprocess.py:106} INFO - 26/01/30 09:37:55 INFO ParquetUtils: Using default output committer for Parquet: org.apache.parquet.hadoop.ParquetOutputCommitter
[2026-01-30T09:37:55.836+0530] {subprocess.py:106} INFO - 26/01/30 09:37:55 INFO FileOutputCommitter: File Output Committer Algorithm version is 1
[2026-01-30T09:37:55.836+0530] {subprocess.py:106} INFO - 26/01/30 09:37:55 INFO FileOutputCommitter: FileOutputCommitter skip cleanup _temporary folders under output directory:false, ignore cleanup failures: false
[2026-01-30T09:37:55.837+0530] {subprocess.py:106} INFO - 26/01/30 09:37:55 INFO SQLHadoopMapReduceCommitProtocol: Using user defined output committer class org.apache.parquet.hadoop.ParquetOutputCommitter
[2026-01-30T09:37:55.837+0530] {subprocess.py:106} INFO - 26/01/30 09:37:55 INFO FileOutputCommitter: File Output Committer Algorithm version is 1
[2026-01-30T09:37:55.837+0530] {subprocess.py:106} INFO - 26/01/30 09:37:55 INFO FileOutputCommitter: FileOutputCommitter skip cleanup _temporary folders under output directory:false, ignore cleanup failures: false
[2026-01-30T09:37:55.837+0530] {subprocess.py:106} INFO - 26/01/30 09:37:55 INFO SQLHadoopMapReduceCommitProtocol: Using output committer class org.apache.parquet.hadoop.ParquetOutputCommitter
[2026-01-30T09:37:55.854+0530] {subprocess.py:106} INFO - 26/01/30 09:37:55 INFO SparkContext: Starting job: parquet at NativeMethodAccessorImpl.java:0
[2026-01-30T09:37:55.855+0530] {subprocess.py:106} INFO - 26/01/30 09:37:55 INFO DAGScheduler: Got job 8 (parquet at NativeMethodAccessorImpl.java:0) with 1 output partitions
[2026-01-30T09:37:55.855+0530] {subprocess.py:106} INFO - 26/01/30 09:37:55 INFO DAGScheduler: Final stage: ResultStage 16 (parquet at NativeMethodAccessorImpl.java:0)
[2026-01-30T09:37:55.855+0530] {subprocess.py:106} INFO - 26/01/30 09:37:55 INFO DAGScheduler: Parents of final stage: List(ShuffleMapStage 15)
[2026-01-30T09:37:55.856+0530] {subprocess.py:106} INFO - 26/01/30 09:37:55 INFO DAGScheduler: Missing parents: List()
[2026-01-30T09:37:55.856+0530] {subprocess.py:106} INFO - 26/01/30 09:37:55 INFO DAGScheduler: Submitting ResultStage 16 (MapPartitionsRDD[27] at parquet at NativeMethodAccessorImpl.java:0), which has no missing parents
[2026-01-30T09:37:55.872+0530] {subprocess.py:106} INFO - 26/01/30 09:37:55 INFO MemoryStore: Block broadcast_10 stored as values in memory (estimated size 263.4 KiB, free 365.3 MiB)
[2026-01-30T09:37:55.874+0530] {subprocess.py:106} INFO - 26/01/30 09:37:55 INFO MemoryStore: Block broadcast_10_piece0 stored as bytes in memory (estimated size 95.9 KiB, free 365.2 MiB)
[2026-01-30T09:37:55.874+0530] {subprocess.py:106} INFO - 26/01/30 09:37:55 INFO BlockManagerInfo: Added broadcast_10_piece0 in memory on Aishwarya92848DBDA:32951 (size: 95.9 KiB, free: 366.1 MiB)
[2026-01-30T09:37:55.875+0530] {subprocess.py:106} INFO - 26/01/30 09:37:55 INFO SparkContext: Created broadcast 10 from broadcast at DAGScheduler.scala:1585
[2026-01-30T09:37:55.875+0530] {subprocess.py:106} INFO - 26/01/30 09:37:55 INFO DAGScheduler: Submitting 1 missing tasks from ResultStage 16 (MapPartitionsRDD[27] at parquet at NativeMethodAccessorImpl.java:0) (first 15 tasks are for partitions Vector(0))
[2026-01-30T09:37:55.875+0530] {subprocess.py:106} INFO - 26/01/30 09:37:55 INFO TaskSchedulerImpl: Adding task set 16.0 with 1 tasks resource profile 0
[2026-01-30T09:37:55.876+0530] {subprocess.py:106} INFO - 26/01/30 09:37:55 INFO TaskSetManager: Starting task 0.0 in stage 16.0 (TID 14) (Aishwarya92848DBDA, executor driver, partition 0, NODE_LOCAL, 7615 bytes)
[2026-01-30T09:37:55.877+0530] {subprocess.py:106} INFO - 26/01/30 09:37:55 INFO Executor: Running task 0.0 in stage 16.0 (TID 14)
[2026-01-30T09:37:55.893+0530] {subprocess.py:106} INFO - 26/01/30 09:37:55 INFO ShuffleBlockFetcherIterator: Getting 1 (172.5 KiB) non-empty blocks including 1 (172.5 KiB) local and 0 (0.0 B) host-local and 0 (0.0 B) push-merged-local and 0 (0.0 B) remote blocks
[2026-01-30T09:37:55.893+0530] {subprocess.py:106} INFO - 26/01/30 09:37:55 INFO ShuffleBlockFetcherIterator: Started 0 remote fetches in 0 ms
[2026-01-30T09:37:55.898+0530] {subprocess.py:106} INFO - 26/01/30 09:37:55 INFO FileOutputCommitter: File Output Committer Algorithm version is 1
[2026-01-30T09:37:55.898+0530] {subprocess.py:106} INFO - 26/01/30 09:37:55 INFO FileOutputCommitter: FileOutputCommitter skip cleanup _temporary folders under output directory:false, ignore cleanup failures: false
[2026-01-30T09:37:55.898+0530] {subprocess.py:106} INFO - 26/01/30 09:37:55 INFO SQLHadoopMapReduceCommitProtocol: Using user defined output committer class org.apache.parquet.hadoop.ParquetOutputCommitter
[2026-01-30T09:37:55.899+0530] {subprocess.py:106} INFO - 26/01/30 09:37:55 INFO FileOutputCommitter: File Output Committer Algorithm version is 1
[2026-01-30T09:37:55.899+0530] {subprocess.py:106} INFO - 26/01/30 09:37:55 INFO FileOutputCommitter: FileOutputCommitter skip cleanup _temporary folders under output directory:false, ignore cleanup failures: false
[2026-01-30T09:37:55.899+0530] {subprocess.py:106} INFO - 26/01/30 09:37:55 INFO SQLHadoopMapReduceCommitProtocol: Using output committer class org.apache.parquet.hadoop.ParquetOutputCommitter
[2026-01-30T09:37:55.899+0530] {subprocess.py:106} INFO - 26/01/30 09:37:55 INFO CodecConfig: Compression: SNAPPY
[2026-01-30T09:37:55.899+0530] {subprocess.py:106} INFO - 26/01/30 09:37:55 INFO CodecConfig: Compression: SNAPPY
[2026-01-30T09:37:55.900+0530] {subprocess.py:106} INFO - 26/01/30 09:37:55 INFO ParquetOutputFormat: ParquetRecordWriter [block size: 134217728b, row group padding size: 8388608b, validating: false]
[2026-01-30T09:37:55.902+0530] {subprocess.py:106} INFO - 26/01/30 09:37:55 INFO ParquetWriteSupport: Initialized Parquet WriteSupport with Catalyst schema:
[2026-01-30T09:37:55.902+0530] {subprocess.py:106} INFO - {
[2026-01-30T09:37:55.903+0530] {subprocess.py:106} INFO -   "type" : "struct",
[2026-01-30T09:37:55.903+0530] {subprocess.py:106} INFO -   "fields" : [ {
[2026-01-30T09:37:55.903+0530] {subprocess.py:106} INFO -     "name" : "city",
[2026-01-30T09:37:55.903+0530] {subprocess.py:106} INFO -     "type" : "string",
[2026-01-30T09:37:55.904+0530] {subprocess.py:106} INFO -     "nullable" : true,
[2026-01-30T09:37:55.904+0530] {subprocess.py:106} INFO -     "metadata" : { }
[2026-01-30T09:37:55.904+0530] {subprocess.py:106} INFO -   }, {
[2026-01-30T09:37:55.904+0530] {subprocess.py:106} INFO -     "name" : "year",
[2026-01-30T09:37:55.905+0530] {subprocess.py:106} INFO -     "type" : "integer",
[2026-01-30T09:37:55.905+0530] {subprocess.py:106} INFO -     "nullable" : true,
[2026-01-30T09:37:55.905+0530] {subprocess.py:106} INFO -     "metadata" : { }
[2026-01-30T09:37:55.905+0530] {subprocess.py:106} INFO -   }, {
[2026-01-30T09:37:55.905+0530] {subprocess.py:106} INFO -     "name" : "month",
[2026-01-30T09:37:55.906+0530] {subprocess.py:106} INFO -     "type" : "integer",
[2026-01-30T09:37:55.906+0530] {subprocess.py:106} INFO -     "nullable" : true,
[2026-01-30T09:37:55.906+0530] {subprocess.py:106} INFO -     "metadata" : { }
[2026-01-30T09:37:55.906+0530] {subprocess.py:106} INFO -   }, {
[2026-01-30T09:37:55.906+0530] {subprocess.py:106} INFO -     "name" : "avg_max_temp",
[2026-01-30T09:37:55.907+0530] {subprocess.py:106} INFO -     "type" : "double",
[2026-01-30T09:37:55.907+0530] {subprocess.py:106} INFO -     "nullable" : true,
[2026-01-30T09:37:55.907+0530] {subprocess.py:106} INFO -     "metadata" : { }
[2026-01-30T09:37:55.907+0530] {subprocess.py:106} INFO -   }, {
[2026-01-30T09:37:55.907+0530] {subprocess.py:106} INFO -     "name" : "avg_min_temp",
[2026-01-30T09:37:55.908+0530] {subprocess.py:106} INFO -     "type" : "double",
[2026-01-30T09:37:55.908+0530] {subprocess.py:106} INFO -     "nullable" : true,
[2026-01-30T09:37:55.908+0530] {subprocess.py:106} INFO -     "metadata" : { }
[2026-01-30T09:37:55.908+0530] {subprocess.py:106} INFO -   }, {
[2026-01-30T09:37:55.909+0530] {subprocess.py:106} INFO -     "name" : "highest_temp",
[2026-01-30T09:37:55.909+0530] {subprocess.py:106} INFO -     "type" : "double",
[2026-01-30T09:37:55.909+0530] {subprocess.py:106} INFO -     "nullable" : true,
[2026-01-30T09:37:55.910+0530] {subprocess.py:106} INFO -     "metadata" : { }
[2026-01-30T09:37:55.910+0530] {subprocess.py:106} INFO -   }, {
[2026-01-30T09:37:55.910+0530] {subprocess.py:106} INFO -     "name" : "lowest_temp",
[2026-01-30T09:37:55.910+0530] {subprocess.py:106} INFO -     "type" : "double",
[2026-01-30T09:37:55.910+0530] {subprocess.py:106} INFO -     "nullable" : true,
[2026-01-30T09:37:55.911+0530] {subprocess.py:106} INFO -     "metadata" : { }
[2026-01-30T09:37:55.911+0530] {subprocess.py:106} INFO -   }, {
[2026-01-30T09:37:55.911+0530] {subprocess.py:106} INFO -     "name" : "temp_range",
[2026-01-30T09:37:55.912+0530] {subprocess.py:106} INFO -     "type" : "double",
[2026-01-30T09:37:55.912+0530] {subprocess.py:106} INFO -     "nullable" : true,
[2026-01-30T09:37:55.912+0530] {subprocess.py:106} INFO -     "metadata" : { }
[2026-01-30T09:37:55.912+0530] {subprocess.py:106} INFO -   }, {
[2026-01-30T09:37:55.912+0530] {subprocess.py:106} INFO -     "name" : "heat_stress_type",
[2026-01-30T09:37:55.913+0530] {subprocess.py:106} INFO -     "type" : "string",
[2026-01-30T09:37:55.913+0530] {subprocess.py:106} INFO -     "nullable" : false,
[2026-01-30T09:37:55.913+0530] {subprocess.py:106} INFO -     "metadata" : { }
[2026-01-30T09:37:55.913+0530] {subprocess.py:106} INFO -   }, {
[2026-01-30T09:37:55.914+0530] {subprocess.py:106} INFO -     "name" : "monthly_rainfall",
[2026-01-30T09:37:55.914+0530] {subprocess.py:106} INFO -     "type" : "double",
[2026-01-30T09:37:55.914+0530] {subprocess.py:106} INFO -     "nullable" : true,
[2026-01-30T09:37:55.914+0530] {subprocess.py:106} INFO -     "metadata" : { }
[2026-01-30T09:37:55.914+0530] {subprocess.py:106} INFO -   }, {
[2026-01-30T09:37:55.914+0530] {subprocess.py:106} INFO -     "name" : "max_wind_gust",
[2026-01-30T09:37:55.915+0530] {subprocess.py:106} INFO -     "type" : "double",
[2026-01-30T09:37:55.915+0530] {subprocess.py:106} INFO -     "nullable" : true,
[2026-01-30T09:37:55.915+0530] {subprocess.py:106} INFO -     "metadata" : { }
[2026-01-30T09:37:55.915+0530] {subprocess.py:106} INFO -   } ]
[2026-01-30T09:37:55.915+0530] {subprocess.py:106} INFO - }
[2026-01-30T09:37:55.916+0530] {subprocess.py:106} INFO - and corresponding Parquet message type:
[2026-01-30T09:37:55.916+0530] {subprocess.py:106} INFO - message spark_schema {
[2026-01-30T09:37:55.916+0530] {subprocess.py:106} INFO -   optional binary city (STRING);
[2026-01-30T09:37:55.917+0530] {subprocess.py:106} INFO -   optional int32 year;
[2026-01-30T09:37:55.917+0530] {subprocess.py:106} INFO -   optional int32 month;
[2026-01-30T09:37:55.917+0530] {subprocess.py:106} INFO -   optional double avg_max_temp;
[2026-01-30T09:37:55.917+0530] {subprocess.py:106} INFO -   optional double avg_min_temp;
[2026-01-30T09:37:55.917+0530] {subprocess.py:106} INFO -   optional double highest_temp;
[2026-01-30T09:37:55.917+0530] {subprocess.py:106} INFO -   optional double lowest_temp;
[2026-01-30T09:37:55.917+0530] {subprocess.py:106} INFO -   optional double temp_range;
[2026-01-30T09:37:55.918+0530] {subprocess.py:106} INFO -   required binary heat_stress_type (STRING);
[2026-01-30T09:37:55.918+0530] {subprocess.py:106} INFO -   optional double monthly_rainfall;
[2026-01-30T09:37:55.918+0530] {subprocess.py:106} INFO -   optional double max_wind_gust;
[2026-01-30T09:37:55.918+0530] {subprocess.py:106} INFO - }
[2026-01-30T09:37:55.918+0530] {subprocess.py:106} INFO - 
[2026-01-30T09:37:55.918+0530] {subprocess.py:106} INFO - 
[2026-01-30T09:37:55.978+0530] {subprocess.py:106} INFO - 26/01/30 09:37:55 INFO FileOutputCommitter: Saved output of task 'attempt_202601300937552949958581060762998_0016_m_000000_14' to hdfs://localhost:9000/weather/analytics/city_summary_monthly/_temporary/0/task_202601300937552949958581060762998_0016_m_000000
[2026-01-30T09:37:55.978+0530] {subprocess.py:106} INFO - 26/01/30 09:37:55 INFO SparkHadoopMapRedUtil: attempt_202601300937552949958581060762998_0016_m_000000_14: Committed. Elapsed time: 5 ms.
[2026-01-30T09:37:55.980+0530] {subprocess.py:106} INFO - 26/01/30 09:37:55 INFO Executor: Finished task 0.0 in stage 16.0 (TID 14). 7771 bytes result sent to driver
[2026-01-30T09:37:55.981+0530] {subprocess.py:106} INFO - 26/01/30 09:37:55 INFO TaskSetManager: Finished task 0.0 in stage 16.0 (TID 14) in 105 ms on Aishwarya92848DBDA (executor driver) (1/1)
[2026-01-30T09:37:55.981+0530] {subprocess.py:106} INFO - 26/01/30 09:37:55 INFO TaskSchedulerImpl: Removed TaskSet 16.0, whose tasks have all completed, from pool
[2026-01-30T09:37:55.982+0530] {subprocess.py:106} INFO - 26/01/30 09:37:55 INFO DAGScheduler: ResultStage 16 (parquet at NativeMethodAccessorImpl.java:0) finished in 0.122 s
[2026-01-30T09:37:55.982+0530] {subprocess.py:106} INFO - 26/01/30 09:37:55 INFO DAGScheduler: Job 8 is finished. Cancelling potential speculative or zombie tasks for this job
[2026-01-30T09:37:55.983+0530] {subprocess.py:106} INFO - 26/01/30 09:37:55 INFO TaskSchedulerImpl: Killing all running tasks in stage 16: Stage finished
[2026-01-30T09:37:55.983+0530] {subprocess.py:106} INFO - 26/01/30 09:37:55 INFO DAGScheduler: Job 8 finished: parquet at NativeMethodAccessorImpl.java:0, took 0.128720 s
[2026-01-30T09:37:55.984+0530] {subprocess.py:106} INFO - 26/01/30 09:37:55 INFO FileFormatWriter: Start to commit write Job 4dcb0c9d-f7fe-4906-a84d-d94e6f9dbd65.
[2026-01-30T09:37:55.999+0530] {subprocess.py:106} INFO - 26/01/30 09:37:55 INFO FileFormatWriter: Write Job 4dcb0c9d-f7fe-4906-a84d-d94e6f9dbd65 committed. Elapsed time: 15 ms.
[2026-01-30T09:37:56.000+0530] {subprocess.py:106} INFO - 26/01/30 09:37:56 INFO FileFormatWriter: Finished processing stats for write job 4dcb0c9d-f7fe-4906-a84d-d94e6f9dbd65.
[2026-01-30T09:37:56.033+0530] {subprocess.py:106} INFO - 26/01/30 09:37:56 INFO FileSourceStrategy: Pushed Filters:
[2026-01-30T09:37:56.033+0530] {subprocess.py:106} INFO - 26/01/30 09:37:56 INFO FileSourceStrategy: Post-Scan Filters:
[2026-01-30T09:37:56.094+0530] {subprocess.py:106} INFO - 26/01/30 09:37:56 INFO CodeGenerator: Code generated in 30.331159 ms
[2026-01-30T09:37:56.099+0530] {subprocess.py:106} INFO - 26/01/30 09:37:56 INFO MemoryStore: Block broadcast_11 stored as values in memory (estimated size 358.2 KiB, free 364.9 MiB)
[2026-01-30T09:37:56.106+0530] {subprocess.py:106} INFO - 26/01/30 09:37:56 INFO MemoryStore: Block broadcast_11_piece0 stored as bytes in memory (estimated size 35.2 KiB, free 364.8 MiB)
[2026-01-30T09:37:56.106+0530] {subprocess.py:106} INFO - 26/01/30 09:37:56 INFO BlockManagerInfo: Added broadcast_11_piece0 in memory on Aishwarya92848DBDA:32951 (size: 35.2 KiB, free: 366.0 MiB)
[2026-01-30T09:37:56.108+0530] {subprocess.py:106} INFO - 26/01/30 09:37:56 INFO SparkContext: Created broadcast 11 from parquet at NativeMethodAccessorImpl.java:0
[2026-01-30T09:37:56.109+0530] {subprocess.py:106} INFO - 26/01/30 09:37:56 INFO FileSourceScanExec: Planning scan with bin packing, max size: 4194304 bytes, open cost is considered as scanning 4194304 bytes.
[2026-01-30T09:37:56.118+0530] {subprocess.py:106} INFO - 26/01/30 09:37:56 INFO DAGScheduler: Registering RDD 31 (parquet at NativeMethodAccessorImpl.java:0) as input to shuffle 4
[2026-01-30T09:37:56.119+0530] {subprocess.py:106} INFO - 26/01/30 09:37:56 INFO DAGScheduler: Got map stage job 9 (parquet at NativeMethodAccessorImpl.java:0) with 4 output partitions
[2026-01-30T09:37:56.119+0530] {subprocess.py:106} INFO - 26/01/30 09:37:56 INFO DAGScheduler: Final stage: ShuffleMapStage 17 (parquet at NativeMethodAccessorImpl.java:0)
[2026-01-30T09:37:56.120+0530] {subprocess.py:106} INFO - 26/01/30 09:37:56 INFO DAGScheduler: Parents of final stage: List()
[2026-01-30T09:37:56.120+0530] {subprocess.py:106} INFO - 26/01/30 09:37:56 INFO DAGScheduler: Missing parents: List()
[2026-01-30T09:37:56.121+0530] {subprocess.py:106} INFO - 26/01/30 09:37:56 INFO DAGScheduler: Submitting ShuffleMapStage 17 (MapPartitionsRDD[31] at parquet at NativeMethodAccessorImpl.java:0), which has no missing parents
[2026-01-30T09:37:56.124+0530] {subprocess.py:106} INFO - 26/01/30 09:37:56 INFO MemoryStore: Block broadcast_12 stored as values in memory (estimated size 71.5 KiB, free 364.8 MiB)
[2026-01-30T09:37:56.126+0530] {subprocess.py:106} INFO - 26/01/30 09:37:56 INFO MemoryStore: Block broadcast_12_piece0 stored as bytes in memory (estimated size 26.6 KiB, free 364.8 MiB)
[2026-01-30T09:37:56.126+0530] {subprocess.py:106} INFO - 26/01/30 09:37:56 INFO BlockManagerInfo: Added broadcast_12_piece0 in memory on Aishwarya92848DBDA:32951 (size: 26.6 KiB, free: 366.0 MiB)
[2026-01-30T09:37:56.127+0530] {subprocess.py:106} INFO - 26/01/30 09:37:56 INFO SparkContext: Created broadcast 12 from broadcast at DAGScheduler.scala:1585
[2026-01-30T09:37:56.127+0530] {subprocess.py:106} INFO - 26/01/30 09:37:56 INFO DAGScheduler: Submitting 4 missing tasks from ShuffleMapStage 17 (MapPartitionsRDD[31] at parquet at NativeMethodAccessorImpl.java:0) (first 15 tasks are for partitions Vector(0, 1, 2, 3))
[2026-01-30T09:37:56.127+0530] {subprocess.py:106} INFO - 26/01/30 09:37:56 INFO TaskSchedulerImpl: Adding task set 17.0 with 4 tasks resource profile 0
[2026-01-30T09:37:56.128+0530] {subprocess.py:106} INFO - 26/01/30 09:37:56 INFO TaskSetManager: Starting task 0.0 in stage 17.0 (TID 15) (Aishwarya92848DBDA, executor driver, partition 0, NODE_LOCAL, 8305 bytes)
[2026-01-30T09:37:56.129+0530] {subprocess.py:106} INFO - 26/01/30 09:37:56 INFO TaskSetManager: Starting task 1.0 in stage 17.0 (TID 16) (Aishwarya92848DBDA, executor driver, partition 1, NODE_LOCAL, 8305 bytes)
[2026-01-30T09:37:56.130+0530] {subprocess.py:106} INFO - 26/01/30 09:37:56 INFO TaskSetManager: Starting task 2.0 in stage 17.0 (TID 17) (Aishwarya92848DBDA, executor driver, partition 2, NODE_LOCAL, 8305 bytes)
[2026-01-30T09:37:56.130+0530] {subprocess.py:106} INFO - 26/01/30 09:37:56 INFO TaskSetManager: Starting task 3.0 in stage 17.0 (TID 18) (Aishwarya92848DBDA, executor driver, partition 3, NODE_LOCAL, 8305 bytes)
[2026-01-30T09:37:56.130+0530] {subprocess.py:106} INFO - 26/01/30 09:37:56 INFO Executor: Running task 0.0 in stage 17.0 (TID 15)
[2026-01-30T09:37:56.130+0530] {subprocess.py:106} INFO - 26/01/30 09:37:56 INFO Executor: Running task 1.0 in stage 17.0 (TID 16)
[2026-01-30T09:37:56.131+0530] {subprocess.py:106} INFO - 26/01/30 09:37:56 INFO Executor: Running task 2.0 in stage 17.0 (TID 17)
[2026-01-30T09:37:56.131+0530] {subprocess.py:106} INFO - 26/01/30 09:37:56 INFO Executor: Running task 3.0 in stage 17.0 (TID 18)
[2026-01-30T09:37:56.166+0530] {subprocess.py:106} INFO - 26/01/30 09:37:56 INFO CodeGenerator: Code generated in 29.865463 ms
[2026-01-30T09:37:56.181+0530] {subprocess.py:106} INFO - 26/01/30 09:37:56 INFO FileScanRDD: Reading File path: hdfs://localhost:9000/weather/data/processed/weather_processed.parquet/part-00003-50d3d5d4-dd1e-43da-a133-b66d40e74e7e-c000.snappy.parquet, range: 0-1423950, partition values: [empty row]
[2026-01-30T09:37:56.182+0530] {subprocess.py:106} INFO - 26/01/30 09:37:56 INFO FileScanRDD: Reading File path: hdfs://localhost:9000/weather/data/processed/weather_processed.parquet/part-00001-50d3d5d4-dd1e-43da-a133-b66d40e74e7e-c000.snappy.parquet, range: 0-964118, partition values: [empty row]
[2026-01-30T09:37:56.182+0530] {subprocess.py:106} INFO - 26/01/30 09:37:56 INFO FileScanRDD: Reading File path: hdfs://localhost:9000/weather/data/processed/weather_processed.parquet/part-00002-50d3d5d4-dd1e-43da-a133-b66d40e74e7e-c000.snappy.parquet, range: 0-970584, partition values: [empty row]
[2026-01-30T09:37:56.183+0530] {subprocess.py:106} INFO - 26/01/30 09:37:56 INFO FileScanRDD: Reading File path: hdfs://localhost:9000/weather/data/processed/weather_processed.parquet/part-00000-50d3d5d4-dd1e-43da-a133-b66d40e74e7e-c000.snappy.parquet, range: 0-1425884, partition values: [empty row]
[2026-01-30T09:37:56.221+0530] {subprocess.py:106} INFO - 26/01/30 09:37:56 INFO BlockManagerInfo: Removed broadcast_8_piece0 on Aishwarya92848DBDA:32951 in memory (size: 31.6 KiB, free: 366.1 MiB)
[2026-01-30T09:37:56.226+0530] {subprocess.py:106} INFO - 26/01/30 09:37:56 INFO BlockManagerInfo: Removed broadcast_9_piece0 on Aishwarya92848DBDA:32951 in memory (size: 33.7 KiB, free: 366.1 MiB)
[2026-01-30T09:37:56.232+0530] {subprocess.py:106} INFO - 26/01/30 09:37:56 INFO BlockManagerInfo: Removed broadcast_6_piece0 on Aishwarya92848DBDA:32951 in memory (size: 35.2 KiB, free: 366.1 MiB)
[2026-01-30T09:37:56.237+0530] {subprocess.py:106} INFO - 26/01/30 09:37:56 INFO BlockManagerInfo: Removed broadcast_10_piece0 on Aishwarya92848DBDA:32951 in memory (size: 95.9 KiB, free: 366.2 MiB)
[2026-01-30T09:37:56.385+0530] {subprocess.py:106} INFO - 26/01/30 09:37:56 INFO Executor: Finished task 3.0 in stage 17.0 (TID 18). 2979 bytes result sent to driver
[2026-01-30T09:37:56.386+0530] {subprocess.py:106} INFO - 26/01/30 09:37:56 INFO TaskSetManager: Finished task 3.0 in stage 17.0 (TID 18) in 257 ms on Aishwarya92848DBDA (executor driver) (1/4)
[2026-01-30T09:37:56.393+0530] {subprocess.py:106} INFO - 26/01/30 09:37:56 INFO Executor: Finished task 2.0 in stage 17.0 (TID 17). 2979 bytes result sent to driver
[2026-01-30T09:37:56.394+0530] {subprocess.py:106} INFO - 26/01/30 09:37:56 INFO TaskSetManager: Finished task 2.0 in stage 17.0 (TID 17) in 265 ms on Aishwarya92848DBDA (executor driver) (2/4)
[2026-01-30T09:37:56.409+0530] {subprocess.py:106} INFO - 26/01/30 09:37:56 INFO Executor: Finished task 0.0 in stage 17.0 (TID 15). 2979 bytes result sent to driver
[2026-01-30T09:37:56.410+0530] {subprocess.py:106} INFO - 26/01/30 09:37:56 INFO TaskSetManager: Finished task 0.0 in stage 17.0 (TID 15) in 282 ms on Aishwarya92848DBDA (executor driver) (3/4)
[2026-01-30T09:37:56.414+0530] {subprocess.py:106} INFO - 26/01/30 09:37:56 INFO Executor: Finished task 1.0 in stage 17.0 (TID 16). 2979 bytes result sent to driver
[2026-01-30T09:37:56.415+0530] {subprocess.py:106} INFO - 26/01/30 09:37:56 INFO TaskSetManager: Finished task 1.0 in stage 17.0 (TID 16) in 287 ms on Aishwarya92848DBDA (executor driver) (4/4)
[2026-01-30T09:37:56.416+0530] {subprocess.py:106} INFO - 26/01/30 09:37:56 INFO TaskSchedulerImpl: Removed TaskSet 17.0, whose tasks have all completed, from pool
[2026-01-30T09:37:56.417+0530] {subprocess.py:106} INFO - 26/01/30 09:37:56 INFO DAGScheduler: ShuffleMapStage 17 (parquet at NativeMethodAccessorImpl.java:0) finished in 0.294 s
[2026-01-30T09:37:56.417+0530] {subprocess.py:106} INFO - 26/01/30 09:37:56 INFO DAGScheduler: looking for newly runnable stages
[2026-01-30T09:37:56.417+0530] {subprocess.py:106} INFO - 26/01/30 09:37:56 INFO DAGScheduler: running: Set()
[2026-01-30T09:37:56.417+0530] {subprocess.py:106} INFO - 26/01/30 09:37:56 INFO DAGScheduler: waiting: Set()
[2026-01-30T09:37:56.418+0530] {subprocess.py:106} INFO - 26/01/30 09:37:56 INFO DAGScheduler: failed: Set()
[2026-01-30T09:37:56.424+0530] {subprocess.py:106} INFO - 26/01/30 09:37:56 INFO ShufflePartitionsUtil: For shuffle(4), advisory target size: 67108864, actual target size 1048576, minimum partition size: 1048576
[2026-01-30T09:37:56.433+0530] {subprocess.py:106} INFO - 26/01/30 09:37:56 INFO HashAggregateExec: spark.sql.codegen.aggregate.map.twolevel.enabled is set to true, but current version of codegened fast hashmap does not support this aggregate.
[2026-01-30T09:37:56.464+0530] {subprocess.py:106} INFO - 26/01/30 09:37:56 INFO SparkContext: Starting job: parquet at NativeMethodAccessorImpl.java:0
[2026-01-30T09:37:56.466+0530] {subprocess.py:106} INFO - 26/01/30 09:37:56 INFO DAGScheduler: Got job 10 (parquet at NativeMethodAccessorImpl.java:0) with 1 output partitions
[2026-01-30T09:37:56.466+0530] {subprocess.py:106} INFO - 26/01/30 09:37:56 INFO DAGScheduler: Final stage: ResultStage 19 (parquet at NativeMethodAccessorImpl.java:0)
[2026-01-30T09:37:56.466+0530] {subprocess.py:106} INFO - 26/01/30 09:37:56 INFO DAGScheduler: Parents of final stage: List(ShuffleMapStage 18)
[2026-01-30T09:37:56.467+0530] {subprocess.py:106} INFO - 26/01/30 09:37:56 INFO DAGScheduler: Missing parents: List()
[2026-01-30T09:37:56.467+0530] {subprocess.py:106} INFO - 26/01/30 09:37:56 INFO DAGScheduler: Submitting ResultStage 19 (MapPartitionsRDD[36] at parquet at NativeMethodAccessorImpl.java:0), which has no missing parents
[2026-01-30T09:37:56.472+0530] {subprocess.py:106} INFO - 26/01/30 09:37:56 INFO MemoryStore: Block broadcast_13 stored as values in memory (estimated size 86.0 KiB, free 365.6 MiB)
[2026-01-30T09:37:56.473+0530] {subprocess.py:106} INFO - 26/01/30 09:37:56 INFO MemoryStore: Block broadcast_13_piece0 stored as bytes in memory (estimated size 32.3 KiB, free 365.6 MiB)
[2026-01-30T09:37:56.474+0530] {subprocess.py:106} INFO - 26/01/30 09:37:56 INFO BlockManagerInfo: Added broadcast_13_piece0 in memory on Aishwarya92848DBDA:32951 (size: 32.3 KiB, free: 366.2 MiB)
[2026-01-30T09:37:56.475+0530] {subprocess.py:106} INFO - 26/01/30 09:37:56 INFO SparkContext: Created broadcast 13 from broadcast at DAGScheduler.scala:1585
[2026-01-30T09:37:56.475+0530] {subprocess.py:106} INFO - 26/01/30 09:37:56 INFO DAGScheduler: Submitting 1 missing tasks from ResultStage 19 (MapPartitionsRDD[36] at parquet at NativeMethodAccessorImpl.java:0) (first 15 tasks are for partitions Vector(0))
[2026-01-30T09:37:56.476+0530] {subprocess.py:106} INFO - 26/01/30 09:37:56 INFO TaskSchedulerImpl: Adding task set 19.0 with 1 tasks resource profile 0
[2026-01-30T09:37:56.477+0530] {subprocess.py:106} INFO - 26/01/30 09:37:56 INFO TaskSetManager: Starting task 0.0 in stage 19.0 (TID 19) (Aishwarya92848DBDA, executor driver, partition 0, NODE_LOCAL, 7615 bytes)
[2026-01-30T09:37:56.478+0530] {subprocess.py:106} INFO - 26/01/30 09:37:56 INFO Executor: Running task 0.0 in stage 19.0 (TID 19)
[2026-01-30T09:37:56.485+0530] {subprocess.py:106} INFO - 26/01/30 09:37:56 INFO ShuffleBlockFetcherIterator: Getting 4 (927.0 KiB) non-empty blocks including 4 (927.0 KiB) local and 0 (0.0 B) host-local and 0 (0.0 B) push-merged-local and 0 (0.0 B) remote blocks
[2026-01-30T09:37:56.486+0530] {subprocess.py:106} INFO - 26/01/30 09:37:56 INFO ShuffleBlockFetcherIterator: Started 0 remote fetches in 1 ms
[2026-01-30T09:37:56.563+0530] {subprocess.py:106} INFO - 26/01/30 09:37:56 INFO Executor: Finished task 0.0 in stage 19.0 (TID 19). 820243 bytes result sent to driver
[2026-01-30T09:37:56.570+0530] {subprocess.py:106} INFO - 26/01/30 09:37:56 INFO TaskSetManager: Finished task 0.0 in stage 19.0 (TID 19) in 94 ms on Aishwarya92848DBDA (executor driver) (1/1)
[2026-01-30T09:37:56.571+0530] {subprocess.py:106} INFO - 26/01/30 09:37:56 INFO TaskSchedulerImpl: Removed TaskSet 19.0, whose tasks have all completed, from pool
[2026-01-30T09:37:56.571+0530] {subprocess.py:106} INFO - 26/01/30 09:37:56 INFO DAGScheduler: ResultStage 19 (parquet at NativeMethodAccessorImpl.java:0) finished in 0.102 s
[2026-01-30T09:37:56.572+0530] {subprocess.py:106} INFO - 26/01/30 09:37:56 INFO DAGScheduler: Job 10 is finished. Cancelling potential speculative or zombie tasks for this job
[2026-01-30T09:37:56.573+0530] {subprocess.py:106} INFO - 26/01/30 09:37:56 INFO TaskSchedulerImpl: Killing all running tasks in stage 19: Stage finished
[2026-01-30T09:37:56.573+0530] {subprocess.py:106} INFO - 26/01/30 09:37:56 INFO DAGScheduler: Job 10 finished: parquet at NativeMethodAccessorImpl.java:0, took 0.108245 s
[2026-01-30T09:37:56.602+0530] {subprocess.py:106} INFO - 26/01/30 09:37:56 INFO DAGScheduler: Registering RDD 37 (parquet at NativeMethodAccessorImpl.java:0) as input to shuffle 5
[2026-01-30T09:37:56.603+0530] {subprocess.py:106} INFO - 26/01/30 09:37:56 INFO DAGScheduler: Got map stage job 11 (parquet at NativeMethodAccessorImpl.java:0) with 1 output partitions
[2026-01-30T09:37:56.603+0530] {subprocess.py:106} INFO - 26/01/30 09:37:56 INFO DAGScheduler: Final stage: ShuffleMapStage 21 (parquet at NativeMethodAccessorImpl.java:0)
[2026-01-30T09:37:56.604+0530] {subprocess.py:106} INFO - 26/01/30 09:37:56 INFO DAGScheduler: Parents of final stage: List(ShuffleMapStage 20)
[2026-01-30T09:37:56.604+0530] {subprocess.py:106} INFO - 26/01/30 09:37:56 INFO DAGScheduler: Missing parents: List()
[2026-01-30T09:37:56.604+0530] {subprocess.py:106} INFO - 26/01/30 09:37:56 INFO DAGScheduler: Submitting ShuffleMapStage 21 (MapPartitionsRDD[37] at parquet at NativeMethodAccessorImpl.java:0), which has no missing parents
[2026-01-30T09:37:56.611+0530] {subprocess.py:106} INFO - 26/01/30 09:37:56 INFO MemoryStore: Block broadcast_14 stored as values in memory (estimated size 98.3 KiB, free 365.5 MiB)
[2026-01-30T09:37:56.612+0530] {subprocess.py:106} INFO - 26/01/30 09:37:56 INFO MemoryStore: Block broadcast_14_piece0 stored as bytes in memory (estimated size 34.5 KiB, free 365.5 MiB)
[2026-01-30T09:37:56.613+0530] {subprocess.py:106} INFO - 26/01/30 09:37:56 INFO BlockManagerInfo: Added broadcast_14_piece0 in memory on Aishwarya92848DBDA:32951 (size: 34.5 KiB, free: 366.1 MiB)
[2026-01-30T09:37:56.613+0530] {subprocess.py:106} INFO - 26/01/30 09:37:56 INFO SparkContext: Created broadcast 14 from broadcast at DAGScheduler.scala:1585
[2026-01-30T09:37:56.614+0530] {subprocess.py:106} INFO - 26/01/30 09:37:56 INFO DAGScheduler: Submitting 1 missing tasks from ShuffleMapStage 21 (MapPartitionsRDD[37] at parquet at NativeMethodAccessorImpl.java:0) (first 15 tasks are for partitions Vector(0))
[2026-01-30T09:37:56.614+0530] {subprocess.py:106} INFO - 26/01/30 09:37:56 INFO TaskSchedulerImpl: Adding task set 21.0 with 1 tasks resource profile 0
[2026-01-30T09:37:56.615+0530] {subprocess.py:106} INFO - 26/01/30 09:37:56 INFO TaskSetManager: Starting task 0.0 in stage 21.0 (TID 20) (Aishwarya92848DBDA, executor driver, partition 0, NODE_LOCAL, 7604 bytes)
[2026-01-30T09:37:56.616+0530] {subprocess.py:106} INFO - 26/01/30 09:37:56 INFO Executor: Running task 0.0 in stage 21.0 (TID 20)
[2026-01-30T09:37:56.623+0530] {subprocess.py:106} INFO - 26/01/30 09:37:56 INFO ShuffleBlockFetcherIterator: Getting 4 (927.0 KiB) non-empty blocks including 4 (927.0 KiB) local and 0 (0.0 B) host-local and 0 (0.0 B) push-merged-local and 0 (0.0 B) remote blocks
[2026-01-30T09:37:56.624+0530] {subprocess.py:106} INFO - 26/01/30 09:37:56 INFO ShuffleBlockFetcherIterator: Started 0 remote fetches in 1 ms
[2026-01-30T09:37:56.716+0530] {subprocess.py:106} INFO - 26/01/30 09:37:56 INFO Executor: Finished task 0.0 in stage 21.0 (TID 20). 5675 bytes result sent to driver
[2026-01-30T09:37:56.717+0530] {subprocess.py:106} INFO - 26/01/30 09:37:56 INFO TaskSetManager: Finished task 0.0 in stage 21.0 (TID 20) in 102 ms on Aishwarya92848DBDA (executor driver) (1/1)
[2026-01-30T09:37:56.718+0530] {subprocess.py:106} INFO - 26/01/30 09:37:56 INFO TaskSchedulerImpl: Removed TaskSet 21.0, whose tasks have all completed, from pool
[2026-01-30T09:37:56.719+0530] {subprocess.py:106} INFO - 26/01/30 09:37:56 INFO DAGScheduler: ShuffleMapStage 21 (parquet at NativeMethodAccessorImpl.java:0) finished in 0.111 s
[2026-01-30T09:37:56.719+0530] {subprocess.py:106} INFO - 26/01/30 09:37:56 INFO DAGScheduler: looking for newly runnable stages
[2026-01-30T09:37:56.720+0530] {subprocess.py:106} INFO - 26/01/30 09:37:56 INFO DAGScheduler: running: Set()
[2026-01-30T09:37:56.720+0530] {subprocess.py:106} INFO - 26/01/30 09:37:56 INFO DAGScheduler: waiting: Set()
[2026-01-30T09:37:56.720+0530] {subprocess.py:106} INFO - 26/01/30 09:37:56 INFO DAGScheduler: failed: Set()
[2026-01-30T09:37:56.723+0530] {subprocess.py:106} INFO - 26/01/30 09:37:56 INFO ShufflePartitionsUtil: For shuffle(5), advisory target size: 67108864, actual target size 1048576, minimum partition size: 1048576
[2026-01-30T09:37:56.734+0530] {subprocess.py:106} INFO - 26/01/30 09:37:56 INFO ParquetUtils: Using default output committer for Parquet: org.apache.parquet.hadoop.ParquetOutputCommitter
[2026-01-30T09:37:56.735+0530] {subprocess.py:106} INFO - 26/01/30 09:37:56 INFO FileOutputCommitter: File Output Committer Algorithm version is 1
[2026-01-30T09:37:56.736+0530] {subprocess.py:106} INFO - 26/01/30 09:37:56 INFO FileOutputCommitter: FileOutputCommitter skip cleanup _temporary folders under output directory:false, ignore cleanup failures: false
[2026-01-30T09:37:56.736+0530] {subprocess.py:106} INFO - 26/01/30 09:37:56 INFO SQLHadoopMapReduceCommitProtocol: Using user defined output committer class org.apache.parquet.hadoop.ParquetOutputCommitter
[2026-01-30T09:37:56.736+0530] {subprocess.py:106} INFO - 26/01/30 09:37:56 INFO FileOutputCommitter: File Output Committer Algorithm version is 1
[2026-01-30T09:37:56.736+0530] {subprocess.py:106} INFO - 26/01/30 09:37:56 INFO FileOutputCommitter: FileOutputCommitter skip cleanup _temporary folders under output directory:false, ignore cleanup failures: false
[2026-01-30T09:37:56.736+0530] {subprocess.py:106} INFO - 26/01/30 09:37:56 INFO SQLHadoopMapReduceCommitProtocol: Using output committer class org.apache.parquet.hadoop.ParquetOutputCommitter
[2026-01-30T09:37:56.752+0530] {subprocess.py:106} INFO - 26/01/30 09:37:56 INFO SparkContext: Starting job: parquet at NativeMethodAccessorImpl.java:0
[2026-01-30T09:37:56.754+0530] {subprocess.py:106} INFO - 26/01/30 09:37:56 INFO DAGScheduler: Got job 12 (parquet at NativeMethodAccessorImpl.java:0) with 1 output partitions
[2026-01-30T09:37:56.755+0530] {subprocess.py:106} INFO - 26/01/30 09:37:56 INFO DAGScheduler: Final stage: ResultStage 24 (parquet at NativeMethodAccessorImpl.java:0)
[2026-01-30T09:37:56.755+0530] {subprocess.py:106} INFO - 26/01/30 09:37:56 INFO DAGScheduler: Parents of final stage: List(ShuffleMapStage 23)
[2026-01-30T09:37:56.756+0530] {subprocess.py:106} INFO - 26/01/30 09:37:56 INFO DAGScheduler: Missing parents: List()
[2026-01-30T09:37:56.756+0530] {subprocess.py:106} INFO - 26/01/30 09:37:56 INFO DAGScheduler: Submitting ResultStage 24 (MapPartitionsRDD[40] at parquet at NativeMethodAccessorImpl.java:0), which has no missing parents
[2026-01-30T09:37:56.771+0530] {subprocess.py:106} INFO - 26/01/30 09:37:56 INFO MemoryStore: Block broadcast_15 stored as values in memory (estimated size 265.1 KiB, free 365.2 MiB)
[2026-01-30T09:37:56.785+0530] {subprocess.py:106} INFO - 26/01/30 09:37:56 INFO MemoryStore: Block broadcast_15_piece0 stored as bytes in memory (estimated size 96.1 KiB, free 365.1 MiB)
[2026-01-30T09:37:56.786+0530] {subprocess.py:106} INFO - 26/01/30 09:37:56 INFO BlockManagerInfo: Added broadcast_15_piece0 in memory on Aishwarya92848DBDA:32951 (size: 96.1 KiB, free: 366.1 MiB)
[2026-01-30T09:37:56.787+0530] {subprocess.py:106} INFO - 26/01/30 09:37:56 INFO SparkContext: Created broadcast 15 from broadcast at DAGScheduler.scala:1585
[2026-01-30T09:37:56.787+0530] {subprocess.py:106} INFO - 26/01/30 09:37:56 INFO DAGScheduler: Submitting 1 missing tasks from ResultStage 24 (MapPartitionsRDD[40] at parquet at NativeMethodAccessorImpl.java:0) (first 15 tasks are for partitions Vector(0))
[2026-01-30T09:37:56.787+0530] {subprocess.py:106} INFO - 26/01/30 09:37:56 INFO TaskSchedulerImpl: Adding task set 24.0 with 1 tasks resource profile 0
[2026-01-30T09:37:56.788+0530] {subprocess.py:106} INFO - 26/01/30 09:37:56 INFO BlockManagerInfo: Removed broadcast_13_piece0 on Aishwarya92848DBDA:32951 in memory (size: 32.3 KiB, free: 366.1 MiB)
[2026-01-30T09:37:56.788+0530] {subprocess.py:106} INFO - 26/01/30 09:37:56 INFO TaskSetManager: Starting task 0.0 in stage 24.0 (TID 21) (Aishwarya92848DBDA, executor driver, partition 0, NODE_LOCAL, 7615 bytes)
[2026-01-30T09:37:56.789+0530] {subprocess.py:106} INFO - 26/01/30 09:37:56 INFO Executor: Running task 0.0 in stage 24.0 (TID 21)
[2026-01-30T09:37:56.791+0530] {subprocess.py:106} INFO - 26/01/30 09:37:56 INFO BlockManagerInfo: Removed broadcast_12_piece0 on Aishwarya92848DBDA:32951 in memory (size: 26.6 KiB, free: 366.1 MiB)
[2026-01-30T09:37:56.795+0530] {subprocess.py:106} INFO - 26/01/30 09:37:56 INFO BlockManagerInfo: Removed broadcast_14_piece0 on Aishwarya92848DBDA:32951 in memory (size: 34.5 KiB, free: 366.1 MiB)
[2026-01-30T09:37:56.806+0530] {subprocess.py:106} INFO - 26/01/30 09:37:56 INFO ShuffleBlockFetcherIterator: Getting 1 (597.1 KiB) non-empty blocks including 1 (597.1 KiB) local and 0 (0.0 B) host-local and 0 (0.0 B) push-merged-local and 0 (0.0 B) remote blocks
[2026-01-30T09:37:56.807+0530] {subprocess.py:106} INFO - 26/01/30 09:37:56 INFO ShuffleBlockFetcherIterator: Started 0 remote fetches in 0 ms
[2026-01-30T09:37:56.812+0530] {subprocess.py:106} INFO - 26/01/30 09:37:56 INFO FileOutputCommitter: File Output Committer Algorithm version is 1
[2026-01-30T09:37:56.812+0530] {subprocess.py:106} INFO - 26/01/30 09:37:56 INFO FileOutputCommitter: FileOutputCommitter skip cleanup _temporary folders under output directory:false, ignore cleanup failures: false
[2026-01-30T09:37:56.812+0530] {subprocess.py:106} INFO - 26/01/30 09:37:56 INFO SQLHadoopMapReduceCommitProtocol: Using user defined output committer class org.apache.parquet.hadoop.ParquetOutputCommitter
[2026-01-30T09:37:56.813+0530] {subprocess.py:106} INFO - 26/01/30 09:37:56 INFO FileOutputCommitter: File Output Committer Algorithm version is 1
[2026-01-30T09:37:56.813+0530] {subprocess.py:106} INFO - 26/01/30 09:37:56 INFO FileOutputCommitter: FileOutputCommitter skip cleanup _temporary folders under output directory:false, ignore cleanup failures: false
[2026-01-30T09:37:56.813+0530] {subprocess.py:106} INFO - 26/01/30 09:37:56 INFO SQLHadoopMapReduceCommitProtocol: Using output committer class org.apache.parquet.hadoop.ParquetOutputCommitter
[2026-01-30T09:37:56.814+0530] {subprocess.py:106} INFO - 26/01/30 09:37:56 INFO CodecConfig: Compression: SNAPPY
[2026-01-30T09:37:56.814+0530] {subprocess.py:106} INFO - 26/01/30 09:37:56 INFO CodecConfig: Compression: SNAPPY
[2026-01-30T09:37:56.816+0530] {subprocess.py:106} INFO - 26/01/30 09:37:56 INFO ParquetOutputFormat: ParquetRecordWriter [block size: 134217728b, row group padding size: 8388608b, validating: false]
[2026-01-30T09:37:56.818+0530] {subprocess.py:106} INFO - 26/01/30 09:37:56 INFO ParquetWriteSupport: Initialized Parquet WriteSupport with Catalyst schema:
[2026-01-30T09:37:56.818+0530] {subprocess.py:106} INFO - {
[2026-01-30T09:37:56.818+0530] {subprocess.py:106} INFO -   "type" : "struct",
[2026-01-30T09:37:56.819+0530] {subprocess.py:106} INFO -   "fields" : [ {
[2026-01-30T09:37:56.819+0530] {subprocess.py:106} INFO -     "name" : "city",
[2026-01-30T09:37:56.819+0530] {subprocess.py:106} INFO -     "type" : "string",
[2026-01-30T09:37:56.819+0530] {subprocess.py:106} INFO -     "nullable" : true,
[2026-01-30T09:37:56.820+0530] {subprocess.py:106} INFO -     "metadata" : { }
[2026-01-30T09:37:56.820+0530] {subprocess.py:106} INFO -   }, {
[2026-01-30T09:37:56.820+0530] {subprocess.py:106} INFO -     "name" : "year",
[2026-01-30T09:37:56.820+0530] {subprocess.py:106} INFO -     "type" : "integer",
[2026-01-30T09:37:56.820+0530] {subprocess.py:106} INFO -     "nullable" : true,
[2026-01-30T09:37:56.820+0530] {subprocess.py:106} INFO -     "metadata" : { }
[2026-01-30T09:37:56.821+0530] {subprocess.py:106} INFO -   }, {
[2026-01-30T09:37:56.821+0530] {subprocess.py:106} INFO -     "name" : "week",
[2026-01-30T09:37:56.821+0530] {subprocess.py:106} INFO -     "type" : "integer",
[2026-01-30T09:37:56.821+0530] {subprocess.py:106} INFO -     "nullable" : true,
[2026-01-30T09:37:56.821+0530] {subprocess.py:106} INFO -     "metadata" : { }
[2026-01-30T09:37:56.821+0530] {subprocess.py:106} INFO -   }, {
[2026-01-30T09:37:56.822+0530] {subprocess.py:106} INFO -     "name" : "avg_max_temp",
[2026-01-30T09:37:56.822+0530] {subprocess.py:106} INFO -     "type" : "double",
[2026-01-30T09:37:56.822+0530] {subprocess.py:106} INFO -     "nullable" : true,
[2026-01-30T09:37:56.822+0530] {subprocess.py:106} INFO -     "metadata" : { }
[2026-01-30T09:37:56.822+0530] {subprocess.py:106} INFO -   }, {
[2026-01-30T09:37:56.823+0530] {subprocess.py:106} INFO -     "name" : "avg_min_temp",
[2026-01-30T09:37:56.823+0530] {subprocess.py:106} INFO -     "type" : "double",
[2026-01-30T09:37:56.823+0530] {subprocess.py:106} INFO -     "nullable" : true,
[2026-01-30T09:37:56.823+0530] {subprocess.py:106} INFO -     "metadata" : { }
[2026-01-30T09:37:56.823+0530] {subprocess.py:106} INFO -   }, {
[2026-01-30T09:37:56.823+0530] {subprocess.py:106} INFO -     "name" : "highest_temp",
[2026-01-30T09:37:56.824+0530] {subprocess.py:106} INFO -     "type" : "double",
[2026-01-30T09:37:56.824+0530] {subprocess.py:106} INFO -     "nullable" : true,
[2026-01-30T09:37:56.824+0530] {subprocess.py:106} INFO -     "metadata" : { }
[2026-01-30T09:37:56.824+0530] {subprocess.py:106} INFO -   }, {
[2026-01-30T09:37:56.824+0530] {subprocess.py:106} INFO -     "name" : "lowest_temp",
[2026-01-30T09:37:56.824+0530] {subprocess.py:106} INFO -     "type" : "double",
[2026-01-30T09:37:56.825+0530] {subprocess.py:106} INFO -     "nullable" : true,
[2026-01-30T09:37:56.825+0530] {subprocess.py:106} INFO -     "metadata" : { }
[2026-01-30T09:37:56.825+0530] {subprocess.py:106} INFO -   }, {
[2026-01-30T09:37:56.825+0530] {subprocess.py:106} INFO -     "name" : "temp_range",
[2026-01-30T09:37:56.825+0530] {subprocess.py:106} INFO -     "type" : "double",
[2026-01-30T09:37:56.825+0530] {subprocess.py:106} INFO -     "nullable" : true,
[2026-01-30T09:37:56.825+0530] {subprocess.py:106} INFO -     "metadata" : { }
[2026-01-30T09:37:56.826+0530] {subprocess.py:106} INFO -   }, {
[2026-01-30T09:37:56.826+0530] {subprocess.py:106} INFO -     "name" : "heat_stress_type",
[2026-01-30T09:37:56.826+0530] {subprocess.py:106} INFO -     "type" : "string",
[2026-01-30T09:37:56.826+0530] {subprocess.py:106} INFO -     "nullable" : false,
[2026-01-30T09:37:56.826+0530] {subprocess.py:106} INFO -     "metadata" : { }
[2026-01-30T09:37:56.826+0530] {subprocess.py:106} INFO -   }, {
[2026-01-30T09:37:56.826+0530] {subprocess.py:106} INFO -     "name" : "weekly_rainfall",
[2026-01-30T09:37:56.826+0530] {subprocess.py:106} INFO -     "type" : "double",
[2026-01-30T09:37:56.827+0530] {subprocess.py:106} INFO -     "nullable" : true,
[2026-01-30T09:37:56.827+0530] {subprocess.py:106} INFO -     "metadata" : { }
[2026-01-30T09:37:56.827+0530] {subprocess.py:106} INFO -   }, {
[2026-01-30T09:37:56.827+0530] {subprocess.py:106} INFO -     "name" : "max_wind_gust",
[2026-01-30T09:37:56.827+0530] {subprocess.py:106} INFO -     "type" : "double",
[2026-01-30T09:37:56.827+0530] {subprocess.py:106} INFO -     "nullable" : true,
[2026-01-30T09:37:56.827+0530] {subprocess.py:106} INFO -     "metadata" : { }
[2026-01-30T09:37:56.828+0530] {subprocess.py:106} INFO -   } ]
[2026-01-30T09:37:56.828+0530] {subprocess.py:106} INFO - }
[2026-01-30T09:37:56.828+0530] {subprocess.py:106} INFO - and corresponding Parquet message type:
[2026-01-30T09:37:56.828+0530] {subprocess.py:106} INFO - message spark_schema {
[2026-01-30T09:37:56.828+0530] {subprocess.py:106} INFO -   optional binary city (STRING);
[2026-01-30T09:37:56.828+0530] {subprocess.py:106} INFO -   optional int32 year;
[2026-01-30T09:37:56.828+0530] {subprocess.py:106} INFO -   optional int32 week;
[2026-01-30T09:37:56.829+0530] {subprocess.py:106} INFO -   optional double avg_max_temp;
[2026-01-30T09:37:56.829+0530] {subprocess.py:106} INFO -   optional double avg_min_temp;
[2026-01-30T09:37:56.829+0530] {subprocess.py:106} INFO -   optional double highest_temp;
[2026-01-30T09:37:56.829+0530] {subprocess.py:106} INFO -   optional double lowest_temp;
[2026-01-30T09:37:56.829+0530] {subprocess.py:106} INFO -   optional double temp_range;
[2026-01-30T09:37:56.829+0530] {subprocess.py:106} INFO -   required binary heat_stress_type (STRING);
[2026-01-30T09:37:56.829+0530] {subprocess.py:106} INFO -   optional double weekly_rainfall;
[2026-01-30T09:37:56.830+0530] {subprocess.py:106} INFO -   optional double max_wind_gust;
[2026-01-30T09:37:56.830+0530] {subprocess.py:106} INFO - }
[2026-01-30T09:37:56.830+0530] {subprocess.py:106} INFO - 
[2026-01-30T09:37:56.830+0530] {subprocess.py:106} INFO - 
[2026-01-30T09:37:56.919+0530] {subprocess.py:106} INFO - 26/01/30 09:37:56 INFO FileOutputCommitter: Saved output of task 'attempt_202601300937565547872383228419754_0024_m_000000_21' to hdfs://localhost:9000/weather/analytics/city_summary_weekly/_temporary/0/task_202601300937565547872383228419754_0024_m_000000
[2026-01-30T09:37:56.920+0530] {subprocess.py:106} INFO - 26/01/30 09:37:56 INFO SparkHadoopMapRedUtil: attempt_202601300937565547872383228419754_0024_m_000000_21: Committed. Elapsed time: 4 ms.
[2026-01-30T09:37:56.920+0530] {subprocess.py:106} INFO - 26/01/30 09:37:56 INFO Executor: Finished task 0.0 in stage 24.0 (TID 21). 7771 bytes result sent to driver
[2026-01-30T09:37:56.922+0530] {subprocess.py:106} INFO - 26/01/30 09:37:56 INFO TaskSetManager: Finished task 0.0 in stage 24.0 (TID 21) in 134 ms on Aishwarya92848DBDA (executor driver) (1/1)
[2026-01-30T09:37:56.923+0530] {subprocess.py:106} INFO - 26/01/30 09:37:56 INFO TaskSchedulerImpl: Removed TaskSet 24.0, whose tasks have all completed, from pool
[2026-01-30T09:37:56.923+0530] {subprocess.py:106} INFO - 26/01/30 09:37:56 INFO DAGScheduler: ResultStage 24 (parquet at NativeMethodAccessorImpl.java:0) finished in 0.165 s
[2026-01-30T09:37:56.924+0530] {subprocess.py:106} INFO - 26/01/30 09:37:56 INFO DAGScheduler: Job 12 is finished. Cancelling potential speculative or zombie tasks for this job
[2026-01-30T09:37:56.924+0530] {subprocess.py:106} INFO - 26/01/30 09:37:56 INFO TaskSchedulerImpl: Killing all running tasks in stage 24: Stage finished
[2026-01-30T09:37:56.924+0530] {subprocess.py:106} INFO - 26/01/30 09:37:56 INFO DAGScheduler: Job 12 finished: parquet at NativeMethodAccessorImpl.java:0, took 0.171804 s
[2026-01-30T09:37:56.925+0530] {subprocess.py:106} INFO - 26/01/30 09:37:56 INFO FileFormatWriter: Start to commit write Job d4b2e1f4-86ed-486d-8991-c1fd6d1e6fc0.
[2026-01-30T09:37:56.940+0530] {subprocess.py:106} INFO - 26/01/30 09:37:56 INFO FileFormatWriter: Write Job d4b2e1f4-86ed-486d-8991-c1fd6d1e6fc0 committed. Elapsed time: 15 ms.
[2026-01-30T09:37:56.941+0530] {subprocess.py:106} INFO - 26/01/30 09:37:56 INFO FileFormatWriter: Finished processing stats for write job d4b2e1f4-86ed-486d-8991-c1fd6d1e6fc0.
[2026-01-30T09:37:56.964+0530] {subprocess.py:106} INFO - 26/01/30 09:37:56 INFO FileSourceStrategy: Pushed Filters:
[2026-01-30T09:37:56.964+0530] {subprocess.py:106} INFO - 26/01/30 09:37:56 INFO FileSourceStrategy: Post-Scan Filters:
[2026-01-30T09:37:57.017+0530] {subprocess.py:106} INFO - 26/01/30 09:37:57 INFO CodeGenerator: Code generated in 26.34533 ms
[2026-01-30T09:37:57.023+0530] {subprocess.py:106} INFO - 26/01/30 09:37:57 INFO MemoryStore: Block broadcast_16 stored as values in memory (estimated size 357.4 KiB, free 365.1 MiB)
[2026-01-30T09:37:57.031+0530] {subprocess.py:106} INFO - 26/01/30 09:37:57 INFO MemoryStore: Block broadcast_16_piece0 stored as bytes in memory (estimated size 35.1 KiB, free 365.1 MiB)
[2026-01-30T09:37:57.032+0530] {subprocess.py:106} INFO - 26/01/30 09:37:57 INFO BlockManagerInfo: Added broadcast_16_piece0 in memory on Aishwarya92848DBDA:32951 (size: 35.1 KiB, free: 366.1 MiB)
[2026-01-30T09:37:57.033+0530] {subprocess.py:106} INFO - 26/01/30 09:37:57 INFO SparkContext: Created broadcast 16 from parquet at NativeMethodAccessorImpl.java:0
[2026-01-30T09:37:57.034+0530] {subprocess.py:106} INFO - 26/01/30 09:37:57 INFO FileSourceScanExec: Planning scan with bin packing, max size: 4194304 bytes, open cost is considered as scanning 4194304 bytes.
[2026-01-30T09:37:57.042+0530] {subprocess.py:106} INFO - 26/01/30 09:37:57 INFO DAGScheduler: Registering RDD 44 (parquet at NativeMethodAccessorImpl.java:0) as input to shuffle 6
[2026-01-30T09:37:57.043+0530] {subprocess.py:106} INFO - 26/01/30 09:37:57 INFO DAGScheduler: Got map stage job 13 (parquet at NativeMethodAccessorImpl.java:0) with 4 output partitions
[2026-01-30T09:37:57.043+0530] {subprocess.py:106} INFO - 26/01/30 09:37:57 INFO DAGScheduler: Final stage: ShuffleMapStage 25 (parquet at NativeMethodAccessorImpl.java:0)
[2026-01-30T09:37:57.043+0530] {subprocess.py:106} INFO - 26/01/30 09:37:57 INFO DAGScheduler: Parents of final stage: List()
[2026-01-30T09:37:57.044+0530] {subprocess.py:106} INFO - 26/01/30 09:37:57 INFO DAGScheduler: Missing parents: List()
[2026-01-30T09:37:57.044+0530] {subprocess.py:106} INFO - 26/01/30 09:37:57 INFO DAGScheduler: Submitting ShuffleMapStage 25 (MapPartitionsRDD[44] at parquet at NativeMethodAccessorImpl.java:0), which has no missing parents
[2026-01-30T09:37:57.047+0530] {subprocess.py:106} INFO - 26/01/30 09:37:57 INFO MemoryStore: Block broadcast_17 stored as values in memory (estimated size 57.6 KiB, free 365.0 MiB)
[2026-01-30T09:37:57.048+0530] {subprocess.py:106} INFO - 26/01/30 09:37:57 INFO MemoryStore: Block broadcast_17_piece0 stored as bytes in memory (estimated size 23.1 KiB, free 365.0 MiB)
[2026-01-30T09:37:57.049+0530] {subprocess.py:106} INFO - 26/01/30 09:37:57 INFO BlockManagerInfo: Added broadcast_17_piece0 in memory on Aishwarya92848DBDA:32951 (size: 23.1 KiB, free: 366.1 MiB)
[2026-01-30T09:37:57.049+0530] {subprocess.py:106} INFO - 26/01/30 09:37:57 INFO SparkContext: Created broadcast 17 from broadcast at DAGScheduler.scala:1585
[2026-01-30T09:37:57.050+0530] {subprocess.py:106} INFO - 26/01/30 09:37:57 INFO DAGScheduler: Submitting 4 missing tasks from ShuffleMapStage 25 (MapPartitionsRDD[44] at parquet at NativeMethodAccessorImpl.java:0) (first 15 tasks are for partitions Vector(0, 1, 2, 3))
[2026-01-30T09:37:57.050+0530] {subprocess.py:106} INFO - 26/01/30 09:37:57 INFO TaskSchedulerImpl: Adding task set 25.0 with 4 tasks resource profile 0
[2026-01-30T09:37:57.051+0530] {subprocess.py:106} INFO - 26/01/30 09:37:57 INFO TaskSetManager: Starting task 0.0 in stage 25.0 (TID 22) (Aishwarya92848DBDA, executor driver, partition 0, NODE_LOCAL, 8305 bytes)
[2026-01-30T09:37:57.052+0530] {subprocess.py:106} INFO - 26/01/30 09:37:57 INFO TaskSetManager: Starting task 1.0 in stage 25.0 (TID 23) (Aishwarya92848DBDA, executor driver, partition 1, NODE_LOCAL, 8305 bytes)
[2026-01-30T09:37:57.053+0530] {subprocess.py:106} INFO - 26/01/30 09:37:57 INFO TaskSetManager: Starting task 2.0 in stage 25.0 (TID 24) (Aishwarya92848DBDA, executor driver, partition 2, NODE_LOCAL, 8305 bytes)
[2026-01-30T09:37:57.053+0530] {subprocess.py:106} INFO - 26/01/30 09:37:57 INFO TaskSetManager: Starting task 3.0 in stage 25.0 (TID 25) (Aishwarya92848DBDA, executor driver, partition 3, NODE_LOCAL, 8305 bytes)
[2026-01-30T09:37:57.054+0530] {subprocess.py:106} INFO - 26/01/30 09:37:57 INFO Executor: Running task 0.0 in stage 25.0 (TID 22)
[2026-01-30T09:37:57.054+0530] {subprocess.py:106} INFO - 26/01/30 09:37:57 INFO Executor: Running task 2.0 in stage 25.0 (TID 24)
[2026-01-30T09:37:57.054+0530] {subprocess.py:106} INFO - 26/01/30 09:37:57 INFO Executor: Running task 1.0 in stage 25.0 (TID 23)
[2026-01-30T09:37:57.055+0530] {subprocess.py:106} INFO - 26/01/30 09:37:57 INFO Executor: Running task 3.0 in stage 25.0 (TID 25)
[2026-01-30T09:37:57.091+0530] {subprocess.py:106} INFO - 26/01/30 09:37:57 INFO CodeGenerator: Code generated in 30.250497 ms
[2026-01-30T09:37:57.104+0530] {subprocess.py:106} INFO - 26/01/30 09:37:57 INFO CodeGenerator: Code generated in 9.507366 ms
[2026-01-30T09:37:57.112+0530] {subprocess.py:106} INFO - 26/01/30 09:37:57 INFO CodeGenerator: Code generated in 3.646931 ms
[2026-01-30T09:37:57.119+0530] {subprocess.py:106} INFO - 26/01/30 09:37:57 INFO CodeGenerator: Code generated in 4.398117 ms
[2026-01-30T09:37:57.128+0530] {subprocess.py:106} INFO - 26/01/30 09:37:57 INFO CodeGenerator: Code generated in 4.19834 ms
[2026-01-30T09:37:57.130+0530] {subprocess.py:106} INFO - 26/01/30 09:37:57 INFO FileScanRDD: Reading File path: hdfs://localhost:9000/weather/data/processed/weather_processed.parquet/part-00003-50d3d5d4-dd1e-43da-a133-b66d40e74e7e-c000.snappy.parquet, range: 0-1423950, partition values: [empty row]
[2026-01-30T09:37:57.130+0530] {subprocess.py:106} INFO - 26/01/30 09:37:57 INFO FileScanRDD: Reading File path: hdfs://localhost:9000/weather/data/processed/weather_processed.parquet/part-00002-50d3d5d4-dd1e-43da-a133-b66d40e74e7e-c000.snappy.parquet, range: 0-970584, partition values: [empty row]
[2026-01-30T09:37:57.131+0530] {subprocess.py:106} INFO - 26/01/30 09:37:57 INFO FileScanRDD: Reading File path: hdfs://localhost:9000/weather/data/processed/weather_processed.parquet/part-00000-50d3d5d4-dd1e-43da-a133-b66d40e74e7e-c000.snappy.parquet, range: 0-1425884, partition values: [empty row]
[2026-01-30T09:37:57.131+0530] {subprocess.py:106} INFO - 26/01/30 09:37:57 INFO FileScanRDD: Reading File path: hdfs://localhost:9000/weather/data/processed/weather_processed.parquet/part-00001-50d3d5d4-dd1e-43da-a133-b66d40e74e7e-c000.snappy.parquet, range: 0-964118, partition values: [empty row]
[2026-01-30T09:37:57.241+0530] {subprocess.py:106} INFO - 26/01/30 09:37:57 INFO Executor: Finished task 2.0 in stage 25.0 (TID 24). 2936 bytes result sent to driver
[2026-01-30T09:37:57.243+0530] {subprocess.py:106} INFO - 26/01/30 09:37:57 INFO TaskSetManager: Finished task 2.0 in stage 25.0 (TID 24) in 191 ms on Aishwarya92848DBDA (executor driver) (1/4)
[2026-01-30T09:37:57.251+0530] {subprocess.py:106} INFO - 26/01/30 09:37:57 INFO Executor: Finished task 3.0 in stage 25.0 (TID 25). 2936 bytes result sent to driver
[2026-01-30T09:37:57.253+0530] {subprocess.py:106} INFO - 26/01/30 09:37:57 INFO TaskSetManager: Finished task 3.0 in stage 25.0 (TID 25) in 199 ms on Aishwarya92848DBDA (executor driver) (2/4)
[2026-01-30T09:37:57.264+0530] {subprocess.py:106} INFO - 26/01/30 09:37:57 INFO Executor: Finished task 0.0 in stage 25.0 (TID 22). 2936 bytes result sent to driver
[2026-01-30T09:37:57.265+0530] {subprocess.py:106} INFO - 26/01/30 09:37:57 INFO TaskSetManager: Finished task 0.0 in stage 25.0 (TID 22) in 214 ms on Aishwarya92848DBDA (executor driver) (3/4)
[2026-01-30T09:37:57.272+0530] {subprocess.py:106} INFO - 26/01/30 09:37:57 INFO Executor: Finished task 1.0 in stage 25.0 (TID 23). 2936 bytes result sent to driver
[2026-01-30T09:37:57.273+0530] {subprocess.py:106} INFO - 26/01/30 09:37:57 INFO TaskSetManager: Finished task 1.0 in stage 25.0 (TID 23) in 221 ms on Aishwarya92848DBDA (executor driver) (4/4)
[2026-01-30T09:37:57.274+0530] {subprocess.py:106} INFO - 26/01/30 09:37:57 INFO TaskSchedulerImpl: Removed TaskSet 25.0, whose tasks have all completed, from pool
[2026-01-30T09:37:57.274+0530] {subprocess.py:106} INFO - 26/01/30 09:37:57 INFO DAGScheduler: ShuffleMapStage 25 (parquet at NativeMethodAccessorImpl.java:0) finished in 0.229 s
[2026-01-30T09:37:57.275+0530] {subprocess.py:106} INFO - 26/01/30 09:37:57 INFO DAGScheduler: looking for newly runnable stages
[2026-01-30T09:37:57.275+0530] {subprocess.py:106} INFO - 26/01/30 09:37:57 INFO DAGScheduler: running: Set()
[2026-01-30T09:37:57.275+0530] {subprocess.py:106} INFO - 26/01/30 09:37:57 INFO DAGScheduler: waiting: Set()
[2026-01-30T09:37:57.276+0530] {subprocess.py:106} INFO - 26/01/30 09:37:57 INFO DAGScheduler: failed: Set()
[2026-01-30T09:37:57.280+0530] {subprocess.py:106} INFO - 26/01/30 09:37:57 INFO ShufflePartitionsUtil: For shuffle(6), advisory target size: 67108864, actual target size 1048576, minimum partition size: 1048576
[2026-01-30T09:37:57.289+0530] {subprocess.py:106} INFO - 26/01/30 09:37:57 INFO HashAggregateExec: spark.sql.codegen.aggregate.map.twolevel.enabled is set to true, but current version of codegened fast hashmap does not support this aggregate.
[2026-01-30T09:37:57.305+0530] {subprocess.py:106} INFO - 26/01/30 09:37:57 INFO CodeGenerator: Code generated in 11.6361 ms
[2026-01-30T09:37:57.316+0530] {subprocess.py:106} INFO - 26/01/30 09:37:57 INFO CodeGenerator: Code generated in 4.672053 ms
[2026-01-30T09:37:57.329+0530] {subprocess.py:106} INFO - 26/01/30 09:37:57 INFO SparkContext: Starting job: parquet at NativeMethodAccessorImpl.java:0
[2026-01-30T09:37:57.331+0530] {subprocess.py:106} INFO - 26/01/30 09:37:57 INFO DAGScheduler: Got job 14 (parquet at NativeMethodAccessorImpl.java:0) with 1 output partitions
[2026-01-30T09:37:57.331+0530] {subprocess.py:106} INFO - 26/01/30 09:37:57 INFO DAGScheduler: Final stage: ResultStage 27 (parquet at NativeMethodAccessorImpl.java:0)
[2026-01-30T09:37:57.332+0530] {subprocess.py:106} INFO - 26/01/30 09:37:57 INFO DAGScheduler: Parents of final stage: List(ShuffleMapStage 26)
[2026-01-30T09:37:57.332+0530] {subprocess.py:106} INFO - 26/01/30 09:37:57 INFO DAGScheduler: Missing parents: List()
[2026-01-30T09:37:57.332+0530] {subprocess.py:106} INFO - 26/01/30 09:37:57 INFO DAGScheduler: Submitting ResultStage 27 (MapPartitionsRDD[49] at parquet at NativeMethodAccessorImpl.java:0), which has no missing parents
[2026-01-30T09:37:57.337+0530] {subprocess.py:106} INFO - 26/01/30 09:37:57 INFO MemoryStore: Block broadcast_18 stored as values in memory (estimated size 57.9 KiB, free 365.0 MiB)
[2026-01-30T09:37:57.339+0530] {subprocess.py:106} INFO - 26/01/30 09:37:57 INFO MemoryStore: Block broadcast_18_piece0 stored as bytes in memory (estimated size 24.7 KiB, free 364.9 MiB)
[2026-01-30T09:37:57.339+0530] {subprocess.py:106} INFO - 26/01/30 09:37:57 INFO BlockManagerInfo: Added broadcast_18_piece0 in memory on Aishwarya92848DBDA:32951 (size: 24.7 KiB, free: 366.1 MiB)
[2026-01-30T09:37:57.340+0530] {subprocess.py:106} INFO - 26/01/30 09:37:57 INFO SparkContext: Created broadcast 18 from broadcast at DAGScheduler.scala:1585
[2026-01-30T09:37:57.340+0530] {subprocess.py:106} INFO - 26/01/30 09:37:57 INFO DAGScheduler: Submitting 1 missing tasks from ResultStage 27 (MapPartitionsRDD[49] at parquet at NativeMethodAccessorImpl.java:0) (first 15 tasks are for partitions Vector(0))
[2026-01-30T09:37:57.341+0530] {subprocess.py:106} INFO - 26/01/30 09:37:57 INFO TaskSchedulerImpl: Adding task set 27.0 with 1 tasks resource profile 0
[2026-01-30T09:37:57.342+0530] {subprocess.py:106} INFO - 26/01/30 09:37:57 INFO TaskSetManager: Starting task 0.0 in stage 27.0 (TID 26) (Aishwarya92848DBDA, executor driver, partition 0, NODE_LOCAL, 7615 bytes)
[2026-01-30T09:37:57.342+0530] {subprocess.py:106} INFO - 26/01/30 09:37:57 INFO Executor: Running task 0.0 in stage 27.0 (TID 26)
[2026-01-30T09:37:57.347+0530] {subprocess.py:106} INFO - 26/01/30 09:37:57 INFO ShuffleBlockFetcherIterator: Getting 4 (92.5 KiB) non-empty blocks including 4 (92.5 KiB) local and 0 (0.0 B) host-local and 0 (0.0 B) push-merged-local and 0 (0.0 B) remote blocks
[2026-01-30T09:37:57.348+0530] {subprocess.py:106} INFO - 26/01/30 09:37:57 INFO ShuffleBlockFetcherIterator: Started 0 remote fetches in 0 ms
[2026-01-30T09:37:57.360+0530] {subprocess.py:106} INFO - 26/01/30 09:37:57 INFO CodeGenerator: Code generated in 11.532448 ms
[2026-01-30T09:37:57.375+0530] {subprocess.py:106} INFO - 26/01/30 09:37:57 INFO Executor: Finished task 0.0 in stage 27.0 (TID 26). 78638 bytes result sent to driver
[2026-01-30T09:37:57.377+0530] {subprocess.py:106} INFO - 26/01/30 09:37:57 INFO TaskSetManager: Finished task 0.0 in stage 27.0 (TID 26) in 36 ms on Aishwarya92848DBDA (executor driver) (1/1)
[2026-01-30T09:37:57.378+0530] {subprocess.py:106} INFO - 26/01/30 09:37:57 INFO TaskSchedulerImpl: Removed TaskSet 27.0, whose tasks have all completed, from pool
[2026-01-30T09:37:57.378+0530] {subprocess.py:106} INFO - 26/01/30 09:37:57 INFO DAGScheduler: ResultStage 27 (parquet at NativeMethodAccessorImpl.java:0) finished in 0.044 s
[2026-01-30T09:37:57.379+0530] {subprocess.py:106} INFO - 26/01/30 09:37:57 INFO DAGScheduler: Job 14 is finished. Cancelling potential speculative or zombie tasks for this job
[2026-01-30T09:37:57.379+0530] {subprocess.py:106} INFO - 26/01/30 09:37:57 INFO TaskSchedulerImpl: Killing all running tasks in stage 27: Stage finished
[2026-01-30T09:37:57.379+0530] {subprocess.py:106} INFO - 26/01/30 09:37:57 INFO DAGScheduler: Job 14 finished: parquet at NativeMethodAccessorImpl.java:0, took 0.049163 s
[2026-01-30T09:37:57.384+0530] {subprocess.py:106} INFO - 26/01/30 09:37:57 INFO DAGScheduler: Registering RDD 50 (parquet at NativeMethodAccessorImpl.java:0) as input to shuffle 7
[2026-01-30T09:37:57.385+0530] {subprocess.py:106} INFO - 26/01/30 09:37:57 INFO DAGScheduler: Got map stage job 15 (parquet at NativeMethodAccessorImpl.java:0) with 1 output partitions
[2026-01-30T09:37:57.385+0530] {subprocess.py:106} INFO - 26/01/30 09:37:57 INFO DAGScheduler: Final stage: ShuffleMapStage 29 (parquet at NativeMethodAccessorImpl.java:0)
[2026-01-30T09:37:57.386+0530] {subprocess.py:106} INFO - 26/01/30 09:37:57 INFO DAGScheduler: Parents of final stage: List(ShuffleMapStage 28)
[2026-01-30T09:37:57.386+0530] {subprocess.py:106} INFO - 26/01/30 09:37:57 INFO DAGScheduler: Missing parents: List()
[2026-01-30T09:37:57.386+0530] {subprocess.py:106} INFO - 26/01/30 09:37:57 INFO DAGScheduler: Submitting ShuffleMapStage 29 (MapPartitionsRDD[50] at parquet at NativeMethodAccessorImpl.java:0), which has no missing parents
[2026-01-30T09:37:57.391+0530] {subprocess.py:106} INFO - 26/01/30 09:37:57 INFO MemoryStore: Block broadcast_19 stored as values in memory (estimated size 72.1 KiB, free 364.9 MiB)
[2026-01-30T09:37:57.393+0530] {subprocess.py:106} INFO - 26/01/30 09:37:57 INFO MemoryStore: Block broadcast_19_piece0 stored as bytes in memory (estimated size 27.7 KiB, free 364.8 MiB)
[2026-01-30T09:37:57.393+0530] {subprocess.py:106} INFO - 26/01/30 09:37:57 INFO BlockManagerInfo: Added broadcast_19_piece0 in memory on Aishwarya92848DBDA:32951 (size: 27.7 KiB, free: 366.0 MiB)
[2026-01-30T09:37:57.394+0530] {subprocess.py:106} INFO - 26/01/30 09:37:57 INFO SparkContext: Created broadcast 19 from broadcast at DAGScheduler.scala:1585
[2026-01-30T09:37:57.395+0530] {subprocess.py:106} INFO - 26/01/30 09:37:57 INFO DAGScheduler: Submitting 1 missing tasks from ShuffleMapStage 29 (MapPartitionsRDD[50] at parquet at NativeMethodAccessorImpl.java:0) (first 15 tasks are for partitions Vector(0))
[2026-01-30T09:37:57.395+0530] {subprocess.py:106} INFO - 26/01/30 09:37:57 INFO TaskSchedulerImpl: Adding task set 29.0 with 1 tasks resource profile 0
[2026-01-30T09:37:57.396+0530] {subprocess.py:106} INFO - 26/01/30 09:37:57 INFO TaskSetManager: Starting task 0.0 in stage 29.0 (TID 27) (Aishwarya92848DBDA, executor driver, partition 0, NODE_LOCAL, 7604 bytes)
[2026-01-30T09:37:57.396+0530] {subprocess.py:106} INFO - 26/01/30 09:37:57 INFO Executor: Running task 0.0 in stage 29.0 (TID 27)
[2026-01-30T09:37:57.406+0530] {subprocess.py:106} INFO - 26/01/30 09:37:57 INFO CodeGenerator: Code generated in 4.636989 ms
[2026-01-30T09:37:57.409+0530] {subprocess.py:106} INFO - 26/01/30 09:37:57 INFO ShuffleBlockFetcherIterator: Getting 4 (92.5 KiB) non-empty blocks including 4 (92.5 KiB) local and 0 (0.0 B) host-local and 0 (0.0 B) push-merged-local and 0 (0.0 B) remote blocks
[2026-01-30T09:37:57.409+0530] {subprocess.py:106} INFO - 26/01/30 09:37:57 INFO ShuffleBlockFetcherIterator: Started 0 remote fetches in 0 ms
[2026-01-30T09:37:57.445+0530] {subprocess.py:106} INFO - 26/01/30 09:37:57 INFO Executor: Finished task 0.0 in stage 29.0 (TID 27). 5675 bytes result sent to driver
[2026-01-30T09:37:57.446+0530] {subprocess.py:106} INFO - 26/01/30 09:37:57 INFO TaskSetManager: Finished task 0.0 in stage 29.0 (TID 27) in 50 ms on Aishwarya92848DBDA (executor driver) (1/1)
[2026-01-30T09:37:57.447+0530] {subprocess.py:106} INFO - 26/01/30 09:37:57 INFO TaskSchedulerImpl: Removed TaskSet 29.0, whose tasks have all completed, from pool
[2026-01-30T09:37:57.447+0530] {subprocess.py:106} INFO - 26/01/30 09:37:57 INFO DAGScheduler: ShuffleMapStage 29 (parquet at NativeMethodAccessorImpl.java:0) finished in 0.059 s
[2026-01-30T09:37:57.448+0530] {subprocess.py:106} INFO - 26/01/30 09:37:57 INFO DAGScheduler: looking for newly runnable stages
[2026-01-30T09:37:57.448+0530] {subprocess.py:106} INFO - 26/01/30 09:37:57 INFO DAGScheduler: running: Set()
[2026-01-30T09:37:57.449+0530] {subprocess.py:106} INFO - 26/01/30 09:37:57 INFO DAGScheduler: waiting: Set()
[2026-01-30T09:37:57.449+0530] {subprocess.py:106} INFO - 26/01/30 09:37:57 INFO DAGScheduler: failed: Set()
[2026-01-30T09:37:57.451+0530] {subprocess.py:106} INFO - 26/01/30 09:37:57 INFO ShufflePartitionsUtil: For shuffle(7), advisory target size: 67108864, actual target size 1048576, minimum partition size: 1048576
[2026-01-30T09:37:57.461+0530] {subprocess.py:106} INFO - 26/01/30 09:37:57 INFO ParquetUtils: Using default output committer for Parquet: org.apache.parquet.hadoop.ParquetOutputCommitter
[2026-01-30T09:37:57.462+0530] {subprocess.py:106} INFO - 26/01/30 09:37:57 INFO FileOutputCommitter: File Output Committer Algorithm version is 1
[2026-01-30T09:37:57.463+0530] {subprocess.py:106} INFO - 26/01/30 09:37:57 INFO FileOutputCommitter: FileOutputCommitter skip cleanup _temporary folders under output directory:false, ignore cleanup failures: false
[2026-01-30T09:37:57.463+0530] {subprocess.py:106} INFO - 26/01/30 09:37:57 INFO SQLHadoopMapReduceCommitProtocol: Using user defined output committer class org.apache.parquet.hadoop.ParquetOutputCommitter
[2026-01-30T09:37:57.464+0530] {subprocess.py:106} INFO - 26/01/30 09:37:57 INFO FileOutputCommitter: File Output Committer Algorithm version is 1
[2026-01-30T09:37:57.464+0530] {subprocess.py:106} INFO - 26/01/30 09:37:57 INFO FileOutputCommitter: FileOutputCommitter skip cleanup _temporary folders under output directory:false, ignore cleanup failures: false
[2026-01-30T09:37:57.464+0530] {subprocess.py:106} INFO - 26/01/30 09:37:57 INFO SQLHadoopMapReduceCommitProtocol: Using output committer class org.apache.parquet.hadoop.ParquetOutputCommitter
[2026-01-30T09:37:57.479+0530] {subprocess.py:106} INFO - 26/01/30 09:37:57 INFO SparkContext: Starting job: parquet at NativeMethodAccessorImpl.java:0
[2026-01-30T09:37:57.480+0530] {subprocess.py:106} INFO - 26/01/30 09:37:57 INFO DAGScheduler: Got job 16 (parquet at NativeMethodAccessorImpl.java:0) with 1 output partitions
[2026-01-30T09:37:57.481+0530] {subprocess.py:106} INFO - 26/01/30 09:37:57 INFO DAGScheduler: Final stage: ResultStage 32 (parquet at NativeMethodAccessorImpl.java:0)
[2026-01-30T09:37:57.481+0530] {subprocess.py:106} INFO - 26/01/30 09:37:57 INFO DAGScheduler: Parents of final stage: List(ShuffleMapStage 31)
[2026-01-30T09:37:57.481+0530] {subprocess.py:106} INFO - 26/01/30 09:37:57 INFO DAGScheduler: Missing parents: List()
[2026-01-30T09:37:57.481+0530] {subprocess.py:106} INFO - 26/01/30 09:37:57 INFO DAGScheduler: Submitting ResultStage 32 (MapPartitionsRDD[53] at parquet at NativeMethodAccessorImpl.java:0), which has no missing parents
[2026-01-30T09:37:57.495+0530] {subprocess.py:106} INFO - 26/01/30 09:37:57 INFO MemoryStore: Block broadcast_20 stored as values in memory (estimated size 250.7 KiB, free 364.6 MiB)
[2026-01-30T09:37:57.497+0530] {subprocess.py:106} INFO - 26/01/30 09:37:57 INFO MemoryStore: Block broadcast_20_piece0 stored as bytes in memory (estimated size 92.6 KiB, free 364.5 MiB)
[2026-01-30T09:37:57.497+0530] {subprocess.py:106} INFO - 26/01/30 09:37:57 INFO BlockManagerInfo: Added broadcast_20_piece0 in memory on Aishwarya92848DBDA:32951 (size: 92.6 KiB, free: 365.9 MiB)
[2026-01-30T09:37:57.497+0530] {subprocess.py:106} INFO - 26/01/30 09:37:57 INFO SparkContext: Created broadcast 20 from broadcast at DAGScheduler.scala:1585
[2026-01-30T09:37:57.498+0530] {subprocess.py:106} INFO - 26/01/30 09:37:57 INFO DAGScheduler: Submitting 1 missing tasks from ResultStage 32 (MapPartitionsRDD[53] at parquet at NativeMethodAccessorImpl.java:0) (first 15 tasks are for partitions Vector(0))
[2026-01-30T09:37:57.498+0530] {subprocess.py:106} INFO - 26/01/30 09:37:57 INFO TaskSchedulerImpl: Adding task set 32.0 with 1 tasks resource profile 0
[2026-01-30T09:37:57.499+0530] {subprocess.py:106} INFO - 26/01/30 09:37:57 INFO TaskSetManager: Starting task 0.0 in stage 32.0 (TID 28) (Aishwarya92848DBDA, executor driver, partition 0, NODE_LOCAL, 7615 bytes)
[2026-01-30T09:37:57.499+0530] {subprocess.py:106} INFO - 26/01/30 09:37:57 INFO Executor: Running task 0.0 in stage 32.0 (TID 28)
[2026-01-30T09:37:57.520+0530] {subprocess.py:106} INFO - 26/01/30 09:37:57 INFO BlockManagerInfo: Removed broadcast_18_piece0 on Aishwarya92848DBDA:32951 in memory (size: 24.7 KiB, free: 366.0 MiB)
[2026-01-30T09:37:57.524+0530] {subprocess.py:106} INFO - 26/01/30 09:37:57 INFO BlockManagerInfo: Removed broadcast_15_piece0 on Aishwarya92848DBDA:32951 in memory (size: 96.1 KiB, free: 366.1 MiB)
[2026-01-30T09:37:57.528+0530] {subprocess.py:106} INFO - 26/01/30 09:37:57 INFO ShuffleBlockFetcherIterator: Getting 1 (50.5 KiB) non-empty blocks including 1 (50.5 KiB) local and 0 (0.0 B) host-local and 0 (0.0 B) push-merged-local and 0 (0.0 B) remote blocks
[2026-01-30T09:37:57.528+0530] {subprocess.py:106} INFO - 26/01/30 09:37:57 INFO ShuffleBlockFetcherIterator: Started 0 remote fetches in 1 ms
[2026-01-30T09:37:57.529+0530] {subprocess.py:106} INFO - 26/01/30 09:37:57 INFO BlockManagerInfo: Removed broadcast_17_piece0 on Aishwarya92848DBDA:32951 in memory (size: 23.1 KiB, free: 366.1 MiB)
[2026-01-30T09:37:57.531+0530] {subprocess.py:106} INFO - 26/01/30 09:37:57 INFO BlockManagerInfo: Removed broadcast_19_piece0 on Aishwarya92848DBDA:32951 in memory (size: 27.7 KiB, free: 366.1 MiB)
[2026-01-30T09:37:57.532+0530] {subprocess.py:106} INFO - 26/01/30 09:37:57 INFO FileOutputCommitter: File Output Committer Algorithm version is 1
[2026-01-30T09:37:57.532+0530] {subprocess.py:106} INFO - 26/01/30 09:37:57 INFO FileOutputCommitter: FileOutputCommitter skip cleanup _temporary folders under output directory:false, ignore cleanup failures: false
[2026-01-30T09:37:57.533+0530] {subprocess.py:106} INFO - 26/01/30 09:37:57 INFO SQLHadoopMapReduceCommitProtocol: Using user defined output committer class org.apache.parquet.hadoop.ParquetOutputCommitter
[2026-01-30T09:37:57.533+0530] {subprocess.py:106} INFO - 26/01/30 09:37:57 INFO FileOutputCommitter: File Output Committer Algorithm version is 1
[2026-01-30T09:37:57.534+0530] {subprocess.py:106} INFO - 26/01/30 09:37:57 INFO FileOutputCommitter: FileOutputCommitter skip cleanup _temporary folders under output directory:false, ignore cleanup failures: false
[2026-01-30T09:37:57.534+0530] {subprocess.py:106} INFO - 26/01/30 09:37:57 INFO SQLHadoopMapReduceCommitProtocol: Using output committer class org.apache.parquet.hadoop.ParquetOutputCommitter
[2026-01-30T09:37:57.534+0530] {subprocess.py:106} INFO - 26/01/30 09:37:57 INFO CodecConfig: Compression: SNAPPY
[2026-01-30T09:37:57.534+0530] {subprocess.py:106} INFO - 26/01/30 09:37:57 INFO CodecConfig: Compression: SNAPPY
[2026-01-30T09:37:57.535+0530] {subprocess.py:106} INFO - 26/01/30 09:37:57 INFO BlockManagerInfo: Removed broadcast_11_piece0 on Aishwarya92848DBDA:32951 in memory (size: 35.2 KiB, free: 366.1 MiB)
[2026-01-30T09:37:57.536+0530] {subprocess.py:106} INFO - 26/01/30 09:37:57 INFO ParquetOutputFormat: ParquetRecordWriter [block size: 134217728b, row group padding size: 8388608b, validating: false]
[2026-01-30T09:37:57.537+0530] {subprocess.py:106} INFO - 26/01/30 09:37:57 INFO ParquetWriteSupport: Initialized Parquet WriteSupport with Catalyst schema:
[2026-01-30T09:37:57.537+0530] {subprocess.py:106} INFO - {
[2026-01-30T09:37:57.538+0530] {subprocess.py:106} INFO -   "type" : "struct",
[2026-01-30T09:37:57.538+0530] {subprocess.py:106} INFO -   "fields" : [ {
[2026-01-30T09:37:57.539+0530] {subprocess.py:106} INFO -     "name" : "city",
[2026-01-30T09:37:57.539+0530] {subprocess.py:106} INFO -     "type" : "string",
[2026-01-30T09:37:57.539+0530] {subprocess.py:106} INFO -     "nullable" : true,
[2026-01-30T09:37:57.539+0530] {subprocess.py:106} INFO -     "metadata" : { }
[2026-01-30T09:37:57.540+0530] {subprocess.py:106} INFO -   }, {
[2026-01-30T09:37:57.540+0530] {subprocess.py:106} INFO -     "name" : "year",
[2026-01-30T09:37:57.540+0530] {subprocess.py:106} INFO -     "type" : "integer",
[2026-01-30T09:37:57.540+0530] {subprocess.py:106} INFO -     "nullable" : true,
[2026-01-30T09:37:57.541+0530] {subprocess.py:106} INFO -     "metadata" : { }
[2026-01-30T09:37:57.541+0530] {subprocess.py:106} INFO -   }, {
[2026-01-30T09:37:57.541+0530] {subprocess.py:106} INFO -     "name" : "season",
[2026-01-30T09:37:57.541+0530] {subprocess.py:106} INFO -     "type" : "string",
[2026-01-30T09:37:57.541+0530] {subprocess.py:106} INFO -     "nullable" : true,
[2026-01-30T09:37:57.542+0530] {subprocess.py:106} INFO -     "metadata" : { }
[2026-01-30T09:37:57.542+0530] {subprocess.py:106} INFO -   }, {
[2026-01-30T09:37:57.542+0530] {subprocess.py:106} INFO -     "name" : "avg_max_temp",
[2026-01-30T09:37:57.542+0530] {subprocess.py:106} INFO -     "type" : "double",
[2026-01-30T09:37:57.542+0530] {subprocess.py:106} INFO -     "nullable" : true,
[2026-01-30T09:37:57.543+0530] {subprocess.py:106} INFO -     "metadata" : { }
[2026-01-30T09:37:57.543+0530] {subprocess.py:106} INFO -   }, {
[2026-01-30T09:37:57.543+0530] {subprocess.py:106} INFO -     "name" : "avg_min_temp",
[2026-01-30T09:37:57.543+0530] {subprocess.py:106} INFO -     "type" : "double",
[2026-01-30T09:37:57.543+0530] {subprocess.py:106} INFO -     "nullable" : true,
[2026-01-30T09:37:57.543+0530] {subprocess.py:106} INFO -     "metadata" : { }
[2026-01-30T09:37:57.544+0530] {subprocess.py:106} INFO -   } ]
[2026-01-30T09:37:57.544+0530] {subprocess.py:106} INFO - }
[2026-01-30T09:37:57.544+0530] {subprocess.py:106} INFO - and corresponding Parquet message type:
[2026-01-30T09:37:57.544+0530] {subprocess.py:106} INFO - message spark_schema {
[2026-01-30T09:37:57.544+0530] {subprocess.py:106} INFO -   optional binary city (STRING);
[2026-01-30T09:37:57.545+0530] {subprocess.py:106} INFO -   optional int32 year;
[2026-01-30T09:37:57.545+0530] {subprocess.py:106} INFO -   optional binary season (STRING);
[2026-01-30T09:37:57.545+0530] {subprocess.py:106} INFO -   optional double avg_max_temp;
[2026-01-30T09:37:57.545+0530] {subprocess.py:106} INFO -   optional double avg_min_temp;
[2026-01-30T09:37:57.545+0530] {subprocess.py:106} INFO - }
[2026-01-30T09:37:57.545+0530] {subprocess.py:106} INFO - 
[2026-01-30T09:37:57.546+0530] {subprocess.py:106} INFO - 
[2026-01-30T09:37:57.574+0530] {subprocess.py:106} INFO - 26/01/30 09:37:57 INFO FileOutputCommitter: Saved output of task 'attempt_202601300937571184159172620747608_0032_m_000000_28' to hdfs://localhost:9000/weather/analytics/city_seasonal_temp/_temporary/0/task_202601300937571184159172620747608_0032_m_000000
[2026-01-30T09:37:57.574+0530] {subprocess.py:106} INFO - 26/01/30 09:37:57 INFO SparkHadoopMapRedUtil: attempt_202601300937571184159172620747608_0032_m_000000_28: Committed. Elapsed time: 4 ms.
[2026-01-30T09:37:57.575+0530] {subprocess.py:106} INFO - 26/01/30 09:37:57 INFO Executor: Finished task 0.0 in stage 32.0 (TID 28). 7814 bytes result sent to driver
[2026-01-30T09:37:57.576+0530] {subprocess.py:106} INFO - 26/01/30 09:37:57 INFO TaskSetManager: Finished task 0.0 in stage 32.0 (TID 28) in 78 ms on Aishwarya92848DBDA (executor driver) (1/1)
[2026-01-30T09:37:57.577+0530] {subprocess.py:106} INFO - 26/01/30 09:37:57 INFO TaskSchedulerImpl: Removed TaskSet 32.0, whose tasks have all completed, from pool
[2026-01-30T09:37:57.577+0530] {subprocess.py:106} INFO - 26/01/30 09:37:57 INFO DAGScheduler: ResultStage 32 (parquet at NativeMethodAccessorImpl.java:0) finished in 0.094 s
[2026-01-30T09:37:57.577+0530] {subprocess.py:106} INFO - 26/01/30 09:37:57 INFO DAGScheduler: Job 16 is finished. Cancelling potential speculative or zombie tasks for this job
[2026-01-30T09:37:57.578+0530] {subprocess.py:106} INFO - 26/01/30 09:37:57 INFO TaskSchedulerImpl: Killing all running tasks in stage 32: Stage finished
[2026-01-30T09:37:57.578+0530] {subprocess.py:106} INFO - 26/01/30 09:37:57 INFO DAGScheduler: Job 16 finished: parquet at NativeMethodAccessorImpl.java:0, took 0.098393 s
[2026-01-30T09:37:57.579+0530] {subprocess.py:106} INFO - 26/01/30 09:37:57 INFO FileFormatWriter: Start to commit write Job a6d837c2-d668-4fb8-a73a-d7ec5b6bc89c.
[2026-01-30T09:37:57.595+0530] {subprocess.py:106} INFO - 26/01/30 09:37:57 INFO FileFormatWriter: Write Job a6d837c2-d668-4fb8-a73a-d7ec5b6bc89c committed. Elapsed time: 16 ms.
[2026-01-30T09:37:57.595+0530] {subprocess.py:106} INFO - 26/01/30 09:37:57 INFO FileFormatWriter: Finished processing stats for write job a6d837c2-d668-4fb8-a73a-d7ec5b6bc89c.
[2026-01-30T09:37:57.617+0530] {subprocess.py:106} INFO - 26/01/30 09:37:57 INFO FileSourceStrategy: Pushed Filters:
[2026-01-30T09:37:57.618+0530] {subprocess.py:106} INFO - 26/01/30 09:37:57 INFO FileSourceStrategy: Post-Scan Filters:
[2026-01-30T09:37:57.663+0530] {subprocess.py:106} INFO - 26/01/30 09:37:57 INFO CodeGenerator: Code generated in 21.410066 ms
[2026-01-30T09:37:57.666+0530] {subprocess.py:106} INFO - 26/01/30 09:37:57 INFO MemoryStore: Block broadcast_21 stored as values in memory (estimated size 357.0 KiB, free 365.1 MiB)
[2026-01-30T09:37:57.673+0530] {subprocess.py:106} INFO - 26/01/30 09:37:57 INFO MemoryStore: Block broadcast_21_piece0 stored as bytes in memory (estimated size 35.1 KiB, free 365.1 MiB)
[2026-01-30T09:37:57.673+0530] {subprocess.py:106} INFO - 26/01/30 09:37:57 INFO BlockManagerInfo: Added broadcast_21_piece0 in memory on Aishwarya92848DBDA:32951 (size: 35.1 KiB, free: 366.1 MiB)
[2026-01-30T09:37:57.674+0530] {subprocess.py:106} INFO - 26/01/30 09:37:57 INFO SparkContext: Created broadcast 21 from parquet at NativeMethodAccessorImpl.java:0
[2026-01-30T09:37:57.675+0530] {subprocess.py:106} INFO - 26/01/30 09:37:57 INFO FileSourceScanExec: Planning scan with bin packing, max size: 4194304 bytes, open cost is considered as scanning 4194304 bytes.
[2026-01-30T09:37:57.681+0530] {subprocess.py:106} INFO - 26/01/30 09:37:57 INFO DAGScheduler: Registering RDD 57 (parquet at NativeMethodAccessorImpl.java:0) as input to shuffle 8
[2026-01-30T09:37:57.681+0530] {subprocess.py:106} INFO - 26/01/30 09:37:57 INFO DAGScheduler: Got map stage job 17 (parquet at NativeMethodAccessorImpl.java:0) with 4 output partitions
[2026-01-30T09:37:57.681+0530] {subprocess.py:106} INFO - 26/01/30 09:37:57 INFO DAGScheduler: Final stage: ShuffleMapStage 33 (parquet at NativeMethodAccessorImpl.java:0)
[2026-01-30T09:37:57.681+0530] {subprocess.py:106} INFO - 26/01/30 09:37:57 INFO DAGScheduler: Parents of final stage: List()
[2026-01-30T09:37:57.682+0530] {subprocess.py:106} INFO - 26/01/30 09:37:57 INFO DAGScheduler: Missing parents: List()
[2026-01-30T09:37:57.682+0530] {subprocess.py:106} INFO - 26/01/30 09:37:57 INFO DAGScheduler: Submitting ShuffleMapStage 33 (MapPartitionsRDD[57] at parquet at NativeMethodAccessorImpl.java:0), which has no missing parents
[2026-01-30T09:37:57.684+0530] {subprocess.py:106} INFO - 26/01/30 09:37:57 INFO MemoryStore: Block broadcast_22 stored as values in memory (estimated size 55.2 KiB, free 365.1 MiB)
[2026-01-30T09:37:57.686+0530] {subprocess.py:106} INFO - 26/01/30 09:37:57 INFO MemoryStore: Block broadcast_22_piece0 stored as bytes in memory (estimated size 22.2 KiB, free 365.0 MiB)
[2026-01-30T09:37:57.686+0530] {subprocess.py:106} INFO - 26/01/30 09:37:57 INFO BlockManagerInfo: Added broadcast_22_piece0 in memory on Aishwarya92848DBDA:32951 (size: 22.2 KiB, free: 366.1 MiB)
[2026-01-30T09:37:57.686+0530] {subprocess.py:106} INFO - 26/01/30 09:37:57 INFO SparkContext: Created broadcast 22 from broadcast at DAGScheduler.scala:1585
[2026-01-30T09:37:57.687+0530] {subprocess.py:106} INFO - 26/01/30 09:37:57 INFO DAGScheduler: Submitting 4 missing tasks from ShuffleMapStage 33 (MapPartitionsRDD[57] at parquet at NativeMethodAccessorImpl.java:0) (first 15 tasks are for partitions Vector(0, 1, 2, 3))
[2026-01-30T09:37:57.687+0530] {subprocess.py:106} INFO - 26/01/30 09:37:57 INFO TaskSchedulerImpl: Adding task set 33.0 with 4 tasks resource profile 0
[2026-01-30T09:37:57.688+0530] {subprocess.py:106} INFO - 26/01/30 09:37:57 INFO TaskSetManager: Starting task 0.0 in stage 33.0 (TID 29) (Aishwarya92848DBDA, executor driver, partition 0, NODE_LOCAL, 8305 bytes)
[2026-01-30T09:37:57.689+0530] {subprocess.py:106} INFO - 26/01/30 09:37:57 INFO TaskSetManager: Starting task 1.0 in stage 33.0 (TID 30) (Aishwarya92848DBDA, executor driver, partition 1, NODE_LOCAL, 8305 bytes)
[2026-01-30T09:37:57.690+0530] {subprocess.py:106} INFO - 26/01/30 09:37:57 INFO TaskSetManager: Starting task 2.0 in stage 33.0 (TID 31) (Aishwarya92848DBDA, executor driver, partition 2, NODE_LOCAL, 8305 bytes)
[2026-01-30T09:37:57.690+0530] {subprocess.py:106} INFO - 26/01/30 09:37:57 INFO TaskSetManager: Starting task 3.0 in stage 33.0 (TID 32) (Aishwarya92848DBDA, executor driver, partition 3, NODE_LOCAL, 8305 bytes)
[2026-01-30T09:37:57.690+0530] {subprocess.py:106} INFO - 26/01/30 09:37:57 INFO Executor: Running task 0.0 in stage 33.0 (TID 29)
[2026-01-30T09:37:57.691+0530] {subprocess.py:106} INFO - 26/01/30 09:37:57 INFO Executor: Running task 2.0 in stage 33.0 (TID 31)
[2026-01-30T09:37:57.691+0530] {subprocess.py:106} INFO - 26/01/30 09:37:57 INFO Executor: Running task 1.0 in stage 33.0 (TID 30)
[2026-01-30T09:37:57.691+0530] {subprocess.py:106} INFO - 26/01/30 09:37:57 INFO Executor: Running task 3.0 in stage 33.0 (TID 32)
[2026-01-30T09:37:57.712+0530] {subprocess.py:106} INFO - 26/01/30 09:37:57 INFO CodeGenerator: Code generated in 17.234505 ms
[2026-01-30T09:37:57.721+0530] {subprocess.py:106} INFO - 26/01/30 09:37:57 INFO CodeGenerator: Code generated in 3.62783 ms
[2026-01-30T09:37:57.727+0530] {subprocess.py:106} INFO - 26/01/30 09:37:57 INFO CodeGenerator: Code generated in 4.101673 ms
[2026-01-30T09:37:57.732+0530] {subprocess.py:106} INFO - 26/01/30 09:37:57 INFO FileScanRDD: Reading File path: hdfs://localhost:9000/weather/data/processed/weather_processed.parquet/part-00003-50d3d5d4-dd1e-43da-a133-b66d40e74e7e-c000.snappy.parquet, range: 0-1423950, partition values: [empty row]
[2026-01-30T09:37:57.732+0530] {subprocess.py:106} INFO - 26/01/30 09:37:57 INFO FileScanRDD: Reading File path: hdfs://localhost:9000/weather/data/processed/weather_processed.parquet/part-00000-50d3d5d4-dd1e-43da-a133-b66d40e74e7e-c000.snappy.parquet, range: 0-1425884, partition values: [empty row]
[2026-01-30T09:37:57.733+0530] {subprocess.py:106} INFO - 26/01/30 09:37:57 INFO FileScanRDD: Reading File path: hdfs://localhost:9000/weather/data/processed/weather_processed.parquet/part-00001-50d3d5d4-dd1e-43da-a133-b66d40e74e7e-c000.snappy.parquet, range: 0-964118, partition values: [empty row]
[2026-01-30T09:37:57.733+0530] {subprocess.py:106} INFO - 26/01/30 09:37:57 INFO FileScanRDD: Reading File path: hdfs://localhost:9000/weather/data/processed/weather_processed.parquet/part-00002-50d3d5d4-dd1e-43da-a133-b66d40e74e7e-c000.snappy.parquet, range: 0-970584, partition values: [empty row]
[2026-01-30T09:37:57.824+0530] {subprocess.py:106} INFO - 26/01/30 09:37:57 INFO Executor: Finished task 2.0 in stage 33.0 (TID 31). 2936 bytes result sent to driver
[2026-01-30T09:37:57.825+0530] {subprocess.py:106} INFO - 26/01/30 09:37:57 INFO TaskSetManager: Finished task 2.0 in stage 33.0 (TID 31) in 136 ms on Aishwarya92848DBDA (executor driver) (1/4)
[2026-01-30T09:37:57.826+0530] {subprocess.py:106} INFO - 26/01/30 09:37:57 INFO Executor: Finished task 3.0 in stage 33.0 (TID 32). 2936 bytes result sent to driver
[2026-01-30T09:37:57.827+0530] {subprocess.py:106} INFO - 26/01/30 09:37:57 INFO TaskSetManager: Finished task 3.0 in stage 33.0 (TID 32) in 137 ms on Aishwarya92848DBDA (executor driver) (2/4)
[2026-01-30T09:37:57.839+0530] {subprocess.py:106} INFO - 26/01/30 09:37:57 INFO Executor: Finished task 1.0 in stage 33.0 (TID 30). 2936 bytes result sent to driver
[2026-01-30T09:37:57.840+0530] {subprocess.py:106} INFO - 26/01/30 09:37:57 INFO TaskSetManager: Finished task 1.0 in stage 33.0 (TID 30) in 151 ms on Aishwarya92848DBDA (executor driver) (3/4)
[2026-01-30T09:37:57.846+0530] {subprocess.py:106} INFO - 26/01/30 09:37:57 INFO Executor: Finished task 0.0 in stage 33.0 (TID 29). 2936 bytes result sent to driver
[2026-01-30T09:37:57.846+0530] {subprocess.py:106} INFO - 26/01/30 09:37:57 INFO TaskSetManager: Finished task 0.0 in stage 33.0 (TID 29) in 158 ms on Aishwarya92848DBDA (executor driver) (4/4)
[2026-01-30T09:37:57.847+0530] {subprocess.py:106} INFO - 26/01/30 09:37:57 INFO TaskSchedulerImpl: Removed TaskSet 33.0, whose tasks have all completed, from pool
[2026-01-30T09:37:57.847+0530] {subprocess.py:106} INFO - 26/01/30 09:37:57 INFO DAGScheduler: ShuffleMapStage 33 (parquet at NativeMethodAccessorImpl.java:0) finished in 0.164 s
[2026-01-30T09:37:57.848+0530] {subprocess.py:106} INFO - 26/01/30 09:37:57 INFO DAGScheduler: looking for newly runnable stages
[2026-01-30T09:37:57.848+0530] {subprocess.py:106} INFO - 26/01/30 09:37:57 INFO DAGScheduler: running: Set()
[2026-01-30T09:37:57.848+0530] {subprocess.py:106} INFO - 26/01/30 09:37:57 INFO DAGScheduler: waiting: Set()
[2026-01-30T09:37:57.848+0530] {subprocess.py:106} INFO - 26/01/30 09:37:57 INFO DAGScheduler: failed: Set()
[2026-01-30T09:37:57.852+0530] {subprocess.py:106} INFO - 26/01/30 09:37:57 INFO ShufflePartitionsUtil: For shuffle(8), advisory target size: 67108864, actual target size 1048576, minimum partition size: 1048576
[2026-01-30T09:37:57.860+0530] {subprocess.py:106} INFO - 26/01/30 09:37:57 INFO HashAggregateExec: spark.sql.codegen.aggregate.map.twolevel.enabled is set to true, but current version of codegened fast hashmap does not support this aggregate.
[2026-01-30T09:37:57.875+0530] {subprocess.py:106} INFO - 26/01/30 09:37:57 INFO CodeGenerator: Code generated in 11.605625 ms
[2026-01-30T09:37:57.890+0530] {subprocess.py:106} INFO - 26/01/30 09:37:57 INFO SparkContext: Starting job: parquet at NativeMethodAccessorImpl.java:0
[2026-01-30T09:37:57.891+0530] {subprocess.py:106} INFO - 26/01/30 09:37:57 INFO DAGScheduler: Got job 18 (parquet at NativeMethodAccessorImpl.java:0) with 1 output partitions
[2026-01-30T09:37:57.892+0530] {subprocess.py:106} INFO - 26/01/30 09:37:57 INFO DAGScheduler: Final stage: ResultStage 35 (parquet at NativeMethodAccessorImpl.java:0)
[2026-01-30T09:37:57.892+0530] {subprocess.py:106} INFO - 26/01/30 09:37:57 INFO DAGScheduler: Parents of final stage: List(ShuffleMapStage 34)
[2026-01-30T09:37:57.892+0530] {subprocess.py:106} INFO - 26/01/30 09:37:57 INFO DAGScheduler: Missing parents: List()
[2026-01-30T09:37:57.892+0530] {subprocess.py:106} INFO - 26/01/30 09:37:57 INFO DAGScheduler: Submitting ResultStage 35 (MapPartitionsRDD[62] at parquet at NativeMethodAccessorImpl.java:0), which has no missing parents
[2026-01-30T09:37:57.897+0530] {subprocess.py:106} INFO - 26/01/30 09:37:57 INFO MemoryStore: Block broadcast_23 stored as values in memory (estimated size 54.4 KiB, free 365.0 MiB)
[2026-01-30T09:37:57.898+0530] {subprocess.py:106} INFO - 26/01/30 09:37:57 INFO MemoryStore: Block broadcast_23_piece0 stored as bytes in memory (estimated size 23.8 KiB, free 365.0 MiB)
[2026-01-30T09:37:57.899+0530] {subprocess.py:106} INFO - 26/01/30 09:37:57 INFO BlockManagerInfo: Added broadcast_23_piece0 in memory on Aishwarya92848DBDA:32951 (size: 23.8 KiB, free: 366.1 MiB)
[2026-01-30T09:37:57.899+0530] {subprocess.py:106} INFO - 26/01/30 09:37:57 INFO SparkContext: Created broadcast 23 from broadcast at DAGScheduler.scala:1585
[2026-01-30T09:37:57.900+0530] {subprocess.py:106} INFO - 26/01/30 09:37:57 INFO DAGScheduler: Submitting 1 missing tasks from ResultStage 35 (MapPartitionsRDD[62] at parquet at NativeMethodAccessorImpl.java:0) (first 15 tasks are for partitions Vector(0))
[2026-01-30T09:37:57.900+0530] {subprocess.py:106} INFO - 26/01/30 09:37:57 INFO TaskSchedulerImpl: Adding task set 35.0 with 1 tasks resource profile 0
[2026-01-30T09:37:57.901+0530] {subprocess.py:106} INFO - 26/01/30 09:37:57 INFO TaskSetManager: Starting task 0.0 in stage 35.0 (TID 33) (Aishwarya92848DBDA, executor driver, partition 0, NODE_LOCAL, 7615 bytes)
[2026-01-30T09:37:57.902+0530] {subprocess.py:106} INFO - 26/01/30 09:37:57 INFO Executor: Running task 0.0 in stage 35.0 (TID 33)
[2026-01-30T09:37:57.907+0530] {subprocess.py:106} INFO - 26/01/30 09:37:57 INFO ShuffleBlockFetcherIterator: Getting 4 (81.7 KiB) non-empty blocks including 4 (81.7 KiB) local and 0 (0.0 B) host-local and 0 (0.0 B) push-merged-local and 0 (0.0 B) remote blocks
[2026-01-30T09:37:57.907+0530] {subprocess.py:106} INFO - 26/01/30 09:37:57 INFO ShuffleBlockFetcherIterator: Started 0 remote fetches in 0 ms
[2026-01-30T09:37:57.922+0530] {subprocess.py:106} INFO - 26/01/30 09:37:57 INFO CodeGenerator: Code generated in 14.658104 ms
[2026-01-30T09:37:57.939+0530] {subprocess.py:106} INFO - 26/01/30 09:37:57 INFO Executor: Finished task 0.0 in stage 35.0 (TID 33). 78638 bytes result sent to driver
[2026-01-30T09:37:57.941+0530] {subprocess.py:106} INFO - 26/01/30 09:37:57 INFO TaskSetManager: Finished task 0.0 in stage 35.0 (TID 33) in 39 ms on Aishwarya92848DBDA (executor driver) (1/1)
[2026-01-30T09:37:57.941+0530] {subprocess.py:106} INFO - 26/01/30 09:37:57 INFO TaskSchedulerImpl: Removed TaskSet 35.0, whose tasks have all completed, from pool
[2026-01-30T09:37:57.941+0530] {subprocess.py:106} INFO - 26/01/30 09:37:57 INFO DAGScheduler: ResultStage 35 (parquet at NativeMethodAccessorImpl.java:0) finished in 0.046 s
[2026-01-30T09:37:57.942+0530] {subprocess.py:106} INFO - 26/01/30 09:37:57 INFO DAGScheduler: Job 18 is finished. Cancelling potential speculative or zombie tasks for this job
[2026-01-30T09:37:57.942+0530] {subprocess.py:106} INFO - 26/01/30 09:37:57 INFO TaskSchedulerImpl: Killing all running tasks in stage 35: Stage finished
[2026-01-30T09:37:57.942+0530] {subprocess.py:106} INFO - 26/01/30 09:37:57 INFO DAGScheduler: Job 18 finished: parquet at NativeMethodAccessorImpl.java:0, took 0.051255 s
[2026-01-30T09:37:57.946+0530] {subprocess.py:106} INFO - 26/01/30 09:37:57 INFO DAGScheduler: Registering RDD 63 (parquet at NativeMethodAccessorImpl.java:0) as input to shuffle 9
[2026-01-30T09:37:57.946+0530] {subprocess.py:106} INFO - 26/01/30 09:37:57 INFO DAGScheduler: Got map stage job 19 (parquet at NativeMethodAccessorImpl.java:0) with 1 output partitions
[2026-01-30T09:37:57.947+0530] {subprocess.py:106} INFO - 26/01/30 09:37:57 INFO DAGScheduler: Final stage: ShuffleMapStage 37 (parquet at NativeMethodAccessorImpl.java:0)
[2026-01-30T09:37:57.947+0530] {subprocess.py:106} INFO - 26/01/30 09:37:57 INFO DAGScheduler: Parents of final stage: List(ShuffleMapStage 36)
[2026-01-30T09:37:57.947+0530] {subprocess.py:106} INFO - 26/01/30 09:37:57 INFO DAGScheduler: Missing parents: List()
[2026-01-30T09:37:57.948+0530] {subprocess.py:106} INFO - 26/01/30 09:37:57 INFO DAGScheduler: Submitting ShuffleMapStage 37 (MapPartitionsRDD[63] at parquet at NativeMethodAccessorImpl.java:0), which has no missing parents
[2026-01-30T09:37:57.953+0530] {subprocess.py:106} INFO - 26/01/30 09:37:57 INFO MemoryStore: Block broadcast_24 stored as values in memory (estimated size 68.6 KiB, free 364.9 MiB)
[2026-01-30T09:37:57.954+0530] {subprocess.py:106} INFO - 26/01/30 09:37:57 INFO MemoryStore: Block broadcast_24_piece0 stored as bytes in memory (estimated size 26.9 KiB, free 364.9 MiB)
[2026-01-30T09:37:57.955+0530] {subprocess.py:106} INFO - 26/01/30 09:37:57 INFO BlockManagerInfo: Added broadcast_24_piece0 in memory on Aishwarya92848DBDA:32951 (size: 26.9 KiB, free: 366.0 MiB)
[2026-01-30T09:37:57.955+0530] {subprocess.py:106} INFO - 26/01/30 09:37:57 INFO SparkContext: Created broadcast 24 from broadcast at DAGScheduler.scala:1585
[2026-01-30T09:37:57.957+0530] {subprocess.py:106} INFO - 26/01/30 09:37:57 INFO DAGScheduler: Submitting 1 missing tasks from ShuffleMapStage 37 (MapPartitionsRDD[63] at parquet at NativeMethodAccessorImpl.java:0) (first 15 tasks are for partitions Vector(0))
[2026-01-30T09:37:57.958+0530] {subprocess.py:106} INFO - 26/01/30 09:37:57 INFO TaskSchedulerImpl: Adding task set 37.0 with 1 tasks resource profile 0
[2026-01-30T09:37:57.959+0530] {subprocess.py:106} INFO - 26/01/30 09:37:57 INFO TaskSetManager: Starting task 0.0 in stage 37.0 (TID 34) (Aishwarya92848DBDA, executor driver, partition 0, NODE_LOCAL, 7604 bytes)
[2026-01-30T09:37:57.959+0530] {subprocess.py:106} INFO - 26/01/30 09:37:57 INFO Executor: Running task 0.0 in stage 37.0 (TID 34)
[2026-01-30T09:37:57.964+0530] {subprocess.py:106} INFO - 26/01/30 09:37:57 INFO ShuffleBlockFetcherIterator: Getting 4 (81.7 KiB) non-empty blocks including 4 (81.7 KiB) local and 0 (0.0 B) host-local and 0 (0.0 B) push-merged-local and 0 (0.0 B) remote blocks
[2026-01-30T09:37:57.965+0530] {subprocess.py:106} INFO - 26/01/30 09:37:57 INFO ShuffleBlockFetcherIterator: Started 0 remote fetches in 0 ms
[2026-01-30T09:37:57.995+0530] {subprocess.py:106} INFO - 26/01/30 09:37:57 INFO Executor: Finished task 0.0 in stage 37.0 (TID 34). 5675 bytes result sent to driver
[2026-01-30T09:37:57.997+0530] {subprocess.py:106} INFO - 26/01/30 09:37:57 INFO TaskSetManager: Finished task 0.0 in stage 37.0 (TID 34) in 38 ms on Aishwarya92848DBDA (executor driver) (1/1)
[2026-01-30T09:37:57.997+0530] {subprocess.py:106} INFO - 26/01/30 09:37:57 INFO TaskSchedulerImpl: Removed TaskSet 37.0, whose tasks have all completed, from pool
[2026-01-30T09:37:57.997+0530] {subprocess.py:106} INFO - 26/01/30 09:37:57 INFO DAGScheduler: ShuffleMapStage 37 (parquet at NativeMethodAccessorImpl.java:0) finished in 0.048 s
[2026-01-30T09:37:57.998+0530] {subprocess.py:106} INFO - 26/01/30 09:37:57 INFO DAGScheduler: looking for newly runnable stages
[2026-01-30T09:37:57.998+0530] {subprocess.py:106} INFO - 26/01/30 09:37:57 INFO DAGScheduler: running: Set()
[2026-01-30T09:37:57.998+0530] {subprocess.py:106} INFO - 26/01/30 09:37:57 INFO DAGScheduler: waiting: Set()
[2026-01-30T09:37:57.998+0530] {subprocess.py:106} INFO - 26/01/30 09:37:57 INFO DAGScheduler: failed: Set()
[2026-01-30T09:37:58.000+0530] {subprocess.py:106} INFO - 26/01/30 09:37:58 INFO ShufflePartitionsUtil: For shuffle(9), advisory target size: 67108864, actual target size 1048576, minimum partition size: 1048576
[2026-01-30T09:37:58.009+0530] {subprocess.py:106} INFO - 26/01/30 09:37:58 INFO ParquetUtils: Using default output committer for Parquet: org.apache.parquet.hadoop.ParquetOutputCommitter
[2026-01-30T09:37:58.010+0530] {subprocess.py:106} INFO - 26/01/30 09:37:58 INFO FileOutputCommitter: File Output Committer Algorithm version is 1
[2026-01-30T09:37:58.010+0530] {subprocess.py:106} INFO - 26/01/30 09:37:58 INFO FileOutputCommitter: FileOutputCommitter skip cleanup _temporary folders under output directory:false, ignore cleanup failures: false
[2026-01-30T09:37:58.010+0530] {subprocess.py:106} INFO - 26/01/30 09:37:58 INFO SQLHadoopMapReduceCommitProtocol: Using user defined output committer class org.apache.parquet.hadoop.ParquetOutputCommitter
[2026-01-30T09:37:58.010+0530] {subprocess.py:106} INFO - 26/01/30 09:37:58 INFO FileOutputCommitter: File Output Committer Algorithm version is 1
[2026-01-30T09:37:58.011+0530] {subprocess.py:106} INFO - 26/01/30 09:37:58 INFO FileOutputCommitter: FileOutputCommitter skip cleanup _temporary folders under output directory:false, ignore cleanup failures: false
[2026-01-30T09:37:58.011+0530] {subprocess.py:106} INFO - 26/01/30 09:37:58 INFO SQLHadoopMapReduceCommitProtocol: Using output committer class org.apache.parquet.hadoop.ParquetOutputCommitter
[2026-01-30T09:37:58.024+0530] {subprocess.py:106} INFO - 26/01/30 09:37:58 INFO SparkContext: Starting job: parquet at NativeMethodAccessorImpl.java:0
[2026-01-30T09:37:58.025+0530] {subprocess.py:106} INFO - 26/01/30 09:37:58 INFO DAGScheduler: Got job 20 (parquet at NativeMethodAccessorImpl.java:0) with 1 output partitions
[2026-01-30T09:37:58.026+0530] {subprocess.py:106} INFO - 26/01/30 09:37:58 INFO DAGScheduler: Final stage: ResultStage 40 (parquet at NativeMethodAccessorImpl.java:0)
[2026-01-30T09:37:58.026+0530] {subprocess.py:106} INFO - 26/01/30 09:37:58 INFO DAGScheduler: Parents of final stage: List(ShuffleMapStage 39)
[2026-01-30T09:37:58.026+0530] {subprocess.py:106} INFO - 26/01/30 09:37:58 INFO DAGScheduler: Missing parents: List()
[2026-01-30T09:37:58.026+0530] {subprocess.py:106} INFO - 26/01/30 09:37:58 INFO DAGScheduler: Submitting ResultStage 40 (MapPartitionsRDD[66] at parquet at NativeMethodAccessorImpl.java:0), which has no missing parents
[2026-01-30T09:37:58.038+0530] {subprocess.py:106} INFO - 26/01/30 09:37:58 INFO MemoryStore: Block broadcast_25 stored as values in memory (estimated size 248.8 KiB, free 364.6 MiB)
[2026-01-30T09:37:58.040+0530] {subprocess.py:106} INFO - 26/01/30 09:37:58 INFO MemoryStore: Block broadcast_25_piece0 stored as bytes in memory (estimated size 92.3 KiB, free 364.5 MiB)
[2026-01-30T09:37:58.040+0530] {subprocess.py:106} INFO - 26/01/30 09:37:58 INFO BlockManagerInfo: Added broadcast_25_piece0 in memory on Aishwarya92848DBDA:32951 (size: 92.3 KiB, free: 366.0 MiB)
[2026-01-30T09:37:58.040+0530] {subprocess.py:106} INFO - 26/01/30 09:37:58 INFO SparkContext: Created broadcast 25 from broadcast at DAGScheduler.scala:1585
[2026-01-30T09:37:58.041+0530] {subprocess.py:106} INFO - 26/01/30 09:37:58 INFO DAGScheduler: Submitting 1 missing tasks from ResultStage 40 (MapPartitionsRDD[66] at parquet at NativeMethodAccessorImpl.java:0) (first 15 tasks are for partitions Vector(0))
[2026-01-30T09:37:58.041+0530] {subprocess.py:106} INFO - 26/01/30 09:37:58 INFO TaskSchedulerImpl: Adding task set 40.0 with 1 tasks resource profile 0
[2026-01-30T09:37:58.042+0530] {subprocess.py:106} INFO - 26/01/30 09:37:58 INFO TaskSetManager: Starting task 0.0 in stage 40.0 (TID 35) (Aishwarya92848DBDA, executor driver, partition 0, NODE_LOCAL, 7615 bytes)
[2026-01-30T09:37:58.043+0530] {subprocess.py:106} INFO - 26/01/30 09:37:58 INFO Executor: Running task 0.0 in stage 40.0 (TID 35)
[2026-01-30T09:37:58.051+0530] {subprocess.py:106} INFO - 26/01/30 09:37:58 INFO ShuffleBlockFetcherIterator: Getting 1 (47.4 KiB) non-empty blocks including 1 (47.4 KiB) local and 0 (0.0 B) host-local and 0 (0.0 B) push-merged-local and 0 (0.0 B) remote blocks
[2026-01-30T09:37:58.052+0530] {subprocess.py:106} INFO - 26/01/30 09:37:58 INFO ShuffleBlockFetcherIterator: Started 0 remote fetches in 0 ms
[2026-01-30T09:37:58.055+0530] {subprocess.py:106} INFO - 26/01/30 09:37:58 INFO FileOutputCommitter: File Output Committer Algorithm version is 1
[2026-01-30T09:37:58.056+0530] {subprocess.py:106} INFO - 26/01/30 09:37:58 INFO FileOutputCommitter: FileOutputCommitter skip cleanup _temporary folders under output directory:false, ignore cleanup failures: false
[2026-01-30T09:37:58.056+0530] {subprocess.py:106} INFO - 26/01/30 09:37:58 INFO SQLHadoopMapReduceCommitProtocol: Using user defined output committer class org.apache.parquet.hadoop.ParquetOutputCommitter
[2026-01-30T09:37:58.056+0530] {subprocess.py:106} INFO - 26/01/30 09:37:58 INFO FileOutputCommitter: File Output Committer Algorithm version is 1
[2026-01-30T09:37:58.056+0530] {subprocess.py:106} INFO - 26/01/30 09:37:58 INFO FileOutputCommitter: FileOutputCommitter skip cleanup _temporary folders under output directory:false, ignore cleanup failures: false
[2026-01-30T09:37:58.056+0530] {subprocess.py:106} INFO - 26/01/30 09:37:58 INFO SQLHadoopMapReduceCommitProtocol: Using output committer class org.apache.parquet.hadoop.ParquetOutputCommitter
[2026-01-30T09:37:58.057+0530] {subprocess.py:106} INFO - 26/01/30 09:37:58 INFO CodecConfig: Compression: SNAPPY
[2026-01-30T09:37:58.057+0530] {subprocess.py:106} INFO - 26/01/30 09:37:58 INFO CodecConfig: Compression: SNAPPY
[2026-01-30T09:37:58.058+0530] {subprocess.py:106} INFO - 26/01/30 09:37:58 INFO ParquetOutputFormat: ParquetRecordWriter [block size: 134217728b, row group padding size: 8388608b, validating: false]
[2026-01-30T09:37:58.060+0530] {subprocess.py:106} INFO - 26/01/30 09:37:58 INFO ParquetWriteSupport: Initialized Parquet WriteSupport with Catalyst schema:
[2026-01-30T09:37:58.061+0530] {subprocess.py:106} INFO - {
[2026-01-30T09:37:58.061+0530] {subprocess.py:106} INFO -   "type" : "struct",
[2026-01-30T09:37:58.061+0530] {subprocess.py:106} INFO -   "fields" : [ {
[2026-01-30T09:37:58.061+0530] {subprocess.py:106} INFO -     "name" : "city",
[2026-01-30T09:37:58.062+0530] {subprocess.py:106} INFO -     "type" : "string",
[2026-01-30T09:37:58.062+0530] {subprocess.py:106} INFO -     "nullable" : true,
[2026-01-30T09:37:58.062+0530] {subprocess.py:106} INFO -     "metadata" : { }
[2026-01-30T09:37:58.062+0530] {subprocess.py:106} INFO -   }, {
[2026-01-30T09:37:58.062+0530] {subprocess.py:106} INFO -     "name" : "year",
[2026-01-30T09:37:58.062+0530] {subprocess.py:106} INFO -     "type" : "integer",
[2026-01-30T09:37:58.062+0530] {subprocess.py:106} INFO -     "nullable" : true,
[2026-01-30T09:37:58.063+0530] {subprocess.py:106} INFO -     "metadata" : { }
[2026-01-30T09:37:58.063+0530] {subprocess.py:106} INFO -   }, {
[2026-01-30T09:37:58.063+0530] {subprocess.py:106} INFO -     "name" : "season",
[2026-01-30T09:37:58.063+0530] {subprocess.py:106} INFO -     "type" : "string",
[2026-01-30T09:37:58.063+0530] {subprocess.py:106} INFO -     "nullable" : true,
[2026-01-30T09:37:58.063+0530] {subprocess.py:106} INFO -     "metadata" : { }
[2026-01-30T09:37:58.063+0530] {subprocess.py:106} INFO -   }, {
[2026-01-30T09:37:58.063+0530] {subprocess.py:106} INFO -     "name" : "seasonal_rainfall",
[2026-01-30T09:37:58.064+0530] {subprocess.py:106} INFO -     "type" : "double",
[2026-01-30T09:37:58.064+0530] {subprocess.py:106} INFO -     "nullable" : true,
[2026-01-30T09:37:58.064+0530] {subprocess.py:106} INFO -     "metadata" : { }
[2026-01-30T09:37:58.064+0530] {subprocess.py:106} INFO -   }, {
[2026-01-30T09:37:58.064+0530] {subprocess.py:106} INFO -     "name" : "rainy_days",
[2026-01-30T09:37:58.064+0530] {subprocess.py:106} INFO -     "type" : "long",
[2026-01-30T09:37:58.064+0530] {subprocess.py:106} INFO -     "nullable" : true,
[2026-01-30T09:37:58.065+0530] {subprocess.py:106} INFO -     "metadata" : { }
[2026-01-30T09:37:58.065+0530] {subprocess.py:106} INFO -   } ]
[2026-01-30T09:37:58.065+0530] {subprocess.py:106} INFO - }
[2026-01-30T09:37:58.065+0530] {subprocess.py:106} INFO - and corresponding Parquet message type:
[2026-01-30T09:37:58.066+0530] {subprocess.py:106} INFO - message spark_schema {
[2026-01-30T09:37:58.066+0530] {subprocess.py:106} INFO -   optional binary city (STRING);
[2026-01-30T09:37:58.066+0530] {subprocess.py:106} INFO -   optional int32 year;
[2026-01-30T09:37:58.066+0530] {subprocess.py:106} INFO -   optional binary season (STRING);
[2026-01-30T09:37:58.066+0530] {subprocess.py:106} INFO -   optional double seasonal_rainfall;
[2026-01-30T09:37:58.066+0530] {subprocess.py:106} INFO -   optional int64 rainy_days;
[2026-01-30T09:37:58.066+0530] {subprocess.py:106} INFO - }
[2026-01-30T09:37:58.067+0530] {subprocess.py:106} INFO - 
[2026-01-30T09:37:58.067+0530] {subprocess.py:106} INFO - 
[2026-01-30T09:37:58.508+0530] {subprocess.py:106} INFO - 26/01/30 09:37:58 INFO FileOutputCommitter: Saved output of task 'attempt_202601300937584255300097277949268_0040_m_000000_35' to hdfs://localhost:9000/weather/analytics/city_seasonal_rainfall/_temporary/0/task_202601300937584255300097277949268_0040_m_000000
[2026-01-30T09:37:58.508+0530] {subprocess.py:106} INFO - 26/01/30 09:37:58 INFO SparkHadoopMapRedUtil: attempt_202601300937584255300097277949268_0040_m_000000_35: Committed. Elapsed time: 4 ms.
[2026-01-30T09:37:58.509+0530] {subprocess.py:106} INFO - 26/01/30 09:37:58 INFO Executor: Finished task 0.0 in stage 40.0 (TID 35). 7771 bytes result sent to driver
[2026-01-30T09:37:58.510+0530] {subprocess.py:106} INFO - 26/01/30 09:37:58 INFO TaskSetManager: Finished task 0.0 in stage 40.0 (TID 35) in 469 ms on Aishwarya92848DBDA (executor driver) (1/1)
[2026-01-30T09:37:58.510+0530] {subprocess.py:106} INFO - 26/01/30 09:37:58 INFO TaskSchedulerImpl: Removed TaskSet 40.0, whose tasks have all completed, from pool
[2026-01-30T09:37:58.511+0530] {subprocess.py:106} INFO - 26/01/30 09:37:58 INFO DAGScheduler: ResultStage 40 (parquet at NativeMethodAccessorImpl.java:0) finished in 0.482 s
[2026-01-30T09:37:58.511+0530] {subprocess.py:106} INFO - 26/01/30 09:37:58 INFO DAGScheduler: Job 20 is finished. Cancelling potential speculative or zombie tasks for this job
[2026-01-30T09:37:58.511+0530] {subprocess.py:106} INFO - 26/01/30 09:37:58 INFO TaskSchedulerImpl: Killing all running tasks in stage 40: Stage finished
[2026-01-30T09:37:58.511+0530] {subprocess.py:106} INFO - 26/01/30 09:37:58 INFO DAGScheduler: Job 20 finished: parquet at NativeMethodAccessorImpl.java:0, took 0.486575 s
[2026-01-30T09:37:58.511+0530] {subprocess.py:106} INFO - 26/01/30 09:37:58 INFO FileFormatWriter: Start to commit write Job afc0aef2-c2f3-4388-b6d5-cd9d8469a438.
[2026-01-30T09:37:58.525+0530] {subprocess.py:106} INFO - 26/01/30 09:37:58 INFO FileFormatWriter: Write Job afc0aef2-c2f3-4388-b6d5-cd9d8469a438 committed. Elapsed time: 13 ms.
[2026-01-30T09:37:58.525+0530] {subprocess.py:106} INFO - 26/01/30 09:37:58 INFO FileFormatWriter: Finished processing stats for write job afc0aef2-c2f3-4388-b6d5-cd9d8469a438.
[2026-01-30T09:37:58.543+0530] {subprocess.py:106} INFO - 26/01/30 09:37:58 INFO FileSourceStrategy: Pushed Filters:
[2026-01-30T09:37:58.543+0530] {subprocess.py:106} INFO - 26/01/30 09:37:58 INFO FileSourceStrategy: Post-Scan Filters:
[2026-01-30T09:37:58.586+0530] {subprocess.py:106} INFO - 26/01/30 09:37:58 INFO BlockManagerInfo: Removed broadcast_23_piece0 on Aishwarya92848DBDA:32951 in memory (size: 23.8 KiB, free: 366.0 MiB)
[2026-01-30T09:37:58.591+0530] {subprocess.py:106} INFO - 26/01/30 09:37:58 INFO BlockManagerInfo: Removed broadcast_25_piece0 on Aishwarya92848DBDA:32951 in memory (size: 92.3 KiB, free: 366.1 MiB)
[2026-01-30T09:37:58.594+0530] {subprocess.py:106} INFO - 26/01/30 09:37:58 INFO BlockManagerInfo: Removed broadcast_21_piece0 on Aishwarya92848DBDA:32951 in memory (size: 35.1 KiB, free: 366.1 MiB)
[2026-01-30T09:37:58.597+0530] {subprocess.py:106} INFO - 26/01/30 09:37:58 INFO BlockManagerInfo: Removed broadcast_22_piece0 on Aishwarya92848DBDA:32951 in memory (size: 22.2 KiB, free: 366.1 MiB)
[2026-01-30T09:37:58.601+0530] {subprocess.py:106} INFO - 26/01/30 09:37:58 INFO BlockManagerInfo: Removed broadcast_24_piece0 on Aishwarya92848DBDA:32951 in memory (size: 26.9 KiB, free: 366.1 MiB)
[2026-01-30T09:37:58.604+0530] {subprocess.py:106} INFO - 26/01/30 09:37:58 INFO BlockManagerInfo: Removed broadcast_20_piece0 on Aishwarya92848DBDA:32951 in memory (size: 92.6 KiB, free: 366.2 MiB)
[2026-01-30T09:37:58.606+0530] {subprocess.py:106} INFO - 26/01/30 09:37:58 INFO CodeGenerator: Code generated in 42.033464 ms
[2026-01-30T09:37:58.609+0530] {subprocess.py:106} INFO - 26/01/30 09:37:58 INFO BlockManagerInfo: Removed broadcast_16_piece0 on Aishwarya92848DBDA:32951 in memory (size: 35.1 KiB, free: 366.3 MiB)
[2026-01-30T09:37:58.610+0530] {subprocess.py:106} INFO - 26/01/30 09:37:58 INFO MemoryStore: Block broadcast_26 stored as values in memory (estimated size 357.4 KiB, free 365.5 MiB)
[2026-01-30T09:37:58.617+0530] {subprocess.py:106} INFO - 26/01/30 09:37:58 INFO MemoryStore: Block broadcast_26_piece0 stored as bytes in memory (estimated size 35.1 KiB, free 365.8 MiB)
[2026-01-30T09:37:58.618+0530] {subprocess.py:106} INFO - 26/01/30 09:37:58 INFO BlockManagerInfo: Added broadcast_26_piece0 in memory on Aishwarya92848DBDA:32951 (size: 35.1 KiB, free: 366.2 MiB)
[2026-01-30T09:37:58.618+0530] {subprocess.py:106} INFO - 26/01/30 09:37:58 INFO SparkContext: Created broadcast 26 from parquet at NativeMethodAccessorImpl.java:0
[2026-01-30T09:37:58.619+0530] {subprocess.py:106} INFO - 26/01/30 09:37:58 INFO FileSourceScanExec: Planning scan with bin packing, max size: 4194304 bytes, open cost is considered as scanning 4194304 bytes.
[2026-01-30T09:37:58.624+0530] {subprocess.py:106} INFO - 26/01/30 09:37:58 INFO DAGScheduler: Registering RDD 70 (parquet at NativeMethodAccessorImpl.java:0) as input to shuffle 10
[2026-01-30T09:37:58.625+0530] {subprocess.py:106} INFO - 26/01/30 09:37:58 INFO DAGScheduler: Got map stage job 21 (parquet at NativeMethodAccessorImpl.java:0) with 4 output partitions
[2026-01-30T09:37:58.625+0530] {subprocess.py:106} INFO - 26/01/30 09:37:58 INFO DAGScheduler: Final stage: ShuffleMapStage 41 (parquet at NativeMethodAccessorImpl.java:0)
[2026-01-30T09:37:58.625+0530] {subprocess.py:106} INFO - 26/01/30 09:37:58 INFO DAGScheduler: Parents of final stage: List()
[2026-01-30T09:37:58.626+0530] {subprocess.py:106} INFO - 26/01/30 09:37:58 INFO DAGScheduler: Missing parents: List()
[2026-01-30T09:37:58.626+0530] {subprocess.py:106} INFO - 26/01/30 09:37:58 INFO DAGScheduler: Submitting ShuffleMapStage 41 (MapPartitionsRDD[70] at parquet at NativeMethodAccessorImpl.java:0), which has no missing parents
[2026-01-30T09:37:58.627+0530] {subprocess.py:106} INFO - 26/01/30 09:37:58 INFO MemoryStore: Block broadcast_27 stored as values in memory (estimated size 56.4 KiB, free 365.8 MiB)
[2026-01-30T09:37:58.629+0530] {subprocess.py:106} INFO - 26/01/30 09:37:58 INFO MemoryStore: Block broadcast_27_piece0 stored as bytes in memory (estimated size 22.6 KiB, free 365.7 MiB)
[2026-01-30T09:37:58.629+0530] {subprocess.py:106} INFO - 26/01/30 09:37:58 INFO BlockManagerInfo: Added broadcast_27_piece0 in memory on Aishwarya92848DBDA:32951 (size: 22.6 KiB, free: 366.2 MiB)
[2026-01-30T09:37:58.630+0530] {subprocess.py:106} INFO - 26/01/30 09:37:58 INFO SparkContext: Created broadcast 27 from broadcast at DAGScheduler.scala:1585
[2026-01-30T09:37:58.630+0530] {subprocess.py:106} INFO - 26/01/30 09:37:58 INFO DAGScheduler: Submitting 4 missing tasks from ShuffleMapStage 41 (MapPartitionsRDD[70] at parquet at NativeMethodAccessorImpl.java:0) (first 15 tasks are for partitions Vector(0, 1, 2, 3))
[2026-01-30T09:37:58.630+0530] {subprocess.py:106} INFO - 26/01/30 09:37:58 INFO TaskSchedulerImpl: Adding task set 41.0 with 4 tasks resource profile 0
[2026-01-30T09:37:58.631+0530] {subprocess.py:106} INFO - 26/01/30 09:37:58 INFO TaskSetManager: Starting task 0.0 in stage 41.0 (TID 36) (Aishwarya92848DBDA, executor driver, partition 0, NODE_LOCAL, 8305 bytes)
[2026-01-30T09:37:58.631+0530] {subprocess.py:106} INFO - 26/01/30 09:37:58 INFO TaskSetManager: Starting task 1.0 in stage 41.0 (TID 37) (Aishwarya92848DBDA, executor driver, partition 1, NODE_LOCAL, 8305 bytes)
[2026-01-30T09:37:58.632+0530] {subprocess.py:106} INFO - 26/01/30 09:37:58 INFO TaskSetManager: Starting task 2.0 in stage 41.0 (TID 38) (Aishwarya92848DBDA, executor driver, partition 2, NODE_LOCAL, 8305 bytes)
[2026-01-30T09:37:58.632+0530] {subprocess.py:106} INFO - 26/01/30 09:37:58 INFO TaskSetManager: Starting task 3.0 in stage 41.0 (TID 39) (Aishwarya92848DBDA, executor driver, partition 3, NODE_LOCAL, 8305 bytes)
[2026-01-30T09:37:58.633+0530] {subprocess.py:106} INFO - 26/01/30 09:37:58 INFO Executor: Running task 0.0 in stage 41.0 (TID 36)
[2026-01-30T09:37:58.633+0530] {subprocess.py:106} INFO - 26/01/30 09:37:58 INFO Executor: Running task 2.0 in stage 41.0 (TID 38)
[2026-01-30T09:37:58.633+0530] {subprocess.py:106} INFO - 26/01/30 09:37:58 INFO Executor: Running task 1.0 in stage 41.0 (TID 37)
[2026-01-30T09:37:58.633+0530] {subprocess.py:106} INFO - 26/01/30 09:37:58 INFO Executor: Running task 3.0 in stage 41.0 (TID 39)
[2026-01-30T09:37:58.660+0530] {subprocess.py:106} INFO - 26/01/30 09:37:58 INFO CodeGenerator: Code generated in 23.335924 ms
[2026-01-30T09:37:58.669+0530] {subprocess.py:106} INFO - 26/01/30 09:37:58 INFO CodeGenerator: Code generated in 3.978471 ms
[2026-01-30T09:37:58.676+0530] {subprocess.py:106} INFO - 26/01/30 09:37:58 INFO CodeGenerator: Code generated in 4.31417 ms
[2026-01-30T09:37:58.681+0530] {subprocess.py:106} INFO - 26/01/30 09:37:58 INFO FileScanRDD: Reading File path: hdfs://localhost:9000/weather/data/processed/weather_processed.parquet/part-00000-50d3d5d4-dd1e-43da-a133-b66d40e74e7e-c000.snappy.parquet, range: 0-1425884, partition values: [empty row]
[2026-01-30T09:37:58.681+0530] {subprocess.py:106} INFO - 26/01/30 09:37:58 INFO FileScanRDD: Reading File path: hdfs://localhost:9000/weather/data/processed/weather_processed.parquet/part-00003-50d3d5d4-dd1e-43da-a133-b66d40e74e7e-c000.snappy.parquet, range: 0-1423950, partition values: [empty row]
[2026-01-30T09:37:58.682+0530] {subprocess.py:106} INFO - 26/01/30 09:37:58 INFO FileScanRDD: Reading File path: hdfs://localhost:9000/weather/data/processed/weather_processed.parquet/part-00002-50d3d5d4-dd1e-43da-a133-b66d40e74e7e-c000.snappy.parquet, range: 0-970584, partition values: [empty row]
[2026-01-30T09:37:58.682+0530] {subprocess.py:106} INFO - 26/01/30 09:37:58 INFO FileScanRDD: Reading File path: hdfs://localhost:9000/weather/data/processed/weather_processed.parquet/part-00001-50d3d5d4-dd1e-43da-a133-b66d40e74e7e-c000.snappy.parquet, range: 0-964118, partition values: [empty row]
[2026-01-30T09:37:58.782+0530] {subprocess.py:106} INFO - 26/01/30 09:37:58 INFO Executor: Finished task 3.0 in stage 41.0 (TID 39). 2936 bytes result sent to driver
[2026-01-30T09:37:58.784+0530] {subprocess.py:106} INFO - 26/01/30 09:37:58 INFO TaskSetManager: Finished task 3.0 in stage 41.0 (TID 39) in 152 ms on Aishwarya92848DBDA (executor driver) (1/4)
[2026-01-30T09:37:58.797+0530] {subprocess.py:106} INFO - 26/01/30 09:37:58 INFO Executor: Finished task 2.0 in stage 41.0 (TID 38). 2936 bytes result sent to driver
[2026-01-30T09:37:58.799+0530] {subprocess.py:106} INFO - 26/01/30 09:37:58 INFO TaskSetManager: Finished task 2.0 in stage 41.0 (TID 38) in 168 ms on Aishwarya92848DBDA (executor driver) (2/4)
[2026-01-30T09:37:58.812+0530] {subprocess.py:106} INFO - 26/01/30 09:37:58 INFO Executor: Finished task 1.0 in stage 41.0 (TID 37). 2936 bytes result sent to driver
[2026-01-30T09:37:58.813+0530] {subprocess.py:106} INFO - 26/01/30 09:37:58 INFO TaskSetManager: Finished task 1.0 in stage 41.0 (TID 37) in 182 ms on Aishwarya92848DBDA (executor driver) (3/4)
[2026-01-30T09:37:58.814+0530] {subprocess.py:106} INFO - 26/01/30 09:37:58 INFO Executor: Finished task 0.0 in stage 41.0 (TID 36). 2936 bytes result sent to driver
[2026-01-30T09:37:58.817+0530] {subprocess.py:106} INFO - 26/01/30 09:37:58 INFO TaskSetManager: Finished task 0.0 in stage 41.0 (TID 36) in 186 ms on Aishwarya92848DBDA (executor driver) (4/4)
[2026-01-30T09:37:58.818+0530] {subprocess.py:106} INFO - 26/01/30 09:37:58 INFO TaskSchedulerImpl: Removed TaskSet 41.0, whose tasks have all completed, from pool
[2026-01-30T09:37:58.818+0530] {subprocess.py:106} INFO - 26/01/30 09:37:58 INFO DAGScheduler: ShuffleMapStage 41 (parquet at NativeMethodAccessorImpl.java:0) finished in 0.193 s
[2026-01-30T09:37:58.818+0530] {subprocess.py:106} INFO - 26/01/30 09:37:58 INFO DAGScheduler: looking for newly runnable stages
[2026-01-30T09:37:58.818+0530] {subprocess.py:106} INFO - 26/01/30 09:37:58 INFO DAGScheduler: running: Set()
[2026-01-30T09:37:58.819+0530] {subprocess.py:106} INFO - 26/01/30 09:37:58 INFO DAGScheduler: waiting: Set()
[2026-01-30T09:37:58.819+0530] {subprocess.py:106} INFO - 26/01/30 09:37:58 INFO DAGScheduler: failed: Set()
[2026-01-30T09:37:58.824+0530] {subprocess.py:106} INFO - 26/01/30 09:37:58 INFO ShufflePartitionsUtil: For shuffle(10), advisory target size: 67108864, actual target size 1048576, minimum partition size: 1048576
[2026-01-30T09:37:58.831+0530] {subprocess.py:106} INFO - 26/01/30 09:37:58 INFO HashAggregateExec: spark.sql.codegen.aggregate.map.twolevel.enabled is set to true, but current version of codegened fast hashmap does not support this aggregate.
[2026-01-30T09:37:58.851+0530] {subprocess.py:106} INFO - 26/01/30 09:37:58 INFO CodeGenerator: Code generated in 15.051019 ms
[2026-01-30T09:37:58.877+0530] {subprocess.py:106} INFO - 26/01/30 09:37:58 INFO SparkContext: Starting job: parquet at NativeMethodAccessorImpl.java:0
[2026-01-30T09:37:58.878+0530] {subprocess.py:106} INFO - 26/01/30 09:37:58 INFO DAGScheduler: Got job 22 (parquet at NativeMethodAccessorImpl.java:0) with 1 output partitions
[2026-01-30T09:37:58.878+0530] {subprocess.py:106} INFO - 26/01/30 09:37:58 INFO DAGScheduler: Final stage: ResultStage 43 (parquet at NativeMethodAccessorImpl.java:0)
[2026-01-30T09:37:58.879+0530] {subprocess.py:106} INFO - 26/01/30 09:37:58 INFO DAGScheduler: Parents of final stage: List(ShuffleMapStage 42)
[2026-01-30T09:37:58.879+0530] {subprocess.py:106} INFO - 26/01/30 09:37:58 INFO DAGScheduler: Missing parents: List()
[2026-01-30T09:37:58.879+0530] {subprocess.py:106} INFO - 26/01/30 09:37:58 INFO DAGScheduler: Submitting ResultStage 43 (MapPartitionsRDD[75] at parquet at NativeMethodAccessorImpl.java:0), which has no missing parents
[2026-01-30T09:37:58.882+0530] {subprocess.py:106} INFO - 26/01/30 09:37:58 INFO MemoryStore: Block broadcast_28 stored as values in memory (estimated size 55.8 KiB, free 365.7 MiB)
[2026-01-30T09:37:58.884+0530] {subprocess.py:106} INFO - 26/01/30 09:37:58 INFO MemoryStore: Block broadcast_28_piece0 stored as bytes in memory (estimated size 24.3 KiB, free 365.7 MiB)
[2026-01-30T09:37:58.884+0530] {subprocess.py:106} INFO - 26/01/30 09:37:58 INFO BlockManagerInfo: Added broadcast_28_piece0 in memory on Aishwarya92848DBDA:32951 (size: 24.3 KiB, free: 366.2 MiB)
[2026-01-30T09:37:58.885+0530] {subprocess.py:106} INFO - 26/01/30 09:37:58 INFO SparkContext: Created broadcast 28 from broadcast at DAGScheduler.scala:1585
[2026-01-30T09:37:58.886+0530] {subprocess.py:106} INFO - 26/01/30 09:37:58 INFO DAGScheduler: Submitting 1 missing tasks from ResultStage 43 (MapPartitionsRDD[75] at parquet at NativeMethodAccessorImpl.java:0) (first 15 tasks are for partitions Vector(0))
[2026-01-30T09:37:58.886+0530] {subprocess.py:106} INFO - 26/01/30 09:37:58 INFO TaskSchedulerImpl: Adding task set 43.0 with 1 tasks resource profile 0
[2026-01-30T09:37:58.887+0530] {subprocess.py:106} INFO - 26/01/30 09:37:58 INFO TaskSetManager: Starting task 0.0 in stage 43.0 (TID 40) (Aishwarya92848DBDA, executor driver, partition 0, NODE_LOCAL, 7615 bytes)
[2026-01-30T09:37:58.887+0530] {subprocess.py:106} INFO - 26/01/30 09:37:58 INFO Executor: Running task 0.0 in stage 43.0 (TID 40)
[2026-01-30T09:37:58.894+0530] {subprocess.py:106} INFO - 26/01/30 09:37:58 INFO ShuffleBlockFetcherIterator: Getting 4 (88.9 KiB) non-empty blocks including 4 (88.9 KiB) local and 0 (0.0 B) host-local and 0 (0.0 B) push-merged-local and 0 (0.0 B) remote blocks
[2026-01-30T09:37:58.895+0530] {subprocess.py:106} INFO - 26/01/30 09:37:58 INFO ShuffleBlockFetcherIterator: Started 0 remote fetches in 0 ms
[2026-01-30T09:37:58.911+0530] {subprocess.py:106} INFO - 26/01/30 09:37:58 INFO CodeGenerator: Code generated in 15.634167 ms
[2026-01-30T09:37:58.925+0530] {subprocess.py:106} INFO - 26/01/30 09:37:58 INFO Executor: Finished task 0.0 in stage 43.0 (TID 40). 78638 bytes result sent to driver
[2026-01-30T09:37:58.926+0530] {subprocess.py:106} INFO - 26/01/30 09:37:58 INFO TaskSetManager: Finished task 0.0 in stage 43.0 (TID 40) in 40 ms on Aishwarya92848DBDA (executor driver) (1/1)
[2026-01-30T09:37:58.927+0530] {subprocess.py:106} INFO - 26/01/30 09:37:58 INFO TaskSchedulerImpl: Removed TaskSet 43.0, whose tasks have all completed, from pool
[2026-01-30T09:37:58.927+0530] {subprocess.py:106} INFO - 26/01/30 09:37:58 INFO DAGScheduler: ResultStage 43 (parquet at NativeMethodAccessorImpl.java:0) finished in 0.046 s
[2026-01-30T09:37:58.927+0530] {subprocess.py:106} INFO - 26/01/30 09:37:58 INFO DAGScheduler: Job 22 is finished. Cancelling potential speculative or zombie tasks for this job
[2026-01-30T09:37:58.927+0530] {subprocess.py:106} INFO - 26/01/30 09:37:58 INFO TaskSchedulerImpl: Killing all running tasks in stage 43: Stage finished
[2026-01-30T09:37:58.928+0530] {subprocess.py:106} INFO - 26/01/30 09:37:58 INFO DAGScheduler: Job 22 finished: parquet at NativeMethodAccessorImpl.java:0, took 0.050404 s
[2026-01-30T09:37:58.932+0530] {subprocess.py:106} INFO - 26/01/30 09:37:58 INFO DAGScheduler: Registering RDD 76 (parquet at NativeMethodAccessorImpl.java:0) as input to shuffle 11
[2026-01-30T09:37:58.933+0530] {subprocess.py:106} INFO - 26/01/30 09:37:58 INFO DAGScheduler: Got map stage job 23 (parquet at NativeMethodAccessorImpl.java:0) with 1 output partitions
[2026-01-30T09:37:58.933+0530] {subprocess.py:106} INFO - 26/01/30 09:37:58 INFO DAGScheduler: Final stage: ShuffleMapStage 45 (parquet at NativeMethodAccessorImpl.java:0)
[2026-01-30T09:37:58.933+0530] {subprocess.py:106} INFO - 26/01/30 09:37:58 INFO DAGScheduler: Parents of final stage: List(ShuffleMapStage 44)
[2026-01-30T09:37:58.934+0530] {subprocess.py:106} INFO - 26/01/30 09:37:58 INFO DAGScheduler: Missing parents: List()
[2026-01-30T09:37:58.934+0530] {subprocess.py:106} INFO - 26/01/30 09:37:58 INFO DAGScheduler: Submitting ShuffleMapStage 45 (MapPartitionsRDD[76] at parquet at NativeMethodAccessorImpl.java:0), which has no missing parents
[2026-01-30T09:37:58.941+0530] {subprocess.py:106} INFO - 26/01/30 09:37:58 INFO MemoryStore: Block broadcast_29 stored as values in memory (estimated size 70.0 KiB, free 365.6 MiB)
[2026-01-30T09:37:58.942+0530] {subprocess.py:106} INFO - 26/01/30 09:37:58 INFO MemoryStore: Block broadcast_29_piece0 stored as bytes in memory (estimated size 27.2 KiB, free 365.6 MiB)
[2026-01-30T09:37:58.943+0530] {subprocess.py:106} INFO - 26/01/30 09:37:58 INFO BlockManagerInfo: Added broadcast_29_piece0 in memory on Aishwarya92848DBDA:32951 (size: 27.2 KiB, free: 366.2 MiB)
[2026-01-30T09:37:58.943+0530] {subprocess.py:106} INFO - 26/01/30 09:37:58 INFO SparkContext: Created broadcast 29 from broadcast at DAGScheduler.scala:1585
[2026-01-30T09:37:58.944+0530] {subprocess.py:106} INFO - 26/01/30 09:37:58 INFO DAGScheduler: Submitting 1 missing tasks from ShuffleMapStage 45 (MapPartitionsRDD[76] at parquet at NativeMethodAccessorImpl.java:0) (first 15 tasks are for partitions Vector(0))
[2026-01-30T09:37:58.944+0530] {subprocess.py:106} INFO - 26/01/30 09:37:58 INFO TaskSchedulerImpl: Adding task set 45.0 with 1 tasks resource profile 0
[2026-01-30T09:37:58.945+0530] {subprocess.py:106} INFO - 26/01/30 09:37:58 INFO TaskSetManager: Starting task 0.0 in stage 45.0 (TID 41) (Aishwarya92848DBDA, executor driver, partition 0, NODE_LOCAL, 7604 bytes)
[2026-01-30T09:37:58.945+0530] {subprocess.py:106} INFO - 26/01/30 09:37:58 INFO Executor: Running task 0.0 in stage 45.0 (TID 41)
[2026-01-30T09:37:58.952+0530] {subprocess.py:106} INFO - 26/01/30 09:37:58 INFO ShuffleBlockFetcherIterator: Getting 4 (88.9 KiB) non-empty blocks including 4 (88.9 KiB) local and 0 (0.0 B) host-local and 0 (0.0 B) push-merged-local and 0 (0.0 B) remote blocks
[2026-01-30T09:37:58.953+0530] {subprocess.py:106} INFO - 26/01/30 09:37:58 INFO ShuffleBlockFetcherIterator: Started 0 remote fetches in 0 ms
[2026-01-30T09:37:58.994+0530] {subprocess.py:106} INFO - 26/01/30 09:37:58 INFO Executor: Finished task 0.0 in stage 45.0 (TID 41). 5675 bytes result sent to driver
[2026-01-30T09:37:58.994+0530] {subprocess.py:106} INFO - 26/01/30 09:37:58 INFO TaskSetManager: Finished task 0.0 in stage 45.0 (TID 41) in 50 ms on Aishwarya92848DBDA (executor driver) (1/1)
[2026-01-30T09:37:58.995+0530] {subprocess.py:106} INFO - 26/01/30 09:37:58 INFO TaskSchedulerImpl: Removed TaskSet 45.0, whose tasks have all completed, from pool
[2026-01-30T09:37:58.995+0530] {subprocess.py:106} INFO - 26/01/30 09:37:58 INFO DAGScheduler: ShuffleMapStage 45 (parquet at NativeMethodAccessorImpl.java:0) finished in 0.059 s
[2026-01-30T09:37:58.996+0530] {subprocess.py:106} INFO - 26/01/30 09:37:58 INFO DAGScheduler: looking for newly runnable stages
[2026-01-30T09:37:58.996+0530] {subprocess.py:106} INFO - 26/01/30 09:37:58 INFO DAGScheduler: running: Set()
[2026-01-30T09:37:58.996+0530] {subprocess.py:106} INFO - 26/01/30 09:37:58 INFO DAGScheduler: waiting: Set()
[2026-01-30T09:37:58.996+0530] {subprocess.py:106} INFO - 26/01/30 09:37:58 INFO DAGScheduler: failed: Set()
[2026-01-30T09:37:58.999+0530] {subprocess.py:106} INFO - 26/01/30 09:37:58 INFO ShufflePartitionsUtil: For shuffle(11), advisory target size: 67108864, actual target size 1048576, minimum partition size: 1048576
[2026-01-30T09:37:59.008+0530] {subprocess.py:106} INFO - 26/01/30 09:37:59 INFO ParquetUtils: Using default output committer for Parquet: org.apache.parquet.hadoop.ParquetOutputCommitter
[2026-01-30T09:37:59.009+0530] {subprocess.py:106} INFO - 26/01/30 09:37:59 INFO FileOutputCommitter: File Output Committer Algorithm version is 1
[2026-01-30T09:37:59.009+0530] {subprocess.py:106} INFO - 26/01/30 09:37:59 INFO FileOutputCommitter: FileOutputCommitter skip cleanup _temporary folders under output directory:false, ignore cleanup failures: false
[2026-01-30T09:37:59.010+0530] {subprocess.py:106} INFO - 26/01/30 09:37:59 INFO SQLHadoopMapReduceCommitProtocol: Using user defined output committer class org.apache.parquet.hadoop.ParquetOutputCommitter
[2026-01-30T09:37:59.010+0530] {subprocess.py:106} INFO - 26/01/30 09:37:59 INFO FileOutputCommitter: File Output Committer Algorithm version is 1
[2026-01-30T09:37:59.010+0530] {subprocess.py:106} INFO - 26/01/30 09:37:59 INFO FileOutputCommitter: FileOutputCommitter skip cleanup _temporary folders under output directory:false, ignore cleanup failures: false
[2026-01-30T09:37:59.010+0530] {subprocess.py:106} INFO - 26/01/30 09:37:59 INFO SQLHadoopMapReduceCommitProtocol: Using output committer class org.apache.parquet.hadoop.ParquetOutputCommitter
[2026-01-30T09:37:59.027+0530] {subprocess.py:106} INFO - 26/01/30 09:37:59 INFO SparkContext: Starting job: parquet at NativeMethodAccessorImpl.java:0
[2026-01-30T09:37:59.029+0530] {subprocess.py:106} INFO - 26/01/30 09:37:59 INFO DAGScheduler: Got job 24 (parquet at NativeMethodAccessorImpl.java:0) with 1 output partitions
[2026-01-30T09:37:59.029+0530] {subprocess.py:106} INFO - 26/01/30 09:37:59 INFO DAGScheduler: Final stage: ResultStage 48 (parquet at NativeMethodAccessorImpl.java:0)
[2026-01-30T09:37:59.029+0530] {subprocess.py:106} INFO - 26/01/30 09:37:59 INFO DAGScheduler: Parents of final stage: List(ShuffleMapStage 47)
[2026-01-30T09:37:59.030+0530] {subprocess.py:106} INFO - 26/01/30 09:37:59 INFO DAGScheduler: Missing parents: List()
[2026-01-30T09:37:59.030+0530] {subprocess.py:106} INFO - 26/01/30 09:37:59 INFO DAGScheduler: Submitting ResultStage 48 (MapPartitionsRDD[79] at parquet at NativeMethodAccessorImpl.java:0), which has no missing parents
[2026-01-30T09:37:59.044+0530] {subprocess.py:106} INFO - 26/01/30 09:37:59 INFO MemoryStore: Block broadcast_30 stored as values in memory (estimated size 250.0 KiB, free 365.3 MiB)
[2026-01-30T09:37:59.046+0530] {subprocess.py:106} INFO - 26/01/30 09:37:59 INFO MemoryStore: Block broadcast_30_piece0 stored as bytes in memory (estimated size 92.6 KiB, free 365.2 MiB)
[2026-01-30T09:37:59.046+0530] {subprocess.py:106} INFO - 26/01/30 09:37:59 INFO BlockManagerInfo: Added broadcast_30_piece0 in memory on Aishwarya92848DBDA:32951 (size: 92.6 KiB, free: 366.1 MiB)
[2026-01-30T09:37:59.046+0530] {subprocess.py:106} INFO - 26/01/30 09:37:59 INFO SparkContext: Created broadcast 30 from broadcast at DAGScheduler.scala:1585
[2026-01-30T09:37:59.047+0530] {subprocess.py:106} INFO - 26/01/30 09:37:59 INFO DAGScheduler: Submitting 1 missing tasks from ResultStage 48 (MapPartitionsRDD[79] at parquet at NativeMethodAccessorImpl.java:0) (first 15 tasks are for partitions Vector(0))
[2026-01-30T09:37:59.047+0530] {subprocess.py:106} INFO - 26/01/30 09:37:59 INFO TaskSchedulerImpl: Adding task set 48.0 with 1 tasks resource profile 0
[2026-01-30T09:37:59.048+0530] {subprocess.py:106} INFO - 26/01/30 09:37:59 INFO TaskSetManager: Starting task 0.0 in stage 48.0 (TID 42) (Aishwarya92848DBDA, executor driver, partition 0, NODE_LOCAL, 7615 bytes)
[2026-01-30T09:37:59.049+0530] {subprocess.py:106} INFO - 26/01/30 09:37:59 INFO Executor: Running task 0.0 in stage 48.0 (TID 42)
[2026-01-30T09:37:59.060+0530] {subprocess.py:106} INFO - 26/01/30 09:37:59 INFO ShuffleBlockFetcherIterator: Getting 1 (48.8 KiB) non-empty blocks including 1 (48.8 KiB) local and 0 (0.0 B) host-local and 0 (0.0 B) push-merged-local and 0 (0.0 B) remote blocks
[2026-01-30T09:37:59.060+0530] {subprocess.py:106} INFO - 26/01/30 09:37:59 INFO ShuffleBlockFetcherIterator: Started 0 remote fetches in 0 ms
[2026-01-30T09:37:59.063+0530] {subprocess.py:106} INFO - 26/01/30 09:37:59 INFO FileOutputCommitter: File Output Committer Algorithm version is 1
[2026-01-30T09:37:59.063+0530] {subprocess.py:106} INFO - 26/01/30 09:37:59 INFO FileOutputCommitter: FileOutputCommitter skip cleanup _temporary folders under output directory:false, ignore cleanup failures: false
[2026-01-30T09:37:59.063+0530] {subprocess.py:106} INFO - 26/01/30 09:37:59 INFO SQLHadoopMapReduceCommitProtocol: Using user defined output committer class org.apache.parquet.hadoop.ParquetOutputCommitter
[2026-01-30T09:37:59.064+0530] {subprocess.py:106} INFO - 26/01/30 09:37:59 INFO FileOutputCommitter: File Output Committer Algorithm version is 1
[2026-01-30T09:37:59.064+0530] {subprocess.py:106} INFO - 26/01/30 09:37:59 INFO FileOutputCommitter: FileOutputCommitter skip cleanup _temporary folders under output directory:false, ignore cleanup failures: false
[2026-01-30T09:37:59.064+0530] {subprocess.py:106} INFO - 26/01/30 09:37:59 INFO SQLHadoopMapReduceCommitProtocol: Using output committer class org.apache.parquet.hadoop.ParquetOutputCommitter
[2026-01-30T09:37:59.064+0530] {subprocess.py:106} INFO - 26/01/30 09:37:59 INFO CodecConfig: Compression: SNAPPY
[2026-01-30T09:37:59.064+0530] {subprocess.py:106} INFO - 26/01/30 09:37:59 INFO CodecConfig: Compression: SNAPPY
[2026-01-30T09:37:59.065+0530] {subprocess.py:106} INFO - 26/01/30 09:37:59 INFO ParquetOutputFormat: ParquetRecordWriter [block size: 134217728b, row group padding size: 8388608b, validating: false]
[2026-01-30T09:37:59.066+0530] {subprocess.py:106} INFO - 26/01/30 09:37:59 INFO ParquetWriteSupport: Initialized Parquet WriteSupport with Catalyst schema:
[2026-01-30T09:37:59.066+0530] {subprocess.py:106} INFO - {
[2026-01-30T09:37:59.067+0530] {subprocess.py:106} INFO -   "type" : "struct",
[2026-01-30T09:37:59.067+0530] {subprocess.py:106} INFO -   "fields" : [ {
[2026-01-30T09:37:59.067+0530] {subprocess.py:106} INFO -     "name" : "city",
[2026-01-30T09:37:59.067+0530] {subprocess.py:106} INFO -     "type" : "string",
[2026-01-30T09:37:59.067+0530] {subprocess.py:106} INFO -     "nullable" : true,
[2026-01-30T09:37:59.067+0530] {subprocess.py:106} INFO -     "metadata" : { }
[2026-01-30T09:37:59.067+0530] {subprocess.py:106} INFO -   }, {
[2026-01-30T09:37:59.068+0530] {subprocess.py:106} INFO -     "name" : "year",
[2026-01-30T09:37:59.068+0530] {subprocess.py:106} INFO -     "type" : "integer",
[2026-01-30T09:37:59.068+0530] {subprocess.py:106} INFO -     "nullable" : true,
[2026-01-30T09:37:59.068+0530] {subprocess.py:106} INFO -     "metadata" : { }
[2026-01-30T09:37:59.068+0530] {subprocess.py:106} INFO -   }, {
[2026-01-30T09:37:59.068+0530] {subprocess.py:106} INFO -     "name" : "season",
[2026-01-30T09:37:59.069+0530] {subprocess.py:106} INFO -     "type" : "string",
[2026-01-30T09:37:59.069+0530] {subprocess.py:106} INFO -     "nullable" : true,
[2026-01-30T09:37:59.069+0530] {subprocess.py:106} INFO -     "metadata" : { }
[2026-01-30T09:37:59.069+0530] {subprocess.py:106} INFO -   }, {
[2026-01-30T09:37:59.069+0530] {subprocess.py:106} INFO -     "name" : "avg_wind_speed",
[2026-01-30T09:37:59.069+0530] {subprocess.py:106} INFO -     "type" : "double",
[2026-01-30T09:37:59.069+0530] {subprocess.py:106} INFO -     "nullable" : true,
[2026-01-30T09:37:59.070+0530] {subprocess.py:106} INFO -     "metadata" : { }
[2026-01-30T09:37:59.070+0530] {subprocess.py:106} INFO -   }, {
[2026-01-30T09:37:59.070+0530] {subprocess.py:106} INFO -     "name" : "max_wind_gust",
[2026-01-30T09:37:59.070+0530] {subprocess.py:106} INFO -     "type" : "double",
[2026-01-30T09:37:59.070+0530] {subprocess.py:106} INFO -     "nullable" : true,
[2026-01-30T09:37:59.070+0530] {subprocess.py:106} INFO -     "metadata" : { }
[2026-01-30T09:37:59.070+0530] {subprocess.py:106} INFO -   } ]
[2026-01-30T09:37:59.070+0530] {subprocess.py:106} INFO - }
[2026-01-30T09:37:59.071+0530] {subprocess.py:106} INFO - and corresponding Parquet message type:
[2026-01-30T09:37:59.071+0530] {subprocess.py:106} INFO - message spark_schema {
[2026-01-30T09:37:59.071+0530] {subprocess.py:106} INFO -   optional binary city (STRING);
[2026-01-30T09:37:59.071+0530] {subprocess.py:106} INFO -   optional int32 year;
[2026-01-30T09:37:59.071+0530] {subprocess.py:106} INFO -   optional binary season (STRING);
[2026-01-30T09:37:59.071+0530] {subprocess.py:106} INFO -   optional double avg_wind_speed;
[2026-01-30T09:37:59.072+0530] {subprocess.py:106} INFO -   optional double max_wind_gust;
[2026-01-30T09:37:59.072+0530] {subprocess.py:106} INFO - }
[2026-01-30T09:37:59.072+0530] {subprocess.py:106} INFO - 
[2026-01-30T09:37:59.072+0530] {subprocess.py:106} INFO - 
[2026-01-30T09:37:59.097+0530] {subprocess.py:106} INFO - 26/01/30 09:37:59 INFO FileOutputCommitter: Saved output of task 'attempt_202601300937595887832147500286178_0048_m_000000_42' to hdfs://localhost:9000/weather/analytics/city_seasonal_wind/_temporary/0/task_202601300937595887832147500286178_0048_m_000000
[2026-01-30T09:37:59.098+0530] {subprocess.py:106} INFO - 26/01/30 09:37:59 INFO SparkHadoopMapRedUtil: attempt_202601300937595887832147500286178_0048_m_000000_42: Committed. Elapsed time: 4 ms.
[2026-01-30T09:37:59.099+0530] {subprocess.py:106} INFO - 26/01/30 09:37:59 INFO Executor: Finished task 0.0 in stage 48.0 (TID 42). 7771 bytes result sent to driver
[2026-01-30T09:37:59.100+0530] {subprocess.py:106} INFO - 26/01/30 09:37:59 INFO TaskSetManager: Finished task 0.0 in stage 48.0 (TID 42) in 52 ms on Aishwarya92848DBDA (executor driver) (1/1)
[2026-01-30T09:37:59.100+0530] {subprocess.py:106} INFO - 26/01/30 09:37:59 INFO TaskSchedulerImpl: Removed TaskSet 48.0, whose tasks have all completed, from pool
[2026-01-30T09:37:59.101+0530] {subprocess.py:106} INFO - 26/01/30 09:37:59 INFO DAGScheduler: ResultStage 48 (parquet at NativeMethodAccessorImpl.java:0) finished in 0.069 s
[2026-01-30T09:37:59.101+0530] {subprocess.py:106} INFO - 26/01/30 09:37:59 INFO DAGScheduler: Job 24 is finished. Cancelling potential speculative or zombie tasks for this job
[2026-01-30T09:37:59.101+0530] {subprocess.py:106} INFO - 26/01/30 09:37:59 INFO TaskSchedulerImpl: Killing all running tasks in stage 48: Stage finished
[2026-01-30T09:37:59.102+0530] {subprocess.py:106} INFO - 26/01/30 09:37:59 INFO DAGScheduler: Job 24 finished: parquet at NativeMethodAccessorImpl.java:0, took 0.073846 s
[2026-01-30T09:37:59.102+0530] {subprocess.py:106} INFO - 26/01/30 09:37:59 INFO FileFormatWriter: Start to commit write Job b7c64007-ec26-496c-b2ae-d5d09ec115c5.
[2026-01-30T09:37:59.117+0530] {subprocess.py:106} INFO - 26/01/30 09:37:59 INFO FileFormatWriter: Write Job b7c64007-ec26-496c-b2ae-d5d09ec115c5 committed. Elapsed time: 14 ms.
[2026-01-30T09:37:59.117+0530] {subprocess.py:106} INFO - 26/01/30 09:37:59 INFO FileFormatWriter: Finished processing stats for write job b7c64007-ec26-496c-b2ae-d5d09ec115c5.
[2026-01-30T09:37:59.118+0530] {subprocess.py:106} INFO - 26/01/30 09:37:59 INFO SparkContext: SparkContext is stopping with exitCode 0.
[2026-01-30T09:37:59.131+0530] {subprocess.py:106} INFO - 26/01/30 09:37:59 INFO SparkUI: Stopped Spark web UI at http://Aishwarya92848DBDA:4041
[2026-01-30T09:37:59.146+0530] {subprocess.py:106} INFO - 26/01/30 09:37:59 INFO MapOutputTrackerMasterEndpoint: MapOutputTrackerMasterEndpoint stopped!
[2026-01-30T09:37:59.170+0530] {subprocess.py:106} INFO - 26/01/30 09:37:59 INFO MemoryStore: MemoryStore cleared
[2026-01-30T09:37:59.171+0530] {subprocess.py:106} INFO - 26/01/30 09:37:59 INFO BlockManager: BlockManager stopped
[2026-01-30T09:37:59.190+0530] {subprocess.py:106} INFO - 26/01/30 09:37:59 INFO BlockManagerMaster: BlockManagerMaster stopped
[2026-01-30T09:37:59.194+0530] {subprocess.py:106} INFO - 26/01/30 09:37:59 INFO OutputCommitCoordinator$OutputCommitCoordinatorEndpoint: OutputCommitCoordinator stopped!
[2026-01-30T09:37:59.200+0530] {subprocess.py:106} INFO - 26/01/30 09:37:59 INFO SparkContext: Successfully stopped SparkContext
[2026-01-30T09:37:59.281+0530] {subprocess.py:106} INFO - 26/01/30 09:37:59 INFO ShutdownHookManager: Shutdown hook called
[2026-01-30T09:37:59.282+0530] {subprocess.py:106} INFO - 26/01/30 09:37:59 INFO ShutdownHookManager: Deleting directory /tmp/spark-60d0b5d1-5578-49e1-add4-5427f951dad8
[2026-01-30T09:37:59.287+0530] {subprocess.py:106} INFO - 26/01/30 09:37:59 INFO ShutdownHookManager: Deleting directory /tmp/spark-60d0b5d1-5578-49e1-add4-5427f951dad8/pyspark-2eb0bf48-5585-412b-99ee-e64fe6e47984
[2026-01-30T09:37:59.292+0530] {subprocess.py:106} INFO - 26/01/30 09:37:59 INFO ShutdownHookManager: Deleting directory /tmp/spark-f42bcd3b-9766-49cc-970d-174bd5c99060
[2026-01-30T09:37:59.396+0530] {subprocess.py:110} INFO - Command exited with return code 0
[2026-01-30T09:37:59.418+0530] {taskinstance.py:349} INFO - ::group::Post task execution logs
[2026-01-30T09:37:59.418+0530] {taskinstance.py:361} INFO - Marking task as SUCCESS. dag_id=weather_system_pipeline_finally, task_id=analyze_weather_data, run_id=scheduled__2026-01-29T00:00:00+00:00, execution_date=20260129T000000, start_date=20260130T040742, end_date=20260130T040759
[2026-01-30T09:37:59.461+0530] {local_task_job_runner.py:266} INFO - Task exited with return code 0
[2026-01-30T09:37:59.474+0530] {taskinstance.py:3924} INFO - 1 downstream tasks scheduled from follow-on schedule check
[2026-01-30T09:37:59.477+0530] {local_task_job_runner.py:245} INFO - ::endgroup::
