[2026-01-29T19:36:38.911+0530] {local_task_job_runner.py:123} INFO - ::group::Pre task execution logs
[2026-01-29T19:36:38.924+0530] {taskinstance.py:2631} INFO - Dependencies all met for dep_context=non-requeueable deps ti=<TaskInstance: weather_system_pipeline_final_new.process_weather_data manual__2026-01-29T13:45:10.653277+00:00 [queued]>
[2026-01-29T19:36:38.929+0530] {taskinstance.py:2631} INFO - Dependencies all met for dep_context=requeueable deps ti=<TaskInstance: weather_system_pipeline_final_new.process_weather_data manual__2026-01-29T13:45:10.653277+00:00 [queued]>
[2026-01-29T19:36:38.929+0530] {taskinstance.py:2884} INFO - Starting attempt 1 of 4
[2026-01-29T19:36:38.939+0530] {taskinstance.py:2907} INFO - Executing <Task(BashOperator): process_weather_data> on 2026-01-29 13:45:10.653277+00:00
[2026-01-29T19:36:38.943+0530] {standard_task_runner.py:72} INFO - Started process 88833 to run task
[2026-01-29T19:36:38.947+0530] {standard_task_runner.py:104} INFO - Running: ['airflow', 'tasks', 'run', 'weather_system_pipeline_final_new', 'process_weather_data', 'manual__2026-01-29T13:45:10.653277+00:00', '--job-id', '329', '--raw', '--subdir', 'DAGS_FOLDER/dag_flag.py', '--cfg-path', '/tmp/tmpz3fqubyq']
[2026-01-29T19:36:38.948+0530] {standard_task_runner.py:105} INFO - Job 329: Subtask process_weather_data
[2026-01-29T19:36:38.974+0530] {task_command.py:467} INFO - Running <TaskInstance: weather_system_pipeline_final_new.process_weather_data manual__2026-01-29T13:45:10.653277+00:00 [running]> on host Aishwarya92848DBDA
[2026-01-29T19:36:39.023+0530] {taskinstance.py:3157} INFO - Exporting env vars: AIRFLOW_CTX_DAG_OWNER='Aishwarya' AIRFLOW_CTX_DAG_ID='weather_system_pipeline_final_new' AIRFLOW_CTX_TASK_ID='process_weather_data' AIRFLOW_CTX_EXECUTION_DATE='2026-01-29T13:45:10.653277+00:00' AIRFLOW_CTX_TRY_NUMBER='1' AIRFLOW_CTX_DAG_RUN_ID='manual__2026-01-29T13:45:10.653277+00:00'
[2026-01-29T19:36:39.023+0530] {taskinstance.py:740} INFO - ::endgroup::
[2026-01-29T19:36:39.032+0530] {subprocess.py:78} INFO - Tmp dir root location: /tmp
[2026-01-29T19:36:39.033+0530] {subprocess.py:88} INFO - Running command: ['/usr/bin/bash', '-c', '\n     export SPARK_HOME=/home/hp/.local/lib/python3.10/site-packages/pyspark\n     export PATH=$SPARK_HOME/bin:$PATH\n     export PYSPARK_PYTHON=/home/hp/Desktop/Bigdata_project/BigData-Project/airflow-venv/bin/python\n\n     spark-submit --master local[2]      /home/hp/Desktop/Bigdata_project/BigData-Project/pre_processing.py\n    ']
[2026-01-29T19:36:39.042+0530] {subprocess.py:99} INFO - Output:
[2026-01-29T19:36:41.193+0530] {subprocess.py:106} INFO - 26/01/29 19:36:41 INFO SparkContext: Running Spark version 3.5.1
[2026-01-29T19:36:41.195+0530] {subprocess.py:106} INFO - 26/01/29 19:36:41 INFO SparkContext: OS info Linux, 6.8.0-90-generic, amd64
[2026-01-29T19:36:41.196+0530] {subprocess.py:106} INFO - 26/01/29 19:36:41 INFO SparkContext: Java version 1.8.0_472
[2026-01-29T19:36:41.243+0530] {subprocess.py:106} INFO - 26/01/29 19:36:41 WARN NativeCodeLoader: Unable to load native-hadoop library for your platform... using builtin-java classes where applicable
[2026-01-29T19:36:41.304+0530] {subprocess.py:106} INFO - 26/01/29 19:36:41 INFO ResourceUtils: ==============================================================
[2026-01-29T19:36:41.304+0530] {subprocess.py:106} INFO - 26/01/29 19:36:41 INFO ResourceUtils: No custom resources configured for spark.driver.
[2026-01-29T19:36:41.305+0530] {subprocess.py:106} INFO - 26/01/29 19:36:41 INFO ResourceUtils: ==============================================================
[2026-01-29T19:36:41.305+0530] {subprocess.py:106} INFO - 26/01/29 19:36:41 INFO SparkContext: Submitted application: WeatherSpark
[2026-01-29T19:36:41.325+0530] {subprocess.py:106} INFO - 26/01/29 19:36:41 INFO ResourceProfile: Default ResourceProfile created, executor resources: Map(cores -> name: cores, amount: 1, script: , vendor: , memory -> name: memory, amount: 1024, script: , vendor: , offHeap -> name: offHeap, amount: 0, script: , vendor: ), task resources: Map(cpus -> name: cpus, amount: 1.0)
[2026-01-29T19:36:41.335+0530] {subprocess.py:106} INFO - 26/01/29 19:36:41 INFO ResourceProfile: Limiting resource is cpu
[2026-01-29T19:36:41.336+0530] {subprocess.py:106} INFO - 26/01/29 19:36:41 INFO ResourceProfileManager: Added ResourceProfile id: 0
[2026-01-29T19:36:41.385+0530] {subprocess.py:106} INFO - 26/01/29 19:36:41 INFO SecurityManager: Changing view acls to: hp
[2026-01-29T19:36:41.386+0530] {subprocess.py:106} INFO - 26/01/29 19:36:41 INFO SecurityManager: Changing modify acls to: hp
[2026-01-29T19:36:41.386+0530] {subprocess.py:106} INFO - 26/01/29 19:36:41 INFO SecurityManager: Changing view acls groups to:
[2026-01-29T19:36:41.387+0530] {subprocess.py:106} INFO - 26/01/29 19:36:41 INFO SecurityManager: Changing modify acls groups to:
[2026-01-29T19:36:41.387+0530] {subprocess.py:106} INFO - 26/01/29 19:36:41 INFO SecurityManager: SecurityManager: authentication disabled; ui acls disabled; users with view permissions: hp; groups with view permissions: EMPTY; users with modify permissions: hp; groups with modify permissions: EMPTY
[2026-01-29T19:36:41.599+0530] {subprocess.py:106} INFO - 26/01/29 19:36:41 INFO Utils: Successfully started service 'sparkDriver' on port 34585.
[2026-01-29T19:36:41.631+0530] {subprocess.py:106} INFO - 26/01/29 19:36:41 INFO SparkEnv: Registering MapOutputTracker
[2026-01-29T19:36:41.668+0530] {subprocess.py:106} INFO - 26/01/29 19:36:41 INFO SparkEnv: Registering BlockManagerMaster
[2026-01-29T19:36:41.684+0530] {subprocess.py:106} INFO - 26/01/29 19:36:41 INFO BlockManagerMasterEndpoint: Using org.apache.spark.storage.DefaultTopologyMapper for getting topology information
[2026-01-29T19:36:41.684+0530] {subprocess.py:106} INFO - 26/01/29 19:36:41 INFO BlockManagerMasterEndpoint: BlockManagerMasterEndpoint up
[2026-01-29T19:36:41.688+0530] {subprocess.py:106} INFO - 26/01/29 19:36:41 INFO SparkEnv: Registering BlockManagerMasterHeartbeat
[2026-01-29T19:36:41.745+0530] {subprocess.py:106} INFO - 26/01/29 19:36:41 INFO DiskBlockManager: Created local directory at /tmp/blockmgr-9d7c991a-5982-490e-ad4d-344b9440771d
[2026-01-29T19:36:41.758+0530] {subprocess.py:106} INFO - 26/01/29 19:36:41 INFO MemoryStore: MemoryStore started with capacity 366.3 MiB
[2026-01-29T19:36:41.773+0530] {subprocess.py:106} INFO - 26/01/29 19:36:41 INFO SparkEnv: Registering OutputCommitCoordinator
[2026-01-29T19:36:41.902+0530] {subprocess.py:106} INFO - 26/01/29 19:36:41 INFO JettyUtils: Start Jetty 0.0.0.0:4040 for SparkUI
[2026-01-29T19:36:41.955+0530] {subprocess.py:106} INFO - 26/01/29 19:36:41 INFO Utils: Successfully started service 'SparkUI' on port 4040.
[2026-01-29T19:36:42.040+0530] {subprocess.py:106} INFO - 26/01/29 19:36:42 INFO Executor: Starting executor ID driver on host Aishwarya92848DBDA
[2026-01-29T19:36:42.041+0530] {subprocess.py:106} INFO - 26/01/29 19:36:42 INFO Executor: OS info Linux, 6.8.0-90-generic, amd64
[2026-01-29T19:36:42.041+0530] {subprocess.py:106} INFO - 26/01/29 19:36:42 INFO Executor: Java version 1.8.0_472
[2026-01-29T19:36:42.047+0530] {subprocess.py:106} INFO - 26/01/29 19:36:42 INFO Executor: Starting executor with user classpath (userClassPathFirst = false): ''
[2026-01-29T19:36:42.048+0530] {subprocess.py:106} INFO - 26/01/29 19:36:42 INFO Executor: Created or updated repl class loader org.apache.spark.util.MutableURLClassLoader@292b91e8 for default.
[2026-01-29T19:36:42.068+0530] {subprocess.py:106} INFO - 26/01/29 19:36:42 INFO Utils: Successfully started service 'org.apache.spark.network.netty.NettyBlockTransferService' on port 38109.
[2026-01-29T19:36:42.068+0530] {subprocess.py:106} INFO - 26/01/29 19:36:42 INFO NettyBlockTransferService: Server created on Aishwarya92848DBDA:38109
[2026-01-29T19:36:42.070+0530] {subprocess.py:106} INFO - 26/01/29 19:36:42 INFO BlockManager: Using org.apache.spark.storage.RandomBlockReplicationPolicy for block replication policy
[2026-01-29T19:36:42.074+0530] {subprocess.py:106} INFO - 26/01/29 19:36:42 INFO BlockManagerMaster: Registering BlockManager BlockManagerId(driver, Aishwarya92848DBDA, 38109, None)
[2026-01-29T19:36:42.078+0530] {subprocess.py:106} INFO - 26/01/29 19:36:42 INFO BlockManagerMasterEndpoint: Registering block manager Aishwarya92848DBDA:38109 with 366.3 MiB RAM, BlockManagerId(driver, Aishwarya92848DBDA, 38109, None)
[2026-01-29T19:36:42.080+0530] {subprocess.py:106} INFO - 26/01/29 19:36:42 INFO BlockManagerMaster: Registered BlockManager BlockManagerId(driver, Aishwarya92848DBDA, 38109, None)
[2026-01-29T19:36:42.081+0530] {subprocess.py:106} INFO - 26/01/29 19:36:42 INFO BlockManager: Initialized BlockManager: BlockManagerId(driver, Aishwarya92848DBDA, 38109, None)
[2026-01-29T19:36:42.476+0530] {subprocess.py:106} INFO - 26/01/29 19:36:42 INFO SharedState: Setting hive.metastore.warehouse.dir ('null') to the value of spark.sql.warehouse.dir.
[2026-01-29T19:36:42.483+0530] {subprocess.py:106} INFO - 26/01/29 19:36:42 INFO SharedState: Warehouse path is 'file:/tmp/airflowtmposgfdhi0/spark-warehouse'.
[2026-01-29T19:36:43.644+0530] {subprocess.py:106} INFO - 26/01/29 19:36:43 INFO InMemoryFileIndex: It took 55 ms to list leaf files for 1 paths.
[2026-01-29T19:36:43.697+0530] {subprocess.py:106} INFO - 26/01/29 19:36:43 INFO InMemoryFileIndex: It took 4 ms to list leaf files for 1 paths.
[2026-01-29T19:36:45.638+0530] {subprocess.py:106} INFO - 26/01/29 19:36:45 INFO FileSourceStrategy: Pushed Filters:
[2026-01-29T19:36:45.641+0530] {subprocess.py:106} INFO - 26/01/29 19:36:45 INFO FileSourceStrategy: Post-Scan Filters: (length(trim(value#0, None)) > 0)
[2026-01-29T19:36:46.191+0530] {subprocess.py:106} INFO - 26/01/29 19:36:46 INFO CodeGenerator: Code generated in 204.515708 ms
[2026-01-29T19:36:46.244+0530] {subprocess.py:106} INFO - 26/01/29 19:36:46 INFO MemoryStore: Block broadcast_0 stored as values in memory (estimated size 350.3 KiB, free 366.0 MiB)
[2026-01-29T19:36:46.287+0530] {subprocess.py:106} INFO - 26/01/29 19:36:46 INFO MemoryStore: Block broadcast_0_piece0 stored as bytes in memory (estimated size 34.3 KiB, free 365.9 MiB)
[2026-01-29T19:36:46.291+0530] {subprocess.py:106} INFO - 26/01/29 19:36:46 INFO BlockManagerInfo: Added broadcast_0_piece0 in memory on Aishwarya92848DBDA:38109 (size: 34.3 KiB, free: 366.3 MiB)
[2026-01-29T19:36:46.296+0530] {subprocess.py:106} INFO - 26/01/29 19:36:46 INFO SparkContext: Created broadcast 0 from csv at NativeMethodAccessorImpl.java:0
[2026-01-29T19:36:46.306+0530] {subprocess.py:106} INFO - 26/01/29 19:36:46 INFO FileSourceScanExec: Planning scan with bin packing, max size: 4194304 bytes, open cost is considered as scanning 4194304 bytes.
[2026-01-29T19:36:46.438+0530] {subprocess.py:106} INFO - 26/01/29 19:36:46 INFO SparkContext: Starting job: csv at NativeMethodAccessorImpl.java:0
[2026-01-29T19:36:46.459+0530] {subprocess.py:106} INFO - 26/01/29 19:36:46 INFO DAGScheduler: Got job 0 (csv at NativeMethodAccessorImpl.java:0) with 1 output partitions
[2026-01-29T19:36:46.460+0530] {subprocess.py:106} INFO - 26/01/29 19:36:46 INFO DAGScheduler: Final stage: ResultStage 0 (csv at NativeMethodAccessorImpl.java:0)
[2026-01-29T19:36:46.461+0530] {subprocess.py:106} INFO - 26/01/29 19:36:46 INFO DAGScheduler: Parents of final stage: List()
[2026-01-29T19:36:46.463+0530] {subprocess.py:106} INFO - 26/01/29 19:36:46 INFO DAGScheduler: Missing parents: List()
[2026-01-29T19:36:46.468+0530] {subprocess.py:106} INFO - 26/01/29 19:36:46 INFO DAGScheduler: Submitting ResultStage 0 (MapPartitionsRDD[3] at csv at NativeMethodAccessorImpl.java:0), which has no missing parents
[2026-01-29T19:36:46.564+0530] {subprocess.py:106} INFO - 26/01/29 19:36:46 INFO MemoryStore: Block broadcast_1 stored as values in memory (estimated size 13.5 KiB, free 365.9 MiB)
[2026-01-29T19:36:46.567+0530] {subprocess.py:106} INFO - 26/01/29 19:36:46 INFO MemoryStore: Block broadcast_1_piece0 stored as bytes in memory (estimated size 6.4 KiB, free 365.9 MiB)
[2026-01-29T19:36:46.568+0530] {subprocess.py:106} INFO - 26/01/29 19:36:46 INFO BlockManagerInfo: Added broadcast_1_piece0 in memory on Aishwarya92848DBDA:38109 (size: 6.4 KiB, free: 366.3 MiB)
[2026-01-29T19:36:46.568+0530] {subprocess.py:106} INFO - 26/01/29 19:36:46 INFO SparkContext: Created broadcast 1 from broadcast at DAGScheduler.scala:1585
[2026-01-29T19:36:46.582+0530] {subprocess.py:106} INFO - 26/01/29 19:36:46 INFO DAGScheduler: Submitting 1 missing tasks from ResultStage 0 (MapPartitionsRDD[3] at csv at NativeMethodAccessorImpl.java:0) (first 15 tasks are for partitions Vector(0))
[2026-01-29T19:36:46.583+0530] {subprocess.py:106} INFO - 26/01/29 19:36:46 INFO TaskSchedulerImpl: Adding task set 0.0 with 1 tasks resource profile 0
[2026-01-29T19:36:46.626+0530] {subprocess.py:106} INFO - 26/01/29 19:36:46 INFO TaskSetManager: Starting task 0.0 in stage 0.0 (TID 0) (Aishwarya92848DBDA, executor driver, partition 0, NODE_LOCAL, 8241 bytes)
[2026-01-29T19:36:46.640+0530] {subprocess.py:106} INFO - 26/01/29 19:36:46 INFO Executor: Running task 0.0 in stage 0.0 (TID 0)
[2026-01-29T19:36:46.886+0530] {subprocess.py:106} INFO - 26/01/29 19:36:46 INFO CodeGenerator: Code generated in 13.424032 ms
[2026-01-29T19:36:46.891+0530] {subprocess.py:106} INFO - 26/01/29 19:36:46 INFO FileScanRDD: Reading File path: hdfs://localhost:9000/weather/data/raw_data/weather_dataset.csv, range: 0-1642, partition values: [empty row]
[2026-01-29T19:36:46.929+0530] {subprocess.py:106} INFO - 26/01/29 19:36:46 INFO CodeGenerator: Code generated in 31.830513 ms
[2026-01-29T19:36:47.028+0530] {subprocess.py:106} INFO - 26/01/29 19:36:47 INFO Executor: Finished task 0.0 in stage 0.0 (TID 0). 1802 bytes result sent to driver
[2026-01-29T19:36:47.040+0530] {subprocess.py:106} INFO - 26/01/29 19:36:47 INFO TaskSetManager: Finished task 0.0 in stage 0.0 (TID 0) in 425 ms on Aishwarya92848DBDA (executor driver) (1/1)
[2026-01-29T19:36:47.042+0530] {subprocess.py:106} INFO - 26/01/29 19:36:47 INFO TaskSchedulerImpl: Removed TaskSet 0.0, whose tasks have all completed, from pool
[2026-01-29T19:36:47.049+0530] {subprocess.py:106} INFO - 26/01/29 19:36:47 INFO DAGScheduler: ResultStage 0 (csv at NativeMethodAccessorImpl.java:0) finished in 0.561 s
[2026-01-29T19:36:47.053+0530] {subprocess.py:106} INFO - 26/01/29 19:36:47 INFO DAGScheduler: Job 0 is finished. Cancelling potential speculative or zombie tasks for this job
[2026-01-29T19:36:47.053+0530] {subprocess.py:106} INFO - 26/01/29 19:36:47 INFO TaskSchedulerImpl: Killing all running tasks in stage 0: Stage finished
[2026-01-29T19:36:47.056+0530] {subprocess.py:106} INFO - 26/01/29 19:36:47 INFO DAGScheduler: Job 0 finished: csv at NativeMethodAccessorImpl.java:0, took 0.618048 s
[2026-01-29T19:36:47.084+0530] {subprocess.py:106} INFO - 26/01/29 19:36:47 INFO CodeGenerator: Code generated in 12.358941 ms
[2026-01-29T19:36:47.136+0530] {subprocess.py:106} INFO - 26/01/29 19:36:47 INFO FileSourceStrategy: Pushed Filters:
[2026-01-29T19:36:47.136+0530] {subprocess.py:106} INFO - 26/01/29 19:36:47 INFO FileSourceStrategy: Post-Scan Filters:
[2026-01-29T19:36:47.143+0530] {subprocess.py:106} INFO - 26/01/29 19:36:47 INFO MemoryStore: Block broadcast_2 stored as values in memory (estimated size 350.3 KiB, free 365.6 MiB)
[2026-01-29T19:36:47.151+0530] {subprocess.py:106} INFO - 26/01/29 19:36:47 INFO MemoryStore: Block broadcast_2_piece0 stored as bytes in memory (estimated size 34.3 KiB, free 365.5 MiB)
[2026-01-29T19:36:47.151+0530] {subprocess.py:106} INFO - 26/01/29 19:36:47 INFO BlockManagerInfo: Added broadcast_2_piece0 in memory on Aishwarya92848DBDA:38109 (size: 34.3 KiB, free: 366.2 MiB)
[2026-01-29T19:36:47.152+0530] {subprocess.py:106} INFO - 26/01/29 19:36:47 INFO SparkContext: Created broadcast 2 from csv at NativeMethodAccessorImpl.java:0
[2026-01-29T19:36:47.154+0530] {subprocess.py:106} INFO - 26/01/29 19:36:47 INFO FileSourceScanExec: Planning scan with bin packing, max size: 4194304 bytes, open cost is considered as scanning 4194304 bytes.
[2026-01-29T19:36:47.228+0530] {subprocess.py:106} INFO - 26/01/29 19:36:47 INFO SparkContext: Starting job: csv at NativeMethodAccessorImpl.java:0
[2026-01-29T19:36:47.229+0530] {subprocess.py:106} INFO - 26/01/29 19:36:47 INFO DAGScheduler: Got job 1 (csv at NativeMethodAccessorImpl.java:0) with 1 output partitions
[2026-01-29T19:36:47.230+0530] {subprocess.py:106} INFO - 26/01/29 19:36:47 INFO DAGScheduler: Final stage: ResultStage 1 (csv at NativeMethodAccessorImpl.java:0)
[2026-01-29T19:36:47.230+0530] {subprocess.py:106} INFO - 26/01/29 19:36:47 INFO DAGScheduler: Parents of final stage: List()
[2026-01-29T19:36:47.231+0530] {subprocess.py:106} INFO - 26/01/29 19:36:47 INFO DAGScheduler: Missing parents: List()
[2026-01-29T19:36:47.232+0530] {subprocess.py:106} INFO - 26/01/29 19:36:47 INFO DAGScheduler: Submitting ResultStage 1 (MapPartitionsRDD[9] at csv at NativeMethodAccessorImpl.java:0), which has no missing parents
[2026-01-29T19:36:47.264+0530] {subprocess.py:106} INFO - 26/01/29 19:36:47 INFO MemoryStore: Block broadcast_3 stored as values in memory (estimated size 27.8 KiB, free 365.5 MiB)
[2026-01-29T19:36:47.266+0530] {subprocess.py:106} INFO - 26/01/29 19:36:47 INFO MemoryStore: Block broadcast_3_piece0 stored as bytes in memory (estimated size 12.8 KiB, free 365.5 MiB)
[2026-01-29T19:36:47.266+0530] {subprocess.py:106} INFO - 26/01/29 19:36:47 INFO BlockManagerInfo: Added broadcast_3_piece0 in memory on Aishwarya92848DBDA:38109 (size: 12.8 KiB, free: 366.2 MiB)
[2026-01-29T19:36:47.267+0530] {subprocess.py:106} INFO - 26/01/29 19:36:47 INFO SparkContext: Created broadcast 3 from broadcast at DAGScheduler.scala:1585
[2026-01-29T19:36:47.268+0530] {subprocess.py:106} INFO - 26/01/29 19:36:47 INFO DAGScheduler: Submitting 1 missing tasks from ResultStage 1 (MapPartitionsRDD[9] at csv at NativeMethodAccessorImpl.java:0) (first 15 tasks are for partitions Vector(0))
[2026-01-29T19:36:47.268+0530] {subprocess.py:106} INFO - 26/01/29 19:36:47 INFO TaskSchedulerImpl: Adding task set 1.0 with 1 tasks resource profile 0
[2026-01-29T19:36:47.270+0530] {subprocess.py:106} INFO - 26/01/29 19:36:47 INFO TaskSetManager: Starting task 0.0 in stage 1.0 (TID 1) (Aishwarya92848DBDA, executor driver, partition 0, NODE_LOCAL, 8241 bytes)
[2026-01-29T19:36:47.271+0530] {subprocess.py:106} INFO - 26/01/29 19:36:47 INFO Executor: Running task 0.0 in stage 1.0 (TID 1)
[2026-01-29T19:36:47.345+0530] {subprocess.py:106} INFO - 26/01/29 19:36:47 INFO CodeGenerator: Code generated in 11.269463 ms
[2026-01-29T19:36:47.350+0530] {subprocess.py:106} INFO - 26/01/29 19:36:47 INFO FileScanRDD: Reading File path: hdfs://localhost:9000/weather/data/raw_data/weather_dataset.csv, range: 0-1642, partition values: [empty row]
[2026-01-29T19:36:47.401+0530] {subprocess.py:106} INFO - 26/01/29 19:36:47 INFO Executor: Finished task 0.0 in stage 1.0 (TID 1). 1762 bytes result sent to driver
[2026-01-29T19:36:47.403+0530] {subprocess.py:106} INFO - 26/01/29 19:36:47 INFO TaskSetManager: Finished task 0.0 in stage 1.0 (TID 1) in 134 ms on Aishwarya92848DBDA (executor driver) (1/1)
[2026-01-29T19:36:47.404+0530] {subprocess.py:106} INFO - 26/01/29 19:36:47 INFO TaskSchedulerImpl: Removed TaskSet 1.0, whose tasks have all completed, from pool
[2026-01-29T19:36:47.405+0530] {subprocess.py:106} INFO - 26/01/29 19:36:47 INFO DAGScheduler: ResultStage 1 (csv at NativeMethodAccessorImpl.java:0) finished in 0.170 s
[2026-01-29T19:36:47.405+0530] {subprocess.py:106} INFO - 26/01/29 19:36:47 INFO DAGScheduler: Job 1 is finished. Cancelling potential speculative or zombie tasks for this job
[2026-01-29T19:36:47.406+0530] {subprocess.py:106} INFO - 26/01/29 19:36:47 INFO TaskSchedulerImpl: Killing all running tasks in stage 1: Stage finished
[2026-01-29T19:36:47.407+0530] {subprocess.py:106} INFO - 26/01/29 19:36:47 INFO DAGScheduler: Job 1 finished: csv at NativeMethodAccessorImpl.java:0, took 0.178526 s
[2026-01-29T19:36:47.451+0530] {subprocess.py:106} INFO - root
[2026-01-29T19:36:47.451+0530] {subprocess.py:106} INFO -  |-- city: string (nullable = true)
[2026-01-29T19:36:47.452+0530] {subprocess.py:106} INFO -  |-- date: date (nullable = true)
[2026-01-29T19:36:47.452+0530] {subprocess.py:106} INFO -  |-- temperature_2m_max: double (nullable = true)
[2026-01-29T19:36:47.452+0530] {subprocess.py:106} INFO -  |-- temperature_2m_min: double (nullable = true)
[2026-01-29T19:36:47.452+0530] {subprocess.py:106} INFO -  |-- apparent_temperature_max: double (nullable = true)
[2026-01-29T19:36:47.452+0530] {subprocess.py:106} INFO -  |-- apparent_temperature_min: double (nullable = true)
[2026-01-29T19:36:47.452+0530] {subprocess.py:106} INFO -  |-- precipitation_sum: double (nullable = true)
[2026-01-29T19:36:47.452+0530] {subprocess.py:106} INFO -  |-- rain_sum: double (nullable = true)
[2026-01-29T19:36:47.453+0530] {subprocess.py:106} INFO -  |-- weather_code: integer (nullable = true)
[2026-01-29T19:36:47.453+0530] {subprocess.py:106} INFO -  |-- wind_speed_10m_max: double (nullable = true)
[2026-01-29T19:36:47.453+0530] {subprocess.py:106} INFO -  |-- wind_gusts_10m_max: double (nullable = true)
[2026-01-29T19:36:47.453+0530] {subprocess.py:106} INFO -  |-- wind_direction_10m_dominant: integer (nullable = true)
[2026-01-29T19:36:47.453+0530] {subprocess.py:106} INFO - 
[2026-01-29T19:36:47.648+0530] {subprocess.py:106} INFO - 26/01/29 19:36:47 INFO FileSourceStrategy: Pushed Filters: Or(Or(Or(Or(IsNull(city),IsNull(date)),IsNull(temperature_2m_max)),Or(Or(IsNull(temperature_2m_min),IsNull(apparent_temperature_max)),IsNull(apparent_temperature_min))),Or(Or(Or(IsNull(precipitation_sum),IsNull(rain_sum)),IsNull(weather_code)),Or(Or(IsNull(wind_speed_10m_max),IsNull(wind_gusts_10m_max)),IsNull(wind_direction_10m_dominant))))
[2026-01-29T19:36:47.648+0530] {subprocess.py:106} INFO - 26/01/29 19:36:47 INFO FileSourceStrategy: Post-Scan Filters: ((((isnull(city#17) OR isnull(date#18)) OR isnull(temperature_2m_max#19)) OR ((isnull(temperature_2m_min#20) OR isnull(apparent_temperature_max#21)) OR isnull(apparent_temperature_min#22))) OR (((isnull(precipitation_sum#23) OR isnull(rain_sum#24)) OR isnull(weather_code#25)) OR ((isnull(wind_speed_10m_max#26) OR isnull(wind_gusts_10m_max#27)) OR isnull(wind_direction_10m_dominant#28))))
[2026-01-29T19:36:47.779+0530] {subprocess.py:106} INFO - 26/01/29 19:36:47 INFO CodeGenerator: Code generated in 21.566694 ms
[2026-01-29T19:36:47.783+0530] {subprocess.py:106} INFO - 26/01/29 19:36:47 INFO MemoryStore: Block broadcast_4 stored as values in memory (estimated size 350.2 KiB, free 365.1 MiB)
[2026-01-29T19:36:47.792+0530] {subprocess.py:106} INFO - 26/01/29 19:36:47 INFO MemoryStore: Block broadcast_4_piece0 stored as bytes in memory (estimated size 34.3 KiB, free 365.1 MiB)
[2026-01-29T19:36:47.793+0530] {subprocess.py:106} INFO - 26/01/29 19:36:47 INFO BlockManagerInfo: Added broadcast_4_piece0 in memory on Aishwarya92848DBDA:38109 (size: 34.3 KiB, free: 366.2 MiB)
[2026-01-29T19:36:47.794+0530] {subprocess.py:106} INFO - 26/01/29 19:36:47 INFO SparkContext: Created broadcast 4 from count at NativeMethodAccessorImpl.java:0
[2026-01-29T19:36:47.799+0530] {subprocess.py:106} INFO - 26/01/29 19:36:47 INFO FileSourceScanExec: Planning scan with bin packing, max size: 4194304 bytes, open cost is considered as scanning 4194304 bytes.
[2026-01-29T19:36:47.822+0530] {subprocess.py:106} INFO - 26/01/29 19:36:47 INFO DAGScheduler: Registering RDD 13 (count at NativeMethodAccessorImpl.java:0) as input to shuffle 0
[2026-01-29T19:36:47.826+0530] {subprocess.py:106} INFO - 26/01/29 19:36:47 INFO DAGScheduler: Got map stage job 2 (count at NativeMethodAccessorImpl.java:0) with 1 output partitions
[2026-01-29T19:36:47.826+0530] {subprocess.py:106} INFO - 26/01/29 19:36:47 INFO DAGScheduler: Final stage: ShuffleMapStage 2 (count at NativeMethodAccessorImpl.java:0)
[2026-01-29T19:36:47.827+0530] {subprocess.py:106} INFO - 26/01/29 19:36:47 INFO DAGScheduler: Parents of final stage: List()
[2026-01-29T19:36:47.828+0530] {subprocess.py:106} INFO - 26/01/29 19:36:47 INFO DAGScheduler: Missing parents: List()
[2026-01-29T19:36:47.830+0530] {subprocess.py:106} INFO - 26/01/29 19:36:47 INFO DAGScheduler: Submitting ShuffleMapStage 2 (MapPartitionsRDD[13] at count at NativeMethodAccessorImpl.java:0), which has no missing parents
[2026-01-29T19:36:47.842+0530] {subprocess.py:106} INFO - 26/01/29 19:36:47 INFO MemoryStore: Block broadcast_5 stored as values in memory (estimated size 22.8 KiB, free 365.1 MiB)
[2026-01-29T19:36:47.844+0530] {subprocess.py:106} INFO - 26/01/29 19:36:47 INFO MemoryStore: Block broadcast_5_piece0 stored as bytes in memory (estimated size 10.3 KiB, free 365.1 MiB)
[2026-01-29T19:36:47.844+0530] {subprocess.py:106} INFO - 26/01/29 19:36:47 INFO BlockManagerInfo: Added broadcast_5_piece0 in memory on Aishwarya92848DBDA:38109 (size: 10.3 KiB, free: 366.2 MiB)
[2026-01-29T19:36:47.845+0530] {subprocess.py:106} INFO - 26/01/29 19:36:47 INFO SparkContext: Created broadcast 5 from broadcast at DAGScheduler.scala:1585
[2026-01-29T19:36:47.846+0530] {subprocess.py:106} INFO - 26/01/29 19:36:47 INFO DAGScheduler: Submitting 1 missing tasks from ShuffleMapStage 2 (MapPartitionsRDD[13] at count at NativeMethodAccessorImpl.java:0) (first 15 tasks are for partitions Vector(0))
[2026-01-29T19:36:47.847+0530] {subprocess.py:106} INFO - 26/01/29 19:36:47 INFO TaskSchedulerImpl: Adding task set 2.0 with 1 tasks resource profile 0
[2026-01-29T19:36:47.848+0530] {subprocess.py:106} INFO - 26/01/29 19:36:47 INFO TaskSetManager: Starting task 0.0 in stage 2.0 (TID 2) (Aishwarya92848DBDA, executor driver, partition 0, NODE_LOCAL, 8230 bytes)
[2026-01-29T19:36:47.849+0530] {subprocess.py:106} INFO - 26/01/29 19:36:47 INFO Executor: Running task 0.0 in stage 2.0 (TID 2)
[2026-01-29T19:36:47.885+0530] {subprocess.py:106} INFO - 26/01/29 19:36:47 INFO CodeGenerator: Code generated in 17.359272 ms
[2026-01-29T19:36:47.895+0530] {subprocess.py:106} INFO - 26/01/29 19:36:47 INFO FileScanRDD: Reading File path: hdfs://localhost:9000/weather/data/raw_data/weather_dataset.csv, range: 0-1642, partition values: [empty row]
[2026-01-29T19:36:47.926+0530] {subprocess.py:106} INFO - 26/01/29 19:36:47 INFO CodeGenerator: Code generated in 22.03421 ms
[2026-01-29T19:36:47.967+0530] {subprocess.py:106} INFO - 26/01/29 19:36:47 INFO CodeGenerator: Code generated in 13.836843 ms
[2026-01-29T19:36:48.019+0530] {subprocess.py:106} INFO - 26/01/29 19:36:48 INFO Executor: Finished task 0.0 in stage 2.0 (TID 2). 2033 bytes result sent to driver
[2026-01-29T19:36:48.022+0530] {subprocess.py:106} INFO - 26/01/29 19:36:48 INFO TaskSetManager: Finished task 0.0 in stage 2.0 (TID 2) in 175 ms on Aishwarya92848DBDA (executor driver) (1/1)
[2026-01-29T19:36:48.022+0530] {subprocess.py:106} INFO - 26/01/29 19:36:48 INFO TaskSchedulerImpl: Removed TaskSet 2.0, whose tasks have all completed, from pool
[2026-01-29T19:36:48.024+0530] {subprocess.py:106} INFO - 26/01/29 19:36:48 INFO DAGScheduler: ShuffleMapStage 2 (count at NativeMethodAccessorImpl.java:0) finished in 0.192 s
[2026-01-29T19:36:48.025+0530] {subprocess.py:106} INFO - 26/01/29 19:36:48 INFO DAGScheduler: looking for newly runnable stages
[2026-01-29T19:36:48.026+0530] {subprocess.py:106} INFO - 26/01/29 19:36:48 INFO DAGScheduler: running: Set()
[2026-01-29T19:36:48.026+0530] {subprocess.py:106} INFO - 26/01/29 19:36:48 INFO DAGScheduler: waiting: Set()
[2026-01-29T19:36:48.027+0530] {subprocess.py:106} INFO - 26/01/29 19:36:48 INFO DAGScheduler: failed: Set()
[2026-01-29T19:36:48.064+0530] {subprocess.py:106} INFO - 26/01/29 19:36:48 INFO CodeGenerator: Code generated in 8.690581 ms
[2026-01-29T19:36:48.081+0530] {subprocess.py:106} INFO - 26/01/29 19:36:48 INFO SparkContext: Starting job: count at NativeMethodAccessorImpl.java:0
[2026-01-29T19:36:48.084+0530] {subprocess.py:106} INFO - 26/01/29 19:36:48 INFO DAGScheduler: Got job 3 (count at NativeMethodAccessorImpl.java:0) with 1 output partitions
[2026-01-29T19:36:48.084+0530] {subprocess.py:106} INFO - 26/01/29 19:36:48 INFO DAGScheduler: Final stage: ResultStage 4 (count at NativeMethodAccessorImpl.java:0)
[2026-01-29T19:36:48.084+0530] {subprocess.py:106} INFO - 26/01/29 19:36:48 INFO DAGScheduler: Parents of final stage: List(ShuffleMapStage 3)
[2026-01-29T19:36:48.084+0530] {subprocess.py:106} INFO - 26/01/29 19:36:48 INFO DAGScheduler: Missing parents: List()
[2026-01-29T19:36:48.085+0530] {subprocess.py:106} INFO - 26/01/29 19:36:48 INFO DAGScheduler: Submitting ResultStage 4 (MapPartitionsRDD[16] at count at NativeMethodAccessorImpl.java:0), which has no missing parents
[2026-01-29T19:36:48.092+0530] {subprocess.py:106} INFO - 26/01/29 19:36:48 INFO MemoryStore: Block broadcast_6 stored as values in memory (estimated size 12.5 KiB, free 365.1 MiB)
[2026-01-29T19:36:48.094+0530] {subprocess.py:106} INFO - 26/01/29 19:36:48 INFO MemoryStore: Block broadcast_6_piece0 stored as bytes in memory (estimated size 5.9 KiB, free 365.1 MiB)
[2026-01-29T19:36:48.095+0530] {subprocess.py:106} INFO - 26/01/29 19:36:48 INFO BlockManagerInfo: Added broadcast_6_piece0 in memory on Aishwarya92848DBDA:38109 (size: 5.9 KiB, free: 366.2 MiB)
[2026-01-29T19:36:48.095+0530] {subprocess.py:106} INFO - 26/01/29 19:36:48 INFO SparkContext: Created broadcast 6 from broadcast at DAGScheduler.scala:1585
[2026-01-29T19:36:48.096+0530] {subprocess.py:106} INFO - 26/01/29 19:36:48 INFO DAGScheduler: Submitting 1 missing tasks from ResultStage 4 (MapPartitionsRDD[16] at count at NativeMethodAccessorImpl.java:0) (first 15 tasks are for partitions Vector(0))
[2026-01-29T19:36:48.096+0530] {subprocess.py:106} INFO - 26/01/29 19:36:48 INFO TaskSchedulerImpl: Adding task set 4.0 with 1 tasks resource profile 0
[2026-01-29T19:36:48.098+0530] {subprocess.py:106} INFO - 26/01/29 19:36:48 INFO TaskSetManager: Starting task 0.0 in stage 4.0 (TID 3) (Aishwarya92848DBDA, executor driver, partition 0, NODE_LOCAL, 7615 bytes)
[2026-01-29T19:36:48.099+0530] {subprocess.py:106} INFO - 26/01/29 19:36:48 INFO Executor: Running task 0.0 in stage 4.0 (TID 3)
[2026-01-29T19:36:48.127+0530] {subprocess.py:106} INFO - 26/01/29 19:36:48 INFO ShuffleBlockFetcherIterator: Getting 1 (60.0 B) non-empty blocks including 1 (60.0 B) local and 0 (0.0 B) host-local and 0 (0.0 B) push-merged-local and 0 (0.0 B) remote blocks
[2026-01-29T19:36:48.130+0530] {subprocess.py:106} INFO - 26/01/29 19:36:48 INFO ShuffleBlockFetcherIterator: Started 0 remote fetches in 9 ms
[2026-01-29T19:36:48.143+0530] {subprocess.py:106} INFO - 26/01/29 19:36:48 INFO CodeGenerator: Code generated in 8.503032 ms
[2026-01-29T19:36:48.154+0530] {subprocess.py:106} INFO - 26/01/29 19:36:48 INFO Executor: Finished task 0.0 in stage 4.0 (TID 3). 3995 bytes result sent to driver
[2026-01-29T19:36:48.157+0530] {subprocess.py:106} INFO - 26/01/29 19:36:48 INFO TaskSetManager: Finished task 0.0 in stage 4.0 (TID 3) in 59 ms on Aishwarya92848DBDA (executor driver) (1/1)
[2026-01-29T19:36:48.157+0530] {subprocess.py:106} INFO - 26/01/29 19:36:48 INFO TaskSchedulerImpl: Removed TaskSet 4.0, whose tasks have all completed, from pool
[2026-01-29T19:36:48.159+0530] {subprocess.py:106} INFO - 26/01/29 19:36:48 INFO DAGScheduler: ResultStage 4 (count at NativeMethodAccessorImpl.java:0) finished in 0.069 s
[2026-01-29T19:36:48.159+0530] {subprocess.py:106} INFO - 26/01/29 19:36:48 INFO DAGScheduler: Job 3 is finished. Cancelling potential speculative or zombie tasks for this job
[2026-01-29T19:36:48.160+0530] {subprocess.py:106} INFO - 26/01/29 19:36:48 INFO TaskSchedulerImpl: Killing all running tasks in stage 4: Stage finished
[2026-01-29T19:36:48.160+0530] {subprocess.py:106} INFO - 26/01/29 19:36:48 INFO DAGScheduler: Job 3 finished: count at NativeMethodAccessorImpl.java:0, took 0.078185 s
[2026-01-29T19:36:48.463+0530] {subprocess.py:106} INFO - 26/01/29 19:36:48 INFO FileSourceStrategy: Pushed Filters:
[2026-01-29T19:36:48.464+0530] {subprocess.py:106} INFO - 26/01/29 19:36:48 INFO FileSourceStrategy: Post-Scan Filters:
[2026-01-29T19:36:48.478+0530] {subprocess.py:106} INFO - 26/01/29 19:36:48 INFO MemoryStore: Block broadcast_7 stored as values in memory (estimated size 350.2 KiB, free 364.7 MiB)
[2026-01-29T19:36:48.485+0530] {subprocess.py:106} INFO - 26/01/29 19:36:48 INFO MemoryStore: Block broadcast_7_piece0 stored as bytes in memory (estimated size 34.3 KiB, free 364.7 MiB)
[2026-01-29T19:36:48.486+0530] {subprocess.py:106} INFO - 26/01/29 19:36:48 INFO BlockManagerInfo: Added broadcast_7_piece0 in memory on Aishwarya92848DBDA:38109 (size: 34.3 KiB, free: 366.1 MiB)
[2026-01-29T19:36:48.487+0530] {subprocess.py:106} INFO - 26/01/29 19:36:48 INFO SparkContext: Created broadcast 7 from collect at StringIndexer.scala:204
[2026-01-29T19:36:48.488+0530] {subprocess.py:106} INFO - 26/01/29 19:36:48 INFO FileSourceScanExec: Planning scan with bin packing, max size: 4194304 bytes, open cost is considered as scanning 4194304 bytes.
[2026-01-29T19:36:48.493+0530] {subprocess.py:106} INFO - 26/01/29 19:36:48 INFO DAGScheduler: Registering RDD 20 (collect at StringIndexer.scala:204) as input to shuffle 1
[2026-01-29T19:36:48.494+0530] {subprocess.py:106} INFO - 26/01/29 19:36:48 INFO DAGScheduler: Got map stage job 4 (collect at StringIndexer.scala:204) with 1 output partitions
[2026-01-29T19:36:48.494+0530] {subprocess.py:106} INFO - 26/01/29 19:36:48 INFO DAGScheduler: Final stage: ShuffleMapStage 5 (collect at StringIndexer.scala:204)
[2026-01-29T19:36:48.494+0530] {subprocess.py:106} INFO - 26/01/29 19:36:48 INFO DAGScheduler: Parents of final stage: List()
[2026-01-29T19:36:48.495+0530] {subprocess.py:106} INFO - 26/01/29 19:36:48 INFO DAGScheduler: Missing parents: List()
[2026-01-29T19:36:48.496+0530] {subprocess.py:106} INFO - 26/01/29 19:36:48 INFO DAGScheduler: Submitting ShuffleMapStage 5 (MapPartitionsRDD[20] at collect at StringIndexer.scala:204), which has no missing parents
[2026-01-29T19:36:48.515+0530] {subprocess.py:106} INFO - 26/01/29 19:36:48 INFO MemoryStore: Block broadcast_8 stored as values in memory (estimated size 28.7 KiB, free 364.7 MiB)
[2026-01-29T19:36:48.517+0530] {subprocess.py:106} INFO - 26/01/29 19:36:48 INFO MemoryStore: Block broadcast_8_piece0 stored as bytes in memory (estimated size 13.8 KiB, free 364.6 MiB)
[2026-01-29T19:36:48.518+0530] {subprocess.py:106} INFO - 26/01/29 19:36:48 INFO BlockManagerInfo: Added broadcast_8_piece0 in memory on Aishwarya92848DBDA:38109 (size: 13.8 KiB, free: 366.1 MiB)
[2026-01-29T19:36:48.518+0530] {subprocess.py:106} INFO - 26/01/29 19:36:48 INFO SparkContext: Created broadcast 8 from broadcast at DAGScheduler.scala:1585
[2026-01-29T19:36:48.519+0530] {subprocess.py:106} INFO - 26/01/29 19:36:48 INFO DAGScheduler: Submitting 1 missing tasks from ShuffleMapStage 5 (MapPartitionsRDD[20] at collect at StringIndexer.scala:204) (first 15 tasks are for partitions Vector(0))
[2026-01-29T19:36:48.519+0530] {subprocess.py:106} INFO - 26/01/29 19:36:48 INFO TaskSchedulerImpl: Adding task set 5.0 with 1 tasks resource profile 0
[2026-01-29T19:36:48.520+0530] {subprocess.py:106} INFO - 26/01/29 19:36:48 INFO TaskSetManager: Starting task 0.0 in stage 5.0 (TID 4) (Aishwarya92848DBDA, executor driver, partition 0, NODE_LOCAL, 8230 bytes)
[2026-01-29T19:36:48.521+0530] {subprocess.py:106} INFO - 26/01/29 19:36:48 INFO Executor: Running task 0.0 in stage 5.0 (TID 4)
[2026-01-29T19:36:48.535+0530] {subprocess.py:106} INFO - 26/01/29 19:36:48 INFO FileScanRDD: Reading File path: hdfs://localhost:9000/weather/data/raw_data/weather_dataset.csv, range: 0-1642, partition values: [empty row]
[2026-01-29T19:36:48.564+0530] {subprocess.py:106} INFO - 26/01/29 19:36:48 INFO CodeGenerator: Code generated in 7.415588 ms
[2026-01-29T19:36:48.581+0530] {subprocess.py:106} INFO - 26/01/29 19:36:48 INFO CodeGenerator: Code generated in 8.117614 ms
[2026-01-29T19:36:48.596+0530] {subprocess.py:106} INFO - 26/01/29 19:36:48 INFO CodeGenerator: Code generated in 10.241633 ms
[2026-01-29T19:36:48.619+0530] {subprocess.py:106} INFO - 26/01/29 19:36:48 INFO CodeGenerator: Code generated in 9.230757 ms
[2026-01-29T19:36:48.653+0530] {subprocess.py:106} INFO - 26/01/29 19:36:48 INFO CodeGenerator: Code generated in 20.010931 ms
[2026-01-29T19:36:48.788+0530] {subprocess.py:106} INFO - 26/01/29 19:36:48 INFO BlockManagerInfo: Removed broadcast_3_piece0 on Aishwarya92848DBDA:38109 in memory (size: 12.8 KiB, free: 366.1 MiB)
[2026-01-29T19:36:48.794+0530] {subprocess.py:106} INFO - 26/01/29 19:36:48 INFO BlockManagerInfo: Removed broadcast_1_piece0 on Aishwarya92848DBDA:38109 in memory (size: 6.4 KiB, free: 366.1 MiB)
[2026-01-29T19:36:48.805+0530] {subprocess.py:106} INFO - 26/01/29 19:36:48 INFO BlockManagerInfo: Removed broadcast_5_piece0 on Aishwarya92848DBDA:38109 in memory (size: 10.3 KiB, free: 366.1 MiB)
[2026-01-29T19:36:48.809+0530] {subprocess.py:106} INFO - 26/01/29 19:36:48 INFO BlockManagerInfo: Removed broadcast_6_piece0 on Aishwarya92848DBDA:38109 in memory (size: 5.9 KiB, free: 366.2 MiB)
[2026-01-29T19:36:48.813+0530] {subprocess.py:106} INFO - 26/01/29 19:36:48 INFO BlockManagerInfo: Removed broadcast_4_piece0 on Aishwarya92848DBDA:38109 in memory (size: 34.3 KiB, free: 366.2 MiB)
[2026-01-29T19:36:48.823+0530] {subprocess.py:106} INFO - 26/01/29 19:36:48 INFO BlockManagerInfo: Removed broadcast_0_piece0 on Aishwarya92848DBDA:38109 in memory (size: 34.3 KiB, free: 366.2 MiB)
[2026-01-29T19:36:48.827+0530] {subprocess.py:106} INFO - 26/01/29 19:36:48 INFO BlockManagerInfo: Removed broadcast_2_piece0 on Aishwarya92848DBDA:38109 in memory (size: 34.3 KiB, free: 366.3 MiB)
[2026-01-29T19:36:48.885+0530] {subprocess.py:106} INFO - 26/01/29 19:36:48 INFO Executor: Finished task 0.0 in stage 5.0 (TID 4). 2299 bytes result sent to driver
[2026-01-29T19:36:48.886+0530] {subprocess.py:106} INFO - 26/01/29 19:36:48 INFO TaskSetManager: Finished task 0.0 in stage 5.0 (TID 4) in 365 ms on Aishwarya92848DBDA (executor driver) (1/1)
[2026-01-29T19:36:48.886+0530] {subprocess.py:106} INFO - 26/01/29 19:36:48 INFO TaskSchedulerImpl: Removed TaskSet 5.0, whose tasks have all completed, from pool
[2026-01-29T19:36:48.887+0530] {subprocess.py:106} INFO - 26/01/29 19:36:48 INFO DAGScheduler: ShuffleMapStage 5 (collect at StringIndexer.scala:204) finished in 0.390 s
[2026-01-29T19:36:48.888+0530] {subprocess.py:106} INFO - 26/01/29 19:36:48 INFO DAGScheduler: looking for newly runnable stages
[2026-01-29T19:36:48.888+0530] {subprocess.py:106} INFO - 26/01/29 19:36:48 INFO DAGScheduler: running: Set()
[2026-01-29T19:36:48.889+0530] {subprocess.py:106} INFO - 26/01/29 19:36:48 INFO DAGScheduler: waiting: Set()
[2026-01-29T19:36:48.889+0530] {subprocess.py:106} INFO - 26/01/29 19:36:48 INFO DAGScheduler: failed: Set()
[2026-01-29T19:36:48.919+0530] {subprocess.py:106} INFO - 26/01/29 19:36:48 INFO SparkContext: Starting job: collect at StringIndexer.scala:204
[2026-01-29T19:36:48.920+0530] {subprocess.py:106} INFO - 26/01/29 19:36:48 INFO DAGScheduler: Got job 5 (collect at StringIndexer.scala:204) with 1 output partitions
[2026-01-29T19:36:48.921+0530] {subprocess.py:106} INFO - 26/01/29 19:36:48 INFO DAGScheduler: Final stage: ResultStage 7 (collect at StringIndexer.scala:204)
[2026-01-29T19:36:48.921+0530] {subprocess.py:106} INFO - 26/01/29 19:36:48 INFO DAGScheduler: Parents of final stage: List(ShuffleMapStage 6)
[2026-01-29T19:36:48.921+0530] {subprocess.py:106} INFO - 26/01/29 19:36:48 INFO DAGScheduler: Missing parents: List()
[2026-01-29T19:36:48.922+0530] {subprocess.py:106} INFO - 26/01/29 19:36:48 INFO DAGScheduler: Submitting ResultStage 7 (MapPartitionsRDD[23] at collect at StringIndexer.scala:204), which has no missing parents
[2026-01-29T19:36:48.927+0530] {subprocess.py:106} INFO - 26/01/29 19:36:48 INFO MemoryStore: Block broadcast_9 stored as values in memory (estimated size 33.6 KiB, free 365.9 MiB)
[2026-01-29T19:36:48.928+0530] {subprocess.py:106} INFO - 26/01/29 19:36:48 INFO MemoryStore: Block broadcast_9_piece0 stored as bytes in memory (estimated size 16.1 KiB, free 365.8 MiB)
[2026-01-29T19:36:48.929+0530] {subprocess.py:106} INFO - 26/01/29 19:36:48 INFO BlockManagerInfo: Added broadcast_9_piece0 in memory on Aishwarya92848DBDA:38109 (size: 16.1 KiB, free: 366.2 MiB)
[2026-01-29T19:36:48.929+0530] {subprocess.py:106} INFO - 26/01/29 19:36:48 INFO SparkContext: Created broadcast 9 from broadcast at DAGScheduler.scala:1585
[2026-01-29T19:36:48.930+0530] {subprocess.py:106} INFO - 26/01/29 19:36:48 INFO DAGScheduler: Submitting 1 missing tasks from ResultStage 7 (MapPartitionsRDD[23] at collect at StringIndexer.scala:204) (first 15 tasks are for partitions Vector(0))
[2026-01-29T19:36:48.930+0530] {subprocess.py:106} INFO - 26/01/29 19:36:48 INFO TaskSchedulerImpl: Adding task set 7.0 with 1 tasks resource profile 0
[2026-01-29T19:36:48.931+0530] {subprocess.py:106} INFO - 26/01/29 19:36:48 INFO TaskSetManager: Starting task 0.0 in stage 7.0 (TID 5) (Aishwarya92848DBDA, executor driver, partition 0, NODE_LOCAL, 7615 bytes)
[2026-01-29T19:36:48.932+0530] {subprocess.py:106} INFO - 26/01/29 19:36:48 INFO Executor: Running task 0.0 in stage 7.0 (TID 5)
[2026-01-29T19:36:48.943+0530] {subprocess.py:106} INFO - 26/01/29 19:36:48 INFO ShuffleBlockFetcherIterator: Getting 1 (445.0 B) non-empty blocks including 1 (445.0 B) local and 0 (0.0 B) host-local and 0 (0.0 B) push-merged-local and 0 (0.0 B) remote blocks
[2026-01-29T19:36:48.943+0530] {subprocess.py:106} INFO - 26/01/29 19:36:48 INFO ShuffleBlockFetcherIterator: Started 0 remote fetches in 1 ms
[2026-01-29T19:36:48.972+0530] {subprocess.py:106} INFO - 26/01/29 19:36:48 INFO CodeGenerator: Code generated in 14.657594 ms
[2026-01-29T19:36:49.035+0530] {subprocess.py:106} INFO - 26/01/29 19:36:49 INFO Executor: Finished task 0.0 in stage 7.0 (TID 5). 5049 bytes result sent to driver
[2026-01-29T19:36:49.037+0530] {subprocess.py:106} INFO - 26/01/29 19:36:49 INFO TaskSetManager: Finished task 0.0 in stage 7.0 (TID 5) in 106 ms on Aishwarya92848DBDA (executor driver) (1/1)
[2026-01-29T19:36:49.037+0530] {subprocess.py:106} INFO - 26/01/29 19:36:49 INFO TaskSchedulerImpl: Removed TaskSet 7.0, whose tasks have all completed, from pool
[2026-01-29T19:36:49.039+0530] {subprocess.py:106} INFO - 26/01/29 19:36:49 INFO DAGScheduler: ResultStage 7 (collect at StringIndexer.scala:204) finished in 0.115 s
[2026-01-29T19:36:49.040+0530] {subprocess.py:106} INFO - 26/01/29 19:36:49 INFO DAGScheduler: Job 5 is finished. Cancelling potential speculative or zombie tasks for this job
[2026-01-29T19:36:49.040+0530] {subprocess.py:106} INFO - 26/01/29 19:36:49 INFO TaskSchedulerImpl: Killing all running tasks in stage 7: Stage finished
[2026-01-29T19:36:49.040+0530] {subprocess.py:106} INFO - 26/01/29 19:36:49 INFO DAGScheduler: Job 5 finished: collect at StringIndexer.scala:204, took 0.120877 s
[2026-01-29T19:36:49.056+0530] {subprocess.py:106} INFO - 26/01/29 19:36:49 INFO CodeGenerator: Code generated in 12.770778 ms
[2026-01-29T19:36:49.295+0530] {subprocess.py:106} INFO - 26/01/29 19:36:49 INFO FileSourceStrategy: Pushed Filters:
[2026-01-29T19:36:49.295+0530] {subprocess.py:106} INFO - 26/01/29 19:36:49 INFO FileSourceStrategy: Post-Scan Filters:
[2026-01-29T19:36:49.300+0530] {subprocess.py:106} INFO - 26/01/29 19:36:49 INFO MemoryStore: Block broadcast_10 stored as values in memory (estimated size 350.2 KiB, free 365.5 MiB)
[2026-01-29T19:36:49.306+0530] {subprocess.py:106} INFO - 26/01/29 19:36:49 INFO MemoryStore: Block broadcast_10_piece0 stored as bytes in memory (estimated size 34.3 KiB, free 365.5 MiB)
[2026-01-29T19:36:49.307+0530] {subprocess.py:106} INFO - 26/01/29 19:36:49 INFO BlockManagerInfo: Added broadcast_10_piece0 in memory on Aishwarya92848DBDA:38109 (size: 34.3 KiB, free: 366.2 MiB)
[2026-01-29T19:36:49.308+0530] {subprocess.py:106} INFO - 26/01/29 19:36:49 INFO SparkContext: Created broadcast 10 from approxQuantile at NativeMethodAccessorImpl.java:0
[2026-01-29T19:36:49.309+0530] {subprocess.py:106} INFO - 26/01/29 19:36:49 INFO FileSourceScanExec: Planning scan with bin packing, max size: 4194304 bytes, open cost is considered as scanning 4194304 bytes.
[2026-01-29T19:36:49.331+0530] {subprocess.py:106} INFO - 26/01/29 19:36:49 INFO SparkContext: Starting job: approxQuantile at NativeMethodAccessorImpl.java:0
[2026-01-29T19:36:49.333+0530] {subprocess.py:106} INFO - 26/01/29 19:36:49 INFO DAGScheduler: Got job 6 (approxQuantile at NativeMethodAccessorImpl.java:0) with 1 output partitions
[2026-01-29T19:36:49.333+0530] {subprocess.py:106} INFO - 26/01/29 19:36:49 INFO DAGScheduler: Final stage: ResultStage 8 (approxQuantile at NativeMethodAccessorImpl.java:0)
[2026-01-29T19:36:49.333+0530] {subprocess.py:106} INFO - 26/01/29 19:36:49 INFO DAGScheduler: Parents of final stage: List()
[2026-01-29T19:36:49.335+0530] {subprocess.py:106} INFO - 26/01/29 19:36:49 INFO DAGScheduler: Missing parents: List()
[2026-01-29T19:36:49.336+0530] {subprocess.py:106} INFO - 26/01/29 19:36:49 INFO DAGScheduler: Submitting ResultStage 8 (MapPartitionsRDD[29] at approxQuantile at NativeMethodAccessorImpl.java:0), which has no missing parents
[2026-01-29T19:36:49.342+0530] {subprocess.py:106} INFO - 26/01/29 19:36:49 INFO MemoryStore: Block broadcast_11 stored as values in memory (estimated size 20.0 KiB, free 365.4 MiB)
[2026-01-29T19:36:49.344+0530] {subprocess.py:106} INFO - 26/01/29 19:36:49 INFO MemoryStore: Block broadcast_11_piece0 stored as bytes in memory (estimated size 9.5 KiB, free 365.4 MiB)
[2026-01-29T19:36:49.345+0530] {subprocess.py:106} INFO - 26/01/29 19:36:49 INFO BlockManagerInfo: Added broadcast_11_piece0 in memory on Aishwarya92848DBDA:38109 (size: 9.5 KiB, free: 366.2 MiB)
[2026-01-29T19:36:49.345+0530] {subprocess.py:106} INFO - 26/01/29 19:36:49 INFO SparkContext: Created broadcast 11 from broadcast at DAGScheduler.scala:1585
[2026-01-29T19:36:49.346+0530] {subprocess.py:106} INFO - 26/01/29 19:36:49 INFO DAGScheduler: Submitting 1 missing tasks from ResultStage 8 (MapPartitionsRDD[29] at approxQuantile at NativeMethodAccessorImpl.java:0) (first 15 tasks are for partitions Vector(0))
[2026-01-29T19:36:49.346+0530] {subprocess.py:106} INFO - 26/01/29 19:36:49 INFO TaskSchedulerImpl: Adding task set 8.0 with 1 tasks resource profile 0
[2026-01-29T19:36:49.348+0530] {subprocess.py:106} INFO - 26/01/29 19:36:49 INFO TaskSetManager: Starting task 0.0 in stage 8.0 (TID 6) (Aishwarya92848DBDA, executor driver, partition 0, NODE_LOCAL, 8241 bytes)
[2026-01-29T19:36:49.348+0530] {subprocess.py:106} INFO - 26/01/29 19:36:49 INFO Executor: Running task 0.0 in stage 8.0 (TID 6)
[2026-01-29T19:36:49.370+0530] {subprocess.py:106} INFO - 26/01/29 19:36:49 INFO CodeGenerator: Code generated in 6.785531 ms
[2026-01-29T19:36:49.372+0530] {subprocess.py:106} INFO - 26/01/29 19:36:49 INFO FileScanRDD: Reading File path: hdfs://localhost:9000/weather/data/raw_data/weather_dataset.csv, range: 0-1642, partition values: [empty row]
[2026-01-29T19:36:49.380+0530] {subprocess.py:106} INFO - 26/01/29 19:36:49 INFO CodeGenerator: Code generated in 6.70657 ms
[2026-01-29T19:36:49.397+0530] {subprocess.py:106} INFO - 26/01/29 19:36:49 INFO Executor: Finished task 0.0 in stage 8.0 (TID 6). 2698 bytes result sent to driver
[2026-01-29T19:36:49.398+0530] {subprocess.py:106} INFO - 26/01/29 19:36:49 INFO TaskSetManager: Finished task 0.0 in stage 8.0 (TID 6) in 50 ms on Aishwarya92848DBDA (executor driver) (1/1)
[2026-01-29T19:36:49.398+0530] {subprocess.py:106} INFO - 26/01/29 19:36:49 INFO TaskSchedulerImpl: Removed TaskSet 8.0, whose tasks have all completed, from pool
[2026-01-29T19:36:49.399+0530] {subprocess.py:106} INFO - 26/01/29 19:36:49 INFO DAGScheduler: ResultStage 8 (approxQuantile at NativeMethodAccessorImpl.java:0) finished in 0.063 s
[2026-01-29T19:36:49.399+0530] {subprocess.py:106} INFO - 26/01/29 19:36:49 INFO DAGScheduler: Job 6 is finished. Cancelling potential speculative or zombie tasks for this job
[2026-01-29T19:36:49.400+0530] {subprocess.py:106} INFO - 26/01/29 19:36:49 INFO TaskSchedulerImpl: Killing all running tasks in stage 8: Stage finished
[2026-01-29T19:36:49.400+0530] {subprocess.py:106} INFO - 26/01/29 19:36:49 INFO DAGScheduler: Job 6 finished: approxQuantile at NativeMethodAccessorImpl.java:0, took 0.069154 s
[2026-01-29T19:36:49.499+0530] {subprocess.py:106} INFO - 26/01/29 19:36:49 INFO FileSourceStrategy: Pushed Filters: Or(LessThan(temperature_2m_max,9.199999999999998),GreaterThan(temperature_2m_max,40.4))
[2026-01-29T19:36:49.500+0530] {subprocess.py:106} INFO - 26/01/29 19:36:49 INFO FileSourceStrategy: Post-Scan Filters: ((temperature_2m_max#19 < 9.199999999999998) OR (temperature_2m_max#19 > 40.4))
[2026-01-29T19:36:49.529+0530] {subprocess.py:106} INFO - 26/01/29 19:36:49 INFO CodeGenerator: Code generated in 14.37429 ms
[2026-01-29T19:36:49.533+0530] {subprocess.py:106} INFO - 26/01/29 19:36:49 INFO MemoryStore: Block broadcast_12 stored as values in memory (estimated size 350.2 KiB, free 365.1 MiB)
[2026-01-29T19:36:49.539+0530] {subprocess.py:106} INFO - 26/01/29 19:36:49 INFO MemoryStore: Block broadcast_12_piece0 stored as bytes in memory (estimated size 34.3 KiB, free 365.1 MiB)
[2026-01-29T19:36:49.540+0530] {subprocess.py:106} INFO - 26/01/29 19:36:49 INFO BlockManagerInfo: Added broadcast_12_piece0 in memory on Aishwarya92848DBDA:38109 (size: 34.3 KiB, free: 366.2 MiB)
[2026-01-29T19:36:49.541+0530] {subprocess.py:106} INFO - 26/01/29 19:36:49 INFO SparkContext: Created broadcast 12 from count at NativeMethodAccessorImpl.java:0
[2026-01-29T19:36:49.542+0530] {subprocess.py:106} INFO - 26/01/29 19:36:49 INFO FileSourceScanExec: Planning scan with bin packing, max size: 4194304 bytes, open cost is considered as scanning 4194304 bytes.
[2026-01-29T19:36:49.547+0530] {subprocess.py:106} INFO - 26/01/29 19:36:49 INFO DAGScheduler: Registering RDD 33 (count at NativeMethodAccessorImpl.java:0) as input to shuffle 2
[2026-01-29T19:36:49.548+0530] {subprocess.py:106} INFO - 26/01/29 19:36:49 INFO DAGScheduler: Got map stage job 7 (count at NativeMethodAccessorImpl.java:0) with 1 output partitions
[2026-01-29T19:36:49.548+0530] {subprocess.py:106} INFO - 26/01/29 19:36:49 INFO DAGScheduler: Final stage: ShuffleMapStage 9 (count at NativeMethodAccessorImpl.java:0)
[2026-01-29T19:36:49.548+0530] {subprocess.py:106} INFO - 26/01/29 19:36:49 INFO DAGScheduler: Parents of final stage: List()
[2026-01-29T19:36:49.549+0530] {subprocess.py:106} INFO - 26/01/29 19:36:49 INFO DAGScheduler: Missing parents: List()
[2026-01-29T19:36:49.550+0530] {subprocess.py:106} INFO - 26/01/29 19:36:49 INFO DAGScheduler: Submitting ShuffleMapStage 9 (MapPartitionsRDD[33] at count at NativeMethodAccessorImpl.java:0), which has no missing parents
[2026-01-29T19:36:49.555+0530] {subprocess.py:106} INFO - 26/01/29 19:36:49 INFO MemoryStore: Block broadcast_13 stored as values in memory (estimated size 20.0 KiB, free 365.0 MiB)
[2026-01-29T19:36:49.556+0530] {subprocess.py:106} INFO - 26/01/29 19:36:49 INFO MemoryStore: Block broadcast_13_piece0 stored as bytes in memory (estimated size 9.7 KiB, free 365.0 MiB)
[2026-01-29T19:36:49.557+0530] {subprocess.py:106} INFO - 26/01/29 19:36:49 INFO BlockManagerInfo: Added broadcast_13_piece0 in memory on Aishwarya92848DBDA:38109 (size: 9.7 KiB, free: 366.2 MiB)
[2026-01-29T19:36:49.557+0530] {subprocess.py:106} INFO - 26/01/29 19:36:49 INFO SparkContext: Created broadcast 13 from broadcast at DAGScheduler.scala:1585
[2026-01-29T19:36:49.558+0530] {subprocess.py:106} INFO - 26/01/29 19:36:49 INFO DAGScheduler: Submitting 1 missing tasks from ShuffleMapStage 9 (MapPartitionsRDD[33] at count at NativeMethodAccessorImpl.java:0) (first 15 tasks are for partitions Vector(0))
[2026-01-29T19:36:49.559+0530] {subprocess.py:106} INFO - 26/01/29 19:36:49 INFO TaskSchedulerImpl: Adding task set 9.0 with 1 tasks resource profile 0
[2026-01-29T19:36:49.560+0530] {subprocess.py:106} INFO - 26/01/29 19:36:49 INFO TaskSetManager: Starting task 0.0 in stage 9.0 (TID 7) (Aishwarya92848DBDA, executor driver, partition 0, NODE_LOCAL, 8230 bytes)
[2026-01-29T19:36:49.560+0530] {subprocess.py:106} INFO - 26/01/29 19:36:49 INFO Executor: Running task 0.0 in stage 9.0 (TID 7)
[2026-01-29T19:36:49.581+0530] {subprocess.py:106} INFO - 26/01/29 19:36:49 INFO CodeGenerator: Code generated in 15.681123 ms
[2026-01-29T19:36:49.583+0530] {subprocess.py:106} INFO - 26/01/29 19:36:49 INFO FileScanRDD: Reading File path: hdfs://localhost:9000/weather/data/raw_data/weather_dataset.csv, range: 0-1642, partition values: [empty row]
[2026-01-29T19:36:49.602+0530] {subprocess.py:106} INFO - 26/01/29 19:36:49 INFO CodeGenerator: Code generated in 10.253224 ms
[2026-01-29T19:36:49.615+0530] {subprocess.py:106} INFO - 26/01/29 19:36:49 INFO Executor: Finished task 0.0 in stage 9.0 (TID 7). 1990 bytes result sent to driver
[2026-01-29T19:36:49.616+0530] {subprocess.py:106} INFO - 26/01/29 19:36:49 INFO TaskSetManager: Finished task 0.0 in stage 9.0 (TID 7) in 56 ms on Aishwarya92848DBDA (executor driver) (1/1)
[2026-01-29T19:36:49.616+0530] {subprocess.py:106} INFO - 26/01/29 19:36:49 INFO TaskSchedulerImpl: Removed TaskSet 9.0, whose tasks have all completed, from pool
[2026-01-29T19:36:49.617+0530] {subprocess.py:106} INFO - 26/01/29 19:36:49 INFO DAGScheduler: ShuffleMapStage 9 (count at NativeMethodAccessorImpl.java:0) finished in 0.066 s
[2026-01-29T19:36:49.618+0530] {subprocess.py:106} INFO - 26/01/29 19:36:49 INFO DAGScheduler: looking for newly runnable stages
[2026-01-29T19:36:49.618+0530] {subprocess.py:106} INFO - 26/01/29 19:36:49 INFO DAGScheduler: running: Set()
[2026-01-29T19:36:49.618+0530] {subprocess.py:106} INFO - 26/01/29 19:36:49 INFO DAGScheduler: waiting: Set()
[2026-01-29T19:36:49.619+0530] {subprocess.py:106} INFO - 26/01/29 19:36:49 INFO DAGScheduler: failed: Set()
[2026-01-29T19:36:49.642+0530] {subprocess.py:106} INFO - 26/01/29 19:36:49 INFO SparkContext: Starting job: count at NativeMethodAccessorImpl.java:0
[2026-01-29T19:36:49.643+0530] {subprocess.py:106} INFO - 26/01/29 19:36:49 INFO DAGScheduler: Got job 8 (count at NativeMethodAccessorImpl.java:0) with 1 output partitions
[2026-01-29T19:36:49.644+0530] {subprocess.py:106} INFO - 26/01/29 19:36:49 INFO DAGScheduler: Final stage: ResultStage 11 (count at NativeMethodAccessorImpl.java:0)
[2026-01-29T19:36:49.644+0530] {subprocess.py:106} INFO - 26/01/29 19:36:49 INFO DAGScheduler: Parents of final stage: List(ShuffleMapStage 10)
[2026-01-29T19:36:49.644+0530] {subprocess.py:106} INFO - 26/01/29 19:36:49 INFO DAGScheduler: Missing parents: List()
[2026-01-29T19:36:49.645+0530] {subprocess.py:106} INFO - 26/01/29 19:36:49 INFO DAGScheduler: Submitting ResultStage 11 (MapPartitionsRDD[36] at count at NativeMethodAccessorImpl.java:0), which has no missing parents
[2026-01-29T19:36:49.647+0530] {subprocess.py:106} INFO - 26/01/29 19:36:49 INFO MemoryStore: Block broadcast_14 stored as values in memory (estimated size 12.5 KiB, free 365.0 MiB)
[2026-01-29T19:36:49.649+0530] {subprocess.py:106} INFO - 26/01/29 19:36:49 INFO MemoryStore: Block broadcast_14_piece0 stored as bytes in memory (estimated size 5.9 KiB, free 365.0 MiB)
[2026-01-29T19:36:49.650+0530] {subprocess.py:106} INFO - 26/01/29 19:36:49 INFO BlockManagerInfo: Added broadcast_14_piece0 in memory on Aishwarya92848DBDA:38109 (size: 5.9 KiB, free: 366.1 MiB)
[2026-01-29T19:36:49.650+0530] {subprocess.py:106} INFO - 26/01/29 19:36:49 INFO SparkContext: Created broadcast 14 from broadcast at DAGScheduler.scala:1585
[2026-01-29T19:36:49.651+0530] {subprocess.py:106} INFO - 26/01/29 19:36:49 INFO DAGScheduler: Submitting 1 missing tasks from ResultStage 11 (MapPartitionsRDD[36] at count at NativeMethodAccessorImpl.java:0) (first 15 tasks are for partitions Vector(0))
[2026-01-29T19:36:49.651+0530] {subprocess.py:106} INFO - 26/01/29 19:36:49 INFO TaskSchedulerImpl: Adding task set 11.0 with 1 tasks resource profile 0
[2026-01-29T19:36:49.652+0530] {subprocess.py:106} INFO - 26/01/29 19:36:49 INFO TaskSetManager: Starting task 0.0 in stage 11.0 (TID 8) (Aishwarya92848DBDA, executor driver, partition 0, NODE_LOCAL, 7615 bytes)
[2026-01-29T19:36:49.653+0530] {subprocess.py:106} INFO - 26/01/29 19:36:49 INFO Executor: Running task 0.0 in stage 11.0 (TID 8)
[2026-01-29T19:36:49.657+0530] {subprocess.py:106} INFO - 26/01/29 19:36:49 INFO ShuffleBlockFetcherIterator: Getting 1 (60.0 B) non-empty blocks including 1 (60.0 B) local and 0 (0.0 B) host-local and 0 (0.0 B) push-merged-local and 0 (0.0 B) remote blocks
[2026-01-29T19:36:49.658+0530] {subprocess.py:106} INFO - 26/01/29 19:36:49 INFO ShuffleBlockFetcherIterator: Started 0 remote fetches in 0 ms
[2026-01-29T19:36:49.661+0530] {subprocess.py:106} INFO - 26/01/29 19:36:49 INFO Executor: Finished task 0.0 in stage 11.0 (TID 8). 3988 bytes result sent to driver
[2026-01-29T19:36:49.663+0530] {subprocess.py:106} INFO - 26/01/29 19:36:49 INFO TaskSetManager: Finished task 0.0 in stage 11.0 (TID 8) in 11 ms on Aishwarya92848DBDA (executor driver) (1/1)
[2026-01-29T19:36:49.664+0530] {subprocess.py:106} INFO - 26/01/29 19:36:49 INFO TaskSchedulerImpl: Removed TaskSet 11.0, whose tasks have all completed, from pool
[2026-01-29T19:36:49.666+0530] {subprocess.py:106} INFO - 26/01/29 19:36:49 INFO DAGScheduler: ResultStage 11 (count at NativeMethodAccessorImpl.java:0) finished in 0.019 s
[2026-01-29T19:36:49.667+0530] {subprocess.py:106} INFO - 26/01/29 19:36:49 INFO DAGScheduler: Job 8 is finished. Cancelling potential speculative or zombie tasks for this job
[2026-01-29T19:36:49.668+0530] {subprocess.py:106} INFO - 26/01/29 19:36:49 INFO TaskSchedulerImpl: Killing all running tasks in stage 11: Stage finished
[2026-01-29T19:36:49.669+0530] {subprocess.py:106} INFO - 26/01/29 19:36:49 INFO DAGScheduler: Job 8 finished: count at NativeMethodAccessorImpl.java:0, took 0.024927 s
[2026-01-29T19:36:49.670+0530] {subprocess.py:106} INFO - temperature_2m_max: Outliers = 0
[2026-01-29T19:36:49.705+0530] {subprocess.py:106} INFO - 26/01/29 19:36:49 INFO FileSourceStrategy: Pushed Filters:
[2026-01-29T19:36:49.705+0530] {subprocess.py:106} INFO - 26/01/29 19:36:49 INFO FileSourceStrategy: Post-Scan Filters:
[2026-01-29T19:36:49.709+0530] {subprocess.py:106} INFO - 26/01/29 19:36:49 INFO MemoryStore: Block broadcast_15 stored as values in memory (estimated size 350.2 KiB, free 364.7 MiB)
[2026-01-29T19:36:49.715+0530] {subprocess.py:106} INFO - 26/01/29 19:36:49 INFO MemoryStore: Block broadcast_15_piece0 stored as bytes in memory (estimated size 34.3 KiB, free 364.6 MiB)
[2026-01-29T19:36:49.716+0530] {subprocess.py:106} INFO - 26/01/29 19:36:49 INFO BlockManagerInfo: Added broadcast_15_piece0 in memory on Aishwarya92848DBDA:38109 (size: 34.3 KiB, free: 366.1 MiB)
[2026-01-29T19:36:49.716+0530] {subprocess.py:106} INFO - 26/01/29 19:36:49 INFO SparkContext: Created broadcast 15 from approxQuantile at NativeMethodAccessorImpl.java:0
[2026-01-29T19:36:49.718+0530] {subprocess.py:106} INFO - 26/01/29 19:36:49 INFO FileSourceScanExec: Planning scan with bin packing, max size: 4194304 bytes, open cost is considered as scanning 4194304 bytes.
[2026-01-29T19:36:49.744+0530] {subprocess.py:106} INFO - 26/01/29 19:36:49 INFO SparkContext: Starting job: approxQuantile at NativeMethodAccessorImpl.java:0
[2026-01-29T19:36:49.745+0530] {subprocess.py:106} INFO - 26/01/29 19:36:49 INFO DAGScheduler: Got job 9 (approxQuantile at NativeMethodAccessorImpl.java:0) with 1 output partitions
[2026-01-29T19:36:49.746+0530] {subprocess.py:106} INFO - 26/01/29 19:36:49 INFO DAGScheduler: Final stage: ResultStage 12 (approxQuantile at NativeMethodAccessorImpl.java:0)
[2026-01-29T19:36:49.746+0530] {subprocess.py:106} INFO - 26/01/29 19:36:49 INFO DAGScheduler: Parents of final stage: List()
[2026-01-29T19:36:49.747+0530] {subprocess.py:106} INFO - 26/01/29 19:36:49 INFO DAGScheduler: Missing parents: List()
[2026-01-29T19:36:49.748+0530] {subprocess.py:106} INFO - 26/01/29 19:36:49 INFO DAGScheduler: Submitting ResultStage 12 (MapPartitionsRDD[42] at approxQuantile at NativeMethodAccessorImpl.java:0), which has no missing parents
[2026-01-29T19:36:49.752+0530] {subprocess.py:106} INFO - 26/01/29 19:36:49 INFO MemoryStore: Block broadcast_16 stored as values in memory (estimated size 20.0 KiB, free 364.6 MiB)
[2026-01-29T19:36:49.753+0530] {subprocess.py:106} INFO - 26/01/29 19:36:49 INFO MemoryStore: Block broadcast_16_piece0 stored as bytes in memory (estimated size 9.5 KiB, free 364.6 MiB)
[2026-01-29T19:36:49.754+0530] {subprocess.py:106} INFO - 26/01/29 19:36:49 INFO BlockManagerInfo: Added broadcast_16_piece0 in memory on Aishwarya92848DBDA:38109 (size: 9.5 KiB, free: 366.1 MiB)
[2026-01-29T19:36:49.755+0530] {subprocess.py:106} INFO - 26/01/29 19:36:49 INFO SparkContext: Created broadcast 16 from broadcast at DAGScheduler.scala:1585
[2026-01-29T19:36:49.755+0530] {subprocess.py:106} INFO - 26/01/29 19:36:49 INFO DAGScheduler: Submitting 1 missing tasks from ResultStage 12 (MapPartitionsRDD[42] at approxQuantile at NativeMethodAccessorImpl.java:0) (first 15 tasks are for partitions Vector(0))
[2026-01-29T19:36:49.756+0530] {subprocess.py:106} INFO - 26/01/29 19:36:49 INFO TaskSchedulerImpl: Adding task set 12.0 with 1 tasks resource profile 0
[2026-01-29T19:36:49.757+0530] {subprocess.py:106} INFO - 26/01/29 19:36:49 INFO TaskSetManager: Starting task 0.0 in stage 12.0 (TID 9) (Aishwarya92848DBDA, executor driver, partition 0, NODE_LOCAL, 8241 bytes)
[2026-01-29T19:36:49.757+0530] {subprocess.py:106} INFO - 26/01/29 19:36:49 INFO Executor: Running task 0.0 in stage 12.0 (TID 9)
[2026-01-29T19:36:49.762+0530] {subprocess.py:106} INFO - 26/01/29 19:36:49 INFO FileScanRDD: Reading File path: hdfs://localhost:9000/weather/data/raw_data/weather_dataset.csv, range: 0-1642, partition values: [empty row]
[2026-01-29T19:36:49.774+0530] {subprocess.py:106} INFO - 26/01/29 19:36:49 INFO Executor: Finished task 0.0 in stage 12.0 (TID 9). 2698 bytes result sent to driver
[2026-01-29T19:36:49.776+0530] {subprocess.py:106} INFO - 26/01/29 19:36:49 INFO TaskSetManager: Finished task 0.0 in stage 12.0 (TID 9) in 19 ms on Aishwarya92848DBDA (executor driver) (1/1)
[2026-01-29T19:36:49.776+0530] {subprocess.py:106} INFO - 26/01/29 19:36:49 INFO TaskSchedulerImpl: Removed TaskSet 12.0, whose tasks have all completed, from pool
[2026-01-29T19:36:49.777+0530] {subprocess.py:106} INFO - 26/01/29 19:36:49 INFO DAGScheduler: ResultStage 12 (approxQuantile at NativeMethodAccessorImpl.java:0) finished in 0.027 s
[2026-01-29T19:36:49.777+0530] {subprocess.py:106} INFO - 26/01/29 19:36:49 INFO DAGScheduler: Job 9 is finished. Cancelling potential speculative or zombie tasks for this job
[2026-01-29T19:36:49.777+0530] {subprocess.py:106} INFO - 26/01/29 19:36:49 INFO TaskSchedulerImpl: Killing all running tasks in stage 12: Stage finished
[2026-01-29T19:36:49.778+0530] {subprocess.py:106} INFO - 26/01/29 19:36:49 INFO DAGScheduler: Job 9 finished: approxQuantile at NativeMethodAccessorImpl.java:0, took 0.033232 s
[2026-01-29T19:36:49.867+0530] {subprocess.py:106} INFO - 26/01/29 19:36:49 INFO FileSourceStrategy: Pushed Filters: Or(LessThan(temperature_2m_min,4.549999999999999),GreaterThan(temperature_2m_min,27.35))
[2026-01-29T19:36:49.867+0530] {subprocess.py:106} INFO - 26/01/29 19:36:49 INFO FileSourceStrategy: Post-Scan Filters: ((temperature_2m_min#20 < 4.549999999999999) OR (temperature_2m_min#20 > 27.35))
[2026-01-29T19:36:49.890+0530] {subprocess.py:106} INFO - 26/01/29 19:36:49 INFO CodeGenerator: Code generated in 8.901785 ms
[2026-01-29T19:36:49.892+0530] {subprocess.py:106} INFO - 26/01/29 19:36:49 INFO MemoryStore: Block broadcast_17 stored as values in memory (estimated size 350.2 KiB, free 364.3 MiB)
[2026-01-29T19:36:49.898+0530] {subprocess.py:106} INFO - 26/01/29 19:36:49 INFO MemoryStore: Block broadcast_17_piece0 stored as bytes in memory (estimated size 34.3 KiB, free 364.2 MiB)
[2026-01-29T19:36:49.899+0530] {subprocess.py:106} INFO - 26/01/29 19:36:49 INFO BlockManagerInfo: Added broadcast_17_piece0 in memory on Aishwarya92848DBDA:38109 (size: 34.3 KiB, free: 366.1 MiB)
[2026-01-29T19:36:49.900+0530] {subprocess.py:106} INFO - 26/01/29 19:36:49 INFO SparkContext: Created broadcast 17 from count at NativeMethodAccessorImpl.java:0
[2026-01-29T19:36:49.901+0530] {subprocess.py:106} INFO - 26/01/29 19:36:49 INFO FileSourceScanExec: Planning scan with bin packing, max size: 4194304 bytes, open cost is considered as scanning 4194304 bytes.
[2026-01-29T19:36:49.905+0530] {subprocess.py:106} INFO - 26/01/29 19:36:49 INFO DAGScheduler: Registering RDD 46 (count at NativeMethodAccessorImpl.java:0) as input to shuffle 3
[2026-01-29T19:36:49.905+0530] {subprocess.py:106} INFO - 26/01/29 19:36:49 INFO DAGScheduler: Got map stage job 10 (count at NativeMethodAccessorImpl.java:0) with 1 output partitions
[2026-01-29T19:36:49.906+0530] {subprocess.py:106} INFO - 26/01/29 19:36:49 INFO DAGScheduler: Final stage: ShuffleMapStage 13 (count at NativeMethodAccessorImpl.java:0)
[2026-01-29T19:36:49.906+0530] {subprocess.py:106} INFO - 26/01/29 19:36:49 INFO DAGScheduler: Parents of final stage: List()
[2026-01-29T19:36:49.906+0530] {subprocess.py:106} INFO - 26/01/29 19:36:49 INFO DAGScheduler: Missing parents: List()
[2026-01-29T19:36:49.907+0530] {subprocess.py:106} INFO - 26/01/29 19:36:49 INFO DAGScheduler: Submitting ShuffleMapStage 13 (MapPartitionsRDD[46] at count at NativeMethodAccessorImpl.java:0), which has no missing parents
[2026-01-29T19:36:49.909+0530] {subprocess.py:106} INFO - 26/01/29 19:36:49 INFO MemoryStore: Block broadcast_18 stored as values in memory (estimated size 20.0 KiB, free 364.2 MiB)
[2026-01-29T19:36:49.911+0530] {subprocess.py:106} INFO - 26/01/29 19:36:49 INFO MemoryStore: Block broadcast_18_piece0 stored as bytes in memory (estimated size 9.7 KiB, free 364.2 MiB)
[2026-01-29T19:36:49.911+0530] {subprocess.py:106} INFO - 26/01/29 19:36:49 INFO BlockManagerInfo: Added broadcast_18_piece0 in memory on Aishwarya92848DBDA:38109 (size: 9.7 KiB, free: 366.1 MiB)
[2026-01-29T19:36:49.912+0530] {subprocess.py:106} INFO - 26/01/29 19:36:49 INFO SparkContext: Created broadcast 18 from broadcast at DAGScheduler.scala:1585
[2026-01-29T19:36:49.913+0530] {subprocess.py:106} INFO - 26/01/29 19:36:49 INFO DAGScheduler: Submitting 1 missing tasks from ShuffleMapStage 13 (MapPartitionsRDD[46] at count at NativeMethodAccessorImpl.java:0) (first 15 tasks are for partitions Vector(0))
[2026-01-29T19:36:49.913+0530] {subprocess.py:106} INFO - 26/01/29 19:36:49 INFO TaskSchedulerImpl: Adding task set 13.0 with 1 tasks resource profile 0
[2026-01-29T19:36:49.914+0530] {subprocess.py:106} INFO - 26/01/29 19:36:49 INFO TaskSetManager: Starting task 0.0 in stage 13.0 (TID 10) (Aishwarya92848DBDA, executor driver, partition 0, NODE_LOCAL, 8230 bytes)
[2026-01-29T19:36:49.915+0530] {subprocess.py:106} INFO - 26/01/29 19:36:49 INFO Executor: Running task 0.0 in stage 13.0 (TID 10)
[2026-01-29T19:36:49.929+0530] {subprocess.py:106} INFO - 26/01/29 19:36:49 INFO CodeGenerator: Code generated in 10.832534 ms
[2026-01-29T19:36:49.931+0530] {subprocess.py:106} INFO - 26/01/29 19:36:49 INFO FileScanRDD: Reading File path: hdfs://localhost:9000/weather/data/raw_data/weather_dataset.csv, range: 0-1642, partition values: [empty row]
[2026-01-29T19:36:49.942+0530] {subprocess.py:106} INFO - 26/01/29 19:36:49 INFO CodeGenerator: Code generated in 7.748215 ms
[2026-01-29T19:36:49.954+0530] {subprocess.py:106} INFO - 26/01/29 19:36:49 INFO Executor: Finished task 0.0 in stage 13.0 (TID 10). 1990 bytes result sent to driver
[2026-01-29T19:36:49.955+0530] {subprocess.py:106} INFO - 26/01/29 19:36:49 INFO TaskSetManager: Finished task 0.0 in stage 13.0 (TID 10) in 41 ms on Aishwarya92848DBDA (executor driver) (1/1)
[2026-01-29T19:36:49.956+0530] {subprocess.py:106} INFO - 26/01/29 19:36:49 INFO TaskSchedulerImpl: Removed TaskSet 13.0, whose tasks have all completed, from pool
[2026-01-29T19:36:49.956+0530] {subprocess.py:106} INFO - 26/01/29 19:36:49 INFO DAGScheduler: ShuffleMapStage 13 (count at NativeMethodAccessorImpl.java:0) finished in 0.049 s
[2026-01-29T19:36:49.956+0530] {subprocess.py:106} INFO - 26/01/29 19:36:49 INFO DAGScheduler: looking for newly runnable stages
[2026-01-29T19:36:49.957+0530] {subprocess.py:106} INFO - 26/01/29 19:36:49 INFO DAGScheduler: running: Set()
[2026-01-29T19:36:49.957+0530] {subprocess.py:106} INFO - 26/01/29 19:36:49 INFO DAGScheduler: waiting: Set()
[2026-01-29T19:36:49.957+0530] {subprocess.py:106} INFO - 26/01/29 19:36:49 INFO DAGScheduler: failed: Set()
[2026-01-29T19:36:49.976+0530] {subprocess.py:106} INFO - 26/01/29 19:36:49 INFO SparkContext: Starting job: count at NativeMethodAccessorImpl.java:0
[2026-01-29T19:36:49.978+0530] {subprocess.py:106} INFO - 26/01/29 19:36:49 INFO DAGScheduler: Got job 11 (count at NativeMethodAccessorImpl.java:0) with 1 output partitions
[2026-01-29T19:36:49.978+0530] {subprocess.py:106} INFO - 26/01/29 19:36:49 INFO DAGScheduler: Final stage: ResultStage 15 (count at NativeMethodAccessorImpl.java:0)
[2026-01-29T19:36:49.978+0530] {subprocess.py:106} INFO - 26/01/29 19:36:49 INFO DAGScheduler: Parents of final stage: List(ShuffleMapStage 14)
[2026-01-29T19:36:49.978+0530] {subprocess.py:106} INFO - 26/01/29 19:36:49 INFO DAGScheduler: Missing parents: List()
[2026-01-29T19:36:49.978+0530] {subprocess.py:106} INFO - 26/01/29 19:36:49 INFO DAGScheduler: Submitting ResultStage 15 (MapPartitionsRDD[49] at count at NativeMethodAccessorImpl.java:0), which has no missing parents
[2026-01-29T19:36:49.981+0530] {subprocess.py:106} INFO - 26/01/29 19:36:49 INFO MemoryStore: Block broadcast_19 stored as values in memory (estimated size 12.5 KiB, free 364.2 MiB)
[2026-01-29T19:36:49.982+0530] {subprocess.py:106} INFO - 26/01/29 19:36:49 INFO MemoryStore: Block broadcast_19_piece0 stored as bytes in memory (estimated size 5.9 KiB, free 364.2 MiB)
[2026-01-29T19:36:49.983+0530] {subprocess.py:106} INFO - 26/01/29 19:36:49 INFO BlockManagerInfo: Added broadcast_19_piece0 in memory on Aishwarya92848DBDA:38109 (size: 5.9 KiB, free: 366.1 MiB)
[2026-01-29T19:36:49.984+0530] {subprocess.py:106} INFO - 26/01/29 19:36:49 INFO SparkContext: Created broadcast 19 from broadcast at DAGScheduler.scala:1585
[2026-01-29T19:36:49.984+0530] {subprocess.py:106} INFO - 26/01/29 19:36:49 INFO DAGScheduler: Submitting 1 missing tasks from ResultStage 15 (MapPartitionsRDD[49] at count at NativeMethodAccessorImpl.java:0) (first 15 tasks are for partitions Vector(0))
[2026-01-29T19:36:49.985+0530] {subprocess.py:106} INFO - 26/01/29 19:36:49 INFO TaskSchedulerImpl: Adding task set 15.0 with 1 tasks resource profile 0
[2026-01-29T19:36:49.986+0530] {subprocess.py:106} INFO - 26/01/29 19:36:49 INFO TaskSetManager: Starting task 0.0 in stage 15.0 (TID 11) (Aishwarya92848DBDA, executor driver, partition 0, NODE_LOCAL, 7615 bytes)
[2026-01-29T19:36:49.986+0530] {subprocess.py:106} INFO - 26/01/29 19:36:49 INFO Executor: Running task 0.0 in stage 15.0 (TID 11)
[2026-01-29T19:36:49.990+0530] {subprocess.py:106} INFO - 26/01/29 19:36:49 INFO ShuffleBlockFetcherIterator: Getting 1 (60.0 B) non-empty blocks including 1 (60.0 B) local and 0 (0.0 B) host-local and 0 (0.0 B) push-merged-local and 0 (0.0 B) remote blocks
[2026-01-29T19:36:49.991+0530] {subprocess.py:106} INFO - 26/01/29 19:36:49 INFO ShuffleBlockFetcherIterator: Started 0 remote fetches in 0 ms
[2026-01-29T19:36:49.993+0530] {subprocess.py:106} INFO - 26/01/29 19:36:49 INFO Executor: Finished task 0.0 in stage 15.0 (TID 11). 3988 bytes result sent to driver
[2026-01-29T19:36:49.994+0530] {subprocess.py:106} INFO - 26/01/29 19:36:49 INFO TaskSetManager: Finished task 0.0 in stage 15.0 (TID 11) in 9 ms on Aishwarya92848DBDA (executor driver) (1/1)
[2026-01-29T19:36:49.995+0530] {subprocess.py:106} INFO - 26/01/29 19:36:49 INFO TaskSchedulerImpl: Removed TaskSet 15.0, whose tasks have all completed, from pool
[2026-01-29T19:36:49.995+0530] {subprocess.py:106} INFO - 26/01/29 19:36:49 INFO DAGScheduler: ResultStage 15 (count at NativeMethodAccessorImpl.java:0) finished in 0.016 s
[2026-01-29T19:36:49.996+0530] {subprocess.py:106} INFO - 26/01/29 19:36:49 INFO DAGScheduler: Job 11 is finished. Cancelling potential speculative or zombie tasks for this job
[2026-01-29T19:36:49.996+0530] {subprocess.py:106} INFO - 26/01/29 19:36:49 INFO TaskSchedulerImpl: Killing all running tasks in stage 15: Stage finished
[2026-01-29T19:36:49.996+0530] {subprocess.py:106} INFO - 26/01/29 19:36:49 INFO DAGScheduler: Job 11 finished: count at NativeMethodAccessorImpl.java:0, took 0.019649 s
[2026-01-29T19:36:49.998+0530] {subprocess.py:106} INFO - temperature_2m_min: Outliers = 0
[2026-01-29T19:36:50.032+0530] {subprocess.py:106} INFO - 26/01/29 19:36:50 INFO FileSourceStrategy: Pushed Filters:
[2026-01-29T19:36:50.033+0530] {subprocess.py:106} INFO - 26/01/29 19:36:50 INFO FileSourceStrategy: Post-Scan Filters:
[2026-01-29T19:36:50.037+0530] {subprocess.py:106} INFO - 26/01/29 19:36:50 INFO MemoryStore: Block broadcast_20 stored as values in memory (estimated size 350.2 KiB, free 363.8 MiB)
[2026-01-29T19:36:50.047+0530] {subprocess.py:106} INFO - 26/01/29 19:36:50 INFO MemoryStore: Block broadcast_20_piece0 stored as bytes in memory (estimated size 34.3 KiB, free 363.8 MiB)
[2026-01-29T19:36:50.048+0530] {subprocess.py:106} INFO - 26/01/29 19:36:50 INFO BlockManagerInfo: Added broadcast_20_piece0 in memory on Aishwarya92848DBDA:38109 (size: 34.3 KiB, free: 366.0 MiB)
[2026-01-29T19:36:50.049+0530] {subprocess.py:106} INFO - 26/01/29 19:36:50 INFO SparkContext: Created broadcast 20 from approxQuantile at NativeMethodAccessorImpl.java:0
[2026-01-29T19:36:50.050+0530] {subprocess.py:106} INFO - 26/01/29 19:36:50 INFO FileSourceScanExec: Planning scan with bin packing, max size: 4194304 bytes, open cost is considered as scanning 4194304 bytes.
[2026-01-29T19:36:50.081+0530] {subprocess.py:106} INFO - 26/01/29 19:36:50 INFO SparkContext: Starting job: approxQuantile at NativeMethodAccessorImpl.java:0
[2026-01-29T19:36:50.082+0530] {subprocess.py:106} INFO - 26/01/29 19:36:50 INFO DAGScheduler: Got job 12 (approxQuantile at NativeMethodAccessorImpl.java:0) with 1 output partitions
[2026-01-29T19:36:50.083+0530] {subprocess.py:106} INFO - 26/01/29 19:36:50 INFO DAGScheduler: Final stage: ResultStage 16 (approxQuantile at NativeMethodAccessorImpl.java:0)
[2026-01-29T19:36:50.084+0530] {subprocess.py:106} INFO - 26/01/29 19:36:50 INFO DAGScheduler: Parents of final stage: List()
[2026-01-29T19:36:50.084+0530] {subprocess.py:106} INFO - 26/01/29 19:36:50 INFO DAGScheduler: Missing parents: List()
[2026-01-29T19:36:50.085+0530] {subprocess.py:106} INFO - 26/01/29 19:36:50 INFO DAGScheduler: Submitting ResultStage 16 (MapPartitionsRDD[55] at approxQuantile at NativeMethodAccessorImpl.java:0), which has no missing parents
[2026-01-29T19:36:50.088+0530] {subprocess.py:106} INFO - 26/01/29 19:36:50 INFO MemoryStore: Block broadcast_21 stored as values in memory (estimated size 20.0 KiB, free 363.8 MiB)
[2026-01-29T19:36:50.105+0530] {subprocess.py:106} INFO - 26/01/29 19:36:50 INFO MemoryStore: Block broadcast_21_piece0 stored as bytes in memory (estimated size 9.5 KiB, free 363.8 MiB)
[2026-01-29T19:36:50.106+0530] {subprocess.py:106} INFO - 26/01/29 19:36:50 INFO BlockManagerInfo: Added broadcast_21_piece0 in memory on Aishwarya92848DBDA:38109 (size: 9.5 KiB, free: 366.0 MiB)
[2026-01-29T19:36:50.109+0530] {subprocess.py:106} INFO - 26/01/29 19:36:50 INFO SparkContext: Created broadcast 21 from broadcast at DAGScheduler.scala:1585
[2026-01-29T19:36:50.109+0530] {subprocess.py:106} INFO - 26/01/29 19:36:50 INFO DAGScheduler: Submitting 1 missing tasks from ResultStage 16 (MapPartitionsRDD[55] at approxQuantile at NativeMethodAccessorImpl.java:0) (first 15 tasks are for partitions Vector(0))
[2026-01-29T19:36:50.110+0530] {subprocess.py:106} INFO - 26/01/29 19:36:50 INFO TaskSchedulerImpl: Adding task set 16.0 with 1 tasks resource profile 0
[2026-01-29T19:36:50.111+0530] {subprocess.py:106} INFO - 26/01/29 19:36:50 INFO BlockManagerInfo: Removed broadcast_10_piece0 on Aishwarya92848DBDA:38109 in memory (size: 34.3 KiB, free: 366.0 MiB)
[2026-01-29T19:36:50.112+0530] {subprocess.py:106} INFO - 26/01/29 19:36:50 INFO TaskSetManager: Starting task 0.0 in stage 16.0 (TID 12) (Aishwarya92848DBDA, executor driver, partition 0, NODE_LOCAL, 8241 bytes)
[2026-01-29T19:36:50.112+0530] {subprocess.py:106} INFO - 26/01/29 19:36:50 INFO Executor: Running task 0.0 in stage 16.0 (TID 12)
[2026-01-29T19:36:50.116+0530] {subprocess.py:106} INFO - 26/01/29 19:36:50 INFO BlockManagerInfo: Removed broadcast_16_piece0 on Aishwarya92848DBDA:38109 in memory (size: 9.5 KiB, free: 366.1 MiB)
[2026-01-29T19:36:50.120+0530] {subprocess.py:106} INFO - 26/01/29 19:36:50 INFO FileScanRDD: Reading File path: hdfs://localhost:9000/weather/data/raw_data/weather_dataset.csv, range: 0-1642, partition values: [empty row]
[2026-01-29T19:36:50.121+0530] {subprocess.py:106} INFO - 26/01/29 19:36:50 INFO BlockManagerInfo: Removed broadcast_17_piece0 on Aishwarya92848DBDA:38109 in memory (size: 34.3 KiB, free: 366.1 MiB)
[2026-01-29T19:36:50.126+0530] {subprocess.py:106} INFO - 26/01/29 19:36:50 INFO BlockManagerInfo: Removed broadcast_19_piece0 on Aishwarya92848DBDA:38109 in memory (size: 5.9 KiB, free: 366.1 MiB)
[2026-01-29T19:36:50.130+0530] {subprocess.py:106} INFO - 26/01/29 19:36:50 INFO BlockManagerInfo: Removed broadcast_9_piece0 on Aishwarya92848DBDA:38109 in memory (size: 16.1 KiB, free: 366.1 MiB)
[2026-01-29T19:36:50.135+0530] {subprocess.py:106} INFO - 26/01/29 19:36:50 INFO BlockManagerInfo: Removed broadcast_12_piece0 on Aishwarya92848DBDA:38109 in memory (size: 34.3 KiB, free: 366.1 MiB)
[2026-01-29T19:36:50.136+0530] {subprocess.py:106} INFO - 26/01/29 19:36:50 INFO Executor: Finished task 0.0 in stage 16.0 (TID 12). 2698 bytes result sent to driver
[2026-01-29T19:36:50.137+0530] {subprocess.py:106} INFO - 26/01/29 19:36:50 INFO TaskSetManager: Finished task 0.0 in stage 16.0 (TID 12) in 26 ms on Aishwarya92848DBDA (executor driver) (1/1)
[2026-01-29T19:36:50.138+0530] {subprocess.py:106} INFO - 26/01/29 19:36:50 INFO TaskSchedulerImpl: Removed TaskSet 16.0, whose tasks have all completed, from pool
[2026-01-29T19:36:50.138+0530] {subprocess.py:106} INFO - 26/01/29 19:36:50 INFO DAGScheduler: ResultStage 16 (approxQuantile at NativeMethodAccessorImpl.java:0) finished in 0.054 s
[2026-01-29T19:36:50.138+0530] {subprocess.py:106} INFO - 26/01/29 19:36:50 INFO DAGScheduler: Job 12 is finished. Cancelling potential speculative or zombie tasks for this job
[2026-01-29T19:36:50.139+0530] {subprocess.py:106} INFO - 26/01/29 19:36:50 INFO TaskSchedulerImpl: Killing all running tasks in stage 16: Stage finished
[2026-01-29T19:36:50.139+0530] {subprocess.py:106} INFO - 26/01/29 19:36:50 INFO DAGScheduler: Job 12 finished: approxQuantile at NativeMethodAccessorImpl.java:0, took 0.057658 s
[2026-01-29T19:36:50.142+0530] {subprocess.py:106} INFO - 26/01/29 19:36:50 INFO BlockManagerInfo: Removed broadcast_13_piece0 on Aishwarya92848DBDA:38109 in memory (size: 9.7 KiB, free: 366.2 MiB)
[2026-01-29T19:36:50.146+0530] {subprocess.py:106} INFO - 26/01/29 19:36:50 INFO BlockManagerInfo: Removed broadcast_18_piece0 on Aishwarya92848DBDA:38109 in memory (size: 9.7 KiB, free: 366.2 MiB)
[2026-01-29T19:36:50.151+0530] {subprocess.py:106} INFO - 26/01/29 19:36:50 INFO BlockManagerInfo: Removed broadcast_7_piece0 on Aishwarya92848DBDA:38109 in memory (size: 34.3 KiB, free: 366.2 MiB)
[2026-01-29T19:36:50.155+0530] {subprocess.py:106} INFO - 26/01/29 19:36:50 INFO BlockManagerInfo: Removed broadcast_14_piece0 on Aishwarya92848DBDA:38109 in memory (size: 5.9 KiB, free: 366.2 MiB)
[2026-01-29T19:36:50.160+0530] {subprocess.py:106} INFO - 26/01/29 19:36:50 INFO BlockManagerInfo: Removed broadcast_15_piece0 on Aishwarya92848DBDA:38109 in memory (size: 34.3 KiB, free: 366.2 MiB)
[2026-01-29T19:36:50.163+0530] {subprocess.py:106} INFO - 26/01/29 19:36:50 INFO BlockManagerInfo: Removed broadcast_8_piece0 on Aishwarya92848DBDA:38109 in memory (size: 13.8 KiB, free: 366.2 MiB)
[2026-01-29T19:36:50.168+0530] {subprocess.py:106} INFO - 26/01/29 19:36:50 INFO BlockManagerInfo: Removed broadcast_11_piece0 on Aishwarya92848DBDA:38109 in memory (size: 9.5 KiB, free: 366.3 MiB)
[2026-01-29T19:36:50.257+0530] {subprocess.py:106} INFO - 26/01/29 19:36:50 INFO FileSourceStrategy: Pushed Filters: Or(LessThan(apparent_temperature_max,7.200000000000001),GreaterThan(apparent_temperature_max,44.0))
[2026-01-29T19:36:50.257+0530] {subprocess.py:106} INFO - 26/01/29 19:36:50 INFO FileSourceStrategy: Post-Scan Filters: ((apparent_temperature_max#21 < 7.200000000000001) OR (apparent_temperature_max#21 > 44.0))
[2026-01-29T19:36:50.283+0530] {subprocess.py:106} INFO - 26/01/29 19:36:50 INFO CodeGenerator: Code generated in 10.781196 ms
[2026-01-29T19:36:50.286+0530] {subprocess.py:106} INFO - 26/01/29 19:36:50 INFO MemoryStore: Block broadcast_22 stored as values in memory (estimated size 350.2 KiB, free 365.6 MiB)
[2026-01-29T19:36:50.292+0530] {subprocess.py:106} INFO - 26/01/29 19:36:50 INFO MemoryStore: Block broadcast_22_piece0 stored as bytes in memory (estimated size 34.3 KiB, free 365.5 MiB)
[2026-01-29T19:36:50.293+0530] {subprocess.py:106} INFO - 26/01/29 19:36:50 INFO BlockManagerInfo: Added broadcast_22_piece0 in memory on Aishwarya92848DBDA:38109 (size: 34.3 KiB, free: 366.2 MiB)
[2026-01-29T19:36:50.293+0530] {subprocess.py:106} INFO - 26/01/29 19:36:50 INFO SparkContext: Created broadcast 22 from count at NativeMethodAccessorImpl.java:0
[2026-01-29T19:36:50.295+0530] {subprocess.py:106} INFO - 26/01/29 19:36:50 INFO FileSourceScanExec: Planning scan with bin packing, max size: 4194304 bytes, open cost is considered as scanning 4194304 bytes.
[2026-01-29T19:36:50.300+0530] {subprocess.py:106} INFO - 26/01/29 19:36:50 INFO DAGScheduler: Registering RDD 59 (count at NativeMethodAccessorImpl.java:0) as input to shuffle 4
[2026-01-29T19:36:50.300+0530] {subprocess.py:106} INFO - 26/01/29 19:36:50 INFO DAGScheduler: Got map stage job 13 (count at NativeMethodAccessorImpl.java:0) with 1 output partitions
[2026-01-29T19:36:50.301+0530] {subprocess.py:106} INFO - 26/01/29 19:36:50 INFO DAGScheduler: Final stage: ShuffleMapStage 17 (count at NativeMethodAccessorImpl.java:0)
[2026-01-29T19:36:50.301+0530] {subprocess.py:106} INFO - 26/01/29 19:36:50 INFO DAGScheduler: Parents of final stage: List()
[2026-01-29T19:36:50.301+0530] {subprocess.py:106} INFO - 26/01/29 19:36:50 INFO DAGScheduler: Missing parents: List()
[2026-01-29T19:36:50.301+0530] {subprocess.py:106} INFO - 26/01/29 19:36:50 INFO DAGScheduler: Submitting ShuffleMapStage 17 (MapPartitionsRDD[59] at count at NativeMethodAccessorImpl.java:0), which has no missing parents
[2026-01-29T19:36:50.303+0530] {subprocess.py:106} INFO - 26/01/29 19:36:50 INFO MemoryStore: Block broadcast_23 stored as values in memory (estimated size 20.0 KiB, free 365.5 MiB)
[2026-01-29T19:36:50.305+0530] {subprocess.py:106} INFO - 26/01/29 19:36:50 INFO MemoryStore: Block broadcast_23_piece0 stored as bytes in memory (estimated size 9.7 KiB, free 365.5 MiB)
[2026-01-29T19:36:50.305+0530] {subprocess.py:106} INFO - 26/01/29 19:36:50 INFO BlockManagerInfo: Added broadcast_23_piece0 in memory on Aishwarya92848DBDA:38109 (size: 9.7 KiB, free: 366.2 MiB)
[2026-01-29T19:36:50.306+0530] {subprocess.py:106} INFO - 26/01/29 19:36:50 INFO SparkContext: Created broadcast 23 from broadcast at DAGScheduler.scala:1585
[2026-01-29T19:36:50.306+0530] {subprocess.py:106} INFO - 26/01/29 19:36:50 INFO DAGScheduler: Submitting 1 missing tasks from ShuffleMapStage 17 (MapPartitionsRDD[59] at count at NativeMethodAccessorImpl.java:0) (first 15 tasks are for partitions Vector(0))
[2026-01-29T19:36:50.306+0530] {subprocess.py:106} INFO - 26/01/29 19:36:50 INFO TaskSchedulerImpl: Adding task set 17.0 with 1 tasks resource profile 0
[2026-01-29T19:36:50.307+0530] {subprocess.py:106} INFO - 26/01/29 19:36:50 INFO TaskSetManager: Starting task 0.0 in stage 17.0 (TID 13) (Aishwarya92848DBDA, executor driver, partition 0, NODE_LOCAL, 8230 bytes)
[2026-01-29T19:36:50.308+0530] {subprocess.py:106} INFO - 26/01/29 19:36:50 INFO Executor: Running task 0.0 in stage 17.0 (TID 13)
[2026-01-29T19:36:50.320+0530] {subprocess.py:106} INFO - 26/01/29 19:36:50 INFO CodeGenerator: Code generated in 9.062392 ms
[2026-01-29T19:36:50.322+0530] {subprocess.py:106} INFO - 26/01/29 19:36:50 INFO FileScanRDD: Reading File path: hdfs://localhost:9000/weather/data/raw_data/weather_dataset.csv, range: 0-1642, partition values: [empty row]
[2026-01-29T19:36:50.333+0530] {subprocess.py:106} INFO - 26/01/29 19:36:50 INFO CodeGenerator: Code generated in 8.355328 ms
[2026-01-29T19:36:50.343+0530] {subprocess.py:106} INFO - 26/01/29 19:36:50 INFO Executor: Finished task 0.0 in stage 17.0 (TID 13). 1990 bytes result sent to driver
[2026-01-29T19:36:50.344+0530] {subprocess.py:106} INFO - 26/01/29 19:36:50 INFO TaskSetManager: Finished task 0.0 in stage 17.0 (TID 13) in 36 ms on Aishwarya92848DBDA (executor driver) (1/1)
[2026-01-29T19:36:50.344+0530] {subprocess.py:106} INFO - 26/01/29 19:36:50 INFO TaskSchedulerImpl: Removed TaskSet 17.0, whose tasks have all completed, from pool
[2026-01-29T19:36:50.345+0530] {subprocess.py:106} INFO - 26/01/29 19:36:50 INFO DAGScheduler: ShuffleMapStage 17 (count at NativeMethodAccessorImpl.java:0) finished in 0.043 s
[2026-01-29T19:36:50.345+0530] {subprocess.py:106} INFO - 26/01/29 19:36:50 INFO DAGScheduler: looking for newly runnable stages
[2026-01-29T19:36:50.345+0530] {subprocess.py:106} INFO - 26/01/29 19:36:50 INFO DAGScheduler: running: Set()
[2026-01-29T19:36:50.345+0530] {subprocess.py:106} INFO - 26/01/29 19:36:50 INFO DAGScheduler: waiting: Set()
[2026-01-29T19:36:50.345+0530] {subprocess.py:106} INFO - 26/01/29 19:36:50 INFO DAGScheduler: failed: Set()
[2026-01-29T19:36:50.365+0530] {subprocess.py:106} INFO - 26/01/29 19:36:50 INFO SparkContext: Starting job: count at NativeMethodAccessorImpl.java:0
[2026-01-29T19:36:50.366+0530] {subprocess.py:106} INFO - 26/01/29 19:36:50 INFO DAGScheduler: Got job 14 (count at NativeMethodAccessorImpl.java:0) with 1 output partitions
[2026-01-29T19:36:50.366+0530] {subprocess.py:106} INFO - 26/01/29 19:36:50 INFO DAGScheduler: Final stage: ResultStage 19 (count at NativeMethodAccessorImpl.java:0)
[2026-01-29T19:36:50.367+0530] {subprocess.py:106} INFO - 26/01/29 19:36:50 INFO DAGScheduler: Parents of final stage: List(ShuffleMapStage 18)
[2026-01-29T19:36:50.367+0530] {subprocess.py:106} INFO - 26/01/29 19:36:50 INFO DAGScheduler: Missing parents: List()
[2026-01-29T19:36:50.367+0530] {subprocess.py:106} INFO - 26/01/29 19:36:50 INFO DAGScheduler: Submitting ResultStage 19 (MapPartitionsRDD[62] at count at NativeMethodAccessorImpl.java:0), which has no missing parents
[2026-01-29T19:36:50.369+0530] {subprocess.py:106} INFO - 26/01/29 19:36:50 INFO MemoryStore: Block broadcast_24 stored as values in memory (estimated size 12.5 KiB, free 365.5 MiB)
[2026-01-29T19:36:50.371+0530] {subprocess.py:106} INFO - 26/01/29 19:36:50 INFO MemoryStore: Block broadcast_24_piece0 stored as bytes in memory (estimated size 5.9 KiB, free 365.5 MiB)
[2026-01-29T19:36:50.372+0530] {subprocess.py:106} INFO - 26/01/29 19:36:50 INFO BlockManagerInfo: Added broadcast_24_piece0 in memory on Aishwarya92848DBDA:38109 (size: 5.9 KiB, free: 366.2 MiB)
[2026-01-29T19:36:50.372+0530] {subprocess.py:106} INFO - 26/01/29 19:36:50 INFO SparkContext: Created broadcast 24 from broadcast at DAGScheduler.scala:1585
[2026-01-29T19:36:50.373+0530] {subprocess.py:106} INFO - 26/01/29 19:36:50 INFO DAGScheduler: Submitting 1 missing tasks from ResultStage 19 (MapPartitionsRDD[62] at count at NativeMethodAccessorImpl.java:0) (first 15 tasks are for partitions Vector(0))
[2026-01-29T19:36:50.373+0530] {subprocess.py:106} INFO - 26/01/29 19:36:50 INFO TaskSchedulerImpl: Adding task set 19.0 with 1 tasks resource profile 0
[2026-01-29T19:36:50.375+0530] {subprocess.py:106} INFO - 26/01/29 19:36:50 INFO TaskSetManager: Starting task 0.0 in stage 19.0 (TID 14) (Aishwarya92848DBDA, executor driver, partition 0, NODE_LOCAL, 7615 bytes)
[2026-01-29T19:36:50.375+0530] {subprocess.py:106} INFO - 26/01/29 19:36:50 INFO Executor: Running task 0.0 in stage 19.0 (TID 14)
[2026-01-29T19:36:50.378+0530] {subprocess.py:106} INFO - 26/01/29 19:36:50 INFO ShuffleBlockFetcherIterator: Getting 1 (60.0 B) non-empty blocks including 1 (60.0 B) local and 0 (0.0 B) host-local and 0 (0.0 B) push-merged-local and 0 (0.0 B) remote blocks
[2026-01-29T19:36:50.379+0530] {subprocess.py:106} INFO - 26/01/29 19:36:50 INFO ShuffleBlockFetcherIterator: Started 0 remote fetches in 0 ms
[2026-01-29T19:36:50.381+0530] {subprocess.py:106} INFO - 26/01/29 19:36:50 INFO Executor: Finished task 0.0 in stage 19.0 (TID 14). 3988 bytes result sent to driver
[2026-01-29T19:36:50.382+0530] {subprocess.py:106} INFO - 26/01/29 19:36:50 INFO TaskSetManager: Finished task 0.0 in stage 19.0 (TID 14) in 8 ms on Aishwarya92848DBDA (executor driver) (1/1)
[2026-01-29T19:36:50.383+0530] {subprocess.py:106} INFO - 26/01/29 19:36:50 INFO TaskSchedulerImpl: Removed TaskSet 19.0, whose tasks have all completed, from pool
[2026-01-29T19:36:50.384+0530] {subprocess.py:106} INFO - 26/01/29 19:36:50 INFO DAGScheduler: ResultStage 19 (count at NativeMethodAccessorImpl.java:0) finished in 0.015 s
[2026-01-29T19:36:50.384+0530] {subprocess.py:106} INFO - 26/01/29 19:36:50 INFO DAGScheduler: Job 14 is finished. Cancelling potential speculative or zombie tasks for this job
[2026-01-29T19:36:50.384+0530] {subprocess.py:106} INFO - 26/01/29 19:36:50 INFO TaskSchedulerImpl: Killing all running tasks in stage 19: Stage finished
[2026-01-29T19:36:50.385+0530] {subprocess.py:106} INFO - 26/01/29 19:36:50 INFO DAGScheduler: Job 14 finished: count at NativeMethodAccessorImpl.java:0, took 0.019563 s
[2026-01-29T19:36:50.386+0530] {subprocess.py:106} INFO - apparent_temperature_max: Outliers = 0
[2026-01-29T19:36:50.420+0530] {subprocess.py:106} INFO - 26/01/29 19:36:50 INFO FileSourceStrategy: Pushed Filters:
[2026-01-29T19:36:50.420+0530] {subprocess.py:106} INFO - 26/01/29 19:36:50 INFO FileSourceStrategy: Post-Scan Filters:
[2026-01-29T19:36:50.424+0530] {subprocess.py:106} INFO - 26/01/29 19:36:50 INFO MemoryStore: Block broadcast_25 stored as values in memory (estimated size 350.2 KiB, free 365.1 MiB)
[2026-01-29T19:36:50.433+0530] {subprocess.py:106} INFO - 26/01/29 19:36:50 INFO MemoryStore: Block broadcast_25_piece0 stored as bytes in memory (estimated size 34.3 KiB, free 365.1 MiB)
[2026-01-29T19:36:50.434+0530] {subprocess.py:106} INFO - 26/01/29 19:36:50 INFO BlockManagerInfo: Added broadcast_25_piece0 in memory on Aishwarya92848DBDA:38109 (size: 34.3 KiB, free: 366.2 MiB)
[2026-01-29T19:36:50.434+0530] {subprocess.py:106} INFO - 26/01/29 19:36:50 INFO SparkContext: Created broadcast 25 from approxQuantile at NativeMethodAccessorImpl.java:0
[2026-01-29T19:36:50.435+0530] {subprocess.py:106} INFO - 26/01/29 19:36:50 INFO FileSourceScanExec: Planning scan with bin packing, max size: 4194304 bytes, open cost is considered as scanning 4194304 bytes.
[2026-01-29T19:36:50.446+0530] {subprocess.py:106} INFO - 26/01/29 19:36:50 INFO SparkContext: Starting job: approxQuantile at NativeMethodAccessorImpl.java:0
[2026-01-29T19:36:50.447+0530] {subprocess.py:106} INFO - 26/01/29 19:36:50 INFO DAGScheduler: Got job 15 (approxQuantile at NativeMethodAccessorImpl.java:0) with 1 output partitions
[2026-01-29T19:36:50.448+0530] {subprocess.py:106} INFO - 26/01/29 19:36:50 INFO DAGScheduler: Final stage: ResultStage 20 (approxQuantile at NativeMethodAccessorImpl.java:0)
[2026-01-29T19:36:50.448+0530] {subprocess.py:106} INFO - 26/01/29 19:36:50 INFO DAGScheduler: Parents of final stage: List()
[2026-01-29T19:36:50.448+0530] {subprocess.py:106} INFO - 26/01/29 19:36:50 INFO DAGScheduler: Missing parents: List()
[2026-01-29T19:36:50.448+0530] {subprocess.py:106} INFO - 26/01/29 19:36:50 INFO DAGScheduler: Submitting ResultStage 20 (MapPartitionsRDD[68] at approxQuantile at NativeMethodAccessorImpl.java:0), which has no missing parents
[2026-01-29T19:36:50.452+0530] {subprocess.py:106} INFO - 26/01/29 19:36:50 INFO MemoryStore: Block broadcast_26 stored as values in memory (estimated size 20.0 KiB, free 365.1 MiB)
[2026-01-29T19:36:50.454+0530] {subprocess.py:106} INFO - 26/01/29 19:36:50 INFO MemoryStore: Block broadcast_26_piece0 stored as bytes in memory (estimated size 9.5 KiB, free 365.1 MiB)
[2026-01-29T19:36:50.454+0530] {subprocess.py:106} INFO - 26/01/29 19:36:50 INFO BlockManagerInfo: Added broadcast_26_piece0 in memory on Aishwarya92848DBDA:38109 (size: 9.5 KiB, free: 366.2 MiB)
[2026-01-29T19:36:50.455+0530] {subprocess.py:106} INFO - 26/01/29 19:36:50 INFO SparkContext: Created broadcast 26 from broadcast at DAGScheduler.scala:1585
[2026-01-29T19:36:50.456+0530] {subprocess.py:106} INFO - 26/01/29 19:36:50 INFO DAGScheduler: Submitting 1 missing tasks from ResultStage 20 (MapPartitionsRDD[68] at approxQuantile at NativeMethodAccessorImpl.java:0) (first 15 tasks are for partitions Vector(0))
[2026-01-29T19:36:50.456+0530] {subprocess.py:106} INFO - 26/01/29 19:36:50 INFO TaskSchedulerImpl: Adding task set 20.0 with 1 tasks resource profile 0
[2026-01-29T19:36:50.457+0530] {subprocess.py:106} INFO - 26/01/29 19:36:50 INFO TaskSetManager: Starting task 0.0 in stage 20.0 (TID 15) (Aishwarya92848DBDA, executor driver, partition 0, NODE_LOCAL, 8241 bytes)
[2026-01-29T19:36:50.458+0530] {subprocess.py:106} INFO - 26/01/29 19:36:50 INFO Executor: Running task 0.0 in stage 20.0 (TID 15)
[2026-01-29T19:36:50.464+0530] {subprocess.py:106} INFO - 26/01/29 19:36:50 INFO FileScanRDD: Reading File path: hdfs://localhost:9000/weather/data/raw_data/weather_dataset.csv, range: 0-1642, partition values: [empty row]
[2026-01-29T19:36:50.474+0530] {subprocess.py:106} INFO - 26/01/29 19:36:50 INFO Executor: Finished task 0.0 in stage 20.0 (TID 15). 2698 bytes result sent to driver
[2026-01-29T19:36:50.476+0530] {subprocess.py:106} INFO - 26/01/29 19:36:50 INFO TaskSetManager: Finished task 0.0 in stage 20.0 (TID 15) in 19 ms on Aishwarya92848DBDA (executor driver) (1/1)
[2026-01-29T19:36:50.476+0530] {subprocess.py:106} INFO - 26/01/29 19:36:50 INFO TaskSchedulerImpl: Removed TaskSet 20.0, whose tasks have all completed, from pool
[2026-01-29T19:36:50.477+0530] {subprocess.py:106} INFO - 26/01/29 19:36:50 INFO DAGScheduler: ResultStage 20 (approxQuantile at NativeMethodAccessorImpl.java:0) finished in 0.027 s
[2026-01-29T19:36:50.477+0530] {subprocess.py:106} INFO - 26/01/29 19:36:50 INFO DAGScheduler: Job 15 is finished. Cancelling potential speculative or zombie tasks for this job
[2026-01-29T19:36:50.477+0530] {subprocess.py:106} INFO - 26/01/29 19:36:50 INFO TaskSchedulerImpl: Killing all running tasks in stage 20: Stage finished
[2026-01-29T19:36:50.478+0530] {subprocess.py:106} INFO - 26/01/29 19:36:50 INFO DAGScheduler: Job 15 finished: approxQuantile at NativeMethodAccessorImpl.java:0, took 0.031148 s
[2026-01-29T19:36:50.569+0530] {subprocess.py:106} INFO - 26/01/29 19:36:50 INFO FileSourceStrategy: Pushed Filters: Or(LessThan(apparent_temperature_min,-1.6999999999999993),GreaterThan(apparent_temperature_min,34.3))
[2026-01-29T19:36:50.570+0530] {subprocess.py:106} INFO - 26/01/29 19:36:50 INFO FileSourceStrategy: Post-Scan Filters: ((apparent_temperature_min#22 < -1.6999999999999993) OR (apparent_temperature_min#22 > 34.3))
[2026-01-29T19:36:50.597+0530] {subprocess.py:106} INFO - 26/01/29 19:36:50 INFO CodeGenerator: Code generated in 11.997977 ms
[2026-01-29T19:36:50.599+0530] {subprocess.py:106} INFO - 26/01/29 19:36:50 INFO MemoryStore: Block broadcast_27 stored as values in memory (estimated size 350.2 KiB, free 364.7 MiB)
[2026-01-29T19:36:50.606+0530] {subprocess.py:106} INFO - 26/01/29 19:36:50 INFO MemoryStore: Block broadcast_27_piece0 stored as bytes in memory (estimated size 34.3 KiB, free 364.7 MiB)
[2026-01-29T19:36:50.607+0530] {subprocess.py:106} INFO - 26/01/29 19:36:50 INFO BlockManagerInfo: Added broadcast_27_piece0 in memory on Aishwarya92848DBDA:38109 (size: 34.3 KiB, free: 366.1 MiB)
[2026-01-29T19:36:50.608+0530] {subprocess.py:106} INFO - 26/01/29 19:36:50 INFO SparkContext: Created broadcast 27 from count at NativeMethodAccessorImpl.java:0
[2026-01-29T19:36:50.610+0530] {subprocess.py:106} INFO - 26/01/29 19:36:50 INFO FileSourceScanExec: Planning scan with bin packing, max size: 4194304 bytes, open cost is considered as scanning 4194304 bytes.
[2026-01-29T19:36:50.615+0530] {subprocess.py:106} INFO - 26/01/29 19:36:50 INFO DAGScheduler: Registering RDD 72 (count at NativeMethodAccessorImpl.java:0) as input to shuffle 5
[2026-01-29T19:36:50.615+0530] {subprocess.py:106} INFO - 26/01/29 19:36:50 INFO DAGScheduler: Got map stage job 16 (count at NativeMethodAccessorImpl.java:0) with 1 output partitions
[2026-01-29T19:36:50.615+0530] {subprocess.py:106} INFO - 26/01/29 19:36:50 INFO DAGScheduler: Final stage: ShuffleMapStage 21 (count at NativeMethodAccessorImpl.java:0)
[2026-01-29T19:36:50.615+0530] {subprocess.py:106} INFO - 26/01/29 19:36:50 INFO DAGScheduler: Parents of final stage: List()
[2026-01-29T19:36:50.615+0530] {subprocess.py:106} INFO - 26/01/29 19:36:50 INFO DAGScheduler: Missing parents: List()
[2026-01-29T19:36:50.616+0530] {subprocess.py:106} INFO - 26/01/29 19:36:50 INFO DAGScheduler: Submitting ShuffleMapStage 21 (MapPartitionsRDD[72] at count at NativeMethodAccessorImpl.java:0), which has no missing parents
[2026-01-29T19:36:50.618+0530] {subprocess.py:106} INFO - 26/01/29 19:36:50 INFO MemoryStore: Block broadcast_28 stored as values in memory (estimated size 20.0 KiB, free 364.7 MiB)
[2026-01-29T19:36:50.620+0530] {subprocess.py:106} INFO - 26/01/29 19:36:50 INFO MemoryStore: Block broadcast_28_piece0 stored as bytes in memory (estimated size 9.7 KiB, free 364.7 MiB)
[2026-01-29T19:36:50.620+0530] {subprocess.py:106} INFO - 26/01/29 19:36:50 INFO BlockManagerInfo: Added broadcast_28_piece0 in memory on Aishwarya92848DBDA:38109 (size: 9.7 KiB, free: 366.1 MiB)
[2026-01-29T19:36:50.621+0530] {subprocess.py:106} INFO - 26/01/29 19:36:50 INFO SparkContext: Created broadcast 28 from broadcast at DAGScheduler.scala:1585
[2026-01-29T19:36:50.621+0530] {subprocess.py:106} INFO - 26/01/29 19:36:50 INFO DAGScheduler: Submitting 1 missing tasks from ShuffleMapStage 21 (MapPartitionsRDD[72] at count at NativeMethodAccessorImpl.java:0) (first 15 tasks are for partitions Vector(0))
[2026-01-29T19:36:50.621+0530] {subprocess.py:106} INFO - 26/01/29 19:36:50 INFO TaskSchedulerImpl: Adding task set 21.0 with 1 tasks resource profile 0
[2026-01-29T19:36:50.622+0530] {subprocess.py:106} INFO - 26/01/29 19:36:50 INFO TaskSetManager: Starting task 0.0 in stage 21.0 (TID 16) (Aishwarya92848DBDA, executor driver, partition 0, NODE_LOCAL, 8230 bytes)
[2026-01-29T19:36:50.623+0530] {subprocess.py:106} INFO - 26/01/29 19:36:50 INFO Executor: Running task 0.0 in stage 21.0 (TID 16)
[2026-01-29T19:36:50.638+0530] {subprocess.py:106} INFO - 26/01/29 19:36:50 INFO CodeGenerator: Code generated in 11.331179 ms
[2026-01-29T19:36:50.640+0530] {subprocess.py:106} INFO - 26/01/29 19:36:50 INFO FileScanRDD: Reading File path: hdfs://localhost:9000/weather/data/raw_data/weather_dataset.csv, range: 0-1642, partition values: [empty row]
[2026-01-29T19:36:50.651+0530] {subprocess.py:106} INFO - 26/01/29 19:36:50 INFO CodeGenerator: Code generated in 6.99943 ms
[2026-01-29T19:36:50.660+0530] {subprocess.py:106} INFO - 26/01/29 19:36:50 INFO Executor: Finished task 0.0 in stage 21.0 (TID 16). 1990 bytes result sent to driver
[2026-01-29T19:36:50.661+0530] {subprocess.py:106} INFO - 26/01/29 19:36:50 INFO TaskSetManager: Finished task 0.0 in stage 21.0 (TID 16) in 39 ms on Aishwarya92848DBDA (executor driver) (1/1)
[2026-01-29T19:36:50.662+0530] {subprocess.py:106} INFO - 26/01/29 19:36:50 INFO TaskSchedulerImpl: Removed TaskSet 21.0, whose tasks have all completed, from pool
[2026-01-29T19:36:50.662+0530] {subprocess.py:106} INFO - 26/01/29 19:36:50 INFO DAGScheduler: ShuffleMapStage 21 (count at NativeMethodAccessorImpl.java:0) finished in 0.046 s
[2026-01-29T19:36:50.662+0530] {subprocess.py:106} INFO - 26/01/29 19:36:50 INFO DAGScheduler: looking for newly runnable stages
[2026-01-29T19:36:50.663+0530] {subprocess.py:106} INFO - 26/01/29 19:36:50 INFO DAGScheduler: running: Set()
[2026-01-29T19:36:50.663+0530] {subprocess.py:106} INFO - 26/01/29 19:36:50 INFO DAGScheduler: waiting: Set()
[2026-01-29T19:36:50.663+0530] {subprocess.py:106} INFO - 26/01/29 19:36:50 INFO DAGScheduler: failed: Set()
[2026-01-29T19:36:50.677+0530] {subprocess.py:106} INFO - 26/01/29 19:36:50 INFO SparkContext: Starting job: count at NativeMethodAccessorImpl.java:0
[2026-01-29T19:36:50.678+0530] {subprocess.py:106} INFO - 26/01/29 19:36:50 INFO DAGScheduler: Got job 17 (count at NativeMethodAccessorImpl.java:0) with 1 output partitions
[2026-01-29T19:36:50.679+0530] {subprocess.py:106} INFO - 26/01/29 19:36:50 INFO DAGScheduler: Final stage: ResultStage 23 (count at NativeMethodAccessorImpl.java:0)
[2026-01-29T19:36:50.679+0530] {subprocess.py:106} INFO - 26/01/29 19:36:50 INFO DAGScheduler: Parents of final stage: List(ShuffleMapStage 22)
[2026-01-29T19:36:50.679+0530] {subprocess.py:106} INFO - 26/01/29 19:36:50 INFO DAGScheduler: Missing parents: List()
[2026-01-29T19:36:50.679+0530] {subprocess.py:106} INFO - 26/01/29 19:36:50 INFO DAGScheduler: Submitting ResultStage 23 (MapPartitionsRDD[75] at count at NativeMethodAccessorImpl.java:0), which has no missing parents
[2026-01-29T19:36:50.680+0530] {subprocess.py:106} INFO - 26/01/29 19:36:50 INFO MemoryStore: Block broadcast_29 stored as values in memory (estimated size 12.5 KiB, free 364.7 MiB)
[2026-01-29T19:36:50.682+0530] {subprocess.py:106} INFO - 26/01/29 19:36:50 INFO MemoryStore: Block broadcast_29_piece0 stored as bytes in memory (estimated size 6.0 KiB, free 364.6 MiB)
[2026-01-29T19:36:50.683+0530] {subprocess.py:106} INFO - 26/01/29 19:36:50 INFO BlockManagerInfo: Added broadcast_29_piece0 in memory on Aishwarya92848DBDA:38109 (size: 6.0 KiB, free: 366.1 MiB)
[2026-01-29T19:36:50.683+0530] {subprocess.py:106} INFO - 26/01/29 19:36:50 INFO SparkContext: Created broadcast 29 from broadcast at DAGScheduler.scala:1585
[2026-01-29T19:36:50.683+0530] {subprocess.py:106} INFO - 26/01/29 19:36:50 INFO DAGScheduler: Submitting 1 missing tasks from ResultStage 23 (MapPartitionsRDD[75] at count at NativeMethodAccessorImpl.java:0) (first 15 tasks are for partitions Vector(0))
[2026-01-29T19:36:50.684+0530] {subprocess.py:106} INFO - 26/01/29 19:36:50 INFO TaskSchedulerImpl: Adding task set 23.0 with 1 tasks resource profile 0
[2026-01-29T19:36:50.685+0530] {subprocess.py:106} INFO - 26/01/29 19:36:50 INFO TaskSetManager: Starting task 0.0 in stage 23.0 (TID 17) (Aishwarya92848DBDA, executor driver, partition 0, NODE_LOCAL, 7615 bytes)
[2026-01-29T19:36:50.685+0530] {subprocess.py:106} INFO - 26/01/29 19:36:50 INFO Executor: Running task 0.0 in stage 23.0 (TID 17)
[2026-01-29T19:36:50.688+0530] {subprocess.py:106} INFO - 26/01/29 19:36:50 INFO ShuffleBlockFetcherIterator: Getting 1 (60.0 B) non-empty blocks including 1 (60.0 B) local and 0 (0.0 B) host-local and 0 (0.0 B) push-merged-local and 0 (0.0 B) remote blocks
[2026-01-29T19:36:50.689+0530] {subprocess.py:106} INFO - 26/01/29 19:36:50 INFO ShuffleBlockFetcherIterator: Started 0 remote fetches in 0 ms
[2026-01-29T19:36:50.690+0530] {subprocess.py:106} INFO - 26/01/29 19:36:50 INFO Executor: Finished task 0.0 in stage 23.0 (TID 17). 3988 bytes result sent to driver
[2026-01-29T19:36:50.691+0530] {subprocess.py:106} INFO - 26/01/29 19:36:50 INFO TaskSetManager: Finished task 0.0 in stage 23.0 (TID 17) in 7 ms on Aishwarya92848DBDA (executor driver) (1/1)
[2026-01-29T19:36:50.692+0530] {subprocess.py:106} INFO - 26/01/29 19:36:50 INFO TaskSchedulerImpl: Removed TaskSet 23.0, whose tasks have all completed, from pool
[2026-01-29T19:36:50.692+0530] {subprocess.py:106} INFO - 26/01/29 19:36:50 INFO DAGScheduler: ResultStage 23 (count at NativeMethodAccessorImpl.java:0) finished in 0.013 s
[2026-01-29T19:36:50.693+0530] {subprocess.py:106} INFO - 26/01/29 19:36:50 INFO DAGScheduler: Job 17 is finished. Cancelling potential speculative or zombie tasks for this job
[2026-01-29T19:36:50.693+0530] {subprocess.py:106} INFO - 26/01/29 19:36:50 INFO TaskSchedulerImpl: Killing all running tasks in stage 23: Stage finished
[2026-01-29T19:36:50.693+0530] {subprocess.py:106} INFO - 26/01/29 19:36:50 INFO DAGScheduler: Job 17 finished: count at NativeMethodAccessorImpl.java:0, took 0.015812 s
[2026-01-29T19:36:50.695+0530] {subprocess.py:106} INFO - apparent_temperature_min: Outliers = 0
[2026-01-29T19:36:50.726+0530] {subprocess.py:106} INFO - 26/01/29 19:36:50 INFO FileSourceStrategy: Pushed Filters:
[2026-01-29T19:36:50.726+0530] {subprocess.py:106} INFO - 26/01/29 19:36:50 INFO FileSourceStrategy: Post-Scan Filters:
[2026-01-29T19:36:50.731+0530] {subprocess.py:106} INFO - 26/01/29 19:36:50 INFO MemoryStore: Block broadcast_30 stored as values in memory (estimated size 350.2 KiB, free 364.3 MiB)
[2026-01-29T19:36:50.739+0530] {subprocess.py:106} INFO - 26/01/29 19:36:50 INFO MemoryStore: Block broadcast_30_piece0 stored as bytes in memory (estimated size 34.3 KiB, free 364.3 MiB)
[2026-01-29T19:36:50.740+0530] {subprocess.py:106} INFO - 26/01/29 19:36:50 INFO BlockManagerInfo: Added broadcast_30_piece0 in memory on Aishwarya92848DBDA:38109 (size: 34.3 KiB, free: 366.1 MiB)
[2026-01-29T19:36:50.740+0530] {subprocess.py:106} INFO - 26/01/29 19:36:50 INFO SparkContext: Created broadcast 30 from approxQuantile at NativeMethodAccessorImpl.java:0
[2026-01-29T19:36:50.741+0530] {subprocess.py:106} INFO - 26/01/29 19:36:50 INFO FileSourceScanExec: Planning scan with bin packing, max size: 4194304 bytes, open cost is considered as scanning 4194304 bytes.
[2026-01-29T19:36:50.753+0530] {subprocess.py:106} INFO - 26/01/29 19:36:50 INFO SparkContext: Starting job: approxQuantile at NativeMethodAccessorImpl.java:0
[2026-01-29T19:36:50.754+0530] {subprocess.py:106} INFO - 26/01/29 19:36:50 INFO DAGScheduler: Got job 18 (approxQuantile at NativeMethodAccessorImpl.java:0) with 1 output partitions
[2026-01-29T19:36:50.754+0530] {subprocess.py:106} INFO - 26/01/29 19:36:50 INFO DAGScheduler: Final stage: ResultStage 24 (approxQuantile at NativeMethodAccessorImpl.java:0)
[2026-01-29T19:36:50.754+0530] {subprocess.py:106} INFO - 26/01/29 19:36:50 INFO DAGScheduler: Parents of final stage: List()
[2026-01-29T19:36:50.755+0530] {subprocess.py:106} INFO - 26/01/29 19:36:50 INFO DAGScheduler: Missing parents: List()
[2026-01-29T19:36:50.755+0530] {subprocess.py:106} INFO - 26/01/29 19:36:50 INFO DAGScheduler: Submitting ResultStage 24 (MapPartitionsRDD[81] at approxQuantile at NativeMethodAccessorImpl.java:0), which has no missing parents
[2026-01-29T19:36:50.759+0530] {subprocess.py:106} INFO - 26/01/29 19:36:50 INFO MemoryStore: Block broadcast_31 stored as values in memory (estimated size 20.0 KiB, free 364.3 MiB)
[2026-01-29T19:36:50.761+0530] {subprocess.py:106} INFO - 26/01/29 19:36:50 INFO MemoryStore: Block broadcast_31_piece0 stored as bytes in memory (estimated size 9.5 KiB, free 364.2 MiB)
[2026-01-29T19:36:50.761+0530] {subprocess.py:106} INFO - 26/01/29 19:36:50 INFO BlockManagerInfo: Added broadcast_31_piece0 in memory on Aishwarya92848DBDA:38109 (size: 9.5 KiB, free: 366.1 MiB)
[2026-01-29T19:36:50.762+0530] {subprocess.py:106} INFO - 26/01/29 19:36:50 INFO SparkContext: Created broadcast 31 from broadcast at DAGScheduler.scala:1585
[2026-01-29T19:36:50.763+0530] {subprocess.py:106} INFO - 26/01/29 19:36:50 INFO DAGScheduler: Submitting 1 missing tasks from ResultStage 24 (MapPartitionsRDD[81] at approxQuantile at NativeMethodAccessorImpl.java:0) (first 15 tasks are for partitions Vector(0))
[2026-01-29T19:36:50.763+0530] {subprocess.py:106} INFO - 26/01/29 19:36:50 INFO TaskSchedulerImpl: Adding task set 24.0 with 1 tasks resource profile 0
[2026-01-29T19:36:50.764+0530] {subprocess.py:106} INFO - 26/01/29 19:36:50 INFO TaskSetManager: Starting task 0.0 in stage 24.0 (TID 18) (Aishwarya92848DBDA, executor driver, partition 0, NODE_LOCAL, 8241 bytes)
[2026-01-29T19:36:50.764+0530] {subprocess.py:106} INFO - 26/01/29 19:36:50 INFO Executor: Running task 0.0 in stage 24.0 (TID 18)
[2026-01-29T19:36:50.769+0530] {subprocess.py:106} INFO - 26/01/29 19:36:50 INFO FileScanRDD: Reading File path: hdfs://localhost:9000/weather/data/raw_data/weather_dataset.csv, range: 0-1642, partition values: [empty row]
[2026-01-29T19:36:50.782+0530] {subprocess.py:106} INFO - 26/01/29 19:36:50 INFO Executor: Finished task 0.0 in stage 24.0 (TID 18). 2698 bytes result sent to driver
[2026-01-29T19:36:50.783+0530] {subprocess.py:106} INFO - 26/01/29 19:36:50 INFO TaskSetManager: Finished task 0.0 in stage 24.0 (TID 18) in 20 ms on Aishwarya92848DBDA (executor driver) (1/1)
[2026-01-29T19:36:50.783+0530] {subprocess.py:106} INFO - 26/01/29 19:36:50 INFO TaskSchedulerImpl: Removed TaskSet 24.0, whose tasks have all completed, from pool
[2026-01-29T19:36:50.784+0530] {subprocess.py:106} INFO - 26/01/29 19:36:50 INFO DAGScheduler: ResultStage 24 (approxQuantile at NativeMethodAccessorImpl.java:0) finished in 0.028 s
[2026-01-29T19:36:50.784+0530] {subprocess.py:106} INFO - 26/01/29 19:36:50 INFO DAGScheduler: Job 18 is finished. Cancelling potential speculative or zombie tasks for this job
[2026-01-29T19:36:50.784+0530] {subprocess.py:106} INFO - 26/01/29 19:36:50 INFO TaskSchedulerImpl: Killing all running tasks in stage 24: Stage finished
[2026-01-29T19:36:50.785+0530] {subprocess.py:106} INFO - 26/01/29 19:36:50 INFO DAGScheduler: Job 18 finished: approxQuantile at NativeMethodAccessorImpl.java:0, took 0.031637 s
[2026-01-29T19:36:50.858+0530] {subprocess.py:106} INFO - 26/01/29 19:36:50 INFO FileSourceStrategy: Pushed Filters: Or(LessThan(precipitation_sum,0.0),GreaterThan(precipitation_sum,0.0))
[2026-01-29T19:36:50.858+0530] {subprocess.py:106} INFO - 26/01/29 19:36:50 INFO FileSourceStrategy: Post-Scan Filters: ((precipitation_sum#23 < 0.0) OR (precipitation_sum#23 > 0.0))
[2026-01-29T19:36:50.879+0530] {subprocess.py:106} INFO - 26/01/29 19:36:50 INFO CodeGenerator: Code generated in 9.569393 ms
[2026-01-29T19:36:50.881+0530] {subprocess.py:106} INFO - 26/01/29 19:36:50 INFO MemoryStore: Block broadcast_32 stored as values in memory (estimated size 350.2 KiB, free 363.9 MiB)
[2026-01-29T19:36:50.887+0530] {subprocess.py:106} INFO - 26/01/29 19:36:50 INFO MemoryStore: Block broadcast_32_piece0 stored as bytes in memory (estimated size 34.3 KiB, free 363.9 MiB)
[2026-01-29T19:36:50.887+0530] {subprocess.py:106} INFO - 26/01/29 19:36:50 INFO BlockManagerInfo: Added broadcast_32_piece0 in memory on Aishwarya92848DBDA:38109 (size: 34.3 KiB, free: 366.0 MiB)
[2026-01-29T19:36:50.888+0530] {subprocess.py:106} INFO - 26/01/29 19:36:50 INFO SparkContext: Created broadcast 32 from count at NativeMethodAccessorImpl.java:0
[2026-01-29T19:36:50.889+0530] {subprocess.py:106} INFO - 26/01/29 19:36:50 INFO FileSourceScanExec: Planning scan with bin packing, max size: 4194304 bytes, open cost is considered as scanning 4194304 bytes.
[2026-01-29T19:36:50.893+0530] {subprocess.py:106} INFO - 26/01/29 19:36:50 INFO DAGScheduler: Registering RDD 85 (count at NativeMethodAccessorImpl.java:0) as input to shuffle 6
[2026-01-29T19:36:50.893+0530] {subprocess.py:106} INFO - 26/01/29 19:36:50 INFO DAGScheduler: Got map stage job 19 (count at NativeMethodAccessorImpl.java:0) with 1 output partitions
[2026-01-29T19:36:50.894+0530] {subprocess.py:106} INFO - 26/01/29 19:36:50 INFO DAGScheduler: Final stage: ShuffleMapStage 25 (count at NativeMethodAccessorImpl.java:0)
[2026-01-29T19:36:50.894+0530] {subprocess.py:106} INFO - 26/01/29 19:36:50 INFO DAGScheduler: Parents of final stage: List()
[2026-01-29T19:36:50.894+0530] {subprocess.py:106} INFO - 26/01/29 19:36:50 INFO DAGScheduler: Missing parents: List()
[2026-01-29T19:36:50.895+0530] {subprocess.py:106} INFO - 26/01/29 19:36:50 INFO DAGScheduler: Submitting ShuffleMapStage 25 (MapPartitionsRDD[85] at count at NativeMethodAccessorImpl.java:0), which has no missing parents
[2026-01-29T19:36:50.896+0530] {subprocess.py:106} INFO - 26/01/29 19:36:50 INFO MemoryStore: Block broadcast_33 stored as values in memory (estimated size 20.0 KiB, free 363.8 MiB)
[2026-01-29T19:36:50.898+0530] {subprocess.py:106} INFO - 26/01/29 19:36:50 INFO MemoryStore: Block broadcast_33_piece0 stored as bytes in memory (estimated size 9.7 KiB, free 363.8 MiB)
[2026-01-29T19:36:50.898+0530] {subprocess.py:106} INFO - 26/01/29 19:36:50 INFO BlockManagerInfo: Added broadcast_33_piece0 in memory on Aishwarya92848DBDA:38109 (size: 9.7 KiB, free: 366.0 MiB)
[2026-01-29T19:36:50.899+0530] {subprocess.py:106} INFO - 26/01/29 19:36:50 INFO SparkContext: Created broadcast 33 from broadcast at DAGScheduler.scala:1585
[2026-01-29T19:36:50.901+0530] {subprocess.py:106} INFO - 26/01/29 19:36:50 INFO DAGScheduler: Submitting 1 missing tasks from ShuffleMapStage 25 (MapPartitionsRDD[85] at count at NativeMethodAccessorImpl.java:0) (first 15 tasks are for partitions Vector(0))
[2026-01-29T19:36:50.901+0530] {subprocess.py:106} INFO - 26/01/29 19:36:50 INFO TaskSchedulerImpl: Adding task set 25.0 with 1 tasks resource profile 0
[2026-01-29T19:36:50.902+0530] {subprocess.py:106} INFO - 26/01/29 19:36:50 INFO TaskSetManager: Starting task 0.0 in stage 25.0 (TID 19) (Aishwarya92848DBDA, executor driver, partition 0, NODE_LOCAL, 8230 bytes)
[2026-01-29T19:36:50.903+0530] {subprocess.py:106} INFO - 26/01/29 19:36:50 INFO Executor: Running task 0.0 in stage 25.0 (TID 19)
[2026-01-29T19:36:50.917+0530] {subprocess.py:106} INFO - 26/01/29 19:36:50 INFO CodeGenerator: Code generated in 10.615808 ms
[2026-01-29T19:36:50.918+0530] {subprocess.py:106} INFO - 26/01/29 19:36:50 INFO FileScanRDD: Reading File path: hdfs://localhost:9000/weather/data/raw_data/weather_dataset.csv, range: 0-1642, partition values: [empty row]
[2026-01-29T19:36:50.928+0530] {subprocess.py:106} INFO - 26/01/29 19:36:50 INFO CodeGenerator: Code generated in 6.756284 ms
[2026-01-29T19:36:50.936+0530] {subprocess.py:106} INFO - 26/01/29 19:36:50 INFO Executor: Finished task 0.0 in stage 25.0 (TID 19). 1990 bytes result sent to driver
[2026-01-29T19:36:50.938+0530] {subprocess.py:106} INFO - 26/01/29 19:36:50 INFO TaskSetManager: Finished task 0.0 in stage 25.0 (TID 19) in 36 ms on Aishwarya92848DBDA (executor driver) (1/1)
[2026-01-29T19:36:50.939+0530] {subprocess.py:106} INFO - 26/01/29 19:36:50 INFO TaskSchedulerImpl: Removed TaskSet 25.0, whose tasks have all completed, from pool
[2026-01-29T19:36:50.939+0530] {subprocess.py:106} INFO - 26/01/29 19:36:50 INFO DAGScheduler: ShuffleMapStage 25 (count at NativeMethodAccessorImpl.java:0) finished in 0.045 s
[2026-01-29T19:36:50.939+0530] {subprocess.py:106} INFO - 26/01/29 19:36:50 INFO DAGScheduler: looking for newly runnable stages
[2026-01-29T19:36:50.939+0530] {subprocess.py:106} INFO - 26/01/29 19:36:50 INFO DAGScheduler: running: Set()
[2026-01-29T19:36:50.939+0530] {subprocess.py:106} INFO - 26/01/29 19:36:50 INFO DAGScheduler: waiting: Set()
[2026-01-29T19:36:50.939+0530] {subprocess.py:106} INFO - 26/01/29 19:36:50 INFO DAGScheduler: failed: Set()
[2026-01-29T19:36:50.953+0530] {subprocess.py:106} INFO - 26/01/29 19:36:50 INFO SparkContext: Starting job: count at NativeMethodAccessorImpl.java:0
[2026-01-29T19:36:50.954+0530] {subprocess.py:106} INFO - 26/01/29 19:36:50 INFO DAGScheduler: Got job 20 (count at NativeMethodAccessorImpl.java:0) with 1 output partitions
[2026-01-29T19:36:50.955+0530] {subprocess.py:106} INFO - 26/01/29 19:36:50 INFO DAGScheduler: Final stage: ResultStage 27 (count at NativeMethodAccessorImpl.java:0)
[2026-01-29T19:36:50.955+0530] {subprocess.py:106} INFO - 26/01/29 19:36:50 INFO DAGScheduler: Parents of final stage: List(ShuffleMapStage 26)
[2026-01-29T19:36:50.955+0530] {subprocess.py:106} INFO - 26/01/29 19:36:50 INFO DAGScheduler: Missing parents: List()
[2026-01-29T19:36:50.955+0530] {subprocess.py:106} INFO - 26/01/29 19:36:50 INFO DAGScheduler: Submitting ResultStage 27 (MapPartitionsRDD[88] at count at NativeMethodAccessorImpl.java:0), which has no missing parents
[2026-01-29T19:36:50.957+0530] {subprocess.py:106} INFO - 26/01/29 19:36:50 INFO MemoryStore: Block broadcast_34 stored as values in memory (estimated size 12.5 KiB, free 363.8 MiB)
[2026-01-29T19:36:50.959+0530] {subprocess.py:106} INFO - 26/01/29 19:36:50 INFO MemoryStore: Block broadcast_34_piece0 stored as bytes in memory (estimated size 5.9 KiB, free 363.8 MiB)
[2026-01-29T19:36:50.959+0530] {subprocess.py:106} INFO - 26/01/29 19:36:50 INFO BlockManagerInfo: Added broadcast_34_piece0 in memory on Aishwarya92848DBDA:38109 (size: 5.9 KiB, free: 366.0 MiB)
[2026-01-29T19:36:50.959+0530] {subprocess.py:106} INFO - 26/01/29 19:36:50 INFO SparkContext: Created broadcast 34 from broadcast at DAGScheduler.scala:1585
[2026-01-29T19:36:50.960+0530] {subprocess.py:106} INFO - 26/01/29 19:36:50 INFO DAGScheduler: Submitting 1 missing tasks from ResultStage 27 (MapPartitionsRDD[88] at count at NativeMethodAccessorImpl.java:0) (first 15 tasks are for partitions Vector(0))
[2026-01-29T19:36:50.960+0530] {subprocess.py:106} INFO - 26/01/29 19:36:50 INFO TaskSchedulerImpl: Adding task set 27.0 with 1 tasks resource profile 0
[2026-01-29T19:36:50.961+0530] {subprocess.py:106} INFO - 26/01/29 19:36:50 INFO TaskSetManager: Starting task 0.0 in stage 27.0 (TID 20) (Aishwarya92848DBDA, executor driver, partition 0, NODE_LOCAL, 7615 bytes)
[2026-01-29T19:36:50.962+0530] {subprocess.py:106} INFO - 26/01/29 19:36:50 INFO Executor: Running task 0.0 in stage 27.0 (TID 20)
[2026-01-29T19:36:50.964+0530] {subprocess.py:106} INFO - 26/01/29 19:36:50 INFO ShuffleBlockFetcherIterator: Getting 1 (60.0 B) non-empty blocks including 1 (60.0 B) local and 0 (0.0 B) host-local and 0 (0.0 B) push-merged-local and 0 (0.0 B) remote blocks
[2026-01-29T19:36:50.965+0530] {subprocess.py:106} INFO - 26/01/29 19:36:50 INFO ShuffleBlockFetcherIterator: Started 0 remote fetches in 0 ms
[2026-01-29T19:36:50.966+0530] {subprocess.py:106} INFO - 26/01/29 19:36:50 INFO Executor: Finished task 0.0 in stage 27.0 (TID 20). 3988 bytes result sent to driver
[2026-01-29T19:36:50.967+0530] {subprocess.py:106} INFO - 26/01/29 19:36:50 INFO TaskSetManager: Finished task 0.0 in stage 27.0 (TID 20) in 6 ms on Aishwarya92848DBDA (executor driver) (1/1)
[2026-01-29T19:36:50.968+0530] {subprocess.py:106} INFO - 26/01/29 19:36:50 INFO TaskSchedulerImpl: Removed TaskSet 27.0, whose tasks have all completed, from pool
[2026-01-29T19:36:50.968+0530] {subprocess.py:106} INFO - 26/01/29 19:36:50 INFO DAGScheduler: ResultStage 27 (count at NativeMethodAccessorImpl.java:0) finished in 0.012 s
[2026-01-29T19:36:50.969+0530] {subprocess.py:106} INFO - 26/01/29 19:36:50 INFO DAGScheduler: Job 20 is finished. Cancelling potential speculative or zombie tasks for this job
[2026-01-29T19:36:50.969+0530] {subprocess.py:106} INFO - 26/01/29 19:36:50 INFO TaskSchedulerImpl: Killing all running tasks in stage 27: Stage finished
[2026-01-29T19:36:50.969+0530] {subprocess.py:106} INFO - 26/01/29 19:36:50 INFO DAGScheduler: Job 20 finished: count at NativeMethodAccessorImpl.java:0, took 0.015475 s
[2026-01-29T19:36:50.970+0530] {subprocess.py:106} INFO - precipitation_sum: Outliers = 0
[2026-01-29T19:36:50.994+0530] {subprocess.py:106} INFO - 26/01/29 19:36:50 INFO FileSourceStrategy: Pushed Filters:
[2026-01-29T19:36:50.995+0530] {subprocess.py:106} INFO - 26/01/29 19:36:50 INFO FileSourceStrategy: Post-Scan Filters:
[2026-01-29T19:36:50.997+0530] {subprocess.py:106} INFO - 26/01/29 19:36:50 INFO MemoryStore: Block broadcast_35 stored as values in memory (estimated size 350.2 KiB, free 363.5 MiB)
[2026-01-29T19:36:51.003+0530] {subprocess.py:106} INFO - 26/01/29 19:36:51 INFO MemoryStore: Block broadcast_35_piece0 stored as bytes in memory (estimated size 34.3 KiB, free 363.4 MiB)
[2026-01-29T19:36:51.003+0530] {subprocess.py:106} INFO - 26/01/29 19:36:51 INFO BlockManagerInfo: Added broadcast_35_piece0 in memory on Aishwarya92848DBDA:38109 (size: 34.3 KiB, free: 366.0 MiB)
[2026-01-29T19:36:51.004+0530] {subprocess.py:106} INFO - 26/01/29 19:36:51 INFO SparkContext: Created broadcast 35 from approxQuantile at NativeMethodAccessorImpl.java:0
[2026-01-29T19:36:51.005+0530] {subprocess.py:106} INFO - 26/01/29 19:36:51 INFO FileSourceScanExec: Planning scan with bin packing, max size: 4194304 bytes, open cost is considered as scanning 4194304 bytes.
[2026-01-29T19:36:51.014+0530] {subprocess.py:106} INFO - 26/01/29 19:36:51 INFO SparkContext: Starting job: approxQuantile at NativeMethodAccessorImpl.java:0
[2026-01-29T19:36:51.015+0530] {subprocess.py:106} INFO - 26/01/29 19:36:51 INFO DAGScheduler: Got job 21 (approxQuantile at NativeMethodAccessorImpl.java:0) with 1 output partitions
[2026-01-29T19:36:51.016+0530] {subprocess.py:106} INFO - 26/01/29 19:36:51 INFO DAGScheduler: Final stage: ResultStage 28 (approxQuantile at NativeMethodAccessorImpl.java:0)
[2026-01-29T19:36:51.016+0530] {subprocess.py:106} INFO - 26/01/29 19:36:51 INFO DAGScheduler: Parents of final stage: List()
[2026-01-29T19:36:51.016+0530] {subprocess.py:106} INFO - 26/01/29 19:36:51 INFO DAGScheduler: Missing parents: List()
[2026-01-29T19:36:51.016+0530] {subprocess.py:106} INFO - 26/01/29 19:36:51 INFO DAGScheduler: Submitting ResultStage 28 (MapPartitionsRDD[94] at approxQuantile at NativeMethodAccessorImpl.java:0), which has no missing parents
[2026-01-29T19:36:51.019+0530] {subprocess.py:106} INFO - 26/01/29 19:36:51 INFO MemoryStore: Block broadcast_36 stored as values in memory (estimated size 20.0 KiB, free 363.4 MiB)
[2026-01-29T19:36:51.034+0530] {subprocess.py:106} INFO - 26/01/29 19:36:51 INFO MemoryStore: Block broadcast_36_piece0 stored as bytes in memory (estimated size 9.5 KiB, free 363.4 MiB)
[2026-01-29T19:36:51.035+0530] {subprocess.py:106} INFO - 26/01/29 19:36:51 INFO BlockManagerInfo: Added broadcast_36_piece0 in memory on Aishwarya92848DBDA:38109 (size: 9.5 KiB, free: 366.0 MiB)
[2026-01-29T19:36:51.035+0530] {subprocess.py:106} INFO - 26/01/29 19:36:51 INFO SparkContext: Created broadcast 36 from broadcast at DAGScheduler.scala:1585
[2026-01-29T19:36:51.035+0530] {subprocess.py:106} INFO - 26/01/29 19:36:51 INFO DAGScheduler: Submitting 1 missing tasks from ResultStage 28 (MapPartitionsRDD[94] at approxQuantile at NativeMethodAccessorImpl.java:0) (first 15 tasks are for partitions Vector(0))
[2026-01-29T19:36:51.035+0530] {subprocess.py:106} INFO - 26/01/29 19:36:51 INFO TaskSchedulerImpl: Adding task set 28.0 with 1 tasks resource profile 0
[2026-01-29T19:36:51.037+0530] {subprocess.py:106} INFO - 26/01/29 19:36:51 INFO TaskSetManager: Starting task 0.0 in stage 28.0 (TID 21) (Aishwarya92848DBDA, executor driver, partition 0, NODE_LOCAL, 8241 bytes)
[2026-01-29T19:36:51.041+0530] {subprocess.py:106} INFO - 26/01/29 19:36:51 INFO Executor: Running task 0.0 in stage 28.0 (TID 21)
[2026-01-29T19:36:51.043+0530] {subprocess.py:106} INFO - 26/01/29 19:36:51 INFO BlockManagerInfo: Removed broadcast_32_piece0 on Aishwarya92848DBDA:38109 in memory (size: 34.3 KiB, free: 366.0 MiB)
[2026-01-29T19:36:51.046+0530] {subprocess.py:106} INFO - 26/01/29 19:36:51 INFO BlockManagerInfo: Removed broadcast_22_piece0 on Aishwarya92848DBDA:38109 in memory (size: 34.3 KiB, free: 366.0 MiB)
[2026-01-29T19:36:51.046+0530] {subprocess.py:106} INFO - 26/01/29 19:36:51 INFO FileScanRDD: Reading File path: hdfs://localhost:9000/weather/data/raw_data/weather_dataset.csv, range: 0-1642, partition values: [empty row]
[2026-01-29T19:36:51.048+0530] {subprocess.py:106} INFO - 26/01/29 19:36:51 INFO BlockManagerInfo: Removed broadcast_21_piece0 on Aishwarya92848DBDA:38109 in memory (size: 9.5 KiB, free: 366.1 MiB)
[2026-01-29T19:36:51.052+0530] {subprocess.py:106} INFO - 26/01/29 19:36:51 INFO BlockManagerInfo: Removed broadcast_31_piece0 on Aishwarya92848DBDA:38109 in memory (size: 9.5 KiB, free: 366.1 MiB)
[2026-01-29T19:36:51.055+0530] {subprocess.py:106} INFO - 26/01/29 19:36:51 INFO BlockManagerInfo: Removed broadcast_33_piece0 on Aishwarya92848DBDA:38109 in memory (size: 9.7 KiB, free: 366.1 MiB)
[2026-01-29T19:36:51.056+0530] {subprocess.py:106} INFO - 26/01/29 19:36:51 INFO Executor: Finished task 0.0 in stage 28.0 (TID 21). 2698 bytes result sent to driver
[2026-01-29T19:36:51.057+0530] {subprocess.py:106} INFO - 26/01/29 19:36:51 INFO TaskSetManager: Finished task 0.0 in stage 28.0 (TID 21) in 21 ms on Aishwarya92848DBDA (executor driver) (1/1)
[2026-01-29T19:36:51.058+0530] {subprocess.py:106} INFO - 26/01/29 19:36:51 INFO TaskSchedulerImpl: Removed TaskSet 28.0, whose tasks have all completed, from pool
[2026-01-29T19:36:51.058+0530] {subprocess.py:106} INFO - 26/01/29 19:36:51 INFO BlockManagerInfo: Removed broadcast_25_piece0 on Aishwarya92848DBDA:38109 in memory (size: 34.3 KiB, free: 366.1 MiB)
[2026-01-29T19:36:51.058+0530] {subprocess.py:106} INFO - 26/01/29 19:36:51 INFO DAGScheduler: ResultStage 28 (approxQuantile at NativeMethodAccessorImpl.java:0) finished in 0.042 s
[2026-01-29T19:36:51.059+0530] {subprocess.py:106} INFO - 26/01/29 19:36:51 INFO DAGScheduler: Job 21 is finished. Cancelling potential speculative or zombie tasks for this job
[2026-01-29T19:36:51.059+0530] {subprocess.py:106} INFO - 26/01/29 19:36:51 INFO TaskSchedulerImpl: Killing all running tasks in stage 28: Stage finished
[2026-01-29T19:36:51.059+0530] {subprocess.py:106} INFO - 26/01/29 19:36:51 INFO DAGScheduler: Job 21 finished: approxQuantile at NativeMethodAccessorImpl.java:0, took 0.044910 s
[2026-01-29T19:36:51.062+0530] {subprocess.py:106} INFO - 26/01/29 19:36:51 INFO BlockManagerInfo: Removed broadcast_26_piece0 on Aishwarya92848DBDA:38109 in memory (size: 9.5 KiB, free: 366.1 MiB)
[2026-01-29T19:36:51.065+0530] {subprocess.py:106} INFO - 26/01/29 19:36:51 INFO BlockManagerInfo: Removed broadcast_20_piece0 on Aishwarya92848DBDA:38109 in memory (size: 34.3 KiB, free: 366.2 MiB)
[2026-01-29T19:36:51.068+0530] {subprocess.py:106} INFO - 26/01/29 19:36:51 INFO BlockManagerInfo: Removed broadcast_24_piece0 on Aishwarya92848DBDA:38109 in memory (size: 5.9 KiB, free: 366.2 MiB)
[2026-01-29T19:36:51.071+0530] {subprocess.py:106} INFO - 26/01/29 19:36:51 INFO BlockManagerInfo: Removed broadcast_23_piece0 on Aishwarya92848DBDA:38109 in memory (size: 9.7 KiB, free: 366.2 MiB)
[2026-01-29T19:36:51.075+0530] {subprocess.py:106} INFO - 26/01/29 19:36:51 INFO BlockManagerInfo: Removed broadcast_28_piece0 on Aishwarya92848DBDA:38109 in memory (size: 9.7 KiB, free: 366.2 MiB)
[2026-01-29T19:36:51.078+0530] {subprocess.py:106} INFO - 26/01/29 19:36:51 INFO BlockManagerInfo: Removed broadcast_29_piece0 on Aishwarya92848DBDA:38109 in memory (size: 6.0 KiB, free: 366.2 MiB)
[2026-01-29T19:36:51.081+0530] {subprocess.py:106} INFO - 26/01/29 19:36:51 INFO BlockManagerInfo: Removed broadcast_34_piece0 on Aishwarya92848DBDA:38109 in memory (size: 5.9 KiB, free: 366.2 MiB)
[2026-01-29T19:36:51.083+0530] {subprocess.py:106} INFO - 26/01/29 19:36:51 INFO BlockManagerInfo: Removed broadcast_27_piece0 on Aishwarya92848DBDA:38109 in memory (size: 34.3 KiB, free: 366.2 MiB)
[2026-01-29T19:36:51.086+0530] {subprocess.py:106} INFO - 26/01/29 19:36:51 INFO BlockManagerInfo: Removed broadcast_30_piece0 on Aishwarya92848DBDA:38109 in memory (size: 34.3 KiB, free: 366.3 MiB)
[2026-01-29T19:36:51.136+0530] {subprocess.py:106} INFO - 26/01/29 19:36:51 INFO FileSourceStrategy: Pushed Filters: Or(LessThan(rain_sum,0.0),GreaterThan(rain_sum,0.0))
[2026-01-29T19:36:51.136+0530] {subprocess.py:106} INFO - 26/01/29 19:36:51 INFO FileSourceStrategy: Post-Scan Filters: ((rain_sum#24 < 0.0) OR (rain_sum#24 > 0.0))
[2026-01-29T19:36:51.148+0530] {subprocess.py:106} INFO - 26/01/29 19:36:51 INFO MemoryStore: Block broadcast_37 stored as values in memory (estimated size 350.2 KiB, free 365.6 MiB)
[2026-01-29T19:36:51.153+0530] {subprocess.py:106} INFO - 26/01/29 19:36:51 INFO MemoryStore: Block broadcast_37_piece0 stored as bytes in memory (estimated size 34.3 KiB, free 365.5 MiB)
[2026-01-29T19:36:51.154+0530] {subprocess.py:106} INFO - 26/01/29 19:36:51 INFO BlockManagerInfo: Added broadcast_37_piece0 in memory on Aishwarya92848DBDA:38109 (size: 34.3 KiB, free: 366.2 MiB)
[2026-01-29T19:36:51.154+0530] {subprocess.py:106} INFO - 26/01/29 19:36:51 INFO SparkContext: Created broadcast 37 from count at NativeMethodAccessorImpl.java:0
[2026-01-29T19:36:51.155+0530] {subprocess.py:106} INFO - 26/01/29 19:36:51 INFO FileSourceScanExec: Planning scan with bin packing, max size: 4194304 bytes, open cost is considered as scanning 4194304 bytes.
[2026-01-29T19:36:51.158+0530] {subprocess.py:106} INFO - 26/01/29 19:36:51 INFO DAGScheduler: Registering RDD 98 (count at NativeMethodAccessorImpl.java:0) as input to shuffle 7
[2026-01-29T19:36:51.159+0530] {subprocess.py:106} INFO - 26/01/29 19:36:51 INFO DAGScheduler: Got map stage job 22 (count at NativeMethodAccessorImpl.java:0) with 1 output partitions
[2026-01-29T19:36:51.159+0530] {subprocess.py:106} INFO - 26/01/29 19:36:51 INFO DAGScheduler: Final stage: ShuffleMapStage 29 (count at NativeMethodAccessorImpl.java:0)
[2026-01-29T19:36:51.159+0530] {subprocess.py:106} INFO - 26/01/29 19:36:51 INFO DAGScheduler: Parents of final stage: List()
[2026-01-29T19:36:51.159+0530] {subprocess.py:106} INFO - 26/01/29 19:36:51 INFO DAGScheduler: Missing parents: List()
[2026-01-29T19:36:51.159+0530] {subprocess.py:106} INFO - 26/01/29 19:36:51 INFO DAGScheduler: Submitting ShuffleMapStage 29 (MapPartitionsRDD[98] at count at NativeMethodAccessorImpl.java:0), which has no missing parents
[2026-01-29T19:36:51.161+0530] {subprocess.py:106} INFO - 26/01/29 19:36:51 INFO MemoryStore: Block broadcast_38 stored as values in memory (estimated size 20.0 KiB, free 365.5 MiB)
[2026-01-29T19:36:51.162+0530] {subprocess.py:106} INFO - 26/01/29 19:36:51 INFO MemoryStore: Block broadcast_38_piece0 stored as bytes in memory (estimated size 9.6 KiB, free 365.5 MiB)
[2026-01-29T19:36:51.163+0530] {subprocess.py:106} INFO - 26/01/29 19:36:51 INFO BlockManagerInfo: Added broadcast_38_piece0 in memory on Aishwarya92848DBDA:38109 (size: 9.6 KiB, free: 366.2 MiB)
[2026-01-29T19:36:51.163+0530] {subprocess.py:106} INFO - 26/01/29 19:36:51 INFO SparkContext: Created broadcast 38 from broadcast at DAGScheduler.scala:1585
[2026-01-29T19:36:51.164+0530] {subprocess.py:106} INFO - 26/01/29 19:36:51 INFO DAGScheduler: Submitting 1 missing tasks from ShuffleMapStage 29 (MapPartitionsRDD[98] at count at NativeMethodAccessorImpl.java:0) (first 15 tasks are for partitions Vector(0))
[2026-01-29T19:36:51.164+0530] {subprocess.py:106} INFO - 26/01/29 19:36:51 INFO TaskSchedulerImpl: Adding task set 29.0 with 1 tasks resource profile 0
[2026-01-29T19:36:51.165+0530] {subprocess.py:106} INFO - 26/01/29 19:36:51 INFO TaskSetManager: Starting task 0.0 in stage 29.0 (TID 22) (Aishwarya92848DBDA, executor driver, partition 0, NODE_LOCAL, 8230 bytes)
[2026-01-29T19:36:51.165+0530] {subprocess.py:106} INFO - 26/01/29 19:36:51 INFO Executor: Running task 0.0 in stage 29.0 (TID 22)
[2026-01-29T19:36:51.170+0530] {subprocess.py:106} INFO - 26/01/29 19:36:51 INFO FileScanRDD: Reading File path: hdfs://localhost:9000/weather/data/raw_data/weather_dataset.csv, range: 0-1642, partition values: [empty row]
[2026-01-29T19:36:51.180+0530] {subprocess.py:106} INFO - 26/01/29 19:36:51 INFO Executor: Finished task 0.0 in stage 29.0 (TID 22). 1990 bytes result sent to driver
[2026-01-29T19:36:51.181+0530] {subprocess.py:106} INFO - 26/01/29 19:36:51 INFO TaskSetManager: Finished task 0.0 in stage 29.0 (TID 22) in 17 ms on Aishwarya92848DBDA (executor driver) (1/1)
[2026-01-29T19:36:51.182+0530] {subprocess.py:106} INFO - 26/01/29 19:36:51 INFO TaskSchedulerImpl: Removed TaskSet 29.0, whose tasks have all completed, from pool
[2026-01-29T19:36:51.182+0530] {subprocess.py:106} INFO - 26/01/29 19:36:51 INFO DAGScheduler: ShuffleMapStage 29 (count at NativeMethodAccessorImpl.java:0) finished in 0.023 s
[2026-01-29T19:36:51.182+0530] {subprocess.py:106} INFO - 26/01/29 19:36:51 INFO DAGScheduler: looking for newly runnable stages
[2026-01-29T19:36:51.183+0530] {subprocess.py:106} INFO - 26/01/29 19:36:51 INFO DAGScheduler: running: Set()
[2026-01-29T19:36:51.183+0530] {subprocess.py:106} INFO - 26/01/29 19:36:51 INFO DAGScheduler: waiting: Set()
[2026-01-29T19:36:51.183+0530] {subprocess.py:106} INFO - 26/01/29 19:36:51 INFO DAGScheduler: failed: Set()
[2026-01-29T19:36:51.193+0530] {subprocess.py:106} INFO - 26/01/29 19:36:51 INFO SparkContext: Starting job: count at NativeMethodAccessorImpl.java:0
[2026-01-29T19:36:51.195+0530] {subprocess.py:106} INFO - 26/01/29 19:36:51 INFO DAGScheduler: Got job 23 (count at NativeMethodAccessorImpl.java:0) with 1 output partitions
[2026-01-29T19:36:51.195+0530] {subprocess.py:106} INFO - 26/01/29 19:36:51 INFO DAGScheduler: Final stage: ResultStage 31 (count at NativeMethodAccessorImpl.java:0)
[2026-01-29T19:36:51.195+0530] {subprocess.py:106} INFO - 26/01/29 19:36:51 INFO DAGScheduler: Parents of final stage: List(ShuffleMapStage 30)
[2026-01-29T19:36:51.196+0530] {subprocess.py:106} INFO - 26/01/29 19:36:51 INFO DAGScheduler: Missing parents: List()
[2026-01-29T19:36:51.196+0530] {subprocess.py:106} INFO - 26/01/29 19:36:51 INFO DAGScheduler: Submitting ResultStage 31 (MapPartitionsRDD[101] at count at NativeMethodAccessorImpl.java:0), which has no missing parents
[2026-01-29T19:36:51.197+0530] {subprocess.py:106} INFO - 26/01/29 19:36:51 INFO MemoryStore: Block broadcast_39 stored as values in memory (estimated size 12.5 KiB, free 365.5 MiB)
[2026-01-29T19:36:51.198+0530] {subprocess.py:106} INFO - 26/01/29 19:36:51 INFO MemoryStore: Block broadcast_39_piece0 stored as bytes in memory (estimated size 5.9 KiB, free 365.5 MiB)
[2026-01-29T19:36:51.198+0530] {subprocess.py:106} INFO - 26/01/29 19:36:51 INFO BlockManagerInfo: Added broadcast_39_piece0 in memory on Aishwarya92848DBDA:38109 (size: 5.9 KiB, free: 366.2 MiB)
[2026-01-29T19:36:51.198+0530] {subprocess.py:106} INFO - 26/01/29 19:36:51 INFO SparkContext: Created broadcast 39 from broadcast at DAGScheduler.scala:1585
[2026-01-29T19:36:51.199+0530] {subprocess.py:106} INFO - 26/01/29 19:36:51 INFO DAGScheduler: Submitting 1 missing tasks from ResultStage 31 (MapPartitionsRDD[101] at count at NativeMethodAccessorImpl.java:0) (first 15 tasks are for partitions Vector(0))
[2026-01-29T19:36:51.199+0530] {subprocess.py:106} INFO - 26/01/29 19:36:51 INFO TaskSchedulerImpl: Adding task set 31.0 with 1 tasks resource profile 0
[2026-01-29T19:36:51.200+0530] {subprocess.py:106} INFO - 26/01/29 19:36:51 INFO TaskSetManager: Starting task 0.0 in stage 31.0 (TID 23) (Aishwarya92848DBDA, executor driver, partition 0, NODE_LOCAL, 7615 bytes)
[2026-01-29T19:36:51.200+0530] {subprocess.py:106} INFO - 26/01/29 19:36:51 INFO Executor: Running task 0.0 in stage 31.0 (TID 23)
[2026-01-29T19:36:51.203+0530] {subprocess.py:106} INFO - 26/01/29 19:36:51 INFO ShuffleBlockFetcherIterator: Getting 1 (60.0 B) non-empty blocks including 1 (60.0 B) local and 0 (0.0 B) host-local and 0 (0.0 B) push-merged-local and 0 (0.0 B) remote blocks
[2026-01-29T19:36:51.203+0530] {subprocess.py:106} INFO - 26/01/29 19:36:51 INFO ShuffleBlockFetcherIterator: Started 0 remote fetches in 0 ms
[2026-01-29T19:36:51.205+0530] {subprocess.py:106} INFO - 26/01/29 19:36:51 INFO Executor: Finished task 0.0 in stage 31.0 (TID 23). 3988 bytes result sent to driver
[2026-01-29T19:36:51.206+0530] {subprocess.py:106} INFO - 26/01/29 19:36:51 INFO TaskSetManager: Finished task 0.0 in stage 31.0 (TID 23) in 6 ms on Aishwarya92848DBDA (executor driver) (1/1)
[2026-01-29T19:36:51.206+0530] {subprocess.py:106} INFO - 26/01/29 19:36:51 INFO TaskSchedulerImpl: Removed TaskSet 31.0, whose tasks have all completed, from pool
[2026-01-29T19:36:51.206+0530] {subprocess.py:106} INFO - 26/01/29 19:36:51 INFO DAGScheduler: ResultStage 31 (count at NativeMethodAccessorImpl.java:0) finished in 0.010 s
[2026-01-29T19:36:51.206+0530] {subprocess.py:106} INFO - 26/01/29 19:36:51 INFO DAGScheduler: Job 23 is finished. Cancelling potential speculative or zombie tasks for this job
[2026-01-29T19:36:51.206+0530] {subprocess.py:106} INFO - 26/01/29 19:36:51 INFO TaskSchedulerImpl: Killing all running tasks in stage 31: Stage finished
[2026-01-29T19:36:51.207+0530] {subprocess.py:106} INFO - 26/01/29 19:36:51 INFO DAGScheduler: Job 23 finished: count at NativeMethodAccessorImpl.java:0, took 0.013124 s
[2026-01-29T19:36:51.208+0530] {subprocess.py:106} INFO - rain_sum: Outliers = 0
[2026-01-29T19:36:51.231+0530] {subprocess.py:106} INFO - 26/01/29 19:36:51 INFO FileSourceStrategy: Pushed Filters:
[2026-01-29T19:36:51.231+0530] {subprocess.py:106} INFO - 26/01/29 19:36:51 INFO FileSourceStrategy: Post-Scan Filters:
[2026-01-29T19:36:51.234+0530] {subprocess.py:106} INFO - 26/01/29 19:36:51 INFO MemoryStore: Block broadcast_40 stored as values in memory (estimated size 350.2 KiB, free 365.1 MiB)
[2026-01-29T19:36:51.240+0530] {subprocess.py:106} INFO - 26/01/29 19:36:51 INFO MemoryStore: Block broadcast_40_piece0 stored as bytes in memory (estimated size 34.3 KiB, free 365.1 MiB)
[2026-01-29T19:36:51.241+0530] {subprocess.py:106} INFO - 26/01/29 19:36:51 INFO BlockManagerInfo: Added broadcast_40_piece0 in memory on Aishwarya92848DBDA:38109 (size: 34.3 KiB, free: 366.2 MiB)
[2026-01-29T19:36:51.241+0530] {subprocess.py:106} INFO - 26/01/29 19:36:51 INFO SparkContext: Created broadcast 40 from approxQuantile at NativeMethodAccessorImpl.java:0
[2026-01-29T19:36:51.242+0530] {subprocess.py:106} INFO - 26/01/29 19:36:51 INFO FileSourceScanExec: Planning scan with bin packing, max size: 4194304 bytes, open cost is considered as scanning 4194304 bytes.
[2026-01-29T19:36:51.251+0530] {subprocess.py:106} INFO - 26/01/29 19:36:51 INFO SparkContext: Starting job: approxQuantile at NativeMethodAccessorImpl.java:0
[2026-01-29T19:36:51.251+0530] {subprocess.py:106} INFO - 26/01/29 19:36:51 INFO DAGScheduler: Got job 24 (approxQuantile at NativeMethodAccessorImpl.java:0) with 1 output partitions
[2026-01-29T19:36:51.252+0530] {subprocess.py:106} INFO - 26/01/29 19:36:51 INFO DAGScheduler: Final stage: ResultStage 32 (approxQuantile at NativeMethodAccessorImpl.java:0)
[2026-01-29T19:36:51.252+0530] {subprocess.py:106} INFO - 26/01/29 19:36:51 INFO DAGScheduler: Parents of final stage: List()
[2026-01-29T19:36:51.253+0530] {subprocess.py:106} INFO - 26/01/29 19:36:51 INFO DAGScheduler: Missing parents: List()
[2026-01-29T19:36:51.253+0530] {subprocess.py:106} INFO - 26/01/29 19:36:51 INFO DAGScheduler: Submitting ResultStage 32 (MapPartitionsRDD[107] at approxQuantile at NativeMethodAccessorImpl.java:0), which has no missing parents
[2026-01-29T19:36:51.256+0530] {subprocess.py:106} INFO - 26/01/29 19:36:51 INFO MemoryStore: Block broadcast_41 stored as values in memory (estimated size 20.0 KiB, free 365.1 MiB)
[2026-01-29T19:36:51.257+0530] {subprocess.py:106} INFO - 26/01/29 19:36:51 INFO MemoryStore: Block broadcast_41_piece0 stored as bytes in memory (estimated size 9.5 KiB, free 365.1 MiB)
[2026-01-29T19:36:51.257+0530] {subprocess.py:106} INFO - 26/01/29 19:36:51 INFO BlockManagerInfo: Added broadcast_41_piece0 in memory on Aishwarya92848DBDA:38109 (size: 9.5 KiB, free: 366.2 MiB)
[2026-01-29T19:36:51.257+0530] {subprocess.py:106} INFO - 26/01/29 19:36:51 INFO SparkContext: Created broadcast 41 from broadcast at DAGScheduler.scala:1585
[2026-01-29T19:36:51.258+0530] {subprocess.py:106} INFO - 26/01/29 19:36:51 INFO DAGScheduler: Submitting 1 missing tasks from ResultStage 32 (MapPartitionsRDD[107] at approxQuantile at NativeMethodAccessorImpl.java:0) (first 15 tasks are for partitions Vector(0))
[2026-01-29T19:36:51.258+0530] {subprocess.py:106} INFO - 26/01/29 19:36:51 INFO TaskSchedulerImpl: Adding task set 32.0 with 1 tasks resource profile 0
[2026-01-29T19:36:51.259+0530] {subprocess.py:106} INFO - 26/01/29 19:36:51 INFO TaskSetManager: Starting task 0.0 in stage 32.0 (TID 24) (Aishwarya92848DBDA, executor driver, partition 0, NODE_LOCAL, 8241 bytes)
[2026-01-29T19:36:51.259+0530] {subprocess.py:106} INFO - 26/01/29 19:36:51 INFO Executor: Running task 0.0 in stage 32.0 (TID 24)
[2026-01-29T19:36:51.263+0530] {subprocess.py:106} INFO - 26/01/29 19:36:51 INFO FileScanRDD: Reading File path: hdfs://localhost:9000/weather/data/raw_data/weather_dataset.csv, range: 0-1642, partition values: [empty row]
[2026-01-29T19:36:51.271+0530] {subprocess.py:106} INFO - 26/01/29 19:36:51 INFO Executor: Finished task 0.0 in stage 32.0 (TID 24). 2698 bytes result sent to driver
[2026-01-29T19:36:51.272+0530] {subprocess.py:106} INFO - 26/01/29 19:36:51 INFO TaskSetManager: Finished task 0.0 in stage 32.0 (TID 24) in 14 ms on Aishwarya92848DBDA (executor driver) (1/1)
[2026-01-29T19:36:51.272+0530] {subprocess.py:106} INFO - 26/01/29 19:36:51 INFO TaskSchedulerImpl: Removed TaskSet 32.0, whose tasks have all completed, from pool
[2026-01-29T19:36:51.273+0530] {subprocess.py:106} INFO - 26/01/29 19:36:51 INFO DAGScheduler: ResultStage 32 (approxQuantile at NativeMethodAccessorImpl.java:0) finished in 0.019 s
[2026-01-29T19:36:51.273+0530] {subprocess.py:106} INFO - 26/01/29 19:36:51 INFO DAGScheduler: Job 24 is finished. Cancelling potential speculative or zombie tasks for this job
[2026-01-29T19:36:51.273+0530] {subprocess.py:106} INFO - 26/01/29 19:36:51 INFO TaskSchedulerImpl: Killing all running tasks in stage 32: Stage finished
[2026-01-29T19:36:51.273+0530] {subprocess.py:106} INFO - 26/01/29 19:36:51 INFO DAGScheduler: Job 24 finished: approxQuantile at NativeMethodAccessorImpl.java:0, took 0.022285 s
[2026-01-29T19:36:51.341+0530] {subprocess.py:106} INFO - 26/01/29 19:36:51 INFO FileSourceStrategy: Pushed Filters: Or(LessThan(wind_speed_10m_max,-1.2500000000000009),GreaterThan(wind_speed_10m_max,21.55))
[2026-01-29T19:36:51.341+0530] {subprocess.py:106} INFO - 26/01/29 19:36:51 INFO FileSourceStrategy: Post-Scan Filters: ((wind_speed_10m_max#26 < -1.2500000000000009) OR (wind_speed_10m_max#26 > 21.55))
[2026-01-29T19:36:51.361+0530] {subprocess.py:106} INFO - 26/01/29 19:36:51 INFO CodeGenerator: Code generated in 9.80299 ms
[2026-01-29T19:36:51.363+0530] {subprocess.py:106} INFO - 26/01/29 19:36:51 INFO MemoryStore: Block broadcast_42 stored as values in memory (estimated size 350.2 KiB, free 364.7 MiB)
[2026-01-29T19:36:51.369+0530] {subprocess.py:106} INFO - 26/01/29 19:36:51 INFO MemoryStore: Block broadcast_42_piece0 stored as bytes in memory (estimated size 34.3 KiB, free 364.7 MiB)
[2026-01-29T19:36:51.369+0530] {subprocess.py:106} INFO - 26/01/29 19:36:51 INFO BlockManagerInfo: Added broadcast_42_piece0 in memory on Aishwarya92848DBDA:38109 (size: 34.3 KiB, free: 366.1 MiB)
[2026-01-29T19:36:51.370+0530] {subprocess.py:106} INFO - 26/01/29 19:36:51 INFO SparkContext: Created broadcast 42 from count at NativeMethodAccessorImpl.java:0
[2026-01-29T19:36:51.371+0530] {subprocess.py:106} INFO - 26/01/29 19:36:51 INFO FileSourceScanExec: Planning scan with bin packing, max size: 4194304 bytes, open cost is considered as scanning 4194304 bytes.
[2026-01-29T19:36:51.374+0530] {subprocess.py:106} INFO - 26/01/29 19:36:51 INFO DAGScheduler: Registering RDD 111 (count at NativeMethodAccessorImpl.java:0) as input to shuffle 8
[2026-01-29T19:36:51.375+0530] {subprocess.py:106} INFO - 26/01/29 19:36:51 INFO DAGScheduler: Got map stage job 25 (count at NativeMethodAccessorImpl.java:0) with 1 output partitions
[2026-01-29T19:36:51.375+0530] {subprocess.py:106} INFO - 26/01/29 19:36:51 INFO DAGScheduler: Final stage: ShuffleMapStage 33 (count at NativeMethodAccessorImpl.java:0)
[2026-01-29T19:36:51.375+0530] {subprocess.py:106} INFO - 26/01/29 19:36:51 INFO DAGScheduler: Parents of final stage: List()
[2026-01-29T19:36:51.376+0530] {subprocess.py:106} INFO - 26/01/29 19:36:51 INFO DAGScheduler: Missing parents: List()
[2026-01-29T19:36:51.376+0530] {subprocess.py:106} INFO - 26/01/29 19:36:51 INFO DAGScheduler: Submitting ShuffleMapStage 33 (MapPartitionsRDD[111] at count at NativeMethodAccessorImpl.java:0), which has no missing parents
[2026-01-29T19:36:51.377+0530] {subprocess.py:106} INFO - 26/01/29 19:36:51 INFO MemoryStore: Block broadcast_43 stored as values in memory (estimated size 20.0 KiB, free 364.7 MiB)
[2026-01-29T19:36:51.378+0530] {subprocess.py:106} INFO - 26/01/29 19:36:51 INFO MemoryStore: Block broadcast_43_piece0 stored as bytes in memory (estimated size 9.7 KiB, free 364.7 MiB)
[2026-01-29T19:36:51.379+0530] {subprocess.py:106} INFO - 26/01/29 19:36:51 INFO BlockManagerInfo: Added broadcast_43_piece0 in memory on Aishwarya92848DBDA:38109 (size: 9.7 KiB, free: 366.1 MiB)
[2026-01-29T19:36:51.379+0530] {subprocess.py:106} INFO - 26/01/29 19:36:51 INFO SparkContext: Created broadcast 43 from broadcast at DAGScheduler.scala:1585
[2026-01-29T19:36:51.379+0530] {subprocess.py:106} INFO - 26/01/29 19:36:51 INFO DAGScheduler: Submitting 1 missing tasks from ShuffleMapStage 33 (MapPartitionsRDD[111] at count at NativeMethodAccessorImpl.java:0) (first 15 tasks are for partitions Vector(0))
[2026-01-29T19:36:51.379+0530] {subprocess.py:106} INFO - 26/01/29 19:36:51 INFO TaskSchedulerImpl: Adding task set 33.0 with 1 tasks resource profile 0
[2026-01-29T19:36:51.380+0530] {subprocess.py:106} INFO - 26/01/29 19:36:51 INFO TaskSetManager: Starting task 0.0 in stage 33.0 (TID 25) (Aishwarya92848DBDA, executor driver, partition 0, NODE_LOCAL, 8230 bytes)
[2026-01-29T19:36:51.381+0530] {subprocess.py:106} INFO - 26/01/29 19:36:51 INFO Executor: Running task 0.0 in stage 33.0 (TID 25)
[2026-01-29T19:36:51.391+0530] {subprocess.py:106} INFO - 26/01/29 19:36:51 INFO CodeGenerator: Code generated in 7.766919 ms
[2026-01-29T19:36:51.392+0530] {subprocess.py:106} INFO - 26/01/29 19:36:51 INFO FileScanRDD: Reading File path: hdfs://localhost:9000/weather/data/raw_data/weather_dataset.csv, range: 0-1642, partition values: [empty row]
[2026-01-29T19:36:51.401+0530] {subprocess.py:106} INFO - 26/01/29 19:36:51 INFO CodeGenerator: Code generated in 5.704769 ms
[2026-01-29T19:36:51.408+0530] {subprocess.py:106} INFO - 26/01/29 19:36:51 INFO Executor: Finished task 0.0 in stage 33.0 (TID 25). 1990 bytes result sent to driver
[2026-01-29T19:36:51.409+0530] {subprocess.py:106} INFO - 26/01/29 19:36:51 INFO TaskSetManager: Finished task 0.0 in stage 33.0 (TID 25) in 29 ms on Aishwarya92848DBDA (executor driver) (1/1)
[2026-01-29T19:36:51.409+0530] {subprocess.py:106} INFO - 26/01/29 19:36:51 INFO TaskSchedulerImpl: Removed TaskSet 33.0, whose tasks have all completed, from pool
[2026-01-29T19:36:51.410+0530] {subprocess.py:106} INFO - 26/01/29 19:36:51 INFO DAGScheduler: ShuffleMapStage 33 (count at NativeMethodAccessorImpl.java:0) finished in 0.034 s
[2026-01-29T19:36:51.410+0530] {subprocess.py:106} INFO - 26/01/29 19:36:51 INFO DAGScheduler: looking for newly runnable stages
[2026-01-29T19:36:51.410+0530] {subprocess.py:106} INFO - 26/01/29 19:36:51 INFO DAGScheduler: running: Set()
[2026-01-29T19:36:51.410+0530] {subprocess.py:106} INFO - 26/01/29 19:36:51 INFO DAGScheduler: waiting: Set()
[2026-01-29T19:36:51.411+0530] {subprocess.py:106} INFO - 26/01/29 19:36:51 INFO DAGScheduler: failed: Set()
[2026-01-29T19:36:51.423+0530] {subprocess.py:106} INFO - 26/01/29 19:36:51 INFO SparkContext: Starting job: count at NativeMethodAccessorImpl.java:0
[2026-01-29T19:36:51.423+0530] {subprocess.py:106} INFO - 26/01/29 19:36:51 INFO DAGScheduler: Got job 26 (count at NativeMethodAccessorImpl.java:0) with 1 output partitions
[2026-01-29T19:36:51.423+0530] {subprocess.py:106} INFO - 26/01/29 19:36:51 INFO DAGScheduler: Final stage: ResultStage 35 (count at NativeMethodAccessorImpl.java:0)
[2026-01-29T19:36:51.424+0530] {subprocess.py:106} INFO - 26/01/29 19:36:51 INFO DAGScheduler: Parents of final stage: List(ShuffleMapStage 34)
[2026-01-29T19:36:51.424+0530] {subprocess.py:106} INFO - 26/01/29 19:36:51 INFO DAGScheduler: Missing parents: List()
[2026-01-29T19:36:51.424+0530] {subprocess.py:106} INFO - 26/01/29 19:36:51 INFO DAGScheduler: Submitting ResultStage 35 (MapPartitionsRDD[114] at count at NativeMethodAccessorImpl.java:0), which has no missing parents
[2026-01-29T19:36:51.425+0530] {subprocess.py:106} INFO - 26/01/29 19:36:51 INFO MemoryStore: Block broadcast_44 stored as values in memory (estimated size 12.5 KiB, free 364.7 MiB)
[2026-01-29T19:36:51.426+0530] {subprocess.py:106} INFO - 26/01/29 19:36:51 INFO MemoryStore: Block broadcast_44_piece0 stored as bytes in memory (estimated size 5.9 KiB, free 364.6 MiB)
[2026-01-29T19:36:51.426+0530] {subprocess.py:106} INFO - 26/01/29 19:36:51 INFO BlockManagerInfo: Added broadcast_44_piece0 in memory on Aishwarya92848DBDA:38109 (size: 5.9 KiB, free: 366.1 MiB)
[2026-01-29T19:36:51.427+0530] {subprocess.py:106} INFO - 26/01/29 19:36:51 INFO SparkContext: Created broadcast 44 from broadcast at DAGScheduler.scala:1585
[2026-01-29T19:36:51.427+0530] {subprocess.py:106} INFO - 26/01/29 19:36:51 INFO DAGScheduler: Submitting 1 missing tasks from ResultStage 35 (MapPartitionsRDD[114] at count at NativeMethodAccessorImpl.java:0) (first 15 tasks are for partitions Vector(0))
[2026-01-29T19:36:51.427+0530] {subprocess.py:106} INFO - 26/01/29 19:36:51 INFO TaskSchedulerImpl: Adding task set 35.0 with 1 tasks resource profile 0
[2026-01-29T19:36:51.428+0530] {subprocess.py:106} INFO - 26/01/29 19:36:51 INFO TaskSetManager: Starting task 0.0 in stage 35.0 (TID 26) (Aishwarya92848DBDA, executor driver, partition 0, NODE_LOCAL, 7615 bytes)
[2026-01-29T19:36:51.428+0530] {subprocess.py:106} INFO - 26/01/29 19:36:51 INFO Executor: Running task 0.0 in stage 35.0 (TID 26)
[2026-01-29T19:36:51.430+0530] {subprocess.py:106} INFO - 26/01/29 19:36:51 INFO ShuffleBlockFetcherIterator: Getting 1 (60.0 B) non-empty blocks including 1 (60.0 B) local and 0 (0.0 B) host-local and 0 (0.0 B) push-merged-local and 0 (0.0 B) remote blocks
[2026-01-29T19:36:51.431+0530] {subprocess.py:106} INFO - 26/01/29 19:36:51 INFO ShuffleBlockFetcherIterator: Started 0 remote fetches in 0 ms
[2026-01-29T19:36:51.432+0530] {subprocess.py:106} INFO - 26/01/29 19:36:51 INFO Executor: Finished task 0.0 in stage 35.0 (TID 26). 3988 bytes result sent to driver
[2026-01-29T19:36:51.433+0530] {subprocess.py:106} INFO - 26/01/29 19:36:51 INFO TaskSetManager: Finished task 0.0 in stage 35.0 (TID 26) in 5 ms on Aishwarya92848DBDA (executor driver) (1/1)
[2026-01-29T19:36:51.433+0530] {subprocess.py:106} INFO - 26/01/29 19:36:51 INFO TaskSchedulerImpl: Removed TaskSet 35.0, whose tasks have all completed, from pool
[2026-01-29T19:36:51.434+0530] {subprocess.py:106} INFO - 26/01/29 19:36:51 INFO DAGScheduler: ResultStage 35 (count at NativeMethodAccessorImpl.java:0) finished in 0.010 s
[2026-01-29T19:36:51.435+0530] {subprocess.py:106} INFO - 26/01/29 19:36:51 INFO DAGScheduler: Job 26 is finished. Cancelling potential speculative or zombie tasks for this job
[2026-01-29T19:36:51.435+0530] {subprocess.py:106} INFO - 26/01/29 19:36:51 INFO TaskSchedulerImpl: Killing all running tasks in stage 35: Stage finished
[2026-01-29T19:36:51.435+0530] {subprocess.py:106} INFO - 26/01/29 19:36:51 INFO DAGScheduler: Job 26 finished: count at NativeMethodAccessorImpl.java:0, took 0.011914 s
[2026-01-29T19:36:51.436+0530] {subprocess.py:106} INFO - wind_speed_10m_max: Outliers = 0
[2026-01-29T19:36:51.464+0530] {subprocess.py:106} INFO - 26/01/29 19:36:51 INFO FileSourceStrategy: Pushed Filters:
[2026-01-29T19:36:51.464+0530] {subprocess.py:106} INFO - 26/01/29 19:36:51 INFO FileSourceStrategy: Post-Scan Filters:
[2026-01-29T19:36:51.468+0530] {subprocess.py:106} INFO - 26/01/29 19:36:51 INFO MemoryStore: Block broadcast_45 stored as values in memory (estimated size 350.2 KiB, free 364.3 MiB)
[2026-01-29T19:36:51.476+0530] {subprocess.py:106} INFO - 26/01/29 19:36:51 INFO MemoryStore: Block broadcast_45_piece0 stored as bytes in memory (estimated size 34.3 KiB, free 364.3 MiB)
[2026-01-29T19:36:51.477+0530] {subprocess.py:106} INFO - 26/01/29 19:36:51 INFO BlockManagerInfo: Added broadcast_45_piece0 in memory on Aishwarya92848DBDA:38109 (size: 34.3 KiB, free: 366.1 MiB)
[2026-01-29T19:36:51.477+0530] {subprocess.py:106} INFO - 26/01/29 19:36:51 INFO SparkContext: Created broadcast 45 from approxQuantile at NativeMethodAccessorImpl.java:0
[2026-01-29T19:36:51.478+0530] {subprocess.py:106} INFO - 26/01/29 19:36:51 INFO FileSourceScanExec: Planning scan with bin packing, max size: 4194304 bytes, open cost is considered as scanning 4194304 bytes.
[2026-01-29T19:36:51.488+0530] {subprocess.py:106} INFO - 26/01/29 19:36:51 INFO SparkContext: Starting job: approxQuantile at NativeMethodAccessorImpl.java:0
[2026-01-29T19:36:51.489+0530] {subprocess.py:106} INFO - 26/01/29 19:36:51 INFO DAGScheduler: Got job 27 (approxQuantile at NativeMethodAccessorImpl.java:0) with 1 output partitions
[2026-01-29T19:36:51.489+0530] {subprocess.py:106} INFO - 26/01/29 19:36:51 INFO DAGScheduler: Final stage: ResultStage 36 (approxQuantile at NativeMethodAccessorImpl.java:0)
[2026-01-29T19:36:51.490+0530] {subprocess.py:106} INFO - 26/01/29 19:36:51 INFO DAGScheduler: Parents of final stage: List()
[2026-01-29T19:36:51.490+0530] {subprocess.py:106} INFO - 26/01/29 19:36:51 INFO DAGScheduler: Missing parents: List()
[2026-01-29T19:36:51.490+0530] {subprocess.py:106} INFO - 26/01/29 19:36:51 INFO DAGScheduler: Submitting ResultStage 36 (MapPartitionsRDD[120] at approxQuantile at NativeMethodAccessorImpl.java:0), which has no missing parents
[2026-01-29T19:36:51.494+0530] {subprocess.py:106} INFO - 26/01/29 19:36:51 INFO MemoryStore: Block broadcast_46 stored as values in memory (estimated size 20.0 KiB, free 364.3 MiB)
[2026-01-29T19:36:51.495+0530] {subprocess.py:106} INFO - 26/01/29 19:36:51 INFO MemoryStore: Block broadcast_46_piece0 stored as bytes in memory (estimated size 9.5 KiB, free 364.2 MiB)
[2026-01-29T19:36:51.495+0530] {subprocess.py:106} INFO - 26/01/29 19:36:51 INFO BlockManagerInfo: Added broadcast_46_piece0 in memory on Aishwarya92848DBDA:38109 (size: 9.5 KiB, free: 366.1 MiB)
[2026-01-29T19:36:51.495+0530] {subprocess.py:106} INFO - 26/01/29 19:36:51 INFO SparkContext: Created broadcast 46 from broadcast at DAGScheduler.scala:1585
[2026-01-29T19:36:51.496+0530] {subprocess.py:106} INFO - 26/01/29 19:36:51 INFO DAGScheduler: Submitting 1 missing tasks from ResultStage 36 (MapPartitionsRDD[120] at approxQuantile at NativeMethodAccessorImpl.java:0) (first 15 tasks are for partitions Vector(0))
[2026-01-29T19:36:51.496+0530] {subprocess.py:106} INFO - 26/01/29 19:36:51 INFO TaskSchedulerImpl: Adding task set 36.0 with 1 tasks resource profile 0
[2026-01-29T19:36:51.497+0530] {subprocess.py:106} INFO - 26/01/29 19:36:51 INFO TaskSetManager: Starting task 0.0 in stage 36.0 (TID 27) (Aishwarya92848DBDA, executor driver, partition 0, NODE_LOCAL, 8241 bytes)
[2026-01-29T19:36:51.497+0530] {subprocess.py:106} INFO - 26/01/29 19:36:51 INFO Executor: Running task 0.0 in stage 36.0 (TID 27)
[2026-01-29T19:36:51.502+0530] {subprocess.py:106} INFO - 26/01/29 19:36:51 INFO FileScanRDD: Reading File path: hdfs://localhost:9000/weather/data/raw_data/weather_dataset.csv, range: 0-1642, partition values: [empty row]
[2026-01-29T19:36:51.510+0530] {subprocess.py:106} INFO - 26/01/29 19:36:51 INFO Executor: Finished task 0.0 in stage 36.0 (TID 27). 2698 bytes result sent to driver
[2026-01-29T19:36:51.511+0530] {subprocess.py:106} INFO - 26/01/29 19:36:51 INFO TaskSetManager: Finished task 0.0 in stage 36.0 (TID 27) in 15 ms on Aishwarya92848DBDA (executor driver) (1/1)
[2026-01-29T19:36:51.511+0530] {subprocess.py:106} INFO - 26/01/29 19:36:51 INFO TaskSchedulerImpl: Removed TaskSet 36.0, whose tasks have all completed, from pool
[2026-01-29T19:36:51.511+0530] {subprocess.py:106} INFO - 26/01/29 19:36:51 INFO DAGScheduler: ResultStage 36 (approxQuantile at NativeMethodAccessorImpl.java:0) finished in 0.021 s
[2026-01-29T19:36:51.512+0530] {subprocess.py:106} INFO - 26/01/29 19:36:51 INFO DAGScheduler: Job 27 is finished. Cancelling potential speculative or zombie tasks for this job
[2026-01-29T19:36:51.512+0530] {subprocess.py:106} INFO - 26/01/29 19:36:51 INFO TaskSchedulerImpl: Killing all running tasks in stage 36: Stage finished
[2026-01-29T19:36:51.512+0530] {subprocess.py:106} INFO - 26/01/29 19:36:51 INFO DAGScheduler: Job 27 finished: approxQuantile at NativeMethodAccessorImpl.java:0, took 0.024037 s
[2026-01-29T19:36:51.578+0530] {subprocess.py:106} INFO - 26/01/29 19:36:51 INFO FileSourceStrategy: Pushed Filters: Or(LessThan(wind_gusts_10m_max,8.700000000000005),GreaterThan(wind_gusts_10m_max,43.099999999999994))
[2026-01-29T19:36:51.578+0530] {subprocess.py:106} INFO - 26/01/29 19:36:51 INFO FileSourceStrategy: Post-Scan Filters: ((wind_gusts_10m_max#27 < 8.700000000000005) OR (wind_gusts_10m_max#27 > 43.099999999999994))
[2026-01-29T19:36:51.598+0530] {subprocess.py:106} INFO - 26/01/29 19:36:51 INFO CodeGenerator: Code generated in 9.418133 ms
[2026-01-29T19:36:51.600+0530] {subprocess.py:106} INFO - 26/01/29 19:36:51 INFO MemoryStore: Block broadcast_47 stored as values in memory (estimated size 350.2 KiB, free 363.9 MiB)
[2026-01-29T19:36:51.606+0530] {subprocess.py:106} INFO - 26/01/29 19:36:51 INFO MemoryStore: Block broadcast_47_piece0 stored as bytes in memory (estimated size 34.3 KiB, free 363.9 MiB)
[2026-01-29T19:36:51.607+0530] {subprocess.py:106} INFO - 26/01/29 19:36:51 INFO BlockManagerInfo: Added broadcast_47_piece0 in memory on Aishwarya92848DBDA:38109 (size: 34.3 KiB, free: 366.0 MiB)
[2026-01-29T19:36:51.607+0530] {subprocess.py:106} INFO - 26/01/29 19:36:51 INFO SparkContext: Created broadcast 47 from count at NativeMethodAccessorImpl.java:0
[2026-01-29T19:36:51.608+0530] {subprocess.py:106} INFO - 26/01/29 19:36:51 INFO FileSourceScanExec: Planning scan with bin packing, max size: 4194304 bytes, open cost is considered as scanning 4194304 bytes.
[2026-01-29T19:36:51.611+0530] {subprocess.py:106} INFO - 26/01/29 19:36:51 INFO DAGScheduler: Registering RDD 124 (count at NativeMethodAccessorImpl.java:0) as input to shuffle 9
[2026-01-29T19:36:51.611+0530] {subprocess.py:106} INFO - 26/01/29 19:36:51 INFO DAGScheduler: Got map stage job 28 (count at NativeMethodAccessorImpl.java:0) with 1 output partitions
[2026-01-29T19:36:51.611+0530] {subprocess.py:106} INFO - 26/01/29 19:36:51 INFO DAGScheduler: Final stage: ShuffleMapStage 37 (count at NativeMethodAccessorImpl.java:0)
[2026-01-29T19:36:51.612+0530] {subprocess.py:106} INFO - 26/01/29 19:36:51 INFO DAGScheduler: Parents of final stage: List()
[2026-01-29T19:36:51.612+0530] {subprocess.py:106} INFO - 26/01/29 19:36:51 INFO DAGScheduler: Missing parents: List()
[2026-01-29T19:36:51.612+0530] {subprocess.py:106} INFO - 26/01/29 19:36:51 INFO DAGScheduler: Submitting ShuffleMapStage 37 (MapPartitionsRDD[124] at count at NativeMethodAccessorImpl.java:0), which has no missing parents
[2026-01-29T19:36:51.615+0530] {subprocess.py:106} INFO - 26/01/29 19:36:51 INFO MemoryStore: Block broadcast_48 stored as values in memory (estimated size 20.0 KiB, free 363.8 MiB)
[2026-01-29T19:36:51.616+0530] {subprocess.py:106} INFO - 26/01/29 19:36:51 INFO MemoryStore: Block broadcast_48_piece0 stored as bytes in memory (estimated size 9.7 KiB, free 363.8 MiB)
[2026-01-29T19:36:51.616+0530] {subprocess.py:106} INFO - 26/01/29 19:36:51 INFO BlockManagerInfo: Added broadcast_48_piece0 in memory on Aishwarya92848DBDA:38109 (size: 9.7 KiB, free: 366.0 MiB)
[2026-01-29T19:36:51.617+0530] {subprocess.py:106} INFO - 26/01/29 19:36:51 INFO SparkContext: Created broadcast 48 from broadcast at DAGScheduler.scala:1585
[2026-01-29T19:36:51.617+0530] {subprocess.py:106} INFO - 26/01/29 19:36:51 INFO DAGScheduler: Submitting 1 missing tasks from ShuffleMapStage 37 (MapPartitionsRDD[124] at count at NativeMethodAccessorImpl.java:0) (first 15 tasks are for partitions Vector(0))
[2026-01-29T19:36:51.617+0530] {subprocess.py:106} INFO - 26/01/29 19:36:51 INFO TaskSchedulerImpl: Adding task set 37.0 with 1 tasks resource profile 0
[2026-01-29T19:36:51.618+0530] {subprocess.py:106} INFO - 26/01/29 19:36:51 INFO TaskSetManager: Starting task 0.0 in stage 37.0 (TID 28) (Aishwarya92848DBDA, executor driver, partition 0, NODE_LOCAL, 8230 bytes)
[2026-01-29T19:36:51.618+0530] {subprocess.py:106} INFO - 26/01/29 19:36:51 INFO Executor: Running task 0.0 in stage 37.0 (TID 28)
[2026-01-29T19:36:51.632+0530] {subprocess.py:106} INFO - 26/01/29 19:36:51 INFO CodeGenerator: Code generated in 10.991628 ms
[2026-01-29T19:36:51.633+0530] {subprocess.py:106} INFO - 26/01/29 19:36:51 INFO FileScanRDD: Reading File path: hdfs://localhost:9000/weather/data/raw_data/weather_dataset.csv, range: 0-1642, partition values: [empty row]
[2026-01-29T19:36:51.643+0530] {subprocess.py:106} INFO - 26/01/29 19:36:51 INFO CodeGenerator: Code generated in 7.118056 ms
[2026-01-29T19:36:51.651+0530] {subprocess.py:106} INFO - 26/01/29 19:36:51 INFO Executor: Finished task 0.0 in stage 37.0 (TID 28). 1990 bytes result sent to driver
[2026-01-29T19:36:51.652+0530] {subprocess.py:106} INFO - 26/01/29 19:36:51 INFO TaskSetManager: Finished task 0.0 in stage 37.0 (TID 28) in 33 ms on Aishwarya92848DBDA (executor driver) (1/1)
[2026-01-29T19:36:51.652+0530] {subprocess.py:106} INFO - 26/01/29 19:36:51 INFO TaskSchedulerImpl: Removed TaskSet 37.0, whose tasks have all completed, from pool
[2026-01-29T19:36:51.653+0530] {subprocess.py:106} INFO - 26/01/29 19:36:51 INFO DAGScheduler: ShuffleMapStage 37 (count at NativeMethodAccessorImpl.java:0) finished in 0.040 s
[2026-01-29T19:36:51.653+0530] {subprocess.py:106} INFO - 26/01/29 19:36:51 INFO DAGScheduler: looking for newly runnable stages
[2026-01-29T19:36:51.654+0530] {subprocess.py:106} INFO - 26/01/29 19:36:51 INFO DAGScheduler: running: Set()
[2026-01-29T19:36:51.654+0530] {subprocess.py:106} INFO - 26/01/29 19:36:51 INFO DAGScheduler: waiting: Set()
[2026-01-29T19:36:51.655+0530] {subprocess.py:106} INFO - 26/01/29 19:36:51 INFO DAGScheduler: failed: Set()
[2026-01-29T19:36:51.666+0530] {subprocess.py:106} INFO - 26/01/29 19:36:51 INFO SparkContext: Starting job: count at NativeMethodAccessorImpl.java:0
[2026-01-29T19:36:51.667+0530] {subprocess.py:106} INFO - 26/01/29 19:36:51 INFO DAGScheduler: Got job 29 (count at NativeMethodAccessorImpl.java:0) with 1 output partitions
[2026-01-29T19:36:51.667+0530] {subprocess.py:106} INFO - 26/01/29 19:36:51 INFO DAGScheduler: Final stage: ResultStage 39 (count at NativeMethodAccessorImpl.java:0)
[2026-01-29T19:36:51.667+0530] {subprocess.py:106} INFO - 26/01/29 19:36:51 INFO DAGScheduler: Parents of final stage: List(ShuffleMapStage 38)
[2026-01-29T19:36:51.668+0530] {subprocess.py:106} INFO - 26/01/29 19:36:51 INFO DAGScheduler: Missing parents: List()
[2026-01-29T19:36:51.668+0530] {subprocess.py:106} INFO - 26/01/29 19:36:51 INFO DAGScheduler: Submitting ResultStage 39 (MapPartitionsRDD[127] at count at NativeMethodAccessorImpl.java:0), which has no missing parents
[2026-01-29T19:36:51.669+0530] {subprocess.py:106} INFO - 26/01/29 19:36:51 INFO MemoryStore: Block broadcast_49 stored as values in memory (estimated size 12.5 KiB, free 363.8 MiB)
[2026-01-29T19:36:51.670+0530] {subprocess.py:106} INFO - 26/01/29 19:36:51 INFO MemoryStore: Block broadcast_49_piece0 stored as bytes in memory (estimated size 6.0 KiB, free 363.8 MiB)
[2026-01-29T19:36:51.670+0530] {subprocess.py:106} INFO - 26/01/29 19:36:51 INFO BlockManagerInfo: Added broadcast_49_piece0 in memory on Aishwarya92848DBDA:38109 (size: 6.0 KiB, free: 366.0 MiB)
[2026-01-29T19:36:51.671+0530] {subprocess.py:106} INFO - 26/01/29 19:36:51 INFO SparkContext: Created broadcast 49 from broadcast at DAGScheduler.scala:1585
[2026-01-29T19:36:51.671+0530] {subprocess.py:106} INFO - 26/01/29 19:36:51 INFO DAGScheduler: Submitting 1 missing tasks from ResultStage 39 (MapPartitionsRDD[127] at count at NativeMethodAccessorImpl.java:0) (first 15 tasks are for partitions Vector(0))
[2026-01-29T19:36:51.671+0530] {subprocess.py:106} INFO - 26/01/29 19:36:51 INFO TaskSchedulerImpl: Adding task set 39.0 with 1 tasks resource profile 0
[2026-01-29T19:36:51.672+0530] {subprocess.py:106} INFO - 26/01/29 19:36:51 INFO TaskSetManager: Starting task 0.0 in stage 39.0 (TID 29) (Aishwarya92848DBDA, executor driver, partition 0, NODE_LOCAL, 7615 bytes)
[2026-01-29T19:36:51.673+0530] {subprocess.py:106} INFO - 26/01/29 19:36:51 INFO Executor: Running task 0.0 in stage 39.0 (TID 29)
[2026-01-29T19:36:51.675+0530] {subprocess.py:106} INFO - 26/01/29 19:36:51 INFO ShuffleBlockFetcherIterator: Getting 1 (60.0 B) non-empty blocks including 1 (60.0 B) local and 0 (0.0 B) host-local and 0 (0.0 B) push-merged-local and 0 (0.0 B) remote blocks
[2026-01-29T19:36:51.676+0530] {subprocess.py:106} INFO - 26/01/29 19:36:51 INFO ShuffleBlockFetcherIterator: Started 0 remote fetches in 0 ms
[2026-01-29T19:36:51.677+0530] {subprocess.py:106} INFO - 26/01/29 19:36:51 INFO Executor: Finished task 0.0 in stage 39.0 (TID 29). 3988 bytes result sent to driver
[2026-01-29T19:36:51.678+0530] {subprocess.py:106} INFO - 26/01/29 19:36:51 INFO TaskSetManager: Finished task 0.0 in stage 39.0 (TID 29) in 6 ms on Aishwarya92848DBDA (executor driver) (1/1)
[2026-01-29T19:36:51.678+0530] {subprocess.py:106} INFO - 26/01/29 19:36:51 INFO TaskSchedulerImpl: Removed TaskSet 39.0, whose tasks have all completed, from pool
[2026-01-29T19:36:51.678+0530] {subprocess.py:106} INFO - 26/01/29 19:36:51 INFO DAGScheduler: ResultStage 39 (count at NativeMethodAccessorImpl.java:0) finished in 0.010 s
[2026-01-29T19:36:51.679+0530] {subprocess.py:106} INFO - 26/01/29 19:36:51 INFO DAGScheduler: Job 29 is finished. Cancelling potential speculative or zombie tasks for this job
[2026-01-29T19:36:51.679+0530] {subprocess.py:106} INFO - 26/01/29 19:36:51 INFO TaskSchedulerImpl: Killing all running tasks in stage 39: Stage finished
[2026-01-29T19:36:51.679+0530] {subprocess.py:106} INFO - 26/01/29 19:36:51 INFO DAGScheduler: Job 29 finished: count at NativeMethodAccessorImpl.java:0, took 0.013072 s
[2026-01-29T19:36:51.680+0530] {subprocess.py:106} INFO - wind_gusts_10m_max: Outliers = 0
[2026-01-29T19:36:51.706+0530] {subprocess.py:106} INFO - 26/01/29 19:36:51 INFO FileSourceStrategy: Pushed Filters:
[2026-01-29T19:36:51.706+0530] {subprocess.py:106} INFO - 26/01/29 19:36:51 INFO FileSourceStrategy: Post-Scan Filters:
[2026-01-29T19:36:51.709+0530] {subprocess.py:106} INFO - 26/01/29 19:36:51 INFO MemoryStore: Block broadcast_50 stored as values in memory (estimated size 350.2 KiB, free 363.5 MiB)
[2026-01-29T19:36:51.716+0530] {subprocess.py:106} INFO - 26/01/29 19:36:51 INFO MemoryStore: Block broadcast_50_piece0 stored as bytes in memory (estimated size 34.3 KiB, free 363.4 MiB)
[2026-01-29T19:36:51.716+0530] {subprocess.py:106} INFO - 26/01/29 19:36:51 INFO BlockManagerInfo: Added broadcast_50_piece0 in memory on Aishwarya92848DBDA:38109 (size: 34.3 KiB, free: 366.0 MiB)
[2026-01-29T19:36:51.717+0530] {subprocess.py:106} INFO - 26/01/29 19:36:51 INFO SparkContext: Created broadcast 50 from approxQuantile at NativeMethodAccessorImpl.java:0
[2026-01-29T19:36:51.718+0530] {subprocess.py:106} INFO - 26/01/29 19:36:51 INFO FileSourceScanExec: Planning scan with bin packing, max size: 4194304 bytes, open cost is considered as scanning 4194304 bytes.
[2026-01-29T19:36:51.731+0530] {subprocess.py:106} INFO - 26/01/29 19:36:51 INFO SparkContext: Starting job: approxQuantile at NativeMethodAccessorImpl.java:0
[2026-01-29T19:36:51.732+0530] {subprocess.py:106} INFO - 26/01/29 19:36:51 INFO DAGScheduler: Got job 30 (approxQuantile at NativeMethodAccessorImpl.java:0) with 1 output partitions
[2026-01-29T19:36:51.733+0530] {subprocess.py:106} INFO - 26/01/29 19:36:51 INFO DAGScheduler: Final stage: ResultStage 40 (approxQuantile at NativeMethodAccessorImpl.java:0)
[2026-01-29T19:36:51.734+0530] {subprocess.py:106} INFO - 26/01/29 19:36:51 INFO DAGScheduler: Parents of final stage: List()
[2026-01-29T19:36:51.734+0530] {subprocess.py:106} INFO - 26/01/29 19:36:51 INFO DAGScheduler: Missing parents: List()
[2026-01-29T19:36:51.734+0530] {subprocess.py:106} INFO - 26/01/29 19:36:51 INFO DAGScheduler: Submitting ResultStage 40 (MapPartitionsRDD[133] at approxQuantile at NativeMethodAccessorImpl.java:0), which has no missing parents
[2026-01-29T19:36:51.737+0530] {subprocess.py:106} INFO - 26/01/29 19:36:51 INFO MemoryStore: Block broadcast_51 stored as values in memory (estimated size 20.0 KiB, free 363.4 MiB)
[2026-01-29T19:36:51.739+0530] {subprocess.py:106} INFO - 26/01/29 19:36:51 INFO MemoryStore: Block broadcast_51_piece0 stored as bytes in memory (estimated size 9.5 KiB, free 363.4 MiB)
[2026-01-29T19:36:51.739+0530] {subprocess.py:106} INFO - 26/01/29 19:36:51 INFO BlockManagerInfo: Added broadcast_51_piece0 in memory on Aishwarya92848DBDA:38109 (size: 9.5 KiB, free: 366.0 MiB)
[2026-01-29T19:36:51.739+0530] {subprocess.py:106} INFO - 26/01/29 19:36:51 INFO SparkContext: Created broadcast 51 from broadcast at DAGScheduler.scala:1585
[2026-01-29T19:36:51.740+0530] {subprocess.py:106} INFO - 26/01/29 19:36:51 INFO DAGScheduler: Submitting 1 missing tasks from ResultStage 40 (MapPartitionsRDD[133] at approxQuantile at NativeMethodAccessorImpl.java:0) (first 15 tasks are for partitions Vector(0))
[2026-01-29T19:36:51.740+0530] {subprocess.py:106} INFO - 26/01/29 19:36:51 INFO TaskSchedulerImpl: Adding task set 40.0 with 1 tasks resource profile 0
[2026-01-29T19:36:51.741+0530] {subprocess.py:106} INFO - 26/01/29 19:36:51 INFO TaskSetManager: Starting task 0.0 in stage 40.0 (TID 30) (Aishwarya92848DBDA, executor driver, partition 0, NODE_LOCAL, 8241 bytes)
[2026-01-29T19:36:51.741+0530] {subprocess.py:106} INFO - 26/01/29 19:36:51 INFO Executor: Running task 0.0 in stage 40.0 (TID 30)
[2026-01-29T19:36:51.745+0530] {subprocess.py:106} INFO - 26/01/29 19:36:51 INFO FileScanRDD: Reading File path: hdfs://localhost:9000/weather/data/raw_data/weather_dataset.csv, range: 0-1642, partition values: [empty row]
[2026-01-29T19:36:51.753+0530] {subprocess.py:106} INFO - 26/01/29 19:36:51 INFO Executor: Finished task 0.0 in stage 40.0 (TID 30). 2698 bytes result sent to driver
[2026-01-29T19:36:51.754+0530] {subprocess.py:106} INFO - 26/01/29 19:36:51 INFO TaskSetManager: Finished task 0.0 in stage 40.0 (TID 30) in 13 ms on Aishwarya92848DBDA (executor driver) (1/1)
[2026-01-29T19:36:51.754+0530] {subprocess.py:106} INFO - 26/01/29 19:36:51 INFO TaskSchedulerImpl: Removed TaskSet 40.0, whose tasks have all completed, from pool
[2026-01-29T19:36:51.755+0530] {subprocess.py:106} INFO - 26/01/29 19:36:51 INFO DAGScheduler: ResultStage 40 (approxQuantile at NativeMethodAccessorImpl.java:0) finished in 0.020 s
[2026-01-29T19:36:51.755+0530] {subprocess.py:106} INFO - 26/01/29 19:36:51 INFO DAGScheduler: Job 30 is finished. Cancelling potential speculative or zombie tasks for this job
[2026-01-29T19:36:51.756+0530] {subprocess.py:106} INFO - 26/01/29 19:36:51 INFO TaskSchedulerImpl: Killing all running tasks in stage 40: Stage finished
[2026-01-29T19:36:51.756+0530] {subprocess.py:106} INFO - 26/01/29 19:36:51 INFO DAGScheduler: Job 30 finished: approxQuantile at NativeMethodAccessorImpl.java:0, took 0.023253 s
[2026-01-29T19:36:51.794+0530] {subprocess.py:106} INFO - 26/01/29 19:36:51 INFO BlockManagerInfo: Removed broadcast_42_piece0 on Aishwarya92848DBDA:38109 in memory (size: 34.3 KiB, free: 366.0 MiB)
[2026-01-29T19:36:51.797+0530] {subprocess.py:106} INFO - 26/01/29 19:36:51 INFO BlockManagerInfo: Removed broadcast_36_piece0 on Aishwarya92848DBDA:38109 in memory (size: 9.5 KiB, free: 366.0 MiB)
[2026-01-29T19:36:51.799+0530] {subprocess.py:106} INFO - 26/01/29 19:36:51 INFO BlockManagerInfo: Removed broadcast_48_piece0 on Aishwarya92848DBDA:38109 in memory (size: 9.7 KiB, free: 366.0 MiB)
[2026-01-29T19:36:51.801+0530] {subprocess.py:106} INFO - 26/01/29 19:36:51 INFO BlockManagerInfo: Removed broadcast_49_piece0 on Aishwarya92848DBDA:38109 in memory (size: 6.0 KiB, free: 366.0 MiB)
[2026-01-29T19:36:51.803+0530] {subprocess.py:106} INFO - 26/01/29 19:36:51 INFO BlockManagerInfo: Removed broadcast_37_piece0 on Aishwarya92848DBDA:38109 in memory (size: 34.3 KiB, free: 366.1 MiB)
[2026-01-29T19:36:51.805+0530] {subprocess.py:106} INFO - 26/01/29 19:36:51 INFO BlockManagerInfo: Removed broadcast_44_piece0 on Aishwarya92848DBDA:38109 in memory (size: 5.9 KiB, free: 366.1 MiB)
[2026-01-29T19:36:51.808+0530] {subprocess.py:106} INFO - 26/01/29 19:36:51 INFO BlockManagerInfo: Removed broadcast_46_piece0 on Aishwarya92848DBDA:38109 in memory (size: 9.5 KiB, free: 366.1 MiB)
[2026-01-29T19:36:51.810+0530] {subprocess.py:106} INFO - 26/01/29 19:36:51 INFO BlockManagerInfo: Removed broadcast_50_piece0 on Aishwarya92848DBDA:38109 in memory (size: 34.3 KiB, free: 366.1 MiB)
[2026-01-29T19:36:51.811+0530] {subprocess.py:106} INFO - 26/01/29 19:36:51 INFO BlockManagerInfo: Removed broadcast_43_piece0 on Aishwarya92848DBDA:38109 in memory (size: 9.7 KiB, free: 366.1 MiB)
[2026-01-29T19:36:51.812+0530] {subprocess.py:106} INFO - 26/01/29 19:36:51 INFO BlockManagerInfo: Removed broadcast_39_piece0 on Aishwarya92848DBDA:38109 in memory (size: 5.9 KiB, free: 366.1 MiB)
[2026-01-29T19:36:51.813+0530] {subprocess.py:106} INFO - 26/01/29 19:36:51 INFO BlockManagerInfo: Removed broadcast_47_piece0 on Aishwarya92848DBDA:38109 in memory (size: 34.3 KiB, free: 366.2 MiB)
[2026-01-29T19:36:51.814+0530] {subprocess.py:106} INFO - 26/01/29 19:36:51 INFO BlockManagerInfo: Removed broadcast_38_piece0 on Aishwarya92848DBDA:38109 in memory (size: 9.6 KiB, free: 366.2 MiB)
[2026-01-29T19:36:51.815+0530] {subprocess.py:106} INFO - 26/01/29 19:36:51 INFO BlockManagerInfo: Removed broadcast_45_piece0 on Aishwarya92848DBDA:38109 in memory (size: 34.3 KiB, free: 366.2 MiB)
[2026-01-29T19:36:51.816+0530] {subprocess.py:106} INFO - 26/01/29 19:36:51 INFO BlockManagerInfo: Removed broadcast_40_piece0 on Aishwarya92848DBDA:38109 in memory (size: 34.3 KiB, free: 366.2 MiB)
[2026-01-29T19:36:51.817+0530] {subprocess.py:106} INFO - 26/01/29 19:36:51 INFO BlockManagerInfo: Removed broadcast_35_piece0 on Aishwarya92848DBDA:38109 in memory (size: 34.3 KiB, free: 366.3 MiB)
[2026-01-29T19:36:51.818+0530] {subprocess.py:106} INFO - 26/01/29 19:36:51 INFO BlockManagerInfo: Removed broadcast_41_piece0 on Aishwarya92848DBDA:38109 in memory (size: 9.5 KiB, free: 366.3 MiB)
[2026-01-29T19:36:51.820+0530] {subprocess.py:106} INFO - 26/01/29 19:36:51 INFO BlockManagerInfo: Removed broadcast_51_piece0 on Aishwarya92848DBDA:38109 in memory (size: 9.5 KiB, free: 366.3 MiB)
[2026-01-29T19:36:51.872+0530] {subprocess.py:106} INFO - 26/01/29 19:36:51 INFO FileSourceStrategy: Pushed Filters: Or(LessThan(temperature_2m_max,9.199999999999998),GreaterThan(temperature_2m_max,40.4))
[2026-01-29T19:36:51.873+0530] {subprocess.py:106} INFO - 26/01/29 19:36:51 INFO FileSourceStrategy: Post-Scan Filters: ((temperature_2m_max#19 < 9.199999999999998) OR (temperature_2m_max#19 > 40.4))
[2026-01-29T19:36:51.897+0530] {subprocess.py:106} INFO - 26/01/29 19:36:51 INFO CodeGenerator: Code generated in 9.7613 ms
[2026-01-29T19:36:51.899+0530] {subprocess.py:106} INFO - 26/01/29 19:36:51 INFO MemoryStore: Block broadcast_52 stored as values in memory (estimated size 350.2 KiB, free 366.0 MiB)
[2026-01-29T19:36:51.905+0530] {subprocess.py:106} INFO - 26/01/29 19:36:51 INFO MemoryStore: Block broadcast_52_piece0 stored as bytes in memory (estimated size 34.3 KiB, free 365.9 MiB)
[2026-01-29T19:36:51.905+0530] {subprocess.py:106} INFO - 26/01/29 19:36:51 INFO BlockManagerInfo: Added broadcast_52_piece0 in memory on Aishwarya92848DBDA:38109 (size: 34.3 KiB, free: 366.3 MiB)
[2026-01-29T19:36:51.906+0530] {subprocess.py:106} INFO - 26/01/29 19:36:51 INFO SparkContext: Created broadcast 52 from showString at NativeMethodAccessorImpl.java:0
[2026-01-29T19:36:51.906+0530] {subprocess.py:106} INFO - 26/01/29 19:36:51 INFO FileSourceScanExec: Planning scan with bin packing, max size: 4194304 bytes, open cost is considered as scanning 4194304 bytes.
[2026-01-29T19:36:51.912+0530] {subprocess.py:106} INFO - 26/01/29 19:36:51 INFO SparkContext: Starting job: showString at NativeMethodAccessorImpl.java:0
[2026-01-29T19:36:51.913+0530] {subprocess.py:106} INFO - 26/01/29 19:36:51 INFO DAGScheduler: Got job 31 (showString at NativeMethodAccessorImpl.java:0) with 1 output partitions
[2026-01-29T19:36:51.914+0530] {subprocess.py:106} INFO - 26/01/29 19:36:51 INFO DAGScheduler: Final stage: ResultStage 41 (showString at NativeMethodAccessorImpl.java:0)
[2026-01-29T19:36:51.914+0530] {subprocess.py:106} INFO - 26/01/29 19:36:51 INFO DAGScheduler: Parents of final stage: List()
[2026-01-29T19:36:51.914+0530] {subprocess.py:106} INFO - 26/01/29 19:36:51 INFO DAGScheduler: Missing parents: List()
[2026-01-29T19:36:51.914+0530] {subprocess.py:106} INFO - 26/01/29 19:36:51 INFO DAGScheduler: Submitting ResultStage 41 (MapPartitionsRDD[137] at showString at NativeMethodAccessorImpl.java:0), which has no missing parents
[2026-01-29T19:36:51.915+0530] {subprocess.py:106} INFO - 26/01/29 19:36:51 INFO MemoryStore: Block broadcast_53 stored as values in memory (estimated size 18.4 KiB, free 365.9 MiB)
[2026-01-29T19:36:51.916+0530] {subprocess.py:106} INFO - 26/01/29 19:36:51 INFO MemoryStore: Block broadcast_53_piece0 stored as bytes in memory (estimated size 8.8 KiB, free 365.9 MiB)
[2026-01-29T19:36:51.917+0530] {subprocess.py:106} INFO - 26/01/29 19:36:51 INFO BlockManagerInfo: Added broadcast_53_piece0 in memory on Aishwarya92848DBDA:38109 (size: 8.8 KiB, free: 366.3 MiB)
[2026-01-29T19:36:51.917+0530] {subprocess.py:106} INFO - 26/01/29 19:36:51 INFO SparkContext: Created broadcast 53 from broadcast at DAGScheduler.scala:1585
[2026-01-29T19:36:51.917+0530] {subprocess.py:106} INFO - 26/01/29 19:36:51 INFO DAGScheduler: Submitting 1 missing tasks from ResultStage 41 (MapPartitionsRDD[137] at showString at NativeMethodAccessorImpl.java:0) (first 15 tasks are for partitions Vector(0))
[2026-01-29T19:36:51.918+0530] {subprocess.py:106} INFO - 26/01/29 19:36:51 INFO TaskSchedulerImpl: Adding task set 41.0 with 1 tasks resource profile 0
[2026-01-29T19:36:51.918+0530] {subprocess.py:106} INFO - 26/01/29 19:36:51 INFO TaskSetManager: Starting task 0.0 in stage 41.0 (TID 31) (Aishwarya92848DBDA, executor driver, partition 0, NODE_LOCAL, 8241 bytes)
[2026-01-29T19:36:51.919+0530] {subprocess.py:106} INFO - 26/01/29 19:36:51 INFO Executor: Running task 0.0 in stage 41.0 (TID 31)
[2026-01-29T19:36:51.930+0530] {subprocess.py:106} INFO - 26/01/29 19:36:51 INFO CodeGenerator: Code generated in 8.401355 ms
[2026-01-29T19:36:51.931+0530] {subprocess.py:106} INFO - 26/01/29 19:36:51 INFO FileScanRDD: Reading File path: hdfs://localhost:9000/weather/data/raw_data/weather_dataset.csv, range: 0-1642, partition values: [empty row]
[2026-01-29T19:36:51.937+0530] {subprocess.py:106} INFO - 26/01/29 19:36:51 INFO CodeGenerator: Code generated in 5.084421 ms
[2026-01-29T19:36:51.947+0530] {subprocess.py:106} INFO - 26/01/29 19:36:51 INFO CodeGenerator: Code generated in 6.886644 ms
[2026-01-29T19:36:51.956+0530] {subprocess.py:106} INFO - 26/01/29 19:36:51 INFO Executor: Finished task 0.0 in stage 41.0 (TID 31). 1551 bytes result sent to driver
[2026-01-29T19:36:51.957+0530] {subprocess.py:106} INFO - 26/01/29 19:36:51 INFO TaskSetManager: Finished task 0.0 in stage 41.0 (TID 31) in 39 ms on Aishwarya92848DBDA (executor driver) (1/1)
[2026-01-29T19:36:51.957+0530] {subprocess.py:106} INFO - 26/01/29 19:36:51 INFO TaskSchedulerImpl: Removed TaskSet 41.0, whose tasks have all completed, from pool
[2026-01-29T19:36:51.957+0530] {subprocess.py:106} INFO - 26/01/29 19:36:51 INFO DAGScheduler: ResultStage 41 (showString at NativeMethodAccessorImpl.java:0) finished in 0.043 s
[2026-01-29T19:36:51.958+0530] {subprocess.py:106} INFO - 26/01/29 19:36:51 INFO DAGScheduler: Job 31 is finished. Cancelling potential speculative or zombie tasks for this job
[2026-01-29T19:36:51.958+0530] {subprocess.py:106} INFO - 26/01/29 19:36:51 INFO TaskSchedulerImpl: Killing all running tasks in stage 41: Stage finished
[2026-01-29T19:36:51.958+0530] {subprocess.py:106} INFO - 26/01/29 19:36:51 INFO DAGScheduler: Job 31 finished: showString at NativeMethodAccessorImpl.java:0, took 0.045607 s
[2026-01-29T19:36:51.965+0530] {subprocess.py:106} INFO - +----+----+------------------+
[2026-01-29T19:36:51.965+0530] {subprocess.py:106} INFO - |city|date|temperature_2m_max|
[2026-01-29T19:36:51.965+0530] {subprocess.py:106} INFO - +----+----+------------------+
[2026-01-29T19:36:51.965+0530] {subprocess.py:106} INFO - +----+----+------------------+
[2026-01-29T19:36:51.966+0530] {subprocess.py:106} INFO - 
[2026-01-29T19:36:51.966+0530] {subprocess.py:106} INFO - Lower: 9.199999999999998 Upper: 40.4
[2026-01-29T19:36:51.992+0530] {subprocess.py:106} INFO - 26/01/29 19:36:51 INFO FileSourceStrategy: Pushed Filters:
[2026-01-29T19:36:51.993+0530] {subprocess.py:106} INFO - 26/01/29 19:36:51 INFO FileSourceStrategy: Post-Scan Filters:
[2026-01-29T19:36:51.996+0530] {subprocess.py:106} INFO - 26/01/29 19:36:51 INFO MemoryStore: Block broadcast_54 stored as values in memory (estimated size 350.2 KiB, free 365.6 MiB)
[2026-01-29T19:36:52.004+0530] {subprocess.py:106} INFO - 26/01/29 19:36:52 INFO MemoryStore: Block broadcast_54_piece0 stored as bytes in memory (estimated size 34.3 KiB, free 365.5 MiB)
[2026-01-29T19:36:52.005+0530] {subprocess.py:106} INFO - 26/01/29 19:36:52 INFO BlockManagerInfo: Added broadcast_54_piece0 in memory on Aishwarya92848DBDA:38109 (size: 34.3 KiB, free: 366.2 MiB)
[2026-01-29T19:36:52.005+0530] {subprocess.py:106} INFO - 26/01/29 19:36:52 INFO SparkContext: Created broadcast 54 from approxQuantile at NativeMethodAccessorImpl.java:0
[2026-01-29T19:36:52.006+0530] {subprocess.py:106} INFO - 26/01/29 19:36:52 INFO FileSourceScanExec: Planning scan with bin packing, max size: 4194304 bytes, open cost is considered as scanning 4194304 bytes.
[2026-01-29T19:36:52.018+0530] {subprocess.py:106} INFO - 26/01/29 19:36:52 INFO SparkContext: Starting job: approxQuantile at NativeMethodAccessorImpl.java:0
[2026-01-29T19:36:52.019+0530] {subprocess.py:106} INFO - 26/01/29 19:36:52 INFO DAGScheduler: Got job 32 (approxQuantile at NativeMethodAccessorImpl.java:0) with 1 output partitions
[2026-01-29T19:36:52.019+0530] {subprocess.py:106} INFO - 26/01/29 19:36:52 INFO DAGScheduler: Final stage: ResultStage 42 (approxQuantile at NativeMethodAccessorImpl.java:0)
[2026-01-29T19:36:52.019+0530] {subprocess.py:106} INFO - 26/01/29 19:36:52 INFO DAGScheduler: Parents of final stage: List()
[2026-01-29T19:36:52.020+0530] {subprocess.py:106} INFO - 26/01/29 19:36:52 INFO DAGScheduler: Missing parents: List()
[2026-01-29T19:36:52.020+0530] {subprocess.py:106} INFO - 26/01/29 19:36:52 INFO DAGScheduler: Submitting ResultStage 42 (MapPartitionsRDD[143] at approxQuantile at NativeMethodAccessorImpl.java:0), which has no missing parents
[2026-01-29T19:36:52.024+0530] {subprocess.py:106} INFO - 26/01/29 19:36:52 INFO MemoryStore: Block broadcast_55 stored as values in memory (estimated size 20.0 KiB, free 365.5 MiB)
[2026-01-29T19:36:52.025+0530] {subprocess.py:106} INFO - 26/01/29 19:36:52 INFO MemoryStore: Block broadcast_55_piece0 stored as bytes in memory (estimated size 9.5 KiB, free 365.5 MiB)
[2026-01-29T19:36:52.026+0530] {subprocess.py:106} INFO - 26/01/29 19:36:52 INFO BlockManagerInfo: Added broadcast_55_piece0 in memory on Aishwarya92848DBDA:38109 (size: 9.5 KiB, free: 366.2 MiB)
[2026-01-29T19:36:52.026+0530] {subprocess.py:106} INFO - 26/01/29 19:36:52 INFO SparkContext: Created broadcast 55 from broadcast at DAGScheduler.scala:1585
[2026-01-29T19:36:52.027+0530] {subprocess.py:106} INFO - 26/01/29 19:36:52 INFO DAGScheduler: Submitting 1 missing tasks from ResultStage 42 (MapPartitionsRDD[143] at approxQuantile at NativeMethodAccessorImpl.java:0) (first 15 tasks are for partitions Vector(0))
[2026-01-29T19:36:52.027+0530] {subprocess.py:106} INFO - 26/01/29 19:36:52 INFO TaskSchedulerImpl: Adding task set 42.0 with 1 tasks resource profile 0
[2026-01-29T19:36:52.028+0530] {subprocess.py:106} INFO - 26/01/29 19:36:52 INFO TaskSetManager: Starting task 0.0 in stage 42.0 (TID 32) (Aishwarya92848DBDA, executor driver, partition 0, NODE_LOCAL, 8241 bytes)
[2026-01-29T19:36:52.028+0530] {subprocess.py:106} INFO - 26/01/29 19:36:52 INFO Executor: Running task 0.0 in stage 42.0 (TID 32)
[2026-01-29T19:36:52.032+0530] {subprocess.py:106} INFO - 26/01/29 19:36:52 INFO FileScanRDD: Reading File path: hdfs://localhost:9000/weather/data/raw_data/weather_dataset.csv, range: 0-1642, partition values: [empty row]
[2026-01-29T19:36:52.040+0530] {subprocess.py:106} INFO - 26/01/29 19:36:52 INFO Executor: Finished task 0.0 in stage 42.0 (TID 32). 2698 bytes result sent to driver
[2026-01-29T19:36:52.041+0530] {subprocess.py:106} INFO - 26/01/29 19:36:52 INFO TaskSetManager: Finished task 0.0 in stage 42.0 (TID 32) in 13 ms on Aishwarya92848DBDA (executor driver) (1/1)
[2026-01-29T19:36:52.042+0530] {subprocess.py:106} INFO - 26/01/29 19:36:52 INFO TaskSchedulerImpl: Removed TaskSet 42.0, whose tasks have all completed, from pool
[2026-01-29T19:36:52.042+0530] {subprocess.py:106} INFO - 26/01/29 19:36:52 INFO DAGScheduler: ResultStage 42 (approxQuantile at NativeMethodAccessorImpl.java:0) finished in 0.022 s
[2026-01-29T19:36:52.043+0530] {subprocess.py:106} INFO - 26/01/29 19:36:52 INFO DAGScheduler: Job 32 is finished. Cancelling potential speculative or zombie tasks for this job
[2026-01-29T19:36:52.043+0530] {subprocess.py:106} INFO - 26/01/29 19:36:52 INFO TaskSchedulerImpl: Killing all running tasks in stage 42: Stage finished
[2026-01-29T19:36:52.043+0530] {subprocess.py:106} INFO - 26/01/29 19:36:52 INFO DAGScheduler: Job 32 finished: approxQuantile at NativeMethodAccessorImpl.java:0, took 0.024852 s
[2026-01-29T19:36:52.128+0530] {subprocess.py:106} INFO - 26/01/29 19:36:52 INFO FileSourceStrategy: Pushed Filters:
[2026-01-29T19:36:52.129+0530] {subprocess.py:106} INFO - 26/01/29 19:36:52 INFO FileSourceStrategy: Post-Scan Filters:
[2026-01-29T19:36:52.131+0530] {subprocess.py:106} INFO - 26/01/29 19:36:52 INFO MemoryStore: Block broadcast_56 stored as values in memory (estimated size 350.2 KiB, free 365.2 MiB)
[2026-01-29T19:36:52.138+0530] {subprocess.py:106} INFO - 26/01/29 19:36:52 INFO MemoryStore: Block broadcast_56_piece0 stored as bytes in memory (estimated size 34.3 KiB, free 365.1 MiB)
[2026-01-29T19:36:52.138+0530] {subprocess.py:106} INFO - 26/01/29 19:36:52 INFO BlockManagerInfo: Added broadcast_56_piece0 in memory on Aishwarya92848DBDA:38109 (size: 34.3 KiB, free: 366.2 MiB)
[2026-01-29T19:36:52.139+0530] {subprocess.py:106} INFO - 26/01/29 19:36:52 INFO SparkContext: Created broadcast 56 from approxQuantile at NativeMethodAccessorImpl.java:0
[2026-01-29T19:36:52.139+0530] {subprocess.py:106} INFO - 26/01/29 19:36:52 INFO FileSourceScanExec: Planning scan with bin packing, max size: 4194304 bytes, open cost is considered as scanning 4194304 bytes.
[2026-01-29T19:36:52.150+0530] {subprocess.py:106} INFO - 26/01/29 19:36:52 INFO SparkContext: Starting job: approxQuantile at NativeMethodAccessorImpl.java:0
[2026-01-29T19:36:52.152+0530] {subprocess.py:106} INFO - 26/01/29 19:36:52 INFO DAGScheduler: Got job 33 (approxQuantile at NativeMethodAccessorImpl.java:0) with 1 output partitions
[2026-01-29T19:36:52.152+0530] {subprocess.py:106} INFO - 26/01/29 19:36:52 INFO DAGScheduler: Final stage: ResultStage 43 (approxQuantile at NativeMethodAccessorImpl.java:0)
[2026-01-29T19:36:52.153+0530] {subprocess.py:106} INFO - 26/01/29 19:36:52 INFO DAGScheduler: Parents of final stage: List()
[2026-01-29T19:36:52.154+0530] {subprocess.py:106} INFO - 26/01/29 19:36:52 INFO DAGScheduler: Missing parents: List()
[2026-01-29T19:36:52.154+0530] {subprocess.py:106} INFO - 26/01/29 19:36:52 INFO DAGScheduler: Submitting ResultStage 43 (MapPartitionsRDD[149] at approxQuantile at NativeMethodAccessorImpl.java:0), which has no missing parents
[2026-01-29T19:36:52.157+0530] {subprocess.py:106} INFO - 26/01/29 19:36:52 INFO MemoryStore: Block broadcast_57 stored as values in memory (estimated size 20.0 KiB, free 365.1 MiB)
[2026-01-29T19:36:52.158+0530] {subprocess.py:106} INFO - 26/01/29 19:36:52 INFO MemoryStore: Block broadcast_57_piece0 stored as bytes in memory (estimated size 9.5 KiB, free 365.1 MiB)
[2026-01-29T19:36:52.159+0530] {subprocess.py:106} INFO - 26/01/29 19:36:52 INFO BlockManagerInfo: Added broadcast_57_piece0 in memory on Aishwarya92848DBDA:38109 (size: 9.5 KiB, free: 366.2 MiB)
[2026-01-29T19:36:52.159+0530] {subprocess.py:106} INFO - 26/01/29 19:36:52 INFO SparkContext: Created broadcast 57 from broadcast at DAGScheduler.scala:1585
[2026-01-29T19:36:52.160+0530] {subprocess.py:106} INFO - 26/01/29 19:36:52 INFO DAGScheduler: Submitting 1 missing tasks from ResultStage 43 (MapPartitionsRDD[149] at approxQuantile at NativeMethodAccessorImpl.java:0) (first 15 tasks are for partitions Vector(0))
[2026-01-29T19:36:52.160+0530] {subprocess.py:106} INFO - 26/01/29 19:36:52 INFO TaskSchedulerImpl: Adding task set 43.0 with 1 tasks resource profile 0
[2026-01-29T19:36:52.161+0530] {subprocess.py:106} INFO - 26/01/29 19:36:52 INFO TaskSetManager: Starting task 0.0 in stage 43.0 (TID 33) (Aishwarya92848DBDA, executor driver, partition 0, NODE_LOCAL, 8241 bytes)
[2026-01-29T19:36:52.161+0530] {subprocess.py:106} INFO - 26/01/29 19:36:52 INFO Executor: Running task 0.0 in stage 43.0 (TID 33)
[2026-01-29T19:36:52.165+0530] {subprocess.py:106} INFO - 26/01/29 19:36:52 INFO FileScanRDD: Reading File path: hdfs://localhost:9000/weather/data/raw_data/weather_dataset.csv, range: 0-1642, partition values: [empty row]
[2026-01-29T19:36:52.174+0530] {subprocess.py:106} INFO - 26/01/29 19:36:52 INFO Executor: Finished task 0.0 in stage 43.0 (TID 33). 2698 bytes result sent to driver
[2026-01-29T19:36:52.174+0530] {subprocess.py:106} INFO - 26/01/29 19:36:52 INFO TaskSetManager: Finished task 0.0 in stage 43.0 (TID 33) in 13 ms on Aishwarya92848DBDA (executor driver) (1/1)
[2026-01-29T19:36:52.175+0530] {subprocess.py:106} INFO - 26/01/29 19:36:52 INFO TaskSchedulerImpl: Removed TaskSet 43.0, whose tasks have all completed, from pool
[2026-01-29T19:36:52.175+0530] {subprocess.py:106} INFO - 26/01/29 19:36:52 INFO DAGScheduler: ResultStage 43 (approxQuantile at NativeMethodAccessorImpl.java:0) finished in 0.022 s
[2026-01-29T19:36:52.176+0530] {subprocess.py:106} INFO - 26/01/29 19:36:52 INFO DAGScheduler: Job 33 is finished. Cancelling potential speculative or zombie tasks for this job
[2026-01-29T19:36:52.176+0530] {subprocess.py:106} INFO - 26/01/29 19:36:52 INFO TaskSchedulerImpl: Killing all running tasks in stage 43: Stage finished
[2026-01-29T19:36:52.176+0530] {subprocess.py:106} INFO - 26/01/29 19:36:52 INFO DAGScheduler: Job 33 finished: approxQuantile at NativeMethodAccessorImpl.java:0, took 0.025526 s
[2026-01-29T19:36:52.259+0530] {subprocess.py:106} INFO - 26/01/29 19:36:52 INFO FileSourceStrategy: Pushed Filters:
[2026-01-29T19:36:52.260+0530] {subprocess.py:106} INFO - 26/01/29 19:36:52 INFO FileSourceStrategy: Post-Scan Filters:
[2026-01-29T19:36:52.262+0530] {subprocess.py:106} INFO - 26/01/29 19:36:52 INFO MemoryStore: Block broadcast_58 stored as values in memory (estimated size 350.2 KiB, free 364.7 MiB)
[2026-01-29T19:36:52.268+0530] {subprocess.py:106} INFO - 26/01/29 19:36:52 INFO MemoryStore: Block broadcast_58_piece0 stored as bytes in memory (estimated size 34.3 KiB, free 364.7 MiB)
[2026-01-29T19:36:52.268+0530] {subprocess.py:106} INFO - 26/01/29 19:36:52 INFO BlockManagerInfo: Added broadcast_58_piece0 in memory on Aishwarya92848DBDA:38109 (size: 34.3 KiB, free: 366.1 MiB)
[2026-01-29T19:36:52.269+0530] {subprocess.py:106} INFO - 26/01/29 19:36:52 INFO SparkContext: Created broadcast 58 from approxQuantile at NativeMethodAccessorImpl.java:0
[2026-01-29T19:36:52.269+0530] {subprocess.py:106} INFO - 26/01/29 19:36:52 INFO FileSourceScanExec: Planning scan with bin packing, max size: 4194304 bytes, open cost is considered as scanning 4194304 bytes.
[2026-01-29T19:36:52.279+0530] {subprocess.py:106} INFO - 26/01/29 19:36:52 INFO SparkContext: Starting job: approxQuantile at NativeMethodAccessorImpl.java:0
[2026-01-29T19:36:52.280+0530] {subprocess.py:106} INFO - 26/01/29 19:36:52 INFO DAGScheduler: Got job 34 (approxQuantile at NativeMethodAccessorImpl.java:0) with 1 output partitions
[2026-01-29T19:36:52.281+0530] {subprocess.py:106} INFO - 26/01/29 19:36:52 INFO DAGScheduler: Final stage: ResultStage 44 (approxQuantile at NativeMethodAccessorImpl.java:0)
[2026-01-29T19:36:52.281+0530] {subprocess.py:106} INFO - 26/01/29 19:36:52 INFO DAGScheduler: Parents of final stage: List()
[2026-01-29T19:36:52.282+0530] {subprocess.py:106} INFO - 26/01/29 19:36:52 INFO DAGScheduler: Missing parents: List()
[2026-01-29T19:36:52.282+0530] {subprocess.py:106} INFO - 26/01/29 19:36:52 INFO DAGScheduler: Submitting ResultStage 44 (MapPartitionsRDD[155] at approxQuantile at NativeMethodAccessorImpl.java:0), which has no missing parents
[2026-01-29T19:36:52.285+0530] {subprocess.py:106} INFO - 26/01/29 19:36:52 INFO MemoryStore: Block broadcast_59 stored as values in memory (estimated size 20.0 KiB, free 364.7 MiB)
[2026-01-29T19:36:52.286+0530] {subprocess.py:106} INFO - 26/01/29 19:36:52 INFO MemoryStore: Block broadcast_59_piece0 stored as bytes in memory (estimated size 9.5 KiB, free 364.7 MiB)
[2026-01-29T19:36:52.286+0530] {subprocess.py:106} INFO - 26/01/29 19:36:52 INFO BlockManagerInfo: Added broadcast_59_piece0 in memory on Aishwarya92848DBDA:38109 (size: 9.5 KiB, free: 366.1 MiB)
[2026-01-29T19:36:52.287+0530] {subprocess.py:106} INFO - 26/01/29 19:36:52 INFO SparkContext: Created broadcast 59 from broadcast at DAGScheduler.scala:1585
[2026-01-29T19:36:52.287+0530] {subprocess.py:106} INFO - 26/01/29 19:36:52 INFO DAGScheduler: Submitting 1 missing tasks from ResultStage 44 (MapPartitionsRDD[155] at approxQuantile at NativeMethodAccessorImpl.java:0) (first 15 tasks are for partitions Vector(0))
[2026-01-29T19:36:52.287+0530] {subprocess.py:106} INFO - 26/01/29 19:36:52 INFO TaskSchedulerImpl: Adding task set 44.0 with 1 tasks resource profile 0
[2026-01-29T19:36:52.288+0530] {subprocess.py:106} INFO - 26/01/29 19:36:52 INFO TaskSetManager: Starting task 0.0 in stage 44.0 (TID 34) (Aishwarya92848DBDA, executor driver, partition 0, NODE_LOCAL, 8241 bytes)
[2026-01-29T19:36:52.289+0530] {subprocess.py:106} INFO - 26/01/29 19:36:52 INFO Executor: Running task 0.0 in stage 44.0 (TID 34)
[2026-01-29T19:36:52.293+0530] {subprocess.py:106} INFO - 26/01/29 19:36:52 INFO FileScanRDD: Reading File path: hdfs://localhost:9000/weather/data/raw_data/weather_dataset.csv, range: 0-1642, partition values: [empty row]
[2026-01-29T19:36:52.301+0530] {subprocess.py:106} INFO - 26/01/29 19:36:52 INFO Executor: Finished task 0.0 in stage 44.0 (TID 34). 2698 bytes result sent to driver
[2026-01-29T19:36:52.301+0530] {subprocess.py:106} INFO - 26/01/29 19:36:52 INFO TaskSetManager: Finished task 0.0 in stage 44.0 (TID 34) in 13 ms on Aishwarya92848DBDA (executor driver) (1/1)
[2026-01-29T19:36:52.302+0530] {subprocess.py:106} INFO - 26/01/29 19:36:52 INFO TaskSchedulerImpl: Removed TaskSet 44.0, whose tasks have all completed, from pool
[2026-01-29T19:36:52.302+0530] {subprocess.py:106} INFO - 26/01/29 19:36:52 INFO DAGScheduler: ResultStage 44 (approxQuantile at NativeMethodAccessorImpl.java:0) finished in 0.019 s
[2026-01-29T19:36:52.302+0530] {subprocess.py:106} INFO - 26/01/29 19:36:52 INFO DAGScheduler: Job 34 is finished. Cancelling potential speculative or zombie tasks for this job
[2026-01-29T19:36:52.302+0530] {subprocess.py:106} INFO - 26/01/29 19:36:52 INFO TaskSchedulerImpl: Killing all running tasks in stage 44: Stage finished
[2026-01-29T19:36:52.303+0530] {subprocess.py:106} INFO - 26/01/29 19:36:52 INFO DAGScheduler: Job 34 finished: approxQuantile at NativeMethodAccessorImpl.java:0, took 0.022911 s
[2026-01-29T19:36:52.368+0530] {subprocess.py:106} INFO - 26/01/29 19:36:52 INFO FileSourceStrategy: Pushed Filters:
[2026-01-29T19:36:52.369+0530] {subprocess.py:106} INFO - 26/01/29 19:36:52 INFO FileSourceStrategy: Post-Scan Filters:
[2026-01-29T19:36:52.371+0530] {subprocess.py:106} INFO - 26/01/29 19:36:52 INFO MemoryStore: Block broadcast_60 stored as values in memory (estimated size 350.2 KiB, free 364.3 MiB)
[2026-01-29T19:36:52.377+0530] {subprocess.py:106} INFO - 26/01/29 19:36:52 INFO MemoryStore: Block broadcast_60_piece0 stored as bytes in memory (estimated size 34.3 KiB, free 364.3 MiB)
[2026-01-29T19:36:52.377+0530] {subprocess.py:106} INFO - 26/01/29 19:36:52 INFO BlockManagerInfo: Added broadcast_60_piece0 in memory on Aishwarya92848DBDA:38109 (size: 34.3 KiB, free: 366.1 MiB)
[2026-01-29T19:36:52.378+0530] {subprocess.py:106} INFO - 26/01/29 19:36:52 INFO SparkContext: Created broadcast 60 from approxQuantile at NativeMethodAccessorImpl.java:0
[2026-01-29T19:36:52.378+0530] {subprocess.py:106} INFO - 26/01/29 19:36:52 INFO FileSourceScanExec: Planning scan with bin packing, max size: 4194304 bytes, open cost is considered as scanning 4194304 bytes.
[2026-01-29T19:36:52.387+0530] {subprocess.py:106} INFO - 26/01/29 19:36:52 INFO SparkContext: Starting job: approxQuantile at NativeMethodAccessorImpl.java:0
[2026-01-29T19:36:52.388+0530] {subprocess.py:106} INFO - 26/01/29 19:36:52 INFO DAGScheduler: Got job 35 (approxQuantile at NativeMethodAccessorImpl.java:0) with 1 output partitions
[2026-01-29T19:36:52.389+0530] {subprocess.py:106} INFO - 26/01/29 19:36:52 INFO DAGScheduler: Final stage: ResultStage 45 (approxQuantile at NativeMethodAccessorImpl.java:0)
[2026-01-29T19:36:52.389+0530] {subprocess.py:106} INFO - 26/01/29 19:36:52 INFO DAGScheduler: Parents of final stage: List()
[2026-01-29T19:36:52.389+0530] {subprocess.py:106} INFO - 26/01/29 19:36:52 INFO DAGScheduler: Missing parents: List()
[2026-01-29T19:36:52.390+0530] {subprocess.py:106} INFO - 26/01/29 19:36:52 INFO DAGScheduler: Submitting ResultStage 45 (MapPartitionsRDD[161] at approxQuantile at NativeMethodAccessorImpl.java:0), which has no missing parents
[2026-01-29T19:36:52.392+0530] {subprocess.py:106} INFO - 26/01/29 19:36:52 INFO MemoryStore: Block broadcast_61 stored as values in memory (estimated size 20.0 KiB, free 364.3 MiB)
[2026-01-29T19:36:52.393+0530] {subprocess.py:106} INFO - 26/01/29 19:36:52 INFO MemoryStore: Block broadcast_61_piece0 stored as bytes in memory (estimated size 9.5 KiB, free 364.3 MiB)
[2026-01-29T19:36:52.394+0530] {subprocess.py:106} INFO - 26/01/29 19:36:52 INFO BlockManagerInfo: Added broadcast_61_piece0 in memory on Aishwarya92848DBDA:38109 (size: 9.5 KiB, free: 366.1 MiB)
[2026-01-29T19:36:52.394+0530] {subprocess.py:106} INFO - 26/01/29 19:36:52 INFO SparkContext: Created broadcast 61 from broadcast at DAGScheduler.scala:1585
[2026-01-29T19:36:52.394+0530] {subprocess.py:106} INFO - 26/01/29 19:36:52 INFO DAGScheduler: Submitting 1 missing tasks from ResultStage 45 (MapPartitionsRDD[161] at approxQuantile at NativeMethodAccessorImpl.java:0) (first 15 tasks are for partitions Vector(0))
[2026-01-29T19:36:52.395+0530] {subprocess.py:106} INFO - 26/01/29 19:36:52 INFO TaskSchedulerImpl: Adding task set 45.0 with 1 tasks resource profile 0
[2026-01-29T19:36:52.395+0530] {subprocess.py:106} INFO - 26/01/29 19:36:52 INFO TaskSetManager: Starting task 0.0 in stage 45.0 (TID 35) (Aishwarya92848DBDA, executor driver, partition 0, NODE_LOCAL, 8241 bytes)
[2026-01-29T19:36:52.396+0530] {subprocess.py:106} INFO - 26/01/29 19:36:52 INFO Executor: Running task 0.0 in stage 45.0 (TID 35)
[2026-01-29T19:36:52.400+0530] {subprocess.py:106} INFO - 26/01/29 19:36:52 INFO FileScanRDD: Reading File path: hdfs://localhost:9000/weather/data/raw_data/weather_dataset.csv, range: 0-1642, partition values: [empty row]
[2026-01-29T19:36:52.410+0530] {subprocess.py:106} INFO - 26/01/29 19:36:52 INFO Executor: Finished task 0.0 in stage 45.0 (TID 35). 2698 bytes result sent to driver
[2026-01-29T19:36:52.411+0530] {subprocess.py:106} INFO - 26/01/29 19:36:52 INFO TaskSetManager: Finished task 0.0 in stage 45.0 (TID 35) in 16 ms on Aishwarya92848DBDA (executor driver) (1/1)
[2026-01-29T19:36:52.412+0530] {subprocess.py:106} INFO - 26/01/29 19:36:52 INFO TaskSchedulerImpl: Removed TaskSet 45.0, whose tasks have all completed, from pool
[2026-01-29T19:36:52.412+0530] {subprocess.py:106} INFO - 26/01/29 19:36:52 INFO DAGScheduler: ResultStage 45 (approxQuantile at NativeMethodAccessorImpl.java:0) finished in 0.023 s
[2026-01-29T19:36:52.412+0530] {subprocess.py:106} INFO - 26/01/29 19:36:52 INFO DAGScheduler: Job 35 is finished. Cancelling potential speculative or zombie tasks for this job
[2026-01-29T19:36:52.412+0530] {subprocess.py:106} INFO - 26/01/29 19:36:52 INFO TaskSchedulerImpl: Killing all running tasks in stage 45: Stage finished
[2026-01-29T19:36:52.413+0530] {subprocess.py:106} INFO - 26/01/29 19:36:52 INFO DAGScheduler: Job 35 finished: approxQuantile at NativeMethodAccessorImpl.java:0, took 0.025151 s
[2026-01-29T19:36:52.484+0530] {subprocess.py:106} INFO - 26/01/29 19:36:52 INFO FileSourceStrategy: Pushed Filters:
[2026-01-29T19:36:52.484+0530] {subprocess.py:106} INFO - 26/01/29 19:36:52 INFO FileSourceStrategy: Post-Scan Filters:
[2026-01-29T19:36:52.486+0530] {subprocess.py:106} INFO - 26/01/29 19:36:52 INFO MemoryStore: Block broadcast_62 stored as values in memory (estimated size 350.2 KiB, free 363.9 MiB)
[2026-01-29T19:36:52.492+0530] {subprocess.py:106} INFO - 26/01/29 19:36:52 INFO MemoryStore: Block broadcast_62_piece0 stored as bytes in memory (estimated size 34.3 KiB, free 363.9 MiB)
[2026-01-29T19:36:52.493+0530] {subprocess.py:106} INFO - 26/01/29 19:36:52 INFO BlockManagerInfo: Added broadcast_62_piece0 in memory on Aishwarya92848DBDA:38109 (size: 34.3 KiB, free: 366.1 MiB)
[2026-01-29T19:36:52.493+0530] {subprocess.py:106} INFO - 26/01/29 19:36:52 INFO SparkContext: Created broadcast 62 from approxQuantile at NativeMethodAccessorImpl.java:0
[2026-01-29T19:36:52.493+0530] {subprocess.py:106} INFO - 26/01/29 19:36:52 INFO FileSourceScanExec: Planning scan with bin packing, max size: 4194304 bytes, open cost is considered as scanning 4194304 bytes.
[2026-01-29T19:36:52.502+0530] {subprocess.py:106} INFO - 26/01/29 19:36:52 INFO SparkContext: Starting job: approxQuantile at NativeMethodAccessorImpl.java:0
[2026-01-29T19:36:52.503+0530] {subprocess.py:106} INFO - 26/01/29 19:36:52 INFO DAGScheduler: Got job 36 (approxQuantile at NativeMethodAccessorImpl.java:0) with 1 output partitions
[2026-01-29T19:36:52.504+0530] {subprocess.py:106} INFO - 26/01/29 19:36:52 INFO DAGScheduler: Final stage: ResultStage 46 (approxQuantile at NativeMethodAccessorImpl.java:0)
[2026-01-29T19:36:52.504+0530] {subprocess.py:106} INFO - 26/01/29 19:36:52 INFO DAGScheduler: Parents of final stage: List()
[2026-01-29T19:36:52.505+0530] {subprocess.py:106} INFO - 26/01/29 19:36:52 INFO DAGScheduler: Missing parents: List()
[2026-01-29T19:36:52.505+0530] {subprocess.py:106} INFO - 26/01/29 19:36:52 INFO DAGScheduler: Submitting ResultStage 46 (MapPartitionsRDD[167] at approxQuantile at NativeMethodAccessorImpl.java:0), which has no missing parents
[2026-01-29T19:36:52.507+0530] {subprocess.py:106} INFO - 26/01/29 19:36:52 INFO MemoryStore: Block broadcast_63 stored as values in memory (estimated size 20.0 KiB, free 363.9 MiB)
[2026-01-29T19:36:52.508+0530] {subprocess.py:106} INFO - 26/01/29 19:36:52 INFO MemoryStore: Block broadcast_63_piece0 stored as bytes in memory (estimated size 9.5 KiB, free 363.9 MiB)
[2026-01-29T19:36:52.509+0530] {subprocess.py:106} INFO - 26/01/29 19:36:52 INFO BlockManagerInfo: Added broadcast_63_piece0 in memory on Aishwarya92848DBDA:38109 (size: 9.5 KiB, free: 366.0 MiB)
[2026-01-29T19:36:52.509+0530] {subprocess.py:106} INFO - 26/01/29 19:36:52 INFO SparkContext: Created broadcast 63 from broadcast at DAGScheduler.scala:1585
[2026-01-29T19:36:52.509+0530] {subprocess.py:106} INFO - 26/01/29 19:36:52 INFO DAGScheduler: Submitting 1 missing tasks from ResultStage 46 (MapPartitionsRDD[167] at approxQuantile at NativeMethodAccessorImpl.java:0) (first 15 tasks are for partitions Vector(0))
[2026-01-29T19:36:52.510+0530] {subprocess.py:106} INFO - 26/01/29 19:36:52 INFO TaskSchedulerImpl: Adding task set 46.0 with 1 tasks resource profile 0
[2026-01-29T19:36:52.510+0530] {subprocess.py:106} INFO - 26/01/29 19:36:52 INFO TaskSetManager: Starting task 0.0 in stage 46.0 (TID 36) (Aishwarya92848DBDA, executor driver, partition 0, NODE_LOCAL, 8241 bytes)
[2026-01-29T19:36:52.511+0530] {subprocess.py:106} INFO - 26/01/29 19:36:52 INFO Executor: Running task 0.0 in stage 46.0 (TID 36)
[2026-01-29T19:36:52.514+0530] {subprocess.py:106} INFO - 26/01/29 19:36:52 INFO FileScanRDD: Reading File path: hdfs://localhost:9000/weather/data/raw_data/weather_dataset.csv, range: 0-1642, partition values: [empty row]
[2026-01-29T19:36:52.534+0530] {subprocess.py:106} INFO - 26/01/29 19:36:52 INFO Executor: Finished task 0.0 in stage 46.0 (TID 36). 2784 bytes result sent to driver
[2026-01-29T19:36:52.535+0530] {subprocess.py:106} INFO - 26/01/29 19:36:52 INFO TaskSetManager: Finished task 0.0 in stage 46.0 (TID 36) in 25 ms on Aishwarya92848DBDA (executor driver) (1/1)
[2026-01-29T19:36:52.536+0530] {subprocess.py:106} INFO - 26/01/29 19:36:52 INFO TaskSchedulerImpl: Removed TaskSet 46.0, whose tasks have all completed, from pool
[2026-01-29T19:36:52.536+0530] {subprocess.py:106} INFO - 26/01/29 19:36:52 INFO DAGScheduler: ResultStage 46 (approxQuantile at NativeMethodAccessorImpl.java:0) finished in 0.032 s
[2026-01-29T19:36:52.536+0530] {subprocess.py:106} INFO - 26/01/29 19:36:52 INFO DAGScheduler: Job 36 is finished. Cancelling potential speculative or zombie tasks for this job
[2026-01-29T19:36:52.537+0530] {subprocess.py:106} INFO - 26/01/29 19:36:52 INFO TaskSchedulerImpl: Killing all running tasks in stage 46: Stage finished
[2026-01-29T19:36:52.537+0530] {subprocess.py:106} INFO - 26/01/29 19:36:52 INFO DAGScheduler: Job 36 finished: approxQuantile at NativeMethodAccessorImpl.java:0, took 0.034157 s
[2026-01-29T19:36:52.537+0530] {subprocess.py:106} INFO - 26/01/29 19:36:52 INFO BlockManagerInfo: Removed broadcast_55_piece0 on Aishwarya92848DBDA:38109 in memory (size: 9.5 KiB, free: 366.1 MiB)
[2026-01-29T19:36:52.538+0530] {subprocess.py:106} INFO - 26/01/29 19:36:52 INFO BlockManagerInfo: Removed broadcast_61_piece0 on Aishwarya92848DBDA:38109 in memory (size: 9.5 KiB, free: 366.1 MiB)
[2026-01-29T19:36:52.539+0530] {subprocess.py:106} INFO - 26/01/29 19:36:52 INFO BlockManagerInfo: Removed broadcast_52_piece0 on Aishwarya92848DBDA:38109 in memory (size: 34.3 KiB, free: 366.1 MiB)
[2026-01-29T19:36:52.541+0530] {subprocess.py:106} INFO - 26/01/29 19:36:52 INFO BlockManagerInfo: Removed broadcast_54_piece0 on Aishwarya92848DBDA:38109 in memory (size: 34.3 KiB, free: 366.1 MiB)
[2026-01-29T19:36:52.542+0530] {subprocess.py:106} INFO - 26/01/29 19:36:52 INFO BlockManagerInfo: Removed broadcast_60_piece0 on Aishwarya92848DBDA:38109 in memory (size: 34.3 KiB, free: 366.2 MiB)
[2026-01-29T19:36:52.543+0530] {subprocess.py:106} INFO - 26/01/29 19:36:52 INFO BlockManagerInfo: Removed broadcast_59_piece0 on Aishwarya92848DBDA:38109 in memory (size: 9.5 KiB, free: 366.2 MiB)
[2026-01-29T19:36:52.544+0530] {subprocess.py:106} INFO - 26/01/29 19:36:52 INFO BlockManagerInfo: Removed broadcast_57_piece0 on Aishwarya92848DBDA:38109 in memory (size: 9.5 KiB, free: 366.2 MiB)
[2026-01-29T19:36:52.545+0530] {subprocess.py:106} INFO - 26/01/29 19:36:52 INFO BlockManagerInfo: Removed broadcast_53_piece0 on Aishwarya92848DBDA:38109 in memory (size: 8.8 KiB, free: 366.2 MiB)
[2026-01-29T19:36:52.546+0530] {subprocess.py:106} INFO - 26/01/29 19:36:52 INFO BlockManagerInfo: Removed broadcast_58_piece0 on Aishwarya92848DBDA:38109 in memory (size: 34.3 KiB, free: 366.2 MiB)
[2026-01-29T19:36:52.547+0530] {subprocess.py:106} INFO - 26/01/29 19:36:52 INFO BlockManagerInfo: Removed broadcast_56_piece0 on Aishwarya92848DBDA:38109 in memory (size: 34.3 KiB, free: 366.3 MiB)
[2026-01-29T19:36:52.618+0530] {subprocess.py:106} INFO - 26/01/29 19:36:52 INFO FileSourceStrategy: Pushed Filters:
[2026-01-29T19:36:52.618+0530] {subprocess.py:106} INFO - 26/01/29 19:36:52 INFO FileSourceStrategy: Post-Scan Filters:
[2026-01-29T19:36:52.621+0530] {subprocess.py:106} INFO - 26/01/29 19:36:52 INFO MemoryStore: Block broadcast_64 stored as values in memory (estimated size 350.2 KiB, free 365.6 MiB)
[2026-01-29T19:36:52.629+0530] {subprocess.py:106} INFO - 26/01/29 19:36:52 INFO MemoryStore: Block broadcast_64_piece0 stored as bytes in memory (estimated size 34.3 KiB, free 365.5 MiB)
[2026-01-29T19:36:52.629+0530] {subprocess.py:106} INFO - 26/01/29 19:36:52 INFO BlockManagerInfo: Added broadcast_64_piece0 in memory on Aishwarya92848DBDA:38109 (size: 34.3 KiB, free: 366.2 MiB)
[2026-01-29T19:36:52.630+0530] {subprocess.py:106} INFO - 26/01/29 19:36:52 INFO SparkContext: Created broadcast 64 from approxQuantile at NativeMethodAccessorImpl.java:0
[2026-01-29T19:36:52.631+0530] {subprocess.py:106} INFO - 26/01/29 19:36:52 INFO FileSourceScanExec: Planning scan with bin packing, max size: 4194304 bytes, open cost is considered as scanning 4194304 bytes.
[2026-01-29T19:36:52.640+0530] {subprocess.py:106} INFO - 26/01/29 19:36:52 INFO SparkContext: Starting job: approxQuantile at NativeMethodAccessorImpl.java:0
[2026-01-29T19:36:52.641+0530] {subprocess.py:106} INFO - 26/01/29 19:36:52 INFO DAGScheduler: Got job 37 (approxQuantile at NativeMethodAccessorImpl.java:0) with 1 output partitions
[2026-01-29T19:36:52.642+0530] {subprocess.py:106} INFO - 26/01/29 19:36:52 INFO DAGScheduler: Final stage: ResultStage 47 (approxQuantile at NativeMethodAccessorImpl.java:0)
[2026-01-29T19:36:52.642+0530] {subprocess.py:106} INFO - 26/01/29 19:36:52 INFO DAGScheduler: Parents of final stage: List()
[2026-01-29T19:36:52.643+0530] {subprocess.py:106} INFO - 26/01/29 19:36:52 INFO DAGScheduler: Missing parents: List()
[2026-01-29T19:36:52.643+0530] {subprocess.py:106} INFO - 26/01/29 19:36:52 INFO DAGScheduler: Submitting ResultStage 47 (MapPartitionsRDD[173] at approxQuantile at NativeMethodAccessorImpl.java:0), which has no missing parents
[2026-01-29T19:36:52.646+0530] {subprocess.py:106} INFO - 26/01/29 19:36:52 INFO MemoryStore: Block broadcast_65 stored as values in memory (estimated size 20.0 KiB, free 365.5 MiB)
[2026-01-29T19:36:52.648+0530] {subprocess.py:106} INFO - 26/01/29 19:36:52 INFO MemoryStore: Block broadcast_65_piece0 stored as bytes in memory (estimated size 9.5 KiB, free 365.5 MiB)
[2026-01-29T19:36:52.648+0530] {subprocess.py:106} INFO - 26/01/29 19:36:52 INFO BlockManagerInfo: Added broadcast_65_piece0 in memory on Aishwarya92848DBDA:38109 (size: 9.5 KiB, free: 366.2 MiB)
[2026-01-29T19:36:52.648+0530] {subprocess.py:106} INFO - 26/01/29 19:36:52 INFO SparkContext: Created broadcast 65 from broadcast at DAGScheduler.scala:1585
[2026-01-29T19:36:52.649+0530] {subprocess.py:106} INFO - 26/01/29 19:36:52 INFO DAGScheduler: Submitting 1 missing tasks from ResultStage 47 (MapPartitionsRDD[173] at approxQuantile at NativeMethodAccessorImpl.java:0) (first 15 tasks are for partitions Vector(0))
[2026-01-29T19:36:52.649+0530] {subprocess.py:106} INFO - 26/01/29 19:36:52 INFO TaskSchedulerImpl: Adding task set 47.0 with 1 tasks resource profile 0
[2026-01-29T19:36:52.650+0530] {subprocess.py:106} INFO - 26/01/29 19:36:52 INFO TaskSetManager: Starting task 0.0 in stage 47.0 (TID 37) (Aishwarya92848DBDA, executor driver, partition 0, NODE_LOCAL, 8241 bytes)
[2026-01-29T19:36:52.651+0530] {subprocess.py:106} INFO - 26/01/29 19:36:52 INFO Executor: Running task 0.0 in stage 47.0 (TID 37)
[2026-01-29T19:36:52.655+0530] {subprocess.py:106} INFO - 26/01/29 19:36:52 INFO FileScanRDD: Reading File path: hdfs://localhost:9000/weather/data/raw_data/weather_dataset.csv, range: 0-1642, partition values: [empty row]
[2026-01-29T19:36:52.662+0530] {subprocess.py:106} INFO - 26/01/29 19:36:52 INFO Executor: Finished task 0.0 in stage 47.0 (TID 37). 2698 bytes result sent to driver
[2026-01-29T19:36:52.663+0530] {subprocess.py:106} INFO - 26/01/29 19:36:52 INFO TaskSetManager: Finished task 0.0 in stage 47.0 (TID 37) in 13 ms on Aishwarya92848DBDA (executor driver) (1/1)
[2026-01-29T19:36:52.664+0530] {subprocess.py:106} INFO - 26/01/29 19:36:52 INFO TaskSchedulerImpl: Removed TaskSet 47.0, whose tasks have all completed, from pool
[2026-01-29T19:36:52.664+0530] {subprocess.py:106} INFO - 26/01/29 19:36:52 INFO DAGScheduler: ResultStage 47 (approxQuantile at NativeMethodAccessorImpl.java:0) finished in 0.021 s
[2026-01-29T19:36:52.664+0530] {subprocess.py:106} INFO - 26/01/29 19:36:52 INFO DAGScheduler: Job 37 is finished. Cancelling potential speculative or zombie tasks for this job
[2026-01-29T19:36:52.665+0530] {subprocess.py:106} INFO - 26/01/29 19:36:52 INFO TaskSchedulerImpl: Killing all running tasks in stage 47: Stage finished
[2026-01-29T19:36:52.665+0530] {subprocess.py:106} INFO - 26/01/29 19:36:52 INFO DAGScheduler: Job 37 finished: approxQuantile at NativeMethodAccessorImpl.java:0, took 0.024303 s
[2026-01-29T19:36:52.761+0530] {subprocess.py:106} INFO - 26/01/29 19:36:52 INFO FileSourceStrategy: Pushed Filters:
[2026-01-29T19:36:52.761+0530] {subprocess.py:106} INFO - 26/01/29 19:36:52 INFO FileSourceStrategy: Post-Scan Filters:
[2026-01-29T19:36:52.773+0530] {subprocess.py:106} INFO - 26/01/29 19:36:52 INFO CodeGenerator: Code generated in 6.464383 ms
[2026-01-29T19:36:52.775+0530] {subprocess.py:106} INFO - 26/01/29 19:36:52 INFO MemoryStore: Block broadcast_66 stored as values in memory (estimated size 350.2 KiB, free 365.1 MiB)
[2026-01-29T19:36:52.780+0530] {subprocess.py:106} INFO - 26/01/29 19:36:52 INFO MemoryStore: Block broadcast_66_piece0 stored as bytes in memory (estimated size 34.3 KiB, free 365.1 MiB)
[2026-01-29T19:36:52.781+0530] {subprocess.py:106} INFO - 26/01/29 19:36:52 INFO BlockManagerInfo: Added broadcast_66_piece0 in memory on Aishwarya92848DBDA:38109 (size: 34.3 KiB, free: 366.2 MiB)
[2026-01-29T19:36:52.781+0530] {subprocess.py:106} INFO - 26/01/29 19:36:52 INFO SparkContext: Created broadcast 66 from approxQuantile at NativeMethodAccessorImpl.java:0
[2026-01-29T19:36:52.781+0530] {subprocess.py:106} INFO - 26/01/29 19:36:52 INFO FileSourceScanExec: Planning scan with bin packing, max size: 4194304 bytes, open cost is considered as scanning 4194304 bytes.
[2026-01-29T19:36:52.791+0530] {subprocess.py:106} INFO - 26/01/29 19:36:52 INFO SparkContext: Starting job: approxQuantile at NativeMethodAccessorImpl.java:0
[2026-01-29T19:36:52.792+0530] {subprocess.py:106} INFO - 26/01/29 19:36:52 INFO DAGScheduler: Got job 38 (approxQuantile at NativeMethodAccessorImpl.java:0) with 1 output partitions
[2026-01-29T19:36:52.793+0530] {subprocess.py:106} INFO - 26/01/29 19:36:52 INFO DAGScheduler: Final stage: ResultStage 48 (approxQuantile at NativeMethodAccessorImpl.java:0)
[2026-01-29T19:36:52.793+0530] {subprocess.py:106} INFO - 26/01/29 19:36:52 INFO DAGScheduler: Parents of final stage: List()
[2026-01-29T19:36:52.793+0530] {subprocess.py:106} INFO - 26/01/29 19:36:52 INFO DAGScheduler: Missing parents: List()
[2026-01-29T19:36:52.793+0530] {subprocess.py:106} INFO - 26/01/29 19:36:52 INFO DAGScheduler: Submitting ResultStage 48 (MapPartitionsRDD[180] at approxQuantile at NativeMethodAccessorImpl.java:0), which has no missing parents
[2026-01-29T19:36:52.805+0530] {subprocess.py:106} INFO - 26/01/29 19:36:52 INFO MemoryStore: Block broadcast_67 stored as values in memory (estimated size 32.8 KiB, free 365.1 MiB)
[2026-01-29T19:36:52.807+0530] {subprocess.py:106} INFO - 26/01/29 19:36:52 INFO MemoryStore: Block broadcast_67_piece0 stored as bytes in memory (estimated size 15.2 KiB, free 365.1 MiB)
[2026-01-29T19:36:52.807+0530] {subprocess.py:106} INFO - 26/01/29 19:36:52 INFO BlockManagerInfo: Added broadcast_67_piece0 in memory on Aishwarya92848DBDA:38109 (size: 15.2 KiB, free: 366.2 MiB)
[2026-01-29T19:36:52.807+0530] {subprocess.py:106} INFO - 26/01/29 19:36:52 INFO SparkContext: Created broadcast 67 from broadcast at DAGScheduler.scala:1585
[2026-01-29T19:36:52.808+0530] {subprocess.py:106} INFO - 26/01/29 19:36:52 INFO DAGScheduler: Submitting 1 missing tasks from ResultStage 48 (MapPartitionsRDD[180] at approxQuantile at NativeMethodAccessorImpl.java:0) (first 15 tasks are for partitions Vector(0))
[2026-01-29T19:36:52.808+0530] {subprocess.py:106} INFO - 26/01/29 19:36:52 INFO TaskSchedulerImpl: Adding task set 48.0 with 1 tasks resource profile 0
[2026-01-29T19:36:52.809+0530] {subprocess.py:106} INFO - 26/01/29 19:36:52 INFO TaskSetManager: Starting task 0.0 in stage 48.0 (TID 38) (Aishwarya92848DBDA, executor driver, partition 0, NODE_LOCAL, 8241 bytes)
[2026-01-29T19:36:52.809+0530] {subprocess.py:106} INFO - 26/01/29 19:36:52 INFO Executor: Running task 0.0 in stage 48.0 (TID 38)
[2026-01-29T19:36:52.819+0530] {subprocess.py:106} INFO - 26/01/29 19:36:52 INFO CodeGenerator: Code generated in 7.133736 ms
[2026-01-29T19:36:52.822+0530] {subprocess.py:106} INFO - 26/01/29 19:36:52 INFO FileScanRDD: Reading File path: hdfs://localhost:9000/weather/data/raw_data/weather_dataset.csv, range: 0-1642, partition values: [empty row]
[2026-01-29T19:36:52.830+0530] {subprocess.py:106} INFO - 26/01/29 19:36:52 INFO Executor: Finished task 0.0 in stage 48.0 (TID 38). 2766 bytes result sent to driver
[2026-01-29T19:36:52.831+0530] {subprocess.py:106} INFO - 26/01/29 19:36:52 INFO TaskSetManager: Finished task 0.0 in stage 48.0 (TID 38) in 23 ms on Aishwarya92848DBDA (executor driver) (1/1)
[2026-01-29T19:36:52.831+0530] {subprocess.py:106} INFO - 26/01/29 19:36:52 INFO TaskSchedulerImpl: Removed TaskSet 48.0, whose tasks have all completed, from pool
[2026-01-29T19:36:52.832+0530] {subprocess.py:106} INFO - 26/01/29 19:36:52 INFO DAGScheduler: ResultStage 48 (approxQuantile at NativeMethodAccessorImpl.java:0) finished in 0.038 s
[2026-01-29T19:36:52.832+0530] {subprocess.py:106} INFO - 26/01/29 19:36:52 INFO DAGScheduler: Job 38 is finished. Cancelling potential speculative or zombie tasks for this job
[2026-01-29T19:36:52.832+0530] {subprocess.py:106} INFO - 26/01/29 19:36:52 INFO TaskSchedulerImpl: Killing all running tasks in stage 48: Stage finished
[2026-01-29T19:36:52.833+0530] {subprocess.py:106} INFO - 26/01/29 19:36:52 INFO DAGScheduler: Job 38 finished: approxQuantile at NativeMethodAccessorImpl.java:0, took 0.040935 s
[2026-01-29T19:36:52.907+0530] {subprocess.py:106} INFO - 26/01/29 19:36:52 INFO FileSourceStrategy: Pushed Filters:
[2026-01-29T19:36:52.908+0530] {subprocess.py:106} INFO - 26/01/29 19:36:52 INFO FileSourceStrategy: Post-Scan Filters: (CASE WHEN (temperature_2m_max#19 < 9.199999999999998) THEN false WHEN (temperature_2m_max#19 > 40.4) THEN false ELSE (temperature_2m_max#19 < 9.199999999999998) END OR CASE WHEN (temperature_2m_max#19 < 9.199999999999998) THEN false WHEN (temperature_2m_max#19 > 40.4) THEN false ELSE (temperature_2m_max#19 > 40.4) END)
[2026-01-29T19:36:52.930+0530] {subprocess.py:106} INFO - 26/01/29 19:36:52 INFO CodeGenerator: Code generated in 11.126074 ms
[2026-01-29T19:36:52.932+0530] {subprocess.py:106} INFO - 26/01/29 19:36:52 INFO MemoryStore: Block broadcast_68 stored as values in memory (estimated size 350.2 KiB, free 364.7 MiB)
[2026-01-29T19:36:52.937+0530] {subprocess.py:106} INFO - 26/01/29 19:36:52 INFO MemoryStore: Block broadcast_68_piece0 stored as bytes in memory (estimated size 34.3 KiB, free 364.7 MiB)
[2026-01-29T19:36:52.938+0530] {subprocess.py:106} INFO - 26/01/29 19:36:52 INFO BlockManagerInfo: Added broadcast_68_piece0 in memory on Aishwarya92848DBDA:38109 (size: 34.3 KiB, free: 366.1 MiB)
[2026-01-29T19:36:52.938+0530] {subprocess.py:106} INFO - 26/01/29 19:36:52 INFO SparkContext: Created broadcast 68 from count at NativeMethodAccessorImpl.java:0
[2026-01-29T19:36:52.939+0530] {subprocess.py:106} INFO - 26/01/29 19:36:52 INFO FileSourceScanExec: Planning scan with bin packing, max size: 4194304 bytes, open cost is considered as scanning 4194304 bytes.
[2026-01-29T19:36:52.942+0530] {subprocess.py:106} INFO - 26/01/29 19:36:52 INFO DAGScheduler: Registering RDD 184 (count at NativeMethodAccessorImpl.java:0) as input to shuffle 10
[2026-01-29T19:36:52.942+0530] {subprocess.py:106} INFO - 26/01/29 19:36:52 INFO DAGScheduler: Got map stage job 39 (count at NativeMethodAccessorImpl.java:0) with 1 output partitions
[2026-01-29T19:36:52.943+0530] {subprocess.py:106} INFO - 26/01/29 19:36:52 INFO DAGScheduler: Final stage: ShuffleMapStage 49 (count at NativeMethodAccessorImpl.java:0)
[2026-01-29T19:36:52.943+0530] {subprocess.py:106} INFO - 26/01/29 19:36:52 INFO DAGScheduler: Parents of final stage: List()
[2026-01-29T19:36:52.943+0530] {subprocess.py:106} INFO - 26/01/29 19:36:52 INFO DAGScheduler: Missing parents: List()
[2026-01-29T19:36:52.943+0530] {subprocess.py:106} INFO - 26/01/29 19:36:52 INFO DAGScheduler: Submitting ShuffleMapStage 49 (MapPartitionsRDD[184] at count at NativeMethodAccessorImpl.java:0), which has no missing parents
[2026-01-29T19:36:52.944+0530] {subprocess.py:106} INFO - 26/01/29 19:36:52 INFO MemoryStore: Block broadcast_69 stored as values in memory (estimated size 22.1 KiB, free 364.7 MiB)
[2026-01-29T19:36:52.945+0530] {subprocess.py:106} INFO - 26/01/29 19:36:52 INFO MemoryStore: Block broadcast_69_piece0 stored as bytes in memory (estimated size 10.0 KiB, free 364.7 MiB)
[2026-01-29T19:36:52.946+0530] {subprocess.py:106} INFO - 26/01/29 19:36:52 INFO BlockManagerInfo: Added broadcast_69_piece0 in memory on Aishwarya92848DBDA:38109 (size: 10.0 KiB, free: 366.1 MiB)
[2026-01-29T19:36:52.946+0530] {subprocess.py:106} INFO - 26/01/29 19:36:52 INFO SparkContext: Created broadcast 69 from broadcast at DAGScheduler.scala:1585
[2026-01-29T19:36:52.949+0530] {subprocess.py:106} INFO - 26/01/29 19:36:52 INFO DAGScheduler: Submitting 1 missing tasks from ShuffleMapStage 49 (MapPartitionsRDD[184] at count at NativeMethodAccessorImpl.java:0) (first 15 tasks are for partitions Vector(0))
[2026-01-29T19:36:52.949+0530] {subprocess.py:106} INFO - 26/01/29 19:36:52 INFO TaskSchedulerImpl: Adding task set 49.0 with 1 tasks resource profile 0
[2026-01-29T19:36:52.950+0530] {subprocess.py:106} INFO - 26/01/29 19:36:52 INFO TaskSetManager: Starting task 0.0 in stage 49.0 (TID 39) (Aishwarya92848DBDA, executor driver, partition 0, NODE_LOCAL, 8230 bytes)
[2026-01-29T19:36:52.951+0530] {subprocess.py:106} INFO - 26/01/29 19:36:52 INFO Executor: Running task 0.0 in stage 49.0 (TID 39)
[2026-01-29T19:36:52.966+0530] {subprocess.py:106} INFO - 26/01/29 19:36:52 INFO CodeGenerator: Code generated in 12.761437 ms
[2026-01-29T19:36:52.967+0530] {subprocess.py:106} INFO - 26/01/29 19:36:52 INFO FileScanRDD: Reading File path: hdfs://localhost:9000/weather/data/raw_data/weather_dataset.csv, range: 0-1642, partition values: [empty row]
[2026-01-29T19:36:52.976+0530] {subprocess.py:106} INFO - 26/01/29 19:36:52 INFO Executor: Finished task 0.0 in stage 49.0 (TID 39). 1990 bytes result sent to driver
[2026-01-29T19:36:52.979+0530] {subprocess.py:106} INFO - 26/01/29 19:36:52 INFO TaskSetManager: Finished task 0.0 in stage 49.0 (TID 39) in 29 ms on Aishwarya92848DBDA (executor driver) (1/1)
[2026-01-29T19:36:52.979+0530] {subprocess.py:106} INFO - 26/01/29 19:36:52 INFO TaskSchedulerImpl: Removed TaskSet 49.0, whose tasks have all completed, from pool
[2026-01-29T19:36:52.980+0530] {subprocess.py:106} INFO - 26/01/29 19:36:52 INFO DAGScheduler: ShuffleMapStage 49 (count at NativeMethodAccessorImpl.java:0) finished in 0.036 s
[2026-01-29T19:36:52.980+0530] {subprocess.py:106} INFO - 26/01/29 19:36:52 INFO DAGScheduler: looking for newly runnable stages
[2026-01-29T19:36:52.980+0530] {subprocess.py:106} INFO - 26/01/29 19:36:52 INFO DAGScheduler: running: Set()
[2026-01-29T19:36:52.980+0530] {subprocess.py:106} INFO - 26/01/29 19:36:52 INFO DAGScheduler: waiting: Set()
[2026-01-29T19:36:52.980+0530] {subprocess.py:106} INFO - 26/01/29 19:36:52 INFO DAGScheduler: failed: Set()
[2026-01-29T19:36:52.991+0530] {subprocess.py:106} INFO - 26/01/29 19:36:52 INFO SparkContext: Starting job: count at NativeMethodAccessorImpl.java:0
[2026-01-29T19:36:52.992+0530] {subprocess.py:106} INFO - 26/01/29 19:36:52 INFO DAGScheduler: Got job 40 (count at NativeMethodAccessorImpl.java:0) with 1 output partitions
[2026-01-29T19:36:52.992+0530] {subprocess.py:106} INFO - 26/01/29 19:36:52 INFO DAGScheduler: Final stage: ResultStage 51 (count at NativeMethodAccessorImpl.java:0)
[2026-01-29T19:36:52.992+0530] {subprocess.py:106} INFO - 26/01/29 19:36:52 INFO DAGScheduler: Parents of final stage: List(ShuffleMapStage 50)
[2026-01-29T19:36:52.992+0530] {subprocess.py:106} INFO - 26/01/29 19:36:52 INFO DAGScheduler: Missing parents: List()
[2026-01-29T19:36:52.993+0530] {subprocess.py:106} INFO - 26/01/29 19:36:52 INFO DAGScheduler: Submitting ResultStage 51 (MapPartitionsRDD[187] at count at NativeMethodAccessorImpl.java:0), which has no missing parents
[2026-01-29T19:36:52.994+0530] {subprocess.py:106} INFO - 26/01/29 19:36:52 INFO MemoryStore: Block broadcast_70 stored as values in memory (estimated size 12.5 KiB, free 364.7 MiB)
[2026-01-29T19:36:52.995+0530] {subprocess.py:106} INFO - 26/01/29 19:36:52 INFO MemoryStore: Block broadcast_70_piece0 stored as bytes in memory (estimated size 5.9 KiB, free 364.6 MiB)
[2026-01-29T19:36:52.996+0530] {subprocess.py:106} INFO - 26/01/29 19:36:52 INFO BlockManagerInfo: Added broadcast_70_piece0 in memory on Aishwarya92848DBDA:38109 (size: 5.9 KiB, free: 366.1 MiB)
[2026-01-29T19:36:52.996+0530] {subprocess.py:106} INFO - 26/01/29 19:36:52 INFO SparkContext: Created broadcast 70 from broadcast at DAGScheduler.scala:1585
[2026-01-29T19:36:52.996+0530] {subprocess.py:106} INFO - 26/01/29 19:36:52 INFO DAGScheduler: Submitting 1 missing tasks from ResultStage 51 (MapPartitionsRDD[187] at count at NativeMethodAccessorImpl.java:0) (first 15 tasks are for partitions Vector(0))
[2026-01-29T19:36:52.996+0530] {subprocess.py:106} INFO - 26/01/29 19:36:52 INFO TaskSchedulerImpl: Adding task set 51.0 with 1 tasks resource profile 0
[2026-01-29T19:36:52.997+0530] {subprocess.py:106} INFO - 26/01/29 19:36:52 INFO TaskSetManager: Starting task 0.0 in stage 51.0 (TID 40) (Aishwarya92848DBDA, executor driver, partition 0, NODE_LOCAL, 7615 bytes)
[2026-01-29T19:36:52.998+0530] {subprocess.py:106} INFO - 26/01/29 19:36:52 INFO Executor: Running task 0.0 in stage 51.0 (TID 40)
[2026-01-29T19:36:53.000+0530] {subprocess.py:106} INFO - 26/01/29 19:36:52 INFO ShuffleBlockFetcherIterator: Getting 1 (60.0 B) non-empty blocks including 1 (60.0 B) local and 0 (0.0 B) host-local and 0 (0.0 B) push-merged-local and 0 (0.0 B) remote blocks
[2026-01-29T19:36:53.000+0530] {subprocess.py:106} INFO - 26/01/29 19:36:53 INFO ShuffleBlockFetcherIterator: Started 0 remote fetches in 0 ms
[2026-01-29T19:36:53.001+0530] {subprocess.py:106} INFO - 26/01/29 19:36:53 INFO Executor: Finished task 0.0 in stage 51.0 (TID 40). 3988 bytes result sent to driver
[2026-01-29T19:36:53.002+0530] {subprocess.py:106} INFO - 26/01/29 19:36:53 INFO TaskSetManager: Finished task 0.0 in stage 51.0 (TID 40) in 5 ms on Aishwarya92848DBDA (executor driver) (1/1)
[2026-01-29T19:36:53.002+0530] {subprocess.py:106} INFO - 26/01/29 19:36:53 INFO TaskSchedulerImpl: Removed TaskSet 51.0, whose tasks have all completed, from pool
[2026-01-29T19:36:53.002+0530] {subprocess.py:106} INFO - 26/01/29 19:36:53 INFO DAGScheduler: ResultStage 51 (count at NativeMethodAccessorImpl.java:0) finished in 0.009 s
[2026-01-29T19:36:53.002+0530] {subprocess.py:106} INFO - 26/01/29 19:36:53 INFO DAGScheduler: Job 40 is finished. Cancelling potential speculative or zombie tasks for this job
[2026-01-29T19:36:53.003+0530] {subprocess.py:106} INFO - 26/01/29 19:36:53 INFO TaskSchedulerImpl: Killing all running tasks in stage 51: Stage finished
[2026-01-29T19:36:53.003+0530] {subprocess.py:106} INFO - 26/01/29 19:36:53 INFO DAGScheduler: Job 40 finished: count at NativeMethodAccessorImpl.java:0, took 0.011823 s
[2026-01-29T19:36:53.004+0530] {subprocess.py:106} INFO - temperature_2m_max: Outliers after handling = 0
[2026-01-29T19:36:53.024+0530] {subprocess.py:106} INFO - 26/01/29 19:36:53 INFO FileSourceStrategy: Pushed Filters:
[2026-01-29T19:36:53.025+0530] {subprocess.py:106} INFO - 26/01/29 19:36:53 INFO FileSourceStrategy: Post-Scan Filters:
[2026-01-29T19:36:53.034+0530] {subprocess.py:106} INFO - 26/01/29 19:36:53 INFO CodeGenerator: Code generated in 6.059087 ms
[2026-01-29T19:36:53.035+0530] {subprocess.py:106} INFO - 26/01/29 19:36:53 INFO MemoryStore: Block broadcast_71 stored as values in memory (estimated size 350.2 KiB, free 364.3 MiB)
[2026-01-29T19:36:53.041+0530] {subprocess.py:106} INFO - 26/01/29 19:36:53 INFO MemoryStore: Block broadcast_71_piece0 stored as bytes in memory (estimated size 34.3 KiB, free 364.3 MiB)
[2026-01-29T19:36:53.041+0530] {subprocess.py:106} INFO - 26/01/29 19:36:53 INFO BlockManagerInfo: Added broadcast_71_piece0 in memory on Aishwarya92848DBDA:38109 (size: 34.3 KiB, free: 366.1 MiB)
[2026-01-29T19:36:53.042+0530] {subprocess.py:106} INFO - 26/01/29 19:36:53 INFO SparkContext: Created broadcast 71 from approxQuantile at <unknown>:0
[2026-01-29T19:36:53.042+0530] {subprocess.py:106} INFO - 26/01/29 19:36:53 INFO FileSourceScanExec: Planning scan with bin packing, max size: 4194304 bytes, open cost is considered as scanning 4194304 bytes.
[2026-01-29T19:36:53.052+0530] {subprocess.py:106} INFO - 26/01/29 19:36:53 INFO SparkContext: Starting job: approxQuantile at <unknown>:0
[2026-01-29T19:36:53.053+0530] {subprocess.py:106} INFO - 26/01/29 19:36:53 INFO DAGScheduler: Got job 41 (approxQuantile at <unknown>:0) with 1 output partitions
[2026-01-29T19:36:53.053+0530] {subprocess.py:106} INFO - 26/01/29 19:36:53 INFO DAGScheduler: Final stage: ResultStage 52 (approxQuantile at <unknown>:0)
[2026-01-29T19:36:53.053+0530] {subprocess.py:106} INFO - 26/01/29 19:36:53 INFO DAGScheduler: Parents of final stage: List()
[2026-01-29T19:36:53.053+0530] {subprocess.py:106} INFO - 26/01/29 19:36:53 INFO DAGScheduler: Missing parents: List()
[2026-01-29T19:36:53.054+0530] {subprocess.py:106} INFO - 26/01/29 19:36:53 INFO DAGScheduler: Submitting ResultStage 52 (MapPartitionsRDD[194] at approxQuantile at <unknown>:0), which has no missing parents
[2026-01-29T19:36:53.059+0530] {subprocess.py:106} INFO - 26/01/29 19:36:53 INFO MemoryStore: Block broadcast_72 stored as values in memory (estimated size 32.8 KiB, free 364.2 MiB)
[2026-01-29T19:36:53.060+0530] {subprocess.py:106} INFO - 26/01/29 19:36:53 INFO MemoryStore: Block broadcast_72_piece0 stored as bytes in memory (estimated size 15.2 KiB, free 364.2 MiB)
[2026-01-29T19:36:53.060+0530] {subprocess.py:106} INFO - 26/01/29 19:36:53 INFO BlockManagerInfo: Added broadcast_72_piece0 in memory on Aishwarya92848DBDA:38109 (size: 15.2 KiB, free: 366.1 MiB)
[2026-01-29T19:36:53.061+0530] {subprocess.py:106} INFO - 26/01/29 19:36:53 INFO SparkContext: Created broadcast 72 from broadcast at DAGScheduler.scala:1585
[2026-01-29T19:36:53.061+0530] {subprocess.py:106} INFO - 26/01/29 19:36:53 INFO DAGScheduler: Submitting 1 missing tasks from ResultStage 52 (MapPartitionsRDD[194] at approxQuantile at <unknown>:0) (first 15 tasks are for partitions Vector(0))
[2026-01-29T19:36:53.061+0530] {subprocess.py:106} INFO - 26/01/29 19:36:53 INFO TaskSchedulerImpl: Adding task set 52.0 with 1 tasks resource profile 0
[2026-01-29T19:36:53.062+0530] {subprocess.py:106} INFO - 26/01/29 19:36:53 INFO TaskSetManager: Starting task 0.0 in stage 52.0 (TID 41) (Aishwarya92848DBDA, executor driver, partition 0, NODE_LOCAL, 8241 bytes)
[2026-01-29T19:36:53.062+0530] {subprocess.py:106} INFO - 26/01/29 19:36:53 INFO Executor: Running task 0.0 in stage 52.0 (TID 41)
[2026-01-29T19:36:53.074+0530] {subprocess.py:106} INFO - 26/01/29 19:36:53 INFO CodeGenerator: Code generated in 8.652875 ms
[2026-01-29T19:36:53.077+0530] {subprocess.py:106} INFO - 26/01/29 19:36:53 INFO FileScanRDD: Reading File path: hdfs://localhost:9000/weather/data/raw_data/weather_dataset.csv, range: 0-1642, partition values: [empty row]
[2026-01-29T19:36:53.086+0530] {subprocess.py:106} INFO - 26/01/29 19:36:53 INFO Executor: Finished task 0.0 in stage 52.0 (TID 41). 2766 bytes result sent to driver
[2026-01-29T19:36:53.087+0530] {subprocess.py:106} INFO - 26/01/29 19:36:53 INFO TaskSetManager: Finished task 0.0 in stage 52.0 (TID 41) in 24 ms on Aishwarya92848DBDA (executor driver) (1/1)
[2026-01-29T19:36:53.087+0530] {subprocess.py:106} INFO - 26/01/29 19:36:53 INFO TaskSchedulerImpl: Removed TaskSet 52.0, whose tasks have all completed, from pool
[2026-01-29T19:36:53.087+0530] {subprocess.py:106} INFO - 26/01/29 19:36:53 INFO DAGScheduler: ResultStage 52 (approxQuantile at <unknown>:0) finished in 0.033 s
[2026-01-29T19:36:53.087+0530] {subprocess.py:106} INFO - 26/01/29 19:36:53 INFO DAGScheduler: Job 41 is finished. Cancelling potential speculative or zombie tasks for this job
[2026-01-29T19:36:53.087+0530] {subprocess.py:106} INFO - 26/01/29 19:36:53 INFO TaskSchedulerImpl: Killing all running tasks in stage 52: Stage finished
[2026-01-29T19:36:53.088+0530] {subprocess.py:106} INFO - 26/01/29 19:36:53 INFO DAGScheduler: Job 41 finished: approxQuantile at <unknown>:0, took 0.035572 s
[2026-01-29T19:36:53.154+0530] {subprocess.py:106} INFO - 26/01/29 19:36:53 INFO FileSourceStrategy: Pushed Filters:
[2026-01-29T19:36:53.154+0530] {subprocess.py:106} INFO - 26/01/29 19:36:53 INFO FileSourceStrategy: Post-Scan Filters: (CASE WHEN (temperature_2m_min#20 < 4.549999999999999) THEN false WHEN (temperature_2m_min#20 > 27.35) THEN false ELSE (temperature_2m_min#20 < 4.549999999999999) END OR CASE WHEN (temperature_2m_min#20 < 4.549999999999999) THEN false WHEN (temperature_2m_min#20 > 27.35) THEN false ELSE (temperature_2m_min#20 > 27.35) END)
[2026-01-29T19:36:53.177+0530] {subprocess.py:106} INFO - 26/01/29 19:36:53 INFO CodeGenerator: Code generated in 11.904234 ms
[2026-01-29T19:36:53.179+0530] {subprocess.py:106} INFO - 26/01/29 19:36:53 INFO MemoryStore: Block broadcast_73 stored as values in memory (estimated size 350.2 KiB, free 363.9 MiB)
[2026-01-29T19:36:53.185+0530] {subprocess.py:106} INFO - 26/01/29 19:36:53 INFO MemoryStore: Block broadcast_73_piece0 stored as bytes in memory (estimated size 34.3 KiB, free 363.8 MiB)
[2026-01-29T19:36:53.185+0530] {subprocess.py:106} INFO - 26/01/29 19:36:53 INFO BlockManagerInfo: Added broadcast_73_piece0 in memory on Aishwarya92848DBDA:38109 (size: 34.3 KiB, free: 366.0 MiB)
[2026-01-29T19:36:53.186+0530] {subprocess.py:106} INFO - 26/01/29 19:36:53 INFO SparkContext: Created broadcast 73 from count at NativeMethodAccessorImpl.java:0
[2026-01-29T19:36:53.187+0530] {subprocess.py:106} INFO - 26/01/29 19:36:53 INFO FileSourceScanExec: Planning scan with bin packing, max size: 4194304 bytes, open cost is considered as scanning 4194304 bytes.
[2026-01-29T19:36:53.191+0530] {subprocess.py:106} INFO - 26/01/29 19:36:53 INFO DAGScheduler: Registering RDD 198 (count at NativeMethodAccessorImpl.java:0) as input to shuffle 11
[2026-01-29T19:36:53.191+0530] {subprocess.py:106} INFO - 26/01/29 19:36:53 INFO DAGScheduler: Got map stage job 42 (count at NativeMethodAccessorImpl.java:0) with 1 output partitions
[2026-01-29T19:36:53.192+0530] {subprocess.py:106} INFO - 26/01/29 19:36:53 INFO DAGScheduler: Final stage: ShuffleMapStage 53 (count at NativeMethodAccessorImpl.java:0)
[2026-01-29T19:36:53.192+0530] {subprocess.py:106} INFO - 26/01/29 19:36:53 INFO DAGScheduler: Parents of final stage: List()
[2026-01-29T19:36:53.192+0530] {subprocess.py:106} INFO - 26/01/29 19:36:53 INFO DAGScheduler: Missing parents: List()
[2026-01-29T19:36:53.192+0530] {subprocess.py:106} INFO - 26/01/29 19:36:53 INFO DAGScheduler: Submitting ShuffleMapStage 53 (MapPartitionsRDD[198] at count at NativeMethodAccessorImpl.java:0), which has no missing parents
[2026-01-29T19:36:53.194+0530] {subprocess.py:106} INFO - 26/01/29 19:36:53 INFO MemoryStore: Block broadcast_74 stored as values in memory (estimated size 22.1 KiB, free 363.8 MiB)
[2026-01-29T19:36:53.195+0530] {subprocess.py:106} INFO - 26/01/29 19:36:53 INFO MemoryStore: Block broadcast_74_piece0 stored as bytes in memory (estimated size 10.0 KiB, free 363.8 MiB)
[2026-01-29T19:36:53.195+0530] {subprocess.py:106} INFO - 26/01/29 19:36:53 INFO BlockManagerInfo: Added broadcast_74_piece0 in memory on Aishwarya92848DBDA:38109 (size: 10.0 KiB, free: 366.0 MiB)
[2026-01-29T19:36:53.196+0530] {subprocess.py:106} INFO - 26/01/29 19:36:53 INFO SparkContext: Created broadcast 74 from broadcast at DAGScheduler.scala:1585
[2026-01-29T19:36:53.196+0530] {subprocess.py:106} INFO - 26/01/29 19:36:53 INFO DAGScheduler: Submitting 1 missing tasks from ShuffleMapStage 53 (MapPartitionsRDD[198] at count at NativeMethodAccessorImpl.java:0) (first 15 tasks are for partitions Vector(0))
[2026-01-29T19:36:53.196+0530] {subprocess.py:106} INFO - 26/01/29 19:36:53 INFO TaskSchedulerImpl: Adding task set 53.0 with 1 tasks resource profile 0
[2026-01-29T19:36:53.197+0530] {subprocess.py:106} INFO - 26/01/29 19:36:53 INFO TaskSetManager: Starting task 0.0 in stage 53.0 (TID 42) (Aishwarya92848DBDA, executor driver, partition 0, NODE_LOCAL, 8230 bytes)
[2026-01-29T19:36:53.198+0530] {subprocess.py:106} INFO - 26/01/29 19:36:53 INFO Executor: Running task 0.0 in stage 53.0 (TID 42)
[2026-01-29T19:36:53.211+0530] {subprocess.py:106} INFO - 26/01/29 19:36:53 INFO CodeGenerator: Code generated in 10.521816 ms
[2026-01-29T19:36:53.212+0530] {subprocess.py:106} INFO - 26/01/29 19:36:53 INFO FileScanRDD: Reading File path: hdfs://localhost:9000/weather/data/raw_data/weather_dataset.csv, range: 0-1642, partition values: [empty row]
[2026-01-29T19:36:53.223+0530] {subprocess.py:106} INFO - 26/01/29 19:36:53 INFO Executor: Finished task 0.0 in stage 53.0 (TID 42). 1990 bytes result sent to driver
[2026-01-29T19:36:53.224+0530] {subprocess.py:106} INFO - 26/01/29 19:36:53 INFO TaskSetManager: Finished task 0.0 in stage 53.0 (TID 42) in 27 ms on Aishwarya92848DBDA (executor driver) (1/1)
[2026-01-29T19:36:53.224+0530] {subprocess.py:106} INFO - 26/01/29 19:36:53 INFO TaskSchedulerImpl: Removed TaskSet 53.0, whose tasks have all completed, from pool
[2026-01-29T19:36:53.225+0530] {subprocess.py:106} INFO - 26/01/29 19:36:53 INFO DAGScheduler: ShuffleMapStage 53 (count at NativeMethodAccessorImpl.java:0) finished in 0.032 s
[2026-01-29T19:36:53.225+0530] {subprocess.py:106} INFO - 26/01/29 19:36:53 INFO DAGScheduler: looking for newly runnable stages
[2026-01-29T19:36:53.225+0530] {subprocess.py:106} INFO - 26/01/29 19:36:53 INFO DAGScheduler: running: Set()
[2026-01-29T19:36:53.226+0530] {subprocess.py:106} INFO - 26/01/29 19:36:53 INFO DAGScheduler: waiting: Set()
[2026-01-29T19:36:53.226+0530] {subprocess.py:106} INFO - 26/01/29 19:36:53 INFO DAGScheduler: failed: Set()
[2026-01-29T19:36:53.238+0530] {subprocess.py:106} INFO - 26/01/29 19:36:53 INFO SparkContext: Starting job: count at NativeMethodAccessorImpl.java:0
[2026-01-29T19:36:53.239+0530] {subprocess.py:106} INFO - 26/01/29 19:36:53 INFO DAGScheduler: Got job 43 (count at NativeMethodAccessorImpl.java:0) with 1 output partitions
[2026-01-29T19:36:53.240+0530] {subprocess.py:106} INFO - 26/01/29 19:36:53 INFO DAGScheduler: Final stage: ResultStage 55 (count at NativeMethodAccessorImpl.java:0)
[2026-01-29T19:36:53.240+0530] {subprocess.py:106} INFO - 26/01/29 19:36:53 INFO DAGScheduler: Parents of final stage: List(ShuffleMapStage 54)
[2026-01-29T19:36:53.240+0530] {subprocess.py:106} INFO - 26/01/29 19:36:53 INFO DAGScheduler: Missing parents: List()
[2026-01-29T19:36:53.240+0530] {subprocess.py:106} INFO - 26/01/29 19:36:53 INFO DAGScheduler: Submitting ResultStage 55 (MapPartitionsRDD[201] at count at NativeMethodAccessorImpl.java:0), which has no missing parents
[2026-01-29T19:36:53.241+0530] {subprocess.py:106} INFO - 26/01/29 19:36:53 INFO MemoryStore: Block broadcast_75 stored as values in memory (estimated size 12.5 KiB, free 363.8 MiB)
[2026-01-29T19:36:53.242+0530] {subprocess.py:106} INFO - 26/01/29 19:36:53 INFO MemoryStore: Block broadcast_75_piece0 stored as bytes in memory (estimated size 5.9 KiB, free 363.8 MiB)
[2026-01-29T19:36:53.243+0530] {subprocess.py:106} INFO - 26/01/29 19:36:53 INFO BlockManagerInfo: Added broadcast_75_piece0 in memory on Aishwarya92848DBDA:38109 (size: 5.9 KiB, free: 366.0 MiB)
[2026-01-29T19:36:53.243+0530] {subprocess.py:106} INFO - 26/01/29 19:36:53 INFO SparkContext: Created broadcast 75 from broadcast at DAGScheduler.scala:1585
[2026-01-29T19:36:53.243+0530] {subprocess.py:106} INFO - 26/01/29 19:36:53 INFO DAGScheduler: Submitting 1 missing tasks from ResultStage 55 (MapPartitionsRDD[201] at count at NativeMethodAccessorImpl.java:0) (first 15 tasks are for partitions Vector(0))
[2026-01-29T19:36:53.243+0530] {subprocess.py:106} INFO - 26/01/29 19:36:53 INFO TaskSchedulerImpl: Adding task set 55.0 with 1 tasks resource profile 0
[2026-01-29T19:36:53.244+0530] {subprocess.py:106} INFO - 26/01/29 19:36:53 INFO TaskSetManager: Starting task 0.0 in stage 55.0 (TID 43) (Aishwarya92848DBDA, executor driver, partition 0, NODE_LOCAL, 7615 bytes)
[2026-01-29T19:36:53.245+0530] {subprocess.py:106} INFO - 26/01/29 19:36:53 INFO Executor: Running task 0.0 in stage 55.0 (TID 43)
[2026-01-29T19:36:53.247+0530] {subprocess.py:106} INFO - 26/01/29 19:36:53 INFO ShuffleBlockFetcherIterator: Getting 1 (60.0 B) non-empty blocks including 1 (60.0 B) local and 0 (0.0 B) host-local and 0 (0.0 B) push-merged-local and 0 (0.0 B) remote blocks
[2026-01-29T19:36:53.248+0530] {subprocess.py:106} INFO - 26/01/29 19:36:53 INFO ShuffleBlockFetcherIterator: Started 0 remote fetches in 0 ms
[2026-01-29T19:36:53.249+0530] {subprocess.py:106} INFO - 26/01/29 19:36:53 INFO Executor: Finished task 0.0 in stage 55.0 (TID 43). 3988 bytes result sent to driver
[2026-01-29T19:36:53.250+0530] {subprocess.py:106} INFO - 26/01/29 19:36:53 INFO TaskSetManager: Finished task 0.0 in stage 55.0 (TID 43) in 6 ms on Aishwarya92848DBDA (executor driver) (1/1)
[2026-01-29T19:36:53.250+0530] {subprocess.py:106} INFO - 26/01/29 19:36:53 INFO TaskSchedulerImpl: Removed TaskSet 55.0, whose tasks have all completed, from pool
[2026-01-29T19:36:53.251+0530] {subprocess.py:106} INFO - 26/01/29 19:36:53 INFO DAGScheduler: ResultStage 55 (count at NativeMethodAccessorImpl.java:0) finished in 0.010 s
[2026-01-29T19:36:53.251+0530] {subprocess.py:106} INFO - 26/01/29 19:36:53 INFO DAGScheduler: Job 43 is finished. Cancelling potential speculative or zombie tasks for this job
[2026-01-29T19:36:53.251+0530] {subprocess.py:106} INFO - 26/01/29 19:36:53 INFO TaskSchedulerImpl: Killing all running tasks in stage 55: Stage finished
[2026-01-29T19:36:53.251+0530] {subprocess.py:106} INFO - 26/01/29 19:36:53 INFO DAGScheduler: Job 43 finished: count at NativeMethodAccessorImpl.java:0, took 0.012943 s
[2026-01-29T19:36:53.252+0530] {subprocess.py:106} INFO - temperature_2m_min: Outliers after handling = 0
[2026-01-29T19:36:53.276+0530] {subprocess.py:106} INFO - 26/01/29 19:36:53 INFO FileSourceStrategy: Pushed Filters:
[2026-01-29T19:36:53.277+0530] {subprocess.py:106} INFO - 26/01/29 19:36:53 INFO FileSourceStrategy: Post-Scan Filters:
[2026-01-29T19:36:53.288+0530] {subprocess.py:106} INFO - 26/01/29 19:36:53 INFO CodeGenerator: Code generated in 8.048948 ms
[2026-01-29T19:36:53.290+0530] {subprocess.py:106} INFO - 26/01/29 19:36:53 INFO MemoryStore: Block broadcast_76 stored as values in memory (estimated size 350.2 KiB, free 363.5 MiB)
[2026-01-29T19:36:53.311+0530] {subprocess.py:106} INFO - 26/01/29 19:36:53 INFO BlockManagerInfo: Removed broadcast_71_piece0 on Aishwarya92848DBDA:38109 in memory (size: 34.3 KiB, free: 366.1 MiB)
[2026-01-29T19:36:53.312+0530] {subprocess.py:106} INFO - 26/01/29 19:36:53 INFO BlockManagerInfo: Removed broadcast_74_piece0 on Aishwarya92848DBDA:38109 in memory (size: 10.0 KiB, free: 366.1 MiB)
[2026-01-29T19:36:53.313+0530] {subprocess.py:106} INFO - 26/01/29 19:36:53 INFO MemoryStore: Block broadcast_76_piece0 stored as bytes in memory (estimated size 34.3 KiB, free 363.9 MiB)
[2026-01-29T19:36:53.314+0530] {subprocess.py:106} INFO - 26/01/29 19:36:53 INFO BlockManagerInfo: Removed broadcast_66_piece0 on Aishwarya92848DBDA:38109 in memory (size: 34.3 KiB, free: 366.1 MiB)
[2026-01-29T19:36:53.314+0530] {subprocess.py:106} INFO - 26/01/29 19:36:53 INFO BlockManagerInfo: Added broadcast_76_piece0 in memory on Aishwarya92848DBDA:38109 (size: 34.3 KiB, free: 366.1 MiB)
[2026-01-29T19:36:53.314+0530] {subprocess.py:106} INFO - 26/01/29 19:36:53 INFO SparkContext: Created broadcast 76 from approxQuantile at <unknown>:0
[2026-01-29T19:36:53.315+0530] {subprocess.py:106} INFO - 26/01/29 19:36:53 INFO BlockManagerInfo: Removed broadcast_63_piece0 on Aishwarya92848DBDA:38109 in memory (size: 9.5 KiB, free: 366.1 MiB)
[2026-01-29T19:36:53.316+0530] {subprocess.py:106} INFO - 26/01/29 19:36:53 INFO FileSourceScanExec: Planning scan with bin packing, max size: 4194304 bytes, open cost is considered as scanning 4194304 bytes.
[2026-01-29T19:36:53.317+0530] {subprocess.py:106} INFO - 26/01/29 19:36:53 INFO BlockManagerInfo: Removed broadcast_72_piece0 on Aishwarya92848DBDA:38109 in memory (size: 15.2 KiB, free: 366.1 MiB)
[2026-01-29T19:36:53.318+0530] {subprocess.py:106} INFO - 26/01/29 19:36:53 INFO BlockManagerInfo: Removed broadcast_70_piece0 on Aishwarya92848DBDA:38109 in memory (size: 5.9 KiB, free: 366.1 MiB)
[2026-01-29T19:36:53.320+0530] {subprocess.py:106} INFO - 26/01/29 19:36:53 INFO BlockManagerInfo: Removed broadcast_65_piece0 on Aishwarya92848DBDA:38109 in memory (size: 9.5 KiB, free: 366.1 MiB)
[2026-01-29T19:36:53.321+0530] {subprocess.py:106} INFO - 26/01/29 19:36:53 INFO BlockManagerInfo: Removed broadcast_67_piece0 on Aishwarya92848DBDA:38109 in memory (size: 15.2 KiB, free: 366.1 MiB)
[2026-01-29T19:36:53.323+0530] {subprocess.py:106} INFO - 26/01/29 19:36:53 INFO BlockManagerInfo: Removed broadcast_75_piece0 on Aishwarya92848DBDA:38109 in memory (size: 5.9 KiB, free: 366.1 MiB)
[2026-01-29T19:36:53.325+0530] {subprocess.py:106} INFO - 26/01/29 19:36:53 INFO BlockManagerInfo: Removed broadcast_64_piece0 on Aishwarya92848DBDA:38109 in memory (size: 34.3 KiB, free: 366.2 MiB)
[2026-01-29T19:36:53.327+0530] {subprocess.py:106} INFO - 26/01/29 19:36:53 INFO BlockManagerInfo: Removed broadcast_68_piece0 on Aishwarya92848DBDA:38109 in memory (size: 34.3 KiB, free: 366.2 MiB)
[2026-01-29T19:36:53.328+0530] {subprocess.py:106} INFO - 26/01/29 19:36:53 INFO BlockManagerInfo: Removed broadcast_62_piece0 on Aishwarya92848DBDA:38109 in memory (size: 34.3 KiB, free: 366.2 MiB)
[2026-01-29T19:36:53.330+0530] {subprocess.py:106} INFO - 26/01/29 19:36:53 INFO BlockManagerInfo: Removed broadcast_69_piece0 on Aishwarya92848DBDA:38109 in memory (size: 10.0 KiB, free: 366.2 MiB)
[2026-01-29T19:36:53.330+0530] {subprocess.py:106} INFO - 26/01/29 19:36:53 INFO SparkContext: Starting job: approxQuantile at <unknown>:0
[2026-01-29T19:36:53.331+0530] {subprocess.py:106} INFO - 26/01/29 19:36:53 INFO DAGScheduler: Got job 44 (approxQuantile at <unknown>:0) with 1 output partitions
[2026-01-29T19:36:53.331+0530] {subprocess.py:106} INFO - 26/01/29 19:36:53 INFO DAGScheduler: Final stage: ResultStage 56 (approxQuantile at <unknown>:0)
[2026-01-29T19:36:53.331+0530] {subprocess.py:106} INFO - 26/01/29 19:36:53 INFO DAGScheduler: Parents of final stage: List()
[2026-01-29T19:36:53.331+0530] {subprocess.py:106} INFO - 26/01/29 19:36:53 INFO DAGScheduler: Missing parents: List()
[2026-01-29T19:36:53.331+0530] {subprocess.py:106} INFO - 26/01/29 19:36:53 INFO DAGScheduler: Submitting ResultStage 56 (MapPartitionsRDD[208] at approxQuantile at <unknown>:0), which has no missing parents
[2026-01-29T19:36:53.339+0530] {subprocess.py:106} INFO - 26/01/29 19:36:53 INFO MemoryStore: Block broadcast_77 stored as values in memory (estimated size 32.8 KiB, free 365.5 MiB)
[2026-01-29T19:36:53.341+0530] {subprocess.py:106} INFO - 26/01/29 19:36:53 INFO MemoryStore: Block broadcast_77_piece0 stored as bytes in memory (estimated size 15.2 KiB, free 365.5 MiB)
[2026-01-29T19:36:53.341+0530] {subprocess.py:106} INFO - 26/01/29 19:36:53 INFO BlockManagerInfo: Added broadcast_77_piece0 in memory on Aishwarya92848DBDA:38109 (size: 15.2 KiB, free: 366.2 MiB)
[2026-01-29T19:36:53.341+0530] {subprocess.py:106} INFO - 26/01/29 19:36:53 INFO SparkContext: Created broadcast 77 from broadcast at DAGScheduler.scala:1585
[2026-01-29T19:36:53.342+0530] {subprocess.py:106} INFO - 26/01/29 19:36:53 INFO DAGScheduler: Submitting 1 missing tasks from ResultStage 56 (MapPartitionsRDD[208] at approxQuantile at <unknown>:0) (first 15 tasks are for partitions Vector(0))
[2026-01-29T19:36:53.342+0530] {subprocess.py:106} INFO - 26/01/29 19:36:53 INFO TaskSchedulerImpl: Adding task set 56.0 with 1 tasks resource profile 0
[2026-01-29T19:36:53.343+0530] {subprocess.py:106} INFO - 26/01/29 19:36:53 INFO TaskSetManager: Starting task 0.0 in stage 56.0 (TID 44) (Aishwarya92848DBDA, executor driver, partition 0, NODE_LOCAL, 8241 bytes)
[2026-01-29T19:36:53.343+0530] {subprocess.py:106} INFO - 26/01/29 19:36:53 INFO Executor: Running task 0.0 in stage 56.0 (TID 44)
[2026-01-29T19:36:53.356+0530] {subprocess.py:106} INFO - 26/01/29 19:36:53 INFO CodeGenerator: Code generated in 9.607434 ms
[2026-01-29T19:36:53.359+0530] {subprocess.py:106} INFO - 26/01/29 19:36:53 INFO FileScanRDD: Reading File path: hdfs://localhost:9000/weather/data/raw_data/weather_dataset.csv, range: 0-1642, partition values: [empty row]
[2026-01-29T19:36:53.371+0530] {subprocess.py:106} INFO - 26/01/29 19:36:53 INFO Executor: Finished task 0.0 in stage 56.0 (TID 44). 2766 bytes result sent to driver
[2026-01-29T19:36:53.372+0530] {subprocess.py:106} INFO - 26/01/29 19:36:53 INFO TaskSetManager: Finished task 0.0 in stage 56.0 (TID 44) in 30 ms on Aishwarya92848DBDA (executor driver) (1/1)
[2026-01-29T19:36:53.372+0530] {subprocess.py:106} INFO - 26/01/29 19:36:53 INFO TaskSchedulerImpl: Removed TaskSet 56.0, whose tasks have all completed, from pool
[2026-01-29T19:36:53.373+0530] {subprocess.py:106} INFO - 26/01/29 19:36:53 INFO DAGScheduler: ResultStage 56 (approxQuantile at <unknown>:0) finished in 0.040 s
[2026-01-29T19:36:53.373+0530] {subprocess.py:106} INFO - 26/01/29 19:36:53 INFO DAGScheduler: Job 44 is finished. Cancelling potential speculative or zombie tasks for this job
[2026-01-29T19:36:53.373+0530] {subprocess.py:106} INFO - 26/01/29 19:36:53 INFO TaskSchedulerImpl: Killing all running tasks in stage 56: Stage finished
[2026-01-29T19:36:53.374+0530] {subprocess.py:106} INFO - 26/01/29 19:36:53 INFO DAGScheduler: Job 44 finished: approxQuantile at <unknown>:0, took 0.042731 s
[2026-01-29T19:36:53.448+0530] {subprocess.py:106} INFO - 26/01/29 19:36:53 INFO FileSourceStrategy: Pushed Filters:
[2026-01-29T19:36:53.449+0530] {subprocess.py:106} INFO - 26/01/29 19:36:53 INFO FileSourceStrategy: Post-Scan Filters: (CASE WHEN (apparent_temperature_max#21 < 7.200000000000001) THEN false WHEN (apparent_temperature_max#21 > 44.0) THEN false ELSE (apparent_temperature_max#21 < 7.200000000000001) END OR CASE WHEN (apparent_temperature_max#21 < 7.200000000000001) THEN false WHEN (apparent_temperature_max#21 > 44.0) THEN false ELSE (apparent_temperature_max#21 > 44.0) END)
[2026-01-29T19:36:53.475+0530] {subprocess.py:106} INFO - 26/01/29 19:36:53 INFO CodeGenerator: Code generated in 14.378163 ms
[2026-01-29T19:36:53.477+0530] {subprocess.py:106} INFO - 26/01/29 19:36:53 INFO MemoryStore: Block broadcast_78 stored as values in memory (estimated size 350.2 KiB, free 365.2 MiB)
[2026-01-29T19:36:53.485+0530] {subprocess.py:106} INFO - 26/01/29 19:36:53 INFO MemoryStore: Block broadcast_78_piece0 stored as bytes in memory (estimated size 34.3 KiB, free 365.1 MiB)
[2026-01-29T19:36:53.486+0530] {subprocess.py:106} INFO - 26/01/29 19:36:53 INFO BlockManagerInfo: Added broadcast_78_piece0 in memory on Aishwarya92848DBDA:38109 (size: 34.3 KiB, free: 366.2 MiB)
[2026-01-29T19:36:53.486+0530] {subprocess.py:106} INFO - 26/01/29 19:36:53 INFO SparkContext: Created broadcast 78 from count at NativeMethodAccessorImpl.java:0
[2026-01-29T19:36:53.487+0530] {subprocess.py:106} INFO - 26/01/29 19:36:53 INFO FileSourceScanExec: Planning scan with bin packing, max size: 4194304 bytes, open cost is considered as scanning 4194304 bytes.
[2026-01-29T19:36:53.492+0530] {subprocess.py:106} INFO - 26/01/29 19:36:53 INFO DAGScheduler: Registering RDD 212 (count at NativeMethodAccessorImpl.java:0) as input to shuffle 12
[2026-01-29T19:36:53.493+0530] {subprocess.py:106} INFO - 26/01/29 19:36:53 INFO DAGScheduler: Got map stage job 45 (count at NativeMethodAccessorImpl.java:0) with 1 output partitions
[2026-01-29T19:36:53.493+0530] {subprocess.py:106} INFO - 26/01/29 19:36:53 INFO DAGScheduler: Final stage: ShuffleMapStage 57 (count at NativeMethodAccessorImpl.java:0)
[2026-01-29T19:36:53.494+0530] {subprocess.py:106} INFO - 26/01/29 19:36:53 INFO DAGScheduler: Parents of final stage: List()
[2026-01-29T19:36:53.494+0530] {subprocess.py:106} INFO - 26/01/29 19:36:53 INFO DAGScheduler: Missing parents: List()
[2026-01-29T19:36:53.494+0530] {subprocess.py:106} INFO - 26/01/29 19:36:53 INFO DAGScheduler: Submitting ShuffleMapStage 57 (MapPartitionsRDD[212] at count at NativeMethodAccessorImpl.java:0), which has no missing parents
[2026-01-29T19:36:53.495+0530] {subprocess.py:106} INFO - 26/01/29 19:36:53 INFO MemoryStore: Block broadcast_79 stored as values in memory (estimated size 22.1 KiB, free 365.1 MiB)
[2026-01-29T19:36:53.496+0530] {subprocess.py:106} INFO - 26/01/29 19:36:53 INFO MemoryStore: Block broadcast_79_piece0 stored as bytes in memory (estimated size 10.0 KiB, free 365.1 MiB)
[2026-01-29T19:36:53.497+0530] {subprocess.py:106} INFO - 26/01/29 19:36:53 INFO BlockManagerInfo: Added broadcast_79_piece0 in memory on Aishwarya92848DBDA:38109 (size: 10.0 KiB, free: 366.2 MiB)
[2026-01-29T19:36:53.497+0530] {subprocess.py:106} INFO - 26/01/29 19:36:53 INFO SparkContext: Created broadcast 79 from broadcast at DAGScheduler.scala:1585
[2026-01-29T19:36:53.497+0530] {subprocess.py:106} INFO - 26/01/29 19:36:53 INFO DAGScheduler: Submitting 1 missing tasks from ShuffleMapStage 57 (MapPartitionsRDD[212] at count at NativeMethodAccessorImpl.java:0) (first 15 tasks are for partitions Vector(0))
[2026-01-29T19:36:53.498+0530] {subprocess.py:106} INFO - 26/01/29 19:36:53 INFO TaskSchedulerImpl: Adding task set 57.0 with 1 tasks resource profile 0
[2026-01-29T19:36:53.499+0530] {subprocess.py:106} INFO - 26/01/29 19:36:53 INFO TaskSetManager: Starting task 0.0 in stage 57.0 (TID 45) (Aishwarya92848DBDA, executor driver, partition 0, NODE_LOCAL, 8230 bytes)
[2026-01-29T19:36:53.499+0530] {subprocess.py:106} INFO - 26/01/29 19:36:53 INFO Executor: Running task 0.0 in stage 57.0 (TID 45)
[2026-01-29T19:36:53.513+0530] {subprocess.py:106} INFO - 26/01/29 19:36:53 INFO CodeGenerator: Code generated in 10.213946 ms
[2026-01-29T19:36:53.514+0530] {subprocess.py:106} INFO - 26/01/29 19:36:53 INFO FileScanRDD: Reading File path: hdfs://localhost:9000/weather/data/raw_data/weather_dataset.csv, range: 0-1642, partition values: [empty row]
[2026-01-29T19:36:53.523+0530] {subprocess.py:106} INFO - 26/01/29 19:36:53 INFO Executor: Finished task 0.0 in stage 57.0 (TID 45). 1990 bytes result sent to driver
[2026-01-29T19:36:53.524+0530] {subprocess.py:106} INFO - 26/01/29 19:36:53 INFO TaskSetManager: Finished task 0.0 in stage 57.0 (TID 45) in 26 ms on Aishwarya92848DBDA (executor driver) (1/1)
[2026-01-29T19:36:53.524+0530] {subprocess.py:106} INFO - 26/01/29 19:36:53 INFO TaskSchedulerImpl: Removed TaskSet 57.0, whose tasks have all completed, from pool
[2026-01-29T19:36:53.525+0530] {subprocess.py:106} INFO - 26/01/29 19:36:53 INFO DAGScheduler: ShuffleMapStage 57 (count at NativeMethodAccessorImpl.java:0) finished in 0.031 s
[2026-01-29T19:36:53.525+0530] {subprocess.py:106} INFO - 26/01/29 19:36:53 INFO DAGScheduler: looking for newly runnable stages
[2026-01-29T19:36:53.525+0530] {subprocess.py:106} INFO - 26/01/29 19:36:53 INFO DAGScheduler: running: Set()
[2026-01-29T19:36:53.525+0530] {subprocess.py:106} INFO - 26/01/29 19:36:53 INFO DAGScheduler: waiting: Set()
[2026-01-29T19:36:53.525+0530] {subprocess.py:106} INFO - 26/01/29 19:36:53 INFO DAGScheduler: failed: Set()
[2026-01-29T19:36:53.539+0530] {subprocess.py:106} INFO - 26/01/29 19:36:53 INFO SparkContext: Starting job: count at NativeMethodAccessorImpl.java:0
[2026-01-29T19:36:53.540+0530] {subprocess.py:106} INFO - 26/01/29 19:36:53 INFO DAGScheduler: Got job 46 (count at NativeMethodAccessorImpl.java:0) with 1 output partitions
[2026-01-29T19:36:53.540+0530] {subprocess.py:106} INFO - 26/01/29 19:36:53 INFO DAGScheduler: Final stage: ResultStage 59 (count at NativeMethodAccessorImpl.java:0)
[2026-01-29T19:36:53.540+0530] {subprocess.py:106} INFO - 26/01/29 19:36:53 INFO DAGScheduler: Parents of final stage: List(ShuffleMapStage 58)
[2026-01-29T19:36:53.540+0530] {subprocess.py:106} INFO - 26/01/29 19:36:53 INFO DAGScheduler: Missing parents: List()
[2026-01-29T19:36:53.540+0530] {subprocess.py:106} INFO - 26/01/29 19:36:53 INFO DAGScheduler: Submitting ResultStage 59 (MapPartitionsRDD[215] at count at NativeMethodAccessorImpl.java:0), which has no missing parents
[2026-01-29T19:36:53.542+0530] {subprocess.py:106} INFO - 26/01/29 19:36:53 INFO MemoryStore: Block broadcast_80 stored as values in memory (estimated size 12.5 KiB, free 365.1 MiB)
[2026-01-29T19:36:53.544+0530] {subprocess.py:106} INFO - 26/01/29 19:36:53 INFO MemoryStore: Block broadcast_80_piece0 stored as bytes in memory (estimated size 5.9 KiB, free 365.1 MiB)
[2026-01-29T19:36:53.544+0530] {subprocess.py:106} INFO - 26/01/29 19:36:53 INFO BlockManagerInfo: Added broadcast_80_piece0 in memory on Aishwarya92848DBDA:38109 (size: 5.9 KiB, free: 366.2 MiB)
[2026-01-29T19:36:53.545+0530] {subprocess.py:106} INFO - 26/01/29 19:36:53 INFO SparkContext: Created broadcast 80 from broadcast at DAGScheduler.scala:1585
[2026-01-29T19:36:53.545+0530] {subprocess.py:106} INFO - 26/01/29 19:36:53 INFO DAGScheduler: Submitting 1 missing tasks from ResultStage 59 (MapPartitionsRDD[215] at count at NativeMethodAccessorImpl.java:0) (first 15 tasks are for partitions Vector(0))
[2026-01-29T19:36:53.545+0530] {subprocess.py:106} INFO - 26/01/29 19:36:53 INFO TaskSchedulerImpl: Adding task set 59.0 with 1 tasks resource profile 0
[2026-01-29T19:36:53.546+0530] {subprocess.py:106} INFO - 26/01/29 19:36:53 INFO TaskSetManager: Starting task 0.0 in stage 59.0 (TID 46) (Aishwarya92848DBDA, executor driver, partition 0, NODE_LOCAL, 7615 bytes)
[2026-01-29T19:36:53.547+0530] {subprocess.py:106} INFO - 26/01/29 19:36:53 INFO Executor: Running task 0.0 in stage 59.0 (TID 46)
[2026-01-29T19:36:53.549+0530] {subprocess.py:106} INFO - 26/01/29 19:36:53 INFO ShuffleBlockFetcherIterator: Getting 1 (60.0 B) non-empty blocks including 1 (60.0 B) local and 0 (0.0 B) host-local and 0 (0.0 B) push-merged-local and 0 (0.0 B) remote blocks
[2026-01-29T19:36:53.549+0530] {subprocess.py:106} INFO - 26/01/29 19:36:53 INFO ShuffleBlockFetcherIterator: Started 0 remote fetches in 0 ms
[2026-01-29T19:36:53.551+0530] {subprocess.py:106} INFO - 26/01/29 19:36:53 INFO Executor: Finished task 0.0 in stage 59.0 (TID 46). 3988 bytes result sent to driver
[2026-01-29T19:36:53.552+0530] {subprocess.py:106} INFO - 26/01/29 19:36:53 INFO TaskSetManager: Finished task 0.0 in stage 59.0 (TID 46) in 6 ms on Aishwarya92848DBDA (executor driver) (1/1)
[2026-01-29T19:36:53.552+0530] {subprocess.py:106} INFO - 26/01/29 19:36:53 INFO TaskSchedulerImpl: Removed TaskSet 59.0, whose tasks have all completed, from pool
[2026-01-29T19:36:53.553+0530] {subprocess.py:106} INFO - 26/01/29 19:36:53 INFO DAGScheduler: ResultStage 59 (count at NativeMethodAccessorImpl.java:0) finished in 0.011 s
[2026-01-29T19:36:53.553+0530] {subprocess.py:106} INFO - 26/01/29 19:36:53 INFO DAGScheduler: Job 46 is finished. Cancelling potential speculative or zombie tasks for this job
[2026-01-29T19:36:53.553+0530] {subprocess.py:106} INFO - 26/01/29 19:36:53 INFO TaskSchedulerImpl: Killing all running tasks in stage 59: Stage finished
[2026-01-29T19:36:53.553+0530] {subprocess.py:106} INFO - 26/01/29 19:36:53 INFO DAGScheduler: Job 46 finished: count at NativeMethodAccessorImpl.java:0, took 0.014481 s
[2026-01-29T19:36:53.554+0530] {subprocess.py:106} INFO - apparent_temperature_max: Outliers after handling = 0
[2026-01-29T19:36:53.577+0530] {subprocess.py:106} INFO - 26/01/29 19:36:53 INFO FileSourceStrategy: Pushed Filters:
[2026-01-29T19:36:53.577+0530] {subprocess.py:106} INFO - 26/01/29 19:36:53 INFO FileSourceStrategy: Post-Scan Filters:
[2026-01-29T19:36:53.590+0530] {subprocess.py:106} INFO - 26/01/29 19:36:53 INFO CodeGenerator: Code generated in 8.827139 ms
[2026-01-29T19:36:53.592+0530] {subprocess.py:106} INFO - 26/01/29 19:36:53 INFO MemoryStore: Block broadcast_81 stored as values in memory (estimated size 350.2 KiB, free 364.7 MiB)
[2026-01-29T19:36:53.599+0530] {subprocess.py:106} INFO - 26/01/29 19:36:53 INFO MemoryStore: Block broadcast_81_piece0 stored as bytes in memory (estimated size 34.3 KiB, free 364.7 MiB)
[2026-01-29T19:36:53.599+0530] {subprocess.py:106} INFO - 26/01/29 19:36:53 INFO BlockManagerInfo: Added broadcast_81_piece0 in memory on Aishwarya92848DBDA:38109 (size: 34.3 KiB, free: 366.1 MiB)
[2026-01-29T19:36:53.600+0530] {subprocess.py:106} INFO - 26/01/29 19:36:53 INFO SparkContext: Created broadcast 81 from approxQuantile at <unknown>:0
[2026-01-29T19:36:53.601+0530] {subprocess.py:106} INFO - 26/01/29 19:36:53 INFO FileSourceScanExec: Planning scan with bin packing, max size: 4194304 bytes, open cost is considered as scanning 4194304 bytes.
[2026-01-29T19:36:53.614+0530] {subprocess.py:106} INFO - 26/01/29 19:36:53 INFO SparkContext: Starting job: approxQuantile at <unknown>:0
[2026-01-29T19:36:53.615+0530] {subprocess.py:106} INFO - 26/01/29 19:36:53 INFO DAGScheduler: Got job 47 (approxQuantile at <unknown>:0) with 1 output partitions
[2026-01-29T19:36:53.615+0530] {subprocess.py:106} INFO - 26/01/29 19:36:53 INFO DAGScheduler: Final stage: ResultStage 60 (approxQuantile at <unknown>:0)
[2026-01-29T19:36:53.615+0530] {subprocess.py:106} INFO - 26/01/29 19:36:53 INFO DAGScheduler: Parents of final stage: List()
[2026-01-29T19:36:53.616+0530] {subprocess.py:106} INFO - 26/01/29 19:36:53 INFO DAGScheduler: Missing parents: List()
[2026-01-29T19:36:53.616+0530] {subprocess.py:106} INFO - 26/01/29 19:36:53 INFO DAGScheduler: Submitting ResultStage 60 (MapPartitionsRDD[222] at approxQuantile at <unknown>:0), which has no missing parents
[2026-01-29T19:36:53.625+0530] {subprocess.py:106} INFO - 26/01/29 19:36:53 INFO MemoryStore: Block broadcast_82 stored as values in memory (estimated size 32.8 KiB, free 364.7 MiB)
[2026-01-29T19:36:53.627+0530] {subprocess.py:106} INFO - 26/01/29 19:36:53 INFO MemoryStore: Block broadcast_82_piece0 stored as bytes in memory (estimated size 15.2 KiB, free 364.7 MiB)
[2026-01-29T19:36:53.627+0530] {subprocess.py:106} INFO - 26/01/29 19:36:53 INFO BlockManagerInfo: Added broadcast_82_piece0 in memory on Aishwarya92848DBDA:38109 (size: 15.2 KiB, free: 366.1 MiB)
[2026-01-29T19:36:53.628+0530] {subprocess.py:106} INFO - 26/01/29 19:36:53 INFO SparkContext: Created broadcast 82 from broadcast at DAGScheduler.scala:1585
[2026-01-29T19:36:53.628+0530] {subprocess.py:106} INFO - 26/01/29 19:36:53 INFO DAGScheduler: Submitting 1 missing tasks from ResultStage 60 (MapPartitionsRDD[222] at approxQuantile at <unknown>:0) (first 15 tasks are for partitions Vector(0))
[2026-01-29T19:36:53.629+0530] {subprocess.py:106} INFO - 26/01/29 19:36:53 INFO TaskSchedulerImpl: Adding task set 60.0 with 1 tasks resource profile 0
[2026-01-29T19:36:53.629+0530] {subprocess.py:106} INFO - 26/01/29 19:36:53 INFO TaskSetManager: Starting task 0.0 in stage 60.0 (TID 47) (Aishwarya92848DBDA, executor driver, partition 0, NODE_LOCAL, 8241 bytes)
[2026-01-29T19:36:53.630+0530] {subprocess.py:106} INFO - 26/01/29 19:36:53 INFO Executor: Running task 0.0 in stage 60.0 (TID 47)
[2026-01-29T19:36:53.644+0530] {subprocess.py:106} INFO - 26/01/29 19:36:53 INFO CodeGenerator: Code generated in 9.765256 ms
[2026-01-29T19:36:53.647+0530] {subprocess.py:106} INFO - 26/01/29 19:36:53 INFO FileScanRDD: Reading File path: hdfs://localhost:9000/weather/data/raw_data/weather_dataset.csv, range: 0-1642, partition values: [empty row]
[2026-01-29T19:36:53.656+0530] {subprocess.py:106} INFO - 26/01/29 19:36:53 INFO Executor: Finished task 0.0 in stage 60.0 (TID 47). 2766 bytes result sent to driver
[2026-01-29T19:36:53.656+0530] {subprocess.py:106} INFO - 26/01/29 19:36:53 INFO TaskSetManager: Finished task 0.0 in stage 60.0 (TID 47) in 27 ms on Aishwarya92848DBDA (executor driver) (1/1)
[2026-01-29T19:36:53.657+0530] {subprocess.py:106} INFO - 26/01/29 19:36:53 INFO TaskSchedulerImpl: Removed TaskSet 60.0, whose tasks have all completed, from pool
[2026-01-29T19:36:53.657+0530] {subprocess.py:106} INFO - 26/01/29 19:36:53 INFO DAGScheduler: ResultStage 60 (approxQuantile at <unknown>:0) finished in 0.041 s
[2026-01-29T19:36:53.657+0530] {subprocess.py:106} INFO - 26/01/29 19:36:53 INFO DAGScheduler: Job 47 is finished. Cancelling potential speculative or zombie tasks for this job
[2026-01-29T19:36:53.657+0530] {subprocess.py:106} INFO - 26/01/29 19:36:53 INFO TaskSchedulerImpl: Killing all running tasks in stage 60: Stage finished
[2026-01-29T19:36:53.657+0530] {subprocess.py:106} INFO - 26/01/29 19:36:53 INFO DAGScheduler: Job 47 finished: approxQuantile at <unknown>:0, took 0.043096 s
[2026-01-29T19:36:53.730+0530] {subprocess.py:106} INFO - 26/01/29 19:36:53 INFO FileSourceStrategy: Pushed Filters:
[2026-01-29T19:36:53.731+0530] {subprocess.py:106} INFO - 26/01/29 19:36:53 INFO FileSourceStrategy: Post-Scan Filters: (CASE WHEN (apparent_temperature_min#22 < -1.6999999999999993) THEN false WHEN (apparent_temperature_min#22 > 34.3) THEN false ELSE (apparent_temperature_min#22 < -1.6999999999999993) END OR CASE WHEN (apparent_temperature_min#22 < -1.6999999999999993) THEN false WHEN (apparent_temperature_min#22 > 34.3) THEN false ELSE (apparent_temperature_min#22 > 34.3) END)
[2026-01-29T19:36:53.749+0530] {subprocess.py:106} INFO - 26/01/29 19:36:53 INFO CodeGenerator: Code generated in 9.398052 ms
[2026-01-29T19:36:53.751+0530] {subprocess.py:106} INFO - 26/01/29 19:36:53 INFO MemoryStore: Block broadcast_83 stored as values in memory (estimated size 350.2 KiB, free 364.3 MiB)
[2026-01-29T19:36:53.757+0530] {subprocess.py:106} INFO - 26/01/29 19:36:53 INFO MemoryStore: Block broadcast_83_piece0 stored as bytes in memory (estimated size 34.3 KiB, free 364.3 MiB)
[2026-01-29T19:36:53.757+0530] {subprocess.py:106} INFO - 26/01/29 19:36:53 INFO BlockManagerInfo: Added broadcast_83_piece0 in memory on Aishwarya92848DBDA:38109 (size: 34.3 KiB, free: 366.1 MiB)
[2026-01-29T19:36:53.758+0530] {subprocess.py:106} INFO - 26/01/29 19:36:53 INFO SparkContext: Created broadcast 83 from count at NativeMethodAccessorImpl.java:0
[2026-01-29T19:36:53.758+0530] {subprocess.py:106} INFO - 26/01/29 19:36:53 INFO FileSourceScanExec: Planning scan with bin packing, max size: 4194304 bytes, open cost is considered as scanning 4194304 bytes.
[2026-01-29T19:36:53.761+0530] {subprocess.py:106} INFO - 26/01/29 19:36:53 INFO DAGScheduler: Registering RDD 226 (count at NativeMethodAccessorImpl.java:0) as input to shuffle 13
[2026-01-29T19:36:53.762+0530] {subprocess.py:106} INFO - 26/01/29 19:36:53 INFO DAGScheduler: Got map stage job 48 (count at NativeMethodAccessorImpl.java:0) with 1 output partitions
[2026-01-29T19:36:53.762+0530] {subprocess.py:106} INFO - 26/01/29 19:36:53 INFO DAGScheduler: Final stage: ShuffleMapStage 61 (count at NativeMethodAccessorImpl.java:0)
[2026-01-29T19:36:53.762+0530] {subprocess.py:106} INFO - 26/01/29 19:36:53 INFO DAGScheduler: Parents of final stage: List()
[2026-01-29T19:36:53.762+0530] {subprocess.py:106} INFO - 26/01/29 19:36:53 INFO DAGScheduler: Missing parents: List()
[2026-01-29T19:36:53.762+0530] {subprocess.py:106} INFO - 26/01/29 19:36:53 INFO DAGScheduler: Submitting ShuffleMapStage 61 (MapPartitionsRDD[226] at count at NativeMethodAccessorImpl.java:0), which has no missing parents
[2026-01-29T19:36:53.764+0530] {subprocess.py:106} INFO - 26/01/29 19:36:53 INFO MemoryStore: Block broadcast_84 stored as values in memory (estimated size 22.1 KiB, free 364.3 MiB)
[2026-01-29T19:36:53.766+0530] {subprocess.py:106} INFO - 26/01/29 19:36:53 INFO MemoryStore: Block broadcast_84_piece0 stored as bytes in memory (estimated size 10.0 KiB, free 364.2 MiB)
[2026-01-29T19:36:53.766+0530] {subprocess.py:106} INFO - 26/01/29 19:36:53 INFO BlockManagerInfo: Added broadcast_84_piece0 in memory on Aishwarya92848DBDA:38109 (size: 10.0 KiB, free: 366.1 MiB)
[2026-01-29T19:36:53.766+0530] {subprocess.py:106} INFO - 26/01/29 19:36:53 INFO SparkContext: Created broadcast 84 from broadcast at DAGScheduler.scala:1585
[2026-01-29T19:36:53.767+0530] {subprocess.py:106} INFO - 26/01/29 19:36:53 INFO DAGScheduler: Submitting 1 missing tasks from ShuffleMapStage 61 (MapPartitionsRDD[226] at count at NativeMethodAccessorImpl.java:0) (first 15 tasks are for partitions Vector(0))
[2026-01-29T19:36:53.767+0530] {subprocess.py:106} INFO - 26/01/29 19:36:53 INFO TaskSchedulerImpl: Adding task set 61.0 with 1 tasks resource profile 0
[2026-01-29T19:36:53.768+0530] {subprocess.py:106} INFO - 26/01/29 19:36:53 INFO TaskSetManager: Starting task 0.0 in stage 61.0 (TID 48) (Aishwarya92848DBDA, executor driver, partition 0, NODE_LOCAL, 8230 bytes)
[2026-01-29T19:36:53.768+0530] {subprocess.py:106} INFO - 26/01/29 19:36:53 INFO Executor: Running task 0.0 in stage 61.0 (TID 48)
[2026-01-29T19:36:53.782+0530] {subprocess.py:106} INFO - 26/01/29 19:36:53 INFO CodeGenerator: Code generated in 11.850381 ms
[2026-01-29T19:36:53.783+0530] {subprocess.py:106} INFO - 26/01/29 19:36:53 INFO FileScanRDD: Reading File path: hdfs://localhost:9000/weather/data/raw_data/weather_dataset.csv, range: 0-1642, partition values: [empty row]
[2026-01-29T19:36:53.791+0530] {subprocess.py:106} INFO - 26/01/29 19:36:53 INFO Executor: Finished task 0.0 in stage 61.0 (TID 48). 1990 bytes result sent to driver
[2026-01-29T19:36:53.792+0530] {subprocess.py:106} INFO - 26/01/29 19:36:53 INFO TaskSetManager: Finished task 0.0 in stage 61.0 (TID 48) in 25 ms on Aishwarya92848DBDA (executor driver) (1/1)
[2026-01-29T19:36:53.793+0530] {subprocess.py:106} INFO - 26/01/29 19:36:53 INFO TaskSchedulerImpl: Removed TaskSet 61.0, whose tasks have all completed, from pool
[2026-01-29T19:36:53.793+0530] {subprocess.py:106} INFO - 26/01/29 19:36:53 INFO DAGScheduler: ShuffleMapStage 61 (count at NativeMethodAccessorImpl.java:0) finished in 0.030 s
[2026-01-29T19:36:53.793+0530] {subprocess.py:106} INFO - 26/01/29 19:36:53 INFO DAGScheduler: looking for newly runnable stages
[2026-01-29T19:36:53.793+0530] {subprocess.py:106} INFO - 26/01/29 19:36:53 INFO DAGScheduler: running: Set()
[2026-01-29T19:36:53.794+0530] {subprocess.py:106} INFO - 26/01/29 19:36:53 INFO DAGScheduler: waiting: Set()
[2026-01-29T19:36:53.794+0530] {subprocess.py:106} INFO - 26/01/29 19:36:53 INFO DAGScheduler: failed: Set()
[2026-01-29T19:36:53.804+0530] {subprocess.py:106} INFO - 26/01/29 19:36:53 INFO SparkContext: Starting job: count at NativeMethodAccessorImpl.java:0
[2026-01-29T19:36:53.805+0530] {subprocess.py:106} INFO - 26/01/29 19:36:53 INFO DAGScheduler: Got job 49 (count at NativeMethodAccessorImpl.java:0) with 1 output partitions
[2026-01-29T19:36:53.805+0530] {subprocess.py:106} INFO - 26/01/29 19:36:53 INFO DAGScheduler: Final stage: ResultStage 63 (count at NativeMethodAccessorImpl.java:0)
[2026-01-29T19:36:53.806+0530] {subprocess.py:106} INFO - 26/01/29 19:36:53 INFO DAGScheduler: Parents of final stage: List(ShuffleMapStage 62)
[2026-01-29T19:36:53.806+0530] {subprocess.py:106} INFO - 26/01/29 19:36:53 INFO DAGScheduler: Missing parents: List()
[2026-01-29T19:36:53.806+0530] {subprocess.py:106} INFO - 26/01/29 19:36:53 INFO DAGScheduler: Submitting ResultStage 63 (MapPartitionsRDD[229] at count at NativeMethodAccessorImpl.java:0), which has no missing parents
[2026-01-29T19:36:53.807+0530] {subprocess.py:106} INFO - 26/01/29 19:36:53 INFO MemoryStore: Block broadcast_85 stored as values in memory (estimated size 12.5 KiB, free 364.2 MiB)
[2026-01-29T19:36:53.808+0530] {subprocess.py:106} INFO - 26/01/29 19:36:53 INFO MemoryStore: Block broadcast_85_piece0 stored as bytes in memory (estimated size 5.9 KiB, free 364.2 MiB)
[2026-01-29T19:36:53.809+0530] {subprocess.py:106} INFO - 26/01/29 19:36:53 INFO BlockManagerInfo: Added broadcast_85_piece0 in memory on Aishwarya92848DBDA:38109 (size: 5.9 KiB, free: 366.1 MiB)
[2026-01-29T19:36:53.809+0530] {subprocess.py:106} INFO - 26/01/29 19:36:53 INFO SparkContext: Created broadcast 85 from broadcast at DAGScheduler.scala:1585
[2026-01-29T19:36:53.809+0530] {subprocess.py:106} INFO - 26/01/29 19:36:53 INFO DAGScheduler: Submitting 1 missing tasks from ResultStage 63 (MapPartitionsRDD[229] at count at NativeMethodAccessorImpl.java:0) (first 15 tasks are for partitions Vector(0))
[2026-01-29T19:36:53.810+0530] {subprocess.py:106} INFO - 26/01/29 19:36:53 INFO TaskSchedulerImpl: Adding task set 63.0 with 1 tasks resource profile 0
[2026-01-29T19:36:53.810+0530] {subprocess.py:106} INFO - 26/01/29 19:36:53 INFO TaskSetManager: Starting task 0.0 in stage 63.0 (TID 49) (Aishwarya92848DBDA, executor driver, partition 0, NODE_LOCAL, 7615 bytes)
[2026-01-29T19:36:53.811+0530] {subprocess.py:106} INFO - 26/01/29 19:36:53 INFO Executor: Running task 0.0 in stage 63.0 (TID 49)
[2026-01-29T19:36:53.813+0530] {subprocess.py:106} INFO - 26/01/29 19:36:53 INFO ShuffleBlockFetcherIterator: Getting 1 (60.0 B) non-empty blocks including 1 (60.0 B) local and 0 (0.0 B) host-local and 0 (0.0 B) push-merged-local and 0 (0.0 B) remote blocks
[2026-01-29T19:36:53.813+0530] {subprocess.py:106} INFO - 26/01/29 19:36:53 INFO ShuffleBlockFetcherIterator: Started 0 remote fetches in 0 ms
[2026-01-29T19:36:53.814+0530] {subprocess.py:106} INFO - 26/01/29 19:36:53 INFO Executor: Finished task 0.0 in stage 63.0 (TID 49). 3988 bytes result sent to driver
[2026-01-29T19:36:53.815+0530] {subprocess.py:106} INFO - 26/01/29 19:36:53 INFO TaskSetManager: Finished task 0.0 in stage 63.0 (TID 49) in 5 ms on Aishwarya92848DBDA (executor driver) (1/1)
[2026-01-29T19:36:53.816+0530] {subprocess.py:106} INFO - 26/01/29 19:36:53 INFO TaskSchedulerImpl: Removed TaskSet 63.0, whose tasks have all completed, from pool
[2026-01-29T19:36:53.816+0530] {subprocess.py:106} INFO - 26/01/29 19:36:53 INFO DAGScheduler: ResultStage 63 (count at NativeMethodAccessorImpl.java:0) finished in 0.009 s
[2026-01-29T19:36:53.816+0530] {subprocess.py:106} INFO - 26/01/29 19:36:53 INFO DAGScheduler: Job 49 is finished. Cancelling potential speculative or zombie tasks for this job
[2026-01-29T19:36:53.816+0530] {subprocess.py:106} INFO - 26/01/29 19:36:53 INFO TaskSchedulerImpl: Killing all running tasks in stage 63: Stage finished
[2026-01-29T19:36:53.816+0530] {subprocess.py:106} INFO - 26/01/29 19:36:53 INFO DAGScheduler: Job 49 finished: count at NativeMethodAccessorImpl.java:0, took 0.012139 s
[2026-01-29T19:36:53.817+0530] {subprocess.py:106} INFO - apparent_temperature_min: Outliers after handling = 0
[2026-01-29T19:36:53.834+0530] {subprocess.py:106} INFO - 26/01/29 19:36:53 INFO FileSourceStrategy: Pushed Filters:
[2026-01-29T19:36:53.834+0530] {subprocess.py:106} INFO - 26/01/29 19:36:53 INFO FileSourceStrategy: Post-Scan Filters:
[2026-01-29T19:36:53.837+0530] {subprocess.py:106} INFO - 26/01/29 19:36:53 INFO MemoryStore: Block broadcast_86 stored as values in memory (estimated size 350.2 KiB, free 363.9 MiB)
[2026-01-29T19:36:53.844+0530] {subprocess.py:106} INFO - 26/01/29 19:36:53 INFO MemoryStore: Block broadcast_86_piece0 stored as bytes in memory (estimated size 34.3 KiB, free 363.9 MiB)
[2026-01-29T19:36:53.844+0530] {subprocess.py:106} INFO - 26/01/29 19:36:53 INFO BlockManagerInfo: Added broadcast_86_piece0 in memory on Aishwarya92848DBDA:38109 (size: 34.3 KiB, free: 366.0 MiB)
[2026-01-29T19:36:53.844+0530] {subprocess.py:106} INFO - 26/01/29 19:36:53 INFO SparkContext: Created broadcast 86 from approxQuantile at <unknown>:0
[2026-01-29T19:36:53.845+0530] {subprocess.py:106} INFO - 26/01/29 19:36:53 INFO FileSourceScanExec: Planning scan with bin packing, max size: 4194304 bytes, open cost is considered as scanning 4194304 bytes.
[2026-01-29T19:36:53.855+0530] {subprocess.py:106} INFO - 26/01/29 19:36:53 INFO SparkContext: Starting job: approxQuantile at <unknown>:0
[2026-01-29T19:36:53.856+0530] {subprocess.py:106} INFO - 26/01/29 19:36:53 INFO DAGScheduler: Got job 50 (approxQuantile at <unknown>:0) with 1 output partitions
[2026-01-29T19:36:53.856+0530] {subprocess.py:106} INFO - 26/01/29 19:36:53 INFO DAGScheduler: Final stage: ResultStage 64 (approxQuantile at <unknown>:0)
[2026-01-29T19:36:53.856+0530] {subprocess.py:106} INFO - 26/01/29 19:36:53 INFO DAGScheduler: Parents of final stage: List()
[2026-01-29T19:36:53.857+0530] {subprocess.py:106} INFO - 26/01/29 19:36:53 INFO DAGScheduler: Missing parents: List()
[2026-01-29T19:36:53.857+0530] {subprocess.py:106} INFO - 26/01/29 19:36:53 INFO DAGScheduler: Submitting ResultStage 64 (MapPartitionsRDD[235] at approxQuantile at <unknown>:0), which has no missing parents
[2026-01-29T19:36:53.860+0530] {subprocess.py:106} INFO - 26/01/29 19:36:53 INFO MemoryStore: Block broadcast_87 stored as values in memory (estimated size 20.0 KiB, free 363.8 MiB)
[2026-01-29T19:36:53.861+0530] {subprocess.py:106} INFO - 26/01/29 19:36:53 INFO MemoryStore: Block broadcast_87_piece0 stored as bytes in memory (estimated size 9.5 KiB, free 363.8 MiB)
[2026-01-29T19:36:53.861+0530] {subprocess.py:106} INFO - 26/01/29 19:36:53 INFO BlockManagerInfo: Added broadcast_87_piece0 in memory on Aishwarya92848DBDA:38109 (size: 9.5 KiB, free: 366.0 MiB)
[2026-01-29T19:36:53.861+0530] {subprocess.py:106} INFO - 26/01/29 19:36:53 INFO SparkContext: Created broadcast 87 from broadcast at DAGScheduler.scala:1585
[2026-01-29T19:36:53.862+0530] {subprocess.py:106} INFO - 26/01/29 19:36:53 INFO DAGScheduler: Submitting 1 missing tasks from ResultStage 64 (MapPartitionsRDD[235] at approxQuantile at <unknown>:0) (first 15 tasks are for partitions Vector(0))
[2026-01-29T19:36:53.862+0530] {subprocess.py:106} INFO - 26/01/29 19:36:53 INFO TaskSchedulerImpl: Adding task set 64.0 with 1 tasks resource profile 0
[2026-01-29T19:36:53.862+0530] {subprocess.py:106} INFO - 26/01/29 19:36:53 INFO TaskSetManager: Starting task 0.0 in stage 64.0 (TID 50) (Aishwarya92848DBDA, executor driver, partition 0, NODE_LOCAL, 8241 bytes)
[2026-01-29T19:36:53.863+0530] {subprocess.py:106} INFO - 26/01/29 19:36:53 INFO Executor: Running task 0.0 in stage 64.0 (TID 50)
[2026-01-29T19:36:53.866+0530] {subprocess.py:106} INFO - 26/01/29 19:36:53 INFO FileScanRDD: Reading File path: hdfs://localhost:9000/weather/data/raw_data/weather_dataset.csv, range: 0-1642, partition values: [empty row]
[2026-01-29T19:36:53.872+0530] {subprocess.py:106} INFO - 26/01/29 19:36:53 INFO Executor: Finished task 0.0 in stage 64.0 (TID 50). 2698 bytes result sent to driver
[2026-01-29T19:36:53.873+0530] {subprocess.py:106} INFO - 26/01/29 19:36:53 INFO TaskSetManager: Finished task 0.0 in stage 64.0 (TID 50) in 10 ms on Aishwarya92848DBDA (executor driver) (1/1)
[2026-01-29T19:36:53.873+0530] {subprocess.py:106} INFO - 26/01/29 19:36:53 INFO TaskSchedulerImpl: Removed TaskSet 64.0, whose tasks have all completed, from pool
[2026-01-29T19:36:53.873+0530] {subprocess.py:106} INFO - 26/01/29 19:36:53 INFO DAGScheduler: ResultStage 64 (approxQuantile at <unknown>:0) finished in 0.017 s
[2026-01-29T19:36:53.873+0530] {subprocess.py:106} INFO - 26/01/29 19:36:53 INFO DAGScheduler: Job 50 is finished. Cancelling potential speculative or zombie tasks for this job
[2026-01-29T19:36:53.873+0530] {subprocess.py:106} INFO - 26/01/29 19:36:53 INFO TaskSchedulerImpl: Killing all running tasks in stage 64: Stage finished
[2026-01-29T19:36:53.874+0530] {subprocess.py:106} INFO - 26/01/29 19:36:53 INFO DAGScheduler: Job 50 finished: approxQuantile at <unknown>:0, took 0.018505 s
[2026-01-29T19:36:53.939+0530] {subprocess.py:106} INFO - 26/01/29 19:36:53 INFO FileSourceStrategy: Pushed Filters: Or(LessThan(precipitation_sum,0.0),GreaterThan(precipitation_sum,0.0))
[2026-01-29T19:36:53.940+0530] {subprocess.py:106} INFO - 26/01/29 19:36:53 INFO FileSourceStrategy: Post-Scan Filters: ((precipitation_sum#23 < 0.0) OR (precipitation_sum#23 > 0.0))
[2026-01-29T19:36:53.950+0530] {subprocess.py:106} INFO - 26/01/29 19:36:53 INFO MemoryStore: Block broadcast_88 stored as values in memory (estimated size 350.2 KiB, free 363.5 MiB)
[2026-01-29T19:36:53.956+0530] {subprocess.py:106} INFO - 26/01/29 19:36:53 INFO MemoryStore: Block broadcast_88_piece0 stored as bytes in memory (estimated size 34.3 KiB, free 363.5 MiB)
[2026-01-29T19:36:53.956+0530] {subprocess.py:106} INFO - 26/01/29 19:36:53 INFO BlockManagerInfo: Added broadcast_88_piece0 in memory on Aishwarya92848DBDA:38109 (size: 34.3 KiB, free: 366.0 MiB)
[2026-01-29T19:36:53.956+0530] {subprocess.py:106} INFO - 26/01/29 19:36:53 INFO SparkContext: Created broadcast 88 from count at NativeMethodAccessorImpl.java:0
[2026-01-29T19:36:53.957+0530] {subprocess.py:106} INFO - 26/01/29 19:36:53 INFO FileSourceScanExec: Planning scan with bin packing, max size: 4194304 bytes, open cost is considered as scanning 4194304 bytes.
[2026-01-29T19:36:53.960+0530] {subprocess.py:106} INFO - 26/01/29 19:36:53 INFO DAGScheduler: Registering RDD 239 (count at NativeMethodAccessorImpl.java:0) as input to shuffle 14
[2026-01-29T19:36:53.960+0530] {subprocess.py:106} INFO - 26/01/29 19:36:53 INFO DAGScheduler: Got map stage job 51 (count at NativeMethodAccessorImpl.java:0) with 1 output partitions
[2026-01-29T19:36:53.960+0530] {subprocess.py:106} INFO - 26/01/29 19:36:53 INFO DAGScheduler: Final stage: ShuffleMapStage 65 (count at NativeMethodAccessorImpl.java:0)
[2026-01-29T19:36:53.960+0530] {subprocess.py:106} INFO - 26/01/29 19:36:53 INFO DAGScheduler: Parents of final stage: List()
[2026-01-29T19:36:53.960+0530] {subprocess.py:106} INFO - 26/01/29 19:36:53 INFO DAGScheduler: Missing parents: List()
[2026-01-29T19:36:53.961+0530] {subprocess.py:106} INFO - 26/01/29 19:36:53 INFO DAGScheduler: Submitting ShuffleMapStage 65 (MapPartitionsRDD[239] at count at NativeMethodAccessorImpl.java:0), which has no missing parents
[2026-01-29T19:36:53.962+0530] {subprocess.py:106} INFO - 26/01/29 19:36:53 INFO MemoryStore: Block broadcast_89 stored as values in memory (estimated size 20.0 KiB, free 363.4 MiB)
[2026-01-29T19:36:53.963+0530] {subprocess.py:106} INFO - 26/01/29 19:36:53 INFO MemoryStore: Block broadcast_89_piece0 stored as bytes in memory (estimated size 9.7 KiB, free 363.4 MiB)
[2026-01-29T19:36:53.963+0530] {subprocess.py:106} INFO - 26/01/29 19:36:53 INFO BlockManagerInfo: Added broadcast_89_piece0 in memory on Aishwarya92848DBDA:38109 (size: 9.7 KiB, free: 366.0 MiB)
[2026-01-29T19:36:53.964+0530] {subprocess.py:106} INFO - 26/01/29 19:36:53 INFO SparkContext: Created broadcast 89 from broadcast at DAGScheduler.scala:1585
[2026-01-29T19:36:53.964+0530] {subprocess.py:106} INFO - 26/01/29 19:36:53 INFO DAGScheduler: Submitting 1 missing tasks from ShuffleMapStage 65 (MapPartitionsRDD[239] at count at NativeMethodAccessorImpl.java:0) (first 15 tasks are for partitions Vector(0))
[2026-01-29T19:36:53.964+0530] {subprocess.py:106} INFO - 26/01/29 19:36:53 INFO TaskSchedulerImpl: Adding task set 65.0 with 1 tasks resource profile 0
[2026-01-29T19:36:53.964+0530] {subprocess.py:106} INFO - 26/01/29 19:36:53 INFO TaskSetManager: Starting task 0.0 in stage 65.0 (TID 51) (Aishwarya92848DBDA, executor driver, partition 0, NODE_LOCAL, 8230 bytes)
[2026-01-29T19:36:53.965+0530] {subprocess.py:106} INFO - 26/01/29 19:36:53 INFO Executor: Running task 0.0 in stage 65.0 (TID 51)
[2026-01-29T19:36:53.967+0530] {subprocess.py:106} INFO - 26/01/29 19:36:53 INFO FileScanRDD: Reading File path: hdfs://localhost:9000/weather/data/raw_data/weather_dataset.csv, range: 0-1642, partition values: [empty row]
[2026-01-29T19:36:53.976+0530] {subprocess.py:106} INFO - 26/01/29 19:36:53 INFO Executor: Finished task 0.0 in stage 65.0 (TID 51). 1990 bytes result sent to driver
[2026-01-29T19:36:53.977+0530] {subprocess.py:106} INFO - 26/01/29 19:36:53 INFO TaskSetManager: Finished task 0.0 in stage 65.0 (TID 51) in 13 ms on Aishwarya92848DBDA (executor driver) (1/1)
[2026-01-29T19:36:53.977+0530] {subprocess.py:106} INFO - 26/01/29 19:36:53 INFO TaskSchedulerImpl: Removed TaskSet 65.0, whose tasks have all completed, from pool
[2026-01-29T19:36:53.977+0530] {subprocess.py:106} INFO - 26/01/29 19:36:53 INFO DAGScheduler: ShuffleMapStage 65 (count at NativeMethodAccessorImpl.java:0) finished in 0.016 s
[2026-01-29T19:36:53.978+0530] {subprocess.py:106} INFO - 26/01/29 19:36:53 INFO DAGScheduler: looking for newly runnable stages
[2026-01-29T19:36:53.978+0530] {subprocess.py:106} INFO - 26/01/29 19:36:53 INFO DAGScheduler: running: Set()
[2026-01-29T19:36:53.978+0530] {subprocess.py:106} INFO - 26/01/29 19:36:53 INFO DAGScheduler: waiting: Set()
[2026-01-29T19:36:53.978+0530] {subprocess.py:106} INFO - 26/01/29 19:36:53 INFO DAGScheduler: failed: Set()
[2026-01-29T19:36:53.988+0530] {subprocess.py:106} INFO - 26/01/29 19:36:53 INFO SparkContext: Starting job: count at NativeMethodAccessorImpl.java:0
[2026-01-29T19:36:53.989+0530] {subprocess.py:106} INFO - 26/01/29 19:36:53 INFO DAGScheduler: Got job 52 (count at NativeMethodAccessorImpl.java:0) with 1 output partitions
[2026-01-29T19:36:53.989+0530] {subprocess.py:106} INFO - 26/01/29 19:36:53 INFO DAGScheduler: Final stage: ResultStage 67 (count at NativeMethodAccessorImpl.java:0)
[2026-01-29T19:36:53.989+0530] {subprocess.py:106} INFO - 26/01/29 19:36:53 INFO DAGScheduler: Parents of final stage: List(ShuffleMapStage 66)
[2026-01-29T19:36:53.990+0530] {subprocess.py:106} INFO - 26/01/29 19:36:53 INFO DAGScheduler: Missing parents: List()
[2026-01-29T19:36:53.990+0530] {subprocess.py:106} INFO - 26/01/29 19:36:53 INFO DAGScheduler: Submitting ResultStage 67 (MapPartitionsRDD[242] at count at NativeMethodAccessorImpl.java:0), which has no missing parents
[2026-01-29T19:36:53.991+0530] {subprocess.py:106} INFO - 26/01/29 19:36:53 INFO MemoryStore: Block broadcast_90 stored as values in memory (estimated size 12.5 KiB, free 363.4 MiB)
[2026-01-29T19:36:53.992+0530] {subprocess.py:106} INFO - 26/01/29 19:36:53 INFO MemoryStore: Block broadcast_90_piece0 stored as bytes in memory (estimated size 5.9 KiB, free 363.4 MiB)
[2026-01-29T19:36:53.992+0530] {subprocess.py:106} INFO - 26/01/29 19:36:53 INFO BlockManagerInfo: Added broadcast_90_piece0 in memory on Aishwarya92848DBDA:38109 (size: 5.9 KiB, free: 366.0 MiB)
[2026-01-29T19:36:53.993+0530] {subprocess.py:106} INFO - 26/01/29 19:36:53 INFO SparkContext: Created broadcast 90 from broadcast at DAGScheduler.scala:1585
[2026-01-29T19:36:53.993+0530] {subprocess.py:106} INFO - 26/01/29 19:36:53 INFO DAGScheduler: Submitting 1 missing tasks from ResultStage 67 (MapPartitionsRDD[242] at count at NativeMethodAccessorImpl.java:0) (first 15 tasks are for partitions Vector(0))
[2026-01-29T19:36:53.993+0530] {subprocess.py:106} INFO - 26/01/29 19:36:53 INFO TaskSchedulerImpl: Adding task set 67.0 with 1 tasks resource profile 0
[2026-01-29T19:36:53.994+0530] {subprocess.py:106} INFO - 26/01/29 19:36:53 INFO TaskSetManager: Starting task 0.0 in stage 67.0 (TID 52) (Aishwarya92848DBDA, executor driver, partition 0, NODE_LOCAL, 7615 bytes)
[2026-01-29T19:36:53.994+0530] {subprocess.py:106} INFO - 26/01/29 19:36:53 INFO Executor: Running task 0.0 in stage 67.0 (TID 52)
[2026-01-29T19:36:53.996+0530] {subprocess.py:106} INFO - 26/01/29 19:36:53 INFO ShuffleBlockFetcherIterator: Getting 1 (60.0 B) non-empty blocks including 1 (60.0 B) local and 0 (0.0 B) host-local and 0 (0.0 B) push-merged-local and 0 (0.0 B) remote blocks
[2026-01-29T19:36:53.997+0530] {subprocess.py:106} INFO - 26/01/29 19:36:53 INFO ShuffleBlockFetcherIterator: Started 0 remote fetches in 0 ms
[2026-01-29T19:36:53.998+0530] {subprocess.py:106} INFO - 26/01/29 19:36:53 INFO Executor: Finished task 0.0 in stage 67.0 (TID 52). 3988 bytes result sent to driver
[2026-01-29T19:36:53.998+0530] {subprocess.py:106} INFO - 26/01/29 19:36:53 INFO TaskSetManager: Finished task 0.0 in stage 67.0 (TID 52) in 4 ms on Aishwarya92848DBDA (executor driver) (1/1)
[2026-01-29T19:36:53.999+0530] {subprocess.py:106} INFO - 26/01/29 19:36:53 INFO TaskSchedulerImpl: Removed TaskSet 67.0, whose tasks have all completed, from pool
[2026-01-29T19:36:53.999+0530] {subprocess.py:106} INFO - 26/01/29 19:36:53 INFO DAGScheduler: ResultStage 67 (count at NativeMethodAccessorImpl.java:0) finished in 0.009 s
[2026-01-29T19:36:53.999+0530] {subprocess.py:106} INFO - 26/01/29 19:36:53 INFO DAGScheduler: Job 52 is finished. Cancelling potential speculative or zombie tasks for this job
[2026-01-29T19:36:53.999+0530] {subprocess.py:106} INFO - 26/01/29 19:36:53 INFO TaskSchedulerImpl: Killing all running tasks in stage 67: Stage finished
[2026-01-29T19:36:53.999+0530] {subprocess.py:106} INFO - 26/01/29 19:36:53 INFO DAGScheduler: Job 52 finished: count at NativeMethodAccessorImpl.java:0, took 0.010979 s
[2026-01-29T19:36:54.001+0530] {subprocess.py:106} INFO - precipitation_sum: Outliers after handling = 0
[2026-01-29T19:36:54.018+0530] {subprocess.py:106} INFO - 26/01/29 19:36:54 INFO FileSourceStrategy: Pushed Filters:
[2026-01-29T19:36:54.019+0530] {subprocess.py:106} INFO - 26/01/29 19:36:54 INFO FileSourceStrategy: Post-Scan Filters:
[2026-01-29T19:36:54.020+0530] {subprocess.py:106} INFO - 26/01/29 19:36:54 INFO MemoryStore: Block broadcast_91 stored as values in memory (estimated size 350.2 KiB, free 363.1 MiB)
[2026-01-29T19:36:54.025+0530] {subprocess.py:106} INFO - 26/01/29 19:36:54 INFO MemoryStore: Block broadcast_91_piece0 stored as bytes in memory (estimated size 34.3 KiB, free 363.0 MiB)
[2026-01-29T19:36:54.026+0530] {subprocess.py:106} INFO - 26/01/29 19:36:54 INFO BlockManagerInfo: Added broadcast_91_piece0 in memory on Aishwarya92848DBDA:38109 (size: 34.3 KiB, free: 365.9 MiB)
[2026-01-29T19:36:54.026+0530] {subprocess.py:106} INFO - 26/01/29 19:36:54 INFO SparkContext: Created broadcast 91 from approxQuantile at <unknown>:0
[2026-01-29T19:36:54.027+0530] {subprocess.py:106} INFO - 26/01/29 19:36:54 INFO FileSourceScanExec: Planning scan with bin packing, max size: 4194304 bytes, open cost is considered as scanning 4194304 bytes.
[2026-01-29T19:36:54.037+0530] {subprocess.py:106} INFO - 26/01/29 19:36:54 INFO SparkContext: Starting job: approxQuantile at <unknown>:0
[2026-01-29T19:36:54.038+0530] {subprocess.py:106} INFO - 26/01/29 19:36:54 INFO DAGScheduler: Got job 53 (approxQuantile at <unknown>:0) with 1 output partitions
[2026-01-29T19:36:54.038+0530] {subprocess.py:106} INFO - 26/01/29 19:36:54 INFO DAGScheduler: Final stage: ResultStage 68 (approxQuantile at <unknown>:0)
[2026-01-29T19:36:54.038+0530] {subprocess.py:106} INFO - 26/01/29 19:36:54 INFO DAGScheduler: Parents of final stage: List()
[2026-01-29T19:36:54.038+0530] {subprocess.py:106} INFO - 26/01/29 19:36:54 INFO DAGScheduler: Missing parents: List()
[2026-01-29T19:36:54.038+0530] {subprocess.py:106} INFO - 26/01/29 19:36:54 INFO DAGScheduler: Submitting ResultStage 68 (MapPartitionsRDD[248] at approxQuantile at <unknown>:0), which has no missing parents
[2026-01-29T19:36:54.043+0530] {subprocess.py:106} INFO - 26/01/29 19:36:54 INFO MemoryStore: Block broadcast_92 stored as values in memory (estimated size 20.0 KiB, free 363.0 MiB)
[2026-01-29T19:36:54.058+0530] {subprocess.py:106} INFO - 26/01/29 19:36:54 INFO MemoryStore: Block broadcast_92_piece0 stored as bytes in memory (estimated size 9.5 KiB, free 363.0 MiB)
[2026-01-29T19:36:54.059+0530] {subprocess.py:106} INFO - 26/01/29 19:36:54 INFO BlockManagerInfo: Added broadcast_92_piece0 in memory on Aishwarya92848DBDA:38109 (size: 9.5 KiB, free: 365.9 MiB)
[2026-01-29T19:36:54.059+0530] {subprocess.py:106} INFO - 26/01/29 19:36:54 INFO SparkContext: Created broadcast 92 from broadcast at DAGScheduler.scala:1585
[2026-01-29T19:36:54.059+0530] {subprocess.py:106} INFO - 26/01/29 19:36:54 INFO DAGScheduler: Submitting 1 missing tasks from ResultStage 68 (MapPartitionsRDD[248] at approxQuantile at <unknown>:0) (first 15 tasks are for partitions Vector(0))
[2026-01-29T19:36:54.060+0530] {subprocess.py:106} INFO - 26/01/29 19:36:54 INFO TaskSchedulerImpl: Adding task set 68.0 with 1 tasks resource profile 0
[2026-01-29T19:36:54.060+0530] {subprocess.py:106} INFO - 26/01/29 19:36:54 INFO TaskSetManager: Starting task 0.0 in stage 68.0 (TID 53) (Aishwarya92848DBDA, executor driver, partition 0, NODE_LOCAL, 8241 bytes)
[2026-01-29T19:36:54.061+0530] {subprocess.py:106} INFO - 26/01/29 19:36:54 INFO BlockManagerInfo: Removed broadcast_88_piece0 on Aishwarya92848DBDA:38109 in memory (size: 34.3 KiB, free: 366.0 MiB)
[2026-01-29T19:36:54.061+0530] {subprocess.py:106} INFO - 26/01/29 19:36:54 INFO Executor: Running task 0.0 in stage 68.0 (TID 53)
[2026-01-29T19:36:54.062+0530] {subprocess.py:106} INFO - 26/01/29 19:36:54 INFO BlockManagerInfo: Removed broadcast_76_piece0 on Aishwarya92848DBDA:38109 in memory (size: 34.3 KiB, free: 366.0 MiB)
[2026-01-29T19:36:54.063+0530] {subprocess.py:106} INFO - 26/01/29 19:36:54 INFO BlockManagerInfo: Removed broadcast_80_piece0 on Aishwarya92848DBDA:38109 in memory (size: 5.9 KiB, free: 366.0 MiB)
[2026-01-29T19:36:54.064+0530] {subprocess.py:106} INFO - 26/01/29 19:36:54 INFO BlockManagerInfo: Removed broadcast_83_piece0 on Aishwarya92848DBDA:38109 in memory (size: 34.3 KiB, free: 366.0 MiB)
[2026-01-29T19:36:54.065+0530] {subprocess.py:106} INFO - 26/01/29 19:36:54 INFO FileScanRDD: Reading File path: hdfs://localhost:9000/weather/data/raw_data/weather_dataset.csv, range: 0-1642, partition values: [empty row]
[2026-01-29T19:36:54.065+0530] {subprocess.py:106} INFO - 26/01/29 19:36:54 INFO BlockManagerInfo: Removed broadcast_81_piece0 on Aishwarya92848DBDA:38109 in memory (size: 34.3 KiB, free: 366.1 MiB)
[2026-01-29T19:36:54.067+0530] {subprocess.py:106} INFO - 26/01/29 19:36:54 INFO BlockManagerInfo: Removed broadcast_85_piece0 on Aishwarya92848DBDA:38109 in memory (size: 5.9 KiB, free: 366.1 MiB)
[2026-01-29T19:36:54.068+0530] {subprocess.py:106} INFO - 26/01/29 19:36:54 INFO BlockManagerInfo: Removed broadcast_89_piece0 on Aishwarya92848DBDA:38109 in memory (size: 9.7 KiB, free: 366.1 MiB)
[2026-01-29T19:36:54.069+0530] {subprocess.py:106} INFO - 26/01/29 19:36:54 INFO BlockManagerInfo: Removed broadcast_79_piece0 on Aishwarya92848DBDA:38109 in memory (size: 10.0 KiB, free: 366.1 MiB)
[2026-01-29T19:36:54.070+0530] {subprocess.py:106} INFO - 26/01/29 19:36:54 INFO BlockManagerInfo: Removed broadcast_90_piece0 on Aishwarya92848DBDA:38109 in memory (size: 5.9 KiB, free: 366.1 MiB)
[2026-01-29T19:36:54.072+0530] {subprocess.py:106} INFO - 26/01/29 19:36:54 INFO BlockManagerInfo: Removed broadcast_84_piece0 on Aishwarya92848DBDA:38109 in memory (size: 10.0 KiB, free: 366.1 MiB)
[2026-01-29T19:36:54.073+0530] {subprocess.py:106} INFO - 26/01/29 19:36:54 INFO Executor: Finished task 0.0 in stage 68.0 (TID 53). 2698 bytes result sent to driver
[2026-01-29T19:36:54.073+0530] {subprocess.py:106} INFO - 26/01/29 19:36:54 INFO BlockManagerInfo: Removed broadcast_86_piece0 on Aishwarya92848DBDA:38109 in memory (size: 34.3 KiB, free: 366.2 MiB)
[2026-01-29T19:36:54.074+0530] {subprocess.py:106} INFO - 26/01/29 19:36:54 INFO TaskSetManager: Finished task 0.0 in stage 68.0 (TID 53) in 13 ms on Aishwarya92848DBDA (executor driver) (1/1)
[2026-01-29T19:36:54.074+0530] {subprocess.py:106} INFO - 26/01/29 19:36:54 INFO TaskSchedulerImpl: Removed TaskSet 68.0, whose tasks have all completed, from pool
[2026-01-29T19:36:54.074+0530] {subprocess.py:106} INFO - 26/01/29 19:36:54 INFO DAGScheduler: ResultStage 68 (approxQuantile at <unknown>:0) finished in 0.035 s
[2026-01-29T19:36:54.074+0530] {subprocess.py:106} INFO - 26/01/29 19:36:54 INFO DAGScheduler: Job 53 is finished. Cancelling potential speculative or zombie tasks for this job
[2026-01-29T19:36:54.075+0530] {subprocess.py:106} INFO - 26/01/29 19:36:54 INFO TaskSchedulerImpl: Killing all running tasks in stage 68: Stage finished
[2026-01-29T19:36:54.075+0530] {subprocess.py:106} INFO - 26/01/29 19:36:54 INFO DAGScheduler: Job 53 finished: approxQuantile at <unknown>:0, took 0.037436 s
[2026-01-29T19:36:54.075+0530] {subprocess.py:106} INFO - 26/01/29 19:36:54 INFO BlockManagerInfo: Removed broadcast_78_piece0 on Aishwarya92848DBDA:38109 in memory (size: 34.3 KiB, free: 366.2 MiB)
[2026-01-29T19:36:54.076+0530] {subprocess.py:106} INFO - 26/01/29 19:36:54 INFO BlockManagerInfo: Removed broadcast_82_piece0 on Aishwarya92848DBDA:38109 in memory (size: 15.2 KiB, free: 366.2 MiB)
[2026-01-29T19:36:54.078+0530] {subprocess.py:106} INFO - 26/01/29 19:36:54 INFO BlockManagerInfo: Removed broadcast_73_piece0 on Aishwarya92848DBDA:38109 in memory (size: 34.3 KiB, free: 366.2 MiB)
[2026-01-29T19:36:54.079+0530] {subprocess.py:106} INFO - 26/01/29 19:36:54 INFO BlockManagerInfo: Removed broadcast_87_piece0 on Aishwarya92848DBDA:38109 in memory (size: 9.5 KiB, free: 366.2 MiB)
[2026-01-29T19:36:54.080+0530] {subprocess.py:106} INFO - 26/01/29 19:36:54 INFO BlockManagerInfo: Removed broadcast_77_piece0 on Aishwarya92848DBDA:38109 in memory (size: 15.2 KiB, free: 366.3 MiB)
[2026-01-29T19:36:54.133+0530] {subprocess.py:106} INFO - 26/01/29 19:36:54 INFO FileSourceStrategy: Pushed Filters: Or(LessThan(rain_sum,0.0),GreaterThan(rain_sum,0.0))
[2026-01-29T19:36:54.134+0530] {subprocess.py:106} INFO - 26/01/29 19:36:54 INFO FileSourceStrategy: Post-Scan Filters: ((rain_sum#24 < 0.0) OR (rain_sum#24 > 0.0))
[2026-01-29T19:36:54.143+0530] {subprocess.py:106} INFO - 26/01/29 19:36:54 INFO MemoryStore: Block broadcast_93 stored as values in memory (estimated size 350.2 KiB, free 365.6 MiB)
[2026-01-29T19:36:54.149+0530] {subprocess.py:106} INFO - 26/01/29 19:36:54 INFO MemoryStore: Block broadcast_93_piece0 stored as bytes in memory (estimated size 34.3 KiB, free 365.5 MiB)
[2026-01-29T19:36:54.150+0530] {subprocess.py:106} INFO - 26/01/29 19:36:54 INFO BlockManagerInfo: Added broadcast_93_piece0 in memory on Aishwarya92848DBDA:38109 (size: 34.3 KiB, free: 366.2 MiB)
[2026-01-29T19:36:54.150+0530] {subprocess.py:106} INFO - 26/01/29 19:36:54 INFO SparkContext: Created broadcast 93 from count at NativeMethodAccessorImpl.java:0
[2026-01-29T19:36:54.151+0530] {subprocess.py:106} INFO - 26/01/29 19:36:54 INFO FileSourceScanExec: Planning scan with bin packing, max size: 4194304 bytes, open cost is considered as scanning 4194304 bytes.
[2026-01-29T19:36:54.154+0530] {subprocess.py:106} INFO - 26/01/29 19:36:54 INFO DAGScheduler: Registering RDD 252 (count at NativeMethodAccessorImpl.java:0) as input to shuffle 15
[2026-01-29T19:36:54.155+0530] {subprocess.py:106} INFO - 26/01/29 19:36:54 INFO DAGScheduler: Got map stage job 54 (count at NativeMethodAccessorImpl.java:0) with 1 output partitions
[2026-01-29T19:36:54.155+0530] {subprocess.py:106} INFO - 26/01/29 19:36:54 INFO DAGScheduler: Final stage: ShuffleMapStage 69 (count at NativeMethodAccessorImpl.java:0)
[2026-01-29T19:36:54.155+0530] {subprocess.py:106} INFO - 26/01/29 19:36:54 INFO DAGScheduler: Parents of final stage: List()
[2026-01-29T19:36:54.155+0530] {subprocess.py:106} INFO - 26/01/29 19:36:54 INFO DAGScheduler: Missing parents: List()
[2026-01-29T19:36:54.155+0530] {subprocess.py:106} INFO - 26/01/29 19:36:54 INFO DAGScheduler: Submitting ShuffleMapStage 69 (MapPartitionsRDD[252] at count at NativeMethodAccessorImpl.java:0), which has no missing parents
[2026-01-29T19:36:54.157+0530] {subprocess.py:106} INFO - 26/01/29 19:36:54 INFO MemoryStore: Block broadcast_94 stored as values in memory (estimated size 20.0 KiB, free 365.5 MiB)
[2026-01-29T19:36:54.158+0530] {subprocess.py:106} INFO - 26/01/29 19:36:54 INFO MemoryStore: Block broadcast_94_piece0 stored as bytes in memory (estimated size 9.7 KiB, free 365.5 MiB)
[2026-01-29T19:36:54.159+0530] {subprocess.py:106} INFO - 26/01/29 19:36:54 INFO BlockManagerInfo: Added broadcast_94_piece0 in memory on Aishwarya92848DBDA:38109 (size: 9.7 KiB, free: 366.2 MiB)
[2026-01-29T19:36:54.159+0530] {subprocess.py:106} INFO - 26/01/29 19:36:54 INFO SparkContext: Created broadcast 94 from broadcast at DAGScheduler.scala:1585
[2026-01-29T19:36:54.159+0530] {subprocess.py:106} INFO - 26/01/29 19:36:54 INFO DAGScheduler: Submitting 1 missing tasks from ShuffleMapStage 69 (MapPartitionsRDD[252] at count at NativeMethodAccessorImpl.java:0) (first 15 tasks are for partitions Vector(0))
[2026-01-29T19:36:54.160+0530] {subprocess.py:106} INFO - 26/01/29 19:36:54 INFO TaskSchedulerImpl: Adding task set 69.0 with 1 tasks resource profile 0
[2026-01-29T19:36:54.160+0530] {subprocess.py:106} INFO - 26/01/29 19:36:54 INFO TaskSetManager: Starting task 0.0 in stage 69.0 (TID 54) (Aishwarya92848DBDA, executor driver, partition 0, NODE_LOCAL, 8230 bytes)
[2026-01-29T19:36:54.161+0530] {subprocess.py:106} INFO - 26/01/29 19:36:54 INFO Executor: Running task 0.0 in stage 69.0 (TID 54)
[2026-01-29T19:36:54.163+0530] {subprocess.py:106} INFO - 26/01/29 19:36:54 INFO FileScanRDD: Reading File path: hdfs://localhost:9000/weather/data/raw_data/weather_dataset.csv, range: 0-1642, partition values: [empty row]
[2026-01-29T19:36:54.172+0530] {subprocess.py:106} INFO - 26/01/29 19:36:54 INFO Executor: Finished task 0.0 in stage 69.0 (TID 54). 1990 bytes result sent to driver
[2026-01-29T19:36:54.173+0530] {subprocess.py:106} INFO - 26/01/29 19:36:54 INFO TaskSetManager: Finished task 0.0 in stage 69.0 (TID 54) in 12 ms on Aishwarya92848DBDA (executor driver) (1/1)
[2026-01-29T19:36:54.173+0530] {subprocess.py:106} INFO - 26/01/29 19:36:54 INFO TaskSchedulerImpl: Removed TaskSet 69.0, whose tasks have all completed, from pool
[2026-01-29T19:36:54.173+0530] {subprocess.py:106} INFO - 26/01/29 19:36:54 INFO DAGScheduler: ShuffleMapStage 69 (count at NativeMethodAccessorImpl.java:0) finished in 0.018 s
[2026-01-29T19:36:54.174+0530] {subprocess.py:106} INFO - 26/01/29 19:36:54 INFO DAGScheduler: looking for newly runnable stages
[2026-01-29T19:36:54.174+0530] {subprocess.py:106} INFO - 26/01/29 19:36:54 INFO DAGScheduler: running: Set()
[2026-01-29T19:36:54.174+0530] {subprocess.py:106} INFO - 26/01/29 19:36:54 INFO DAGScheduler: waiting: Set()
[2026-01-29T19:36:54.174+0530] {subprocess.py:106} INFO - 26/01/29 19:36:54 INFO DAGScheduler: failed: Set()
[2026-01-29T19:36:54.186+0530] {subprocess.py:106} INFO - 26/01/29 19:36:54 INFO SparkContext: Starting job: count at NativeMethodAccessorImpl.java:0
[2026-01-29T19:36:54.187+0530] {subprocess.py:106} INFO - 26/01/29 19:36:54 INFO DAGScheduler: Got job 55 (count at NativeMethodAccessorImpl.java:0) with 1 output partitions
[2026-01-29T19:36:54.188+0530] {subprocess.py:106} INFO - 26/01/29 19:36:54 INFO DAGScheduler: Final stage: ResultStage 71 (count at NativeMethodAccessorImpl.java:0)
[2026-01-29T19:36:54.188+0530] {subprocess.py:106} INFO - 26/01/29 19:36:54 INFO DAGScheduler: Parents of final stage: List(ShuffleMapStage 70)
[2026-01-29T19:36:54.189+0530] {subprocess.py:106} INFO - 26/01/29 19:36:54 INFO DAGScheduler: Missing parents: List()
[2026-01-29T19:36:54.189+0530] {subprocess.py:106} INFO - 26/01/29 19:36:54 INFO DAGScheduler: Submitting ResultStage 71 (MapPartitionsRDD[255] at count at NativeMethodAccessorImpl.java:0), which has no missing parents
[2026-01-29T19:36:54.189+0530] {subprocess.py:106} INFO - 26/01/29 19:36:54 INFO MemoryStore: Block broadcast_95 stored as values in memory (estimated size 12.5 KiB, free 365.5 MiB)
[2026-01-29T19:36:54.190+0530] {subprocess.py:106} INFO - 26/01/29 19:36:54 INFO MemoryStore: Block broadcast_95_piece0 stored as bytes in memory (estimated size 5.9 KiB, free 365.5 MiB)
[2026-01-29T19:36:54.191+0530] {subprocess.py:106} INFO - 26/01/29 19:36:54 INFO BlockManagerInfo: Added broadcast_95_piece0 in memory on Aishwarya92848DBDA:38109 (size: 5.9 KiB, free: 366.2 MiB)
[2026-01-29T19:36:54.191+0530] {subprocess.py:106} INFO - 26/01/29 19:36:54 INFO SparkContext: Created broadcast 95 from broadcast at DAGScheduler.scala:1585
[2026-01-29T19:36:54.191+0530] {subprocess.py:106} INFO - 26/01/29 19:36:54 INFO DAGScheduler: Submitting 1 missing tasks from ResultStage 71 (MapPartitionsRDD[255] at count at NativeMethodAccessorImpl.java:0) (first 15 tasks are for partitions Vector(0))
[2026-01-29T19:36:54.192+0530] {subprocess.py:106} INFO - 26/01/29 19:36:54 INFO TaskSchedulerImpl: Adding task set 71.0 with 1 tasks resource profile 0
[2026-01-29T19:36:54.192+0530] {subprocess.py:106} INFO - 26/01/29 19:36:54 INFO TaskSetManager: Starting task 0.0 in stage 71.0 (TID 55) (Aishwarya92848DBDA, executor driver, partition 0, NODE_LOCAL, 7615 bytes)
[2026-01-29T19:36:54.193+0530] {subprocess.py:106} INFO - 26/01/29 19:36:54 INFO Executor: Running task 0.0 in stage 71.0 (TID 55)
[2026-01-29T19:36:54.195+0530] {subprocess.py:106} INFO - 26/01/29 19:36:54 INFO ShuffleBlockFetcherIterator: Getting 1 (60.0 B) non-empty blocks including 1 (60.0 B) local and 0 (0.0 B) host-local and 0 (0.0 B) push-merged-local and 0 (0.0 B) remote blocks
[2026-01-29T19:36:54.196+0530] {subprocess.py:106} INFO - 26/01/29 19:36:54 INFO ShuffleBlockFetcherIterator: Started 0 remote fetches in 0 ms
[2026-01-29T19:36:54.197+0530] {subprocess.py:106} INFO - 26/01/29 19:36:54 INFO Executor: Finished task 0.0 in stage 71.0 (TID 55). 3988 bytes result sent to driver
[2026-01-29T19:36:54.198+0530] {subprocess.py:106} INFO - 26/01/29 19:36:54 INFO TaskSetManager: Finished task 0.0 in stage 71.0 (TID 55) in 6 ms on Aishwarya92848DBDA (executor driver) (1/1)
[2026-01-29T19:36:54.198+0530] {subprocess.py:106} INFO - 26/01/29 19:36:54 INFO TaskSchedulerImpl: Removed TaskSet 71.0, whose tasks have all completed, from pool
[2026-01-29T19:36:54.198+0530] {subprocess.py:106} INFO - 26/01/29 19:36:54 INFO DAGScheduler: ResultStage 71 (count at NativeMethodAccessorImpl.java:0) finished in 0.010 s
[2026-01-29T19:36:54.198+0530] {subprocess.py:106} INFO - 26/01/29 19:36:54 INFO DAGScheduler: Job 55 is finished. Cancelling potential speculative or zombie tasks for this job
[2026-01-29T19:36:54.198+0530] {subprocess.py:106} INFO - 26/01/29 19:36:54 INFO TaskSchedulerImpl: Killing all running tasks in stage 71: Stage finished
[2026-01-29T19:36:54.199+0530] {subprocess.py:106} INFO - 26/01/29 19:36:54 INFO DAGScheduler: Job 55 finished: count at NativeMethodAccessorImpl.java:0, took 0.012044 s
[2026-01-29T19:36:54.200+0530] {subprocess.py:106} INFO - rain_sum: Outliers after handling = 0
[2026-01-29T19:36:54.223+0530] {subprocess.py:106} INFO - 26/01/29 19:36:54 INFO FileSourceStrategy: Pushed Filters:
[2026-01-29T19:36:54.223+0530] {subprocess.py:106} INFO - 26/01/29 19:36:54 INFO FileSourceStrategy: Post-Scan Filters:
[2026-01-29T19:36:54.235+0530] {subprocess.py:106} INFO - 26/01/29 19:36:54 INFO CodeGenerator: Code generated in 8.434236 ms
[2026-01-29T19:36:54.237+0530] {subprocess.py:106} INFO - 26/01/29 19:36:54 INFO MemoryStore: Block broadcast_96 stored as values in memory (estimated size 350.2 KiB, free 365.1 MiB)
[2026-01-29T19:36:54.243+0530] {subprocess.py:106} INFO - 26/01/29 19:36:54 INFO MemoryStore: Block broadcast_96_piece0 stored as bytes in memory (estimated size 34.3 KiB, free 365.1 MiB)
[2026-01-29T19:36:54.244+0530] {subprocess.py:106} INFO - 26/01/29 19:36:54 INFO BlockManagerInfo: Added broadcast_96_piece0 in memory on Aishwarya92848DBDA:38109 (size: 34.3 KiB, free: 366.2 MiB)
[2026-01-29T19:36:54.244+0530] {subprocess.py:106} INFO - 26/01/29 19:36:54 INFO SparkContext: Created broadcast 96 from approxQuantile at <unknown>:0
[2026-01-29T19:36:54.245+0530] {subprocess.py:106} INFO - 26/01/29 19:36:54 INFO FileSourceScanExec: Planning scan with bin packing, max size: 4194304 bytes, open cost is considered as scanning 4194304 bytes.
[2026-01-29T19:36:54.254+0530] {subprocess.py:106} INFO - 26/01/29 19:36:54 INFO SparkContext: Starting job: approxQuantile at <unknown>:0
[2026-01-29T19:36:54.255+0530] {subprocess.py:106} INFO - 26/01/29 19:36:54 INFO DAGScheduler: Got job 56 (approxQuantile at <unknown>:0) with 1 output partitions
[2026-01-29T19:36:54.256+0530] {subprocess.py:106} INFO - 26/01/29 19:36:54 INFO DAGScheduler: Final stage: ResultStage 72 (approxQuantile at <unknown>:0)
[2026-01-29T19:36:54.256+0530] {subprocess.py:106} INFO - 26/01/29 19:36:54 INFO DAGScheduler: Parents of final stage: List()
[2026-01-29T19:36:54.256+0530] {subprocess.py:106} INFO - 26/01/29 19:36:54 INFO DAGScheduler: Missing parents: List()
[2026-01-29T19:36:54.256+0530] {subprocess.py:106} INFO - 26/01/29 19:36:54 INFO DAGScheduler: Submitting ResultStage 72 (MapPartitionsRDD[262] at approxQuantile at <unknown>:0), which has no missing parents
[2026-01-29T19:36:54.262+0530] {subprocess.py:106} INFO - 26/01/29 19:36:54 INFO MemoryStore: Block broadcast_97 stored as values in memory (estimated size 32.8 KiB, free 365.1 MiB)
[2026-01-29T19:36:54.263+0530] {subprocess.py:106} INFO - 26/01/29 19:36:54 INFO MemoryStore: Block broadcast_97_piece0 stored as bytes in memory (estimated size 15.2 KiB, free 365.1 MiB)
[2026-01-29T19:36:54.264+0530] {subprocess.py:106} INFO - 26/01/29 19:36:54 INFO BlockManagerInfo: Added broadcast_97_piece0 in memory on Aishwarya92848DBDA:38109 (size: 15.2 KiB, free: 366.2 MiB)
[2026-01-29T19:36:54.264+0530] {subprocess.py:106} INFO - 26/01/29 19:36:54 INFO SparkContext: Created broadcast 97 from broadcast at DAGScheduler.scala:1585
[2026-01-29T19:36:54.264+0530] {subprocess.py:106} INFO - 26/01/29 19:36:54 INFO DAGScheduler: Submitting 1 missing tasks from ResultStage 72 (MapPartitionsRDD[262] at approxQuantile at <unknown>:0) (first 15 tasks are for partitions Vector(0))
[2026-01-29T19:36:54.264+0530] {subprocess.py:106} INFO - 26/01/29 19:36:54 INFO TaskSchedulerImpl: Adding task set 72.0 with 1 tasks resource profile 0
[2026-01-29T19:36:54.265+0530] {subprocess.py:106} INFO - 26/01/29 19:36:54 INFO TaskSetManager: Starting task 0.0 in stage 72.0 (TID 56) (Aishwarya92848DBDA, executor driver, partition 0, NODE_LOCAL, 8241 bytes)
[2026-01-29T19:36:54.265+0530] {subprocess.py:106} INFO - 26/01/29 19:36:54 INFO Executor: Running task 0.0 in stage 72.0 (TID 56)
[2026-01-29T19:36:54.274+0530] {subprocess.py:106} INFO - 26/01/29 19:36:54 INFO CodeGenerator: Code generated in 6.431139 ms
[2026-01-29T19:36:54.277+0530] {subprocess.py:106} INFO - 26/01/29 19:36:54 INFO FileScanRDD: Reading File path: hdfs://localhost:9000/weather/data/raw_data/weather_dataset.csv, range: 0-1642, partition values: [empty row]
[2026-01-29T19:36:54.284+0530] {subprocess.py:106} INFO - 26/01/29 19:36:54 INFO Executor: Finished task 0.0 in stage 72.0 (TID 56). 2766 bytes result sent to driver
[2026-01-29T19:36:54.284+0530] {subprocess.py:106} INFO - 26/01/29 19:36:54 INFO TaskSetManager: Finished task 0.0 in stage 72.0 (TID 56) in 19 ms on Aishwarya92848DBDA (executor driver) (1/1)
[2026-01-29T19:36:54.285+0530] {subprocess.py:106} INFO - 26/01/29 19:36:54 INFO TaskSchedulerImpl: Removed TaskSet 72.0, whose tasks have all completed, from pool
[2026-01-29T19:36:54.285+0530] {subprocess.py:106} INFO - 26/01/29 19:36:54 INFO DAGScheduler: ResultStage 72 (approxQuantile at <unknown>:0) finished in 0.029 s
[2026-01-29T19:36:54.286+0530] {subprocess.py:106} INFO - 26/01/29 19:36:54 INFO DAGScheduler: Job 56 is finished. Cancelling potential speculative or zombie tasks for this job
[2026-01-29T19:36:54.286+0530] {subprocess.py:106} INFO - 26/01/29 19:36:54 INFO TaskSchedulerImpl: Killing all running tasks in stage 72: Stage finished
[2026-01-29T19:36:54.286+0530] {subprocess.py:106} INFO - 26/01/29 19:36:54 INFO DAGScheduler: Job 56 finished: approxQuantile at <unknown>:0, took 0.031107 s
[2026-01-29T19:36:54.363+0530] {subprocess.py:106} INFO - 26/01/29 19:36:54 INFO FileSourceStrategy: Pushed Filters:
[2026-01-29T19:36:54.364+0530] {subprocess.py:106} INFO - 26/01/29 19:36:54 INFO FileSourceStrategy: Post-Scan Filters: (CASE WHEN (wind_speed_10m_max#26 < -1.2500000000000009) THEN false WHEN (wind_speed_10m_max#26 > 21.55) THEN false ELSE (wind_speed_10m_max#26 < -1.2500000000000009) END OR CASE WHEN (wind_speed_10m_max#26 < -1.2500000000000009) THEN false WHEN (wind_speed_10m_max#26 > 21.55) THEN false ELSE (wind_speed_10m_max#26 > 21.55) END)
[2026-01-29T19:36:54.383+0530] {subprocess.py:106} INFO - 26/01/29 19:36:54 INFO CodeGenerator: Code generated in 10.471999 ms
[2026-01-29T19:36:54.385+0530] {subprocess.py:106} INFO - 26/01/29 19:36:54 INFO MemoryStore: Block broadcast_98 stored as values in memory (estimated size 350.2 KiB, free 364.7 MiB)
[2026-01-29T19:36:54.391+0530] {subprocess.py:106} INFO - 26/01/29 19:36:54 INFO MemoryStore: Block broadcast_98_piece0 stored as bytes in memory (estimated size 34.3 KiB, free 364.7 MiB)
[2026-01-29T19:36:54.392+0530] {subprocess.py:106} INFO - 26/01/29 19:36:54 INFO BlockManagerInfo: Added broadcast_98_piece0 in memory on Aishwarya92848DBDA:38109 (size: 34.3 KiB, free: 366.1 MiB)
[2026-01-29T19:36:54.392+0530] {subprocess.py:106} INFO - 26/01/29 19:36:54 INFO SparkContext: Created broadcast 98 from count at NativeMethodAccessorImpl.java:0
[2026-01-29T19:36:54.393+0530] {subprocess.py:106} INFO - 26/01/29 19:36:54 INFO FileSourceScanExec: Planning scan with bin packing, max size: 4194304 bytes, open cost is considered as scanning 4194304 bytes.
[2026-01-29T19:36:54.397+0530] {subprocess.py:106} INFO - 26/01/29 19:36:54 INFO DAGScheduler: Registering RDD 266 (count at NativeMethodAccessorImpl.java:0) as input to shuffle 16
[2026-01-29T19:36:54.397+0530] {subprocess.py:106} INFO - 26/01/29 19:36:54 INFO DAGScheduler: Got map stage job 57 (count at NativeMethodAccessorImpl.java:0) with 1 output partitions
[2026-01-29T19:36:54.398+0530] {subprocess.py:106} INFO - 26/01/29 19:36:54 INFO DAGScheduler: Final stage: ShuffleMapStage 73 (count at NativeMethodAccessorImpl.java:0)
[2026-01-29T19:36:54.398+0530] {subprocess.py:106} INFO - 26/01/29 19:36:54 INFO DAGScheduler: Parents of final stage: List()
[2026-01-29T19:36:54.398+0530] {subprocess.py:106} INFO - 26/01/29 19:36:54 INFO DAGScheduler: Missing parents: List()
[2026-01-29T19:36:54.398+0530] {subprocess.py:106} INFO - 26/01/29 19:36:54 INFO DAGScheduler: Submitting ShuffleMapStage 73 (MapPartitionsRDD[266] at count at NativeMethodAccessorImpl.java:0), which has no missing parents
[2026-01-29T19:36:54.402+0530] {subprocess.py:106} INFO - 26/01/29 19:36:54 INFO MemoryStore: Block broadcast_99 stored as values in memory (estimated size 22.1 KiB, free 364.7 MiB)
[2026-01-29T19:36:54.403+0530] {subprocess.py:106} INFO - 26/01/29 19:36:54 INFO MemoryStore: Block broadcast_99_piece0 stored as bytes in memory (estimated size 10.0 KiB, free 364.6 MiB)
[2026-01-29T19:36:54.403+0530] {subprocess.py:106} INFO - 26/01/29 19:36:54 INFO BlockManagerInfo: Added broadcast_99_piece0 in memory on Aishwarya92848DBDA:38109 (size: 10.0 KiB, free: 366.1 MiB)
[2026-01-29T19:36:54.404+0530] {subprocess.py:106} INFO - 26/01/29 19:36:54 INFO SparkContext: Created broadcast 99 from broadcast at DAGScheduler.scala:1585
[2026-01-29T19:36:54.404+0530] {subprocess.py:106} INFO - 26/01/29 19:36:54 INFO DAGScheduler: Submitting 1 missing tasks from ShuffleMapStage 73 (MapPartitionsRDD[266] at count at NativeMethodAccessorImpl.java:0) (first 15 tasks are for partitions Vector(0))
[2026-01-29T19:36:54.404+0530] {subprocess.py:106} INFO - 26/01/29 19:36:54 INFO TaskSchedulerImpl: Adding task set 73.0 with 1 tasks resource profile 0
[2026-01-29T19:36:54.405+0530] {subprocess.py:106} INFO - 26/01/29 19:36:54 INFO TaskSetManager: Starting task 0.0 in stage 73.0 (TID 57) (Aishwarya92848DBDA, executor driver, partition 0, NODE_LOCAL, 8230 bytes)
[2026-01-29T19:36:54.406+0530] {subprocess.py:106} INFO - 26/01/29 19:36:54 INFO Executor: Running task 0.0 in stage 73.0 (TID 57)
[2026-01-29T19:36:54.419+0530] {subprocess.py:106} INFO - 26/01/29 19:36:54 INFO CodeGenerator: Code generated in 10.367058 ms
[2026-01-29T19:36:54.420+0530] {subprocess.py:106} INFO - 26/01/29 19:36:54 INFO FileScanRDD: Reading File path: hdfs://localhost:9000/weather/data/raw_data/weather_dataset.csv, range: 0-1642, partition values: [empty row]
[2026-01-29T19:36:54.429+0530] {subprocess.py:106} INFO - 26/01/29 19:36:54 INFO Executor: Finished task 0.0 in stage 73.0 (TID 57). 1990 bytes result sent to driver
[2026-01-29T19:36:54.430+0530] {subprocess.py:106} INFO - 26/01/29 19:36:54 INFO TaskSetManager: Finished task 0.0 in stage 73.0 (TID 57) in 25 ms on Aishwarya92848DBDA (executor driver) (1/1)
[2026-01-29T19:36:54.430+0530] {subprocess.py:106} INFO - 26/01/29 19:36:54 INFO TaskSchedulerImpl: Removed TaskSet 73.0, whose tasks have all completed, from pool
[2026-01-29T19:36:54.430+0530] {subprocess.py:106} INFO - 26/01/29 19:36:54 INFO DAGScheduler: ShuffleMapStage 73 (count at NativeMethodAccessorImpl.java:0) finished in 0.032 s
[2026-01-29T19:36:54.431+0530] {subprocess.py:106} INFO - 26/01/29 19:36:54 INFO DAGScheduler: looking for newly runnable stages
[2026-01-29T19:36:54.431+0530] {subprocess.py:106} INFO - 26/01/29 19:36:54 INFO DAGScheduler: running: Set()
[2026-01-29T19:36:54.431+0530] {subprocess.py:106} INFO - 26/01/29 19:36:54 INFO DAGScheduler: waiting: Set()
[2026-01-29T19:36:54.431+0530] {subprocess.py:106} INFO - 26/01/29 19:36:54 INFO DAGScheduler: failed: Set()
[2026-01-29T19:36:54.440+0530] {subprocess.py:106} INFO - 26/01/29 19:36:54 INFO SparkContext: Starting job: count at NativeMethodAccessorImpl.java:0
[2026-01-29T19:36:54.441+0530] {subprocess.py:106} INFO - 26/01/29 19:36:54 INFO DAGScheduler: Got job 58 (count at NativeMethodAccessorImpl.java:0) with 1 output partitions
[2026-01-29T19:36:54.442+0530] {subprocess.py:106} INFO - 26/01/29 19:36:54 INFO DAGScheduler: Final stage: ResultStage 75 (count at NativeMethodAccessorImpl.java:0)
[2026-01-29T19:36:54.442+0530] {subprocess.py:106} INFO - 26/01/29 19:36:54 INFO DAGScheduler: Parents of final stage: List(ShuffleMapStage 74)
[2026-01-29T19:36:54.442+0530] {subprocess.py:106} INFO - 26/01/29 19:36:54 INFO DAGScheduler: Missing parents: List()
[2026-01-29T19:36:54.443+0530] {subprocess.py:106} INFO - 26/01/29 19:36:54 INFO DAGScheduler: Submitting ResultStage 75 (MapPartitionsRDD[269] at count at NativeMethodAccessorImpl.java:0), which has no missing parents
[2026-01-29T19:36:54.443+0530] {subprocess.py:106} INFO - 26/01/29 19:36:54 INFO MemoryStore: Block broadcast_100 stored as values in memory (estimated size 12.5 KiB, free 364.6 MiB)
[2026-01-29T19:36:54.444+0530] {subprocess.py:106} INFO - 26/01/29 19:36:54 INFO MemoryStore: Block broadcast_100_piece0 stored as bytes in memory (estimated size 5.9 KiB, free 364.6 MiB)
[2026-01-29T19:36:54.445+0530] {subprocess.py:106} INFO - 26/01/29 19:36:54 INFO BlockManagerInfo: Added broadcast_100_piece0 in memory on Aishwarya92848DBDA:38109 (size: 5.9 KiB, free: 366.1 MiB)
[2026-01-29T19:36:54.445+0530] {subprocess.py:106} INFO - 26/01/29 19:36:54 INFO SparkContext: Created broadcast 100 from broadcast at DAGScheduler.scala:1585
[2026-01-29T19:36:54.445+0530] {subprocess.py:106} INFO - 26/01/29 19:36:54 INFO DAGScheduler: Submitting 1 missing tasks from ResultStage 75 (MapPartitionsRDD[269] at count at NativeMethodAccessorImpl.java:0) (first 15 tasks are for partitions Vector(0))
[2026-01-29T19:36:54.445+0530] {subprocess.py:106} INFO - 26/01/29 19:36:54 INFO TaskSchedulerImpl: Adding task set 75.0 with 1 tasks resource profile 0
[2026-01-29T19:36:54.446+0530] {subprocess.py:106} INFO - 26/01/29 19:36:54 INFO TaskSetManager: Starting task 0.0 in stage 75.0 (TID 58) (Aishwarya92848DBDA, executor driver, partition 0, NODE_LOCAL, 7615 bytes)
[2026-01-29T19:36:54.446+0530] {subprocess.py:106} INFO - 26/01/29 19:36:54 INFO Executor: Running task 0.0 in stage 75.0 (TID 58)
[2026-01-29T19:36:54.448+0530] {subprocess.py:106} INFO - 26/01/29 19:36:54 INFO ShuffleBlockFetcherIterator: Getting 1 (60.0 B) non-empty blocks including 1 (60.0 B) local and 0 (0.0 B) host-local and 0 (0.0 B) push-merged-local and 0 (0.0 B) remote blocks
[2026-01-29T19:36:54.449+0530] {subprocess.py:106} INFO - 26/01/29 19:36:54 INFO ShuffleBlockFetcherIterator: Started 0 remote fetches in 0 ms
[2026-01-29T19:36:54.450+0530] {subprocess.py:106} INFO - 26/01/29 19:36:54 INFO Executor: Finished task 0.0 in stage 75.0 (TID 58). 3988 bytes result sent to driver
[2026-01-29T19:36:54.450+0530] {subprocess.py:106} INFO - 26/01/29 19:36:54 INFO TaskSetManager: Finished task 0.0 in stage 75.0 (TID 58) in 4 ms on Aishwarya92848DBDA (executor driver) (1/1)
[2026-01-29T19:36:54.451+0530] {subprocess.py:106} INFO - 26/01/29 19:36:54 INFO TaskSchedulerImpl: Removed TaskSet 75.0, whose tasks have all completed, from pool
[2026-01-29T19:36:54.451+0530] {subprocess.py:106} INFO - 26/01/29 19:36:54 INFO DAGScheduler: ResultStage 75 (count at NativeMethodAccessorImpl.java:0) finished in 0.009 s
[2026-01-29T19:36:54.451+0530] {subprocess.py:106} INFO - 26/01/29 19:36:54 INFO DAGScheduler: Job 58 is finished. Cancelling potential speculative or zombie tasks for this job
[2026-01-29T19:36:54.451+0530] {subprocess.py:106} INFO - 26/01/29 19:36:54 INFO TaskSchedulerImpl: Killing all running tasks in stage 75: Stage finished
[2026-01-29T19:36:54.452+0530] {subprocess.py:106} INFO - 26/01/29 19:36:54 INFO DAGScheduler: Job 58 finished: count at NativeMethodAccessorImpl.java:0, took 0.010583 s
[2026-01-29T19:36:54.452+0530] {subprocess.py:106} INFO - wind_speed_10m_max: Outliers after handling = 0
[2026-01-29T19:36:54.469+0530] {subprocess.py:106} INFO - 26/01/29 19:36:54 INFO FileSourceStrategy: Pushed Filters:
[2026-01-29T19:36:54.470+0530] {subprocess.py:106} INFO - 26/01/29 19:36:54 INFO FileSourceStrategy: Post-Scan Filters:
[2026-01-29T19:36:54.481+0530] {subprocess.py:106} INFO - 26/01/29 19:36:54 INFO CodeGenerator: Code generated in 7.886006 ms
[2026-01-29T19:36:54.483+0530] {subprocess.py:106} INFO - 26/01/29 19:36:54 INFO MemoryStore: Block broadcast_101 stored as values in memory (estimated size 350.2 KiB, free 364.3 MiB)
[2026-01-29T19:36:54.488+0530] {subprocess.py:106} INFO - 26/01/29 19:36:54 INFO MemoryStore: Block broadcast_101_piece0 stored as bytes in memory (estimated size 34.3 KiB, free 364.3 MiB)
[2026-01-29T19:36:54.489+0530] {subprocess.py:106} INFO - 26/01/29 19:36:54 INFO BlockManagerInfo: Added broadcast_101_piece0 in memory on Aishwarya92848DBDA:38109 (size: 34.3 KiB, free: 366.1 MiB)
[2026-01-29T19:36:54.489+0530] {subprocess.py:106} INFO - 26/01/29 19:36:54 INFO SparkContext: Created broadcast 101 from approxQuantile at <unknown>:0
[2026-01-29T19:36:54.490+0530] {subprocess.py:106} INFO - 26/01/29 19:36:54 INFO FileSourceScanExec: Planning scan with bin packing, max size: 4194304 bytes, open cost is considered as scanning 4194304 bytes.
[2026-01-29T19:36:54.502+0530] {subprocess.py:106} INFO - 26/01/29 19:36:54 INFO SparkContext: Starting job: approxQuantile at <unknown>:0
[2026-01-29T19:36:54.502+0530] {subprocess.py:106} INFO - 26/01/29 19:36:54 INFO DAGScheduler: Got job 59 (approxQuantile at <unknown>:0) with 1 output partitions
[2026-01-29T19:36:54.503+0530] {subprocess.py:106} INFO - 26/01/29 19:36:54 INFO DAGScheduler: Final stage: ResultStage 76 (approxQuantile at <unknown>:0)
[2026-01-29T19:36:54.503+0530] {subprocess.py:106} INFO - 26/01/29 19:36:54 INFO DAGScheduler: Parents of final stage: List()
[2026-01-29T19:36:54.504+0530] {subprocess.py:106} INFO - 26/01/29 19:36:54 INFO DAGScheduler: Missing parents: List()
[2026-01-29T19:36:54.504+0530] {subprocess.py:106} INFO - 26/01/29 19:36:54 INFO DAGScheduler: Submitting ResultStage 76 (MapPartitionsRDD[276] at approxQuantile at <unknown>:0), which has no missing parents
[2026-01-29T19:36:54.510+0530] {subprocess.py:106} INFO - 26/01/29 19:36:54 INFO MemoryStore: Block broadcast_102 stored as values in memory (estimated size 32.9 KiB, free 364.2 MiB)
[2026-01-29T19:36:54.511+0530] {subprocess.py:106} INFO - 26/01/29 19:36:54 INFO MemoryStore: Block broadcast_102_piece0 stored as bytes in memory (estimated size 15.2 KiB, free 364.2 MiB)
[2026-01-29T19:36:54.511+0530] {subprocess.py:106} INFO - 26/01/29 19:36:54 INFO BlockManagerInfo: Added broadcast_102_piece0 in memory on Aishwarya92848DBDA:38109 (size: 15.2 KiB, free: 366.1 MiB)
[2026-01-29T19:36:54.512+0530] {subprocess.py:106} INFO - 26/01/29 19:36:54 INFO SparkContext: Created broadcast 102 from broadcast at DAGScheduler.scala:1585
[2026-01-29T19:36:54.512+0530] {subprocess.py:106} INFO - 26/01/29 19:36:54 INFO DAGScheduler: Submitting 1 missing tasks from ResultStage 76 (MapPartitionsRDD[276] at approxQuantile at <unknown>:0) (first 15 tasks are for partitions Vector(0))
[2026-01-29T19:36:54.512+0530] {subprocess.py:106} INFO - 26/01/29 19:36:54 INFO TaskSchedulerImpl: Adding task set 76.0 with 1 tasks resource profile 0
[2026-01-29T19:36:54.513+0530] {subprocess.py:106} INFO - 26/01/29 19:36:54 INFO TaskSetManager: Starting task 0.0 in stage 76.0 (TID 59) (Aishwarya92848DBDA, executor driver, partition 0, NODE_LOCAL, 8241 bytes)
[2026-01-29T19:36:54.514+0530] {subprocess.py:106} INFO - 26/01/29 19:36:54 INFO Executor: Running task 0.0 in stage 76.0 (TID 59)
[2026-01-29T19:36:54.523+0530] {subprocess.py:106} INFO - 26/01/29 19:36:54 INFO CodeGenerator: Code generated in 6.566518 ms
[2026-01-29T19:36:54.525+0530] {subprocess.py:106} INFO - 26/01/29 19:36:54 INFO FileScanRDD: Reading File path: hdfs://localhost:9000/weather/data/raw_data/weather_dataset.csv, range: 0-1642, partition values: [empty row]
[2026-01-29T19:36:54.531+0530] {subprocess.py:106} INFO - 26/01/29 19:36:54 INFO Executor: Finished task 0.0 in stage 76.0 (TID 59). 2766 bytes result sent to driver
[2026-01-29T19:36:54.532+0530] {subprocess.py:106} INFO - 26/01/29 19:36:54 INFO TaskSetManager: Finished task 0.0 in stage 76.0 (TID 59) in 18 ms on Aishwarya92848DBDA (executor driver) (1/1)
[2026-01-29T19:36:54.532+0530] {subprocess.py:106} INFO - 26/01/29 19:36:54 INFO TaskSchedulerImpl: Removed TaskSet 76.0, whose tasks have all completed, from pool
[2026-01-29T19:36:54.532+0530] {subprocess.py:106} INFO - 26/01/29 19:36:54 INFO DAGScheduler: ResultStage 76 (approxQuantile at <unknown>:0) finished in 0.029 s
[2026-01-29T19:36:54.533+0530] {subprocess.py:106} INFO - 26/01/29 19:36:54 INFO DAGScheduler: Job 59 is finished. Cancelling potential speculative or zombie tasks for this job
[2026-01-29T19:36:54.533+0530] {subprocess.py:106} INFO - 26/01/29 19:36:54 INFO TaskSchedulerImpl: Killing all running tasks in stage 76: Stage finished
[2026-01-29T19:36:54.533+0530] {subprocess.py:106} INFO - 26/01/29 19:36:54 INFO DAGScheduler: Job 59 finished: approxQuantile at <unknown>:0, took 0.030638 s
[2026-01-29T19:36:54.591+0530] {subprocess.py:106} INFO - 26/01/29 19:36:54 INFO FileSourceStrategy: Pushed Filters:
[2026-01-29T19:36:54.592+0530] {subprocess.py:106} INFO - 26/01/29 19:36:54 INFO FileSourceStrategy: Post-Scan Filters: (CASE WHEN (wind_gusts_10m_max#27 < 8.700000000000005) THEN false WHEN (wind_gusts_10m_max#27 > 43.099999999999994) THEN false ELSE (wind_gusts_10m_max#27 < 8.700000000000005) END OR CASE WHEN (wind_gusts_10m_max#27 < 8.700000000000005) THEN false WHEN (wind_gusts_10m_max#27 > 43.099999999999994) THEN false ELSE (wind_gusts_10m_max#27 > 43.099999999999994) END)
[2026-01-29T19:36:54.616+0530] {subprocess.py:106} INFO - 26/01/29 19:36:54 INFO CodeGenerator: Code generated in 9.741691 ms
[2026-01-29T19:36:54.617+0530] {subprocess.py:106} INFO - 26/01/29 19:36:54 INFO MemoryStore: Block broadcast_103 stored as values in memory (estimated size 350.2 KiB, free 363.9 MiB)
[2026-01-29T19:36:54.624+0530] {subprocess.py:106} INFO - 26/01/29 19:36:54 INFO MemoryStore: Block broadcast_103_piece0 stored as bytes in memory (estimated size 34.3 KiB, free 363.8 MiB)
[2026-01-29T19:36:54.625+0530] {subprocess.py:106} INFO - 26/01/29 19:36:54 INFO BlockManagerInfo: Added broadcast_103_piece0 in memory on Aishwarya92848DBDA:38109 (size: 34.3 KiB, free: 366.0 MiB)
[2026-01-29T19:36:54.625+0530] {subprocess.py:106} INFO - 26/01/29 19:36:54 INFO SparkContext: Created broadcast 103 from count at <unknown>:0
[2026-01-29T19:36:54.626+0530] {subprocess.py:106} INFO - 26/01/29 19:36:54 INFO FileSourceScanExec: Planning scan with bin packing, max size: 4194304 bytes, open cost is considered as scanning 4194304 bytes.
[2026-01-29T19:36:54.630+0530] {subprocess.py:106} INFO - 26/01/29 19:36:54 INFO DAGScheduler: Registering RDD 280 (count at <unknown>:0) as input to shuffle 17
[2026-01-29T19:36:54.631+0530] {subprocess.py:106} INFO - 26/01/29 19:36:54 INFO DAGScheduler: Got map stage job 60 (count at <unknown>:0) with 1 output partitions
[2026-01-29T19:36:54.631+0530] {subprocess.py:106} INFO - 26/01/29 19:36:54 INFO DAGScheduler: Final stage: ShuffleMapStage 77 (count at <unknown>:0)
[2026-01-29T19:36:54.632+0530] {subprocess.py:106} INFO - 26/01/29 19:36:54 INFO DAGScheduler: Parents of final stage: List()
[2026-01-29T19:36:54.632+0530] {subprocess.py:106} INFO - 26/01/29 19:36:54 INFO DAGScheduler: Missing parents: List()
[2026-01-29T19:36:54.632+0530] {subprocess.py:106} INFO - 26/01/29 19:36:54 INFO DAGScheduler: Submitting ShuffleMapStage 77 (MapPartitionsRDD[280] at count at <unknown>:0), which has no missing parents
[2026-01-29T19:36:54.633+0530] {subprocess.py:106} INFO - 26/01/29 19:36:54 INFO MemoryStore: Block broadcast_104 stored as values in memory (estimated size 22.1 KiB, free 363.8 MiB)
[2026-01-29T19:36:54.634+0530] {subprocess.py:106} INFO - 26/01/29 19:36:54 INFO MemoryStore: Block broadcast_104_piece0 stored as bytes in memory (estimated size 10.0 KiB, free 363.8 MiB)
[2026-01-29T19:36:54.635+0530] {subprocess.py:106} INFO - 26/01/29 19:36:54 INFO BlockManagerInfo: Added broadcast_104_piece0 in memory on Aishwarya92848DBDA:38109 (size: 10.0 KiB, free: 366.0 MiB)
[2026-01-29T19:36:54.635+0530] {subprocess.py:106} INFO - 26/01/29 19:36:54 INFO SparkContext: Created broadcast 104 from broadcast at DAGScheduler.scala:1585
[2026-01-29T19:36:54.635+0530] {subprocess.py:106} INFO - 26/01/29 19:36:54 INFO DAGScheduler: Submitting 1 missing tasks from ShuffleMapStage 77 (MapPartitionsRDD[280] at count at <unknown>:0) (first 15 tasks are for partitions Vector(0))
[2026-01-29T19:36:54.635+0530] {subprocess.py:106} INFO - 26/01/29 19:36:54 INFO TaskSchedulerImpl: Adding task set 77.0 with 1 tasks resource profile 0
[2026-01-29T19:36:54.636+0530] {subprocess.py:106} INFO - 26/01/29 19:36:54 INFO TaskSetManager: Starting task 0.0 in stage 77.0 (TID 60) (Aishwarya92848DBDA, executor driver, partition 0, NODE_LOCAL, 8230 bytes)
[2026-01-29T19:36:54.637+0530] {subprocess.py:106} INFO - 26/01/29 19:36:54 INFO Executor: Running task 0.0 in stage 77.0 (TID 60)
[2026-01-29T19:36:54.650+0530] {subprocess.py:106} INFO - 26/01/29 19:36:54 INFO CodeGenerator: Code generated in 10.458974 ms
[2026-01-29T19:36:54.651+0530] {subprocess.py:106} INFO - 26/01/29 19:36:54 INFO FileScanRDD: Reading File path: hdfs://localhost:9000/weather/data/raw_data/weather_dataset.csv, range: 0-1642, partition values: [empty row]
[2026-01-29T19:36:54.660+0530] {subprocess.py:106} INFO - 26/01/29 19:36:54 INFO Executor: Finished task 0.0 in stage 77.0 (TID 60). 1990 bytes result sent to driver
[2026-01-29T19:36:54.661+0530] {subprocess.py:106} INFO - 26/01/29 19:36:54 INFO TaskSetManager: Finished task 0.0 in stage 77.0 (TID 60) in 25 ms on Aishwarya92848DBDA (executor driver) (1/1)
[2026-01-29T19:36:54.662+0530] {subprocess.py:106} INFO - 26/01/29 19:36:54 INFO TaskSchedulerImpl: Removed TaskSet 77.0, whose tasks have all completed, from pool
[2026-01-29T19:36:54.662+0530] {subprocess.py:106} INFO - 26/01/29 19:36:54 INFO DAGScheduler: ShuffleMapStage 77 (count at <unknown>:0) finished in 0.030 s
[2026-01-29T19:36:54.663+0530] {subprocess.py:106} INFO - 26/01/29 19:36:54 INFO DAGScheduler: looking for newly runnable stages
[2026-01-29T19:36:54.663+0530] {subprocess.py:106} INFO - 26/01/29 19:36:54 INFO DAGScheduler: running: Set()
[2026-01-29T19:36:54.663+0530] {subprocess.py:106} INFO - 26/01/29 19:36:54 INFO DAGScheduler: waiting: Set()
[2026-01-29T19:36:54.664+0530] {subprocess.py:106} INFO - 26/01/29 19:36:54 INFO DAGScheduler: failed: Set()
[2026-01-29T19:36:54.678+0530] {subprocess.py:106} INFO - 26/01/29 19:36:54 INFO SparkContext: Starting job: count at <unknown>:0
[2026-01-29T19:36:54.678+0530] {subprocess.py:106} INFO - 26/01/29 19:36:54 INFO DAGScheduler: Got job 61 (count at <unknown>:0) with 1 output partitions
[2026-01-29T19:36:54.679+0530] {subprocess.py:106} INFO - 26/01/29 19:36:54 INFO DAGScheduler: Final stage: ResultStage 79 (count at <unknown>:0)
[2026-01-29T19:36:54.679+0530] {subprocess.py:106} INFO - 26/01/29 19:36:54 INFO DAGScheduler: Parents of final stage: List(ShuffleMapStage 78)
[2026-01-29T19:36:54.680+0530] {subprocess.py:106} INFO - 26/01/29 19:36:54 INFO DAGScheduler: Missing parents: List()
[2026-01-29T19:36:54.680+0530] {subprocess.py:106} INFO - 26/01/29 19:36:54 INFO DAGScheduler: Submitting ResultStage 79 (MapPartitionsRDD[283] at count at <unknown>:0), which has no missing parents
[2026-01-29T19:36:54.680+0530] {subprocess.py:106} INFO - 26/01/29 19:36:54 INFO MemoryStore: Block broadcast_105 stored as values in memory (estimated size 12.5 KiB, free 363.8 MiB)
[2026-01-29T19:36:54.682+0530] {subprocess.py:106} INFO - 26/01/29 19:36:54 INFO MemoryStore: Block broadcast_105_piece0 stored as bytes in memory (estimated size 5.9 KiB, free 363.8 MiB)
[2026-01-29T19:36:54.682+0530] {subprocess.py:106} INFO - 26/01/29 19:36:54 INFO BlockManagerInfo: Added broadcast_105_piece0 in memory on Aishwarya92848DBDA:38109 (size: 5.9 KiB, free: 366.0 MiB)
[2026-01-29T19:36:54.682+0530] {subprocess.py:106} INFO - 26/01/29 19:36:54 INFO SparkContext: Created broadcast 105 from broadcast at DAGScheduler.scala:1585
[2026-01-29T19:36:54.683+0530] {subprocess.py:106} INFO - 26/01/29 19:36:54 INFO DAGScheduler: Submitting 1 missing tasks from ResultStage 79 (MapPartitionsRDD[283] at count at <unknown>:0) (first 15 tasks are for partitions Vector(0))
[2026-01-29T19:36:54.683+0530] {subprocess.py:106} INFO - 26/01/29 19:36:54 INFO TaskSchedulerImpl: Adding task set 79.0 with 1 tasks resource profile 0
[2026-01-29T19:36:54.684+0530] {subprocess.py:106} INFO - 26/01/29 19:36:54 INFO TaskSetManager: Starting task 0.0 in stage 79.0 (TID 61) (Aishwarya92848DBDA, executor driver, partition 0, NODE_LOCAL, 7615 bytes)
[2026-01-29T19:36:54.685+0530] {subprocess.py:106} INFO - 26/01/29 19:36:54 INFO Executor: Running task 0.0 in stage 79.0 (TID 61)
[2026-01-29T19:36:54.687+0530] {subprocess.py:106} INFO - 26/01/29 19:36:54 INFO ShuffleBlockFetcherIterator: Getting 1 (60.0 B) non-empty blocks including 1 (60.0 B) local and 0 (0.0 B) host-local and 0 (0.0 B) push-merged-local and 0 (0.0 B) remote blocks
[2026-01-29T19:36:54.687+0530] {subprocess.py:106} INFO - 26/01/29 19:36:54 INFO ShuffleBlockFetcherIterator: Started 0 remote fetches in 0 ms
[2026-01-29T19:36:54.689+0530] {subprocess.py:106} INFO - 26/01/29 19:36:54 INFO Executor: Finished task 0.0 in stage 79.0 (TID 61). 3988 bytes result sent to driver
[2026-01-29T19:36:54.690+0530] {subprocess.py:106} INFO - 26/01/29 19:36:54 INFO TaskSetManager: Finished task 0.0 in stage 79.0 (TID 61) in 6 ms on Aishwarya92848DBDA (executor driver) (1/1)
[2026-01-29T19:36:54.690+0530] {subprocess.py:106} INFO - 26/01/29 19:36:54 INFO TaskSchedulerImpl: Removed TaskSet 79.0, whose tasks have all completed, from pool
[2026-01-29T19:36:54.690+0530] {subprocess.py:106} INFO - 26/01/29 19:36:54 INFO DAGScheduler: ResultStage 79 (count at <unknown>:0) finished in 0.011 s
[2026-01-29T19:36:54.690+0530] {subprocess.py:106} INFO - 26/01/29 19:36:54 INFO DAGScheduler: Job 61 is finished. Cancelling potential speculative or zombie tasks for this job
[2026-01-29T19:36:54.690+0530] {subprocess.py:106} INFO - 26/01/29 19:36:54 INFO TaskSchedulerImpl: Killing all running tasks in stage 79: Stage finished
[2026-01-29T19:36:54.691+0530] {subprocess.py:106} INFO - 26/01/29 19:36:54 INFO DAGScheduler: Job 61 finished: count at <unknown>:0, took 0.012674 s
[2026-01-29T19:36:54.691+0530] {subprocess.py:106} INFO - wind_gusts_10m_max: Outliers after handling = 0
[2026-01-29T19:36:54.745+0530] {subprocess.py:106} INFO - 26/01/29 19:36:54 INFO FileSourceStrategy: Pushed Filters:
[2026-01-29T19:36:54.746+0530] {subprocess.py:106} INFO - 26/01/29 19:36:54 INFO FileSourceStrategy: Post-Scan Filters:
[2026-01-29T19:36:54.818+0530] {subprocess.py:106} INFO - 26/01/29 19:36:54 INFO CodeGenerator: Code generated in 36.345079 ms
[2026-01-29T19:36:54.820+0530] {subprocess.py:106} INFO - 26/01/29 19:36:54 INFO MemoryStore: Block broadcast_106 stored as values in memory (estimated size 350.2 KiB, free 363.4 MiB)
[2026-01-29T19:36:54.826+0530] {subprocess.py:106} INFO - 26/01/29 19:36:54 INFO MemoryStore: Block broadcast_106_piece0 stored as bytes in memory (estimated size 34.3 KiB, free 363.4 MiB)
[2026-01-29T19:36:54.827+0530] {subprocess.py:106} INFO - 26/01/29 19:36:54 INFO BlockManagerInfo: Added broadcast_106_piece0 in memory on Aishwarya92848DBDA:38109 (size: 34.3 KiB, free: 366.0 MiB)
[2026-01-29T19:36:54.827+0530] {subprocess.py:106} INFO - 26/01/29 19:36:54 INFO SparkContext: Created broadcast 106 from showString at NativeMethodAccessorImpl.java:0
[2026-01-29T19:36:54.828+0530] {subprocess.py:106} INFO - 26/01/29 19:36:54 INFO FileSourceScanExec: Planning scan with bin packing, max size: 4194304 bytes, open cost is considered as scanning 4194304 bytes.
[2026-01-29T19:36:54.850+0530] {subprocess.py:106} INFO - 26/01/29 19:36:54 INFO BlockManagerInfo: Removed broadcast_96_piece0 on Aishwarya92848DBDA:38109 in memory (size: 34.3 KiB, free: 366.0 MiB)
[2026-01-29T19:36:54.851+0530] {subprocess.py:106} INFO - 26/01/29 19:36:54 INFO BlockManagerInfo: Removed broadcast_95_piece0 on Aishwarya92848DBDA:38109 in memory (size: 5.9 KiB, free: 366.0 MiB)
[2026-01-29T19:36:54.852+0530] {subprocess.py:106} INFO - 26/01/29 19:36:54 INFO BlockManagerInfo: Removed broadcast_105_piece0 on Aishwarya92848DBDA:38109 in memory (size: 5.9 KiB, free: 366.0 MiB)
[2026-01-29T19:36:54.853+0530] {subprocess.py:106} INFO - 26/01/29 19:36:54 INFO BlockManagerInfo: Removed broadcast_101_piece0 on Aishwarya92848DBDA:38109 in memory (size: 34.3 KiB, free: 366.1 MiB)
[2026-01-29T19:36:54.854+0530] {subprocess.py:106} INFO - 26/01/29 19:36:54 INFO DAGScheduler: Registering RDD 287 (showString at NativeMethodAccessorImpl.java:0) as input to shuffle 18
[2026-01-29T19:36:54.855+0530] {subprocess.py:106} INFO - 26/01/29 19:36:54 INFO DAGScheduler: Got map stage job 62 (showString at NativeMethodAccessorImpl.java:0) with 1 output partitions
[2026-01-29T19:36:54.855+0530] {subprocess.py:106} INFO - 26/01/29 19:36:54 INFO BlockManagerInfo: Removed broadcast_104_piece0 on Aishwarya92848DBDA:38109 in memory (size: 10.0 KiB, free: 366.1 MiB)
[2026-01-29T19:36:54.855+0530] {subprocess.py:106} INFO - 26/01/29 19:36:54 INFO DAGScheduler: Final stage: ShuffleMapStage 80 (showString at NativeMethodAccessorImpl.java:0)
[2026-01-29T19:36:54.855+0530] {subprocess.py:106} INFO - 26/01/29 19:36:54 INFO DAGScheduler: Parents of final stage: List()
[2026-01-29T19:36:54.855+0530] {subprocess.py:106} INFO - 26/01/29 19:36:54 INFO DAGScheduler: Missing parents: List()
[2026-01-29T19:36:54.856+0530] {subprocess.py:106} INFO - 26/01/29 19:36:54 INFO DAGScheduler: Submitting ShuffleMapStage 80 (MapPartitionsRDD[287] at showString at NativeMethodAccessorImpl.java:0), which has no missing parents
[2026-01-29T19:36:54.856+0530] {subprocess.py:106} INFO - 26/01/29 19:36:54 INFO BlockManagerInfo: Removed broadcast_97_piece0 on Aishwarya92848DBDA:38109 in memory (size: 15.2 KiB, free: 366.1 MiB)
[2026-01-29T19:36:54.857+0530] {subprocess.py:106} INFO - 26/01/29 19:36:54 INFO BlockManagerInfo: Removed broadcast_93_piece0 on Aishwarya92848DBDA:38109 in memory (size: 34.3 KiB, free: 366.1 MiB)
[2026-01-29T19:36:54.858+0530] {subprocess.py:106} INFO - 26/01/29 19:36:54 INFO MemoryStore: Block broadcast_107 stored as values in memory (estimated size 39.1 KiB, free 364.6 MiB)
[2026-01-29T19:36:54.860+0530] {subprocess.py:106} INFO - 26/01/29 19:36:54 INFO BlockManagerInfo: Removed broadcast_102_piece0 on Aishwarya92848DBDA:38109 in memory (size: 15.2 KiB, free: 366.1 MiB)
[2026-01-29T19:36:54.860+0530] {subprocess.py:106} INFO - 26/01/29 19:36:54 INFO MemoryStore: Block broadcast_107_piece0 stored as bytes in memory (estimated size 18.6 KiB, free 364.6 MiB)
[2026-01-29T19:36:54.860+0530] {subprocess.py:106} INFO - 26/01/29 19:36:54 INFO BlockManagerInfo: Added broadcast_107_piece0 in memory on Aishwarya92848DBDA:38109 (size: 18.6 KiB, free: 366.1 MiB)
[2026-01-29T19:36:54.861+0530] {subprocess.py:106} INFO - 26/01/29 19:36:54 INFO SparkContext: Created broadcast 107 from broadcast at DAGScheduler.scala:1585
[2026-01-29T19:36:54.861+0530] {subprocess.py:106} INFO - 26/01/29 19:36:54 INFO DAGScheduler: Submitting 1 missing tasks from ShuffleMapStage 80 (MapPartitionsRDD[287] at showString at NativeMethodAccessorImpl.java:0) (first 15 tasks are for partitions Vector(0))
[2026-01-29T19:36:54.861+0530] {subprocess.py:106} INFO - 26/01/29 19:36:54 INFO BlockManagerInfo: Removed broadcast_94_piece0 on Aishwarya92848DBDA:38109 in memory (size: 9.7 KiB, free: 366.1 MiB)
[2026-01-29T19:36:54.861+0530] {subprocess.py:106} INFO - 26/01/29 19:36:54 INFO TaskSchedulerImpl: Adding task set 80.0 with 1 tasks resource profile 0
[2026-01-29T19:36:54.862+0530] {subprocess.py:106} INFO - 26/01/29 19:36:54 INFO TaskSetManager: Starting task 0.0 in stage 80.0 (TID 62) (Aishwarya92848DBDA, executor driver, partition 0, NODE_LOCAL, 8230 bytes)
[2026-01-29T19:36:54.863+0530] {subprocess.py:106} INFO - 26/01/29 19:36:54 INFO BlockManagerInfo: Removed broadcast_100_piece0 on Aishwarya92848DBDA:38109 in memory (size: 5.9 KiB, free: 366.1 MiB)
[2026-01-29T19:36:54.863+0530] {subprocess.py:106} INFO - 26/01/29 19:36:54 INFO Executor: Running task 0.0 in stage 80.0 (TID 62)
[2026-01-29T19:36:54.863+0530] {subprocess.py:106} INFO - 26/01/29 19:36:54 INFO BlockManagerInfo: Removed broadcast_99_piece0 on Aishwarya92848DBDA:38109 in memory (size: 10.0 KiB, free: 366.1 MiB)
[2026-01-29T19:36:54.864+0530] {subprocess.py:106} INFO - 26/01/29 19:36:54 INFO BlockManagerInfo: Removed broadcast_91_piece0 on Aishwarya92848DBDA:38109 in memory (size: 34.3 KiB, free: 366.2 MiB)
[2026-01-29T19:36:54.865+0530] {subprocess.py:106} INFO - 26/01/29 19:36:54 INFO BlockManagerInfo: Removed broadcast_92_piece0 on Aishwarya92848DBDA:38109 in memory (size: 9.5 KiB, free: 366.2 MiB)
[2026-01-29T19:36:54.866+0530] {subprocess.py:106} INFO - 26/01/29 19:36:54 INFO BlockManagerInfo: Removed broadcast_98_piece0 on Aishwarya92848DBDA:38109 in memory (size: 34.3 KiB, free: 366.2 MiB)
[2026-01-29T19:36:54.867+0530] {subprocess.py:106} INFO - 26/01/29 19:36:54 INFO BlockManagerInfo: Removed broadcast_103_piece0 on Aishwarya92848DBDA:38109 in memory (size: 34.3 KiB, free: 366.2 MiB)
[2026-01-29T19:36:54.886+0530] {subprocess.py:106} INFO - 26/01/29 19:36:54 INFO CodeGenerator: Code generated in 19.271875 ms
[2026-01-29T19:36:54.898+0530] {subprocess.py:106} INFO - 26/01/29 19:36:54 INFO CodeGenerator: Code generated in 6.378578 ms
[2026-01-29T19:36:54.905+0530] {subprocess.py:106} INFO - 26/01/29 19:36:54 INFO CodeGenerator: Code generated in 3.757888 ms
[2026-01-29T19:36:54.915+0530] {subprocess.py:106} INFO - 26/01/29 19:36:54 INFO CodeGenerator: Code generated in 4.476485 ms
[2026-01-29T19:36:54.924+0530] {subprocess.py:106} INFO - 26/01/29 19:36:54 INFO FileScanRDD: Reading File path: hdfs://localhost:9000/weather/data/raw_data/weather_dataset.csv, range: 0-1642, partition values: [empty row]
[2026-01-29T19:36:54.946+0530] {subprocess.py:106} INFO - 26/01/29 19:36:54 INFO Executor: Finished task 0.0 in stage 80.0 (TID 62). 2728 bytes result sent to driver
[2026-01-29T19:36:54.947+0530] {subprocess.py:106} INFO - 26/01/29 19:36:54 INFO TaskSetManager: Finished task 0.0 in stage 80.0 (TID 62) in 86 ms on Aishwarya92848DBDA (executor driver) (1/1)
[2026-01-29T19:36:54.948+0530] {subprocess.py:106} INFO - 26/01/29 19:36:54 INFO TaskSchedulerImpl: Removed TaskSet 80.0, whose tasks have all completed, from pool
[2026-01-29T19:36:54.948+0530] {subprocess.py:106} INFO - 26/01/29 19:36:54 INFO DAGScheduler: ShuffleMapStage 80 (showString at NativeMethodAccessorImpl.java:0) finished in 0.092 s
[2026-01-29T19:36:54.948+0530] {subprocess.py:106} INFO - 26/01/29 19:36:54 INFO DAGScheduler: looking for newly runnable stages
[2026-01-29T19:36:54.948+0530] {subprocess.py:106} INFO - 26/01/29 19:36:54 INFO DAGScheduler: running: Set()
[2026-01-29T19:36:54.948+0530] {subprocess.py:106} INFO - 26/01/29 19:36:54 INFO DAGScheduler: waiting: Set()
[2026-01-29T19:36:54.948+0530] {subprocess.py:106} INFO - 26/01/29 19:36:54 INFO DAGScheduler: failed: Set()
[2026-01-29T19:36:54.980+0530] {subprocess.py:106} INFO - 26/01/29 19:36:54 INFO ShufflePartitionsUtil: For shuffle(18), advisory target size: 67108864, actual target size 1048576, minimum partition size: 1048576
[2026-01-29T19:36:55.010+0530] {subprocess.py:106} INFO - 26/01/29 19:36:55 INFO CodeGenerator: Code generated in 10.481036 ms
[2026-01-29T19:36:55.012+0530] {subprocess.py:106} INFO - 26/01/29 19:36:55 INFO HashAggregateExec: spark.sql.codegen.aggregate.map.twolevel.enabled is set to true, but current version of codegened fast hashmap does not support this aggregate.
[2026-01-29T19:36:55.027+0530] {subprocess.py:106} INFO - 26/01/29 19:36:55 INFO CodeGenerator: Code generated in 9.653801 ms
[2026-01-29T19:36:55.054+0530] {subprocess.py:106} INFO - 26/01/29 19:36:55 INFO SparkContext: Starting job: showString at NativeMethodAccessorImpl.java:0
[2026-01-29T19:36:55.054+0530] {subprocess.py:106} INFO - 26/01/29 19:36:55 INFO DAGScheduler: Got job 63 (showString at NativeMethodAccessorImpl.java:0) with 1 output partitions
[2026-01-29T19:36:55.055+0530] {subprocess.py:106} INFO - 26/01/29 19:36:55 INFO DAGScheduler: Final stage: ResultStage 82 (showString at NativeMethodAccessorImpl.java:0)
[2026-01-29T19:36:55.055+0530] {subprocess.py:106} INFO - 26/01/29 19:36:55 INFO DAGScheduler: Parents of final stage: List(ShuffleMapStage 81)
[2026-01-29T19:36:55.055+0530] {subprocess.py:106} INFO - 26/01/29 19:36:55 INFO DAGScheduler: Missing parents: List()
[2026-01-29T19:36:55.055+0530] {subprocess.py:106} INFO - 26/01/29 19:36:55 INFO DAGScheduler: Submitting ResultStage 82 (MapPartitionsRDD[291] at showString at NativeMethodAccessorImpl.java:0), which has no missing parents
[2026-01-29T19:36:55.060+0530] {subprocess.py:106} INFO - 26/01/29 19:36:55 INFO MemoryStore: Block broadcast_108 stored as values in memory (estimated size 42.4 KiB, free 365.8 MiB)
[2026-01-29T19:36:55.061+0530] {subprocess.py:106} INFO - 26/01/29 19:36:55 INFO MemoryStore: Block broadcast_108_piece0 stored as bytes in memory (estimated size 20.1 KiB, free 365.8 MiB)
[2026-01-29T19:36:55.061+0530] {subprocess.py:106} INFO - 26/01/29 19:36:55 INFO BlockManagerInfo: Added broadcast_108_piece0 in memory on Aishwarya92848DBDA:38109 (size: 20.1 KiB, free: 366.2 MiB)
[2026-01-29T19:36:55.062+0530] {subprocess.py:106} INFO - 26/01/29 19:36:55 INFO SparkContext: Created broadcast 108 from broadcast at DAGScheduler.scala:1585
[2026-01-29T19:36:55.062+0530] {subprocess.py:106} INFO - 26/01/29 19:36:55 INFO DAGScheduler: Submitting 1 missing tasks from ResultStage 82 (MapPartitionsRDD[291] at showString at NativeMethodAccessorImpl.java:0) (first 15 tasks are for partitions Vector(0))
[2026-01-29T19:36:55.063+0530] {subprocess.py:106} INFO - 26/01/29 19:36:55 INFO TaskSchedulerImpl: Adding task set 82.0 with 1 tasks resource profile 0
[2026-01-29T19:36:55.064+0530] {subprocess.py:106} INFO - 26/01/29 19:36:55 INFO TaskSetManager: Starting task 0.0 in stage 82.0 (TID 63) (Aishwarya92848DBDA, executor driver, partition 0, NODE_LOCAL, 7615 bytes)
[2026-01-29T19:36:55.064+0530] {subprocess.py:106} INFO - 26/01/29 19:36:55 INFO Executor: Running task 0.0 in stage 82.0 (TID 63)
[2026-01-29T19:36:55.078+0530] {subprocess.py:106} INFO - 26/01/29 19:36:55 INFO CodeGenerator: Code generated in 5.021548 ms
[2026-01-29T19:36:55.083+0530] {subprocess.py:106} INFO - 26/01/29 19:36:55 INFO ShuffleBlockFetcherIterator: Getting 1 (760.0 B) non-empty blocks including 1 (760.0 B) local and 0 (0.0 B) host-local and 0 (0.0 B) push-merged-local and 0 (0.0 B) remote blocks
[2026-01-29T19:36:55.083+0530] {subprocess.py:106} INFO - 26/01/29 19:36:55 INFO ShuffleBlockFetcherIterator: Started 0 remote fetches in 1 ms
[2026-01-29T19:36:55.092+0530] {subprocess.py:106} INFO - 26/01/29 19:36:55 INFO CodeGenerator: Code generated in 8.628728 ms
[2026-01-29T19:36:55.107+0530] {subprocess.py:106} INFO - 26/01/29 19:36:55 INFO Executor: Finished task 0.0 in stage 82.0 (TID 63). 5632 bytes result sent to driver
[2026-01-29T19:36:55.108+0530] {subprocess.py:106} INFO - 26/01/29 19:36:55 INFO TaskSetManager: Finished task 0.0 in stage 82.0 (TID 63) in 45 ms on Aishwarya92848DBDA (executor driver) (1/1)
[2026-01-29T19:36:55.108+0530] {subprocess.py:106} INFO - 26/01/29 19:36:55 INFO TaskSchedulerImpl: Removed TaskSet 82.0, whose tasks have all completed, from pool
[2026-01-29T19:36:55.109+0530] {subprocess.py:106} INFO - 26/01/29 19:36:55 INFO DAGScheduler: ResultStage 82 (showString at NativeMethodAccessorImpl.java:0) finished in 0.050 s
[2026-01-29T19:36:55.109+0530] {subprocess.py:106} INFO - 26/01/29 19:36:55 INFO DAGScheduler: Job 63 is finished. Cancelling potential speculative or zombie tasks for this job
[2026-01-29T19:36:55.109+0530] {subprocess.py:106} INFO - 26/01/29 19:36:55 INFO TaskSchedulerImpl: Killing all running tasks in stage 82: Stage finished
[2026-01-29T19:36:55.109+0530] {subprocess.py:106} INFO - 26/01/29 19:36:55 INFO DAGScheduler: Job 63 finished: showString at NativeMethodAccessorImpl.java:0, took 0.055165 s
[2026-01-29T19:36:55.117+0530] {subprocess.py:106} INFO - 26/01/29 19:36:55 INFO CodeGenerator: Code generated in 6.425006 ms
[2026-01-29T19:36:55.125+0530] {subprocess.py:106} INFO - 26/01/29 19:36:55 INFO CodeGenerator: Code generated in 5.396877 ms
[2026-01-29T19:36:55.128+0530] {subprocess.py:106} INFO - +---------+-----+
[2026-01-29T19:36:55.129+0530] {subprocess.py:106} INFO - |     city|count|
[2026-01-29T19:36:55.129+0530] {subprocess.py:106} INFO - +---------+-----+
[2026-01-29T19:36:55.129+0530] {subprocess.py:106} INFO - |Bangalore|    2|
[2026-01-29T19:36:55.129+0530] {subprocess.py:106} INFO - |  Lucknow|    2|
[2026-01-29T19:36:55.130+0530] {subprocess.py:106} INFO - |  Chennai|    2|
[2026-01-29T19:36:55.130+0530] {subprocess.py:106} INFO - |   Mumbai|    2|
[2026-01-29T19:36:55.130+0530] {subprocess.py:106} INFO - |Ahmedabad|    2|
[2026-01-29T19:36:55.130+0530] {subprocess.py:106} INFO - |  Kolkata|    2|
[2026-01-29T19:36:55.130+0530] {subprocess.py:106} INFO - |     Pune|    2|
[2026-01-29T19:36:55.130+0530] {subprocess.py:106} INFO - |    Delhi|    2|
[2026-01-29T19:36:55.130+0530] {subprocess.py:106} INFO - |Hyderabad|    2|
[2026-01-29T19:36:55.130+0530] {subprocess.py:106} INFO - |   Jaipur|    2|
[2026-01-29T19:36:55.131+0530] {subprocess.py:106} INFO - |     city|    1|
[2026-01-29T19:36:55.131+0530] {subprocess.py:106} INFO - +---------+-----+
[2026-01-29T19:36:55.131+0530] {subprocess.py:106} INFO - 
[2026-01-29T19:36:55.293+0530] {subprocess.py:106} INFO - 26/01/29 19:36:55 INFO FileSourceStrategy: Pushed Filters:
[2026-01-29T19:36:55.294+0530] {subprocess.py:106} INFO - 26/01/29 19:36:55 INFO FileSourceStrategy: Post-Scan Filters:
[2026-01-29T19:36:55.319+0530] {subprocess.py:106} INFO - 26/01/29 19:36:55 INFO CodeGenerator: Code generated in 7.257371 ms
[2026-01-29T19:36:55.320+0530] {subprocess.py:106} INFO - 26/01/29 19:36:55 INFO MemoryStore: Block broadcast_109 stored as values in memory (estimated size 350.2 KiB, free 365.5 MiB)
[2026-01-29T19:36:55.326+0530] {subprocess.py:106} INFO - 26/01/29 19:36:55 INFO MemoryStore: Block broadcast_109_piece0 stored as bytes in memory (estimated size 34.3 KiB, free 365.4 MiB)
[2026-01-29T19:36:55.326+0530] {subprocess.py:106} INFO - 26/01/29 19:36:55 INFO BlockManagerInfo: Added broadcast_109_piece0 in memory on Aishwarya92848DBDA:38109 (size: 34.3 KiB, free: 366.2 MiB)
[2026-01-29T19:36:55.327+0530] {subprocess.py:106} INFO - 26/01/29 19:36:55 INFO SparkContext: Created broadcast 109 from showString at NativeMethodAccessorImpl.java:0
[2026-01-29T19:36:55.327+0530] {subprocess.py:106} INFO - 26/01/29 19:36:55 INFO FileSourceScanExec: Planning scan with bin packing, max size: 4194304 bytes, open cost is considered as scanning 4194304 bytes.
[2026-01-29T19:36:55.330+0530] {subprocess.py:106} INFO - 26/01/29 19:36:55 INFO DAGScheduler: Registering RDD 295 (showString at NativeMethodAccessorImpl.java:0) as input to shuffle 19
[2026-01-29T19:36:55.331+0530] {subprocess.py:106} INFO - 26/01/29 19:36:55 INFO DAGScheduler: Got map stage job 64 (showString at NativeMethodAccessorImpl.java:0) with 1 output partitions
[2026-01-29T19:36:55.331+0530] {subprocess.py:106} INFO - 26/01/29 19:36:55 INFO DAGScheduler: Final stage: ShuffleMapStage 83 (showString at NativeMethodAccessorImpl.java:0)
[2026-01-29T19:36:55.332+0530] {subprocess.py:106} INFO - 26/01/29 19:36:55 INFO DAGScheduler: Parents of final stage: List()
[2026-01-29T19:36:55.332+0530] {subprocess.py:106} INFO - 26/01/29 19:36:55 INFO DAGScheduler: Missing parents: List()
[2026-01-29T19:36:55.332+0530] {subprocess.py:106} INFO - 26/01/29 19:36:55 INFO DAGScheduler: Submitting ShuffleMapStage 83 (MapPartitionsRDD[295] at showString at NativeMethodAccessorImpl.java:0), which has no missing parents
[2026-01-29T19:36:55.333+0530] {subprocess.py:106} INFO - 26/01/29 19:36:55 INFO MemoryStore: Block broadcast_110 stored as values in memory (estimated size 20.8 KiB, free 365.4 MiB)
[2026-01-29T19:36:55.334+0530] {subprocess.py:106} INFO - 26/01/29 19:36:55 INFO MemoryStore: Block broadcast_110_piece0 stored as bytes in memory (estimated size 9.7 KiB, free 365.4 MiB)
[2026-01-29T19:36:55.335+0530] {subprocess.py:106} INFO - 26/01/29 19:36:55 INFO BlockManagerInfo: Added broadcast_110_piece0 in memory on Aishwarya92848DBDA:38109 (size: 9.7 KiB, free: 366.2 MiB)
[2026-01-29T19:36:55.335+0530] {subprocess.py:106} INFO - 26/01/29 19:36:55 INFO SparkContext: Created broadcast 110 from broadcast at DAGScheduler.scala:1585
[2026-01-29T19:36:55.335+0530] {subprocess.py:106} INFO - 26/01/29 19:36:55 INFO DAGScheduler: Submitting 1 missing tasks from ShuffleMapStage 83 (MapPartitionsRDD[295] at showString at NativeMethodAccessorImpl.java:0) (first 15 tasks are for partitions Vector(0))
[2026-01-29T19:36:55.335+0530] {subprocess.py:106} INFO - 26/01/29 19:36:55 INFO TaskSchedulerImpl: Adding task set 83.0 with 1 tasks resource profile 0
[2026-01-29T19:36:55.336+0530] {subprocess.py:106} INFO - 26/01/29 19:36:55 INFO TaskSetManager: Starting task 0.0 in stage 83.0 (TID 64) (Aishwarya92848DBDA, executor driver, partition 0, NODE_LOCAL, 8230 bytes)
[2026-01-29T19:36:55.337+0530] {subprocess.py:106} INFO - 26/01/29 19:36:55 INFO Executor: Running task 0.0 in stage 83.0 (TID 64)
[2026-01-29T19:36:55.346+0530] {subprocess.py:106} INFO - 26/01/29 19:36:55 INFO CodeGenerator: Code generated in 7.379304 ms
[2026-01-29T19:36:55.348+0530] {subprocess.py:106} INFO - 26/01/29 19:36:55 INFO FileScanRDD: Reading File path: hdfs://localhost:9000/weather/data/raw_data/weather_dataset.csv, range: 0-1642, partition values: [empty row]
[2026-01-29T19:36:55.365+0530] {subprocess.py:106} INFO - 26/01/29 19:36:55 INFO Executor: Finished task 0.0 in stage 83.0 (TID 64). 1995 bytes result sent to driver
[2026-01-29T19:36:55.366+0530] {subprocess.py:106} INFO - 26/01/29 19:36:55 INFO TaskSetManager: Finished task 0.0 in stage 83.0 (TID 64) in 30 ms on Aishwarya92848DBDA (executor driver) (1/1)
[2026-01-29T19:36:55.366+0530] {subprocess.py:106} INFO - 26/01/29 19:36:55 INFO TaskSchedulerImpl: Removed TaskSet 83.0, whose tasks have all completed, from pool
[2026-01-29T19:36:55.366+0530] {subprocess.py:106} INFO - 26/01/29 19:36:55 INFO DAGScheduler: ShuffleMapStage 83 (showString at NativeMethodAccessorImpl.java:0) finished in 0.035 s
[2026-01-29T19:36:55.367+0530] {subprocess.py:106} INFO - 26/01/29 19:36:55 INFO DAGScheduler: looking for newly runnable stages
[2026-01-29T19:36:55.367+0530] {subprocess.py:106} INFO - 26/01/29 19:36:55 INFO DAGScheduler: running: Set()
[2026-01-29T19:36:55.367+0530] {subprocess.py:106} INFO - 26/01/29 19:36:55 INFO DAGScheduler: waiting: Set()
[2026-01-29T19:36:55.367+0530] {subprocess.py:106} INFO - 26/01/29 19:36:55 INFO DAGScheduler: failed: Set()
[2026-01-29T19:36:55.371+0530] {subprocess.py:106} INFO - 26/01/29 19:36:55 INFO ShufflePartitionsUtil: For shuffle(19), advisory target size: 67108864, actual target size 1048576, minimum partition size: 1048576
[2026-01-29T19:36:55.387+0530] {subprocess.py:106} INFO - 26/01/29 19:36:55 INFO CodeGenerator: Code generated in 7.458086 ms
[2026-01-29T19:36:55.405+0530] {subprocess.py:106} INFO - 26/01/29 19:36:55 INFO CodeGenerator: Code generated in 7.503633 ms
[2026-01-29T19:36:55.429+0530] {subprocess.py:106} INFO - 26/01/29 19:36:55 INFO SparkContext: Starting job: showString at NativeMethodAccessorImpl.java:0
[2026-01-29T19:36:55.430+0530] {subprocess.py:106} INFO - 26/01/29 19:36:55 INFO DAGScheduler: Got job 65 (showString at NativeMethodAccessorImpl.java:0) with 1 output partitions
[2026-01-29T19:36:55.430+0530] {subprocess.py:106} INFO - 26/01/29 19:36:55 INFO DAGScheduler: Final stage: ResultStage 85 (showString at NativeMethodAccessorImpl.java:0)
[2026-01-29T19:36:55.430+0530] {subprocess.py:106} INFO - 26/01/29 19:36:55 INFO DAGScheduler: Parents of final stage: List(ShuffleMapStage 84)
[2026-01-29T19:36:55.431+0530] {subprocess.py:106} INFO - 26/01/29 19:36:55 INFO DAGScheduler: Missing parents: List()
[2026-01-29T19:36:55.431+0530] {subprocess.py:106} INFO - 26/01/29 19:36:55 INFO DAGScheduler: Submitting ResultStage 85 (MapPartitionsRDD[300] at showString at NativeMethodAccessorImpl.java:0), which has no missing parents
[2026-01-29T19:36:55.434+0530] {subprocess.py:106} INFO - 26/01/29 19:36:55 INFO MemoryStore: Block broadcast_111 stored as values in memory (estimated size 46.7 KiB, free 365.4 MiB)
[2026-01-29T19:36:55.435+0530] {subprocess.py:106} INFO - 26/01/29 19:36:55 INFO MemoryStore: Block broadcast_111_piece0 stored as bytes in memory (estimated size 21.2 KiB, free 365.3 MiB)
[2026-01-29T19:36:55.436+0530] {subprocess.py:106} INFO - 26/01/29 19:36:55 INFO BlockManagerInfo: Added broadcast_111_piece0 in memory on Aishwarya92848DBDA:38109 (size: 21.2 KiB, free: 366.2 MiB)
[2026-01-29T19:36:55.436+0530] {subprocess.py:106} INFO - 26/01/29 19:36:55 INFO SparkContext: Created broadcast 111 from broadcast at DAGScheduler.scala:1585
[2026-01-29T19:36:55.436+0530] {subprocess.py:106} INFO - 26/01/29 19:36:55 INFO DAGScheduler: Submitting 1 missing tasks from ResultStage 85 (MapPartitionsRDD[300] at showString at NativeMethodAccessorImpl.java:0) (first 15 tasks are for partitions Vector(0))
[2026-01-29T19:36:55.437+0530] {subprocess.py:106} INFO - 26/01/29 19:36:55 INFO TaskSchedulerImpl: Adding task set 85.0 with 1 tasks resource profile 0
[2026-01-29T19:36:55.437+0530] {subprocess.py:106} INFO - 26/01/29 19:36:55 INFO TaskSetManager: Starting task 0.0 in stage 85.0 (TID 65) (Aishwarya92848DBDA, executor driver, partition 0, NODE_LOCAL, 7615 bytes)
[2026-01-29T19:36:55.438+0530] {subprocess.py:106} INFO - 26/01/29 19:36:55 INFO Executor: Running task 0.0 in stage 85.0 (TID 65)
[2026-01-29T19:36:55.457+0530] {subprocess.py:106} INFO - 26/01/29 19:36:55 INFO ShuffleBlockFetcherIterator: Getting 1 (1073.0 B) non-empty blocks including 1 (1073.0 B) local and 0 (0.0 B) host-local and 0 (0.0 B) push-merged-local and 0 (0.0 B) remote blocks
[2026-01-29T19:36:55.457+0530] {subprocess.py:106} INFO - 26/01/29 19:36:55 INFO ShuffleBlockFetcherIterator: Started 0 remote fetches in 0 ms
[2026-01-29T19:36:55.464+0530] {subprocess.py:106} INFO - 26/01/29 19:36:55 INFO CodeGenerator: Code generated in 6.436989 ms
[2026-01-29T19:36:55.470+0530] {subprocess.py:106} INFO - 26/01/29 19:36:55 INFO CodeGenerator: Code generated in 4.225824 ms
[2026-01-29T19:36:55.482+0530] {subprocess.py:106} INFO - 26/01/29 19:36:55 INFO CodeGenerator: Code generated in 5.801222 ms
[2026-01-29T19:36:55.498+0530] {subprocess.py:106} INFO - 26/01/29 19:36:55 INFO CodeGenerator: Code generated in 5.833263 ms
[2026-01-29T19:36:55.518+0530] {subprocess.py:106} INFO - 26/01/29 19:36:55 INFO CodeGenerator: Code generated in 4.105324 ms
[2026-01-29T19:36:55.524+0530] {subprocess.py:106} INFO - 26/01/29 19:36:55 INFO CodeGenerator: Code generated in 3.981747 ms
[2026-01-29T19:36:55.532+0530] {subprocess.py:106} INFO - 26/01/29 19:36:55 INFO CodeGenerator: Code generated in 4.638725 ms
[2026-01-29T19:36:55.545+0530] {subprocess.py:106} INFO - 26/01/29 19:36:55 INFO CodeGenerator: Code generated in 3.424289 ms
[2026-01-29T19:36:55.555+0530] {subprocess.py:106} INFO - 26/01/29 19:36:55 INFO CodeGenerator: Code generated in 5.087866 ms
[2026-01-29T19:36:55.562+0530] {subprocess.py:106} INFO - 26/01/29 19:36:55 INFO CodeGenerator: Code generated in 4.772621 ms
[2026-01-29T19:36:55.568+0530] {subprocess.py:106} INFO - 26/01/29 19:36:55 INFO CodeGenerator: Code generated in 3.427926 ms
[2026-01-29T19:36:55.573+0530] {subprocess.py:106} INFO - 26/01/29 19:36:55 INFO CodeGenerator: Code generated in 3.541303 ms
[2026-01-29T19:36:55.583+0530] {subprocess.py:106} INFO - 26/01/29 19:36:55 INFO CodeGenerator: Code generated in 7.605007 ms
[2026-01-29T19:36:55.589+0530] {subprocess.py:106} INFO - 26/01/29 19:36:55 INFO Executor: Finished task 0.0 in stage 85.0 (TID 65). 4851 bytes result sent to driver
[2026-01-29T19:36:55.590+0530] {subprocess.py:106} INFO - 26/01/29 19:36:55 INFO TaskSetManager: Finished task 0.0 in stage 85.0 (TID 65) in 153 ms on Aishwarya92848DBDA (executor driver) (1/1)
[2026-01-29T19:36:55.590+0530] {subprocess.py:106} INFO - 26/01/29 19:36:55 INFO TaskSchedulerImpl: Removed TaskSet 85.0, whose tasks have all completed, from pool
[2026-01-29T19:36:55.591+0530] {subprocess.py:106} INFO - 26/01/29 19:36:55 INFO DAGScheduler: ResultStage 85 (showString at NativeMethodAccessorImpl.java:0) finished in 0.158 s
[2026-01-29T19:36:55.591+0530] {subprocess.py:106} INFO - 26/01/29 19:36:55 INFO DAGScheduler: Job 65 is finished. Cancelling potential speculative or zombie tasks for this job
[2026-01-29T19:36:55.591+0530] {subprocess.py:106} INFO - 26/01/29 19:36:55 INFO TaskSchedulerImpl: Killing all running tasks in stage 85: Stage finished
[2026-01-29T19:36:55.591+0530] {subprocess.py:106} INFO - 26/01/29 19:36:55 INFO DAGScheduler: Job 65 finished: showString at NativeMethodAccessorImpl.java:0, took 0.161923 s
[2026-01-29T19:36:55.599+0530] {subprocess.py:106} INFO - 26/01/29 19:36:55 INFO CodeGenerator: Code generated in 5.462513 ms
[2026-01-29T19:36:55.602+0530] {subprocess.py:106} INFO - +---------+----------+------------------+----------+----------+--------------+---+-----+-----------+
[2026-01-29T19:36:55.602+0530] {subprocess.py:106} INFO - |     city|      date|temperature_2m_max|temp_lag_1|temp_lag_2|temp_rolling_3|day|month|day_of_week|
[2026-01-29T19:36:55.602+0530] {subprocess.py:106} INFO - +---------+----------+------------------+----------+----------+--------------+---+-----+-----------+
[2026-01-29T19:36:55.603+0530] {subprocess.py:106} INFO - |Ahmedabad|2026-01-29|              26.9|      NULL|      NULL|          26.9| 29|    1|          5|
[2026-01-29T19:36:55.603+0530] {subprocess.py:106} INFO - |Ahmedabad|2026-01-29|              26.9|      26.9|      NULL|          26.9| 29|    1|          5|
[2026-01-29T19:36:55.603+0530] {subprocess.py:106} INFO - |Bangalore|2026-01-29|              27.5|      NULL|      NULL|          27.5| 29|    1|          5|
[2026-01-29T19:36:55.603+0530] {subprocess.py:106} INFO - |Bangalore|2026-01-29|              27.5|      27.5|      NULL|          27.5| 29|    1|          5|
[2026-01-29T19:36:55.603+0530] {subprocess.py:106} INFO - |  Chennai|2026-01-29|              28.7|      NULL|      NULL|          28.7| 29|    1|          5|
[2026-01-29T19:36:55.603+0530] {subprocess.py:106} INFO - +---------+----------+------------------+----------+----------+--------------+---+-----+-----------+
[2026-01-29T19:36:55.603+0530] {subprocess.py:106} INFO - only showing top 5 rows
[2026-01-29T19:36:55.604+0530] {subprocess.py:106} INFO - 
[2026-01-29T19:36:55.760+0530] {subprocess.py:106} INFO - 26/01/29 19:36:55 INFO FileSourceStrategy: Pushed Filters:
[2026-01-29T19:36:55.760+0530] {subprocess.py:106} INFO - 26/01/29 19:36:55 INFO FileSourceStrategy: Post-Scan Filters:
[2026-01-29T19:36:55.797+0530] {subprocess.py:106} INFO - 26/01/29 19:36:55 INFO CodeGenerator: Code generated in 10.501465 ms
[2026-01-29T19:36:55.798+0530] {subprocess.py:106} INFO - 26/01/29 19:36:55 INFO MemoryStore: Block broadcast_112 stored as values in memory (estimated size 350.2 KiB, free 365.0 MiB)
[2026-01-29T19:36:55.804+0530] {subprocess.py:106} INFO - 26/01/29 19:36:55 INFO MemoryStore: Block broadcast_112_piece0 stored as bytes in memory (estimated size 34.3 KiB, free 365.0 MiB)
[2026-01-29T19:36:55.804+0530] {subprocess.py:106} INFO - 26/01/29 19:36:55 INFO BlockManagerInfo: Added broadcast_112_piece0 in memory on Aishwarya92848DBDA:38109 (size: 34.3 KiB, free: 366.1 MiB)
[2026-01-29T19:36:55.805+0530] {subprocess.py:106} INFO - 26/01/29 19:36:55 INFO SparkContext: Created broadcast 112 from showString at NativeMethodAccessorImpl.java:0
[2026-01-29T19:36:55.806+0530] {subprocess.py:106} INFO - 26/01/29 19:36:55 INFO FileSourceScanExec: Planning scan with bin packing, max size: 4194304 bytes, open cost is considered as scanning 4194304 bytes.
[2026-01-29T19:36:55.808+0530] {subprocess.py:106} INFO - 26/01/29 19:36:55 INFO DAGScheduler: Registering RDD 304 (showString at NativeMethodAccessorImpl.java:0) as input to shuffle 20
[2026-01-29T19:36:55.809+0530] {subprocess.py:106} INFO - 26/01/29 19:36:55 INFO DAGScheduler: Got map stage job 66 (showString at NativeMethodAccessorImpl.java:0) with 1 output partitions
[2026-01-29T19:36:55.809+0530] {subprocess.py:106} INFO - 26/01/29 19:36:55 INFO DAGScheduler: Final stage: ShuffleMapStage 86 (showString at NativeMethodAccessorImpl.java:0)
[2026-01-29T19:36:55.809+0530] {subprocess.py:106} INFO - 26/01/29 19:36:55 INFO DAGScheduler: Parents of final stage: List()
[2026-01-29T19:36:55.810+0530] {subprocess.py:106} INFO - 26/01/29 19:36:55 INFO DAGScheduler: Missing parents: List()
[2026-01-29T19:36:55.810+0530] {subprocess.py:106} INFO - 26/01/29 19:36:55 INFO DAGScheduler: Submitting ShuffleMapStage 86 (MapPartitionsRDD[304] at showString at NativeMethodAccessorImpl.java:0), which has no missing parents
[2026-01-29T19:36:55.811+0530] {subprocess.py:106} INFO - 26/01/29 19:36:55 INFO MemoryStore: Block broadcast_113 stored as values in memory (estimated size 28.9 KiB, free 364.9 MiB)
[2026-01-29T19:36:55.813+0530] {subprocess.py:106} INFO - 26/01/29 19:36:55 INFO MemoryStore: Block broadcast_113_piece0 stored as bytes in memory (estimated size 11.1 KiB, free 364.9 MiB)
[2026-01-29T19:36:55.814+0530] {subprocess.py:106} INFO - 26/01/29 19:36:55 INFO BlockManagerInfo: Added broadcast_113_piece0 in memory on Aishwarya92848DBDA:38109 (size: 11.1 KiB, free: 366.1 MiB)
[2026-01-29T19:36:55.814+0530] {subprocess.py:106} INFO - 26/01/29 19:36:55 INFO SparkContext: Created broadcast 113 from broadcast at DAGScheduler.scala:1585
[2026-01-29T19:36:55.814+0530] {subprocess.py:106} INFO - 26/01/29 19:36:55 INFO DAGScheduler: Submitting 1 missing tasks from ShuffleMapStage 86 (MapPartitionsRDD[304] at showString at NativeMethodAccessorImpl.java:0) (first 15 tasks are for partitions Vector(0))
[2026-01-29T19:36:55.814+0530] {subprocess.py:106} INFO - 26/01/29 19:36:55 INFO TaskSchedulerImpl: Adding task set 86.0 with 1 tasks resource profile 0
[2026-01-29T19:36:55.815+0530] {subprocess.py:106} INFO - 26/01/29 19:36:55 INFO TaskSetManager: Starting task 0.0 in stage 86.0 (TID 66) (Aishwarya92848DBDA, executor driver, partition 0, NODE_LOCAL, 8230 bytes)
[2026-01-29T19:36:55.815+0530] {subprocess.py:106} INFO - 26/01/29 19:36:55 INFO Executor: Running task 0.0 in stage 86.0 (TID 66)
[2026-01-29T19:36:55.829+0530] {subprocess.py:106} INFO - 26/01/29 19:36:55 INFO CodeGenerator: Code generated in 11.553069 ms
[2026-01-29T19:36:55.832+0530] {subprocess.py:106} INFO - 26/01/29 19:36:55 INFO FileScanRDD: Reading File path: hdfs://localhost:9000/weather/data/raw_data/weather_dataset.csv, range: 0-1642, partition values: [empty row]
[2026-01-29T19:36:55.838+0530] {subprocess.py:106} INFO - 26/01/29 19:36:55 INFO CodeGenerator: Code generated in 5.194319 ms
[2026-01-29T19:36:55.854+0530] {subprocess.py:106} INFO - 26/01/29 19:36:55 INFO Executor: Finished task 0.0 in stage 86.0 (TID 66). 1995 bytes result sent to driver
[2026-01-29T19:36:55.855+0530] {subprocess.py:106} INFO - 26/01/29 19:36:55 INFO TaskSetManager: Finished task 0.0 in stage 86.0 (TID 66) in 40 ms on Aishwarya92848DBDA (executor driver) (1/1)
[2026-01-29T19:36:55.856+0530] {subprocess.py:106} INFO - 26/01/29 19:36:55 INFO TaskSchedulerImpl: Removed TaskSet 86.0, whose tasks have all completed, from pool
[2026-01-29T19:36:55.856+0530] {subprocess.py:106} INFO - 26/01/29 19:36:55 INFO DAGScheduler: ShuffleMapStage 86 (showString at NativeMethodAccessorImpl.java:0) finished in 0.046 s
[2026-01-29T19:36:55.856+0530] {subprocess.py:106} INFO - 26/01/29 19:36:55 INFO DAGScheduler: looking for newly runnable stages
[2026-01-29T19:36:55.856+0530] {subprocess.py:106} INFO - 26/01/29 19:36:55 INFO DAGScheduler: running: Set()
[2026-01-29T19:36:55.856+0530] {subprocess.py:106} INFO - 26/01/29 19:36:55 INFO DAGScheduler: waiting: Set()
[2026-01-29T19:36:55.856+0530] {subprocess.py:106} INFO - 26/01/29 19:36:55 INFO DAGScheduler: failed: Set()
[2026-01-29T19:36:55.863+0530] {subprocess.py:106} INFO - 26/01/29 19:36:55 INFO ShufflePartitionsUtil: For shuffle(20), advisory target size: 67108864, actual target size 1048576, minimum partition size: 1048576
[2026-01-29T19:36:55.898+0530] {subprocess.py:106} INFO - 26/01/29 19:36:55 INFO CodeGenerator: Code generated in 10.278758 ms
[2026-01-29T19:36:55.913+0530] {subprocess.py:106} INFO - 26/01/29 19:36:55 INFO DAGScheduler: Registering RDD 309 (showString at NativeMethodAccessorImpl.java:0) as input to shuffle 21
[2026-01-29T19:36:55.914+0530] {subprocess.py:106} INFO - 26/01/29 19:36:55 INFO DAGScheduler: Got map stage job 67 (showString at NativeMethodAccessorImpl.java:0) with 1 output partitions
[2026-01-29T19:36:55.914+0530] {subprocess.py:106} INFO - 26/01/29 19:36:55 INFO DAGScheduler: Final stage: ShuffleMapStage 88 (showString at NativeMethodAccessorImpl.java:0)
[2026-01-29T19:36:55.914+0530] {subprocess.py:106} INFO - 26/01/29 19:36:55 INFO DAGScheduler: Parents of final stage: List(ShuffleMapStage 87)
[2026-01-29T19:36:55.915+0530] {subprocess.py:106} INFO - 26/01/29 19:36:55 INFO DAGScheduler: Missing parents: List()
[2026-01-29T19:36:55.915+0530] {subprocess.py:106} INFO - 26/01/29 19:36:55 INFO DAGScheduler: Submitting ShuffleMapStage 88 (MapPartitionsRDD[309] at showString at NativeMethodAccessorImpl.java:0), which has no missing parents
[2026-01-29T19:36:55.918+0530] {subprocess.py:106} INFO - 26/01/29 19:36:55 INFO MemoryStore: Block broadcast_114 stored as values in memory (estimated size 61.8 KiB, free 364.9 MiB)
[2026-01-29T19:36:55.919+0530] {subprocess.py:106} INFO - 26/01/29 19:36:55 INFO MemoryStore: Block broadcast_114_piece0 stored as bytes in memory (estimated size 25.3 KiB, free 364.8 MiB)
[2026-01-29T19:36:55.919+0530] {subprocess.py:106} INFO - 26/01/29 19:36:55 INFO BlockManagerInfo: Added broadcast_114_piece0 in memory on Aishwarya92848DBDA:38109 (size: 25.3 KiB, free: 366.1 MiB)
[2026-01-29T19:36:55.920+0530] {subprocess.py:106} INFO - 26/01/29 19:36:55 INFO SparkContext: Created broadcast 114 from broadcast at DAGScheduler.scala:1585
[2026-01-29T19:36:55.920+0530] {subprocess.py:106} INFO - 26/01/29 19:36:55 INFO DAGScheduler: Submitting 1 missing tasks from ShuffleMapStage 88 (MapPartitionsRDD[309] at showString at NativeMethodAccessorImpl.java:0) (first 15 tasks are for partitions Vector(0))
[2026-01-29T19:36:55.920+0530] {subprocess.py:106} INFO - 26/01/29 19:36:55 INFO TaskSchedulerImpl: Adding task set 88.0 with 1 tasks resource profile 0
[2026-01-29T19:36:55.921+0530] {subprocess.py:106} INFO - 26/01/29 19:36:55 INFO TaskSetManager: Starting task 0.0 in stage 88.0 (TID 67) (Aishwarya92848DBDA, executor driver, partition 0, NODE_LOCAL, 7604 bytes)
[2026-01-29T19:36:55.921+0530] {subprocess.py:106} INFO - 26/01/29 19:36:55 INFO Executor: Running task 0.0 in stage 88.0 (TID 67)
[2026-01-29T19:36:55.927+0530] {subprocess.py:106} INFO - 26/01/29 19:36:55 INFO ShuffleBlockFetcherIterator: Getting 1 (1327.0 B) non-empty blocks including 1 (1327.0 B) local and 0 (0.0 B) host-local and 0 (0.0 B) push-merged-local and 0 (0.0 B) remote blocks
[2026-01-29T19:36:55.928+0530] {subprocess.py:106} INFO - 26/01/29 19:36:55 INFO ShuffleBlockFetcherIterator: Started 0 remote fetches in 0 ms
[2026-01-29T19:36:55.940+0530] {subprocess.py:106} INFO - 26/01/29 19:36:55 INFO CodeGenerator: Code generated in 7.526045 ms
[2026-01-29T19:36:55.968+0530] {subprocess.py:106} INFO - 26/01/29 19:36:55 INFO BlockManagerInfo: Removed broadcast_109_piece0 on Aishwarya92848DBDA:38109 in memory (size: 34.3 KiB, free: 366.1 MiB)
[2026-01-29T19:36:55.969+0530] {subprocess.py:106} INFO - 26/01/29 19:36:55 INFO BlockManagerInfo: Removed broadcast_108_piece0 on Aishwarya92848DBDA:38109 in memory (size: 20.1 KiB, free: 366.1 MiB)
[2026-01-29T19:36:55.970+0530] {subprocess.py:106} INFO - 26/01/29 19:36:55 INFO BlockManagerInfo: Removed broadcast_106_piece0 on Aishwarya92848DBDA:38109 in memory (size: 34.3 KiB, free: 366.2 MiB)
[2026-01-29T19:36:55.972+0530] {subprocess.py:106} INFO - 26/01/29 19:36:55 INFO BlockManagerInfo: Removed broadcast_107_piece0 on Aishwarya92848DBDA:38109 in memory (size: 18.6 KiB, free: 366.2 MiB)
[2026-01-29T19:36:55.974+0530] {subprocess.py:106} INFO - 26/01/29 19:36:55 INFO BlockManagerInfo: Removed broadcast_113_piece0 on Aishwarya92848DBDA:38109 in memory (size: 11.1 KiB, free: 366.2 MiB)
[2026-01-29T19:36:55.975+0530] {subprocess.py:106} INFO - 26/01/29 19:36:55 INFO BlockManagerInfo: Removed broadcast_111_piece0 on Aishwarya92848DBDA:38109 in memory (size: 21.2 KiB, free: 366.2 MiB)
[2026-01-29T19:36:55.976+0530] {subprocess.py:106} INFO - 26/01/29 19:36:55 INFO BlockManagerInfo: Removed broadcast_110_piece0 on Aishwarya92848DBDA:38109 in memory (size: 9.7 KiB, free: 366.2 MiB)
[2026-01-29T19:36:55.985+0530] {subprocess.py:106} INFO - 26/01/29 19:36:55 INFO CodeGenerator: Code generated in 14.6968 ms
[2026-01-29T19:36:55.991+0530] {subprocess.py:106} INFO - 26/01/29 19:36:55 INFO Executor: Finished task 0.0 in stage 88.0 (TID 67). 4976 bytes result sent to driver
[2026-01-29T19:36:55.992+0530] {subprocess.py:106} INFO - 26/01/29 19:36:55 INFO TaskSetManager: Finished task 0.0 in stage 88.0 (TID 67) in 71 ms on Aishwarya92848DBDA (executor driver) (1/1)
[2026-01-29T19:36:55.993+0530] {subprocess.py:106} INFO - 26/01/29 19:36:55 INFO TaskSchedulerImpl: Removed TaskSet 88.0, whose tasks have all completed, from pool
[2026-01-29T19:36:55.993+0530] {subprocess.py:106} INFO - 26/01/29 19:36:55 INFO DAGScheduler: ShuffleMapStage 88 (showString at NativeMethodAccessorImpl.java:0) finished in 0.077 s
[2026-01-29T19:36:55.993+0530] {subprocess.py:106} INFO - 26/01/29 19:36:55 INFO DAGScheduler: looking for newly runnable stages
[2026-01-29T19:36:55.993+0530] {subprocess.py:106} INFO - 26/01/29 19:36:55 INFO DAGScheduler: running: Set()
[2026-01-29T19:36:55.994+0530] {subprocess.py:106} INFO - 26/01/29 19:36:55 INFO DAGScheduler: waiting: Set()
[2026-01-29T19:36:55.994+0530] {subprocess.py:106} INFO - 26/01/29 19:36:55 INFO DAGScheduler: failed: Set()
[2026-01-29T19:36:56.014+0530] {subprocess.py:106} INFO - 26/01/29 19:36:56 INFO CodeGenerator: Code generated in 9.661695 ms
[2026-01-29T19:36:56.022+0530] {subprocess.py:106} INFO - 26/01/29 19:36:56 INFO SparkContext: Starting job: showString at NativeMethodAccessorImpl.java:0
[2026-01-29T19:36:56.023+0530] {subprocess.py:106} INFO - 26/01/29 19:36:56 INFO DAGScheduler: Got job 68 (showString at NativeMethodAccessorImpl.java:0) with 1 output partitions
[2026-01-29T19:36:56.023+0530] {subprocess.py:106} INFO - 26/01/29 19:36:56 INFO DAGScheduler: Final stage: ResultStage 91 (showString at NativeMethodAccessorImpl.java:0)
[2026-01-29T19:36:56.023+0530] {subprocess.py:106} INFO - 26/01/29 19:36:56 INFO DAGScheduler: Parents of final stage: List(ShuffleMapStage 90)
[2026-01-29T19:36:56.023+0530] {subprocess.py:106} INFO - 26/01/29 19:36:56 INFO DAGScheduler: Missing parents: List()
[2026-01-29T19:36:56.023+0530] {subprocess.py:106} INFO - 26/01/29 19:36:56 INFO DAGScheduler: Submitting ResultStage 91 (MapPartitionsRDD[312] at showString at NativeMethodAccessorImpl.java:0), which has no missing parents
[2026-01-29T19:36:56.025+0530] {subprocess.py:106} INFO - 26/01/29 19:36:56 INFO MemoryStore: Block broadcast_115 stored as values in memory (estimated size 19.6 KiB, free 365.8 MiB)
[2026-01-29T19:36:56.026+0530] {subprocess.py:106} INFO - 26/01/29 19:36:56 INFO MemoryStore: Block broadcast_115_piece0 stored as bytes in memory (estimated size 7.5 KiB, free 365.8 MiB)
[2026-01-29T19:36:56.027+0530] {subprocess.py:106} INFO - 26/01/29 19:36:56 INFO BlockManagerInfo: Added broadcast_115_piece0 in memory on Aishwarya92848DBDA:38109 (size: 7.5 KiB, free: 366.2 MiB)
[2026-01-29T19:36:56.027+0530] {subprocess.py:106} INFO - 26/01/29 19:36:56 INFO SparkContext: Created broadcast 115 from broadcast at DAGScheduler.scala:1585
[2026-01-29T19:36:56.027+0530] {subprocess.py:106} INFO - 26/01/29 19:36:56 INFO DAGScheduler: Submitting 1 missing tasks from ResultStage 91 (MapPartitionsRDD[312] at showString at NativeMethodAccessorImpl.java:0) (first 15 tasks are for partitions Vector(0))
[2026-01-29T19:36:56.028+0530] {subprocess.py:106} INFO - 26/01/29 19:36:56 INFO TaskSchedulerImpl: Adding task set 91.0 with 1 tasks resource profile 0
[2026-01-29T19:36:56.028+0530] {subprocess.py:106} INFO - 26/01/29 19:36:56 INFO TaskSetManager: Starting task 0.0 in stage 91.0 (TID 68) (Aishwarya92848DBDA, executor driver, partition 0, NODE_LOCAL, 7615 bytes)
[2026-01-29T19:36:56.029+0530] {subprocess.py:106} INFO - 26/01/29 19:36:56 INFO Executor: Running task 0.0 in stage 91.0 (TID 68)
[2026-01-29T19:36:56.031+0530] {subprocess.py:106} INFO - 26/01/29 19:36:56 INFO ShuffleBlockFetcherIterator: Getting 1 (72.0 B) non-empty blocks including 1 (72.0 B) local and 0 (0.0 B) host-local and 0 (0.0 B) push-merged-local and 0 (0.0 B) remote blocks
[2026-01-29T19:36:56.032+0530] {subprocess.py:106} INFO - 26/01/29 19:36:56 INFO ShuffleBlockFetcherIterator: Started 0 remote fetches in 0 ms
[2026-01-29T19:36:56.044+0530] {subprocess.py:106} INFO - 26/01/29 19:36:56 INFO CodeGenerator: Code generated in 12.724953 ms
[2026-01-29T19:36:56.048+0530] {subprocess.py:106} INFO - 26/01/29 19:36:56 INFO Executor: Finished task 0.0 in stage 91.0 (TID 68). 4054 bytes result sent to driver
[2026-01-29T19:36:56.049+0530] {subprocess.py:106} INFO - 26/01/29 19:36:56 INFO TaskSetManager: Finished task 0.0 in stage 91.0 (TID 68) in 21 ms on Aishwarya92848DBDA (executor driver) (1/1)
[2026-01-29T19:36:56.049+0530] {subprocess.py:106} INFO - 26/01/29 19:36:56 INFO TaskSchedulerImpl: Removed TaskSet 91.0, whose tasks have all completed, from pool
[2026-01-29T19:36:56.050+0530] {subprocess.py:106} INFO - 26/01/29 19:36:56 INFO DAGScheduler: ResultStage 91 (showString at NativeMethodAccessorImpl.java:0) finished in 0.025 s
[2026-01-29T19:36:56.050+0530] {subprocess.py:106} INFO - 26/01/29 19:36:56 INFO DAGScheduler: Job 68 is finished. Cancelling potential speculative or zombie tasks for this job
[2026-01-29T19:36:56.050+0530] {subprocess.py:106} INFO - 26/01/29 19:36:56 INFO TaskSchedulerImpl: Killing all running tasks in stage 91: Stage finished
[2026-01-29T19:36:56.051+0530] {subprocess.py:106} INFO - 26/01/29 19:36:56 INFO DAGScheduler: Job 68 finished: showString at NativeMethodAccessorImpl.java:0, took 0.028091 s
[2026-01-29T19:36:56.059+0530] {subprocess.py:106} INFO - 26/01/29 19:36:56 INFO CodeGenerator: Code generated in 5.827492 ms
[2026-01-29T19:36:56.061+0530] {subprocess.py:106} INFO - +------------------+------------------+------------------------+------------------------+------------------+------------------+------------+----------+----------+--------------+
[2026-01-29T19:36:56.061+0530] {subprocess.py:106} INFO - |temperature_2m_max|temperature_2m_min|apparent_temperature_max|apparent_temperature_min|wind_speed_10m_max|wind_gusts_10m_max|rain_sum_log|temp_lag_1|temp_lag_2|temp_rolling_3|
[2026-01-29T19:36:56.062+0530] {subprocess.py:106} INFO - +------------------+------------------+------------------------+------------------------+------------------+------------------+------------+----------+----------+--------------+
[2026-01-29T19:36:56.062+0530] {subprocess.py:106} INFO - |1                 |1                 |1                       |1                       |1                 |1                 |1           |11        |21        |1             |
[2026-01-29T19:36:56.063+0530] {subprocess.py:106} INFO - +------------------+------------------+------------------------+------------------------+------------------+------------------+------------+----------+----------+--------------+
[2026-01-29T19:36:56.063+0530] {subprocess.py:106} INFO - 
[2026-01-29T19:36:56.182+0530] {subprocess.py:106} INFO - 26/01/29 19:36:56 INFO FileSourceStrategy: Pushed Filters:
[2026-01-29T19:36:56.182+0530] {subprocess.py:106} INFO - 26/01/29 19:36:56 INFO FileSourceStrategy: Post-Scan Filters:
[2026-01-29T19:36:56.200+0530] {subprocess.py:106} INFO - 26/01/29 19:36:56 INFO MemoryStore: Block broadcast_116 stored as values in memory (estimated size 350.2 KiB, free 365.5 MiB)
[2026-01-29T19:36:56.206+0530] {subprocess.py:106} INFO - 26/01/29 19:36:56 INFO MemoryStore: Block broadcast_116_piece0 stored as bytes in memory (estimated size 34.3 KiB, free 365.4 MiB)
[2026-01-29T19:36:56.207+0530] {subprocess.py:106} INFO - 26/01/29 19:36:56 INFO BlockManagerInfo: Added broadcast_116_piece0 in memory on Aishwarya92848DBDA:38109 (size: 34.3 KiB, free: 366.2 MiB)
[2026-01-29T19:36:56.207+0530] {subprocess.py:106} INFO - 26/01/29 19:36:56 INFO SparkContext: Created broadcast 116 from showString at NativeMethodAccessorImpl.java:0
[2026-01-29T19:36:56.209+0530] {subprocess.py:106} INFO - 26/01/29 19:36:56 INFO FileSourceScanExec: Planning scan with bin packing, max size: 4194304 bytes, open cost is considered as scanning 4194304 bytes.
[2026-01-29T19:36:56.212+0530] {subprocess.py:106} INFO - 26/01/29 19:36:56 INFO DAGScheduler: Registering RDD 316 (showString at NativeMethodAccessorImpl.java:0) as input to shuffle 22
[2026-01-29T19:36:56.213+0530] {subprocess.py:106} INFO - 26/01/29 19:36:56 INFO DAGScheduler: Got map stage job 69 (showString at NativeMethodAccessorImpl.java:0) with 1 output partitions
[2026-01-29T19:36:56.213+0530] {subprocess.py:106} INFO - 26/01/29 19:36:56 INFO DAGScheduler: Final stage: ShuffleMapStage 92 (showString at NativeMethodAccessorImpl.java:0)
[2026-01-29T19:36:56.214+0530] {subprocess.py:106} INFO - 26/01/29 19:36:56 INFO DAGScheduler: Parents of final stage: List()
[2026-01-29T19:36:56.214+0530] {subprocess.py:106} INFO - 26/01/29 19:36:56 INFO DAGScheduler: Missing parents: List()
[2026-01-29T19:36:56.214+0530] {subprocess.py:106} INFO - 26/01/29 19:36:56 INFO DAGScheduler: Submitting ShuffleMapStage 92 (MapPartitionsRDD[316] at showString at NativeMethodAccessorImpl.java:0), which has no missing parents
[2026-01-29T19:36:56.215+0530] {subprocess.py:106} INFO - 26/01/29 19:36:56 INFO MemoryStore: Block broadcast_117 stored as values in memory (estimated size 28.9 KiB, free 365.4 MiB)
[2026-01-29T19:36:56.216+0530] {subprocess.py:106} INFO - 26/01/29 19:36:56 INFO MemoryStore: Block broadcast_117_piece0 stored as bytes in memory (estimated size 11.1 KiB, free 365.4 MiB)
[2026-01-29T19:36:56.217+0530] {subprocess.py:106} INFO - 26/01/29 19:36:56 INFO BlockManagerInfo: Added broadcast_117_piece0 in memory on Aishwarya92848DBDA:38109 (size: 11.1 KiB, free: 366.2 MiB)
[2026-01-29T19:36:56.217+0530] {subprocess.py:106} INFO - 26/01/29 19:36:56 INFO SparkContext: Created broadcast 117 from broadcast at DAGScheduler.scala:1585
[2026-01-29T19:36:56.217+0530] {subprocess.py:106} INFO - 26/01/29 19:36:56 INFO DAGScheduler: Submitting 1 missing tasks from ShuffleMapStage 92 (MapPartitionsRDD[316] at showString at NativeMethodAccessorImpl.java:0) (first 15 tasks are for partitions Vector(0))
[2026-01-29T19:36:56.218+0530] {subprocess.py:106} INFO - 26/01/29 19:36:56 INFO TaskSchedulerImpl: Adding task set 92.0 with 1 tasks resource profile 0
[2026-01-29T19:36:56.218+0530] {subprocess.py:106} INFO - 26/01/29 19:36:56 INFO TaskSetManager: Starting task 0.0 in stage 92.0 (TID 69) (Aishwarya92848DBDA, executor driver, partition 0, NODE_LOCAL, 8230 bytes)
[2026-01-29T19:36:56.219+0530] {subprocess.py:106} INFO - 26/01/29 19:36:56 INFO Executor: Running task 0.0 in stage 92.0 (TID 69)
[2026-01-29T19:36:56.223+0530] {subprocess.py:106} INFO - 26/01/29 19:36:56 INFO FileScanRDD: Reading File path: hdfs://localhost:9000/weather/data/raw_data/weather_dataset.csv, range: 0-1642, partition values: [empty row]
[2026-01-29T19:36:56.238+0530] {subprocess.py:106} INFO - 26/01/29 19:36:56 INFO Executor: Finished task 0.0 in stage 92.0 (TID 69). 1995 bytes result sent to driver
[2026-01-29T19:36:56.239+0530] {subprocess.py:106} INFO - 26/01/29 19:36:56 INFO TaskSetManager: Finished task 0.0 in stage 92.0 (TID 69) in 21 ms on Aishwarya92848DBDA (executor driver) (1/1)
[2026-01-29T19:36:56.239+0530] {subprocess.py:106} INFO - 26/01/29 19:36:56 INFO TaskSchedulerImpl: Removed TaskSet 92.0, whose tasks have all completed, from pool
[2026-01-29T19:36:56.240+0530] {subprocess.py:106} INFO - 26/01/29 19:36:56 INFO DAGScheduler: ShuffleMapStage 92 (showString at NativeMethodAccessorImpl.java:0) finished in 0.026 s
[2026-01-29T19:36:56.240+0530] {subprocess.py:106} INFO - 26/01/29 19:36:56 INFO DAGScheduler: looking for newly runnable stages
[2026-01-29T19:36:56.240+0530] {subprocess.py:106} INFO - 26/01/29 19:36:56 INFO DAGScheduler: running: Set()
[2026-01-29T19:36:56.240+0530] {subprocess.py:106} INFO - 26/01/29 19:36:56 INFO DAGScheduler: waiting: Set()
[2026-01-29T19:36:56.240+0530] {subprocess.py:106} INFO - 26/01/29 19:36:56 INFO DAGScheduler: failed: Set()
[2026-01-29T19:36:56.244+0530] {subprocess.py:106} INFO - 26/01/29 19:36:56 INFO ShufflePartitionsUtil: For shuffle(22), advisory target size: 67108864, actual target size 1048576, minimum partition size: 1048576
[2026-01-29T19:36:56.337+0530] {subprocess.py:106} INFO - 26/01/29 19:36:56 INFO CodeGenerator: Code generated in 18.446952 ms
[2026-01-29T19:36:56.369+0530] {subprocess.py:106} INFO - 26/01/29 19:36:56 INFO SparkContext: Starting job: showString at NativeMethodAccessorImpl.java:0
[2026-01-29T19:36:56.370+0530] {subprocess.py:106} INFO - 26/01/29 19:36:56 INFO DAGScheduler: Got job 70 (showString at NativeMethodAccessorImpl.java:0) with 1 output partitions
[2026-01-29T19:36:56.371+0530] {subprocess.py:106} INFO - 26/01/29 19:36:56 INFO DAGScheduler: Final stage: ResultStage 94 (showString at NativeMethodAccessorImpl.java:0)
[2026-01-29T19:36:56.371+0530] {subprocess.py:106} INFO - 26/01/29 19:36:56 INFO DAGScheduler: Parents of final stage: List(ShuffleMapStage 93)
[2026-01-29T19:36:56.371+0530] {subprocess.py:106} INFO - 26/01/29 19:36:56 INFO DAGScheduler: Missing parents: List()
[2026-01-29T19:36:56.371+0530] {subprocess.py:106} INFO - 26/01/29 19:36:56 INFO DAGScheduler: Submitting ResultStage 94 (MapPartitionsRDD[321] at showString at NativeMethodAccessorImpl.java:0), which has no missing parents
[2026-01-29T19:36:56.374+0530] {subprocess.py:106} INFO - 26/01/29 19:36:56 INFO MemoryStore: Block broadcast_118 stored as values in memory (estimated size 63.5 KiB, free 365.3 MiB)
[2026-01-29T19:36:56.375+0530] {subprocess.py:106} INFO - 26/01/29 19:36:56 INFO MemoryStore: Block broadcast_118_piece0 stored as bytes in memory (estimated size 26.5 KiB, free 365.3 MiB)
[2026-01-29T19:36:56.376+0530] {subprocess.py:106} INFO - 26/01/29 19:36:56 INFO BlockManagerInfo: Added broadcast_118_piece0 in memory on Aishwarya92848DBDA:38109 (size: 26.5 KiB, free: 366.2 MiB)
[2026-01-29T19:36:56.376+0530] {subprocess.py:106} INFO - 26/01/29 19:36:56 INFO SparkContext: Created broadcast 118 from broadcast at DAGScheduler.scala:1585
[2026-01-29T19:36:56.376+0530] {subprocess.py:106} INFO - 26/01/29 19:36:56 INFO DAGScheduler: Submitting 1 missing tasks from ResultStage 94 (MapPartitionsRDD[321] at showString at NativeMethodAccessorImpl.java:0) (first 15 tasks are for partitions Vector(0))
[2026-01-29T19:36:56.377+0530] {subprocess.py:106} INFO - 26/01/29 19:36:56 INFO TaskSchedulerImpl: Adding task set 94.0 with 1 tasks resource profile 0
[2026-01-29T19:36:56.377+0530] {subprocess.py:106} INFO - 26/01/29 19:36:56 INFO TaskSetManager: Starting task 0.0 in stage 94.0 (TID 70) (Aishwarya92848DBDA, executor driver, partition 0, NODE_LOCAL, 7615 bytes)
[2026-01-29T19:36:56.378+0530] {subprocess.py:106} INFO - 26/01/29 19:36:56 INFO Executor: Running task 0.0 in stage 94.0 (TID 70)
[2026-01-29T19:36:56.397+0530] {subprocess.py:106} INFO - 26/01/29 19:36:56 INFO ShuffleBlockFetcherIterator: Getting 1 (1327.0 B) non-empty blocks including 1 (1327.0 B) local and 0 (0.0 B) host-local and 0 (0.0 B) push-merged-local and 0 (0.0 B) remote blocks
[2026-01-29T19:36:56.397+0530] {subprocess.py:106} INFO - 26/01/29 19:36:56 INFO ShuffleBlockFetcherIterator: Started 0 remote fetches in 0 ms
[2026-01-29T19:36:56.424+0530] {subprocess.py:106} INFO - 26/01/29 19:36:56 INFO CodeGenerator: Code generated in 15.578969 ms
[2026-01-29T19:36:56.428+0530] {subprocess.py:106} INFO - 26/01/29 19:36:56 INFO Executor: Finished task 0.0 in stage 94.0 (TID 70). 4645 bytes result sent to driver
[2026-01-29T19:36:56.429+0530] {subprocess.py:106} INFO - 26/01/29 19:36:56 INFO TaskSetManager: Finished task 0.0 in stage 94.0 (TID 70) in 52 ms on Aishwarya92848DBDA (executor driver) (1/1)
[2026-01-29T19:36:56.429+0530] {subprocess.py:106} INFO - 26/01/29 19:36:56 INFO TaskSchedulerImpl: Removed TaskSet 94.0, whose tasks have all completed, from pool
[2026-01-29T19:36:56.429+0530] {subprocess.py:106} INFO - 26/01/29 19:36:56 INFO DAGScheduler: ResultStage 94 (showString at NativeMethodAccessorImpl.java:0) finished in 0.057 s
[2026-01-29T19:36:56.430+0530] {subprocess.py:106} INFO - 26/01/29 19:36:56 INFO DAGScheduler: Job 70 is finished. Cancelling potential speculative or zombie tasks for this job
[2026-01-29T19:36:56.430+0530] {subprocess.py:106} INFO - 26/01/29 19:36:56 INFO TaskSchedulerImpl: Killing all running tasks in stage 94: Stage finished
[2026-01-29T19:36:56.430+0530] {subprocess.py:106} INFO - 26/01/29 19:36:56 INFO DAGScheduler: Job 70 finished: showString at NativeMethodAccessorImpl.java:0, took 0.060732 s
[2026-01-29T19:36:56.431+0530] {subprocess.py:106} INFO - +--------+
[2026-01-29T19:36:56.431+0530] {subprocess.py:106} INFO - |features|
[2026-01-29T19:36:56.431+0530] {subprocess.py:106} INFO - +--------+
[2026-01-29T19:36:56.432+0530] {subprocess.py:106} INFO - +--------+
[2026-01-29T19:36:56.432+0530] {subprocess.py:106} INFO - 
[2026-01-29T19:36:56.501+0530] {subprocess.py:106} INFO - 26/01/29 19:36:56 INFO FileSourceStrategy: Pushed Filters:
[2026-01-29T19:36:56.501+0530] {subprocess.py:106} INFO - 26/01/29 19:36:56 INFO FileSourceStrategy: Post-Scan Filters:
[2026-01-29T19:36:56.522+0530] {subprocess.py:106} INFO - 26/01/29 19:36:56 INFO MemoryStore: Block broadcast_119 stored as values in memory (estimated size 350.2 KiB, free 365.0 MiB)
[2026-01-29T19:36:56.528+0530] {subprocess.py:106} INFO - 26/01/29 19:36:56 INFO MemoryStore: Block broadcast_119_piece0 stored as bytes in memory (estimated size 34.3 KiB, free 364.9 MiB)
[2026-01-29T19:36:56.528+0530] {subprocess.py:106} INFO - 26/01/29 19:36:56 INFO BlockManagerInfo: Added broadcast_119_piece0 in memory on Aishwarya92848DBDA:38109 (size: 34.3 KiB, free: 366.1 MiB)
[2026-01-29T19:36:56.529+0530] {subprocess.py:106} INFO - 26/01/29 19:36:56 INFO SparkContext: Created broadcast 119 from first at MinMaxScaler.scala:120
[2026-01-29T19:36:56.529+0530] {subprocess.py:106} INFO - 26/01/29 19:36:56 INFO FileSourceScanExec: Planning scan with bin packing, max size: 4194304 bytes, open cost is considered as scanning 4194304 bytes.
[2026-01-29T19:36:56.532+0530] {subprocess.py:106} INFO - 26/01/29 19:36:56 INFO DAGScheduler: Registering RDD 325 (first at MinMaxScaler.scala:120) as input to shuffle 23
[2026-01-29T19:36:56.532+0530] {subprocess.py:106} INFO - 26/01/29 19:36:56 INFO DAGScheduler: Got map stage job 71 (first at MinMaxScaler.scala:120) with 1 output partitions
[2026-01-29T19:36:56.533+0530] {subprocess.py:106} INFO - 26/01/29 19:36:56 INFO DAGScheduler: Final stage: ShuffleMapStage 95 (first at MinMaxScaler.scala:120)
[2026-01-29T19:36:56.533+0530] {subprocess.py:106} INFO - 26/01/29 19:36:56 INFO DAGScheduler: Parents of final stage: List()
[2026-01-29T19:36:56.533+0530] {subprocess.py:106} INFO - 26/01/29 19:36:56 INFO DAGScheduler: Missing parents: List()
[2026-01-29T19:36:56.533+0530] {subprocess.py:106} INFO - 26/01/29 19:36:56 INFO DAGScheduler: Submitting ShuffleMapStage 95 (MapPartitionsRDD[325] at first at MinMaxScaler.scala:120), which has no missing parents
[2026-01-29T19:36:56.534+0530] {subprocess.py:106} INFO - 26/01/29 19:36:56 INFO MemoryStore: Block broadcast_120 stored as values in memory (estimated size 28.9 KiB, free 364.9 MiB)
[2026-01-29T19:36:56.535+0530] {subprocess.py:106} INFO - 26/01/29 19:36:56 INFO MemoryStore: Block broadcast_120_piece0 stored as bytes in memory (estimated size 11.1 KiB, free 364.9 MiB)
[2026-01-29T19:36:56.536+0530] {subprocess.py:106} INFO - 26/01/29 19:36:56 INFO BlockManagerInfo: Added broadcast_120_piece0 in memory on Aishwarya92848DBDA:38109 (size: 11.1 KiB, free: 366.1 MiB)
[2026-01-29T19:36:56.536+0530] {subprocess.py:106} INFO - 26/01/29 19:36:56 INFO SparkContext: Created broadcast 120 from broadcast at DAGScheduler.scala:1585
[2026-01-29T19:36:56.537+0530] {subprocess.py:106} INFO - 26/01/29 19:36:56 INFO DAGScheduler: Submitting 1 missing tasks from ShuffleMapStage 95 (MapPartitionsRDD[325] at first at MinMaxScaler.scala:120) (first 15 tasks are for partitions Vector(0))
[2026-01-29T19:36:56.537+0530] {subprocess.py:106} INFO - 26/01/29 19:36:56 INFO TaskSchedulerImpl: Adding task set 95.0 with 1 tasks resource profile 0
[2026-01-29T19:36:56.538+0530] {subprocess.py:106} INFO - 26/01/29 19:36:56 INFO TaskSetManager: Starting task 0.0 in stage 95.0 (TID 71) (Aishwarya92848DBDA, executor driver, partition 0, NODE_LOCAL, 8230 bytes)
[2026-01-29T19:36:56.538+0530] {subprocess.py:106} INFO - 26/01/29 19:36:56 INFO Executor: Running task 0.0 in stage 95.0 (TID 71)
[2026-01-29T19:36:56.541+0530] {subprocess.py:106} INFO - 26/01/29 19:36:56 INFO FileScanRDD: Reading File path: hdfs://localhost:9000/weather/data/raw_data/weather_dataset.csv, range: 0-1642, partition values: [empty row]
[2026-01-29T19:36:56.554+0530] {subprocess.py:106} INFO - 26/01/29 19:36:56 INFO Executor: Finished task 0.0 in stage 95.0 (TID 71). 1995 bytes result sent to driver
[2026-01-29T19:36:56.555+0530] {subprocess.py:106} INFO - 26/01/29 19:36:56 INFO TaskSetManager: Finished task 0.0 in stage 95.0 (TID 71) in 18 ms on Aishwarya92848DBDA (executor driver) (1/1)
[2026-01-29T19:36:56.556+0530] {subprocess.py:106} INFO - 26/01/29 19:36:56 INFO TaskSchedulerImpl: Removed TaskSet 95.0, whose tasks have all completed, from pool
[2026-01-29T19:36:56.556+0530] {subprocess.py:106} INFO - 26/01/29 19:36:56 INFO DAGScheduler: ShuffleMapStage 95 (first at MinMaxScaler.scala:120) finished in 0.023 s
[2026-01-29T19:36:56.557+0530] {subprocess.py:106} INFO - 26/01/29 19:36:56 INFO DAGScheduler: looking for newly runnable stages
[2026-01-29T19:36:56.557+0530] {subprocess.py:106} INFO - 26/01/29 19:36:56 INFO DAGScheduler: running: Set()
[2026-01-29T19:36:56.557+0530] {subprocess.py:106} INFO - 26/01/29 19:36:56 INFO DAGScheduler: waiting: Set()
[2026-01-29T19:36:56.557+0530] {subprocess.py:106} INFO - 26/01/29 19:36:56 INFO DAGScheduler: failed: Set()
[2026-01-29T19:36:56.561+0530] {subprocess.py:106} INFO - 26/01/29 19:36:56 INFO ShufflePartitionsUtil: For shuffle(23), advisory target size: 67108864, actual target size 1048576, minimum partition size: 1048576
[2026-01-29T19:36:56.581+0530] {subprocess.py:106} INFO - 26/01/29 19:36:56 INFO CodeGenerator: Code generated in 11.344739 ms
[2026-01-29T19:36:56.600+0530] {subprocess.py:106} INFO - 26/01/29 19:36:56 INFO DAGScheduler: Registering RDD 331 (first at MinMaxScaler.scala:120) as input to shuffle 24
[2026-01-29T19:36:56.601+0530] {subprocess.py:106} INFO - 26/01/29 19:36:56 INFO DAGScheduler: Got map stage job 72 (first at MinMaxScaler.scala:120) with 1 output partitions
[2026-01-29T19:36:56.601+0530] {subprocess.py:106} INFO - 26/01/29 19:36:56 INFO DAGScheduler: Final stage: ShuffleMapStage 97 (first at MinMaxScaler.scala:120)
[2026-01-29T19:36:56.602+0530] {subprocess.py:106} INFO - 26/01/29 19:36:56 INFO DAGScheduler: Parents of final stage: List(ShuffleMapStage 96)
[2026-01-29T19:36:56.602+0530] {subprocess.py:106} INFO - 26/01/29 19:36:56 INFO DAGScheduler: Missing parents: List()
[2026-01-29T19:36:56.603+0530] {subprocess.py:106} INFO - 26/01/29 19:36:56 INFO DAGScheduler: Submitting ShuffleMapStage 97 (MapPartitionsRDD[331] at first at MinMaxScaler.scala:120), which has no missing parents
[2026-01-29T19:36:56.619+0530] {subprocess.py:106} INFO - 26/01/29 19:36:56 INFO MemoryStore: Block broadcast_121 stored as values in memory (estimated size 71.7 KiB, free 364.8 MiB)
[2026-01-29T19:36:56.620+0530] {subprocess.py:106} INFO - 26/01/29 19:36:56 INFO MemoryStore: Block broadcast_121_piece0 stored as bytes in memory (estimated size 30.4 KiB, free 364.8 MiB)
[2026-01-29T19:36:56.620+0530] {subprocess.py:106} INFO - 26/01/29 19:36:56 INFO BlockManagerInfo: Added broadcast_121_piece0 in memory on Aishwarya92848DBDA:38109 (size: 30.4 KiB, free: 366.1 MiB)
[2026-01-29T19:36:56.621+0530] {subprocess.py:106} INFO - 26/01/29 19:36:56 INFO SparkContext: Created broadcast 121 from broadcast at DAGScheduler.scala:1585
[2026-01-29T19:36:56.621+0530] {subprocess.py:106} INFO - 26/01/29 19:36:56 INFO DAGScheduler: Submitting 1 missing tasks from ShuffleMapStage 97 (MapPartitionsRDD[331] at first at MinMaxScaler.scala:120) (first 15 tasks are for partitions Vector(0))
[2026-01-29T19:36:56.621+0530] {subprocess.py:106} INFO - 26/01/29 19:36:56 INFO TaskSchedulerImpl: Adding task set 97.0 with 1 tasks resource profile 0
[2026-01-29T19:36:56.622+0530] {subprocess.py:106} INFO - 26/01/29 19:36:56 INFO TaskSetManager: Starting task 0.0 in stage 97.0 (TID 72) (Aishwarya92848DBDA, executor driver, partition 0, NODE_LOCAL, 7604 bytes)
[2026-01-29T19:36:56.623+0530] {subprocess.py:106} INFO - 26/01/29 19:36:56 INFO Executor: Running task 0.0 in stage 97.0 (TID 72)
[2026-01-29T19:36:56.629+0530] {subprocess.py:106} INFO - 26/01/29 19:36:56 INFO ShuffleBlockFetcherIterator: Getting 1 (1327.0 B) non-empty blocks including 1 (1327.0 B) local and 0 (0.0 B) host-local and 0 (0.0 B) push-merged-local and 0 (0.0 B) remote blocks
[2026-01-29T19:36:56.629+0530] {subprocess.py:106} INFO - 26/01/29 19:36:56 INFO ShuffleBlockFetcherIterator: Started 0 remote fetches in 0 ms
[2026-01-29T19:36:56.651+0530] {subprocess.py:106} INFO - 26/01/29 19:36:56 INFO CodeGenerator: Code generated in 12.382096 ms
[2026-01-29T19:36:56.659+0530] {subprocess.py:106} INFO - 26/01/29 19:36:56 INFO Executor: Finished task 0.0 in stage 97.0 (TID 72). 5134 bytes result sent to driver
[2026-01-29T19:36:56.660+0530] {subprocess.py:106} INFO - 26/01/29 19:36:56 INFO TaskSetManager: Finished task 0.0 in stage 97.0 (TID 72) in 38 ms on Aishwarya92848DBDA (executor driver) (1/1)
[2026-01-29T19:36:56.660+0530] {subprocess.py:106} INFO - 26/01/29 19:36:56 INFO TaskSchedulerImpl: Removed TaskSet 97.0, whose tasks have all completed, from pool
[2026-01-29T19:36:56.661+0530] {subprocess.py:106} INFO - 26/01/29 19:36:56 INFO DAGScheduler: ShuffleMapStage 97 (first at MinMaxScaler.scala:120) finished in 0.058 s
[2026-01-29T19:36:56.661+0530] {subprocess.py:106} INFO - 26/01/29 19:36:56 INFO DAGScheduler: looking for newly runnable stages
[2026-01-29T19:36:56.662+0530] {subprocess.py:106} INFO - 26/01/29 19:36:56 INFO DAGScheduler: running: Set()
[2026-01-29T19:36:56.662+0530] {subprocess.py:106} INFO - 26/01/29 19:36:56 INFO DAGScheduler: waiting: Set()
[2026-01-29T19:36:56.662+0530] {subprocess.py:106} INFO - 26/01/29 19:36:56 INFO DAGScheduler: failed: Set()
[2026-01-29T19:36:56.679+0530] {subprocess.py:106} INFO - 26/01/29 19:36:56 INFO CodeGenerator: Code generated in 7.873169 ms
[2026-01-29T19:36:56.690+0530] {subprocess.py:106} INFO - 26/01/29 19:36:56 INFO SparkContext: Starting job: first at MinMaxScaler.scala:120
[2026-01-29T19:36:56.691+0530] {subprocess.py:106} INFO - 26/01/29 19:36:56 INFO DAGScheduler: Got job 73 (first at MinMaxScaler.scala:120) with 1 output partitions
[2026-01-29T19:36:56.692+0530] {subprocess.py:106} INFO - 26/01/29 19:36:56 INFO DAGScheduler: Final stage: ResultStage 100 (first at MinMaxScaler.scala:120)
[2026-01-29T19:36:56.692+0530] {subprocess.py:106} INFO - 26/01/29 19:36:56 INFO DAGScheduler: Parents of final stage: List(ShuffleMapStage 99)
[2026-01-29T19:36:56.692+0530] {subprocess.py:106} INFO - 26/01/29 19:36:56 INFO DAGScheduler: Missing parents: List()
[2026-01-29T19:36:56.693+0530] {subprocess.py:106} INFO - 26/01/29 19:36:56 INFO DAGScheduler: Submitting ResultStage 100 (MapPartitionsRDD[335] at first at MinMaxScaler.scala:120), which has no missing parents
[2026-01-29T19:36:56.695+0530] {subprocess.py:106} INFO - 26/01/29 19:36:56 INFO MemoryStore: Block broadcast_122 stored as values in memory (estimated size 69.9 KiB, free 364.7 MiB)
[2026-01-29T19:36:56.696+0530] {subprocess.py:106} INFO - 26/01/29 19:36:56 INFO MemoryStore: Block broadcast_122_piece0 stored as bytes in memory (estimated size 29.8 KiB, free 364.7 MiB)
[2026-01-29T19:36:56.696+0530] {subprocess.py:106} INFO - 26/01/29 19:36:56 INFO BlockManagerInfo: Added broadcast_122_piece0 in memory on Aishwarya92848DBDA:38109 (size: 29.8 KiB, free: 366.1 MiB)
[2026-01-29T19:36:56.696+0530] {subprocess.py:106} INFO - 26/01/29 19:36:56 INFO SparkContext: Created broadcast 122 from broadcast at DAGScheduler.scala:1585
[2026-01-29T19:36:56.697+0530] {subprocess.py:106} INFO - 26/01/29 19:36:56 INFO DAGScheduler: Submitting 1 missing tasks from ResultStage 100 (MapPartitionsRDD[335] at first at MinMaxScaler.scala:120) (first 15 tasks are for partitions Vector(0))
[2026-01-29T19:36:56.697+0530] {subprocess.py:106} INFO - 26/01/29 19:36:56 INFO TaskSchedulerImpl: Adding task set 100.0 with 1 tasks resource profile 0
[2026-01-29T19:36:56.698+0530] {subprocess.py:106} INFO - 26/01/29 19:36:56 INFO TaskSetManager: Starting task 0.0 in stage 100.0 (TID 73) (Aishwarya92848DBDA, executor driver, partition 0, NODE_LOCAL, 7615 bytes)
[2026-01-29T19:36:56.698+0530] {subprocess.py:106} INFO - 26/01/29 19:36:56 INFO Executor: Running task 0.0 in stage 100.0 (TID 73)
[2026-01-29T19:36:56.704+0530] {subprocess.py:106} INFO - 26/01/29 19:36:56 INFO ShuffleBlockFetcherIterator: Getting 1 (593.0 B) non-empty blocks including 1 (593.0 B) local and 0 (0.0 B) host-local and 0 (0.0 B) push-merged-local and 0 (0.0 B) remote blocks
[2026-01-29T19:36:56.704+0530] {subprocess.py:106} INFO - 26/01/29 19:36:56 INFO ShuffleBlockFetcherIterator: Started 0 remote fetches in 0 ms
[2026-01-29T19:36:56.717+0530] {subprocess.py:106} INFO - 26/01/29 19:36:56 INFO CodeGenerator: Code generated in 8.083593 ms
[2026-01-29T19:36:56.729+0530] {subprocess.py:106} INFO - 26/01/29 19:36:56 INFO CodeGenerator: Code generated in 8.648886 ms
[2026-01-29T19:36:56.735+0530] {subprocess.py:106} INFO - 26/01/29 19:36:56 ERROR Executor: Exception in task 0.0 in stage 100.0 (TID 73)
[2026-01-29T19:36:56.735+0530] {subprocess.py:106} INFO - java.lang.IllegalArgumentException: requirement failed: Nothing has been added to this summarizer.
[2026-01-29T19:36:56.736+0530] {subprocess.py:106} INFO - 	at scala.Predef$.require(Predef.scala:281)
[2026-01-29T19:36:56.736+0530] {subprocess.py:106} INFO - 	at org.apache.spark.ml.stat.SummarizerBuffer.max(Summarizer.scala:718)
[2026-01-29T19:36:56.736+0530] {subprocess.py:106} INFO - 	at org.apache.spark.ml.stat.SummaryBuilderImpl$MetricsAggregate.$anonfun$eval$1(Summarizer.scala:364)
[2026-01-29T19:36:56.736+0530] {subprocess.py:106} INFO - 	at scala.collection.TraversableLike.$anonfun$map$1(TraversableLike.scala:286)
[2026-01-29T19:36:56.736+0530] {subprocess.py:106} INFO - 	at scala.collection.mutable.ResizableArray.foreach(ResizableArray.scala:62)
[2026-01-29T19:36:56.736+0530] {subprocess.py:106} INFO - 	at scala.collection.mutable.ResizableArray.foreach$(ResizableArray.scala:55)
[2026-01-29T19:36:56.736+0530] {subprocess.py:106} INFO - 	at scala.collection.mutable.ArrayBuffer.foreach(ArrayBuffer.scala:49)
[2026-01-29T19:36:56.736+0530] {subprocess.py:106} INFO - 	at scala.collection.TraversableLike.map(TraversableLike.scala:286)
[2026-01-29T19:36:56.737+0530] {subprocess.py:106} INFO - 	at scala.collection.TraversableLike.map$(TraversableLike.scala:279)
[2026-01-29T19:36:56.737+0530] {subprocess.py:106} INFO - 	at scala.collection.AbstractTraversable.map(Traversable.scala:108)
[2026-01-29T19:36:56.737+0530] {subprocess.py:106} INFO - 	at org.apache.spark.ml.stat.SummaryBuilderImpl$MetricsAggregate.eval(Summarizer.scala:357)
[2026-01-29T19:36:56.737+0530] {subprocess.py:106} INFO - 	at org.apache.spark.ml.stat.SummaryBuilderImpl$MetricsAggregate.eval(Summarizer.scala:345)
[2026-01-29T19:36:56.737+0530] {subprocess.py:106} INFO - 	at org.apache.spark.sql.catalyst.expressions.aggregate.TypedImperativeAggregate.eval(interfaces.scala:594)
[2026-01-29T19:36:56.737+0530] {subprocess.py:106} INFO - 	at org.apache.spark.sql.execution.aggregate.AggregationIterator.$anonfun$generateResultProjection$5(AggregationIterator.scala:257)
[2026-01-29T19:36:56.737+0530] {subprocess.py:106} INFO - 	at org.apache.spark.sql.execution.aggregate.ObjectAggregationIterator.next(ObjectAggregationIterator.scala:97)
[2026-01-29T19:36:56.737+0530] {subprocess.py:106} INFO - 	at org.apache.spark.sql.execution.aggregate.ObjectAggregationIterator.next(ObjectAggregationIterator.scala:33)
[2026-01-29T19:36:56.738+0530] {subprocess.py:106} INFO - 	at org.apache.spark.sql.catalyst.expressions.GeneratedClass$GeneratedIteratorForCodegenStage4.processNext(Unknown Source)
[2026-01-29T19:36:56.738+0530] {subprocess.py:106} INFO - 	at org.apache.spark.sql.execution.BufferedRowIterator.hasNext(BufferedRowIterator.java:43)
[2026-01-29T19:36:56.738+0530] {subprocess.py:106} INFO - 	at org.apache.spark.sql.execution.WholeStageCodegenEvaluatorFactory$WholeStageCodegenPartitionEvaluator$$anon$1.hasNext(WholeStageCodegenEvaluatorFactory.scala:43)
[2026-01-29T19:36:56.738+0530] {subprocess.py:106} INFO - 	at org.apache.spark.sql.execution.SparkPlan.$anonfun$getByteArrayRdd$1(SparkPlan.scala:388)
[2026-01-29T19:36:56.738+0530] {subprocess.py:106} INFO - 	at org.apache.spark.rdd.RDD.$anonfun$mapPartitionsInternal$2(RDD.scala:893)
[2026-01-29T19:36:56.738+0530] {subprocess.py:106} INFO - 	at org.apache.spark.rdd.RDD.$anonfun$mapPartitionsInternal$2$adapted(RDD.scala:893)
[2026-01-29T19:36:56.738+0530] {subprocess.py:106} INFO - 	at org.apache.spark.rdd.MapPartitionsRDD.compute(MapPartitionsRDD.scala:52)
[2026-01-29T19:36:56.738+0530] {subprocess.py:106} INFO - 	at org.apache.spark.rdd.RDD.computeOrReadCheckpoint(RDD.scala:367)
[2026-01-29T19:36:56.739+0530] {subprocess.py:106} INFO - 	at org.apache.spark.rdd.RDD.iterator(RDD.scala:331)
[2026-01-29T19:36:56.739+0530] {subprocess.py:106} INFO - 	at org.apache.spark.scheduler.ResultTask.runTask(ResultTask.scala:93)
[2026-01-29T19:36:56.739+0530] {subprocess.py:106} INFO - 	at org.apache.spark.TaskContext.runTaskWithListeners(TaskContext.scala:166)
[2026-01-29T19:36:56.739+0530] {subprocess.py:106} INFO - 	at org.apache.spark.scheduler.Task.run(Task.scala:141)
[2026-01-29T19:36:56.739+0530] {subprocess.py:106} INFO - 	at org.apache.spark.executor.Executor$TaskRunner.$anonfun$run$4(Executor.scala:620)
[2026-01-29T19:36:56.739+0530] {subprocess.py:106} INFO - 	at org.apache.spark.util.SparkErrorUtils.tryWithSafeFinally(SparkErrorUtils.scala:64)
[2026-01-29T19:36:56.739+0530] {subprocess.py:106} INFO - 	at org.apache.spark.util.SparkErrorUtils.tryWithSafeFinally$(SparkErrorUtils.scala:61)
[2026-01-29T19:36:56.739+0530] {subprocess.py:106} INFO - 	at org.apache.spark.util.Utils$.tryWithSafeFinally(Utils.scala:94)
[2026-01-29T19:36:56.740+0530] {subprocess.py:106} INFO - 	at org.apache.spark.executor.Executor$TaskRunner.run(Executor.scala:623)
[2026-01-29T19:36:56.740+0530] {subprocess.py:106} INFO - 	at java.util.concurrent.ThreadPoolExecutor.runWorker(ThreadPoolExecutor.java:1149)
[2026-01-29T19:36:56.740+0530] {subprocess.py:106} INFO - 	at java.util.concurrent.ThreadPoolExecutor$Worker.run(ThreadPoolExecutor.java:624)
[2026-01-29T19:36:56.740+0530] {subprocess.py:106} INFO - 	at java.lang.Thread.run(Thread.java:750)
[2026-01-29T19:36:56.754+0530] {subprocess.py:106} INFO - 26/01/29 19:36:56 WARN TaskSetManager: Lost task 0.0 in stage 100.0 (TID 73) (Aishwarya92848DBDA executor driver): java.lang.IllegalArgumentException: requirement failed: Nothing has been added to this summarizer.
[2026-01-29T19:36:56.755+0530] {subprocess.py:106} INFO - 	at scala.Predef$.require(Predef.scala:281)
[2026-01-29T19:36:56.756+0530] {subprocess.py:106} INFO - 	at org.apache.spark.ml.stat.SummarizerBuffer.max(Summarizer.scala:718)
[2026-01-29T19:36:56.756+0530] {subprocess.py:106} INFO - 	at org.apache.spark.ml.stat.SummaryBuilderImpl$MetricsAggregate.$anonfun$eval$1(Summarizer.scala:364)
[2026-01-29T19:36:56.756+0530] {subprocess.py:106} INFO - 	at scala.collection.TraversableLike.$anonfun$map$1(TraversableLike.scala:286)
[2026-01-29T19:36:56.756+0530] {subprocess.py:106} INFO - 	at scala.collection.mutable.ResizableArray.foreach(ResizableArray.scala:62)
[2026-01-29T19:36:56.757+0530] {subprocess.py:106} INFO - 	at scala.collection.mutable.ResizableArray.foreach$(ResizableArray.scala:55)
[2026-01-29T19:36:56.757+0530] {subprocess.py:106} INFO - 	at scala.collection.mutable.ArrayBuffer.foreach(ArrayBuffer.scala:49)
[2026-01-29T19:36:56.757+0530] {subprocess.py:106} INFO - 	at scala.collection.TraversableLike.map(TraversableLike.scala:286)
[2026-01-29T19:36:56.757+0530] {subprocess.py:106} INFO - 	at scala.collection.TraversableLike.map$(TraversableLike.scala:279)
[2026-01-29T19:36:56.757+0530] {subprocess.py:106} INFO - 	at scala.collection.AbstractTraversable.map(Traversable.scala:108)
[2026-01-29T19:36:56.758+0530] {subprocess.py:106} INFO - 	at org.apache.spark.ml.stat.SummaryBuilderImpl$MetricsAggregate.eval(Summarizer.scala:357)
[2026-01-29T19:36:56.758+0530] {subprocess.py:106} INFO - 	at org.apache.spark.ml.stat.SummaryBuilderImpl$MetricsAggregate.eval(Summarizer.scala:345)
[2026-01-29T19:36:56.758+0530] {subprocess.py:106} INFO - 	at org.apache.spark.sql.catalyst.expressions.aggregate.TypedImperativeAggregate.eval(interfaces.scala:594)
[2026-01-29T19:36:56.758+0530] {subprocess.py:106} INFO - 	at org.apache.spark.sql.execution.aggregate.AggregationIterator.$anonfun$generateResultProjection$5(AggregationIterator.scala:257)
[2026-01-29T19:36:56.758+0530] {subprocess.py:106} INFO - 	at org.apache.spark.sql.execution.aggregate.ObjectAggregationIterator.next(ObjectAggregationIterator.scala:97)
[2026-01-29T19:36:56.758+0530] {subprocess.py:106} INFO - 	at org.apache.spark.sql.execution.aggregate.ObjectAggregationIterator.next(ObjectAggregationIterator.scala:33)
[2026-01-29T19:36:56.759+0530] {subprocess.py:106} INFO - 	at org.apache.spark.sql.catalyst.expressions.GeneratedClass$GeneratedIteratorForCodegenStage4.processNext(Unknown Source)
[2026-01-29T19:36:56.759+0530] {subprocess.py:106} INFO - 	at org.apache.spark.sql.execution.BufferedRowIterator.hasNext(BufferedRowIterator.java:43)
[2026-01-29T19:36:56.759+0530] {subprocess.py:106} INFO - 	at org.apache.spark.sql.execution.WholeStageCodegenEvaluatorFactory$WholeStageCodegenPartitionEvaluator$$anon$1.hasNext(WholeStageCodegenEvaluatorFactory.scala:43)
[2026-01-29T19:36:56.759+0530] {subprocess.py:106} INFO - 	at org.apache.spark.sql.execution.SparkPlan.$anonfun$getByteArrayRdd$1(SparkPlan.scala:388)
[2026-01-29T19:36:56.759+0530] {subprocess.py:106} INFO - 	at org.apache.spark.rdd.RDD.$anonfun$mapPartitionsInternal$2(RDD.scala:893)
[2026-01-29T19:36:56.759+0530] {subprocess.py:106} INFO - 	at org.apache.spark.rdd.RDD.$anonfun$mapPartitionsInternal$2$adapted(RDD.scala:893)
[2026-01-29T19:36:56.759+0530] {subprocess.py:106} INFO - 	at org.apache.spark.rdd.MapPartitionsRDD.compute(MapPartitionsRDD.scala:52)
[2026-01-29T19:36:56.760+0530] {subprocess.py:106} INFO - 	at org.apache.spark.rdd.RDD.computeOrReadCheckpoint(RDD.scala:367)
[2026-01-29T19:36:56.760+0530] {subprocess.py:106} INFO - 	at org.apache.spark.rdd.RDD.iterator(RDD.scala:331)
[2026-01-29T19:36:56.760+0530] {subprocess.py:106} INFO - 	at org.apache.spark.scheduler.ResultTask.runTask(ResultTask.scala:93)
[2026-01-29T19:36:56.760+0530] {subprocess.py:106} INFO - 	at org.apache.spark.TaskContext.runTaskWithListeners(TaskContext.scala:166)
[2026-01-29T19:36:56.760+0530] {subprocess.py:106} INFO - 	at org.apache.spark.scheduler.Task.run(Task.scala:141)
[2026-01-29T19:36:56.760+0530] {subprocess.py:106} INFO - 	at org.apache.spark.executor.Executor$TaskRunner.$anonfun$run$4(Executor.scala:620)
[2026-01-29T19:36:56.760+0530] {subprocess.py:106} INFO - 	at org.apache.spark.util.SparkErrorUtils.tryWithSafeFinally(SparkErrorUtils.scala:64)
[2026-01-29T19:36:56.761+0530] {subprocess.py:106} INFO - 	at org.apache.spark.util.SparkErrorUtils.tryWithSafeFinally$(SparkErrorUtils.scala:61)
[2026-01-29T19:36:56.761+0530] {subprocess.py:106} INFO - 	at org.apache.spark.util.Utils$.tryWithSafeFinally(Utils.scala:94)
[2026-01-29T19:36:56.761+0530] {subprocess.py:106} INFO - 	at org.apache.spark.executor.Executor$TaskRunner.run(Executor.scala:623)
[2026-01-29T19:36:56.761+0530] {subprocess.py:106} INFO - 	at java.util.concurrent.ThreadPoolExecutor.runWorker(ThreadPoolExecutor.java:1149)
[2026-01-29T19:36:56.761+0530] {subprocess.py:106} INFO - 	at java.util.concurrent.ThreadPoolExecutor$Worker.run(ThreadPoolExecutor.java:624)
[2026-01-29T19:36:56.761+0530] {subprocess.py:106} INFO - 	at java.lang.Thread.run(Thread.java:750)
[2026-01-29T19:36:56.761+0530] {subprocess.py:106} INFO - 
[2026-01-29T19:36:56.761+0530] {subprocess.py:106} INFO - 26/01/29 19:36:56 ERROR TaskSetManager: Task 0 in stage 100.0 failed 1 times; aborting job
[2026-01-29T19:36:56.762+0530] {subprocess.py:106} INFO - 26/01/29 19:36:56 INFO TaskSchedulerImpl: Removed TaskSet 100.0, whose tasks have all completed, from pool
[2026-01-29T19:36:56.762+0530] {subprocess.py:106} INFO - 26/01/29 19:36:56 INFO TaskSchedulerImpl: Cancelling stage 100
[2026-01-29T19:36:56.762+0530] {subprocess.py:106} INFO - 26/01/29 19:36:56 INFO TaskSchedulerImpl: Killing all running tasks in stage 100: Stage cancelled: Job aborted due to stage failure: Task 0 in stage 100.0 failed 1 times, most recent failure: Lost task 0.0 in stage 100.0 (TID 73) (Aishwarya92848DBDA executor driver): java.lang.IllegalArgumentException: requirement failed: Nothing has been added to this summarizer.
[2026-01-29T19:36:56.762+0530] {subprocess.py:106} INFO - 	at scala.Predef$.require(Predef.scala:281)
[2026-01-29T19:36:56.762+0530] {subprocess.py:106} INFO - 	at org.apache.spark.ml.stat.SummarizerBuffer.max(Summarizer.scala:718)
[2026-01-29T19:36:56.762+0530] {subprocess.py:106} INFO - 	at org.apache.spark.ml.stat.SummaryBuilderImpl$MetricsAggregate.$anonfun$eval$1(Summarizer.scala:364)
[2026-01-29T19:36:56.762+0530] {subprocess.py:106} INFO - 	at scala.collection.TraversableLike.$anonfun$map$1(TraversableLike.scala:286)
[2026-01-29T19:36:56.763+0530] {subprocess.py:106} INFO - 	at scala.collection.mutable.ResizableArray.foreach(ResizableArray.scala:62)
[2026-01-29T19:36:56.763+0530] {subprocess.py:106} INFO - 	at scala.collection.mutable.ResizableArray.foreach$(ResizableArray.scala:55)
[2026-01-29T19:36:56.763+0530] {subprocess.py:106} INFO - 	at scala.collection.mutable.ArrayBuffer.foreach(ArrayBuffer.scala:49)
[2026-01-29T19:36:56.763+0530] {subprocess.py:106} INFO - 	at scala.collection.TraversableLike.map(TraversableLike.scala:286)
[2026-01-29T19:36:56.763+0530] {subprocess.py:106} INFO - 	at scala.collection.TraversableLike.map$(TraversableLike.scala:279)
[2026-01-29T19:36:56.763+0530] {subprocess.py:106} INFO - 	at scala.collection.AbstractTraversable.map(Traversable.scala:108)
[2026-01-29T19:36:56.763+0530] {subprocess.py:106} INFO - 	at org.apache.spark.ml.stat.SummaryBuilderImpl$MetricsAggregate.eval(Summarizer.scala:357)
[2026-01-29T19:36:56.763+0530] {subprocess.py:106} INFO - 	at org.apache.spark.ml.stat.SummaryBuilderImpl$MetricsAggregate.eval(Summarizer.scala:345)
[2026-01-29T19:36:56.764+0530] {subprocess.py:106} INFO - 	at org.apache.spark.sql.catalyst.expressions.aggregate.TypedImperativeAggregate.eval(interfaces.scala:594)
[2026-01-29T19:36:56.764+0530] {subprocess.py:106} INFO - 	at org.apache.spark.sql.execution.aggregate.AggregationIterator.$anonfun$generateResultProjection$5(AggregationIterator.scala:257)
[2026-01-29T19:36:56.764+0530] {subprocess.py:106} INFO - 	at org.apache.spark.sql.execution.aggregate.ObjectAggregationIterator.next(ObjectAggregationIterator.scala:97)
[2026-01-29T19:36:56.764+0530] {subprocess.py:106} INFO - 	at org.apache.spark.sql.execution.aggregate.ObjectAggregationIterator.next(ObjectAggregationIterator.scala:33)
[2026-01-29T19:36:56.764+0530] {subprocess.py:106} INFO - 	at org.apache.spark.sql.catalyst.expressions.GeneratedClass$GeneratedIteratorForCodegenStage4.processNext(Unknown Source)
[2026-01-29T19:36:56.764+0530] {subprocess.py:106} INFO - 	at org.apache.spark.sql.execution.BufferedRowIterator.hasNext(BufferedRowIterator.java:43)
[2026-01-29T19:36:56.764+0530] {subprocess.py:106} INFO - 	at org.apache.spark.sql.execution.WholeStageCodegenEvaluatorFactory$WholeStageCodegenPartitionEvaluator$$anon$1.hasNext(WholeStageCodegenEvaluatorFactory.scala:43)
[2026-01-29T19:36:56.765+0530] {subprocess.py:106} INFO - 	at org.apache.spark.sql.execution.SparkPlan.$anonfun$getByteArrayRdd$1(SparkPlan.scala:388)
[2026-01-29T19:36:56.765+0530] {subprocess.py:106} INFO - 	at org.apache.spark.rdd.RDD.$anonfun$mapPartitionsInternal$2(RDD.scala:893)
[2026-01-29T19:36:56.765+0530] {subprocess.py:106} INFO - 	at org.apache.spark.rdd.RDD.$anonfun$mapPartitionsInternal$2$adapted(RDD.scala:893)
[2026-01-29T19:36:56.765+0530] {subprocess.py:106} INFO - 	at org.apache.spark.rdd.MapPartitionsRDD.compute(MapPartitionsRDD.scala:52)
[2026-01-29T19:36:56.765+0530] {subprocess.py:106} INFO - 	at org.apache.spark.rdd.RDD.computeOrReadCheckpoint(RDD.scala:367)
[2026-01-29T19:36:56.765+0530] {subprocess.py:106} INFO - 	at org.apache.spark.rdd.RDD.iterator(RDD.scala:331)
[2026-01-29T19:36:56.765+0530] {subprocess.py:106} INFO - 	at org.apache.spark.scheduler.ResultTask.runTask(ResultTask.scala:93)
[2026-01-29T19:36:56.766+0530] {subprocess.py:106} INFO - 	at org.apache.spark.TaskContext.runTaskWithListeners(TaskContext.scala:166)
[2026-01-29T19:36:56.766+0530] {subprocess.py:106} INFO - 	at org.apache.spark.scheduler.Task.run(Task.scala:141)
[2026-01-29T19:36:56.766+0530] {subprocess.py:106} INFO - 	at org.apache.spark.executor.Executor$TaskRunner.$anonfun$run$4(Executor.scala:620)
[2026-01-29T19:36:56.766+0530] {subprocess.py:106} INFO - 	at org.apache.spark.util.SparkErrorUtils.tryWithSafeFinally(SparkErrorUtils.scala:64)
[2026-01-29T19:36:56.766+0530] {subprocess.py:106} INFO - 	at org.apache.spark.util.SparkErrorUtils.tryWithSafeFinally$(SparkErrorUtils.scala:61)
[2026-01-29T19:36:56.766+0530] {subprocess.py:106} INFO - 	at org.apache.spark.util.Utils$.tryWithSafeFinally(Utils.scala:94)
[2026-01-29T19:36:56.766+0530] {subprocess.py:106} INFO - 	at org.apache.spark.executor.Executor$TaskRunner.run(Executor.scala:623)
[2026-01-29T19:36:56.767+0530] {subprocess.py:106} INFO - 	at java.util.concurrent.ThreadPoolExecutor.runWorker(ThreadPoolExecutor.java:1149)
[2026-01-29T19:36:56.767+0530] {subprocess.py:106} INFO - 	at java.util.concurrent.ThreadPoolExecutor$Worker.run(ThreadPoolExecutor.java:624)
[2026-01-29T19:36:56.767+0530] {subprocess.py:106} INFO - 	at java.lang.Thread.run(Thread.java:750)
[2026-01-29T19:36:56.767+0530] {subprocess.py:106} INFO - 
[2026-01-29T19:36:56.767+0530] {subprocess.py:106} INFO - Driver stacktrace:
[2026-01-29T19:36:56.767+0530] {subprocess.py:106} INFO - 26/01/29 19:36:56 INFO DAGScheduler: ResultStage 100 (first at MinMaxScaler.scala:120) failed in 0.069 s due to Job aborted due to stage failure: Task 0 in stage 100.0 failed 1 times, most recent failure: Lost task 0.0 in stage 100.0 (TID 73) (Aishwarya92848DBDA executor driver): java.lang.IllegalArgumentException: requirement failed: Nothing has been added to this summarizer.
[2026-01-29T19:36:56.767+0530] {subprocess.py:106} INFO - 	at scala.Predef$.require(Predef.scala:281)
[2026-01-29T19:36:56.768+0530] {subprocess.py:106} INFO - 	at org.apache.spark.ml.stat.SummarizerBuffer.max(Summarizer.scala:718)
[2026-01-29T19:36:56.768+0530] {subprocess.py:106} INFO - 	at org.apache.spark.ml.stat.SummaryBuilderImpl$MetricsAggregate.$anonfun$eval$1(Summarizer.scala:364)
[2026-01-29T19:36:56.768+0530] {subprocess.py:106} INFO - 	at scala.collection.TraversableLike.$anonfun$map$1(TraversableLike.scala:286)
[2026-01-29T19:36:56.768+0530] {subprocess.py:106} INFO - 	at scala.collection.mutable.ResizableArray.foreach(ResizableArray.scala:62)
[2026-01-29T19:36:56.768+0530] {subprocess.py:106} INFO - 	at scala.collection.mutable.ResizableArray.foreach$(ResizableArray.scala:55)
[2026-01-29T19:36:56.768+0530] {subprocess.py:106} INFO - 	at scala.collection.mutable.ArrayBuffer.foreach(ArrayBuffer.scala:49)
[2026-01-29T19:36:56.768+0530] {subprocess.py:106} INFO - 	at scala.collection.TraversableLike.map(TraversableLike.scala:286)
[2026-01-29T19:36:56.768+0530] {subprocess.py:106} INFO - 	at scala.collection.TraversableLike.map$(TraversableLike.scala:279)
[2026-01-29T19:36:56.769+0530] {subprocess.py:106} INFO - 	at scala.collection.AbstractTraversable.map(Traversable.scala:108)
[2026-01-29T19:36:56.769+0530] {subprocess.py:106} INFO - 	at org.apache.spark.ml.stat.SummaryBuilderImpl$MetricsAggregate.eval(Summarizer.scala:357)
[2026-01-29T19:36:56.769+0530] {subprocess.py:106} INFO - 	at org.apache.spark.ml.stat.SummaryBuilderImpl$MetricsAggregate.eval(Summarizer.scala:345)
[2026-01-29T19:36:56.769+0530] {subprocess.py:106} INFO - 	at org.apache.spark.sql.catalyst.expressions.aggregate.TypedImperativeAggregate.eval(interfaces.scala:594)
[2026-01-29T19:36:56.769+0530] {subprocess.py:106} INFO - 	at org.apache.spark.sql.execution.aggregate.AggregationIterator.$anonfun$generateResultProjection$5(AggregationIterator.scala:257)
[2026-01-29T19:36:56.769+0530] {subprocess.py:106} INFO - 	at org.apache.spark.sql.execution.aggregate.ObjectAggregationIterator.next(ObjectAggregationIterator.scala:97)
[2026-01-29T19:36:56.769+0530] {subprocess.py:106} INFO - 	at org.apache.spark.sql.execution.aggregate.ObjectAggregationIterator.next(ObjectAggregationIterator.scala:33)
[2026-01-29T19:36:56.769+0530] {subprocess.py:106} INFO - 	at org.apache.spark.sql.catalyst.expressions.GeneratedClass$GeneratedIteratorForCodegenStage4.processNext(Unknown Source)
[2026-01-29T19:36:56.770+0530] {subprocess.py:106} INFO - 	at org.apache.spark.sql.execution.BufferedRowIterator.hasNext(BufferedRowIterator.java:43)
[2026-01-29T19:36:56.770+0530] {subprocess.py:106} INFO - 	at org.apache.spark.sql.execution.WholeStageCodegenEvaluatorFactory$WholeStageCodegenPartitionEvaluator$$anon$1.hasNext(WholeStageCodegenEvaluatorFactory.scala:43)
[2026-01-29T19:36:56.770+0530] {subprocess.py:106} INFO - 	at org.apache.spark.sql.execution.SparkPlan.$anonfun$getByteArrayRdd$1(SparkPlan.scala:388)
[2026-01-29T19:36:56.770+0530] {subprocess.py:106} INFO - 	at org.apache.spark.rdd.RDD.$anonfun$mapPartitionsInternal$2(RDD.scala:893)
[2026-01-29T19:36:56.770+0530] {subprocess.py:106} INFO - 	at org.apache.spark.rdd.RDD.$anonfun$mapPartitionsInternal$2$adapted(RDD.scala:893)
[2026-01-29T19:36:56.770+0530] {subprocess.py:106} INFO - 	at org.apache.spark.rdd.MapPartitionsRDD.compute(MapPartitionsRDD.scala:52)
[2026-01-29T19:36:56.770+0530] {subprocess.py:106} INFO - 	at org.apache.spark.rdd.RDD.computeOrReadCheckpoint(RDD.scala:367)
[2026-01-29T19:36:56.771+0530] {subprocess.py:106} INFO - 	at org.apache.spark.rdd.RDD.iterator(RDD.scala:331)
[2026-01-29T19:36:56.771+0530] {subprocess.py:106} INFO - 	at org.apache.spark.scheduler.ResultTask.runTask(ResultTask.scala:93)
[2026-01-29T19:36:56.771+0530] {subprocess.py:106} INFO - 	at org.apache.spark.TaskContext.runTaskWithListeners(TaskContext.scala:166)
[2026-01-29T19:36:56.771+0530] {subprocess.py:106} INFO - 	at org.apache.spark.scheduler.Task.run(Task.scala:141)
[2026-01-29T19:36:56.771+0530] {subprocess.py:106} INFO - 	at org.apache.spark.executor.Executor$TaskRunner.$anonfun$run$4(Executor.scala:620)
[2026-01-29T19:36:56.771+0530] {subprocess.py:106} INFO - 	at org.apache.spark.util.SparkErrorUtils.tryWithSafeFinally(SparkErrorUtils.scala:64)
[2026-01-29T19:36:56.771+0530] {subprocess.py:106} INFO - 	at org.apache.spark.util.SparkErrorUtils.tryWithSafeFinally$(SparkErrorUtils.scala:61)
[2026-01-29T19:36:56.771+0530] {subprocess.py:106} INFO - 	at org.apache.spark.util.Utils$.tryWithSafeFinally(Utils.scala:94)
[2026-01-29T19:36:56.772+0530] {subprocess.py:106} INFO - 	at org.apache.spark.executor.Executor$TaskRunner.run(Executor.scala:623)
[2026-01-29T19:36:56.772+0530] {subprocess.py:106} INFO - 	at java.util.concurrent.ThreadPoolExecutor.runWorker(ThreadPoolExecutor.java:1149)
[2026-01-29T19:36:56.772+0530] {subprocess.py:106} INFO - 	at java.util.concurrent.ThreadPoolExecutor$Worker.run(ThreadPoolExecutor.java:624)
[2026-01-29T19:36:56.772+0530] {subprocess.py:106} INFO - 	at java.lang.Thread.run(Thread.java:750)
[2026-01-29T19:36:56.772+0530] {subprocess.py:106} INFO - 
[2026-01-29T19:36:56.772+0530] {subprocess.py:106} INFO - Driver stacktrace:
[2026-01-29T19:36:56.772+0530] {subprocess.py:106} INFO - 26/01/29 19:36:56 INFO DAGScheduler: Job 73 failed: first at MinMaxScaler.scala:120, took 0.074418 s
[2026-01-29T19:36:56.949+0530] {subprocess.py:106} INFO - Traceback (most recent call last):
[2026-01-29T19:36:56.949+0530] {subprocess.py:106} INFO -   File "/home/hp/Desktop/Bigdata_project/BigData-Project/pre_processing.py", line 270, in <module>
[2026-01-29T19:36:56.950+0530] {subprocess.py:106} INFO -     scaler_model = scaler.fit(df)
[2026-01-29T19:36:56.950+0530] {subprocess.py:106} INFO -   File "/home/hp/.local/lib/python3.10/site-packages/pyspark/python/lib/pyspark.zip/pyspark/ml/base.py", line 205, in fit
[2026-01-29T19:36:56.950+0530] {subprocess.py:106} INFO -   File "/home/hp/.local/lib/python3.10/site-packages/pyspark/python/lib/pyspark.zip/pyspark/ml/wrapper.py", line 381, in _fit
[2026-01-29T19:36:56.950+0530] {subprocess.py:106} INFO -   File "/home/hp/.local/lib/python3.10/site-packages/pyspark/python/lib/pyspark.zip/pyspark/ml/wrapper.py", line 378, in _fit_java
[2026-01-29T19:36:56.950+0530] {subprocess.py:106} INFO -   File "/home/hp/.local/lib/python3.10/site-packages/pyspark/python/lib/py4j-0.10.9.7-src.zip/py4j/java_gateway.py", line 1322, in __call__
[2026-01-29T19:36:56.950+0530] {subprocess.py:106} INFO -   File "/home/hp/.local/lib/python3.10/site-packages/pyspark/python/lib/pyspark.zip/pyspark/errors/exceptions/captured.py", line 179, in deco
[2026-01-29T19:36:56.950+0530] {subprocess.py:106} INFO -   File "/home/hp/.local/lib/python3.10/site-packages/pyspark/python/lib/py4j-0.10.9.7-src.zip/py4j/protocol.py", line 326, in get_return_value
[2026-01-29T19:36:56.992+0530] {subprocess.py:106} INFO - py4j.protocol.Py4JJavaError: An error occurred while calling o699.fit.
[2026-01-29T19:36:56.993+0530] {subprocess.py:106} INFO - : org.apache.spark.SparkException: Job aborted due to stage failure: Task 0 in stage 100.0 failed 1 times, most recent failure: Lost task 0.0 in stage 100.0 (TID 73) (Aishwarya92848DBDA executor driver): java.lang.IllegalArgumentException: requirement failed: Nothing has been added to this summarizer.
[2026-01-29T19:36:56.993+0530] {subprocess.py:106} INFO - 	at scala.Predef$.require(Predef.scala:281)
[2026-01-29T19:36:56.994+0530] {subprocess.py:106} INFO - 	at org.apache.spark.ml.stat.SummarizerBuffer.max(Summarizer.scala:718)
[2026-01-29T19:36:56.994+0530] {subprocess.py:106} INFO - 	at org.apache.spark.ml.stat.SummaryBuilderImpl$MetricsAggregate.$anonfun$eval$1(Summarizer.scala:364)
[2026-01-29T19:36:56.994+0530] {subprocess.py:106} INFO - 	at scala.collection.TraversableLike.$anonfun$map$1(TraversableLike.scala:286)
[2026-01-29T19:36:56.994+0530] {subprocess.py:106} INFO - 	at scala.collection.mutable.ResizableArray.foreach(ResizableArray.scala:62)
[2026-01-29T19:36:56.994+0530] {subprocess.py:106} INFO - 	at scala.collection.mutable.ResizableArray.foreach$(ResizableArray.scala:55)
[2026-01-29T19:36:56.994+0530] {subprocess.py:106} INFO - 	at scala.collection.mutable.ArrayBuffer.foreach(ArrayBuffer.scala:49)
[2026-01-29T19:36:56.994+0530] {subprocess.py:106} INFO - 	at scala.collection.TraversableLike.map(TraversableLike.scala:286)
[2026-01-29T19:36:56.994+0530] {subprocess.py:106} INFO - 	at scala.collection.TraversableLike.map$(TraversableLike.scala:279)
[2026-01-29T19:36:56.995+0530] {subprocess.py:106} INFO - 	at scala.collection.AbstractTraversable.map(Traversable.scala:108)
[2026-01-29T19:36:56.995+0530] {subprocess.py:106} INFO - 	at org.apache.spark.ml.stat.SummaryBuilderImpl$MetricsAggregate.eval(Summarizer.scala:357)
[2026-01-29T19:36:56.995+0530] {subprocess.py:106} INFO - 	at org.apache.spark.ml.stat.SummaryBuilderImpl$MetricsAggregate.eval(Summarizer.scala:345)
[2026-01-29T19:36:56.995+0530] {subprocess.py:106} INFO - 	at org.apache.spark.sql.catalyst.expressions.aggregate.TypedImperativeAggregate.eval(interfaces.scala:594)
[2026-01-29T19:36:56.995+0530] {subprocess.py:106} INFO - 	at org.apache.spark.sql.execution.aggregate.AggregationIterator.$anonfun$generateResultProjection$5(AggregationIterator.scala:257)
[2026-01-29T19:36:56.995+0530] {subprocess.py:106} INFO - 	at org.apache.spark.sql.execution.aggregate.ObjectAggregationIterator.next(ObjectAggregationIterator.scala:97)
[2026-01-29T19:36:56.995+0530] {subprocess.py:106} INFO - 	at org.apache.spark.sql.execution.aggregate.ObjectAggregationIterator.next(ObjectAggregationIterator.scala:33)
[2026-01-29T19:36:56.995+0530] {subprocess.py:106} INFO - 	at org.apache.spark.sql.catalyst.expressions.GeneratedClass$GeneratedIteratorForCodegenStage4.processNext(Unknown Source)
[2026-01-29T19:36:56.995+0530] {subprocess.py:106} INFO - 	at org.apache.spark.sql.execution.BufferedRowIterator.hasNext(BufferedRowIterator.java:43)
[2026-01-29T19:36:56.995+0530] {subprocess.py:106} INFO - 	at org.apache.spark.sql.execution.WholeStageCodegenEvaluatorFactory$WholeStageCodegenPartitionEvaluator$$anon$1.hasNext(WholeStageCodegenEvaluatorFactory.scala:43)
[2026-01-29T19:36:56.995+0530] {subprocess.py:106} INFO - 	at org.apache.spark.sql.execution.SparkPlan.$anonfun$getByteArrayRdd$1(SparkPlan.scala:388)
[2026-01-29T19:36:56.996+0530] {subprocess.py:106} INFO - 	at org.apache.spark.rdd.RDD.$anonfun$mapPartitionsInternal$2(RDD.scala:893)
[2026-01-29T19:36:56.996+0530] {subprocess.py:106} INFO - 	at org.apache.spark.rdd.RDD.$anonfun$mapPartitionsInternal$2$adapted(RDD.scala:893)
[2026-01-29T19:36:56.996+0530] {subprocess.py:106} INFO - 	at org.apache.spark.rdd.MapPartitionsRDD.compute(MapPartitionsRDD.scala:52)
[2026-01-29T19:36:56.996+0530] {subprocess.py:106} INFO - 	at org.apache.spark.rdd.RDD.computeOrReadCheckpoint(RDD.scala:367)
[2026-01-29T19:36:56.996+0530] {subprocess.py:106} INFO - 	at org.apache.spark.rdd.RDD.iterator(RDD.scala:331)
[2026-01-29T19:36:56.996+0530] {subprocess.py:106} INFO - 	at org.apache.spark.scheduler.ResultTask.runTask(ResultTask.scala:93)
[2026-01-29T19:36:56.996+0530] {subprocess.py:106} INFO - 	at org.apache.spark.TaskContext.runTaskWithListeners(TaskContext.scala:166)
[2026-01-29T19:36:56.996+0530] {subprocess.py:106} INFO - 	at org.apache.spark.scheduler.Task.run(Task.scala:141)
[2026-01-29T19:36:56.996+0530] {subprocess.py:106} INFO - 	at org.apache.spark.executor.Executor$TaskRunner.$anonfun$run$4(Executor.scala:620)
[2026-01-29T19:36:56.996+0530] {subprocess.py:106} INFO - 	at org.apache.spark.util.SparkErrorUtils.tryWithSafeFinally(SparkErrorUtils.scala:64)
[2026-01-29T19:36:56.996+0530] {subprocess.py:106} INFO - 	at org.apache.spark.util.SparkErrorUtils.tryWithSafeFinally$(SparkErrorUtils.scala:61)
[2026-01-29T19:36:56.996+0530] {subprocess.py:106} INFO - 	at org.apache.spark.util.Utils$.tryWithSafeFinally(Utils.scala:94)
[2026-01-29T19:36:56.997+0530] {subprocess.py:106} INFO - 	at org.apache.spark.executor.Executor$TaskRunner.run(Executor.scala:623)
[2026-01-29T19:36:56.997+0530] {subprocess.py:106} INFO - 	at java.util.concurrent.ThreadPoolExecutor.runWorker(ThreadPoolExecutor.java:1149)
[2026-01-29T19:36:56.997+0530] {subprocess.py:106} INFO - 	at java.util.concurrent.ThreadPoolExecutor$Worker.run(ThreadPoolExecutor.java:624)
[2026-01-29T19:36:56.997+0530] {subprocess.py:106} INFO - 	at java.lang.Thread.run(Thread.java:750)
[2026-01-29T19:36:56.997+0530] {subprocess.py:106} INFO - 
[2026-01-29T19:36:56.997+0530] {subprocess.py:106} INFO - Driver stacktrace:
[2026-01-29T19:36:56.997+0530] {subprocess.py:106} INFO - 	at org.apache.spark.scheduler.DAGScheduler.failJobAndIndependentStages(DAGScheduler.scala:2856)
[2026-01-29T19:36:56.997+0530] {subprocess.py:106} INFO - 	at org.apache.spark.scheduler.DAGScheduler.$anonfun$abortStage$2(DAGScheduler.scala:2792)
[2026-01-29T19:36:56.997+0530] {subprocess.py:106} INFO - 	at org.apache.spark.scheduler.DAGScheduler.$anonfun$abortStage$2$adapted(DAGScheduler.scala:2791)
[2026-01-29T19:36:56.997+0530] {subprocess.py:106} INFO - 	at scala.collection.mutable.ResizableArray.foreach(ResizableArray.scala:62)
[2026-01-29T19:36:56.998+0530] {subprocess.py:106} INFO - 	at scala.collection.mutable.ResizableArray.foreach$(ResizableArray.scala:55)
[2026-01-29T19:36:56.998+0530] {subprocess.py:106} INFO - 	at scala.collection.mutable.ArrayBuffer.foreach(ArrayBuffer.scala:49)
[2026-01-29T19:36:56.998+0530] {subprocess.py:106} INFO - 	at org.apache.spark.scheduler.DAGScheduler.abortStage(DAGScheduler.scala:2791)
[2026-01-29T19:36:56.998+0530] {subprocess.py:106} INFO - 	at org.apache.spark.scheduler.DAGScheduler.$anonfun$handleTaskSetFailed$1(DAGScheduler.scala:1247)
[2026-01-29T19:36:56.998+0530] {subprocess.py:106} INFO - 	at org.apache.spark.scheduler.DAGScheduler.$anonfun$handleTaskSetFailed$1$adapted(DAGScheduler.scala:1247)
[2026-01-29T19:36:56.998+0530] {subprocess.py:106} INFO - 	at scala.Option.foreach(Option.scala:407)
[2026-01-29T19:36:56.998+0530] {subprocess.py:106} INFO - 	at org.apache.spark.scheduler.DAGScheduler.handleTaskSetFailed(DAGScheduler.scala:1247)
[2026-01-29T19:36:56.998+0530] {subprocess.py:106} INFO - 	at org.apache.spark.scheduler.DAGSchedulerEventProcessLoop.doOnReceive(DAGScheduler.scala:3060)
[2026-01-29T19:36:56.999+0530] {subprocess.py:106} INFO - 	at org.apache.spark.scheduler.DAGSchedulerEventProcessLoop.onReceive(DAGScheduler.scala:2994)
[2026-01-29T19:36:56.999+0530] {subprocess.py:106} INFO - 	at org.apache.spark.scheduler.DAGSchedulerEventProcessLoop.onReceive(DAGScheduler.scala:2983)
[2026-01-29T19:36:56.999+0530] {subprocess.py:106} INFO - 	at org.apache.spark.util.EventLoop$$anon$1.run(EventLoop.scala:49)
[2026-01-29T19:36:56.999+0530] {subprocess.py:106} INFO - 	at org.apache.spark.scheduler.DAGScheduler.runJob(DAGScheduler.scala:989)
[2026-01-29T19:36:56.999+0530] {subprocess.py:106} INFO - 	at org.apache.spark.SparkContext.runJob(SparkContext.scala:2398)
[2026-01-29T19:36:56.999+0530] {subprocess.py:106} INFO - 	at org.apache.spark.SparkContext.runJob(SparkContext.scala:2419)
[2026-01-29T19:36:56.999+0530] {subprocess.py:106} INFO - 	at org.apache.spark.SparkContext.runJob(SparkContext.scala:2438)
[2026-01-29T19:36:56.999+0530] {subprocess.py:106} INFO - 	at org.apache.spark.SparkContext.runJob(SparkContext.scala:2463)
[2026-01-29T19:36:56.999+0530] {subprocess.py:106} INFO - 	at org.apache.spark.rdd.RDD.$anonfun$collect$1(RDD.scala:1049)
[2026-01-29T19:36:56.999+0530] {subprocess.py:106} INFO - 	at org.apache.spark.rdd.RDDOperationScope$.withScope(RDDOperationScope.scala:151)
[2026-01-29T19:36:57.000+0530] {subprocess.py:106} INFO - 	at org.apache.spark.rdd.RDDOperationScope$.withScope(RDDOperationScope.scala:112)
[2026-01-29T19:36:57.000+0530] {subprocess.py:106} INFO - 	at org.apache.spark.rdd.RDD.withScope(RDD.scala:410)
[2026-01-29T19:36:57.000+0530] {subprocess.py:106} INFO - 	at org.apache.spark.rdd.RDD.collect(RDD.scala:1048)
[2026-01-29T19:36:57.000+0530] {subprocess.py:106} INFO - 	at org.apache.spark.sql.execution.SparkPlan.executeCollect(SparkPlan.scala:448)
[2026-01-29T19:36:57.000+0530] {subprocess.py:106} INFO - 	at org.apache.spark.sql.execution.adaptive.AdaptiveSparkPlanExec.$anonfun$executeCollect$1(AdaptiveSparkPlanExec.scala:390)
[2026-01-29T19:36:57.000+0530] {subprocess.py:106} INFO - 	at org.apache.spark.sql.execution.adaptive.AdaptiveSparkPlanExec.withFinalPlanUpdate(AdaptiveSparkPlanExec.scala:418)
[2026-01-29T19:36:57.000+0530] {subprocess.py:106} INFO - 	at org.apache.spark.sql.execution.adaptive.AdaptiveSparkPlanExec.executeCollect(AdaptiveSparkPlanExec.scala:390)
[2026-01-29T19:36:57.000+0530] {subprocess.py:106} INFO - 	at org.apache.spark.sql.Dataset.collectFromPlan(Dataset.scala:4332)
[2026-01-29T19:36:57.000+0530] {subprocess.py:106} INFO - 	at org.apache.spark.sql.Dataset.$anonfun$head$1(Dataset.scala:3314)
[2026-01-29T19:36:57.001+0530] {subprocess.py:106} INFO - 	at org.apache.spark.sql.Dataset.$anonfun$withAction$2(Dataset.scala:4322)
[2026-01-29T19:36:57.001+0530] {subprocess.py:106} INFO - 	at org.apache.spark.sql.execution.QueryExecution$.withInternalError(QueryExecution.scala:546)
[2026-01-29T19:36:57.001+0530] {subprocess.py:106} INFO - 	at org.apache.spark.sql.Dataset.$anonfun$withAction$1(Dataset.scala:4320)
[2026-01-29T19:36:57.001+0530] {subprocess.py:106} INFO - 	at org.apache.spark.sql.execution.SQLExecution$.$anonfun$withNewExecutionId$6(SQLExecution.scala:125)
[2026-01-29T19:36:57.001+0530] {subprocess.py:106} INFO - 	at org.apache.spark.sql.execution.SQLExecution$.withSQLConfPropagated(SQLExecution.scala:201)
[2026-01-29T19:36:57.001+0530] {subprocess.py:106} INFO - 	at org.apache.spark.sql.execution.SQLExecution$.$anonfun$withNewExecutionId$1(SQLExecution.scala:108)
[2026-01-29T19:36:57.001+0530] {subprocess.py:106} INFO - 	at org.apache.spark.sql.SparkSession.withActive(SparkSession.scala:900)
[2026-01-29T19:36:57.001+0530] {subprocess.py:106} INFO - 	at org.apache.spark.sql.execution.SQLExecution$.withNewExecutionId(SQLExecution.scala:66)
[2026-01-29T19:36:57.001+0530] {subprocess.py:106} INFO - 	at org.apache.spark.sql.Dataset.withAction(Dataset.scala:4320)
[2026-01-29T19:36:57.002+0530] {subprocess.py:106} INFO - 	at org.apache.spark.sql.Dataset.head(Dataset.scala:3314)
[2026-01-29T19:36:57.002+0530] {subprocess.py:106} INFO - 	at org.apache.spark.sql.Dataset.head(Dataset.scala:3321)
[2026-01-29T19:36:57.002+0530] {subprocess.py:106} INFO - 	at org.apache.spark.sql.Dataset.first(Dataset.scala:3328)
[2026-01-29T19:36:57.002+0530] {subprocess.py:106} INFO - 	at org.apache.spark.ml.feature.MinMaxScaler.fit(MinMaxScaler.scala:120)
[2026-01-29T19:36:57.002+0530] {subprocess.py:106} INFO - 	at org.apache.spark.ml.feature.MinMaxScaler.fit(MinMaxScaler.scala:92)
[2026-01-29T19:36:57.002+0530] {subprocess.py:106} INFO - 	at sun.reflect.NativeMethodAccessorImpl.invoke0(Native Method)
[2026-01-29T19:36:57.002+0530] {subprocess.py:106} INFO - 	at sun.reflect.NativeMethodAccessorImpl.invoke(NativeMethodAccessorImpl.java:62)
[2026-01-29T19:36:57.002+0530] {subprocess.py:106} INFO - 	at sun.reflect.DelegatingMethodAccessorImpl.invoke(DelegatingMethodAccessorImpl.java:43)
[2026-01-29T19:36:57.002+0530] {subprocess.py:106} INFO - 	at java.lang.reflect.Method.invoke(Method.java:498)
[2026-01-29T19:36:57.003+0530] {subprocess.py:106} INFO - 	at py4j.reflection.MethodInvoker.invoke(MethodInvoker.java:244)
[2026-01-29T19:36:57.003+0530] {subprocess.py:106} INFO - 	at py4j.reflection.ReflectionEngine.invoke(ReflectionEngine.java:374)
[2026-01-29T19:36:57.003+0530] {subprocess.py:106} INFO - 	at py4j.Gateway.invoke(Gateway.java:282)
[2026-01-29T19:36:57.003+0530] {subprocess.py:106} INFO - 	at py4j.commands.AbstractCommand.invokeMethod(AbstractCommand.java:132)
[2026-01-29T19:36:57.003+0530] {subprocess.py:106} INFO - 	at py4j.commands.CallCommand.execute(CallCommand.java:79)
[2026-01-29T19:36:57.003+0530] {subprocess.py:106} INFO - 	at py4j.ClientServerConnection.waitForCommands(ClientServerConnection.java:182)
[2026-01-29T19:36:57.003+0530] {subprocess.py:106} INFO - 	at py4j.ClientServerConnection.run(ClientServerConnection.java:106)
[2026-01-29T19:36:57.003+0530] {subprocess.py:106} INFO - 	at java.lang.Thread.run(Thread.java:750)
[2026-01-29T19:36:57.003+0530] {subprocess.py:106} INFO - Caused by: java.lang.IllegalArgumentException: requirement failed: Nothing has been added to this summarizer.
[2026-01-29T19:36:57.004+0530] {subprocess.py:106} INFO - 	at scala.Predef$.require(Predef.scala:281)
[2026-01-29T19:36:57.004+0530] {subprocess.py:106} INFO - 	at org.apache.spark.ml.stat.SummarizerBuffer.max(Summarizer.scala:718)
[2026-01-29T19:36:57.004+0530] {subprocess.py:106} INFO - 	at org.apache.spark.ml.stat.SummaryBuilderImpl$MetricsAggregate.$anonfun$eval$1(Summarizer.scala:364)
[2026-01-29T19:36:57.004+0530] {subprocess.py:106} INFO - 	at scala.collection.TraversableLike.$anonfun$map$1(TraversableLike.scala:286)
[2026-01-29T19:36:57.004+0530] {subprocess.py:106} INFO - 	at scala.collection.mutable.ResizableArray.foreach(ResizableArray.scala:62)
[2026-01-29T19:36:57.004+0530] {subprocess.py:106} INFO - 	at scala.collection.mutable.ResizableArray.foreach$(ResizableArray.scala:55)
[2026-01-29T19:36:57.004+0530] {subprocess.py:106} INFO - 	at scala.collection.mutable.ArrayBuffer.foreach(ArrayBuffer.scala:49)
[2026-01-29T19:36:57.004+0530] {subprocess.py:106} INFO - 	at scala.collection.TraversableLike.map(TraversableLike.scala:286)
[2026-01-29T19:36:57.004+0530] {subprocess.py:106} INFO - 	at scala.collection.TraversableLike.map$(TraversableLike.scala:279)
[2026-01-29T19:36:57.004+0530] {subprocess.py:106} INFO - 	at scala.collection.AbstractTraversable.map(Traversable.scala:108)
[2026-01-29T19:36:57.005+0530] {subprocess.py:106} INFO - 	at org.apache.spark.ml.stat.SummaryBuilderImpl$MetricsAggregate.eval(Summarizer.scala:357)
[2026-01-29T19:36:57.005+0530] {subprocess.py:106} INFO - 	at org.apache.spark.ml.stat.SummaryBuilderImpl$MetricsAggregate.eval(Summarizer.scala:345)
[2026-01-29T19:36:57.005+0530] {subprocess.py:106} INFO - 	at org.apache.spark.sql.catalyst.expressions.aggregate.TypedImperativeAggregate.eval(interfaces.scala:594)
[2026-01-29T19:36:57.005+0530] {subprocess.py:106} INFO - 	at org.apache.spark.sql.execution.aggregate.AggregationIterator.$anonfun$generateResultProjection$5(AggregationIterator.scala:257)
[2026-01-29T19:36:57.005+0530] {subprocess.py:106} INFO - 	at org.apache.spark.sql.execution.aggregate.ObjectAggregationIterator.next(ObjectAggregationIterator.scala:97)
[2026-01-29T19:36:57.005+0530] {subprocess.py:106} INFO - 	at org.apache.spark.sql.execution.aggregate.ObjectAggregationIterator.next(ObjectAggregationIterator.scala:33)
[2026-01-29T19:36:57.005+0530] {subprocess.py:106} INFO - 	at org.apache.spark.sql.catalyst.expressions.GeneratedClass$GeneratedIteratorForCodegenStage4.processNext(Unknown Source)
[2026-01-29T19:36:57.005+0530] {subprocess.py:106} INFO - 	at org.apache.spark.sql.execution.BufferedRowIterator.hasNext(BufferedRowIterator.java:43)
[2026-01-29T19:36:57.005+0530] {subprocess.py:106} INFO - 	at org.apache.spark.sql.execution.WholeStageCodegenEvaluatorFactory$WholeStageCodegenPartitionEvaluator$$anon$1.hasNext(WholeStageCodegenEvaluatorFactory.scala:43)
[2026-01-29T19:36:57.006+0530] {subprocess.py:106} INFO - 	at org.apache.spark.sql.execution.SparkPlan.$anonfun$getByteArrayRdd$1(SparkPlan.scala:388)
[2026-01-29T19:36:57.006+0530] {subprocess.py:106} INFO - 	at org.apache.spark.rdd.RDD.$anonfun$mapPartitionsInternal$2(RDD.scala:893)
[2026-01-29T19:36:57.006+0530] {subprocess.py:106} INFO - 	at org.apache.spark.rdd.RDD.$anonfun$mapPartitionsInternal$2$adapted(RDD.scala:893)
[2026-01-29T19:36:57.006+0530] {subprocess.py:106} INFO - 	at org.apache.spark.rdd.MapPartitionsRDD.compute(MapPartitionsRDD.scala:52)
[2026-01-29T19:36:57.006+0530] {subprocess.py:106} INFO - 	at org.apache.spark.rdd.RDD.computeOrReadCheckpoint(RDD.scala:367)
[2026-01-29T19:36:57.006+0530] {subprocess.py:106} INFO - 	at org.apache.spark.rdd.RDD.iterator(RDD.scala:331)
[2026-01-29T19:36:57.006+0530] {subprocess.py:106} INFO - 	at org.apache.spark.scheduler.ResultTask.runTask(ResultTask.scala:93)
[2026-01-29T19:36:57.006+0530] {subprocess.py:106} INFO - 	at org.apache.spark.TaskContext.runTaskWithListeners(TaskContext.scala:166)
[2026-01-29T19:36:57.006+0530] {subprocess.py:106} INFO - 	at org.apache.spark.scheduler.Task.run(Task.scala:141)
[2026-01-29T19:36:57.006+0530] {subprocess.py:106} INFO - 	at org.apache.spark.executor.Executor$TaskRunner.$anonfun$run$4(Executor.scala:620)
[2026-01-29T19:36:57.007+0530] {subprocess.py:106} INFO - 	at org.apache.spark.util.SparkErrorUtils.tryWithSafeFinally(SparkErrorUtils.scala:64)
[2026-01-29T19:36:57.007+0530] {subprocess.py:106} INFO - 	at org.apache.spark.util.SparkErrorUtils.tryWithSafeFinally$(SparkErrorUtils.scala:61)
[2026-01-29T19:36:57.007+0530] {subprocess.py:106} INFO - 	at org.apache.spark.util.Utils$.tryWithSafeFinally(Utils.scala:94)
[2026-01-29T19:36:57.007+0530] {subprocess.py:106} INFO - 	at org.apache.spark.executor.Executor$TaskRunner.run(Executor.scala:623)
[2026-01-29T19:36:57.007+0530] {subprocess.py:106} INFO - 	at java.util.concurrent.ThreadPoolExecutor.runWorker(ThreadPoolExecutor.java:1149)
[2026-01-29T19:36:57.007+0530] {subprocess.py:106} INFO - 	at java.util.concurrent.ThreadPoolExecutor$Worker.run(ThreadPoolExecutor.java:624)
[2026-01-29T19:36:57.007+0530] {subprocess.py:106} INFO - 	... 1 more
[2026-01-29T19:36:57.007+0530] {subprocess.py:106} INFO - 
[2026-01-29T19:36:57.064+0530] {subprocess.py:106} INFO - 26/01/29 19:36:57 INFO SparkContext: Invoking stop() from shutdown hook
[2026-01-29T19:36:57.064+0530] {subprocess.py:106} INFO - 26/01/29 19:36:57 INFO SparkContext: SparkContext is stopping with exitCode 0.
[2026-01-29T19:36:57.075+0530] {subprocess.py:106} INFO - 26/01/29 19:36:57 INFO SparkUI: Stopped Spark web UI at http://Aishwarya92848DBDA:4040
[2026-01-29T19:36:57.103+0530] {subprocess.py:106} INFO - 26/01/29 19:36:57 INFO MapOutputTrackerMasterEndpoint: MapOutputTrackerMasterEndpoint stopped!
[2026-01-29T19:36:57.119+0530] {subprocess.py:106} INFO - 26/01/29 19:36:57 INFO MemoryStore: MemoryStore cleared
[2026-01-29T19:36:57.120+0530] {subprocess.py:106} INFO - 26/01/29 19:36:57 INFO BlockManager: BlockManager stopped
[2026-01-29T19:36:57.127+0530] {subprocess.py:106} INFO - 26/01/29 19:36:57 INFO BlockManagerMaster: BlockManagerMaster stopped
[2026-01-29T19:36:57.130+0530] {subprocess.py:106} INFO - 26/01/29 19:36:57 INFO OutputCommitCoordinator$OutputCommitCoordinatorEndpoint: OutputCommitCoordinator stopped!
[2026-01-29T19:36:57.136+0530] {subprocess.py:106} INFO - 26/01/29 19:36:57 INFO SparkContext: Successfully stopped SparkContext
[2026-01-29T19:36:57.137+0530] {subprocess.py:106} INFO - 26/01/29 19:36:57 INFO ShutdownHookManager: Shutdown hook called
[2026-01-29T19:36:57.137+0530] {subprocess.py:106} INFO - 26/01/29 19:36:57 INFO ShutdownHookManager: Deleting directory /tmp/spark-20f25d2f-8447-4f30-b9db-5e67e2c82093
[2026-01-29T19:36:57.142+0530] {subprocess.py:106} INFO - 26/01/29 19:36:57 INFO ShutdownHookManager: Deleting directory /tmp/spark-b2e865fd-84c6-4e29-9603-9a9d974e7ff0/pyspark-01f0cd9e-8159-404c-a434-089a08a4c6a9
[2026-01-29T19:36:57.145+0530] {subprocess.py:106} INFO - 26/01/29 19:36:57 INFO ShutdownHookManager: Deleting directory /tmp/spark-b2e865fd-84c6-4e29-9603-9a9d974e7ff0
[2026-01-29T19:36:57.252+0530] {subprocess.py:110} INFO - Command exited with return code 1
[2026-01-29T19:36:57.259+0530] {taskinstance.py:3336} ERROR - Task failed with exception
Traceback (most recent call last):
  File "/home/hp/Desktop/Bigdata_project/BigData-Project/airflow-venv/lib/python3.10/site-packages/airflow/models/taskinstance.py", line 776, in _execute_task
    result = _execute_callable(context=context, **execute_callable_kwargs)
  File "/home/hp/Desktop/Bigdata_project/BigData-Project/airflow-venv/lib/python3.10/site-packages/airflow/models/taskinstance.py", line 742, in _execute_callable
    return ExecutionCallableRunner(
  File "/home/hp/Desktop/Bigdata_project/BigData-Project/airflow-venv/lib/python3.10/site-packages/airflow/utils/operator_helpers.py", line 252, in run
    return self.func(*args, **kwargs)
  File "/home/hp/Desktop/Bigdata_project/BigData-Project/airflow-venv/lib/python3.10/site-packages/airflow/models/baseoperator.py", line 424, in wrapper
    return func(self, *args, **kwargs)
  File "/home/hp/Desktop/Bigdata_project/BigData-Project/airflow-venv/lib/python3.10/site-packages/airflow/operators/bash.py", line 276, in execute
    raise AirflowException(
airflow.exceptions.AirflowException: Bash command failed. The command returned a non-zero exit code 1.
[2026-01-29T19:36:57.263+0530] {taskinstance.py:1242} INFO - Marking task as UP_FOR_RETRY. dag_id=weather_system_pipeline_final_new, task_id=process_weather_data, run_id=manual__2026-01-29T13:45:10.653277+00:00, execution_date=20260129T134510, start_date=20260129T140638, end_date=20260129T140657
[2026-01-29T19:36:57.280+0530] {taskinstance.py:349} INFO - ::group::Post task execution logs
[2026-01-29T19:36:57.281+0530] {standard_task_runner.py:124} ERROR - Failed to execute job 329 for task process_weather_data (Bash command failed. The command returned a non-zero exit code 1.; 88833)
Traceback (most recent call last):
  File "/home/hp/Desktop/Bigdata_project/BigData-Project/airflow-venv/lib/python3.10/site-packages/airflow/task/task_runner/standard_task_runner.py", line 117, in _start_by_fork
    ret = args.func(args, dag=self.dag)
  File "/home/hp/Desktop/Bigdata_project/BigData-Project/airflow-venv/lib/python3.10/site-packages/airflow/cli/cli_config.py", line 49, in command
    return func(*args, **kwargs)
  File "/home/hp/Desktop/Bigdata_project/BigData-Project/airflow-venv/lib/python3.10/site-packages/airflow/utils/cli.py", line 116, in wrapper
    return f(*args, **kwargs)
  File "/home/hp/Desktop/Bigdata_project/BigData-Project/airflow-venv/lib/python3.10/site-packages/airflow/cli/commands/task_command.py", line 483, in task_run
    task_return_code = _run_task_by_selected_method(args, _dag, ti)
  File "/home/hp/Desktop/Bigdata_project/BigData-Project/airflow-venv/lib/python3.10/site-packages/airflow/cli/commands/task_command.py", line 256, in _run_task_by_selected_method
    return _run_raw_task(args, ti)
  File "/home/hp/Desktop/Bigdata_project/BigData-Project/airflow-venv/lib/python3.10/site-packages/airflow/cli/commands/task_command.py", line 341, in _run_raw_task
    return ti._run_raw_task(
  File "/home/hp/Desktop/Bigdata_project/BigData-Project/airflow-venv/lib/python3.10/site-packages/airflow/utils/session.py", line 97, in wrapper
    return func(*args, session=session, **kwargs)
  File "/home/hp/Desktop/Bigdata_project/BigData-Project/airflow-venv/lib/python3.10/site-packages/airflow/models/taskinstance.py", line 3029, in _run_raw_task
    return _run_raw_task(
  File "/home/hp/Desktop/Bigdata_project/BigData-Project/airflow-venv/lib/python3.10/site-packages/airflow/models/taskinstance.py", line 282, in _run_raw_task
    TaskInstance._execute_task_with_callbacks(
  File "/home/hp/Desktop/Bigdata_project/BigData-Project/airflow-venv/lib/python3.10/site-packages/airflow/models/taskinstance.py", line 3184, in _execute_task_with_callbacks
    result = self._execute_task(context, task_orig)
  File "/home/hp/Desktop/Bigdata_project/BigData-Project/airflow-venv/lib/python3.10/site-packages/airflow/models/taskinstance.py", line 3208, in _execute_task
    return _execute_task(self, context, task_orig)
  File "/home/hp/Desktop/Bigdata_project/BigData-Project/airflow-venv/lib/python3.10/site-packages/airflow/models/taskinstance.py", line 776, in _execute_task
    result = _execute_callable(context=context, **execute_callable_kwargs)
  File "/home/hp/Desktop/Bigdata_project/BigData-Project/airflow-venv/lib/python3.10/site-packages/airflow/models/taskinstance.py", line 742, in _execute_callable
    return ExecutionCallableRunner(
  File "/home/hp/Desktop/Bigdata_project/BigData-Project/airflow-venv/lib/python3.10/site-packages/airflow/utils/operator_helpers.py", line 252, in run
    return self.func(*args, **kwargs)
  File "/home/hp/Desktop/Bigdata_project/BigData-Project/airflow-venv/lib/python3.10/site-packages/airflow/models/baseoperator.py", line 424, in wrapper
    return func(self, *args, **kwargs)
  File "/home/hp/Desktop/Bigdata_project/BigData-Project/airflow-venv/lib/python3.10/site-packages/airflow/operators/bash.py", line 276, in execute
    raise AirflowException(
airflow.exceptions.AirflowException: Bash command failed. The command returned a non-zero exit code 1.
[2026-01-29T19:36:57.309+0530] {local_task_job_runner.py:266} INFO - Task exited with return code 1
[2026-01-29T19:36:57.320+0530] {taskinstance.py:3924} INFO - 0 downstream tasks scheduled from follow-on schedule check
[2026-01-29T19:36:57.321+0530] {local_task_job_runner.py:245} INFO - ::endgroup::
