[2026-01-29T16:49:26.527+0530] {local_task_job_runner.py:123} INFO - ::group::Pre task execution logs
[2026-01-29T16:49:26.542+0530] {taskinstance.py:2631} INFO - Dependencies all met for dep_context=non-requeueable deps ti=<TaskInstance: weather_system_pipeline_v5.analyze_weather_data scheduled__2026-01-27T00:00:00+00:00 [queued]>
[2026-01-29T16:49:26.549+0530] {taskinstance.py:2631} INFO - Dependencies all met for dep_context=requeueable deps ti=<TaskInstance: weather_system_pipeline_v5.analyze_weather_data scheduled__2026-01-27T00:00:00+00:00 [queued]>
[2026-01-29T16:49:26.549+0530] {taskinstance.py:2884} INFO - Starting attempt 1 of 4
[2026-01-29T16:49:26.560+0530] {taskinstance.py:2907} INFO - Executing <Task(BashOperator): analyze_weather_data> on 2026-01-27 00:00:00+00:00
[2026-01-29T16:49:26.565+0530] {standard_task_runner.py:72} INFO - Started process 52619 to run task
[2026-01-29T16:49:26.569+0530] {standard_task_runner.py:104} INFO - Running: ['airflow', 'tasks', 'run', 'weather_system_pipeline_v5', 'analyze_weather_data', 'scheduled__2026-01-27T00:00:00+00:00', '--job-id', '294', '--raw', '--subdir', 'DAGS_FOLDER/dag_3.py', '--cfg-path', '/tmp/tmpvp8iiiah']
[2026-01-29T16:49:26.570+0530] {standard_task_runner.py:105} INFO - Job 294: Subtask analyze_weather_data
[2026-01-29T16:49:26.604+0530] {task_command.py:467} INFO - Running <TaskInstance: weather_system_pipeline_v5.analyze_weather_data scheduled__2026-01-27T00:00:00+00:00 [running]> on host Aishwarya92848DBDA
[2026-01-29T16:49:26.656+0530] {taskinstance.py:3157} INFO - Exporting env vars: AIRFLOW_CTX_DAG_OWNER='Aishwarya' AIRFLOW_CTX_DAG_ID='weather_system_pipeline_v5' AIRFLOW_CTX_TASK_ID='analyze_weather_data' AIRFLOW_CTX_EXECUTION_DATE='2026-01-27T00:00:00+00:00' AIRFLOW_CTX_TRY_NUMBER='1' AIRFLOW_CTX_DAG_RUN_ID='scheduled__2026-01-27T00:00:00+00:00'
[2026-01-29T16:49:26.657+0530] {taskinstance.py:740} INFO - ::endgroup::
[2026-01-29T16:49:26.667+0530] {subprocess.py:78} INFO - Tmp dir root location: /tmp
[2026-01-29T16:49:26.668+0530] {subprocess.py:88} INFO - Running command: ['/usr/bin/bash', '-c', 'export SPARK_HOME=/home/hp/.local/lib/python3.10/site-packages/pyspark\n     export PATH=$SPARK_HOME/bin:$PATH\n     export PYSPARK_PYTHON=/home/hp/Desktop/Bigdata_project/BigData-Project/airflow-venv/bin/python\n\n     spark-submit --master local[2]      /home/hp/Desktop/Bigdata_project/BigData-Project/processing.py\n        ']
[2026-01-29T16:49:26.678+0530] {subprocess.py:99} INFO - Output:
[2026-01-29T16:49:29.191+0530] {subprocess.py:106} INFO - 26/01/29 16:49:29 INFO SparkContext: Running Spark version 3.5.1
[2026-01-29T16:49:29.194+0530] {subprocess.py:106} INFO - 26/01/29 16:49:29 INFO SparkContext: OS info Linux, 6.8.0-90-generic, amd64
[2026-01-29T16:49:29.195+0530] {subprocess.py:106} INFO - 26/01/29 16:49:29 INFO SparkContext: Java version 1.8.0_472
[2026-01-29T16:49:29.247+0530] {subprocess.py:106} INFO - 26/01/29 16:49:29 WARN NativeCodeLoader: Unable to load native-hadoop library for your platform... using builtin-java classes where applicable
[2026-01-29T16:49:29.316+0530] {subprocess.py:106} INFO - 26/01/29 16:49:29 INFO ResourceUtils: ==============================================================
[2026-01-29T16:49:29.317+0530] {subprocess.py:106} INFO - 26/01/29 16:49:29 INFO ResourceUtils: No custom resources configured for spark.driver.
[2026-01-29T16:49:29.317+0530] {subprocess.py:106} INFO - 26/01/29 16:49:29 INFO ResourceUtils: ==============================================================
[2026-01-29T16:49:29.318+0530] {subprocess.py:106} INFO - 26/01/29 16:49:29 INFO SparkContext: Submitted application: WeatherSystem
[2026-01-29T16:49:29.340+0530] {subprocess.py:106} INFO - 26/01/29 16:49:29 INFO ResourceProfile: Default ResourceProfile created, executor resources: Map(cores -> name: cores, amount: 1, script: , vendor: , memory -> name: memory, amount: 1024, script: , vendor: , offHeap -> name: offHeap, amount: 0, script: , vendor: ), task resources: Map(cpus -> name: cpus, amount: 1.0)
[2026-01-29T16:49:29.351+0530] {subprocess.py:106} INFO - 26/01/29 16:49:29 INFO ResourceProfile: Limiting resource is cpu
[2026-01-29T16:49:29.352+0530] {subprocess.py:106} INFO - 26/01/29 16:49:29 INFO ResourceProfileManager: Added ResourceProfile id: 0
[2026-01-29T16:49:29.404+0530] {subprocess.py:106} INFO - 26/01/29 16:49:29 INFO SecurityManager: Changing view acls to: hp
[2026-01-29T16:49:29.404+0530] {subprocess.py:106} INFO - 26/01/29 16:49:29 INFO SecurityManager: Changing modify acls to: hp
[2026-01-29T16:49:29.405+0530] {subprocess.py:106} INFO - 26/01/29 16:49:29 INFO SecurityManager: Changing view acls groups to:
[2026-01-29T16:49:29.405+0530] {subprocess.py:106} INFO - 26/01/29 16:49:29 INFO SecurityManager: Changing modify acls groups to:
[2026-01-29T16:49:29.406+0530] {subprocess.py:106} INFO - 26/01/29 16:49:29 INFO SecurityManager: SecurityManager: authentication disabled; ui acls disabled; users with view permissions: hp; groups with view permissions: EMPTY; users with modify permissions: hp; groups with modify permissions: EMPTY
[2026-01-29T16:49:29.623+0530] {subprocess.py:106} INFO - 26/01/29 16:49:29 INFO Utils: Successfully started service 'sparkDriver' on port 35339.
[2026-01-29T16:49:29.650+0530] {subprocess.py:106} INFO - 26/01/29 16:49:29 INFO SparkEnv: Registering MapOutputTracker
[2026-01-29T16:49:29.683+0530] {subprocess.py:106} INFO - 26/01/29 16:49:29 INFO SparkEnv: Registering BlockManagerMaster
[2026-01-29T16:49:29.698+0530] {subprocess.py:106} INFO - 26/01/29 16:49:29 INFO BlockManagerMasterEndpoint: Using org.apache.spark.storage.DefaultTopologyMapper for getting topology information
[2026-01-29T16:49:29.698+0530] {subprocess.py:106} INFO - 26/01/29 16:49:29 INFO BlockManagerMasterEndpoint: BlockManagerMasterEndpoint up
[2026-01-29T16:49:29.702+0530] {subprocess.py:106} INFO - 26/01/29 16:49:29 INFO SparkEnv: Registering BlockManagerMasterHeartbeat
[2026-01-29T16:49:29.753+0530] {subprocess.py:106} INFO - 26/01/29 16:49:29 INFO DiskBlockManager: Created local directory at /tmp/blockmgr-30335b81-bcf3-4e6b-8b9c-31715e6ad9ea
[2026-01-29T16:49:29.767+0530] {subprocess.py:106} INFO - 26/01/29 16:49:29 INFO MemoryStore: MemoryStore started with capacity 366.3 MiB
[2026-01-29T16:49:29.783+0530] {subprocess.py:106} INFO - 26/01/29 16:49:29 INFO SparkEnv: Registering OutputCommitCoordinator
[2026-01-29T16:49:29.929+0530] {subprocess.py:106} INFO - 26/01/29 16:49:29 INFO JettyUtils: Start Jetty 0.0.0.0:4040 for SparkUI
[2026-01-29T16:49:29.991+0530] {subprocess.py:106} INFO - 26/01/29 16:49:29 INFO Utils: Successfully started service 'SparkUI' on port 4040.
[2026-01-29T16:49:30.084+0530] {subprocess.py:106} INFO - 26/01/29 16:49:30 INFO Executor: Starting executor ID driver on host Aishwarya92848DBDA
[2026-01-29T16:49:30.085+0530] {subprocess.py:106} INFO - 26/01/29 16:49:30 INFO Executor: OS info Linux, 6.8.0-90-generic, amd64
[2026-01-29T16:49:30.085+0530] {subprocess.py:106} INFO - 26/01/29 16:49:30 INFO Executor: Java version 1.8.0_472
[2026-01-29T16:49:30.092+0530] {subprocess.py:106} INFO - 26/01/29 16:49:30 INFO Executor: Starting executor with user classpath (userClassPathFirst = false): ''
[2026-01-29T16:49:30.093+0530] {subprocess.py:106} INFO - 26/01/29 16:49:30 INFO Executor: Created or updated repl class loader org.apache.spark.util.MutableURLClassLoader@799bc079 for default.
[2026-01-29T16:49:30.116+0530] {subprocess.py:106} INFO - 26/01/29 16:49:30 INFO Utils: Successfully started service 'org.apache.spark.network.netty.NettyBlockTransferService' on port 34839.
[2026-01-29T16:49:30.117+0530] {subprocess.py:106} INFO - 26/01/29 16:49:30 INFO NettyBlockTransferService: Server created on Aishwarya92848DBDA:34839
[2026-01-29T16:49:30.118+0530] {subprocess.py:106} INFO - 26/01/29 16:49:30 INFO BlockManager: Using org.apache.spark.storage.RandomBlockReplicationPolicy for block replication policy
[2026-01-29T16:49:30.123+0530] {subprocess.py:106} INFO - 26/01/29 16:49:30 INFO BlockManagerMaster: Registering BlockManager BlockManagerId(driver, Aishwarya92848DBDA, 34839, None)
[2026-01-29T16:49:30.127+0530] {subprocess.py:106} INFO - 26/01/29 16:49:30 INFO BlockManagerMasterEndpoint: Registering block manager Aishwarya92848DBDA:34839 with 366.3 MiB RAM, BlockManagerId(driver, Aishwarya92848DBDA, 34839, None)
[2026-01-29T16:49:30.129+0530] {subprocess.py:106} INFO - 26/01/29 16:49:30 INFO BlockManagerMaster: Registered BlockManager BlockManagerId(driver, Aishwarya92848DBDA, 34839, None)
[2026-01-29T16:49:30.131+0530] {subprocess.py:106} INFO - 26/01/29 16:49:30 INFO BlockManager: Initialized BlockManager: BlockManagerId(driver, Aishwarya92848DBDA, 34839, None)
[2026-01-29T16:49:30.567+0530] {subprocess.py:106} INFO - 26/01/29 16:49:30 INFO SharedState: Setting hive.metastore.warehouse.dir ('null') to the value of spark.sql.warehouse.dir.
[2026-01-29T16:49:30.574+0530] {subprocess.py:106} INFO - 26/01/29 16:49:30 INFO SharedState: Warehouse path is 'file:/tmp/airflowtmpd92bb6s_/spark-warehouse'.
[2026-01-29T16:49:31.867+0530] {subprocess.py:106} INFO - 26/01/29 16:49:31 INFO InMemoryFileIndex: It took 69 ms to list leaf files for 1 paths.
[2026-01-29T16:49:32.393+0530] {subprocess.py:106} INFO - 26/01/29 16:49:32 INFO SparkContext: Starting job: parquet at NativeMethodAccessorImpl.java:0
[2026-01-29T16:49:32.416+0530] {subprocess.py:106} INFO - 26/01/29 16:49:32 INFO DAGScheduler: Got job 0 (parquet at NativeMethodAccessorImpl.java:0) with 1 output partitions
[2026-01-29T16:49:32.417+0530] {subprocess.py:106} INFO - 26/01/29 16:49:32 INFO DAGScheduler: Final stage: ResultStage 0 (parquet at NativeMethodAccessorImpl.java:0)
[2026-01-29T16:49:32.418+0530] {subprocess.py:106} INFO - 26/01/29 16:49:32 INFO DAGScheduler: Parents of final stage: List()
[2026-01-29T16:49:32.420+0530] {subprocess.py:106} INFO - 26/01/29 16:49:32 INFO DAGScheduler: Missing parents: List()
[2026-01-29T16:49:32.427+0530] {subprocess.py:106} INFO - 26/01/29 16:49:32 INFO DAGScheduler: Submitting ResultStage 0 (MapPartitionsRDD[1] at parquet at NativeMethodAccessorImpl.java:0), which has no missing parents
[2026-01-29T16:49:32.516+0530] {subprocess.py:106} INFO - 26/01/29 16:49:32 INFO MemoryStore: Block broadcast_0 stored as values in memory (estimated size 103.2 KiB, free 366.2 MiB)
[2026-01-29T16:49:32.553+0530] {subprocess.py:106} INFO - 26/01/29 16:49:32 INFO MemoryStore: Block broadcast_0_piece0 stored as bytes in memory (estimated size 37.2 KiB, free 366.2 MiB)
[2026-01-29T16:49:32.557+0530] {subprocess.py:106} INFO - 26/01/29 16:49:32 INFO BlockManagerInfo: Added broadcast_0_piece0 in memory on Aishwarya92848DBDA:34839 (size: 37.2 KiB, free: 366.3 MiB)
[2026-01-29T16:49:32.561+0530] {subprocess.py:106} INFO - 26/01/29 16:49:32 INFO SparkContext: Created broadcast 0 from broadcast at DAGScheduler.scala:1585
[2026-01-29T16:49:32.583+0530] {subprocess.py:106} INFO - 26/01/29 16:49:32 INFO DAGScheduler: Submitting 1 missing tasks from ResultStage 0 (MapPartitionsRDD[1] at parquet at NativeMethodAccessorImpl.java:0) (first 15 tasks are for partitions Vector(0))
[2026-01-29T16:49:32.584+0530] {subprocess.py:106} INFO - 26/01/29 16:49:32 INFO TaskSchedulerImpl: Adding task set 0.0 with 1 tasks resource profile 0
[2026-01-29T16:49:32.652+0530] {subprocess.py:106} INFO - 26/01/29 16:49:32 INFO TaskSetManager: Starting task 0.0 in stage 0.0 (TID 0) (Aishwarya92848DBDA, executor driver, partition 0, PROCESS_LOCAL, 7848 bytes)
[2026-01-29T16:49:32.669+0530] {subprocess.py:106} INFO - 26/01/29 16:49:32 INFO Executor: Running task 0.0 in stage 0.0 (TID 0)
[2026-01-29T16:49:33.353+0530] {subprocess.py:106} INFO - 26/01/29 16:49:33 INFO Executor: Finished task 0.0 in stage 0.0 (TID 0). 5557 bytes result sent to driver
[2026-01-29T16:49:33.368+0530] {subprocess.py:106} INFO - 26/01/29 16:49:33 INFO TaskSetManager: Finished task 0.0 in stage 0.0 (TID 0) in 743 ms on Aishwarya92848DBDA (executor driver) (1/1)
[2026-01-29T16:49:33.370+0530] {subprocess.py:106} INFO - 26/01/29 16:49:33 INFO TaskSchedulerImpl: Removed TaskSet 0.0, whose tasks have all completed, from pool
[2026-01-29T16:49:33.376+0530] {subprocess.py:106} INFO - 26/01/29 16:49:33 INFO DAGScheduler: ResultStage 0 (parquet at NativeMethodAccessorImpl.java:0) finished in 0.930 s
[2026-01-29T16:49:33.381+0530] {subprocess.py:106} INFO - 26/01/29 16:49:33 INFO DAGScheduler: Job 0 is finished. Cancelling potential speculative or zombie tasks for this job
[2026-01-29T16:49:33.382+0530] {subprocess.py:106} INFO - 26/01/29 16:49:33 INFO TaskSchedulerImpl: Killing all running tasks in stage 0: Stage finished
[2026-01-29T16:49:33.384+0530] {subprocess.py:106} INFO - 26/01/29 16:49:33 INFO DAGScheduler: Job 0 finished: parquet at NativeMethodAccessorImpl.java:0, took 0.991522 s
[2026-01-29T16:49:33.744+0530] {subprocess.py:106} INFO - 26/01/29 16:49:33 INFO BlockManagerInfo: Removed broadcast_0_piece0 on Aishwarya92848DBDA:34839 in memory (size: 37.2 KiB, free: 366.3 MiB)
[2026-01-29T16:49:35.549+0530] {subprocess.py:106} INFO - 26/01/29 16:49:35 INFO FileSourceStrategy: Pushed Filters:
[2026-01-29T16:49:35.551+0530] {subprocess.py:106} INFO - 26/01/29 16:49:35 INFO FileSourceStrategy: Post-Scan Filters:
[2026-01-29T16:49:36.287+0530] {subprocess.py:106} INFO - 26/01/29 16:49:36 INFO CodeGenerator: Code generated in 427.576823 ms
[2026-01-29T16:49:36.311+0530] {subprocess.py:106} INFO - 26/01/29 16:49:36 INFO MemoryStore: Block broadcast_1 stored as values in memory (estimated size 358.0 KiB, free 366.0 MiB)
[2026-01-29T16:49:36.323+0530] {subprocess.py:106} INFO - 26/01/29 16:49:36 INFO MemoryStore: Block broadcast_1_piece0 stored as bytes in memory (estimated size 35.3 KiB, free 365.9 MiB)
[2026-01-29T16:49:36.323+0530] {subprocess.py:106} INFO - 26/01/29 16:49:36 INFO BlockManagerInfo: Added broadcast_1_piece0 in memory on Aishwarya92848DBDA:34839 (size: 35.3 KiB, free: 366.3 MiB)
[2026-01-29T16:49:36.325+0530] {subprocess.py:106} INFO - 26/01/29 16:49:36 INFO SparkContext: Created broadcast 1 from parquet at NativeMethodAccessorImpl.java:0
[2026-01-29T16:49:36.337+0530] {subprocess.py:106} INFO - 26/01/29 16:49:36 INFO FileSourceScanExec: Planning scan with bin packing, max size: 4194304 bytes, open cost is considered as scanning 4194304 bytes.
[2026-01-29T16:49:36.456+0530] {subprocess.py:106} INFO - 26/01/29 16:49:36 INFO DAGScheduler: Registering RDD 5 (parquet at NativeMethodAccessorImpl.java:0) as input to shuffle 0
[2026-01-29T16:49:36.463+0530] {subprocess.py:106} INFO - 26/01/29 16:49:36 INFO DAGScheduler: Got map stage job 1 (parquet at NativeMethodAccessorImpl.java:0) with 4 output partitions
[2026-01-29T16:49:36.463+0530] {subprocess.py:106} INFO - 26/01/29 16:49:36 INFO DAGScheduler: Final stage: ShuffleMapStage 1 (parquet at NativeMethodAccessorImpl.java:0)
[2026-01-29T16:49:36.464+0530] {subprocess.py:106} INFO - 26/01/29 16:49:36 INFO DAGScheduler: Parents of final stage: List()
[2026-01-29T16:49:36.465+0530] {subprocess.py:106} INFO - 26/01/29 16:49:36 INFO DAGScheduler: Missing parents: List()
[2026-01-29T16:49:36.467+0530] {subprocess.py:106} INFO - 26/01/29 16:49:36 INFO DAGScheduler: Submitting ShuffleMapStage 1 (MapPartitionsRDD[5] at parquet at NativeMethodAccessorImpl.java:0), which has no missing parents
[2026-01-29T16:49:36.486+0530] {subprocess.py:106} INFO - 26/01/29 16:49:36 INFO MemoryStore: Block broadcast_2 stored as values in memory (estimated size 68.7 KiB, free 365.8 MiB)
[2026-01-29T16:49:36.490+0530] {subprocess.py:106} INFO - 26/01/29 16:49:36 INFO MemoryStore: Block broadcast_2_piece0 stored as bytes in memory (estimated size 25.7 KiB, free 365.8 MiB)
[2026-01-29T16:49:36.490+0530] {subprocess.py:106} INFO - 26/01/29 16:49:36 INFO BlockManagerInfo: Added broadcast_2_piece0 in memory on Aishwarya92848DBDA:34839 (size: 25.7 KiB, free: 366.2 MiB)
[2026-01-29T16:49:36.491+0530] {subprocess.py:106} INFO - 26/01/29 16:49:36 INFO SparkContext: Created broadcast 2 from broadcast at DAGScheduler.scala:1585
[2026-01-29T16:49:36.493+0530] {subprocess.py:106} INFO - 26/01/29 16:49:36 INFO DAGScheduler: Submitting 4 missing tasks from ShuffleMapStage 1 (MapPartitionsRDD[5] at parquet at NativeMethodAccessorImpl.java:0) (first 15 tasks are for partitions Vector(0, 1, 2, 3))
[2026-01-29T16:49:36.493+0530] {subprocess.py:106} INFO - 26/01/29 16:49:36 INFO TaskSchedulerImpl: Adding task set 1.0 with 4 tasks resource profile 0
[2026-01-29T16:49:36.502+0530] {subprocess.py:106} INFO - 26/01/29 16:49:36 INFO TaskSetManager: Starting task 0.0 in stage 1.0 (TID 1) (Aishwarya92848DBDA, executor driver, partition 0, NODE_LOCAL, 8305 bytes)
[2026-01-29T16:49:36.503+0530] {subprocess.py:106} INFO - 26/01/29 16:49:36 INFO TaskSetManager: Starting task 1.0 in stage 1.0 (TID 2) (Aishwarya92848DBDA, executor driver, partition 1, NODE_LOCAL, 8305 bytes)
[2026-01-29T16:49:36.503+0530] {subprocess.py:106} INFO - 26/01/29 16:49:36 INFO TaskSetManager: Starting task 2.0 in stage 1.0 (TID 3) (Aishwarya92848DBDA, executor driver, partition 2, NODE_LOCAL, 8305 bytes)
[2026-01-29T16:49:36.504+0530] {subprocess.py:106} INFO - 26/01/29 16:49:36 INFO TaskSetManager: Starting task 3.0 in stage 1.0 (TID 4) (Aishwarya92848DBDA, executor driver, partition 3, NODE_LOCAL, 8305 bytes)
[2026-01-29T16:49:36.504+0530] {subprocess.py:106} INFO - 26/01/29 16:49:36 INFO Executor: Running task 0.0 in stage 1.0 (TID 1)
[2026-01-29T16:49:36.505+0530] {subprocess.py:106} INFO - 26/01/29 16:49:36 INFO Executor: Running task 1.0 in stage 1.0 (TID 2)
[2026-01-29T16:49:36.527+0530] {subprocess.py:106} INFO - 26/01/29 16:49:36 INFO Executor: Running task 3.0 in stage 1.0 (TID 4)
[2026-01-29T16:49:36.527+0530] {subprocess.py:106} INFO - 26/01/29 16:49:36 INFO Executor: Running task 2.0 in stage 1.0 (TID 3)
[2026-01-29T16:49:36.689+0530] {subprocess.py:106} INFO - 26/01/29 16:49:36 INFO CodeGenerator: Code generated in 71.202829 ms
[2026-01-29T16:49:36.721+0530] {subprocess.py:106} INFO - 26/01/29 16:49:36 INFO CodeGenerator: Code generated in 15.873869 ms
[2026-01-29T16:49:36.748+0530] {subprocess.py:106} INFO - 26/01/29 16:49:36 INFO CodeGenerator: Code generated in 8.632899 ms
[2026-01-29T16:49:36.781+0530] {subprocess.py:106} INFO - 26/01/29 16:49:36 INFO CodeGenerator: Code generated in 14.491788 ms
[2026-01-29T16:49:36.809+0530] {subprocess.py:106} INFO - 26/01/29 16:49:36 INFO CodeGenerator: Code generated in 8.29012 ms
[2026-01-29T16:49:36.827+0530] {subprocess.py:106} INFO - 26/01/29 16:49:36 INFO FileScanRDD: Reading File path: hdfs://localhost:9000/weather/data/processed/weather_processed.parquet/part-00002-439e0679-4398-4693-b29d-071e4e70fed9-c000.snappy.parquet, range: 0-1001519, partition values: [empty row]
[2026-01-29T16:49:36.828+0530] {subprocess.py:106} INFO - 26/01/29 16:49:36 INFO FileScanRDD: Reading File path: hdfs://localhost:9000/weather/data/processed/weather_processed.parquet/part-00003-439e0679-4398-4693-b29d-071e4e70fed9-c000.snappy.parquet, range: 0-1467543, partition values: [empty row]
[2026-01-29T16:49:36.828+0530] {subprocess.py:106} INFO - 26/01/29 16:49:36 INFO FileScanRDD: Reading File path: hdfs://localhost:9000/weather/data/processed/weather_processed.parquet/part-00001-439e0679-4398-4693-b29d-071e4e70fed9-c000.snappy.parquet, range: 0-995052, partition values: [empty row]
[2026-01-29T16:49:36.829+0530] {subprocess.py:106} INFO - 26/01/29 16:49:36 INFO FileScanRDD: Reading File path: hdfs://localhost:9000/weather/data/processed/weather_processed.parquet/part-00000-439e0679-4398-4693-b29d-071e4e70fed9-c000.snappy.parquet, range: 0-1468250, partition values: [empty row]
[2026-01-29T16:49:37.006+0530] {subprocess.py:106} INFO - 26/01/29 16:49:37 INFO CodecPool: Got brand-new decompressor [.snappy]
[2026-01-29T16:49:37.007+0530] {subprocess.py:106} INFO - 26/01/29 16:49:37 INFO CodecPool: Got brand-new decompressor [.snappy]
[2026-01-29T16:49:37.007+0530] {subprocess.py:106} INFO - 26/01/29 16:49:37 INFO CodecPool: Got brand-new decompressor [.snappy]
[2026-01-29T16:49:37.007+0530] {subprocess.py:106} INFO - 26/01/29 16:49:37 INFO CodecPool: Got brand-new decompressor [.snappy]
[2026-01-29T16:49:37.322+0530] {subprocess.py:106} INFO - 26/01/29 16:49:37 INFO Executor: Finished task 1.0 in stage 1.0 (TID 2). 2979 bytes result sent to driver
[2026-01-29T16:49:37.322+0530] {subprocess.py:106} INFO - 26/01/29 16:49:37 INFO Executor: Finished task 2.0 in stage 1.0 (TID 3). 2979 bytes result sent to driver
[2026-01-29T16:49:37.322+0530] {subprocess.py:106} INFO - 26/01/29 16:49:37 INFO Executor: Finished task 3.0 in stage 1.0 (TID 4). 2979 bytes result sent to driver
[2026-01-29T16:49:37.323+0530] {subprocess.py:106} INFO - 26/01/29 16:49:37 INFO Executor: Finished task 0.0 in stage 1.0 (TID 1). 3022 bytes result sent to driver
[2026-01-29T16:49:37.325+0530] {subprocess.py:106} INFO - 26/01/29 16:49:37 INFO TaskSetManager: Finished task 2.0 in stage 1.0 (TID 3) in 821 ms on Aishwarya92848DBDA (executor driver) (1/4)
[2026-01-29T16:49:37.326+0530] {subprocess.py:106} INFO - 26/01/29 16:49:37 INFO TaskSetManager: Finished task 0.0 in stage 1.0 (TID 1) in 828 ms on Aishwarya92848DBDA (executor driver) (2/4)
[2026-01-29T16:49:37.326+0530] {subprocess.py:106} INFO - 26/01/29 16:49:37 INFO TaskSetManager: Finished task 1.0 in stage 1.0 (TID 2) in 823 ms on Aishwarya92848DBDA (executor driver) (3/4)
[2026-01-29T16:49:37.327+0530] {subprocess.py:106} INFO - 26/01/29 16:49:37 INFO TaskSetManager: Finished task 3.0 in stage 1.0 (TID 4) in 823 ms on Aishwarya92848DBDA (executor driver) (4/4)
[2026-01-29T16:49:37.327+0530] {subprocess.py:106} INFO - 26/01/29 16:49:37 INFO TaskSchedulerImpl: Removed TaskSet 1.0, whose tasks have all completed, from pool
[2026-01-29T16:49:37.332+0530] {subprocess.py:106} INFO - 26/01/29 16:49:37 INFO DAGScheduler: ShuffleMapStage 1 (parquet at NativeMethodAccessorImpl.java:0) finished in 0.858 s
[2026-01-29T16:49:37.332+0530] {subprocess.py:106} INFO - 26/01/29 16:49:37 INFO DAGScheduler: looking for newly runnable stages
[2026-01-29T16:49:37.333+0530] {subprocess.py:106} INFO - 26/01/29 16:49:37 INFO DAGScheduler: running: Set()
[2026-01-29T16:49:37.334+0530] {subprocess.py:106} INFO - 26/01/29 16:49:37 INFO DAGScheduler: waiting: Set()
[2026-01-29T16:49:37.334+0530] {subprocess.py:106} INFO - 26/01/29 16:49:37 INFO DAGScheduler: failed: Set()
[2026-01-29T16:49:37.370+0530] {subprocess.py:106} INFO - 26/01/29 16:49:37 INFO ShufflePartitionsUtil: For shuffle(0), advisory target size: 67108864, actual target size 1048576, minimum partition size: 1048576
[2026-01-29T16:49:37.396+0530] {subprocess.py:106} INFO - 26/01/29 16:49:37 INFO HashAggregateExec: spark.sql.codegen.aggregate.map.twolevel.enabled is set to true, but current version of codegened fast hashmap does not support this aggregate.
[2026-01-29T16:49:37.466+0530] {subprocess.py:106} INFO - 26/01/29 16:49:37 INFO CodeGenerator: Code generated in 41.328324 ms
[2026-01-29T16:49:37.522+0530] {subprocess.py:106} INFO - 26/01/29 16:49:37 INFO CodeGenerator: Code generated in 12.141993 ms
[2026-01-29T16:49:37.547+0530] {subprocess.py:106} INFO - 26/01/29 16:49:37 INFO SparkContext: Starting job: parquet at NativeMethodAccessorImpl.java:0
[2026-01-29T16:49:37.549+0530] {subprocess.py:106} INFO - 26/01/29 16:49:37 INFO DAGScheduler: Got job 2 (parquet at NativeMethodAccessorImpl.java:0) with 1 output partitions
[2026-01-29T16:49:37.550+0530] {subprocess.py:106} INFO - 26/01/29 16:49:37 INFO DAGScheduler: Final stage: ResultStage 3 (parquet at NativeMethodAccessorImpl.java:0)
[2026-01-29T16:49:37.550+0530] {subprocess.py:106} INFO - 26/01/29 16:49:37 INFO DAGScheduler: Parents of final stage: List(ShuffleMapStage 2)
[2026-01-29T16:49:37.550+0530] {subprocess.py:106} INFO - 26/01/29 16:49:37 INFO DAGScheduler: Missing parents: List()
[2026-01-29T16:49:37.552+0530] {subprocess.py:106} INFO - 26/01/29 16:49:37 INFO DAGScheduler: Submitting ResultStage 3 (MapPartitionsRDD[10] at parquet at NativeMethodAccessorImpl.java:0), which has no missing parents
[2026-01-29T16:49:37.570+0530] {subprocess.py:106} INFO - 26/01/29 16:49:37 INFO MemoryStore: Block broadcast_3 stored as values in memory (estimated size 85.4 KiB, free 365.7 MiB)
[2026-01-29T16:49:37.572+0530] {subprocess.py:106} INFO - 26/01/29 16:49:37 INFO MemoryStore: Block broadcast_3_piece0 stored as bytes in memory (estimated size 31.7 KiB, free 365.7 MiB)
[2026-01-29T16:49:37.573+0530] {subprocess.py:106} INFO - 26/01/29 16:49:37 INFO BlockManagerInfo: Added broadcast_3_piece0 in memory on Aishwarya92848DBDA:34839 (size: 31.7 KiB, free: 366.2 MiB)
[2026-01-29T16:49:37.573+0530] {subprocess.py:106} INFO - 26/01/29 16:49:37 INFO SparkContext: Created broadcast 3 from broadcast at DAGScheduler.scala:1585
[2026-01-29T16:49:37.574+0530] {subprocess.py:106} INFO - 26/01/29 16:49:37 INFO DAGScheduler: Submitting 1 missing tasks from ResultStage 3 (MapPartitionsRDD[10] at parquet at NativeMethodAccessorImpl.java:0) (first 15 tasks are for partitions Vector(0))
[2026-01-29T16:49:37.575+0530] {subprocess.py:106} INFO - 26/01/29 16:49:37 INFO TaskSchedulerImpl: Adding task set 3.0 with 1 tasks resource profile 0
[2026-01-29T16:49:37.577+0530] {subprocess.py:106} INFO - 26/01/29 16:49:37 INFO TaskSetManager: Starting task 0.0 in stage 3.0 (TID 5) (Aishwarya92848DBDA, executor driver, partition 0, NODE_LOCAL, 7615 bytes)
[2026-01-29T16:49:37.577+0530] {subprocess.py:106} INFO - 26/01/29 16:49:37 INFO Executor: Running task 0.0 in stage 3.0 (TID 5)
[2026-01-29T16:49:37.629+0530] {subprocess.py:106} INFO - 26/01/29 16:49:37 INFO ShuffleBlockFetcherIterator: Getting 4 (37.0 KiB) non-empty blocks including 4 (37.0 KiB) local and 0 (0.0 B) host-local and 0 (0.0 B) push-merged-local and 0 (0.0 B) remote blocks
[2026-01-29T16:49:37.631+0530] {subprocess.py:106} INFO - 26/01/29 16:49:37 INFO ShuffleBlockFetcherIterator: Started 0 remote fetches in 12 ms
[2026-01-29T16:49:37.688+0530] {subprocess.py:106} INFO - 26/01/29 16:49:37 INFO CodeGenerator: Code generated in 51.534867 ms
[2026-01-29T16:49:37.742+0530] {subprocess.py:106} INFO - 26/01/29 16:49:37 INFO Executor: Finished task 0.0 in stage 3.0 (TID 5). 19419 bytes result sent to driver
[2026-01-29T16:49:37.745+0530] {subprocess.py:106} INFO - 26/01/29 16:49:37 INFO TaskSetManager: Finished task 0.0 in stage 3.0 (TID 5) in 169 ms on Aishwarya92848DBDA (executor driver) (1/1)
[2026-01-29T16:49:37.745+0530] {subprocess.py:106} INFO - 26/01/29 16:49:37 INFO TaskSchedulerImpl: Removed TaskSet 3.0, whose tasks have all completed, from pool
[2026-01-29T16:49:37.746+0530] {subprocess.py:106} INFO - 26/01/29 16:49:37 INFO DAGScheduler: ResultStage 3 (parquet at NativeMethodAccessorImpl.java:0) finished in 0.179 s
[2026-01-29T16:49:37.746+0530] {subprocess.py:106} INFO - 26/01/29 16:49:37 INFO DAGScheduler: Job 2 is finished. Cancelling potential speculative or zombie tasks for this job
[2026-01-29T16:49:37.747+0530] {subprocess.py:106} INFO - 26/01/29 16:49:37 INFO TaskSchedulerImpl: Killing all running tasks in stage 3: Stage finished
[2026-01-29T16:49:37.747+0530] {subprocess.py:106} INFO - 26/01/29 16:49:37 INFO DAGScheduler: Job 2 finished: parquet at NativeMethodAccessorImpl.java:0, took 0.199430 s
[2026-01-29T16:49:37.759+0530] {subprocess.py:106} INFO - 26/01/29 16:49:37 INFO DAGScheduler: Registering RDD 11 (parquet at NativeMethodAccessorImpl.java:0) as input to shuffle 1
[2026-01-29T16:49:37.760+0530] {subprocess.py:106} INFO - 26/01/29 16:49:37 INFO DAGScheduler: Got map stage job 3 (parquet at NativeMethodAccessorImpl.java:0) with 1 output partitions
[2026-01-29T16:49:37.761+0530] {subprocess.py:106} INFO - 26/01/29 16:49:37 INFO DAGScheduler: Final stage: ShuffleMapStage 5 (parquet at NativeMethodAccessorImpl.java:0)
[2026-01-29T16:49:37.761+0530] {subprocess.py:106} INFO - 26/01/29 16:49:37 INFO DAGScheduler: Parents of final stage: List(ShuffleMapStage 4)
[2026-01-29T16:49:37.761+0530] {subprocess.py:106} INFO - 26/01/29 16:49:37 INFO DAGScheduler: Missing parents: List()
[2026-01-29T16:49:37.763+0530] {subprocess.py:106} INFO - 26/01/29 16:49:37 INFO DAGScheduler: Submitting ShuffleMapStage 5 (MapPartitionsRDD[11] at parquet at NativeMethodAccessorImpl.java:0), which has no missing parents
[2026-01-29T16:49:37.780+0530] {subprocess.py:106} INFO - 26/01/29 16:49:37 INFO MemoryStore: Block broadcast_4 stored as values in memory (estimated size 96.0 KiB, free 365.6 MiB)
[2026-01-29T16:49:37.784+0530] {subprocess.py:106} INFO - 26/01/29 16:49:37 INFO MemoryStore: Block broadcast_4_piece0 stored as bytes in memory (estimated size 33.6 KiB, free 365.6 MiB)
[2026-01-29T16:49:37.785+0530] {subprocess.py:106} INFO - 26/01/29 16:49:37 INFO BlockManagerInfo: Added broadcast_4_piece0 in memory on Aishwarya92848DBDA:34839 (size: 33.6 KiB, free: 366.2 MiB)
[2026-01-29T16:49:37.785+0530] {subprocess.py:106} INFO - 26/01/29 16:49:37 INFO SparkContext: Created broadcast 4 from broadcast at DAGScheduler.scala:1585
[2026-01-29T16:49:37.786+0530] {subprocess.py:106} INFO - 26/01/29 16:49:37 INFO DAGScheduler: Submitting 1 missing tasks from ShuffleMapStage 5 (MapPartitionsRDD[11] at parquet at NativeMethodAccessorImpl.java:0) (first 15 tasks are for partitions Vector(0))
[2026-01-29T16:49:37.786+0530] {subprocess.py:106} INFO - 26/01/29 16:49:37 INFO TaskSchedulerImpl: Adding task set 5.0 with 1 tasks resource profile 0
[2026-01-29T16:49:37.788+0530] {subprocess.py:106} INFO - 26/01/29 16:49:37 INFO TaskSetManager: Starting task 0.0 in stage 5.0 (TID 6) (Aishwarya92848DBDA, executor driver, partition 0, NODE_LOCAL, 7604 bytes)
[2026-01-29T16:49:37.788+0530] {subprocess.py:106} INFO - 26/01/29 16:49:37 INFO Executor: Running task 0.0 in stage 5.0 (TID 6)
[2026-01-29T16:49:37.812+0530] {subprocess.py:106} INFO - 26/01/29 16:49:37 INFO CodeGenerator: Code generated in 6.923287 ms
[2026-01-29T16:49:37.817+0530] {subprocess.py:106} INFO - 26/01/29 16:49:37 INFO ShuffleBlockFetcherIterator: Getting 4 (37.0 KiB) non-empty blocks including 4 (37.0 KiB) local and 0 (0.0 B) host-local and 0 (0.0 B) push-merged-local and 0 (0.0 B) remote blocks
[2026-01-29T16:49:37.818+0530] {subprocess.py:106} INFO - 26/01/29 16:49:37 INFO ShuffleBlockFetcherIterator: Started 0 remote fetches in 1 ms
[2026-01-29T16:49:37.874+0530] {subprocess.py:106} INFO - 26/01/29 16:49:37 INFO BlockManagerInfo: Removed broadcast_3_piece0 on Aishwarya92848DBDA:34839 in memory (size: 31.7 KiB, free: 366.2 MiB)
[2026-01-29T16:49:37.878+0530] {subprocess.py:106} INFO - 26/01/29 16:49:37 INFO BlockManagerInfo: Removed broadcast_2_piece0 on Aishwarya92848DBDA:34839 in memory (size: 25.7 KiB, free: 366.2 MiB)
[2026-01-29T16:49:37.911+0530] {subprocess.py:106} INFO - 26/01/29 16:49:37 INFO Executor: Finished task 0.0 in stage 5.0 (TID 6). 5718 bytes result sent to driver
[2026-01-29T16:49:37.913+0530] {subprocess.py:106} INFO - 26/01/29 16:49:37 INFO TaskSetManager: Finished task 0.0 in stage 5.0 (TID 6) in 125 ms on Aishwarya92848DBDA (executor driver) (1/1)
[2026-01-29T16:49:37.913+0530] {subprocess.py:106} INFO - 26/01/29 16:49:37 INFO TaskSchedulerImpl: Removed TaskSet 5.0, whose tasks have all completed, from pool
[2026-01-29T16:49:37.914+0530] {subprocess.py:106} INFO - 26/01/29 16:49:37 INFO DAGScheduler: ShuffleMapStage 5 (parquet at NativeMethodAccessorImpl.java:0) finished in 0.144 s
[2026-01-29T16:49:37.915+0530] {subprocess.py:106} INFO - 26/01/29 16:49:37 INFO DAGScheduler: looking for newly runnable stages
[2026-01-29T16:49:37.915+0530] {subprocess.py:106} INFO - 26/01/29 16:49:37 INFO DAGScheduler: running: Set()
[2026-01-29T16:49:37.915+0530] {subprocess.py:106} INFO - 26/01/29 16:49:37 INFO DAGScheduler: waiting: Set()
[2026-01-29T16:49:37.915+0530] {subprocess.py:106} INFO - 26/01/29 16:49:37 INFO DAGScheduler: failed: Set()
[2026-01-29T16:49:37.920+0530] {subprocess.py:106} INFO - 26/01/29 16:49:37 INFO ShufflePartitionsUtil: For shuffle(1), advisory target size: 67108864, actual target size 1048576, minimum partition size: 1048576
[2026-01-29T16:49:37.979+0530] {subprocess.py:106} INFO - 26/01/29 16:49:37 INFO ParquetUtils: Using default output committer for Parquet: org.apache.parquet.hadoop.ParquetOutputCommitter
[2026-01-29T16:49:37.994+0530] {subprocess.py:106} INFO - 26/01/29 16:49:37 INFO FileOutputCommitter: File Output Committer Algorithm version is 1
[2026-01-29T16:49:37.994+0530] {subprocess.py:106} INFO - 26/01/29 16:49:37 INFO FileOutputCommitter: FileOutputCommitter skip cleanup _temporary folders under output directory:false, ignore cleanup failures: false
[2026-01-29T16:49:37.996+0530] {subprocess.py:106} INFO - 26/01/29 16:49:37 INFO SQLHadoopMapReduceCommitProtocol: Using user defined output committer class org.apache.parquet.hadoop.ParquetOutputCommitter
[2026-01-29T16:49:37.996+0530] {subprocess.py:106} INFO - 26/01/29 16:49:37 INFO FileOutputCommitter: File Output Committer Algorithm version is 1
[2026-01-29T16:49:37.996+0530] {subprocess.py:106} INFO - 26/01/29 16:49:37 INFO FileOutputCommitter: FileOutputCommitter skip cleanup _temporary folders under output directory:false, ignore cleanup failures: false
[2026-01-29T16:49:37.997+0530] {subprocess.py:106} INFO - 26/01/29 16:49:37 INFO SQLHadoopMapReduceCommitProtocol: Using output committer class org.apache.parquet.hadoop.ParquetOutputCommitter
[2026-01-29T16:49:38.026+0530] {subprocess.py:106} INFO - 26/01/29 16:49:38 INFO CodeGenerator: Code generated in 13.477395 ms
[2026-01-29T16:49:38.040+0530] {subprocess.py:106} INFO - 26/01/29 16:49:38 INFO SparkContext: Starting job: parquet at NativeMethodAccessorImpl.java:0
[2026-01-29T16:49:38.042+0530] {subprocess.py:106} INFO - 26/01/29 16:49:38 INFO DAGScheduler: Got job 4 (parquet at NativeMethodAccessorImpl.java:0) with 1 output partitions
[2026-01-29T16:49:38.042+0530] {subprocess.py:106} INFO - 26/01/29 16:49:38 INFO DAGScheduler: Final stage: ResultStage 8 (parquet at NativeMethodAccessorImpl.java:0)
[2026-01-29T16:49:38.042+0530] {subprocess.py:106} INFO - 26/01/29 16:49:38 INFO DAGScheduler: Parents of final stage: List(ShuffleMapStage 7)
[2026-01-29T16:49:38.043+0530] {subprocess.py:106} INFO - 26/01/29 16:49:38 INFO DAGScheduler: Missing parents: List()
[2026-01-29T16:49:38.044+0530] {subprocess.py:106} INFO - 26/01/29 16:49:38 INFO DAGScheduler: Submitting ResultStage 8 (MapPartitionsRDD[14] at parquet at NativeMethodAccessorImpl.java:0), which has no missing parents
[2026-01-29T16:49:38.084+0530] {subprocess.py:106} INFO - 26/01/29 16:49:38 INFO MemoryStore: Block broadcast_5 stored as values in memory (estimated size 265.8 KiB, free 365.5 MiB)
[2026-01-29T16:49:38.086+0530] {subprocess.py:106} INFO - 26/01/29 16:49:38 INFO MemoryStore: Block broadcast_5_piece0 stored as bytes in memory (estimated size 96.2 KiB, free 365.4 MiB)
[2026-01-29T16:49:38.087+0530] {subprocess.py:106} INFO - 26/01/29 16:49:38 INFO BlockManagerInfo: Added broadcast_5_piece0 in memory on Aishwarya92848DBDA:34839 (size: 96.2 KiB, free: 366.1 MiB)
[2026-01-29T16:49:38.087+0530] {subprocess.py:106} INFO - 26/01/29 16:49:38 INFO SparkContext: Created broadcast 5 from broadcast at DAGScheduler.scala:1585
[2026-01-29T16:49:38.088+0530] {subprocess.py:106} INFO - 26/01/29 16:49:38 INFO DAGScheduler: Submitting 1 missing tasks from ResultStage 8 (MapPartitionsRDD[14] at parquet at NativeMethodAccessorImpl.java:0) (first 15 tasks are for partitions Vector(0))
[2026-01-29T16:49:38.089+0530] {subprocess.py:106} INFO - 26/01/29 16:49:38 INFO TaskSchedulerImpl: Adding task set 8.0 with 1 tasks resource profile 0
[2026-01-29T16:49:38.090+0530] {subprocess.py:106} INFO - 26/01/29 16:49:38 INFO TaskSetManager: Starting task 0.0 in stage 8.0 (TID 7) (Aishwarya92848DBDA, executor driver, partition 0, NODE_LOCAL, 7615 bytes)
[2026-01-29T16:49:38.090+0530] {subprocess.py:106} INFO - 26/01/29 16:49:38 INFO Executor: Running task 0.0 in stage 8.0 (TID 7)
[2026-01-29T16:49:38.127+0530] {subprocess.py:106} INFO - 26/01/29 16:49:38 INFO ShuffleBlockFetcherIterator: Getting 1 (34.9 KiB) non-empty blocks including 1 (34.9 KiB) local and 0 (0.0 B) host-local and 0 (0.0 B) push-merged-local and 0 (0.0 B) remote blocks
[2026-01-29T16:49:38.128+0530] {subprocess.py:106} INFO - 26/01/29 16:49:38 INFO ShuffleBlockFetcherIterator: Started 0 remote fetches in 1 ms
[2026-01-29T16:49:38.138+0530] {subprocess.py:106} INFO - 26/01/29 16:49:38 INFO CodeGenerator: Code generated in 9.866218 ms
[2026-01-29T16:49:38.163+0530] {subprocess.py:106} INFO - 26/01/29 16:49:38 INFO CodeGenerator: Code generated in 11.44426 ms
[2026-01-29T16:49:38.174+0530] {subprocess.py:106} INFO - 26/01/29 16:49:38 INFO FileOutputCommitter: File Output Committer Algorithm version is 1
[2026-01-29T16:49:38.174+0530] {subprocess.py:106} INFO - 26/01/29 16:49:38 INFO FileOutputCommitter: FileOutputCommitter skip cleanup _temporary folders under output directory:false, ignore cleanup failures: false
[2026-01-29T16:49:38.175+0530] {subprocess.py:106} INFO - 26/01/29 16:49:38 INFO SQLHadoopMapReduceCommitProtocol: Using user defined output committer class org.apache.parquet.hadoop.ParquetOutputCommitter
[2026-01-29T16:49:38.175+0530] {subprocess.py:106} INFO - 26/01/29 16:49:38 INFO FileOutputCommitter: File Output Committer Algorithm version is 1
[2026-01-29T16:49:38.175+0530] {subprocess.py:106} INFO - 26/01/29 16:49:38 INFO FileOutputCommitter: FileOutputCommitter skip cleanup _temporary folders under output directory:false, ignore cleanup failures: false
[2026-01-29T16:49:38.175+0530] {subprocess.py:106} INFO - 26/01/29 16:49:38 INFO SQLHadoopMapReduceCommitProtocol: Using output committer class org.apache.parquet.hadoop.ParquetOutputCommitter
[2026-01-29T16:49:38.183+0530] {subprocess.py:106} INFO - 26/01/29 16:49:38 INFO CodecConfig: Compression: SNAPPY
[2026-01-29T16:49:38.186+0530] {subprocess.py:106} INFO - 26/01/29 16:49:38 INFO CodecConfig: Compression: SNAPPY
[2026-01-29T16:49:38.214+0530] {subprocess.py:106} INFO - 26/01/29 16:49:38 INFO ParquetOutputFormat: ParquetRecordWriter [block size: 134217728b, row group padding size: 8388608b, validating: false]
[2026-01-29T16:49:38.228+0530] {subprocess.py:106} INFO - 26/01/29 16:49:38 INFO ParquetWriteSupport: Initialized Parquet WriteSupport with Catalyst schema:
[2026-01-29T16:49:38.228+0530] {subprocess.py:106} INFO - {
[2026-01-29T16:49:38.228+0530] {subprocess.py:106} INFO -   "type" : "struct",
[2026-01-29T16:49:38.229+0530] {subprocess.py:106} INFO -   "fields" : [ {
[2026-01-29T16:49:38.229+0530] {subprocess.py:106} INFO -     "name" : "city",
[2026-01-29T16:49:38.229+0530] {subprocess.py:106} INFO -     "type" : "string",
[2026-01-29T16:49:38.229+0530] {subprocess.py:106} INFO -     "nullable" : true,
[2026-01-29T16:49:38.229+0530] {subprocess.py:106} INFO -     "metadata" : { }
[2026-01-29T16:49:38.230+0530] {subprocess.py:106} INFO -   }, {
[2026-01-29T16:49:38.230+0530] {subprocess.py:106} INFO -     "name" : "year",
[2026-01-29T16:49:38.230+0530] {subprocess.py:106} INFO -     "type" : "integer",
[2026-01-29T16:49:38.230+0530] {subprocess.py:106} INFO -     "nullable" : true,
[2026-01-29T16:49:38.230+0530] {subprocess.py:106} INFO -     "metadata" : { }
[2026-01-29T16:49:38.230+0530] {subprocess.py:106} INFO -   }, {
[2026-01-29T16:49:38.231+0530] {subprocess.py:106} INFO -     "name" : "avg_max_temp",
[2026-01-29T16:49:38.231+0530] {subprocess.py:106} INFO -     "type" : "double",
[2026-01-29T16:49:38.231+0530] {subprocess.py:106} INFO -     "nullable" : true,
[2026-01-29T16:49:38.231+0530] {subprocess.py:106} INFO -     "metadata" : { }
[2026-01-29T16:49:38.231+0530] {subprocess.py:106} INFO -   }, {
[2026-01-29T16:49:38.232+0530] {subprocess.py:106} INFO -     "name" : "avg_min_temp",
[2026-01-29T16:49:38.232+0530] {subprocess.py:106} INFO -     "type" : "double",
[2026-01-29T16:49:38.232+0530] {subprocess.py:106} INFO -     "nullable" : true,
[2026-01-29T16:49:38.232+0530] {subprocess.py:106} INFO -     "metadata" : { }
[2026-01-29T16:49:38.233+0530] {subprocess.py:106} INFO -   }, {
[2026-01-29T16:49:38.233+0530] {subprocess.py:106} INFO -     "name" : "highest_temp",
[2026-01-29T16:49:38.233+0530] {subprocess.py:106} INFO -     "type" : "double",
[2026-01-29T16:49:38.234+0530] {subprocess.py:106} INFO -     "nullable" : true,
[2026-01-29T16:49:38.234+0530] {subprocess.py:106} INFO -     "metadata" : { }
[2026-01-29T16:49:38.234+0530] {subprocess.py:106} INFO -   }, {
[2026-01-29T16:49:38.234+0530] {subprocess.py:106} INFO -     "name" : "lowest_temp",
[2026-01-29T16:49:38.234+0530] {subprocess.py:106} INFO -     "type" : "double",
[2026-01-29T16:49:38.234+0530] {subprocess.py:106} INFO -     "nullable" : true,
[2026-01-29T16:49:38.234+0530] {subprocess.py:106} INFO -     "metadata" : { }
[2026-01-29T16:49:38.234+0530] {subprocess.py:106} INFO -   }, {
[2026-01-29T16:49:38.234+0530] {subprocess.py:106} INFO -     "name" : "temp_range",
[2026-01-29T16:49:38.235+0530] {subprocess.py:106} INFO -     "type" : "double",
[2026-01-29T16:49:38.235+0530] {subprocess.py:106} INFO -     "nullable" : true,
[2026-01-29T16:49:38.235+0530] {subprocess.py:106} INFO -     "metadata" : { }
[2026-01-29T16:49:38.235+0530] {subprocess.py:106} INFO -   }, {
[2026-01-29T16:49:38.235+0530] {subprocess.py:106} INFO -     "name" : "heat_stress",
[2026-01-29T16:49:38.235+0530] {subprocess.py:106} INFO -     "type" : "double",
[2026-01-29T16:49:38.235+0530] {subprocess.py:106} INFO -     "nullable" : true,
[2026-01-29T16:49:38.235+0530] {subprocess.py:106} INFO -     "metadata" : { }
[2026-01-29T16:49:38.235+0530] {subprocess.py:106} INFO -   }, {
[2026-01-29T16:49:38.236+0530] {subprocess.py:106} INFO -     "name" : "heat_stress_type",
[2026-01-29T16:49:38.236+0530] {subprocess.py:106} INFO -     "type" : "string",
[2026-01-29T16:49:38.236+0530] {subprocess.py:106} INFO -     "nullable" : false,
[2026-01-29T16:49:38.236+0530] {subprocess.py:106} INFO -     "metadata" : { }
[2026-01-29T16:49:38.236+0530] {subprocess.py:106} INFO -   }, {
[2026-01-29T16:49:38.236+0530] {subprocess.py:106} INFO -     "name" : "yearly_rainfall",
[2026-01-29T16:49:38.236+0530] {subprocess.py:106} INFO -     "type" : "double",
[2026-01-29T16:49:38.236+0530] {subprocess.py:106} INFO -     "nullable" : true,
[2026-01-29T16:49:38.237+0530] {subprocess.py:106} INFO -     "metadata" : { }
[2026-01-29T16:49:38.237+0530] {subprocess.py:106} INFO -   }, {
[2026-01-29T16:49:38.237+0530] {subprocess.py:106} INFO -     "name" : "max_wind_gust",
[2026-01-29T16:49:38.237+0530] {subprocess.py:106} INFO -     "type" : "double",
[2026-01-29T16:49:38.237+0530] {subprocess.py:106} INFO -     "nullable" : true,
[2026-01-29T16:49:38.238+0530] {subprocess.py:106} INFO -     "metadata" : { }
[2026-01-29T16:49:38.238+0530] {subprocess.py:106} INFO -   } ]
[2026-01-29T16:49:38.238+0530] {subprocess.py:106} INFO - }
[2026-01-29T16:49:38.238+0530] {subprocess.py:106} INFO - and corresponding Parquet message type:
[2026-01-29T16:49:38.238+0530] {subprocess.py:106} INFO - message spark_schema {
[2026-01-29T16:49:38.238+0530] {subprocess.py:106} INFO -   optional binary city (STRING);
[2026-01-29T16:49:38.239+0530] {subprocess.py:106} INFO -   optional int32 year;
[2026-01-29T16:49:38.239+0530] {subprocess.py:106} INFO -   optional double avg_max_temp;
[2026-01-29T16:49:38.239+0530] {subprocess.py:106} INFO -   optional double avg_min_temp;
[2026-01-29T16:49:38.239+0530] {subprocess.py:106} INFO -   optional double highest_temp;
[2026-01-29T16:49:38.239+0530] {subprocess.py:106} INFO -   optional double lowest_temp;
[2026-01-29T16:49:38.239+0530] {subprocess.py:106} INFO -   optional double temp_range;
[2026-01-29T16:49:38.240+0530] {subprocess.py:106} INFO -   optional double heat_stress;
[2026-01-29T16:49:38.240+0530] {subprocess.py:106} INFO -   required binary heat_stress_type (STRING);
[2026-01-29T16:49:38.240+0530] {subprocess.py:106} INFO -   optional double yearly_rainfall;
[2026-01-29T16:49:38.240+0530] {subprocess.py:106} INFO -   optional double max_wind_gust;
[2026-01-29T16:49:38.240+0530] {subprocess.py:106} INFO - }
[2026-01-29T16:49:38.240+0530] {subprocess.py:106} INFO - 
[2026-01-29T16:49:38.241+0530] {subprocess.py:106} INFO - 
[2026-01-29T16:49:38.270+0530] {subprocess.py:106} INFO - 26/01/29 16:49:38 INFO CodecPool: Got brand-new compressor [.snappy]
[2026-01-29T16:49:38.482+0530] {subprocess.py:106} INFO - 26/01/29 16:49:38 INFO FileOutputCommitter: Saved output of task 'attempt_202601291649381989903451335247139_0008_m_000000_7' to hdfs://localhost:9000/weather/analytics/city_summary_yearly/_temporary/0/task_202601291649381989903451335247139_0008_m_000000
[2026-01-29T16:49:38.483+0530] {subprocess.py:106} INFO - 26/01/29 16:49:38 INFO SparkHadoopMapRedUtil: attempt_202601291649381989903451335247139_0008_m_000000_7: Committed. Elapsed time: 7 ms.
[2026-01-29T16:49:38.488+0530] {subprocess.py:106} INFO - 26/01/29 16:49:38 INFO Executor: Finished task 0.0 in stage 8.0 (TID 7). 7814 bytes result sent to driver
[2026-01-29T16:49:38.489+0530] {subprocess.py:106} INFO - 26/01/29 16:49:38 INFO TaskSetManager: Finished task 0.0 in stage 8.0 (TID 7) in 400 ms on Aishwarya92848DBDA (executor driver) (1/1)
[2026-01-29T16:49:38.490+0530] {subprocess.py:106} INFO - 26/01/29 16:49:38 INFO TaskSchedulerImpl: Removed TaskSet 8.0, whose tasks have all completed, from pool
[2026-01-29T16:49:38.490+0530] {subprocess.py:106} INFO - 26/01/29 16:49:38 INFO DAGScheduler: ResultStage 8 (parquet at NativeMethodAccessorImpl.java:0) finished in 0.438 s
[2026-01-29T16:49:38.491+0530] {subprocess.py:106} INFO - 26/01/29 16:49:38 INFO DAGScheduler: Job 4 is finished. Cancelling potential speculative or zombie tasks for this job
[2026-01-29T16:49:38.491+0530] {subprocess.py:106} INFO - 26/01/29 16:49:38 INFO TaskSchedulerImpl: Killing all running tasks in stage 8: Stage finished
[2026-01-29T16:49:38.491+0530] {subprocess.py:106} INFO - 26/01/29 16:49:38 INFO DAGScheduler: Job 4 finished: parquet at NativeMethodAccessorImpl.java:0, took 0.451024 s
[2026-01-29T16:49:38.493+0530] {subprocess.py:106} INFO - 26/01/29 16:49:38 INFO FileFormatWriter: Start to commit write Job 0832a2fe-b5e2-4c3e-a95b-b794723655a0.
[2026-01-29T16:49:38.510+0530] {subprocess.py:106} INFO - 26/01/29 16:49:38 INFO FileFormatWriter: Write Job 0832a2fe-b5e2-4c3e-a95b-b794723655a0 committed. Elapsed time: 16 ms.
[2026-01-29T16:49:38.513+0530] {subprocess.py:106} INFO - 26/01/29 16:49:38 INFO FileFormatWriter: Finished processing stats for write job 0832a2fe-b5e2-4c3e-a95b-b794723655a0.
[2026-01-29T16:49:38.544+0530] {subprocess.py:106} INFO - 26/01/29 16:49:38 INFO FileSourceStrategy: Pushed Filters:
[2026-01-29T16:49:38.545+0530] {subprocess.py:106} INFO - 26/01/29 16:49:38 INFO FileSourceStrategy: Post-Scan Filters:
[2026-01-29T16:49:38.620+0530] {subprocess.py:106} INFO - 26/01/29 16:49:38 INFO CodeGenerator: Code generated in 40.032598 ms
[2026-01-29T16:49:38.627+0530] {subprocess.py:106} INFO - 26/01/29 16:49:38 INFO MemoryStore: Block broadcast_6 stored as values in memory (estimated size 358.3 KiB, free 365.1 MiB)
[2026-01-29T16:49:38.634+0530] {subprocess.py:106} INFO - 26/01/29 16:49:38 INFO MemoryStore: Block broadcast_6_piece0 stored as bytes in memory (estimated size 35.2 KiB, free 365.1 MiB)
[2026-01-29T16:49:38.635+0530] {subprocess.py:106} INFO - 26/01/29 16:49:38 INFO BlockManagerInfo: Added broadcast_6_piece0 in memory on Aishwarya92848DBDA:34839 (size: 35.2 KiB, free: 366.1 MiB)
[2026-01-29T16:49:38.636+0530] {subprocess.py:106} INFO - 26/01/29 16:49:38 INFO SparkContext: Created broadcast 6 from parquet at NativeMethodAccessorImpl.java:0
[2026-01-29T16:49:38.637+0530] {subprocess.py:106} INFO - 26/01/29 16:49:38 INFO FileSourceScanExec: Planning scan with bin packing, max size: 4194304 bytes, open cost is considered as scanning 4194304 bytes.
[2026-01-29T16:49:38.647+0530] {subprocess.py:106} INFO - 26/01/29 16:49:38 INFO DAGScheduler: Registering RDD 18 (parquet at NativeMethodAccessorImpl.java:0) as input to shuffle 2
[2026-01-29T16:49:38.648+0530] {subprocess.py:106} INFO - 26/01/29 16:49:38 INFO DAGScheduler: Got map stage job 5 (parquet at NativeMethodAccessorImpl.java:0) with 4 output partitions
[2026-01-29T16:49:38.648+0530] {subprocess.py:106} INFO - 26/01/29 16:49:38 INFO DAGScheduler: Final stage: ShuffleMapStage 9 (parquet at NativeMethodAccessorImpl.java:0)
[2026-01-29T16:49:38.649+0530] {subprocess.py:106} INFO - 26/01/29 16:49:38 INFO DAGScheduler: Parents of final stage: List()
[2026-01-29T16:49:38.649+0530] {subprocess.py:106} INFO - 26/01/29 16:49:38 INFO DAGScheduler: Missing parents: List()
[2026-01-29T16:49:38.650+0530] {subprocess.py:106} INFO - 26/01/29 16:49:38 INFO DAGScheduler: Submitting ShuffleMapStage 9 (MapPartitionsRDD[18] at parquet at NativeMethodAccessorImpl.java:0), which has no missing parents
[2026-01-29T16:49:38.654+0530] {subprocess.py:106} INFO - 26/01/29 16:49:38 INFO MemoryStore: Block broadcast_7 stored as values in memory (estimated size 70.1 KiB, free 365.0 MiB)
[2026-01-29T16:49:38.655+0530] {subprocess.py:106} INFO - 26/01/29 16:49:38 INFO MemoryStore: Block broadcast_7_piece0 stored as bytes in memory (estimated size 26.1 KiB, free 365.0 MiB)
[2026-01-29T16:49:38.656+0530] {subprocess.py:106} INFO - 26/01/29 16:49:38 INFO BlockManagerInfo: Added broadcast_7_piece0 in memory on Aishwarya92848DBDA:34839 (size: 26.1 KiB, free: 366.1 MiB)
[2026-01-29T16:49:38.656+0530] {subprocess.py:106} INFO - 26/01/29 16:49:38 INFO SparkContext: Created broadcast 7 from broadcast at DAGScheduler.scala:1585
[2026-01-29T16:49:38.657+0530] {subprocess.py:106} INFO - 26/01/29 16:49:38 INFO DAGScheduler: Submitting 4 missing tasks from ShuffleMapStage 9 (MapPartitionsRDD[18] at parquet at NativeMethodAccessorImpl.java:0) (first 15 tasks are for partitions Vector(0, 1, 2, 3))
[2026-01-29T16:49:38.657+0530] {subprocess.py:106} INFO - 26/01/29 16:49:38 INFO TaskSchedulerImpl: Adding task set 9.0 with 4 tasks resource profile 0
[2026-01-29T16:49:38.658+0530] {subprocess.py:106} INFO - 26/01/29 16:49:38 INFO TaskSetManager: Starting task 0.0 in stage 9.0 (TID 8) (Aishwarya92848DBDA, executor driver, partition 0, NODE_LOCAL, 8305 bytes)
[2026-01-29T16:49:38.659+0530] {subprocess.py:106} INFO - 26/01/29 16:49:38 INFO TaskSetManager: Starting task 1.0 in stage 9.0 (TID 9) (Aishwarya92848DBDA, executor driver, partition 1, NODE_LOCAL, 8305 bytes)
[2026-01-29T16:49:38.660+0530] {subprocess.py:106} INFO - 26/01/29 16:49:38 INFO TaskSetManager: Starting task 2.0 in stage 9.0 (TID 10) (Aishwarya92848DBDA, executor driver, partition 2, NODE_LOCAL, 8305 bytes)
[2026-01-29T16:49:38.660+0530] {subprocess.py:106} INFO - 26/01/29 16:49:38 INFO TaskSetManager: Starting task 3.0 in stage 9.0 (TID 11) (Aishwarya92848DBDA, executor driver, partition 3, NODE_LOCAL, 8305 bytes)
[2026-01-29T16:49:38.661+0530] {subprocess.py:106} INFO - 26/01/29 16:49:38 INFO Executor: Running task 0.0 in stage 9.0 (TID 8)
[2026-01-29T16:49:38.661+0530] {subprocess.py:106} INFO - 26/01/29 16:49:38 INFO Executor: Running task 1.0 in stage 9.0 (TID 9)
[2026-01-29T16:49:38.662+0530] {subprocess.py:106} INFO - 26/01/29 16:49:38 INFO Executor: Running task 2.0 in stage 9.0 (TID 10)
[2026-01-29T16:49:38.662+0530] {subprocess.py:106} INFO - 26/01/29 16:49:38 INFO Executor: Running task 3.0 in stage 9.0 (TID 11)
[2026-01-29T16:49:38.708+0530] {subprocess.py:106} INFO - 26/01/29 16:49:38 INFO CodeGenerator: Code generated in 41.187757 ms
[2026-01-29T16:49:38.724+0530] {subprocess.py:106} INFO - 26/01/29 16:49:38 INFO CodeGenerator: Code generated in 9.561099 ms
[2026-01-29T16:49:38.736+0530] {subprocess.py:106} INFO - 26/01/29 16:49:38 INFO CodeGenerator: Code generated in 5.716018 ms
[2026-01-29T16:49:38.751+0530] {subprocess.py:106} INFO - 26/01/29 16:49:38 INFO CodeGenerator: Code generated in 9.564024 ms
[2026-01-29T16:49:38.766+0530] {subprocess.py:106} INFO - 26/01/29 16:49:38 INFO CodeGenerator: Code generated in 7.554143 ms
[2026-01-29T16:49:38.772+0530] {subprocess.py:106} INFO - 26/01/29 16:49:38 INFO FileScanRDD: Reading File path: hdfs://localhost:9000/weather/data/processed/weather_processed.parquet/part-00000-439e0679-4398-4693-b29d-071e4e70fed9-c000.snappy.parquet, range: 0-1468250, partition values: [empty row]
[2026-01-29T16:49:38.773+0530] {subprocess.py:106} INFO - 26/01/29 16:49:38 INFO FileScanRDD: Reading File path: hdfs://localhost:9000/weather/data/processed/weather_processed.parquet/part-00001-439e0679-4398-4693-b29d-071e4e70fed9-c000.snappy.parquet, range: 0-995052, partition values: [empty row]
[2026-01-29T16:49:38.773+0530] {subprocess.py:106} INFO - 26/01/29 16:49:38 INFO FileScanRDD: Reading File path: hdfs://localhost:9000/weather/data/processed/weather_processed.parquet/part-00002-439e0679-4398-4693-b29d-071e4e70fed9-c000.snappy.parquet, range: 0-1001519, partition values: [empty row]
[2026-01-29T16:49:38.773+0530] {subprocess.py:106} INFO - 26/01/29 16:49:38 INFO FileScanRDD: Reading File path: hdfs://localhost:9000/weather/data/processed/weather_processed.parquet/part-00003-439e0679-4398-4693-b29d-071e4e70fed9-c000.snappy.parquet, range: 0-1467543, partition values: [empty row]
[2026-01-29T16:49:38.959+0530] {subprocess.py:106} INFO - 26/01/29 16:49:38 INFO BlockManagerInfo: Removed broadcast_4_piece0 on Aishwarya92848DBDA:34839 in memory (size: 33.6 KiB, free: 366.1 MiB)
[2026-01-29T16:49:38.965+0530] {subprocess.py:106} INFO - 26/01/29 16:49:38 INFO BlockManagerInfo: Removed broadcast_1_piece0 on Aishwarya92848DBDA:34839 in memory (size: 35.3 KiB, free: 366.1 MiB)
[2026-01-29T16:49:38.978+0530] {subprocess.py:106} INFO - 26/01/29 16:49:38 INFO BlockManagerInfo: Removed broadcast_5_piece0 on Aishwarya92848DBDA:34839 in memory (size: 96.2 KiB, free: 366.2 MiB)
[2026-01-29T16:49:38.994+0530] {subprocess.py:106} INFO - 26/01/29 16:49:38 INFO Executor: Finished task 2.0 in stage 9.0 (TID 10). 2979 bytes result sent to driver
[2026-01-29T16:49:38.996+0530] {subprocess.py:106} INFO - 26/01/29 16:49:38 INFO Executor: Finished task 3.0 in stage 9.0 (TID 11). 2979 bytes result sent to driver
[2026-01-29T16:49:38.996+0530] {subprocess.py:106} INFO - 26/01/29 16:49:38 INFO TaskSetManager: Finished task 2.0 in stage 9.0 (TID 10) in 336 ms on Aishwarya92848DBDA (executor driver) (1/4)
[2026-01-29T16:49:38.997+0530] {subprocess.py:106} INFO - 26/01/29 16:49:38 INFO TaskSetManager: Finished task 3.0 in stage 9.0 (TID 11) in 337 ms on Aishwarya92848DBDA (executor driver) (2/4)
[2026-01-29T16:49:39.005+0530] {subprocess.py:106} INFO - 26/01/29 16:49:39 INFO Executor: Finished task 1.0 in stage 9.0 (TID 9). 2979 bytes result sent to driver
[2026-01-29T16:49:39.007+0530] {subprocess.py:106} INFO - 26/01/29 16:49:39 INFO TaskSetManager: Finished task 1.0 in stage 9.0 (TID 9) in 349 ms on Aishwarya92848DBDA (executor driver) (3/4)
[2026-01-29T16:49:39.008+0530] {subprocess.py:106} INFO - 26/01/29 16:49:39 INFO Executor: Finished task 0.0 in stage 9.0 (TID 8). 2979 bytes result sent to driver
[2026-01-29T16:49:39.010+0530] {subprocess.py:106} INFO - 26/01/29 16:49:39 INFO TaskSetManager: Finished task 0.0 in stage 9.0 (TID 8) in 351 ms on Aishwarya92848DBDA (executor driver) (4/4)
[2026-01-29T16:49:39.010+0530] {subprocess.py:106} INFO - 26/01/29 16:49:39 INFO TaskSchedulerImpl: Removed TaskSet 9.0, whose tasks have all completed, from pool
[2026-01-29T16:49:39.011+0530] {subprocess.py:106} INFO - 26/01/29 16:49:39 INFO DAGScheduler: ShuffleMapStage 9 (parquet at NativeMethodAccessorImpl.java:0) finished in 0.359 s
[2026-01-29T16:49:39.012+0530] {subprocess.py:106} INFO - 26/01/29 16:49:39 INFO DAGScheduler: looking for newly runnable stages
[2026-01-29T16:49:39.012+0530] {subprocess.py:106} INFO - 26/01/29 16:49:39 INFO DAGScheduler: running: Set()
[2026-01-29T16:49:39.013+0530] {subprocess.py:106} INFO - 26/01/29 16:49:39 INFO DAGScheduler: waiting: Set()
[2026-01-29T16:49:39.013+0530] {subprocess.py:106} INFO - 26/01/29 16:49:39 INFO DAGScheduler: failed: Set()
[2026-01-29T16:49:39.019+0530] {subprocess.py:106} INFO - 26/01/29 16:49:39 INFO ShufflePartitionsUtil: For shuffle(2), advisory target size: 67108864, actual target size 1048576, minimum partition size: 1048576
[2026-01-29T16:49:39.035+0530] {subprocess.py:106} INFO - 26/01/29 16:49:39 INFO HashAggregateExec: spark.sql.codegen.aggregate.map.twolevel.enabled is set to true, but current version of codegened fast hashmap does not support this aggregate.
[2026-01-29T16:49:39.088+0530] {subprocess.py:106} INFO - 26/01/29 16:49:39 INFO CodeGenerator: Code generated in 37.482483 ms
[2026-01-29T16:49:39.114+0530] {subprocess.py:106} INFO - 26/01/29 16:49:39 INFO CodeGenerator: Code generated in 8.910917 ms
[2026-01-29T16:49:39.132+0530] {subprocess.py:106} INFO - 26/01/29 16:49:39 INFO SparkContext: Starting job: parquet at NativeMethodAccessorImpl.java:0
[2026-01-29T16:49:39.134+0530] {subprocess.py:106} INFO - 26/01/29 16:49:39 INFO DAGScheduler: Got job 6 (parquet at NativeMethodAccessorImpl.java:0) with 1 output partitions
[2026-01-29T16:49:39.135+0530] {subprocess.py:106} INFO - 26/01/29 16:49:39 INFO DAGScheduler: Final stage: ResultStage 11 (parquet at NativeMethodAccessorImpl.java:0)
[2026-01-29T16:49:39.135+0530] {subprocess.py:106} INFO - 26/01/29 16:49:39 INFO DAGScheduler: Parents of final stage: List(ShuffleMapStage 10)
[2026-01-29T16:49:39.135+0530] {subprocess.py:106} INFO - 26/01/29 16:49:39 INFO DAGScheduler: Missing parents: List()
[2026-01-29T16:49:39.136+0530] {subprocess.py:106} INFO - 26/01/29 16:49:39 INFO DAGScheduler: Submitting ResultStage 11 (MapPartitionsRDD[23] at parquet at NativeMethodAccessorImpl.java:0), which has no missing parents
[2026-01-29T16:49:39.149+0530] {subprocess.py:106} INFO - 26/01/29 16:49:39 INFO MemoryStore: Block broadcast_8 stored as values in memory (estimated size 84.5 KiB, free 365.7 MiB)
[2026-01-29T16:49:39.151+0530] {subprocess.py:106} INFO - 26/01/29 16:49:39 INFO MemoryStore: Block broadcast_8_piece0 stored as bytes in memory (estimated size 31.7 KiB, free 365.7 MiB)
[2026-01-29T16:49:39.152+0530] {subprocess.py:106} INFO - 26/01/29 16:49:39 INFO BlockManagerInfo: Added broadcast_8_piece0 in memory on Aishwarya92848DBDA:34839 (size: 31.7 KiB, free: 366.2 MiB)
[2026-01-29T16:49:39.152+0530] {subprocess.py:106} INFO - 26/01/29 16:49:39 INFO SparkContext: Created broadcast 8 from broadcast at DAGScheduler.scala:1585
[2026-01-29T16:49:39.153+0530] {subprocess.py:106} INFO - 26/01/29 16:49:39 INFO DAGScheduler: Submitting 1 missing tasks from ResultStage 11 (MapPartitionsRDD[23] at parquet at NativeMethodAccessorImpl.java:0) (first 15 tasks are for partitions Vector(0))
[2026-01-29T16:49:39.154+0530] {subprocess.py:106} INFO - 26/01/29 16:49:39 INFO TaskSchedulerImpl: Adding task set 11.0 with 1 tasks resource profile 0
[2026-01-29T16:49:39.155+0530] {subprocess.py:106} INFO - 26/01/29 16:49:39 INFO TaskSetManager: Starting task 0.0 in stage 11.0 (TID 12) (Aishwarya92848DBDA, executor driver, partition 0, NODE_LOCAL, 7615 bytes)
[2026-01-29T16:49:39.156+0530] {subprocess.py:106} INFO - 26/01/29 16:49:39 INFO Executor: Running task 0.0 in stage 11.0 (TID 12)
[2026-01-29T16:49:39.165+0530] {subprocess.py:106} INFO - 26/01/29 16:49:39 INFO ShuffleBlockFetcherIterator: Getting 4 (297.6 KiB) non-empty blocks including 4 (297.6 KiB) local and 0 (0.0 B) host-local and 0 (0.0 B) push-merged-local and 0 (0.0 B) remote blocks
[2026-01-29T16:49:39.166+0530] {subprocess.py:106} INFO - 26/01/29 16:49:39 INFO ShuffleBlockFetcherIterator: Started 0 remote fetches in 1 ms
[2026-01-29T16:49:39.196+0530] {subprocess.py:106} INFO - 26/01/29 16:49:39 INFO CodeGenerator: Code generated in 29.768636 ms
[2026-01-29T16:49:39.280+0530] {subprocess.py:106} INFO - 26/01/29 16:49:39 INFO Executor: Finished task 0.0 in stage 11.0 (TID 12). 192303 bytes result sent to driver
[2026-01-29T16:49:39.284+0530] {subprocess.py:106} INFO - 26/01/29 16:49:39 INFO TaskSetManager: Finished task 0.0 in stage 11.0 (TID 12) in 128 ms on Aishwarya92848DBDA (executor driver) (1/1)
[2026-01-29T16:49:39.285+0530] {subprocess.py:106} INFO - 26/01/29 16:49:39 INFO TaskSchedulerImpl: Removed TaskSet 11.0, whose tasks have all completed, from pool
[2026-01-29T16:49:39.286+0530] {subprocess.py:106} INFO - 26/01/29 16:49:39 INFO DAGScheduler: ResultStage 11 (parquet at NativeMethodAccessorImpl.java:0) finished in 0.142 s
[2026-01-29T16:49:39.286+0530] {subprocess.py:106} INFO - 26/01/29 16:49:39 INFO DAGScheduler: Job 6 is finished. Cancelling potential speculative or zombie tasks for this job
[2026-01-29T16:49:39.287+0530] {subprocess.py:106} INFO - 26/01/29 16:49:39 INFO TaskSchedulerImpl: Killing all running tasks in stage 11: Stage finished
[2026-01-29T16:49:39.287+0530] {subprocess.py:106} INFO - 26/01/29 16:49:39 INFO DAGScheduler: Job 6 finished: parquet at NativeMethodAccessorImpl.java:0, took 0.154552 s
[2026-01-29T16:49:39.307+0530] {subprocess.py:106} INFO - 26/01/29 16:49:39 INFO DAGScheduler: Registering RDD 24 (parquet at NativeMethodAccessorImpl.java:0) as input to shuffle 3
[2026-01-29T16:49:39.308+0530] {subprocess.py:106} INFO - 26/01/29 16:49:39 INFO DAGScheduler: Got map stage job 7 (parquet at NativeMethodAccessorImpl.java:0) with 1 output partitions
[2026-01-29T16:49:39.308+0530] {subprocess.py:106} INFO - 26/01/29 16:49:39 INFO DAGScheduler: Final stage: ShuffleMapStage 13 (parquet at NativeMethodAccessorImpl.java:0)
[2026-01-29T16:49:39.308+0530] {subprocess.py:106} INFO - 26/01/29 16:49:39 INFO DAGScheduler: Parents of final stage: List(ShuffleMapStage 12)
[2026-01-29T16:49:39.309+0530] {subprocess.py:106} INFO - 26/01/29 16:49:39 INFO DAGScheduler: Missing parents: List()
[2026-01-29T16:49:39.310+0530] {subprocess.py:106} INFO - 26/01/29 16:49:39 INFO DAGScheduler: Submitting ShuffleMapStage 13 (MapPartitionsRDD[24] at parquet at NativeMethodAccessorImpl.java:0), which has no missing parents
[2026-01-29T16:49:39.322+0530] {subprocess.py:106} INFO - 26/01/29 16:49:39 INFO MemoryStore: Block broadcast_9 stored as values in memory (estimated size 96.8 KiB, free 365.6 MiB)
[2026-01-29T16:49:39.324+0530] {subprocess.py:106} INFO - 26/01/29 16:49:39 INFO MemoryStore: Block broadcast_9_piece0 stored as bytes in memory (estimated size 33.7 KiB, free 365.6 MiB)
[2026-01-29T16:49:39.325+0530] {subprocess.py:106} INFO - 26/01/29 16:49:39 INFO BlockManagerInfo: Added broadcast_9_piece0 in memory on Aishwarya92848DBDA:34839 (size: 33.7 KiB, free: 366.2 MiB)
[2026-01-29T16:49:39.326+0530] {subprocess.py:106} INFO - 26/01/29 16:49:39 INFO SparkContext: Created broadcast 9 from broadcast at DAGScheduler.scala:1585
[2026-01-29T16:49:39.327+0530] {subprocess.py:106} INFO - 26/01/29 16:49:39 INFO DAGScheduler: Submitting 1 missing tasks from ShuffleMapStage 13 (MapPartitionsRDD[24] at parquet at NativeMethodAccessorImpl.java:0) (first 15 tasks are for partitions Vector(0))
[2026-01-29T16:49:39.327+0530] {subprocess.py:106} INFO - 26/01/29 16:49:39 INFO TaskSchedulerImpl: Adding task set 13.0 with 1 tasks resource profile 0
[2026-01-29T16:49:39.329+0530] {subprocess.py:106} INFO - 26/01/29 16:49:39 INFO TaskSetManager: Starting task 0.0 in stage 13.0 (TID 13) (Aishwarya92848DBDA, executor driver, partition 0, NODE_LOCAL, 7604 bytes)
[2026-01-29T16:49:39.329+0530] {subprocess.py:106} INFO - 26/01/29 16:49:39 INFO Executor: Running task 0.0 in stage 13.0 (TID 13)
[2026-01-29T16:49:39.347+0530] {subprocess.py:106} INFO - 26/01/29 16:49:39 INFO CodeGenerator: Code generated in 9.394263 ms
[2026-01-29T16:49:39.352+0530] {subprocess.py:106} INFO - 26/01/29 16:49:39 INFO ShuffleBlockFetcherIterator: Getting 4 (297.6 KiB) non-empty blocks including 4 (297.6 KiB) local and 0 (0.0 B) host-local and 0 (0.0 B) push-merged-local and 0 (0.0 B) remote blocks
[2026-01-29T16:49:39.353+0530] {subprocess.py:106} INFO - 26/01/29 16:49:39 INFO ShuffleBlockFetcherIterator: Started 0 remote fetches in 1 ms
[2026-01-29T16:49:39.454+0530] {subprocess.py:106} INFO - 26/01/29 16:49:39 INFO Executor: Finished task 0.0 in stage 13.0 (TID 13). 5675 bytes result sent to driver
[2026-01-29T16:49:39.456+0530] {subprocess.py:106} INFO - 26/01/29 16:49:39 INFO TaskSetManager: Finished task 0.0 in stage 13.0 (TID 13) in 127 ms on Aishwarya92848DBDA (executor driver) (1/1)
[2026-01-29T16:49:39.456+0530] {subprocess.py:106} INFO - 26/01/29 16:49:39 INFO TaskSchedulerImpl: Removed TaskSet 13.0, whose tasks have all completed, from pool
[2026-01-29T16:49:39.457+0530] {subprocess.py:106} INFO - 26/01/29 16:49:39 INFO DAGScheduler: ShuffleMapStage 13 (parquet at NativeMethodAccessorImpl.java:0) finished in 0.139 s
[2026-01-29T16:49:39.457+0530] {subprocess.py:106} INFO - 26/01/29 16:49:39 INFO DAGScheduler: looking for newly runnable stages
[2026-01-29T16:49:39.458+0530] {subprocess.py:106} INFO - 26/01/29 16:49:39 INFO DAGScheduler: running: Set()
[2026-01-29T16:49:39.458+0530] {subprocess.py:106} INFO - 26/01/29 16:49:39 INFO DAGScheduler: waiting: Set()
[2026-01-29T16:49:39.458+0530] {subprocess.py:106} INFO - 26/01/29 16:49:39 INFO DAGScheduler: failed: Set()
[2026-01-29T16:49:39.462+0530] {subprocess.py:106} INFO - 26/01/29 16:49:39 INFO ShufflePartitionsUtil: For shuffle(3), advisory target size: 67108864, actual target size 1048576, minimum partition size: 1048576
[2026-01-29T16:49:39.479+0530] {subprocess.py:106} INFO - 26/01/29 16:49:39 INFO ParquetUtils: Using default output committer for Parquet: org.apache.parquet.hadoop.ParquetOutputCommitter
[2026-01-29T16:49:39.481+0530] {subprocess.py:106} INFO - 26/01/29 16:49:39 INFO FileOutputCommitter: File Output Committer Algorithm version is 1
[2026-01-29T16:49:39.481+0530] {subprocess.py:106} INFO - 26/01/29 16:49:39 INFO FileOutputCommitter: FileOutputCommitter skip cleanup _temporary folders under output directory:false, ignore cleanup failures: false
[2026-01-29T16:49:39.482+0530] {subprocess.py:106} INFO - 26/01/29 16:49:39 INFO SQLHadoopMapReduceCommitProtocol: Using user defined output committer class org.apache.parquet.hadoop.ParquetOutputCommitter
[2026-01-29T16:49:39.482+0530] {subprocess.py:106} INFO - 26/01/29 16:49:39 INFO FileOutputCommitter: File Output Committer Algorithm version is 1
[2026-01-29T16:49:39.482+0530] {subprocess.py:106} INFO - 26/01/29 16:49:39 INFO FileOutputCommitter: FileOutputCommitter skip cleanup _temporary folders under output directory:false, ignore cleanup failures: false
[2026-01-29T16:49:39.482+0530] {subprocess.py:106} INFO - 26/01/29 16:49:39 INFO SQLHadoopMapReduceCommitProtocol: Using output committer class org.apache.parquet.hadoop.ParquetOutputCommitter
[2026-01-29T16:49:39.499+0530] {subprocess.py:106} INFO - 26/01/29 16:49:39 INFO SparkContext: Starting job: parquet at NativeMethodAccessorImpl.java:0
[2026-01-29T16:49:39.500+0530] {subprocess.py:106} INFO - 26/01/29 16:49:39 INFO DAGScheduler: Got job 8 (parquet at NativeMethodAccessorImpl.java:0) with 1 output partitions
[2026-01-29T16:49:39.501+0530] {subprocess.py:106} INFO - 26/01/29 16:49:39 INFO DAGScheduler: Final stage: ResultStage 16 (parquet at NativeMethodAccessorImpl.java:0)
[2026-01-29T16:49:39.501+0530] {subprocess.py:106} INFO - 26/01/29 16:49:39 INFO DAGScheduler: Parents of final stage: List(ShuffleMapStage 15)
[2026-01-29T16:49:39.502+0530] {subprocess.py:106} INFO - 26/01/29 16:49:39 INFO DAGScheduler: Missing parents: List()
[2026-01-29T16:49:39.503+0530] {subprocess.py:106} INFO - 26/01/29 16:49:39 INFO DAGScheduler: Submitting ResultStage 16 (MapPartitionsRDD[27] at parquet at NativeMethodAccessorImpl.java:0), which has no missing parents
[2026-01-29T16:49:39.525+0530] {subprocess.py:106} INFO - 26/01/29 16:49:39 INFO MemoryStore: Block broadcast_10 stored as values in memory (estimated size 263.4 KiB, free 365.3 MiB)
[2026-01-29T16:49:39.527+0530] {subprocess.py:106} INFO - 26/01/29 16:49:39 INFO MemoryStore: Block broadcast_10_piece0 stored as bytes in memory (estimated size 95.9 KiB, free 365.2 MiB)
[2026-01-29T16:49:39.528+0530] {subprocess.py:106} INFO - 26/01/29 16:49:39 INFO BlockManagerInfo: Added broadcast_10_piece0 in memory on Aishwarya92848DBDA:34839 (size: 95.9 KiB, free: 366.1 MiB)
[2026-01-29T16:49:39.528+0530] {subprocess.py:106} INFO - 26/01/29 16:49:39 INFO SparkContext: Created broadcast 10 from broadcast at DAGScheduler.scala:1585
[2026-01-29T16:49:39.529+0530] {subprocess.py:106} INFO - 26/01/29 16:49:39 INFO DAGScheduler: Submitting 1 missing tasks from ResultStage 16 (MapPartitionsRDD[27] at parquet at NativeMethodAccessorImpl.java:0) (first 15 tasks are for partitions Vector(0))
[2026-01-29T16:49:39.530+0530] {subprocess.py:106} INFO - 26/01/29 16:49:39 INFO TaskSchedulerImpl: Adding task set 16.0 with 1 tasks resource profile 0
[2026-01-29T16:49:39.531+0530] {subprocess.py:106} INFO - 26/01/29 16:49:39 INFO TaskSetManager: Starting task 0.0 in stage 16.0 (TID 14) (Aishwarya92848DBDA, executor driver, partition 0, NODE_LOCAL, 7615 bytes)
[2026-01-29T16:49:39.532+0530] {subprocess.py:106} INFO - 26/01/29 16:49:39 INFO Executor: Running task 0.0 in stage 16.0 (TID 14)
[2026-01-29T16:49:39.552+0530] {subprocess.py:106} INFO - 26/01/29 16:49:39 INFO ShuffleBlockFetcherIterator: Getting 1 (172.5 KiB) non-empty blocks including 1 (172.5 KiB) local and 0 (0.0 B) host-local and 0 (0.0 B) push-merged-local and 0 (0.0 B) remote blocks
[2026-01-29T16:49:39.552+0530] {subprocess.py:106} INFO - 26/01/29 16:49:39 INFO ShuffleBlockFetcherIterator: Started 0 remote fetches in 1 ms
[2026-01-29T16:49:39.558+0530] {subprocess.py:106} INFO - 26/01/29 16:49:39 INFO FileOutputCommitter: File Output Committer Algorithm version is 1
[2026-01-29T16:49:39.559+0530] {subprocess.py:106} INFO - 26/01/29 16:49:39 INFO FileOutputCommitter: FileOutputCommitter skip cleanup _temporary folders under output directory:false, ignore cleanup failures: false
[2026-01-29T16:49:39.559+0530] {subprocess.py:106} INFO - 26/01/29 16:49:39 INFO SQLHadoopMapReduceCommitProtocol: Using user defined output committer class org.apache.parquet.hadoop.ParquetOutputCommitter
[2026-01-29T16:49:39.560+0530] {subprocess.py:106} INFO - 26/01/29 16:49:39 INFO FileOutputCommitter: File Output Committer Algorithm version is 1
[2026-01-29T16:49:39.560+0530] {subprocess.py:106} INFO - 26/01/29 16:49:39 INFO FileOutputCommitter: FileOutputCommitter skip cleanup _temporary folders under output directory:false, ignore cleanup failures: false
[2026-01-29T16:49:39.560+0530] {subprocess.py:106} INFO - 26/01/29 16:49:39 INFO SQLHadoopMapReduceCommitProtocol: Using output committer class org.apache.parquet.hadoop.ParquetOutputCommitter
[2026-01-29T16:49:39.561+0530] {subprocess.py:106} INFO - 26/01/29 16:49:39 INFO CodecConfig: Compression: SNAPPY
[2026-01-29T16:49:39.561+0530] {subprocess.py:106} INFO - 26/01/29 16:49:39 INFO CodecConfig: Compression: SNAPPY
[2026-01-29T16:49:39.563+0530] {subprocess.py:106} INFO - 26/01/29 16:49:39 INFO ParquetOutputFormat: ParquetRecordWriter [block size: 134217728b, row group padding size: 8388608b, validating: false]
[2026-01-29T16:49:39.565+0530] {subprocess.py:106} INFO - 26/01/29 16:49:39 INFO ParquetWriteSupport: Initialized Parquet WriteSupport with Catalyst schema:
[2026-01-29T16:49:39.566+0530] {subprocess.py:106} INFO - {
[2026-01-29T16:49:39.566+0530] {subprocess.py:106} INFO -   "type" : "struct",
[2026-01-29T16:49:39.566+0530] {subprocess.py:106} INFO -   "fields" : [ {
[2026-01-29T16:49:39.567+0530] {subprocess.py:106} INFO -     "name" : "city",
[2026-01-29T16:49:39.567+0530] {subprocess.py:106} INFO -     "type" : "string",
[2026-01-29T16:49:39.567+0530] {subprocess.py:106} INFO -     "nullable" : true,
[2026-01-29T16:49:39.567+0530] {subprocess.py:106} INFO -     "metadata" : { }
[2026-01-29T16:49:39.567+0530] {subprocess.py:106} INFO -   }, {
[2026-01-29T16:49:39.567+0530] {subprocess.py:106} INFO -     "name" : "year",
[2026-01-29T16:49:39.568+0530] {subprocess.py:106} INFO -     "type" : "integer",
[2026-01-29T16:49:39.568+0530] {subprocess.py:106} INFO -     "nullable" : true,
[2026-01-29T16:49:39.568+0530] {subprocess.py:106} INFO -     "metadata" : { }
[2026-01-29T16:49:39.568+0530] {subprocess.py:106} INFO -   }, {
[2026-01-29T16:49:39.568+0530] {subprocess.py:106} INFO -     "name" : "month",
[2026-01-29T16:49:39.568+0530] {subprocess.py:106} INFO -     "type" : "integer",
[2026-01-29T16:49:39.568+0530] {subprocess.py:106} INFO -     "nullable" : true,
[2026-01-29T16:49:39.569+0530] {subprocess.py:106} INFO -     "metadata" : { }
[2026-01-29T16:49:39.569+0530] {subprocess.py:106} INFO -   }, {
[2026-01-29T16:49:39.569+0530] {subprocess.py:106} INFO -     "name" : "avg_max_temp",
[2026-01-29T16:49:39.569+0530] {subprocess.py:106} INFO -     "type" : "double",
[2026-01-29T16:49:39.569+0530] {subprocess.py:106} INFO -     "nullable" : true,
[2026-01-29T16:49:39.569+0530] {subprocess.py:106} INFO -     "metadata" : { }
[2026-01-29T16:49:39.570+0530] {subprocess.py:106} INFO -   }, {
[2026-01-29T16:49:39.570+0530] {subprocess.py:106} INFO -     "name" : "avg_min_temp",
[2026-01-29T16:49:39.570+0530] {subprocess.py:106} INFO -     "type" : "double",
[2026-01-29T16:49:39.570+0530] {subprocess.py:106} INFO -     "nullable" : true,
[2026-01-29T16:49:39.570+0530] {subprocess.py:106} INFO -     "metadata" : { }
[2026-01-29T16:49:39.570+0530] {subprocess.py:106} INFO -   }, {
[2026-01-29T16:49:39.571+0530] {subprocess.py:106} INFO -     "name" : "highest_temp",
[2026-01-29T16:49:39.571+0530] {subprocess.py:106} INFO -     "type" : "double",
[2026-01-29T16:49:39.571+0530] {subprocess.py:106} INFO -     "nullable" : true,
[2026-01-29T16:49:39.571+0530] {subprocess.py:106} INFO -     "metadata" : { }
[2026-01-29T16:49:39.571+0530] {subprocess.py:106} INFO -   }, {
[2026-01-29T16:49:39.571+0530] {subprocess.py:106} INFO -     "name" : "lowest_temp",
[2026-01-29T16:49:39.572+0530] {subprocess.py:106} INFO -     "type" : "double",
[2026-01-29T16:49:39.572+0530] {subprocess.py:106} INFO -     "nullable" : true,
[2026-01-29T16:49:39.572+0530] {subprocess.py:106} INFO -     "metadata" : { }
[2026-01-29T16:49:39.572+0530] {subprocess.py:106} INFO -   }, {
[2026-01-29T16:49:39.572+0530] {subprocess.py:106} INFO -     "name" : "temp_range",
[2026-01-29T16:49:39.572+0530] {subprocess.py:106} INFO -     "type" : "double",
[2026-01-29T16:49:39.572+0530] {subprocess.py:106} INFO -     "nullable" : true,
[2026-01-29T16:49:39.573+0530] {subprocess.py:106} INFO -     "metadata" : { }
[2026-01-29T16:49:39.573+0530] {subprocess.py:106} INFO -   }, {
[2026-01-29T16:49:39.573+0530] {subprocess.py:106} INFO -     "name" : "heat_stress_type",
[2026-01-29T16:49:39.573+0530] {subprocess.py:106} INFO -     "type" : "string",
[2026-01-29T16:49:39.573+0530] {subprocess.py:106} INFO -     "nullable" : false,
[2026-01-29T16:49:39.573+0530] {subprocess.py:106} INFO -     "metadata" : { }
[2026-01-29T16:49:39.574+0530] {subprocess.py:106} INFO -   }, {
[2026-01-29T16:49:39.574+0530] {subprocess.py:106} INFO -     "name" : "yearly_rainfall",
[2026-01-29T16:49:39.574+0530] {subprocess.py:106} INFO -     "type" : "double",
[2026-01-29T16:49:39.574+0530] {subprocess.py:106} INFO -     "nullable" : true,
[2026-01-29T16:49:39.574+0530] {subprocess.py:106} INFO -     "metadata" : { }
[2026-01-29T16:49:39.575+0530] {subprocess.py:106} INFO -   }, {
[2026-01-29T16:49:39.575+0530] {subprocess.py:106} INFO -     "name" : "max_wind_gust",
[2026-01-29T16:49:39.575+0530] {subprocess.py:106} INFO -     "type" : "double",
[2026-01-29T16:49:39.575+0530] {subprocess.py:106} INFO -     "nullable" : true,
[2026-01-29T16:49:39.575+0530] {subprocess.py:106} INFO -     "metadata" : { }
[2026-01-29T16:49:39.576+0530] {subprocess.py:106} INFO -   } ]
[2026-01-29T16:49:39.576+0530] {subprocess.py:106} INFO - }
[2026-01-29T16:49:39.576+0530] {subprocess.py:106} INFO - and corresponding Parquet message type:
[2026-01-29T16:49:39.576+0530] {subprocess.py:106} INFO - message spark_schema {
[2026-01-29T16:49:39.576+0530] {subprocess.py:106} INFO -   optional binary city (STRING);
[2026-01-29T16:49:39.577+0530] {subprocess.py:106} INFO -   optional int32 year;
[2026-01-29T16:49:39.577+0530] {subprocess.py:106} INFO -   optional int32 month;
[2026-01-29T16:49:39.577+0530] {subprocess.py:106} INFO -   optional double avg_max_temp;
[2026-01-29T16:49:39.577+0530] {subprocess.py:106} INFO -   optional double avg_min_temp;
[2026-01-29T16:49:39.577+0530] {subprocess.py:106} INFO -   optional double highest_temp;
[2026-01-29T16:49:39.577+0530] {subprocess.py:106} INFO -   optional double lowest_temp;
[2026-01-29T16:49:39.578+0530] {subprocess.py:106} INFO -   optional double temp_range;
[2026-01-29T16:49:39.578+0530] {subprocess.py:106} INFO -   required binary heat_stress_type (STRING);
[2026-01-29T16:49:39.578+0530] {subprocess.py:106} INFO -   optional double yearly_rainfall;
[2026-01-29T16:49:39.578+0530] {subprocess.py:106} INFO -   optional double max_wind_gust;
[2026-01-29T16:49:39.578+0530] {subprocess.py:106} INFO - }
[2026-01-29T16:49:39.579+0530] {subprocess.py:106} INFO - 
[2026-01-29T16:49:39.579+0530] {subprocess.py:106} INFO - 
[2026-01-29T16:49:40.075+0530] {subprocess.py:106} INFO - 26/01/29 16:49:40 INFO FileOutputCommitter: Saved output of task 'attempt_202601291649399067025525345951675_0016_m_000000_14' to hdfs://localhost:9000/weather/analytics/city_summary_monthly/_temporary/0/task_202601291649399067025525345951675_0016_m_000000
[2026-01-29T16:49:40.076+0530] {subprocess.py:106} INFO - 26/01/29 16:49:40 INFO SparkHadoopMapRedUtil: attempt_202601291649399067025525345951675_0016_m_000000_14: Committed. Elapsed time: 3 ms.
[2026-01-29T16:49:40.077+0530] {subprocess.py:106} INFO - 26/01/29 16:49:40 INFO Executor: Finished task 0.0 in stage 16.0 (TID 14). 7771 bytes result sent to driver
[2026-01-29T16:49:40.078+0530] {subprocess.py:106} INFO - 26/01/29 16:49:40 INFO TaskSetManager: Finished task 0.0 in stage 16.0 (TID 14) in 548 ms on Aishwarya92848DBDA (executor driver) (1/1)
[2026-01-29T16:49:40.078+0530] {subprocess.py:106} INFO - 26/01/29 16:49:40 INFO TaskSchedulerImpl: Removed TaskSet 16.0, whose tasks have all completed, from pool
[2026-01-29T16:49:40.080+0530] {subprocess.py:106} INFO - 26/01/29 16:49:40 INFO DAGScheduler: ResultStage 16 (parquet at NativeMethodAccessorImpl.java:0) finished in 0.573 s
[2026-01-29T16:49:40.080+0530] {subprocess.py:106} INFO - 26/01/29 16:49:40 INFO DAGScheduler: Job 8 is finished. Cancelling potential speculative or zombie tasks for this job
[2026-01-29T16:49:40.080+0530] {subprocess.py:106} INFO - 26/01/29 16:49:40 INFO TaskSchedulerImpl: Killing all running tasks in stage 16: Stage finished
[2026-01-29T16:49:40.080+0530] {subprocess.py:106} INFO - 26/01/29 16:49:40 INFO DAGScheduler: Job 8 finished: parquet at NativeMethodAccessorImpl.java:0, took 0.581563 s
[2026-01-29T16:49:40.081+0530] {subprocess.py:106} INFO - 26/01/29 16:49:40 INFO FileFormatWriter: Start to commit write Job 008a1842-690d-4392-bf57-1e0f2f06930d.
[2026-01-29T16:49:40.093+0530] {subprocess.py:106} INFO - 26/01/29 16:49:40 INFO FileFormatWriter: Write Job 008a1842-690d-4392-bf57-1e0f2f06930d committed. Elapsed time: 11 ms.
[2026-01-29T16:49:40.093+0530] {subprocess.py:106} INFO - 26/01/29 16:49:40 INFO FileFormatWriter: Finished processing stats for write job 008a1842-690d-4392-bf57-1e0f2f06930d.
[2026-01-29T16:49:40.128+0530] {subprocess.py:106} INFO - 26/01/29 16:49:40 INFO FileSourceStrategy: Pushed Filters:
[2026-01-29T16:49:40.129+0530] {subprocess.py:106} INFO - 26/01/29 16:49:40 INFO FileSourceStrategy: Post-Scan Filters:
[2026-01-29T16:49:40.203+0530] {subprocess.py:106} INFO - 26/01/29 16:49:40 INFO CodeGenerator: Code generated in 37.994103 ms
[2026-01-29T16:49:40.208+0530] {subprocess.py:106} INFO - 26/01/29 16:49:40 INFO MemoryStore: Block broadcast_11 stored as values in memory (estimated size 358.2 KiB, free 364.9 MiB)
[2026-01-29T16:49:40.215+0530] {subprocess.py:106} INFO - 26/01/29 16:49:40 INFO MemoryStore: Block broadcast_11_piece0 stored as bytes in memory (estimated size 35.2 KiB, free 364.8 MiB)
[2026-01-29T16:49:40.216+0530] {subprocess.py:106} INFO - 26/01/29 16:49:40 INFO BlockManagerInfo: Added broadcast_11_piece0 in memory on Aishwarya92848DBDA:34839 (size: 35.2 KiB, free: 366.0 MiB)
[2026-01-29T16:49:40.217+0530] {subprocess.py:106} INFO - 26/01/29 16:49:40 INFO SparkContext: Created broadcast 11 from parquet at NativeMethodAccessorImpl.java:0
[2026-01-29T16:49:40.218+0530] {subprocess.py:106} INFO - 26/01/29 16:49:40 INFO FileSourceScanExec: Planning scan with bin packing, max size: 4194304 bytes, open cost is considered as scanning 4194304 bytes.
[2026-01-29T16:49:40.230+0530] {subprocess.py:106} INFO - 26/01/29 16:49:40 INFO DAGScheduler: Registering RDD 31 (parquet at NativeMethodAccessorImpl.java:0) as input to shuffle 4
[2026-01-29T16:49:40.231+0530] {subprocess.py:106} INFO - 26/01/29 16:49:40 INFO DAGScheduler: Got map stage job 9 (parquet at NativeMethodAccessorImpl.java:0) with 4 output partitions
[2026-01-29T16:49:40.231+0530] {subprocess.py:106} INFO - 26/01/29 16:49:40 INFO DAGScheduler: Final stage: ShuffleMapStage 17 (parquet at NativeMethodAccessorImpl.java:0)
[2026-01-29T16:49:40.231+0530] {subprocess.py:106} INFO - 26/01/29 16:49:40 INFO DAGScheduler: Parents of final stage: List()
[2026-01-29T16:49:40.232+0530] {subprocess.py:106} INFO - 26/01/29 16:49:40 INFO DAGScheduler: Missing parents: List()
[2026-01-29T16:49:40.233+0530] {subprocess.py:106} INFO - 26/01/29 16:49:40 INFO DAGScheduler: Submitting ShuffleMapStage 17 (MapPartitionsRDD[31] at parquet at NativeMethodAccessorImpl.java:0), which has no missing parents
[2026-01-29T16:49:40.236+0530] {subprocess.py:106} INFO - 26/01/29 16:49:40 INFO MemoryStore: Block broadcast_12 stored as values in memory (estimated size 71.5 KiB, free 364.8 MiB)
[2026-01-29T16:49:40.238+0530] {subprocess.py:106} INFO - 26/01/29 16:49:40 INFO MemoryStore: Block broadcast_12_piece0 stored as bytes in memory (estimated size 26.6 KiB, free 364.8 MiB)
[2026-01-29T16:49:40.239+0530] {subprocess.py:106} INFO - 26/01/29 16:49:40 INFO BlockManagerInfo: Added broadcast_12_piece0 in memory on Aishwarya92848DBDA:34839 (size: 26.6 KiB, free: 366.0 MiB)
[2026-01-29T16:49:40.239+0530] {subprocess.py:106} INFO - 26/01/29 16:49:40 INFO SparkContext: Created broadcast 12 from broadcast at DAGScheduler.scala:1585
[2026-01-29T16:49:40.240+0530] {subprocess.py:106} INFO - 26/01/29 16:49:40 INFO DAGScheduler: Submitting 4 missing tasks from ShuffleMapStage 17 (MapPartitionsRDD[31] at parquet at NativeMethodAccessorImpl.java:0) (first 15 tasks are for partitions Vector(0, 1, 2, 3))
[2026-01-29T16:49:40.240+0530] {subprocess.py:106} INFO - 26/01/29 16:49:40 INFO TaskSchedulerImpl: Adding task set 17.0 with 4 tasks resource profile 0
[2026-01-29T16:49:40.241+0530] {subprocess.py:106} INFO - 26/01/29 16:49:40 INFO TaskSetManager: Starting task 0.0 in stage 17.0 (TID 15) (Aishwarya92848DBDA, executor driver, partition 0, NODE_LOCAL, 8305 bytes)
[2026-01-29T16:49:40.242+0530] {subprocess.py:106} INFO - 26/01/29 16:49:40 INFO TaskSetManager: Starting task 1.0 in stage 17.0 (TID 16) (Aishwarya92848DBDA, executor driver, partition 1, NODE_LOCAL, 8305 bytes)
[2026-01-29T16:49:40.242+0530] {subprocess.py:106} INFO - 26/01/29 16:49:40 INFO TaskSetManager: Starting task 2.0 in stage 17.0 (TID 17) (Aishwarya92848DBDA, executor driver, partition 2, NODE_LOCAL, 8305 bytes)
[2026-01-29T16:49:40.242+0530] {subprocess.py:106} INFO - 26/01/29 16:49:40 INFO TaskSetManager: Starting task 3.0 in stage 17.0 (TID 18) (Aishwarya92848DBDA, executor driver, partition 3, NODE_LOCAL, 8305 bytes)
[2026-01-29T16:49:40.243+0530] {subprocess.py:106} INFO - 26/01/29 16:49:40 INFO Executor: Running task 2.0 in stage 17.0 (TID 17)
[2026-01-29T16:49:40.243+0530] {subprocess.py:106} INFO - 26/01/29 16:49:40 INFO Executor: Running task 3.0 in stage 17.0 (TID 18)
[2026-01-29T16:49:40.244+0530] {subprocess.py:106} INFO - 26/01/29 16:49:40 INFO Executor: Running task 1.0 in stage 17.0 (TID 16)
[2026-01-29T16:49:40.244+0530] {subprocess.py:106} INFO - 26/01/29 16:49:40 INFO Executor: Running task 0.0 in stage 17.0 (TID 15)
[2026-01-29T16:49:40.290+0530] {subprocess.py:106} INFO - 26/01/29 16:49:40 INFO CodeGenerator: Code generated in 39.510889 ms
[2026-01-29T16:49:40.305+0530] {subprocess.py:106} INFO - 26/01/29 16:49:40 INFO FileScanRDD: Reading File path: hdfs://localhost:9000/weather/data/processed/weather_processed.parquet/part-00000-439e0679-4398-4693-b29d-071e4e70fed9-c000.snappy.parquet, range: 0-1468250, partition values: [empty row]
[2026-01-29T16:49:40.307+0530] {subprocess.py:106} INFO - 26/01/29 16:49:40 INFO FileScanRDD: Reading File path: hdfs://localhost:9000/weather/data/processed/weather_processed.parquet/part-00003-439e0679-4398-4693-b29d-071e4e70fed9-c000.snappy.parquet, range: 0-1467543, partition values: [empty row]
[2026-01-29T16:49:40.308+0530] {subprocess.py:106} INFO - 26/01/29 16:49:40 INFO FileScanRDD: Reading File path: hdfs://localhost:9000/weather/data/processed/weather_processed.parquet/part-00002-439e0679-4398-4693-b29d-071e4e70fed9-c000.snappy.parquet, range: 0-1001519, partition values: [empty row]
[2026-01-29T16:49:40.308+0530] {subprocess.py:106} INFO - 26/01/29 16:49:40 INFO FileScanRDD: Reading File path: hdfs://localhost:9000/weather/data/processed/weather_processed.parquet/part-00001-439e0679-4398-4693-b29d-071e4e70fed9-c000.snappy.parquet, range: 0-995052, partition values: [empty row]
[2026-01-29T16:49:40.473+0530] {subprocess.py:106} INFO - 26/01/29 16:49:40 INFO BlockManagerInfo: Removed broadcast_6_piece0 on Aishwarya92848DBDA:34839 in memory (size: 35.2 KiB, free: 366.1 MiB)
[2026-01-29T16:49:40.481+0530] {subprocess.py:106} INFO - 26/01/29 16:49:40 INFO BlockManagerInfo: Removed broadcast_8_piece0 on Aishwarya92848DBDA:34839 in memory (size: 31.7 KiB, free: 366.1 MiB)
[2026-01-29T16:49:40.491+0530] {subprocess.py:106} INFO - 26/01/29 16:49:40 INFO BlockManagerInfo: Removed broadcast_10_piece0 on Aishwarya92848DBDA:34839 in memory (size: 95.9 KiB, free: 366.2 MiB)
[2026-01-29T16:49:40.500+0530] {subprocess.py:106} INFO - 26/01/29 16:49:40 INFO BlockManagerInfo: Removed broadcast_7_piece0 on Aishwarya92848DBDA:34839 in memory (size: 26.1 KiB, free: 366.2 MiB)
[2026-01-29T16:49:40.507+0530] {subprocess.py:106} INFO - 26/01/29 16:49:40 INFO BlockManagerInfo: Removed broadcast_9_piece0 on Aishwarya92848DBDA:34839 in memory (size: 33.7 KiB, free: 366.2 MiB)
[2026-01-29T16:49:40.526+0530] {subprocess.py:106} INFO - 26/01/29 16:49:40 INFO Executor: Finished task 2.0 in stage 17.0 (TID 17). 2979 bytes result sent to driver
[2026-01-29T16:49:40.528+0530] {subprocess.py:106} INFO - 26/01/29 16:49:40 INFO TaskSetManager: Finished task 2.0 in stage 17.0 (TID 17) in 286 ms on Aishwarya92848DBDA (executor driver) (1/4)
[2026-01-29T16:49:40.540+0530] {subprocess.py:106} INFO - 26/01/29 16:49:40 INFO Executor: Finished task 3.0 in stage 17.0 (TID 18). 2979 bytes result sent to driver
[2026-01-29T16:49:40.542+0530] {subprocess.py:106} INFO - 26/01/29 16:49:40 INFO TaskSetManager: Finished task 3.0 in stage 17.0 (TID 18) in 299 ms on Aishwarya92848DBDA (executor driver) (2/4)
[2026-01-29T16:49:40.550+0530] {subprocess.py:106} INFO - 26/01/29 16:49:40 INFO Executor: Finished task 1.0 in stage 17.0 (TID 16). 2979 bytes result sent to driver
[2026-01-29T16:49:40.551+0530] {subprocess.py:106} INFO - 26/01/29 16:49:40 INFO Executor: Finished task 0.0 in stage 17.0 (TID 15). 2979 bytes result sent to driver
[2026-01-29T16:49:40.551+0530] {subprocess.py:106} INFO - 26/01/29 16:49:40 INFO TaskSetManager: Finished task 1.0 in stage 17.0 (TID 16) in 310 ms on Aishwarya92848DBDA (executor driver) (3/4)
[2026-01-29T16:49:40.552+0530] {subprocess.py:106} INFO - 26/01/29 16:49:40 INFO TaskSetManager: Finished task 0.0 in stage 17.0 (TID 15) in 310 ms on Aishwarya92848DBDA (executor driver) (4/4)
[2026-01-29T16:49:40.552+0530] {subprocess.py:106} INFO - 26/01/29 16:49:40 INFO TaskSchedulerImpl: Removed TaskSet 17.0, whose tasks have all completed, from pool
[2026-01-29T16:49:40.552+0530] {subprocess.py:106} INFO - 26/01/29 16:49:40 INFO DAGScheduler: ShuffleMapStage 17 (parquet at NativeMethodAccessorImpl.java:0) finished in 0.318 s
[2026-01-29T16:49:40.553+0530] {subprocess.py:106} INFO - 26/01/29 16:49:40 INFO DAGScheduler: looking for newly runnable stages
[2026-01-29T16:49:40.553+0530] {subprocess.py:106} INFO - 26/01/29 16:49:40 INFO DAGScheduler: running: Set()
[2026-01-29T16:49:40.553+0530] {subprocess.py:106} INFO - 26/01/29 16:49:40 INFO DAGScheduler: waiting: Set()
[2026-01-29T16:49:40.554+0530] {subprocess.py:106} INFO - 26/01/29 16:49:40 INFO DAGScheduler: failed: Set()
[2026-01-29T16:49:40.562+0530] {subprocess.py:106} INFO - 26/01/29 16:49:40 INFO ShufflePartitionsUtil: For shuffle(4), advisory target size: 67108864, actual target size 1048576, minimum partition size: 1048576
[2026-01-29T16:49:40.576+0530] {subprocess.py:106} INFO - 26/01/29 16:49:40 INFO HashAggregateExec: spark.sql.codegen.aggregate.map.twolevel.enabled is set to true, but current version of codegened fast hashmap does not support this aggregate.
[2026-01-29T16:49:40.621+0530] {subprocess.py:106} INFO - 26/01/29 16:49:40 INFO SparkContext: Starting job: parquet at NativeMethodAccessorImpl.java:0
[2026-01-29T16:49:40.622+0530] {subprocess.py:106} INFO - 26/01/29 16:49:40 INFO DAGScheduler: Got job 10 (parquet at NativeMethodAccessorImpl.java:0) with 1 output partitions
[2026-01-29T16:49:40.623+0530] {subprocess.py:106} INFO - 26/01/29 16:49:40 INFO DAGScheduler: Final stage: ResultStage 19 (parquet at NativeMethodAccessorImpl.java:0)
[2026-01-29T16:49:40.623+0530] {subprocess.py:106} INFO - 26/01/29 16:49:40 INFO DAGScheduler: Parents of final stage: List(ShuffleMapStage 18)
[2026-01-29T16:49:40.623+0530] {subprocess.py:106} INFO - 26/01/29 16:49:40 INFO DAGScheduler: Missing parents: List()
[2026-01-29T16:49:40.623+0530] {subprocess.py:106} INFO - 26/01/29 16:49:40 INFO DAGScheduler: Submitting ResultStage 19 (MapPartitionsRDD[36] at parquet at NativeMethodAccessorImpl.java:0), which has no missing parents
[2026-01-29T16:49:40.629+0530] {subprocess.py:106} INFO - 26/01/29 16:49:40 INFO MemoryStore: Block broadcast_13 stored as values in memory (estimated size 86.1 KiB, free 365.7 MiB)
[2026-01-29T16:49:40.631+0530] {subprocess.py:106} INFO - 26/01/29 16:49:40 INFO MemoryStore: Block broadcast_13_piece0 stored as bytes in memory (estimated size 32.4 KiB, free 365.7 MiB)
[2026-01-29T16:49:40.631+0530] {subprocess.py:106} INFO - 26/01/29 16:49:40 INFO BlockManagerInfo: Added broadcast_13_piece0 in memory on Aishwarya92848DBDA:34839 (size: 32.4 KiB, free: 366.2 MiB)
[2026-01-29T16:49:40.632+0530] {subprocess.py:106} INFO - 26/01/29 16:49:40 INFO SparkContext: Created broadcast 13 from broadcast at DAGScheduler.scala:1585
[2026-01-29T16:49:40.632+0530] {subprocess.py:106} INFO - 26/01/29 16:49:40 INFO DAGScheduler: Submitting 1 missing tasks from ResultStage 19 (MapPartitionsRDD[36] at parquet at NativeMethodAccessorImpl.java:0) (first 15 tasks are for partitions Vector(0))
[2026-01-29T16:49:40.633+0530] {subprocess.py:106} INFO - 26/01/29 16:49:40 INFO TaskSchedulerImpl: Adding task set 19.0 with 1 tasks resource profile 0
[2026-01-29T16:49:40.634+0530] {subprocess.py:106} INFO - 26/01/29 16:49:40 INFO TaskSetManager: Starting task 0.0 in stage 19.0 (TID 19) (Aishwarya92848DBDA, executor driver, partition 0, NODE_LOCAL, 7615 bytes)
[2026-01-29T16:49:40.634+0530] {subprocess.py:106} INFO - 26/01/29 16:49:40 INFO Executor: Running task 0.0 in stage 19.0 (TID 19)
[2026-01-29T16:49:40.642+0530] {subprocess.py:106} INFO - 26/01/29 16:49:40 INFO ShuffleBlockFetcherIterator: Getting 4 (927.0 KiB) non-empty blocks including 4 (927.0 KiB) local and 0 (0.0 B) host-local and 0 (0.0 B) push-merged-local and 0 (0.0 B) remote blocks
[2026-01-29T16:49:40.643+0530] {subprocess.py:106} INFO - 26/01/29 16:49:40 INFO ShuffleBlockFetcherIterator: Started 0 remote fetches in 1 ms
[2026-01-29T16:49:40.753+0530] {subprocess.py:106} INFO - 26/01/29 16:49:40 INFO Executor: Finished task 0.0 in stage 19.0 (TID 19). 817855 bytes result sent to driver
[2026-01-29T16:49:40.765+0530] {subprocess.py:106} INFO - 26/01/29 16:49:40 INFO TaskSetManager: Finished task 0.0 in stage 19.0 (TID 19) in 131 ms on Aishwarya92848DBDA (executor driver) (1/1)
[2026-01-29T16:49:40.765+0530] {subprocess.py:106} INFO - 26/01/29 16:49:40 INFO TaskSchedulerImpl: Removed TaskSet 19.0, whose tasks have all completed, from pool
[2026-01-29T16:49:40.766+0530] {subprocess.py:106} INFO - 26/01/29 16:49:40 INFO DAGScheduler: ResultStage 19 (parquet at NativeMethodAccessorImpl.java:0) finished in 0.139 s
[2026-01-29T16:49:40.766+0530] {subprocess.py:106} INFO - 26/01/29 16:49:40 INFO DAGScheduler: Job 10 is finished. Cancelling potential speculative or zombie tasks for this job
[2026-01-29T16:49:40.767+0530] {subprocess.py:106} INFO - 26/01/29 16:49:40 INFO TaskSchedulerImpl: Killing all running tasks in stage 19: Stage finished
[2026-01-29T16:49:40.767+0530] {subprocess.py:106} INFO - 26/01/29 16:49:40 INFO DAGScheduler: Job 10 finished: parquet at NativeMethodAccessorImpl.java:0, took 0.145548 s
[2026-01-29T16:49:40.810+0530] {subprocess.py:106} INFO - 26/01/29 16:49:40 INFO DAGScheduler: Registering RDD 37 (parquet at NativeMethodAccessorImpl.java:0) as input to shuffle 5
[2026-01-29T16:49:40.811+0530] {subprocess.py:106} INFO - 26/01/29 16:49:40 INFO DAGScheduler: Got map stage job 11 (parquet at NativeMethodAccessorImpl.java:0) with 1 output partitions
[2026-01-29T16:49:40.811+0530] {subprocess.py:106} INFO - 26/01/29 16:49:40 INFO DAGScheduler: Final stage: ShuffleMapStage 21 (parquet at NativeMethodAccessorImpl.java:0)
[2026-01-29T16:49:40.811+0530] {subprocess.py:106} INFO - 26/01/29 16:49:40 INFO DAGScheduler: Parents of final stage: List(ShuffleMapStage 20)
[2026-01-29T16:49:40.812+0530] {subprocess.py:106} INFO - 26/01/29 16:49:40 INFO DAGScheduler: Missing parents: List()
[2026-01-29T16:49:40.812+0530] {subprocess.py:106} INFO - 26/01/29 16:49:40 INFO DAGScheduler: Submitting ShuffleMapStage 21 (MapPartitionsRDD[37] at parquet at NativeMethodAccessorImpl.java:0), which has no missing parents
[2026-01-29T16:49:40.821+0530] {subprocess.py:106} INFO - 26/01/29 16:49:40 INFO MemoryStore: Block broadcast_14 stored as values in memory (estimated size 98.3 KiB, free 365.6 MiB)
[2026-01-29T16:49:40.823+0530] {subprocess.py:106} INFO - 26/01/29 16:49:40 INFO MemoryStore: Block broadcast_14_piece0 stored as bytes in memory (estimated size 34.6 KiB, free 365.6 MiB)
[2026-01-29T16:49:40.824+0530] {subprocess.py:106} INFO - 26/01/29 16:49:40 INFO BlockManagerInfo: Added broadcast_14_piece0 in memory on Aishwarya92848DBDA:34839 (size: 34.6 KiB, free: 366.2 MiB)
[2026-01-29T16:49:40.824+0530] {subprocess.py:106} INFO - 26/01/29 16:49:40 INFO SparkContext: Created broadcast 14 from broadcast at DAGScheduler.scala:1585
[2026-01-29T16:49:40.825+0530] {subprocess.py:106} INFO - 26/01/29 16:49:40 INFO DAGScheduler: Submitting 1 missing tasks from ShuffleMapStage 21 (MapPartitionsRDD[37] at parquet at NativeMethodAccessorImpl.java:0) (first 15 tasks are for partitions Vector(0))
[2026-01-29T16:49:40.825+0530] {subprocess.py:106} INFO - 26/01/29 16:49:40 INFO TaskSchedulerImpl: Adding task set 21.0 with 1 tasks resource profile 0
[2026-01-29T16:49:40.827+0530] {subprocess.py:106} INFO - 26/01/29 16:49:40 INFO TaskSetManager: Starting task 0.0 in stage 21.0 (TID 20) (Aishwarya92848DBDA, executor driver, partition 0, NODE_LOCAL, 7604 bytes)
[2026-01-29T16:49:40.828+0530] {subprocess.py:106} INFO - 26/01/29 16:49:40 INFO Executor: Running task 0.0 in stage 21.0 (TID 20)
[2026-01-29T16:49:40.838+0530] {subprocess.py:106} INFO - 26/01/29 16:49:40 INFO ShuffleBlockFetcherIterator: Getting 4 (927.0 KiB) non-empty blocks including 4 (927.0 KiB) local and 0 (0.0 B) host-local and 0 (0.0 B) push-merged-local and 0 (0.0 B) remote blocks
[2026-01-29T16:49:40.839+0530] {subprocess.py:106} INFO - 26/01/29 16:49:40 INFO ShuffleBlockFetcherIterator: Started 0 remote fetches in 1 ms
[2026-01-29T16:49:40.963+0530] {subprocess.py:106} INFO - 26/01/29 16:49:40 INFO Executor: Finished task 0.0 in stage 21.0 (TID 20). 5675 bytes result sent to driver
[2026-01-29T16:49:40.964+0530] {subprocess.py:106} INFO - 26/01/29 16:49:40 INFO TaskSetManager: Finished task 0.0 in stage 21.0 (TID 20) in 137 ms on Aishwarya92848DBDA (executor driver) (1/1)
[2026-01-29T16:49:40.964+0530] {subprocess.py:106} INFO - 26/01/29 16:49:40 INFO TaskSchedulerImpl: Removed TaskSet 21.0, whose tasks have all completed, from pool
[2026-01-29T16:49:40.965+0530] {subprocess.py:106} INFO - 26/01/29 16:49:40 INFO DAGScheduler: ShuffleMapStage 21 (parquet at NativeMethodAccessorImpl.java:0) finished in 0.149 s
[2026-01-29T16:49:40.965+0530] {subprocess.py:106} INFO - 26/01/29 16:49:40 INFO DAGScheduler: looking for newly runnable stages
[2026-01-29T16:49:40.966+0530] {subprocess.py:106} INFO - 26/01/29 16:49:40 INFO DAGScheduler: running: Set()
[2026-01-29T16:49:40.966+0530] {subprocess.py:106} INFO - 26/01/29 16:49:40 INFO DAGScheduler: waiting: Set()
[2026-01-29T16:49:40.966+0530] {subprocess.py:106} INFO - 26/01/29 16:49:40 INFO DAGScheduler: failed: Set()
[2026-01-29T16:49:40.972+0530] {subprocess.py:106} INFO - 26/01/29 16:49:40 INFO ShufflePartitionsUtil: For shuffle(5), advisory target size: 67108864, actual target size 1048576, minimum partition size: 1048576
[2026-01-29T16:49:40.996+0530] {subprocess.py:106} INFO - 26/01/29 16:49:40 INFO ParquetUtils: Using default output committer for Parquet: org.apache.parquet.hadoop.ParquetOutputCommitter
[2026-01-29T16:49:40.998+0530] {subprocess.py:106} INFO - 26/01/29 16:49:40 INFO FileOutputCommitter: File Output Committer Algorithm version is 1
[2026-01-29T16:49:40.998+0530] {subprocess.py:106} INFO - 26/01/29 16:49:40 INFO FileOutputCommitter: FileOutputCommitter skip cleanup _temporary folders under output directory:false, ignore cleanup failures: false
[2026-01-29T16:49:40.999+0530] {subprocess.py:106} INFO - 26/01/29 16:49:40 INFO SQLHadoopMapReduceCommitProtocol: Using user defined output committer class org.apache.parquet.hadoop.ParquetOutputCommitter
[2026-01-29T16:49:40.999+0530] {subprocess.py:106} INFO - 26/01/29 16:49:40 INFO FileOutputCommitter: File Output Committer Algorithm version is 1
[2026-01-29T16:49:40.999+0530] {subprocess.py:106} INFO - 26/01/29 16:49:40 INFO FileOutputCommitter: FileOutputCommitter skip cleanup _temporary folders under output directory:false, ignore cleanup failures: false
[2026-01-29T16:49:40.999+0530] {subprocess.py:106} INFO - 26/01/29 16:49:40 INFO SQLHadoopMapReduceCommitProtocol: Using output committer class org.apache.parquet.hadoop.ParquetOutputCommitter
[2026-01-29T16:49:41.015+0530] {subprocess.py:106} INFO - 26/01/29 16:49:41 INFO SparkContext: Starting job: parquet at NativeMethodAccessorImpl.java:0
[2026-01-29T16:49:41.016+0530] {subprocess.py:106} INFO - 26/01/29 16:49:41 INFO DAGScheduler: Got job 12 (parquet at NativeMethodAccessorImpl.java:0) with 1 output partitions
[2026-01-29T16:49:41.017+0530] {subprocess.py:106} INFO - 26/01/29 16:49:41 INFO DAGScheduler: Final stage: ResultStage 24 (parquet at NativeMethodAccessorImpl.java:0)
[2026-01-29T16:49:41.017+0530] {subprocess.py:106} INFO - 26/01/29 16:49:41 INFO DAGScheduler: Parents of final stage: List(ShuffleMapStage 23)
[2026-01-29T16:49:41.018+0530] {subprocess.py:106} INFO - 26/01/29 16:49:41 INFO DAGScheduler: Missing parents: List()
[2026-01-29T16:49:41.019+0530] {subprocess.py:106} INFO - 26/01/29 16:49:41 INFO DAGScheduler: Submitting ResultStage 24 (MapPartitionsRDD[40] at parquet at NativeMethodAccessorImpl.java:0), which has no missing parents
[2026-01-29T16:49:41.042+0530] {subprocess.py:106} INFO - 26/01/29 16:49:41 INFO MemoryStore: Block broadcast_15 stored as values in memory (estimated size 265.2 KiB, free 365.3 MiB)
[2026-01-29T16:49:41.044+0530] {subprocess.py:106} INFO - 26/01/29 16:49:41 INFO MemoryStore: Block broadcast_15_piece0 stored as bytes in memory (estimated size 96.3 KiB, free 365.2 MiB)
[2026-01-29T16:49:41.045+0530] {subprocess.py:106} INFO - 26/01/29 16:49:41 INFO BlockManagerInfo: Added broadcast_15_piece0 in memory on Aishwarya92848DBDA:34839 (size: 96.3 KiB, free: 366.1 MiB)
[2026-01-29T16:49:41.046+0530] {subprocess.py:106} INFO - 26/01/29 16:49:41 INFO SparkContext: Created broadcast 15 from broadcast at DAGScheduler.scala:1585
[2026-01-29T16:49:41.046+0530] {subprocess.py:106} INFO - 26/01/29 16:49:41 INFO DAGScheduler: Submitting 1 missing tasks from ResultStage 24 (MapPartitionsRDD[40] at parquet at NativeMethodAccessorImpl.java:0) (first 15 tasks are for partitions Vector(0))
[2026-01-29T16:49:41.047+0530] {subprocess.py:106} INFO - 26/01/29 16:49:41 INFO TaskSchedulerImpl: Adding task set 24.0 with 1 tasks resource profile 0
[2026-01-29T16:49:41.048+0530] {subprocess.py:106} INFO - 26/01/29 16:49:41 INFO TaskSetManager: Starting task 0.0 in stage 24.0 (TID 21) (Aishwarya92848DBDA, executor driver, partition 0, NODE_LOCAL, 7615 bytes)
[2026-01-29T16:49:41.048+0530] {subprocess.py:106} INFO - 26/01/29 16:49:41 INFO Executor: Running task 0.0 in stage 24.0 (TID 21)
[2026-01-29T16:49:41.065+0530] {subprocess.py:106} INFO - 26/01/29 16:49:41 INFO ShuffleBlockFetcherIterator: Getting 1 (594.5 KiB) non-empty blocks including 1 (594.5 KiB) local and 0 (0.0 B) host-local and 0 (0.0 B) push-merged-local and 0 (0.0 B) remote blocks
[2026-01-29T16:49:41.065+0530] {subprocess.py:106} INFO - 26/01/29 16:49:41 INFO ShuffleBlockFetcherIterator: Started 0 remote fetches in 0 ms
[2026-01-29T16:49:41.071+0530] {subprocess.py:106} INFO - 26/01/29 16:49:41 INFO FileOutputCommitter: File Output Committer Algorithm version is 1
[2026-01-29T16:49:41.072+0530] {subprocess.py:106} INFO - 26/01/29 16:49:41 INFO FileOutputCommitter: FileOutputCommitter skip cleanup _temporary folders under output directory:false, ignore cleanup failures: false
[2026-01-29T16:49:41.072+0530] {subprocess.py:106} INFO - 26/01/29 16:49:41 INFO SQLHadoopMapReduceCommitProtocol: Using user defined output committer class org.apache.parquet.hadoop.ParquetOutputCommitter
[2026-01-29T16:49:41.072+0530] {subprocess.py:106} INFO - 26/01/29 16:49:41 INFO FileOutputCommitter: File Output Committer Algorithm version is 1
[2026-01-29T16:49:41.073+0530] {subprocess.py:106} INFO - 26/01/29 16:49:41 INFO FileOutputCommitter: FileOutputCommitter skip cleanup _temporary folders under output directory:false, ignore cleanup failures: false
[2026-01-29T16:49:41.073+0530] {subprocess.py:106} INFO - 26/01/29 16:49:41 INFO SQLHadoopMapReduceCommitProtocol: Using output committer class org.apache.parquet.hadoop.ParquetOutputCommitter
[2026-01-29T16:49:41.073+0530] {subprocess.py:106} INFO - 26/01/29 16:49:41 INFO CodecConfig: Compression: SNAPPY
[2026-01-29T16:49:41.073+0530] {subprocess.py:106} INFO - 26/01/29 16:49:41 INFO CodecConfig: Compression: SNAPPY
[2026-01-29T16:49:41.076+0530] {subprocess.py:106} INFO - 26/01/29 16:49:41 INFO ParquetOutputFormat: ParquetRecordWriter [block size: 134217728b, row group padding size: 8388608b, validating: false]
[2026-01-29T16:49:41.077+0530] {subprocess.py:106} INFO - 26/01/29 16:49:41 INFO ParquetWriteSupport: Initialized Parquet WriteSupport with Catalyst schema:
[2026-01-29T16:49:41.078+0530] {subprocess.py:106} INFO - {
[2026-01-29T16:49:41.078+0530] {subprocess.py:106} INFO -   "type" : "struct",
[2026-01-29T16:49:41.078+0530] {subprocess.py:106} INFO -   "fields" : [ {
[2026-01-29T16:49:41.079+0530] {subprocess.py:106} INFO -     "name" : "city",
[2026-01-29T16:49:41.079+0530] {subprocess.py:106} INFO -     "type" : "string",
[2026-01-29T16:49:41.079+0530] {subprocess.py:106} INFO -     "nullable" : true,
[2026-01-29T16:49:41.079+0530] {subprocess.py:106} INFO -     "metadata" : { }
[2026-01-29T16:49:41.080+0530] {subprocess.py:106} INFO -   }, {
[2026-01-29T16:49:41.080+0530] {subprocess.py:106} INFO -     "name" : "year",
[2026-01-29T16:49:41.081+0530] {subprocess.py:106} INFO -     "type" : "integer",
[2026-01-29T16:49:41.081+0530] {subprocess.py:106} INFO -     "nullable" : true,
[2026-01-29T16:49:41.081+0530] {subprocess.py:106} INFO -     "metadata" : { }
[2026-01-29T16:49:41.081+0530] {subprocess.py:106} INFO -   }, {
[2026-01-29T16:49:41.082+0530] {subprocess.py:106} INFO -     "name" : "weekofyear(date)",
[2026-01-29T16:49:41.082+0530] {subprocess.py:106} INFO -     "type" : "integer",
[2026-01-29T16:49:41.082+0530] {subprocess.py:106} INFO -     "nullable" : true,
[2026-01-29T16:49:41.082+0530] {subprocess.py:106} INFO -     "metadata" : {
[2026-01-29T16:49:41.082+0530] {subprocess.py:106} INFO -       "__autoGeneratedAlias" : "true"
[2026-01-29T16:49:41.083+0530] {subprocess.py:106} INFO -     }
[2026-01-29T16:49:41.083+0530] {subprocess.py:106} INFO -   }, {
[2026-01-29T16:49:41.083+0530] {subprocess.py:106} INFO -     "name" : "avg_max_temp",
[2026-01-29T16:49:41.083+0530] {subprocess.py:106} INFO -     "type" : "double",
[2026-01-29T16:49:41.083+0530] {subprocess.py:106} INFO -     "nullable" : true,
[2026-01-29T16:49:41.083+0530] {subprocess.py:106} INFO -     "metadata" : { }
[2026-01-29T16:49:41.084+0530] {subprocess.py:106} INFO -   }, {
[2026-01-29T16:49:41.084+0530] {subprocess.py:106} INFO -     "name" : "avg_min_temp",
[2026-01-29T16:49:41.084+0530] {subprocess.py:106} INFO -     "type" : "double",
[2026-01-29T16:49:41.084+0530] {subprocess.py:106} INFO -     "nullable" : true,
[2026-01-29T16:49:41.084+0530] {subprocess.py:106} INFO -     "metadata" : { }
[2026-01-29T16:49:41.084+0530] {subprocess.py:106} INFO -   }, {
[2026-01-29T16:49:41.085+0530] {subprocess.py:106} INFO -     "name" : "highest_temp",
[2026-01-29T16:49:41.085+0530] {subprocess.py:106} INFO -     "type" : "double",
[2026-01-29T16:49:41.085+0530] {subprocess.py:106} INFO -     "nullable" : true,
[2026-01-29T16:49:41.085+0530] {subprocess.py:106} INFO -     "metadata" : { }
[2026-01-29T16:49:41.085+0530] {subprocess.py:106} INFO -   }, {
[2026-01-29T16:49:41.085+0530] {subprocess.py:106} INFO -     "name" : "lowest_temp",
[2026-01-29T16:49:41.086+0530] {subprocess.py:106} INFO -     "type" : "double",
[2026-01-29T16:49:41.086+0530] {subprocess.py:106} INFO -     "nullable" : true,
[2026-01-29T16:49:41.086+0530] {subprocess.py:106} INFO -     "metadata" : { }
[2026-01-29T16:49:41.086+0530] {subprocess.py:106} INFO -   }, {
[2026-01-29T16:49:41.086+0530] {subprocess.py:106} INFO -     "name" : "temp_range",
[2026-01-29T16:49:41.087+0530] {subprocess.py:106} INFO -     "type" : "double",
[2026-01-29T16:49:41.087+0530] {subprocess.py:106} INFO -     "nullable" : true,
[2026-01-29T16:49:41.087+0530] {subprocess.py:106} INFO -     "metadata" : { }
[2026-01-29T16:49:41.087+0530] {subprocess.py:106} INFO -   }, {
[2026-01-29T16:49:41.087+0530] {subprocess.py:106} INFO -     "name" : "heat_stress_type",
[2026-01-29T16:49:41.087+0530] {subprocess.py:106} INFO -     "type" : "string",
[2026-01-29T16:49:41.088+0530] {subprocess.py:106} INFO -     "nullable" : false,
[2026-01-29T16:49:41.088+0530] {subprocess.py:106} INFO -     "metadata" : { }
[2026-01-29T16:49:41.088+0530] {subprocess.py:106} INFO -   }, {
[2026-01-29T16:49:41.088+0530] {subprocess.py:106} INFO -     "name" : "yearly_rainfall",
[2026-01-29T16:49:41.088+0530] {subprocess.py:106} INFO -     "type" : "double",
[2026-01-29T16:49:41.088+0530] {subprocess.py:106} INFO -     "nullable" : true,
[2026-01-29T16:49:41.088+0530] {subprocess.py:106} INFO -     "metadata" : { }
[2026-01-29T16:49:41.089+0530] {subprocess.py:106} INFO -   }, {
[2026-01-29T16:49:41.089+0530] {subprocess.py:106} INFO -     "name" : "max_wind_gust",
[2026-01-29T16:49:41.089+0530] {subprocess.py:106} INFO -     "type" : "double",
[2026-01-29T16:49:41.089+0530] {subprocess.py:106} INFO -     "nullable" : true,
[2026-01-29T16:49:41.089+0530] {subprocess.py:106} INFO -     "metadata" : { }
[2026-01-29T16:49:41.089+0530] {subprocess.py:106} INFO -   } ]
[2026-01-29T16:49:41.089+0530] {subprocess.py:106} INFO - }
[2026-01-29T16:49:41.089+0530] {subprocess.py:106} INFO - and corresponding Parquet message type:
[2026-01-29T16:49:41.090+0530] {subprocess.py:106} INFO - message spark_schema {
[2026-01-29T16:49:41.090+0530] {subprocess.py:106} INFO -   optional binary city (STRING);
[2026-01-29T16:49:41.090+0530] {subprocess.py:106} INFO -   optional int32 year;
[2026-01-29T16:49:41.090+0530] {subprocess.py:106} INFO -   optional int32 weekofyear(date);
[2026-01-29T16:49:41.090+0530] {subprocess.py:106} INFO -   optional double avg_max_temp;
[2026-01-29T16:49:41.090+0530] {subprocess.py:106} INFO -   optional double avg_min_temp;
[2026-01-29T16:49:41.090+0530] {subprocess.py:106} INFO -   optional double highest_temp;
[2026-01-29T16:49:41.091+0530] {subprocess.py:106} INFO -   optional double lowest_temp;
[2026-01-29T16:49:41.091+0530] {subprocess.py:106} INFO -   optional double temp_range;
[2026-01-29T16:49:41.091+0530] {subprocess.py:106} INFO -   required binary heat_stress_type (STRING);
[2026-01-29T16:49:41.091+0530] {subprocess.py:106} INFO -   optional double yearly_rainfall;
[2026-01-29T16:49:41.091+0530] {subprocess.py:106} INFO -   optional double max_wind_gust;
[2026-01-29T16:49:41.091+0530] {subprocess.py:106} INFO - }
[2026-01-29T16:49:41.091+0530] {subprocess.py:106} INFO - 
[2026-01-29T16:49:41.092+0530] {subprocess.py:106} INFO - 
[2026-01-29T16:49:41.209+0530] {subprocess.py:106} INFO - 26/01/29 16:49:41 INFO BlockManagerInfo: Removed broadcast_13_piece0 on Aishwarya92848DBDA:34839 in memory (size: 32.4 KiB, free: 366.1 MiB)
[2026-01-29T16:49:41.217+0530] {subprocess.py:106} INFO - 26/01/29 16:49:41 INFO BlockManagerInfo: Removed broadcast_12_piece0 on Aishwarya92848DBDA:34839 in memory (size: 26.6 KiB, free: 366.1 MiB)
[2026-01-29T16:49:41.222+0530] {subprocess.py:106} INFO - 26/01/29 16:49:41 INFO BlockManagerInfo: Removed broadcast_14_piece0 on Aishwarya92848DBDA:34839 in memory (size: 34.6 KiB, free: 366.2 MiB)
[2026-01-29T16:49:41.232+0530] {subprocess.py:106} INFO - 26/01/29 16:49:41 INFO FileOutputCommitter: Saved output of task 'attempt_202601291649418389668618240032502_0024_m_000000_21' to hdfs://localhost:9000/weather/analytics/city_summary_weekly/_temporary/0/task_202601291649418389668618240032502_0024_m_000000
[2026-01-29T16:49:41.233+0530] {subprocess.py:106} INFO - 26/01/29 16:49:41 INFO SparkHadoopMapRedUtil: attempt_202601291649418389668618240032502_0024_m_000000_21: Committed. Elapsed time: 6 ms.
[2026-01-29T16:49:41.236+0530] {subprocess.py:106} INFO - 26/01/29 16:49:41 INFO Executor: Finished task 0.0 in stage 24.0 (TID 21). 7814 bytes result sent to driver
[2026-01-29T16:49:41.236+0530] {subprocess.py:106} INFO - 26/01/29 16:49:41 INFO TaskSetManager: Finished task 0.0 in stage 24.0 (TID 21) in 189 ms on Aishwarya92848DBDA (executor driver) (1/1)
[2026-01-29T16:49:41.237+0530] {subprocess.py:106} INFO - 26/01/29 16:49:41 INFO TaskSchedulerImpl: Removed TaskSet 24.0, whose tasks have all completed, from pool
[2026-01-29T16:49:41.238+0530] {subprocess.py:106} INFO - 26/01/29 16:49:41 INFO DAGScheduler: ResultStage 24 (parquet at NativeMethodAccessorImpl.java:0) finished in 0.215 s
[2026-01-29T16:49:41.238+0530] {subprocess.py:106} INFO - 26/01/29 16:49:41 INFO DAGScheduler: Job 12 is finished. Cancelling potential speculative or zombie tasks for this job
[2026-01-29T16:49:41.239+0530] {subprocess.py:106} INFO - 26/01/29 16:49:41 INFO TaskSchedulerImpl: Killing all running tasks in stage 24: Stage finished
[2026-01-29T16:49:41.239+0530] {subprocess.py:106} INFO - 26/01/29 16:49:41 INFO DAGScheduler: Job 12 finished: parquet at NativeMethodAccessorImpl.java:0, took 0.223739 s
[2026-01-29T16:49:41.240+0530] {subprocess.py:106} INFO - 26/01/29 16:49:41 INFO FileFormatWriter: Start to commit write Job 483812e4-26c7-41bc-854d-1be5031671bb.
[2026-01-29T16:49:41.257+0530] {subprocess.py:106} INFO - 26/01/29 16:49:41 INFO FileFormatWriter: Write Job 483812e4-26c7-41bc-854d-1be5031671bb committed. Elapsed time: 17 ms.
[2026-01-29T16:49:41.257+0530] {subprocess.py:106} INFO - 26/01/29 16:49:41 INFO FileFormatWriter: Finished processing stats for write job 483812e4-26c7-41bc-854d-1be5031671bb.
[2026-01-29T16:49:41.294+0530] {subprocess.py:106} INFO - 26/01/29 16:49:41 INFO FileSourceStrategy: Pushed Filters:
[2026-01-29T16:49:41.294+0530] {subprocess.py:106} INFO - 26/01/29 16:49:41 INFO FileSourceStrategy: Post-Scan Filters:
[2026-01-29T16:49:41.379+0530] {subprocess.py:106} INFO - 26/01/29 16:49:41 INFO CodeGenerator: Code generated in 44.418835 ms
[2026-01-29T16:49:41.387+0530] {subprocess.py:106} INFO - 26/01/29 16:49:41 INFO MemoryStore: Block broadcast_16 stored as values in memory (estimated size 357.4 KiB, free 365.2 MiB)
[2026-01-29T16:49:41.396+0530] {subprocess.py:106} INFO - 26/01/29 16:49:41 INFO MemoryStore: Block broadcast_16_piece0 stored as bytes in memory (estimated size 35.1 KiB, free 365.2 MiB)
[2026-01-29T16:49:41.397+0530] {subprocess.py:106} INFO - 26/01/29 16:49:41 INFO BlockManagerInfo: Added broadcast_16_piece0 in memory on Aishwarya92848DBDA:34839 (size: 35.1 KiB, free: 366.1 MiB)
[2026-01-29T16:49:41.398+0530] {subprocess.py:106} INFO - 26/01/29 16:49:41 INFO SparkContext: Created broadcast 16 from parquet at NativeMethodAccessorImpl.java:0
[2026-01-29T16:49:41.399+0530] {subprocess.py:106} INFO - 26/01/29 16:49:41 INFO FileSourceScanExec: Planning scan with bin packing, max size: 4194304 bytes, open cost is considered as scanning 4194304 bytes.
[2026-01-29T16:49:41.410+0530] {subprocess.py:106} INFO - 26/01/29 16:49:41 INFO DAGScheduler: Registering RDD 44 (parquet at NativeMethodAccessorImpl.java:0) as input to shuffle 6
[2026-01-29T16:49:41.411+0530] {subprocess.py:106} INFO - 26/01/29 16:49:41 INFO DAGScheduler: Got map stage job 13 (parquet at NativeMethodAccessorImpl.java:0) with 4 output partitions
[2026-01-29T16:49:41.411+0530] {subprocess.py:106} INFO - 26/01/29 16:49:41 INFO DAGScheduler: Final stage: ShuffleMapStage 25 (parquet at NativeMethodAccessorImpl.java:0)
[2026-01-29T16:49:41.412+0530] {subprocess.py:106} INFO - 26/01/29 16:49:41 INFO DAGScheduler: Parents of final stage: List()
[2026-01-29T16:49:41.413+0530] {subprocess.py:106} INFO - 26/01/29 16:49:41 INFO DAGScheduler: Missing parents: List()
[2026-01-29T16:49:41.414+0530] {subprocess.py:106} INFO - 26/01/29 16:49:41 INFO DAGScheduler: Submitting ShuffleMapStage 25 (MapPartitionsRDD[44] at parquet at NativeMethodAccessorImpl.java:0), which has no missing parents
[2026-01-29T16:49:41.420+0530] {subprocess.py:106} INFO - 26/01/29 16:49:41 INFO MemoryStore: Block broadcast_17 stored as values in memory (estimated size 57.6 KiB, free 365.1 MiB)
[2026-01-29T16:49:41.421+0530] {subprocess.py:106} INFO - 26/01/29 16:49:41 INFO MemoryStore: Block broadcast_17_piece0 stored as bytes in memory (estimated size 23.1 KiB, free 365.1 MiB)
[2026-01-29T16:49:41.422+0530] {subprocess.py:106} INFO - 26/01/29 16:49:41 INFO BlockManagerInfo: Added broadcast_17_piece0 in memory on Aishwarya92848DBDA:34839 (size: 23.1 KiB, free: 366.1 MiB)
[2026-01-29T16:49:41.423+0530] {subprocess.py:106} INFO - 26/01/29 16:49:41 INFO SparkContext: Created broadcast 17 from broadcast at DAGScheduler.scala:1585
[2026-01-29T16:49:41.423+0530] {subprocess.py:106} INFO - 26/01/29 16:49:41 INFO DAGScheduler: Submitting 4 missing tasks from ShuffleMapStage 25 (MapPartitionsRDD[44] at parquet at NativeMethodAccessorImpl.java:0) (first 15 tasks are for partitions Vector(0, 1, 2, 3))
[2026-01-29T16:49:41.424+0530] {subprocess.py:106} INFO - 26/01/29 16:49:41 INFO TaskSchedulerImpl: Adding task set 25.0 with 4 tasks resource profile 0
[2026-01-29T16:49:41.425+0530] {subprocess.py:106} INFO - 26/01/29 16:49:41 INFO TaskSetManager: Starting task 0.0 in stage 25.0 (TID 22) (Aishwarya92848DBDA, executor driver, partition 0, NODE_LOCAL, 8305 bytes)
[2026-01-29T16:49:41.426+0530] {subprocess.py:106} INFO - 26/01/29 16:49:41 INFO TaskSetManager: Starting task 1.0 in stage 25.0 (TID 23) (Aishwarya92848DBDA, executor driver, partition 1, NODE_LOCAL, 8305 bytes)
[2026-01-29T16:49:41.426+0530] {subprocess.py:106} INFO - 26/01/29 16:49:41 INFO TaskSetManager: Starting task 2.0 in stage 25.0 (TID 24) (Aishwarya92848DBDA, executor driver, partition 2, NODE_LOCAL, 8305 bytes)
[2026-01-29T16:49:41.426+0530] {subprocess.py:106} INFO - 26/01/29 16:49:41 INFO TaskSetManager: Starting task 3.0 in stage 25.0 (TID 25) (Aishwarya92848DBDA, executor driver, partition 3, NODE_LOCAL, 8305 bytes)
[2026-01-29T16:49:41.427+0530] {subprocess.py:106} INFO - 26/01/29 16:49:41 INFO Executor: Running task 3.0 in stage 25.0 (TID 25)
[2026-01-29T16:49:41.428+0530] {subprocess.py:106} INFO - 26/01/29 16:49:41 INFO Executor: Running task 0.0 in stage 25.0 (TID 22)
[2026-01-29T16:49:41.428+0530] {subprocess.py:106} INFO - 26/01/29 16:49:41 INFO Executor: Running task 1.0 in stage 25.0 (TID 23)
[2026-01-29T16:49:41.428+0530] {subprocess.py:106} INFO - 26/01/29 16:49:41 INFO Executor: Running task 2.0 in stage 25.0 (TID 24)
[2026-01-29T16:49:41.470+0530] {subprocess.py:106} INFO - 26/01/29 16:49:41 INFO CodeGenerator: Code generated in 36.224709 ms
[2026-01-29T16:49:41.488+0530] {subprocess.py:106} INFO - 26/01/29 16:49:41 INFO CodeGenerator: Code generated in 13.603545 ms
[2026-01-29T16:49:41.501+0530] {subprocess.py:106} INFO - 26/01/29 16:49:41 INFO CodeGenerator: Code generated in 6.574917 ms
[2026-01-29T16:49:41.511+0530] {subprocess.py:106} INFO - 26/01/29 16:49:41 INFO CodeGenerator: Code generated in 6.309764 ms
[2026-01-29T16:49:41.524+0530] {subprocess.py:106} INFO - 26/01/29 16:49:41 INFO CodeGenerator: Code generated in 7.790973 ms
[2026-01-29T16:49:41.528+0530] {subprocess.py:106} INFO - 26/01/29 16:49:41 INFO FileScanRDD: Reading File path: hdfs://localhost:9000/weather/data/processed/weather_processed.parquet/part-00000-439e0679-4398-4693-b29d-071e4e70fed9-c000.snappy.parquet, range: 0-1468250, partition values: [empty row]
[2026-01-29T16:49:41.529+0530] {subprocess.py:106} INFO - 26/01/29 16:49:41 INFO FileScanRDD: Reading File path: hdfs://localhost:9000/weather/data/processed/weather_processed.parquet/part-00002-439e0679-4398-4693-b29d-071e4e70fed9-c000.snappy.parquet, range: 0-1001519, partition values: [empty row]
[2026-01-29T16:49:41.529+0530] {subprocess.py:106} INFO - 26/01/29 16:49:41 INFO FileScanRDD: Reading File path: hdfs://localhost:9000/weather/data/processed/weather_processed.parquet/part-00003-439e0679-4398-4693-b29d-071e4e70fed9-c000.snappy.parquet, range: 0-1467543, partition values: [empty row]
[2026-01-29T16:49:41.530+0530] {subprocess.py:106} INFO - 26/01/29 16:49:41 INFO FileScanRDD: Reading File path: hdfs://localhost:9000/weather/data/processed/weather_processed.parquet/part-00001-439e0679-4398-4693-b29d-071e4e70fed9-c000.snappy.parquet, range: 0-995052, partition values: [empty row]
[2026-01-29T16:49:41.641+0530] {subprocess.py:106} INFO - 26/01/29 16:49:41 INFO Executor: Finished task 2.0 in stage 25.0 (TID 24). 2936 bytes result sent to driver
[2026-01-29T16:49:41.643+0530] {subprocess.py:106} INFO - 26/01/29 16:49:41 INFO TaskSetManager: Finished task 2.0 in stage 25.0 (TID 24) in 217 ms on Aishwarya92848DBDA (executor driver) (1/4)
[2026-01-29T16:49:41.649+0530] {subprocess.py:106} INFO - 26/01/29 16:49:41 INFO Executor: Finished task 3.0 in stage 25.0 (TID 25). 2936 bytes result sent to driver
[2026-01-29T16:49:41.651+0530] {subprocess.py:106} INFO - 26/01/29 16:49:41 INFO TaskSetManager: Finished task 3.0 in stage 25.0 (TID 25) in 224 ms on Aishwarya92848DBDA (executor driver) (2/4)
[2026-01-29T16:49:41.664+0530] {subprocess.py:106} INFO - 26/01/29 16:49:41 INFO Executor: Finished task 0.0 in stage 25.0 (TID 22). 2936 bytes result sent to driver
[2026-01-29T16:49:41.665+0530] {subprocess.py:106} INFO - 26/01/29 16:49:41 INFO TaskSetManager: Finished task 0.0 in stage 25.0 (TID 22) in 241 ms on Aishwarya92848DBDA (executor driver) (3/4)
[2026-01-29T16:49:41.667+0530] {subprocess.py:106} INFO - 26/01/29 16:49:41 INFO Executor: Finished task 1.0 in stage 25.0 (TID 23). 2936 bytes result sent to driver
[2026-01-29T16:49:41.668+0530] {subprocess.py:106} INFO - 26/01/29 16:49:41 INFO TaskSetManager: Finished task 1.0 in stage 25.0 (TID 23) in 243 ms on Aishwarya92848DBDA (executor driver) (4/4)
[2026-01-29T16:49:41.669+0530] {subprocess.py:106} INFO - 26/01/29 16:49:41 INFO TaskSchedulerImpl: Removed TaskSet 25.0, whose tasks have all completed, from pool
[2026-01-29T16:49:41.669+0530] {subprocess.py:106} INFO - 26/01/29 16:49:41 INFO DAGScheduler: ShuffleMapStage 25 (parquet at NativeMethodAccessorImpl.java:0) finished in 0.254 s
[2026-01-29T16:49:41.669+0530] {subprocess.py:106} INFO - 26/01/29 16:49:41 INFO DAGScheduler: looking for newly runnable stages
[2026-01-29T16:49:41.669+0530] {subprocess.py:106} INFO - 26/01/29 16:49:41 INFO DAGScheduler: running: Set()
[2026-01-29T16:49:41.669+0530] {subprocess.py:106} INFO - 26/01/29 16:49:41 INFO DAGScheduler: waiting: Set()
[2026-01-29T16:49:41.670+0530] {subprocess.py:106} INFO - 26/01/29 16:49:41 INFO DAGScheduler: failed: Set()
[2026-01-29T16:49:41.675+0530] {subprocess.py:106} INFO - 26/01/29 16:49:41 INFO ShufflePartitionsUtil: For shuffle(6), advisory target size: 67108864, actual target size 1048576, minimum partition size: 1048576
[2026-01-29T16:49:41.685+0530] {subprocess.py:106} INFO - 26/01/29 16:49:41 INFO HashAggregateExec: spark.sql.codegen.aggregate.map.twolevel.enabled is set to true, but current version of codegened fast hashmap does not support this aggregate.
[2026-01-29T16:49:41.709+0530] {subprocess.py:106} INFO - 26/01/29 16:49:41 INFO CodeGenerator: Code generated in 18.886562 ms
[2026-01-29T16:49:41.721+0530] {subprocess.py:106} INFO - 26/01/29 16:49:41 INFO CodeGenerator: Code generated in 5.207374 ms
[2026-01-29T16:49:41.736+0530] {subprocess.py:106} INFO - 26/01/29 16:49:41 INFO SparkContext: Starting job: parquet at NativeMethodAccessorImpl.java:0
[2026-01-29T16:49:41.737+0530] {subprocess.py:106} INFO - 26/01/29 16:49:41 INFO DAGScheduler: Got job 14 (parquet at NativeMethodAccessorImpl.java:0) with 1 output partitions
[2026-01-29T16:49:41.737+0530] {subprocess.py:106} INFO - 26/01/29 16:49:41 INFO DAGScheduler: Final stage: ResultStage 27 (parquet at NativeMethodAccessorImpl.java:0)
[2026-01-29T16:49:41.737+0530] {subprocess.py:106} INFO - 26/01/29 16:49:41 INFO DAGScheduler: Parents of final stage: List(ShuffleMapStage 26)
[2026-01-29T16:49:41.737+0530] {subprocess.py:106} INFO - 26/01/29 16:49:41 INFO DAGScheduler: Missing parents: List()
[2026-01-29T16:49:41.738+0530] {subprocess.py:106} INFO - 26/01/29 16:49:41 INFO DAGScheduler: Submitting ResultStage 27 (MapPartitionsRDD[49] at parquet at NativeMethodAccessorImpl.java:0), which has no missing parents
[2026-01-29T16:49:41.742+0530] {subprocess.py:106} INFO - 26/01/29 16:49:41 INFO MemoryStore: Block broadcast_18 stored as values in memory (estimated size 57.9 KiB, free 365.0 MiB)
[2026-01-29T16:49:41.743+0530] {subprocess.py:106} INFO - 26/01/29 16:49:41 INFO MemoryStore: Block broadcast_18_piece0 stored as bytes in memory (estimated size 24.7 KiB, free 365.0 MiB)
[2026-01-29T16:49:41.744+0530] {subprocess.py:106} INFO - 26/01/29 16:49:41 INFO BlockManagerInfo: Added broadcast_18_piece0 in memory on Aishwarya92848DBDA:34839 (size: 24.7 KiB, free: 366.1 MiB)
[2026-01-29T16:49:41.744+0530] {subprocess.py:106} INFO - 26/01/29 16:49:41 INFO SparkContext: Created broadcast 18 from broadcast at DAGScheduler.scala:1585
[2026-01-29T16:49:41.744+0530] {subprocess.py:106} INFO - 26/01/29 16:49:41 INFO DAGScheduler: Submitting 1 missing tasks from ResultStage 27 (MapPartitionsRDD[49] at parquet at NativeMethodAccessorImpl.java:0) (first 15 tasks are for partitions Vector(0))
[2026-01-29T16:49:41.745+0530] {subprocess.py:106} INFO - 26/01/29 16:49:41 INFO TaskSchedulerImpl: Adding task set 27.0 with 1 tasks resource profile 0
[2026-01-29T16:49:41.746+0530] {subprocess.py:106} INFO - 26/01/29 16:49:41 INFO TaskSetManager: Starting task 0.0 in stage 27.0 (TID 26) (Aishwarya92848DBDA, executor driver, partition 0, NODE_LOCAL, 7615 bytes)
[2026-01-29T16:49:41.746+0530] {subprocess.py:106} INFO - 26/01/29 16:49:41 INFO Executor: Running task 0.0 in stage 27.0 (TID 26)
[2026-01-29T16:49:41.754+0530] {subprocess.py:106} INFO - 26/01/29 16:49:41 INFO ShuffleBlockFetcherIterator: Getting 4 (92.6 KiB) non-empty blocks including 4 (92.6 KiB) local and 0 (0.0 B) host-local and 0 (0.0 B) push-merged-local and 0 (0.0 B) remote blocks
[2026-01-29T16:49:41.754+0530] {subprocess.py:106} INFO - 26/01/29 16:49:41 INFO ShuffleBlockFetcherIterator: Started 0 remote fetches in 1 ms
[2026-01-29T16:49:41.767+0530] {subprocess.py:106} INFO - 26/01/29 16:49:41 INFO CodeGenerator: Code generated in 12.367481 ms
[2026-01-29T16:49:41.783+0530] {subprocess.py:106} INFO - 26/01/29 16:49:41 INFO Executor: Finished task 0.0 in stage 27.0 (TID 26). 78638 bytes result sent to driver
[2026-01-29T16:49:41.785+0530] {subprocess.py:106} INFO - 26/01/29 16:49:41 INFO TaskSetManager: Finished task 0.0 in stage 27.0 (TID 26) in 39 ms on Aishwarya92848DBDA (executor driver) (1/1)
[2026-01-29T16:49:41.785+0530] {subprocess.py:106} INFO - 26/01/29 16:49:41 INFO TaskSchedulerImpl: Removed TaskSet 27.0, whose tasks have all completed, from pool
[2026-01-29T16:49:41.785+0530] {subprocess.py:106} INFO - 26/01/29 16:49:41 INFO DAGScheduler: ResultStage 27 (parquet at NativeMethodAccessorImpl.java:0) finished in 0.045 s
[2026-01-29T16:49:41.786+0530] {subprocess.py:106} INFO - 26/01/29 16:49:41 INFO DAGScheduler: Job 14 is finished. Cancelling potential speculative or zombie tasks for this job
[2026-01-29T16:49:41.786+0530] {subprocess.py:106} INFO - 26/01/29 16:49:41 INFO TaskSchedulerImpl: Killing all running tasks in stage 27: Stage finished
[2026-01-29T16:49:41.787+0530] {subprocess.py:106} INFO - 26/01/29 16:49:41 INFO DAGScheduler: Job 14 finished: parquet at NativeMethodAccessorImpl.java:0, took 0.050310 s
[2026-01-29T16:49:41.792+0530] {subprocess.py:106} INFO - 26/01/29 16:49:41 INFO DAGScheduler: Registering RDD 50 (parquet at NativeMethodAccessorImpl.java:0) as input to shuffle 7
[2026-01-29T16:49:41.792+0530] {subprocess.py:106} INFO - 26/01/29 16:49:41 INFO DAGScheduler: Got map stage job 15 (parquet at NativeMethodAccessorImpl.java:0) with 1 output partitions
[2026-01-29T16:49:41.792+0530] {subprocess.py:106} INFO - 26/01/29 16:49:41 INFO DAGScheduler: Final stage: ShuffleMapStage 29 (parquet at NativeMethodAccessorImpl.java:0)
[2026-01-29T16:49:41.793+0530] {subprocess.py:106} INFO - 26/01/29 16:49:41 INFO DAGScheduler: Parents of final stage: List(ShuffleMapStage 28)
[2026-01-29T16:49:41.793+0530] {subprocess.py:106} INFO - 26/01/29 16:49:41 INFO DAGScheduler: Missing parents: List()
[2026-01-29T16:49:41.793+0530] {subprocess.py:106} INFO - 26/01/29 16:49:41 INFO DAGScheduler: Submitting ShuffleMapStage 29 (MapPartitionsRDD[50] at parquet at NativeMethodAccessorImpl.java:0), which has no missing parents
[2026-01-29T16:49:41.799+0530] {subprocess.py:106} INFO - 26/01/29 16:49:41 INFO MemoryStore: Block broadcast_19 stored as values in memory (estimated size 72.1 KiB, free 364.9 MiB)
[2026-01-29T16:49:41.801+0530] {subprocess.py:106} INFO - 26/01/29 16:49:41 INFO MemoryStore: Block broadcast_19_piece0 stored as bytes in memory (estimated size 27.7 KiB, free 364.9 MiB)
[2026-01-29T16:49:41.801+0530] {subprocess.py:106} INFO - 26/01/29 16:49:41 INFO BlockManagerInfo: Added broadcast_19_piece0 in memory on Aishwarya92848DBDA:34839 (size: 27.7 KiB, free: 366.1 MiB)
[2026-01-29T16:49:41.802+0530] {subprocess.py:106} INFO - 26/01/29 16:49:41 INFO SparkContext: Created broadcast 19 from broadcast at DAGScheduler.scala:1585
[2026-01-29T16:49:41.803+0530] {subprocess.py:106} INFO - 26/01/29 16:49:41 INFO DAGScheduler: Submitting 1 missing tasks from ShuffleMapStage 29 (MapPartitionsRDD[50] at parquet at NativeMethodAccessorImpl.java:0) (first 15 tasks are for partitions Vector(0))
[2026-01-29T16:49:41.803+0530] {subprocess.py:106} INFO - 26/01/29 16:49:41 INFO TaskSchedulerImpl: Adding task set 29.0 with 1 tasks resource profile 0
[2026-01-29T16:49:41.804+0530] {subprocess.py:106} INFO - 26/01/29 16:49:41 INFO TaskSetManager: Starting task 0.0 in stage 29.0 (TID 27) (Aishwarya92848DBDA, executor driver, partition 0, NODE_LOCAL, 7604 bytes)
[2026-01-29T16:49:41.805+0530] {subprocess.py:106} INFO - 26/01/29 16:49:41 INFO Executor: Running task 0.0 in stage 29.0 (TID 27)
[2026-01-29T16:49:41.817+0530] {subprocess.py:106} INFO - 26/01/29 16:49:41 INFO CodeGenerator: Code generated in 5.423575 ms
[2026-01-29T16:49:41.820+0530] {subprocess.py:106} INFO - 26/01/29 16:49:41 INFO ShuffleBlockFetcherIterator: Getting 4 (92.6 KiB) non-empty blocks including 4 (92.6 KiB) local and 0 (0.0 B) host-local and 0 (0.0 B) push-merged-local and 0 (0.0 B) remote blocks
[2026-01-29T16:49:41.820+0530] {subprocess.py:106} INFO - 26/01/29 16:49:41 INFO ShuffleBlockFetcherIterator: Started 0 remote fetches in 1 ms
[2026-01-29T16:49:41.862+0530] {subprocess.py:106} INFO - 26/01/29 16:49:41 INFO Executor: Finished task 0.0 in stage 29.0 (TID 27). 5675 bytes result sent to driver
[2026-01-29T16:49:41.863+0530] {subprocess.py:106} INFO - 26/01/29 16:49:41 INFO TaskSetManager: Finished task 0.0 in stage 29.0 (TID 27) in 59 ms on Aishwarya92848DBDA (executor driver) (1/1)
[2026-01-29T16:49:41.863+0530] {subprocess.py:106} INFO - 26/01/29 16:49:41 INFO TaskSchedulerImpl: Removed TaskSet 29.0, whose tasks have all completed, from pool
[2026-01-29T16:49:41.864+0530] {subprocess.py:106} INFO - 26/01/29 16:49:41 INFO DAGScheduler: ShuffleMapStage 29 (parquet at NativeMethodAccessorImpl.java:0) finished in 0.067 s
[2026-01-29T16:49:41.864+0530] {subprocess.py:106} INFO - 26/01/29 16:49:41 INFO DAGScheduler: looking for newly runnable stages
[2026-01-29T16:49:41.864+0530] {subprocess.py:106} INFO - 26/01/29 16:49:41 INFO DAGScheduler: running: Set()
[2026-01-29T16:49:41.865+0530] {subprocess.py:106} INFO - 26/01/29 16:49:41 INFO DAGScheduler: waiting: Set()
[2026-01-29T16:49:41.865+0530] {subprocess.py:106} INFO - 26/01/29 16:49:41 INFO DAGScheduler: failed: Set()
[2026-01-29T16:49:41.867+0530] {subprocess.py:106} INFO - 26/01/29 16:49:41 INFO ShufflePartitionsUtil: For shuffle(7), advisory target size: 67108864, actual target size 1048576, minimum partition size: 1048576
[2026-01-29T16:49:41.886+0530] {subprocess.py:106} INFO - 26/01/29 16:49:41 INFO ParquetUtils: Using default output committer for Parquet: org.apache.parquet.hadoop.ParquetOutputCommitter
[2026-01-29T16:49:41.887+0530] {subprocess.py:106} INFO - 26/01/29 16:49:41 INFO FileOutputCommitter: File Output Committer Algorithm version is 1
[2026-01-29T16:49:41.888+0530] {subprocess.py:106} INFO - 26/01/29 16:49:41 INFO FileOutputCommitter: FileOutputCommitter skip cleanup _temporary folders under output directory:false, ignore cleanup failures: false
[2026-01-29T16:49:41.888+0530] {subprocess.py:106} INFO - 26/01/29 16:49:41 INFO SQLHadoopMapReduceCommitProtocol: Using user defined output committer class org.apache.parquet.hadoop.ParquetOutputCommitter
[2026-01-29T16:49:41.888+0530] {subprocess.py:106} INFO - 26/01/29 16:49:41 INFO FileOutputCommitter: File Output Committer Algorithm version is 1
[2026-01-29T16:49:41.888+0530] {subprocess.py:106} INFO - 26/01/29 16:49:41 INFO FileOutputCommitter: FileOutputCommitter skip cleanup _temporary folders under output directory:false, ignore cleanup failures: false
[2026-01-29T16:49:41.888+0530] {subprocess.py:106} INFO - 26/01/29 16:49:41 INFO SQLHadoopMapReduceCommitProtocol: Using output committer class org.apache.parquet.hadoop.ParquetOutputCommitter
[2026-01-29T16:49:41.899+0530] {subprocess.py:106} INFO - 26/01/29 16:49:41 INFO SparkContext: Starting job: parquet at NativeMethodAccessorImpl.java:0
[2026-01-29T16:49:41.901+0530] {subprocess.py:106} INFO - 26/01/29 16:49:41 INFO DAGScheduler: Got job 16 (parquet at NativeMethodAccessorImpl.java:0) with 1 output partitions
[2026-01-29T16:49:41.901+0530] {subprocess.py:106} INFO - 26/01/29 16:49:41 INFO DAGScheduler: Final stage: ResultStage 32 (parquet at NativeMethodAccessorImpl.java:0)
[2026-01-29T16:49:41.902+0530] {subprocess.py:106} INFO - 26/01/29 16:49:41 INFO DAGScheduler: Parents of final stage: List(ShuffleMapStage 31)
[2026-01-29T16:49:41.902+0530] {subprocess.py:106} INFO - 26/01/29 16:49:41 INFO DAGScheduler: Missing parents: List()
[2026-01-29T16:49:41.902+0530] {subprocess.py:106} INFO - 26/01/29 16:49:41 INFO DAGScheduler: Submitting ResultStage 32 (MapPartitionsRDD[53] at parquet at NativeMethodAccessorImpl.java:0), which has no missing parents
[2026-01-29T16:49:41.922+0530] {subprocess.py:106} INFO - 26/01/29 16:49:41 INFO MemoryStore: Block broadcast_20 stored as values in memory (estimated size 250.7 KiB, free 364.7 MiB)
[2026-01-29T16:49:41.923+0530] {subprocess.py:106} INFO - 26/01/29 16:49:41 INFO MemoryStore: Block broadcast_20_piece0 stored as bytes in memory (estimated size 92.5 KiB, free 364.6 MiB)
[2026-01-29T16:49:41.924+0530] {subprocess.py:106} INFO - 26/01/29 16:49:41 INFO BlockManagerInfo: Added broadcast_20_piece0 in memory on Aishwarya92848DBDA:34839 (size: 92.5 KiB, free: 366.0 MiB)
[2026-01-29T16:49:41.925+0530] {subprocess.py:106} INFO - 26/01/29 16:49:41 INFO SparkContext: Created broadcast 20 from broadcast at DAGScheduler.scala:1585
[2026-01-29T16:49:41.925+0530] {subprocess.py:106} INFO - 26/01/29 16:49:41 INFO DAGScheduler: Submitting 1 missing tasks from ResultStage 32 (MapPartitionsRDD[53] at parquet at NativeMethodAccessorImpl.java:0) (first 15 tasks are for partitions Vector(0))
[2026-01-29T16:49:41.925+0530] {subprocess.py:106} INFO - 26/01/29 16:49:41 INFO TaskSchedulerImpl: Adding task set 32.0 with 1 tasks resource profile 0
[2026-01-29T16:49:41.927+0530] {subprocess.py:106} INFO - 26/01/29 16:49:41 INFO TaskSetManager: Starting task 0.0 in stage 32.0 (TID 28) (Aishwarya92848DBDA, executor driver, partition 0, NODE_LOCAL, 7615 bytes)
[2026-01-29T16:49:41.927+0530] {subprocess.py:106} INFO - 26/01/29 16:49:41 INFO Executor: Running task 0.0 in stage 32.0 (TID 28)
[2026-01-29T16:49:41.940+0530] {subprocess.py:106} INFO - 26/01/29 16:49:41 INFO ShuffleBlockFetcherIterator: Getting 1 (50.6 KiB) non-empty blocks including 1 (50.6 KiB) local and 0 (0.0 B) host-local and 0 (0.0 B) push-merged-local and 0 (0.0 B) remote blocks
[2026-01-29T16:49:41.940+0530] {subprocess.py:106} INFO - 26/01/29 16:49:41 INFO ShuffleBlockFetcherIterator: Started 0 remote fetches in 0 ms
[2026-01-29T16:49:41.944+0530] {subprocess.py:106} INFO - 26/01/29 16:49:41 INFO FileOutputCommitter: File Output Committer Algorithm version is 1
[2026-01-29T16:49:41.945+0530] {subprocess.py:106} INFO - 26/01/29 16:49:41 INFO FileOutputCommitter: FileOutputCommitter skip cleanup _temporary folders under output directory:false, ignore cleanup failures: false
[2026-01-29T16:49:41.945+0530] {subprocess.py:106} INFO - 26/01/29 16:49:41 INFO SQLHadoopMapReduceCommitProtocol: Using user defined output committer class org.apache.parquet.hadoop.ParquetOutputCommitter
[2026-01-29T16:49:41.945+0530] {subprocess.py:106} INFO - 26/01/29 16:49:41 INFO FileOutputCommitter: File Output Committer Algorithm version is 1
[2026-01-29T16:49:41.945+0530] {subprocess.py:106} INFO - 26/01/29 16:49:41 INFO FileOutputCommitter: FileOutputCommitter skip cleanup _temporary folders under output directory:false, ignore cleanup failures: false
[2026-01-29T16:49:41.945+0530] {subprocess.py:106} INFO - 26/01/29 16:49:41 INFO SQLHadoopMapReduceCommitProtocol: Using output committer class org.apache.parquet.hadoop.ParquetOutputCommitter
[2026-01-29T16:49:41.945+0530] {subprocess.py:106} INFO - 26/01/29 16:49:41 INFO CodecConfig: Compression: SNAPPY
[2026-01-29T16:49:41.946+0530] {subprocess.py:106} INFO - 26/01/29 16:49:41 INFO CodecConfig: Compression: SNAPPY
[2026-01-29T16:49:41.947+0530] {subprocess.py:106} INFO - 26/01/29 16:49:41 INFO ParquetOutputFormat: ParquetRecordWriter [block size: 134217728b, row group padding size: 8388608b, validating: false]
[2026-01-29T16:49:41.949+0530] {subprocess.py:106} INFO - 26/01/29 16:49:41 INFO ParquetWriteSupport: Initialized Parquet WriteSupport with Catalyst schema:
[2026-01-29T16:49:41.949+0530] {subprocess.py:106} INFO - {
[2026-01-29T16:49:41.949+0530] {subprocess.py:106} INFO -   "type" : "struct",
[2026-01-29T16:49:41.949+0530] {subprocess.py:106} INFO -   "fields" : [ {
[2026-01-29T16:49:41.950+0530] {subprocess.py:106} INFO -     "name" : "city",
[2026-01-29T16:49:41.950+0530] {subprocess.py:106} INFO -     "type" : "string",
[2026-01-29T16:49:41.950+0530] {subprocess.py:106} INFO -     "nullable" : true,
[2026-01-29T16:49:41.950+0530] {subprocess.py:106} INFO -     "metadata" : { }
[2026-01-29T16:49:41.950+0530] {subprocess.py:106} INFO -   }, {
[2026-01-29T16:49:41.951+0530] {subprocess.py:106} INFO -     "name" : "year",
[2026-01-29T16:49:41.951+0530] {subprocess.py:106} INFO -     "type" : "integer",
[2026-01-29T16:49:41.951+0530] {subprocess.py:106} INFO -     "nullable" : true,
[2026-01-29T16:49:41.951+0530] {subprocess.py:106} INFO -     "metadata" : { }
[2026-01-29T16:49:41.951+0530] {subprocess.py:106} INFO -   }, {
[2026-01-29T16:49:41.951+0530] {subprocess.py:106} INFO -     "name" : "season",
[2026-01-29T16:49:41.952+0530] {subprocess.py:106} INFO -     "type" : "string",
[2026-01-29T16:49:41.952+0530] {subprocess.py:106} INFO -     "nullable" : true,
[2026-01-29T16:49:41.952+0530] {subprocess.py:106} INFO -     "metadata" : { }
[2026-01-29T16:49:41.952+0530] {subprocess.py:106} INFO -   }, {
[2026-01-29T16:49:41.952+0530] {subprocess.py:106} INFO -     "name" : "avg_max_temp",
[2026-01-29T16:49:41.952+0530] {subprocess.py:106} INFO -     "type" : "double",
[2026-01-29T16:49:41.952+0530] {subprocess.py:106} INFO -     "nullable" : true,
[2026-01-29T16:49:41.952+0530] {subprocess.py:106} INFO -     "metadata" : { }
[2026-01-29T16:49:41.953+0530] {subprocess.py:106} INFO -   }, {
[2026-01-29T16:49:41.953+0530] {subprocess.py:106} INFO -     "name" : "avg_min_temp",
[2026-01-29T16:49:41.953+0530] {subprocess.py:106} INFO -     "type" : "double",
[2026-01-29T16:49:41.953+0530] {subprocess.py:106} INFO -     "nullable" : true,
[2026-01-29T16:49:41.953+0530] {subprocess.py:106} INFO -     "metadata" : { }
[2026-01-29T16:49:41.953+0530] {subprocess.py:106} INFO -   } ]
[2026-01-29T16:49:41.953+0530] {subprocess.py:106} INFO - }
[2026-01-29T16:49:41.954+0530] {subprocess.py:106} INFO - and corresponding Parquet message type:
[2026-01-29T16:49:41.954+0530] {subprocess.py:106} INFO - message spark_schema {
[2026-01-29T16:49:41.954+0530] {subprocess.py:106} INFO -   optional binary city (STRING);
[2026-01-29T16:49:41.954+0530] {subprocess.py:106} INFO -   optional int32 year;
[2026-01-29T16:49:41.954+0530] {subprocess.py:106} INFO -   optional binary season (STRING);
[2026-01-29T16:49:41.954+0530] {subprocess.py:106} INFO -   optional double avg_max_temp;
[2026-01-29T16:49:41.955+0530] {subprocess.py:106} INFO -   optional double avg_min_temp;
[2026-01-29T16:49:41.955+0530] {subprocess.py:106} INFO - }
[2026-01-29T16:49:41.955+0530] {subprocess.py:106} INFO - 
[2026-01-29T16:49:41.955+0530] {subprocess.py:106} INFO - 
[2026-01-29T16:49:41.972+0530] {subprocess.py:106} INFO - 26/01/29 16:49:41 INFO BlockManagerInfo: Removed broadcast_18_piece0 on Aishwarya92848DBDA:34839 in memory (size: 24.7 KiB, free: 366.0 MiB)
[2026-01-29T16:49:41.976+0530] {subprocess.py:106} INFO - 26/01/29 16:49:41 INFO BlockManagerInfo: Removed broadcast_19_piece0 on Aishwarya92848DBDA:34839 in memory (size: 27.7 KiB, free: 366.0 MiB)
[2026-01-29T16:49:41.981+0530] {subprocess.py:106} INFO - 26/01/29 16:49:41 INFO BlockManagerInfo: Removed broadcast_11_piece0 on Aishwarya92848DBDA:34839 in memory (size: 35.2 KiB, free: 366.1 MiB)
[2026-01-29T16:49:41.985+0530] {subprocess.py:106} INFO - 26/01/29 16:49:41 INFO BlockManagerInfo: Removed broadcast_17_piece0 on Aishwarya92848DBDA:34839 in memory (size: 23.1 KiB, free: 366.1 MiB)
[2026-01-29T16:49:41.990+0530] {subprocess.py:106} INFO - 26/01/29 16:49:41 INFO BlockManagerInfo: Removed broadcast_15_piece0 on Aishwarya92848DBDA:34839 in memory (size: 96.3 KiB, free: 366.2 MiB)
[2026-01-29T16:49:42.001+0530] {subprocess.py:106} INFO - 26/01/29 16:49:42 INFO FileOutputCommitter: Saved output of task 'attempt_202601291649415098506322906145421_0032_m_000000_28' to hdfs://localhost:9000/weather/analytics/city_seasonal_temp/_temporary/0/task_202601291649415098506322906145421_0032_m_000000
[2026-01-29T16:49:42.002+0530] {subprocess.py:106} INFO - 26/01/29 16:49:42 INFO SparkHadoopMapRedUtil: attempt_202601291649415098506322906145421_0032_m_000000_28: Committed. Elapsed time: 3 ms.
[2026-01-29T16:49:42.003+0530] {subprocess.py:106} INFO - 26/01/29 16:49:42 INFO Executor: Finished task 0.0 in stage 32.0 (TID 28). 7814 bytes result sent to driver
[2026-01-29T16:49:42.004+0530] {subprocess.py:106} INFO - 26/01/29 16:49:42 INFO TaskSetManager: Finished task 0.0 in stage 32.0 (TID 28) in 78 ms on Aishwarya92848DBDA (executor driver) (1/1)
[2026-01-29T16:49:42.005+0530] {subprocess.py:106} INFO - 26/01/29 16:49:42 INFO TaskSchedulerImpl: Removed TaskSet 32.0, whose tasks have all completed, from pool
[2026-01-29T16:49:42.006+0530] {subprocess.py:106} INFO - 26/01/29 16:49:42 INFO DAGScheduler: ResultStage 32 (parquet at NativeMethodAccessorImpl.java:0) finished in 0.101 s
[2026-01-29T16:49:42.006+0530] {subprocess.py:106} INFO - 26/01/29 16:49:42 INFO DAGScheduler: Job 16 is finished. Cancelling potential speculative or zombie tasks for this job
[2026-01-29T16:49:42.006+0530] {subprocess.py:106} INFO - 26/01/29 16:49:42 INFO TaskSchedulerImpl: Killing all running tasks in stage 32: Stage finished
[2026-01-29T16:49:42.006+0530] {subprocess.py:106} INFO - 26/01/29 16:49:42 INFO DAGScheduler: Job 16 finished: parquet at NativeMethodAccessorImpl.java:0, took 0.106422 s
[2026-01-29T16:49:42.006+0530] {subprocess.py:106} INFO - 26/01/29 16:49:42 INFO FileFormatWriter: Start to commit write Job 27c1436d-0f79-4e66-a9f8-f0f66688eea0.
[2026-01-29T16:49:42.019+0530] {subprocess.py:106} INFO - 26/01/29 16:49:42 INFO FileFormatWriter: Write Job 27c1436d-0f79-4e66-a9f8-f0f66688eea0 committed. Elapsed time: 12 ms.
[2026-01-29T16:49:42.020+0530] {subprocess.py:106} INFO - 26/01/29 16:49:42 INFO FileFormatWriter: Finished processing stats for write job 27c1436d-0f79-4e66-a9f8-f0f66688eea0.
[2026-01-29T16:49:42.043+0530] {subprocess.py:106} INFO - 26/01/29 16:49:42 INFO FileSourceStrategy: Pushed Filters:
[2026-01-29T16:49:42.044+0530] {subprocess.py:106} INFO - 26/01/29 16:49:42 INFO FileSourceStrategy: Post-Scan Filters:
[2026-01-29T16:49:42.088+0530] {subprocess.py:106} INFO - 26/01/29 16:49:42 INFO CodeGenerator: Code generated in 21.436969 ms
[2026-01-29T16:49:42.092+0530] {subprocess.py:106} INFO - 26/01/29 16:49:42 INFO MemoryStore: Block broadcast_21 stored as values in memory (estimated size 357.0 KiB, free 365.2 MiB)
[2026-01-29T16:49:42.099+0530] {subprocess.py:106} INFO - 26/01/29 16:49:42 INFO MemoryStore: Block broadcast_21_piece0 stored as bytes in memory (estimated size 35.1 KiB, free 365.2 MiB)
[2026-01-29T16:49:42.099+0530] {subprocess.py:106} INFO - 26/01/29 16:49:42 INFO BlockManagerInfo: Added broadcast_21_piece0 in memory on Aishwarya92848DBDA:34839 (size: 35.1 KiB, free: 366.1 MiB)
[2026-01-29T16:49:42.100+0530] {subprocess.py:106} INFO - 26/01/29 16:49:42 INFO SparkContext: Created broadcast 21 from parquet at NativeMethodAccessorImpl.java:0
[2026-01-29T16:49:42.101+0530] {subprocess.py:106} INFO - 26/01/29 16:49:42 INFO FileSourceScanExec: Planning scan with bin packing, max size: 4194304 bytes, open cost is considered as scanning 4194304 bytes.
[2026-01-29T16:49:42.111+0530] {subprocess.py:106} INFO - 26/01/29 16:49:42 INFO DAGScheduler: Registering RDD 57 (parquet at NativeMethodAccessorImpl.java:0) as input to shuffle 8
[2026-01-29T16:49:42.111+0530] {subprocess.py:106} INFO - 26/01/29 16:49:42 INFO DAGScheduler: Got map stage job 17 (parquet at NativeMethodAccessorImpl.java:0) with 4 output partitions
[2026-01-29T16:49:42.111+0530] {subprocess.py:106} INFO - 26/01/29 16:49:42 INFO DAGScheduler: Final stage: ShuffleMapStage 33 (parquet at NativeMethodAccessorImpl.java:0)
[2026-01-29T16:49:42.112+0530] {subprocess.py:106} INFO - 26/01/29 16:49:42 INFO DAGScheduler: Parents of final stage: List()
[2026-01-29T16:49:42.112+0530] {subprocess.py:106} INFO - 26/01/29 16:49:42 INFO DAGScheduler: Missing parents: List()
[2026-01-29T16:49:42.112+0530] {subprocess.py:106} INFO - 26/01/29 16:49:42 INFO DAGScheduler: Submitting ShuffleMapStage 33 (MapPartitionsRDD[57] at parquet at NativeMethodAccessorImpl.java:0), which has no missing parents
[2026-01-29T16:49:42.115+0530] {subprocess.py:106} INFO - 26/01/29 16:49:42 INFO MemoryStore: Block broadcast_22 stored as values in memory (estimated size 55.2 KiB, free 365.1 MiB)
[2026-01-29T16:49:42.117+0530] {subprocess.py:106} INFO - 26/01/29 16:49:42 INFO MemoryStore: Block broadcast_22_piece0 stored as bytes in memory (estimated size 22.2 KiB, free 365.1 MiB)
[2026-01-29T16:49:42.118+0530] {subprocess.py:106} INFO - 26/01/29 16:49:42 INFO BlockManagerInfo: Added broadcast_22_piece0 in memory on Aishwarya92848DBDA:34839 (size: 22.2 KiB, free: 366.1 MiB)
[2026-01-29T16:49:42.118+0530] {subprocess.py:106} INFO - 26/01/29 16:49:42 INFO SparkContext: Created broadcast 22 from broadcast at DAGScheduler.scala:1585
[2026-01-29T16:49:42.119+0530] {subprocess.py:106} INFO - 26/01/29 16:49:42 INFO DAGScheduler: Submitting 4 missing tasks from ShuffleMapStage 33 (MapPartitionsRDD[57] at parquet at NativeMethodAccessorImpl.java:0) (first 15 tasks are for partitions Vector(0, 1, 2, 3))
[2026-01-29T16:49:42.119+0530] {subprocess.py:106} INFO - 26/01/29 16:49:42 INFO TaskSchedulerImpl: Adding task set 33.0 with 4 tasks resource profile 0
[2026-01-29T16:49:42.120+0530] {subprocess.py:106} INFO - 26/01/29 16:49:42 INFO TaskSetManager: Starting task 0.0 in stage 33.0 (TID 29) (Aishwarya92848DBDA, executor driver, partition 0, NODE_LOCAL, 8305 bytes)
[2026-01-29T16:49:42.121+0530] {subprocess.py:106} INFO - 26/01/29 16:49:42 INFO TaskSetManager: Starting task 1.0 in stage 33.0 (TID 30) (Aishwarya92848DBDA, executor driver, partition 1, NODE_LOCAL, 8305 bytes)
[2026-01-29T16:49:42.121+0530] {subprocess.py:106} INFO - 26/01/29 16:49:42 INFO TaskSetManager: Starting task 2.0 in stage 33.0 (TID 31) (Aishwarya92848DBDA, executor driver, partition 2, NODE_LOCAL, 8305 bytes)
[2026-01-29T16:49:42.122+0530] {subprocess.py:106} INFO - 26/01/29 16:49:42 INFO TaskSetManager: Starting task 3.0 in stage 33.0 (TID 32) (Aishwarya92848DBDA, executor driver, partition 3, NODE_LOCAL, 8305 bytes)
[2026-01-29T16:49:42.123+0530] {subprocess.py:106} INFO - 26/01/29 16:49:42 INFO Executor: Running task 1.0 in stage 33.0 (TID 30)
[2026-01-29T16:49:42.123+0530] {subprocess.py:106} INFO - 26/01/29 16:49:42 INFO Executor: Running task 3.0 in stage 33.0 (TID 32)
[2026-01-29T16:49:42.123+0530] {subprocess.py:106} INFO - 26/01/29 16:49:42 INFO Executor: Running task 0.0 in stage 33.0 (TID 29)
[2026-01-29T16:49:42.123+0530] {subprocess.py:106} INFO - 26/01/29 16:49:42 INFO Executor: Running task 2.0 in stage 33.0 (TID 31)
[2026-01-29T16:49:42.163+0530] {subprocess.py:106} INFO - 26/01/29 16:49:42 INFO CodeGenerator: Code generated in 35.26566 ms
[2026-01-29T16:49:42.173+0530] {subprocess.py:106} INFO - 26/01/29 16:49:42 INFO CodeGenerator: Code generated in 4.897166 ms
[2026-01-29T16:49:42.183+0530] {subprocess.py:106} INFO - 26/01/29 16:49:42 INFO CodeGenerator: Code generated in 6.5817 ms
[2026-01-29T16:49:42.190+0530] {subprocess.py:106} INFO - 26/01/29 16:49:42 INFO FileScanRDD: Reading File path: hdfs://localhost:9000/weather/data/processed/weather_processed.parquet/part-00003-439e0679-4398-4693-b29d-071e4e70fed9-c000.snappy.parquet, range: 0-1467543, partition values: [empty row]
[2026-01-29T16:49:42.190+0530] {subprocess.py:106} INFO - 26/01/29 16:49:42 INFO FileScanRDD: Reading File path: hdfs://localhost:9000/weather/data/processed/weather_processed.parquet/part-00002-439e0679-4398-4693-b29d-071e4e70fed9-c000.snappy.parquet, range: 0-1001519, partition values: [empty row]
[2026-01-29T16:49:42.191+0530] {subprocess.py:106} INFO - 26/01/29 16:49:42 INFO FileScanRDD: Reading File path: hdfs://localhost:9000/weather/data/processed/weather_processed.parquet/part-00001-439e0679-4398-4693-b29d-071e4e70fed9-c000.snappy.parquet, range: 0-995052, partition values: [empty row]
[2026-01-29T16:49:42.191+0530] {subprocess.py:106} INFO - 26/01/29 16:49:42 INFO FileScanRDD: Reading File path: hdfs://localhost:9000/weather/data/processed/weather_processed.parquet/part-00000-439e0679-4398-4693-b29d-071e4e70fed9-c000.snappy.parquet, range: 0-1468250, partition values: [empty row]
[2026-01-29T16:49:42.313+0530] {subprocess.py:106} INFO - 26/01/29 16:49:42 INFO Executor: Finished task 2.0 in stage 33.0 (TID 31). 2936 bytes result sent to driver
[2026-01-29T16:49:42.314+0530] {subprocess.py:106} INFO - 26/01/29 16:49:42 INFO TaskSetManager: Finished task 2.0 in stage 33.0 (TID 31) in 193 ms on Aishwarya92848DBDA (executor driver) (1/4)
[2026-01-29T16:49:42.323+0530] {subprocess.py:106} INFO - 26/01/29 16:49:42 INFO Executor: Finished task 3.0 in stage 33.0 (TID 32). 2936 bytes result sent to driver
[2026-01-29T16:49:42.324+0530] {subprocess.py:106} INFO - 26/01/29 16:49:42 INFO TaskSetManager: Finished task 3.0 in stage 33.0 (TID 32) in 202 ms on Aishwarya92848DBDA (executor driver) (2/4)
[2026-01-29T16:49:42.332+0530] {subprocess.py:106} INFO - 26/01/29 16:49:42 INFO Executor: Finished task 0.0 in stage 33.0 (TID 29). 2936 bytes result sent to driver
[2026-01-29T16:49:42.333+0530] {subprocess.py:106} INFO - 26/01/29 16:49:42 INFO TaskSetManager: Finished task 0.0 in stage 33.0 (TID 29) in 212 ms on Aishwarya92848DBDA (executor driver) (3/4)
[2026-01-29T16:49:42.333+0530] {subprocess.py:106} INFO - 26/01/29 16:49:42 INFO Executor: Finished task 1.0 in stage 33.0 (TID 30). 2936 bytes result sent to driver
[2026-01-29T16:49:42.334+0530] {subprocess.py:106} INFO - 26/01/29 16:49:42 INFO TaskSetManager: Finished task 1.0 in stage 33.0 (TID 30) in 213 ms on Aishwarya92848DBDA (executor driver) (4/4)
[2026-01-29T16:49:42.334+0530] {subprocess.py:106} INFO - 26/01/29 16:49:42 INFO TaskSchedulerImpl: Removed TaskSet 33.0, whose tasks have all completed, from pool
[2026-01-29T16:49:42.334+0530] {subprocess.py:106} INFO - 26/01/29 16:49:42 INFO DAGScheduler: ShuffleMapStage 33 (parquet at NativeMethodAccessorImpl.java:0) finished in 0.221 s
[2026-01-29T16:49:42.334+0530] {subprocess.py:106} INFO - 26/01/29 16:49:42 INFO DAGScheduler: looking for newly runnable stages
[2026-01-29T16:49:42.335+0530] {subprocess.py:106} INFO - 26/01/29 16:49:42 INFO DAGScheduler: running: Set()
[2026-01-29T16:49:42.335+0530] {subprocess.py:106} INFO - 26/01/29 16:49:42 INFO DAGScheduler: waiting: Set()
[2026-01-29T16:49:42.335+0530] {subprocess.py:106} INFO - 26/01/29 16:49:42 INFO DAGScheduler: failed: Set()
[2026-01-29T16:49:42.339+0530] {subprocess.py:106} INFO - 26/01/29 16:49:42 INFO ShufflePartitionsUtil: For shuffle(8), advisory target size: 67108864, actual target size 1048576, minimum partition size: 1048576
[2026-01-29T16:49:42.348+0530] {subprocess.py:106} INFO - 26/01/29 16:49:42 INFO HashAggregateExec: spark.sql.codegen.aggregate.map.twolevel.enabled is set to true, but current version of codegened fast hashmap does not support this aggregate.
[2026-01-29T16:49:42.367+0530] {subprocess.py:106} INFO - 26/01/29 16:49:42 INFO CodeGenerator: Code generated in 14.701507 ms
[2026-01-29T16:49:42.385+0530] {subprocess.py:106} INFO - 26/01/29 16:49:42 INFO SparkContext: Starting job: parquet at NativeMethodAccessorImpl.java:0
[2026-01-29T16:49:42.386+0530] {subprocess.py:106} INFO - 26/01/29 16:49:42 INFO DAGScheduler: Got job 18 (parquet at NativeMethodAccessorImpl.java:0) with 1 output partitions
[2026-01-29T16:49:42.387+0530] {subprocess.py:106} INFO - 26/01/29 16:49:42 INFO DAGScheduler: Final stage: ResultStage 35 (parquet at NativeMethodAccessorImpl.java:0)
[2026-01-29T16:49:42.387+0530] {subprocess.py:106} INFO - 26/01/29 16:49:42 INFO DAGScheduler: Parents of final stage: List(ShuffleMapStage 34)
[2026-01-29T16:49:42.388+0530] {subprocess.py:106} INFO - 26/01/29 16:49:42 INFO DAGScheduler: Missing parents: List()
[2026-01-29T16:49:42.388+0530] {subprocess.py:106} INFO - 26/01/29 16:49:42 INFO DAGScheduler: Submitting ResultStage 35 (MapPartitionsRDD[62] at parquet at NativeMethodAccessorImpl.java:0), which has no missing parents
[2026-01-29T16:49:42.392+0530] {subprocess.py:106} INFO - 26/01/29 16:49:42 INFO MemoryStore: Block broadcast_23 stored as values in memory (estimated size 54.4 KiB, free 365.1 MiB)
[2026-01-29T16:49:42.393+0530] {subprocess.py:106} INFO - 26/01/29 16:49:42 INFO MemoryStore: Block broadcast_23_piece0 stored as bytes in memory (estimated size 23.9 KiB, free 365.0 MiB)
[2026-01-29T16:49:42.394+0530] {subprocess.py:106} INFO - 26/01/29 16:49:42 INFO BlockManagerInfo: Added broadcast_23_piece0 in memory on Aishwarya92848DBDA:34839 (size: 23.9 KiB, free: 366.1 MiB)
[2026-01-29T16:49:42.394+0530] {subprocess.py:106} INFO - 26/01/29 16:49:42 INFO SparkContext: Created broadcast 23 from broadcast at DAGScheduler.scala:1585
[2026-01-29T16:49:42.394+0530] {subprocess.py:106} INFO - 26/01/29 16:49:42 INFO DAGScheduler: Submitting 1 missing tasks from ResultStage 35 (MapPartitionsRDD[62] at parquet at NativeMethodAccessorImpl.java:0) (first 15 tasks are for partitions Vector(0))
[2026-01-29T16:49:42.395+0530] {subprocess.py:106} INFO - 26/01/29 16:49:42 INFO TaskSchedulerImpl: Adding task set 35.0 with 1 tasks resource profile 0
[2026-01-29T16:49:42.396+0530] {subprocess.py:106} INFO - 26/01/29 16:49:42 INFO TaskSetManager: Starting task 0.0 in stage 35.0 (TID 33) (Aishwarya92848DBDA, executor driver, partition 0, NODE_LOCAL, 7615 bytes)
[2026-01-29T16:49:42.397+0530] {subprocess.py:106} INFO - 26/01/29 16:49:42 INFO Executor: Running task 0.0 in stage 35.0 (TID 33)
[2026-01-29T16:49:42.402+0530] {subprocess.py:106} INFO - 26/01/29 16:49:42 INFO ShuffleBlockFetcherIterator: Getting 4 (81.7 KiB) non-empty blocks including 4 (81.7 KiB) local and 0 (0.0 B) host-local and 0 (0.0 B) push-merged-local and 0 (0.0 B) remote blocks
[2026-01-29T16:49:42.403+0530] {subprocess.py:106} INFO - 26/01/29 16:49:42 INFO ShuffleBlockFetcherIterator: Started 0 remote fetches in 0 ms
[2026-01-29T16:49:42.415+0530] {subprocess.py:106} INFO - 26/01/29 16:49:42 INFO CodeGenerator: Code generated in 12.076569 ms
[2026-01-29T16:49:42.430+0530] {subprocess.py:106} INFO - 26/01/29 16:49:42 INFO Executor: Finished task 0.0 in stage 35.0 (TID 33). 78638 bytes result sent to driver
[2026-01-29T16:49:42.432+0530] {subprocess.py:106} INFO - 26/01/29 16:49:42 INFO TaskSetManager: Finished task 0.0 in stage 35.0 (TID 33) in 37 ms on Aishwarya92848DBDA (executor driver) (1/1)
[2026-01-29T16:49:42.433+0530] {subprocess.py:106} INFO - 26/01/29 16:49:42 INFO TaskSchedulerImpl: Removed TaskSet 35.0, whose tasks have all completed, from pool
[2026-01-29T16:49:42.433+0530] {subprocess.py:106} INFO - 26/01/29 16:49:42 INFO DAGScheduler: ResultStage 35 (parquet at NativeMethodAccessorImpl.java:0) finished in 0.043 s
[2026-01-29T16:49:42.433+0530] {subprocess.py:106} INFO - 26/01/29 16:49:42 INFO DAGScheduler: Job 18 is finished. Cancelling potential speculative or zombie tasks for this job
[2026-01-29T16:49:42.433+0530] {subprocess.py:106} INFO - 26/01/29 16:49:42 INFO TaskSchedulerImpl: Killing all running tasks in stage 35: Stage finished
[2026-01-29T16:49:42.434+0530] {subprocess.py:106} INFO - 26/01/29 16:49:42 INFO DAGScheduler: Job 18 finished: parquet at NativeMethodAccessorImpl.java:0, took 0.047818 s
[2026-01-29T16:49:42.438+0530] {subprocess.py:106} INFO - 26/01/29 16:49:42 INFO DAGScheduler: Registering RDD 63 (parquet at NativeMethodAccessorImpl.java:0) as input to shuffle 9
[2026-01-29T16:49:42.438+0530] {subprocess.py:106} INFO - 26/01/29 16:49:42 INFO DAGScheduler: Got map stage job 19 (parquet at NativeMethodAccessorImpl.java:0) with 1 output partitions
[2026-01-29T16:49:42.439+0530] {subprocess.py:106} INFO - 26/01/29 16:49:42 INFO DAGScheduler: Final stage: ShuffleMapStage 37 (parquet at NativeMethodAccessorImpl.java:0)
[2026-01-29T16:49:42.439+0530] {subprocess.py:106} INFO - 26/01/29 16:49:42 INFO DAGScheduler: Parents of final stage: List(ShuffleMapStage 36)
[2026-01-29T16:49:42.440+0530] {subprocess.py:106} INFO - 26/01/29 16:49:42 INFO DAGScheduler: Missing parents: List()
[2026-01-29T16:49:42.440+0530] {subprocess.py:106} INFO - 26/01/29 16:49:42 INFO DAGScheduler: Submitting ShuffleMapStage 37 (MapPartitionsRDD[63] at parquet at NativeMethodAccessorImpl.java:0), which has no missing parents
[2026-01-29T16:49:42.446+0530] {subprocess.py:106} INFO - 26/01/29 16:49:42 INFO MemoryStore: Block broadcast_24 stored as values in memory (estimated size 68.6 KiB, free 365.0 MiB)
[2026-01-29T16:49:42.448+0530] {subprocess.py:106} INFO - 26/01/29 16:49:42 INFO MemoryStore: Block broadcast_24_piece0 stored as bytes in memory (estimated size 26.9 KiB, free 365.0 MiB)
[2026-01-29T16:49:42.448+0530] {subprocess.py:106} INFO - 26/01/29 16:49:42 INFO BlockManagerInfo: Added broadcast_24_piece0 in memory on Aishwarya92848DBDA:34839 (size: 26.9 KiB, free: 366.1 MiB)
[2026-01-29T16:49:42.448+0530] {subprocess.py:106} INFO - 26/01/29 16:49:42 INFO SparkContext: Created broadcast 24 from broadcast at DAGScheduler.scala:1585
[2026-01-29T16:49:42.451+0530] {subprocess.py:106} INFO - 26/01/29 16:49:42 INFO DAGScheduler: Submitting 1 missing tasks from ShuffleMapStage 37 (MapPartitionsRDD[63] at parquet at NativeMethodAccessorImpl.java:0) (first 15 tasks are for partitions Vector(0))
[2026-01-29T16:49:42.452+0530] {subprocess.py:106} INFO - 26/01/29 16:49:42 INFO TaskSchedulerImpl: Adding task set 37.0 with 1 tasks resource profile 0
[2026-01-29T16:49:42.452+0530] {subprocess.py:106} INFO - 26/01/29 16:49:42 INFO TaskSetManager: Starting task 0.0 in stage 37.0 (TID 34) (Aishwarya92848DBDA, executor driver, partition 0, NODE_LOCAL, 7604 bytes)
[2026-01-29T16:49:42.453+0530] {subprocess.py:106} INFO - 26/01/29 16:49:42 INFO Executor: Running task 0.0 in stage 37.0 (TID 34)
[2026-01-29T16:49:42.460+0530] {subprocess.py:106} INFO - 26/01/29 16:49:42 INFO ShuffleBlockFetcherIterator: Getting 4 (81.7 KiB) non-empty blocks including 4 (81.7 KiB) local and 0 (0.0 B) host-local and 0 (0.0 B) push-merged-local and 0 (0.0 B) remote blocks
[2026-01-29T16:49:42.460+0530] {subprocess.py:106} INFO - 26/01/29 16:49:42 INFO ShuffleBlockFetcherIterator: Started 0 remote fetches in 0 ms
[2026-01-29T16:49:42.502+0530] {subprocess.py:106} INFO - 26/01/29 16:49:42 INFO Executor: Finished task 0.0 in stage 37.0 (TID 34). 5675 bytes result sent to driver
[2026-01-29T16:49:42.503+0530] {subprocess.py:106} INFO - 26/01/29 16:49:42 INFO TaskSetManager: Finished task 0.0 in stage 37.0 (TID 34) in 51 ms on Aishwarya92848DBDA (executor driver) (1/1)
[2026-01-29T16:49:42.504+0530] {subprocess.py:106} INFO - 26/01/29 16:49:42 INFO TaskSchedulerImpl: Removed TaskSet 37.0, whose tasks have all completed, from pool
[2026-01-29T16:49:42.505+0530] {subprocess.py:106} INFO - 26/01/29 16:49:42 INFO DAGScheduler: ShuffleMapStage 37 (parquet at NativeMethodAccessorImpl.java:0) finished in 0.062 s
[2026-01-29T16:49:42.505+0530] {subprocess.py:106} INFO - 26/01/29 16:49:42 INFO DAGScheduler: looking for newly runnable stages
[2026-01-29T16:49:42.505+0530] {subprocess.py:106} INFO - 26/01/29 16:49:42 INFO DAGScheduler: running: Set()
[2026-01-29T16:49:42.506+0530] {subprocess.py:106} INFO - 26/01/29 16:49:42 INFO DAGScheduler: waiting: Set()
[2026-01-29T16:49:42.506+0530] {subprocess.py:106} INFO - 26/01/29 16:49:42 INFO DAGScheduler: failed: Set()
[2026-01-29T16:49:42.508+0530] {subprocess.py:106} INFO - 26/01/29 16:49:42 INFO ShufflePartitionsUtil: For shuffle(9), advisory target size: 67108864, actual target size 1048576, minimum partition size: 1048576
[2026-01-29T16:49:42.525+0530] {subprocess.py:106} INFO - 26/01/29 16:49:42 INFO ParquetUtils: Using default output committer for Parquet: org.apache.parquet.hadoop.ParquetOutputCommitter
[2026-01-29T16:49:42.526+0530] {subprocess.py:106} INFO - 26/01/29 16:49:42 INFO FileOutputCommitter: File Output Committer Algorithm version is 1
[2026-01-29T16:49:42.526+0530] {subprocess.py:106} INFO - 26/01/29 16:49:42 INFO FileOutputCommitter: FileOutputCommitter skip cleanup _temporary folders under output directory:false, ignore cleanup failures: false
[2026-01-29T16:49:42.526+0530] {subprocess.py:106} INFO - 26/01/29 16:49:42 INFO SQLHadoopMapReduceCommitProtocol: Using user defined output committer class org.apache.parquet.hadoop.ParquetOutputCommitter
[2026-01-29T16:49:42.527+0530] {subprocess.py:106} INFO - 26/01/29 16:49:42 INFO FileOutputCommitter: File Output Committer Algorithm version is 1
[2026-01-29T16:49:42.527+0530] {subprocess.py:106} INFO - 26/01/29 16:49:42 INFO FileOutputCommitter: FileOutputCommitter skip cleanup _temporary folders under output directory:false, ignore cleanup failures: false
[2026-01-29T16:49:42.527+0530] {subprocess.py:106} INFO - 26/01/29 16:49:42 INFO SQLHadoopMapReduceCommitProtocol: Using output committer class org.apache.parquet.hadoop.ParquetOutputCommitter
[2026-01-29T16:49:42.538+0530] {subprocess.py:106} INFO - 26/01/29 16:49:42 INFO SparkContext: Starting job: parquet at NativeMethodAccessorImpl.java:0
[2026-01-29T16:49:42.539+0530] {subprocess.py:106} INFO - 26/01/29 16:49:42 INFO DAGScheduler: Got job 20 (parquet at NativeMethodAccessorImpl.java:0) with 1 output partitions
[2026-01-29T16:49:42.540+0530] {subprocess.py:106} INFO - 26/01/29 16:49:42 INFO DAGScheduler: Final stage: ResultStage 40 (parquet at NativeMethodAccessorImpl.java:0)
[2026-01-29T16:49:42.540+0530] {subprocess.py:106} INFO - 26/01/29 16:49:42 INFO DAGScheduler: Parents of final stage: List(ShuffleMapStage 39)
[2026-01-29T16:49:42.540+0530] {subprocess.py:106} INFO - 26/01/29 16:49:42 INFO DAGScheduler: Missing parents: List()
[2026-01-29T16:49:42.540+0530] {subprocess.py:106} INFO - 26/01/29 16:49:42 INFO DAGScheduler: Submitting ResultStage 40 (MapPartitionsRDD[66] at parquet at NativeMethodAccessorImpl.java:0), which has no missing parents
[2026-01-29T16:49:42.558+0530] {subprocess.py:106} INFO - 26/01/29 16:49:42 INFO MemoryStore: Block broadcast_25 stored as values in memory (estimated size 248.8 KiB, free 364.7 MiB)
[2026-01-29T16:49:42.560+0530] {subprocess.py:106} INFO - 26/01/29 16:49:42 INFO MemoryStore: Block broadcast_25_piece0 stored as bytes in memory (estimated size 92.3 KiB, free 364.6 MiB)
[2026-01-29T16:49:42.561+0530] {subprocess.py:106} INFO - 26/01/29 16:49:42 INFO BlockManagerInfo: Added broadcast_25_piece0 in memory on Aishwarya92848DBDA:34839 (size: 92.3 KiB, free: 366.0 MiB)
[2026-01-29T16:49:42.561+0530] {subprocess.py:106} INFO - 26/01/29 16:49:42 INFO SparkContext: Created broadcast 25 from broadcast at DAGScheduler.scala:1585
[2026-01-29T16:49:42.562+0530] {subprocess.py:106} INFO - 26/01/29 16:49:42 INFO DAGScheduler: Submitting 1 missing tasks from ResultStage 40 (MapPartitionsRDD[66] at parquet at NativeMethodAccessorImpl.java:0) (first 15 tasks are for partitions Vector(0))
[2026-01-29T16:49:42.562+0530] {subprocess.py:106} INFO - 26/01/29 16:49:42 INFO TaskSchedulerImpl: Adding task set 40.0 with 1 tasks resource profile 0
[2026-01-29T16:49:42.563+0530] {subprocess.py:106} INFO - 26/01/29 16:49:42 INFO TaskSetManager: Starting task 0.0 in stage 40.0 (TID 35) (Aishwarya92848DBDA, executor driver, partition 0, NODE_LOCAL, 7615 bytes)
[2026-01-29T16:49:42.564+0530] {subprocess.py:106} INFO - 26/01/29 16:49:42 INFO Executor: Running task 0.0 in stage 40.0 (TID 35)
[2026-01-29T16:49:42.576+0530] {subprocess.py:106} INFO - 26/01/29 16:49:42 INFO ShuffleBlockFetcherIterator: Getting 1 (47.4 KiB) non-empty blocks including 1 (47.4 KiB) local and 0 (0.0 B) host-local and 0 (0.0 B) push-merged-local and 0 (0.0 B) remote blocks
[2026-01-29T16:49:42.576+0530] {subprocess.py:106} INFO - 26/01/29 16:49:42 INFO ShuffleBlockFetcherIterator: Started 0 remote fetches in 0 ms
[2026-01-29T16:49:42.579+0530] {subprocess.py:106} INFO - 26/01/29 16:49:42 INFO FileOutputCommitter: File Output Committer Algorithm version is 1
[2026-01-29T16:49:42.580+0530] {subprocess.py:106} INFO - 26/01/29 16:49:42 INFO FileOutputCommitter: FileOutputCommitter skip cleanup _temporary folders under output directory:false, ignore cleanup failures: false
[2026-01-29T16:49:42.580+0530] {subprocess.py:106} INFO - 26/01/29 16:49:42 INFO SQLHadoopMapReduceCommitProtocol: Using user defined output committer class org.apache.parquet.hadoop.ParquetOutputCommitter
[2026-01-29T16:49:42.580+0530] {subprocess.py:106} INFO - 26/01/29 16:49:42 INFO FileOutputCommitter: File Output Committer Algorithm version is 1
[2026-01-29T16:49:42.581+0530] {subprocess.py:106} INFO - 26/01/29 16:49:42 INFO FileOutputCommitter: FileOutputCommitter skip cleanup _temporary folders under output directory:false, ignore cleanup failures: false
[2026-01-29T16:49:42.581+0530] {subprocess.py:106} INFO - 26/01/29 16:49:42 INFO SQLHadoopMapReduceCommitProtocol: Using output committer class org.apache.parquet.hadoop.ParquetOutputCommitter
[2026-01-29T16:49:42.581+0530] {subprocess.py:106} INFO - 26/01/29 16:49:42 INFO CodecConfig: Compression: SNAPPY
[2026-01-29T16:49:42.581+0530] {subprocess.py:106} INFO - 26/01/29 16:49:42 INFO CodecConfig: Compression: SNAPPY
[2026-01-29T16:49:42.582+0530] {subprocess.py:106} INFO - 26/01/29 16:49:42 INFO ParquetOutputFormat: ParquetRecordWriter [block size: 134217728b, row group padding size: 8388608b, validating: false]
[2026-01-29T16:49:42.584+0530] {subprocess.py:106} INFO - 26/01/29 16:49:42 INFO ParquetWriteSupport: Initialized Parquet WriteSupport with Catalyst schema:
[2026-01-29T16:49:42.585+0530] {subprocess.py:106} INFO - {
[2026-01-29T16:49:42.585+0530] {subprocess.py:106} INFO -   "type" : "struct",
[2026-01-29T16:49:42.586+0530] {subprocess.py:106} INFO -   "fields" : [ {
[2026-01-29T16:49:42.586+0530] {subprocess.py:106} INFO -     "name" : "city",
[2026-01-29T16:49:42.586+0530] {subprocess.py:106} INFO -     "type" : "string",
[2026-01-29T16:49:42.586+0530] {subprocess.py:106} INFO -     "nullable" : true,
[2026-01-29T16:49:42.586+0530] {subprocess.py:106} INFO -     "metadata" : { }
[2026-01-29T16:49:42.586+0530] {subprocess.py:106} INFO -   }, {
[2026-01-29T16:49:42.587+0530] {subprocess.py:106} INFO -     "name" : "year",
[2026-01-29T16:49:42.587+0530] {subprocess.py:106} INFO -     "type" : "integer",
[2026-01-29T16:49:42.587+0530] {subprocess.py:106} INFO -     "nullable" : true,
[2026-01-29T16:49:42.587+0530] {subprocess.py:106} INFO -     "metadata" : { }
[2026-01-29T16:49:42.587+0530] {subprocess.py:106} INFO -   }, {
[2026-01-29T16:49:42.587+0530] {subprocess.py:106} INFO -     "name" : "season",
[2026-01-29T16:49:42.587+0530] {subprocess.py:106} INFO -     "type" : "string",
[2026-01-29T16:49:42.588+0530] {subprocess.py:106} INFO -     "nullable" : true,
[2026-01-29T16:49:42.588+0530] {subprocess.py:106} INFO -     "metadata" : { }
[2026-01-29T16:49:42.588+0530] {subprocess.py:106} INFO -   }, {
[2026-01-29T16:49:42.588+0530] {subprocess.py:106} INFO -     "name" : "seasonal_rainfall",
[2026-01-29T16:49:42.588+0530] {subprocess.py:106} INFO -     "type" : "double",
[2026-01-29T16:49:42.588+0530] {subprocess.py:106} INFO -     "nullable" : true,
[2026-01-29T16:49:42.588+0530] {subprocess.py:106} INFO -     "metadata" : { }
[2026-01-29T16:49:42.589+0530] {subprocess.py:106} INFO -   }, {
[2026-01-29T16:49:42.589+0530] {subprocess.py:106} INFO -     "name" : "rainy_days",
[2026-01-29T16:49:42.589+0530] {subprocess.py:106} INFO -     "type" : "long",
[2026-01-29T16:49:42.589+0530] {subprocess.py:106} INFO -     "nullable" : true,
[2026-01-29T16:49:42.589+0530] {subprocess.py:106} INFO -     "metadata" : { }
[2026-01-29T16:49:42.589+0530] {subprocess.py:106} INFO -   } ]
[2026-01-29T16:49:42.589+0530] {subprocess.py:106} INFO - }
[2026-01-29T16:49:42.589+0530] {subprocess.py:106} INFO - and corresponding Parquet message type:
[2026-01-29T16:49:42.590+0530] {subprocess.py:106} INFO - message spark_schema {
[2026-01-29T16:49:42.590+0530] {subprocess.py:106} INFO -   optional binary city (STRING);
[2026-01-29T16:49:42.590+0530] {subprocess.py:106} INFO -   optional int32 year;
[2026-01-29T16:49:42.590+0530] {subprocess.py:106} INFO -   optional binary season (STRING);
[2026-01-29T16:49:42.590+0530] {subprocess.py:106} INFO -   optional double seasonal_rainfall;
[2026-01-29T16:49:42.590+0530] {subprocess.py:106} INFO -   optional int64 rainy_days;
[2026-01-29T16:49:42.590+0530] {subprocess.py:106} INFO - }
[2026-01-29T16:49:42.590+0530] {subprocess.py:106} INFO - 
[2026-01-29T16:49:42.591+0530] {subprocess.py:106} INFO - 
[2026-01-29T16:49:42.640+0530] {subprocess.py:106} INFO - 26/01/29 16:49:42 INFO FileOutputCommitter: Saved output of task 'attempt_202601291649422502153772697731665_0040_m_000000_35' to hdfs://localhost:9000/weather/analytics/city_seasonal_rainfall/_temporary/0/task_202601291649422502153772697731665_0040_m_000000
[2026-01-29T16:49:42.640+0530] {subprocess.py:106} INFO - 26/01/29 16:49:42 INFO SparkHadoopMapRedUtil: attempt_202601291649422502153772697731665_0040_m_000000_35: Committed. Elapsed time: 5 ms.
[2026-01-29T16:49:42.641+0530] {subprocess.py:106} INFO - 26/01/29 16:49:42 INFO Executor: Finished task 0.0 in stage 40.0 (TID 35). 7771 bytes result sent to driver
[2026-01-29T16:49:42.642+0530] {subprocess.py:106} INFO - 26/01/29 16:49:42 INFO TaskSetManager: Finished task 0.0 in stage 40.0 (TID 35) in 79 ms on Aishwarya92848DBDA (executor driver) (1/1)
[2026-01-29T16:49:42.643+0530] {subprocess.py:106} INFO - 26/01/29 16:49:42 INFO TaskSchedulerImpl: Removed TaskSet 40.0, whose tasks have all completed, from pool
[2026-01-29T16:49:42.643+0530] {subprocess.py:106} INFO - 26/01/29 16:49:42 INFO DAGScheduler: ResultStage 40 (parquet at NativeMethodAccessorImpl.java:0) finished in 0.100 s
[2026-01-29T16:49:42.643+0530] {subprocess.py:106} INFO - 26/01/29 16:49:42 INFO DAGScheduler: Job 20 is finished. Cancelling potential speculative or zombie tasks for this job
[2026-01-29T16:49:42.643+0530] {subprocess.py:106} INFO - 26/01/29 16:49:42 INFO TaskSchedulerImpl: Killing all running tasks in stage 40: Stage finished
[2026-01-29T16:49:42.644+0530] {subprocess.py:106} INFO - 26/01/29 16:49:42 INFO DAGScheduler: Job 20 finished: parquet at NativeMethodAccessorImpl.java:0, took 0.105401 s
[2026-01-29T16:49:42.644+0530] {subprocess.py:106} INFO - 26/01/29 16:49:42 INFO FileFormatWriter: Start to commit write Job e775d026-4cbb-4469-9357-d552f051b921.
[2026-01-29T16:49:42.661+0530] {subprocess.py:106} INFO - 26/01/29 16:49:42 INFO FileFormatWriter: Write Job e775d026-4cbb-4469-9357-d552f051b921 committed. Elapsed time: 16 ms.
[2026-01-29T16:49:42.661+0530] {subprocess.py:106} INFO - 26/01/29 16:49:42 INFO FileFormatWriter: Finished processing stats for write job e775d026-4cbb-4469-9357-d552f051b921.
[2026-01-29T16:49:42.692+0530] {subprocess.py:106} INFO - 26/01/29 16:49:42 INFO FileSourceStrategy: Pushed Filters:
[2026-01-29T16:49:42.692+0530] {subprocess.py:106} INFO - 26/01/29 16:49:42 INFO FileSourceStrategy: Post-Scan Filters:
[2026-01-29T16:49:42.736+0530] {subprocess.py:106} INFO - 26/01/29 16:49:42 INFO BlockManagerInfo: Removed broadcast_20_piece0 on Aishwarya92848DBDA:34839 in memory (size: 92.5 KiB, free: 366.1 MiB)
[2026-01-29T16:49:42.739+0530] {subprocess.py:106} INFO - 26/01/29 16:49:42 INFO BlockManagerInfo: Removed broadcast_22_piece0 on Aishwarya92848DBDA:34839 in memory (size: 22.2 KiB, free: 366.1 MiB)
[2026-01-29T16:49:42.743+0530] {subprocess.py:106} INFO - 26/01/29 16:49:42 INFO BlockManagerInfo: Removed broadcast_25_piece0 on Aishwarya92848DBDA:34839 in memory (size: 92.3 KiB, free: 366.2 MiB)
[2026-01-29T16:49:42.747+0530] {subprocess.py:106} INFO - 26/01/29 16:49:42 INFO BlockManagerInfo: Removed broadcast_23_piece0 on Aishwarya92848DBDA:34839 in memory (size: 23.9 KiB, free: 366.2 MiB)
[2026-01-29T16:49:42.752+0530] {subprocess.py:106} INFO - 26/01/29 16:49:42 INFO BlockManagerInfo: Removed broadcast_24_piece0 on Aishwarya92848DBDA:34839 in memory (size: 26.9 KiB, free: 366.2 MiB)
[2026-01-29T16:49:42.755+0530] {subprocess.py:106} INFO - 26/01/29 16:49:42 INFO BlockManagerInfo: Removed broadcast_16_piece0 on Aishwarya92848DBDA:34839 in memory (size: 35.1 KiB, free: 366.3 MiB)
[2026-01-29T16:49:42.757+0530] {subprocess.py:106} INFO - 26/01/29 16:49:42 INFO BlockManagerInfo: Removed broadcast_21_piece0 on Aishwarya92848DBDA:34839 in memory (size: 35.1 KiB, free: 366.3 MiB)
[2026-01-29T16:49:42.775+0530] {subprocess.py:106} INFO - 26/01/29 16:49:42 INFO CodeGenerator: Code generated in 35.868263 ms
[2026-01-29T16:49:42.780+0530] {subprocess.py:106} INFO - 26/01/29 16:49:42 INFO MemoryStore: Block broadcast_26 stored as values in memory (estimated size 357.4 KiB, free 366.0 MiB)
[2026-01-29T16:49:42.788+0530] {subprocess.py:106} INFO - 26/01/29 16:49:42 INFO MemoryStore: Block broadcast_26_piece0 stored as bytes in memory (estimated size 35.1 KiB, free 365.9 MiB)
[2026-01-29T16:49:42.789+0530] {subprocess.py:106} INFO - 26/01/29 16:49:42 INFO BlockManagerInfo: Added broadcast_26_piece0 in memory on Aishwarya92848DBDA:34839 (size: 35.1 KiB, free: 366.3 MiB)
[2026-01-29T16:49:42.789+0530] {subprocess.py:106} INFO - 26/01/29 16:49:42 INFO SparkContext: Created broadcast 26 from parquet at NativeMethodAccessorImpl.java:0
[2026-01-29T16:49:42.790+0530] {subprocess.py:106} INFO - 26/01/29 16:49:42 INFO FileSourceScanExec: Planning scan with bin packing, max size: 4194304 bytes, open cost is considered as scanning 4194304 bytes.
[2026-01-29T16:49:42.796+0530] {subprocess.py:106} INFO - 26/01/29 16:49:42 INFO DAGScheduler: Registering RDD 70 (parquet at NativeMethodAccessorImpl.java:0) as input to shuffle 10
[2026-01-29T16:49:42.796+0530] {subprocess.py:106} INFO - 26/01/29 16:49:42 INFO DAGScheduler: Got map stage job 21 (parquet at NativeMethodAccessorImpl.java:0) with 4 output partitions
[2026-01-29T16:49:42.797+0530] {subprocess.py:106} INFO - 26/01/29 16:49:42 INFO DAGScheduler: Final stage: ShuffleMapStage 41 (parquet at NativeMethodAccessorImpl.java:0)
[2026-01-29T16:49:42.797+0530] {subprocess.py:106} INFO - 26/01/29 16:49:42 INFO DAGScheduler: Parents of final stage: List()
[2026-01-29T16:49:42.797+0530] {subprocess.py:106} INFO - 26/01/29 16:49:42 INFO DAGScheduler: Missing parents: List()
[2026-01-29T16:49:42.797+0530] {subprocess.py:106} INFO - 26/01/29 16:49:42 INFO DAGScheduler: Submitting ShuffleMapStage 41 (MapPartitionsRDD[70] at parquet at NativeMethodAccessorImpl.java:0), which has no missing parents
[2026-01-29T16:49:42.801+0530] {subprocess.py:106} INFO - 26/01/29 16:49:42 INFO MemoryStore: Block broadcast_27 stored as values in memory (estimated size 56.4 KiB, free 365.9 MiB)
[2026-01-29T16:49:42.802+0530] {subprocess.py:106} INFO - 26/01/29 16:49:42 INFO MemoryStore: Block broadcast_27_piece0 stored as bytes in memory (estimated size 22.6 KiB, free 365.8 MiB)
[2026-01-29T16:49:42.803+0530] {subprocess.py:106} INFO - 26/01/29 16:49:42 INFO BlockManagerInfo: Added broadcast_27_piece0 in memory on Aishwarya92848DBDA:34839 (size: 22.6 KiB, free: 366.2 MiB)
[2026-01-29T16:49:42.803+0530] {subprocess.py:106} INFO - 26/01/29 16:49:42 INFO SparkContext: Created broadcast 27 from broadcast at DAGScheduler.scala:1585
[2026-01-29T16:49:42.804+0530] {subprocess.py:106} INFO - 26/01/29 16:49:42 INFO DAGScheduler: Submitting 4 missing tasks from ShuffleMapStage 41 (MapPartitionsRDD[70] at parquet at NativeMethodAccessorImpl.java:0) (first 15 tasks are for partitions Vector(0, 1, 2, 3))
[2026-01-29T16:49:42.804+0530] {subprocess.py:106} INFO - 26/01/29 16:49:42 INFO TaskSchedulerImpl: Adding task set 41.0 with 4 tasks resource profile 0
[2026-01-29T16:49:42.805+0530] {subprocess.py:106} INFO - 26/01/29 16:49:42 INFO TaskSetManager: Starting task 0.0 in stage 41.0 (TID 36) (Aishwarya92848DBDA, executor driver, partition 0, NODE_LOCAL, 8305 bytes)
[2026-01-29T16:49:42.805+0530] {subprocess.py:106} INFO - 26/01/29 16:49:42 INFO TaskSetManager: Starting task 1.0 in stage 41.0 (TID 37) (Aishwarya92848DBDA, executor driver, partition 1, NODE_LOCAL, 8305 bytes)
[2026-01-29T16:49:42.806+0530] {subprocess.py:106} INFO - 26/01/29 16:49:42 INFO TaskSetManager: Starting task 2.0 in stage 41.0 (TID 38) (Aishwarya92848DBDA, executor driver, partition 2, NODE_LOCAL, 8305 bytes)
[2026-01-29T16:49:42.806+0530] {subprocess.py:106} INFO - 26/01/29 16:49:42 INFO TaskSetManager: Starting task 3.0 in stage 41.0 (TID 39) (Aishwarya92848DBDA, executor driver, partition 3, NODE_LOCAL, 8305 bytes)
[2026-01-29T16:49:42.806+0530] {subprocess.py:106} INFO - 26/01/29 16:49:42 INFO Executor: Running task 0.0 in stage 41.0 (TID 36)
[2026-01-29T16:49:42.807+0530] {subprocess.py:106} INFO - 26/01/29 16:49:42 INFO Executor: Running task 2.0 in stage 41.0 (TID 38)
[2026-01-29T16:49:42.807+0530] {subprocess.py:106} INFO - 26/01/29 16:49:42 INFO Executor: Running task 3.0 in stage 41.0 (TID 39)
[2026-01-29T16:49:42.807+0530] {subprocess.py:106} INFO - 26/01/29 16:49:42 INFO Executor: Running task 1.0 in stage 41.0 (TID 37)
[2026-01-29T16:49:42.841+0530] {subprocess.py:106} INFO - 26/01/29 16:49:42 INFO CodeGenerator: Code generated in 28.737782 ms
[2026-01-29T16:49:42.855+0530] {subprocess.py:106} INFO - 26/01/29 16:49:42 INFO CodeGenerator: Code generated in 6.438428 ms
[2026-01-29T16:49:42.866+0530] {subprocess.py:106} INFO - 26/01/29 16:49:42 INFO CodeGenerator: Code generated in 6.145894 ms
[2026-01-29T16:49:42.872+0530] {subprocess.py:106} INFO - 26/01/29 16:49:42 INFO FileScanRDD: Reading File path: hdfs://localhost:9000/weather/data/processed/weather_processed.parquet/part-00003-439e0679-4398-4693-b29d-071e4e70fed9-c000.snappy.parquet, range: 0-1467543, partition values: [empty row]
[2026-01-29T16:49:42.873+0530] {subprocess.py:106} INFO - 26/01/29 16:49:42 INFO FileScanRDD: Reading File path: hdfs://localhost:9000/weather/data/processed/weather_processed.parquet/part-00002-439e0679-4398-4693-b29d-071e4e70fed9-c000.snappy.parquet, range: 0-1001519, partition values: [empty row]
[2026-01-29T16:49:42.873+0530] {subprocess.py:106} INFO - 26/01/29 16:49:42 INFO FileScanRDD: Reading File path: hdfs://localhost:9000/weather/data/processed/weather_processed.parquet/part-00000-439e0679-4398-4693-b29d-071e4e70fed9-c000.snappy.parquet, range: 0-1468250, partition values: [empty row]
[2026-01-29T16:49:42.873+0530] {subprocess.py:106} INFO - 26/01/29 16:49:42 INFO FileScanRDD: Reading File path: hdfs://localhost:9000/weather/data/processed/weather_processed.parquet/part-00001-439e0679-4398-4693-b29d-071e4e70fed9-c000.snappy.parquet, range: 0-995052, partition values: [empty row]
[2026-01-29T16:49:42.978+0530] {subprocess.py:106} INFO - 26/01/29 16:49:42 INFO Executor: Finished task 3.0 in stage 41.0 (TID 39). 2936 bytes result sent to driver
[2026-01-29T16:49:42.979+0530] {subprocess.py:106} INFO - 26/01/29 16:49:42 INFO Executor: Finished task 2.0 in stage 41.0 (TID 38). 2936 bytes result sent to driver
[2026-01-29T16:49:42.979+0530] {subprocess.py:106} INFO - 26/01/29 16:49:42 INFO TaskSetManager: Finished task 3.0 in stage 41.0 (TID 39) in 174 ms on Aishwarya92848DBDA (executor driver) (1/4)
[2026-01-29T16:49:42.980+0530] {subprocess.py:106} INFO - 26/01/29 16:49:42 INFO TaskSetManager: Finished task 2.0 in stage 41.0 (TID 38) in 175 ms on Aishwarya92848DBDA (executor driver) (2/4)
[2026-01-29T16:49:43.004+0530] {subprocess.py:106} INFO - 26/01/29 16:49:43 INFO Executor: Finished task 0.0 in stage 41.0 (TID 36). 2936 bytes result sent to driver
[2026-01-29T16:49:43.005+0530] {subprocess.py:106} INFO - 26/01/29 16:49:43 INFO TaskSetManager: Finished task 0.0 in stage 41.0 (TID 36) in 200 ms on Aishwarya92848DBDA (executor driver) (3/4)
[2026-01-29T16:49:43.016+0530] {subprocess.py:106} INFO - 26/01/29 16:49:43 INFO Executor: Finished task 1.0 in stage 41.0 (TID 37). 2936 bytes result sent to driver
[2026-01-29T16:49:43.020+0530] {subprocess.py:106} INFO - 26/01/29 16:49:43 INFO TaskSetManager: Finished task 1.0 in stage 41.0 (TID 37) in 214 ms on Aishwarya92848DBDA (executor driver) (4/4)
[2026-01-29T16:49:43.020+0530] {subprocess.py:106} INFO - 26/01/29 16:49:43 INFO TaskSchedulerImpl: Removed TaskSet 41.0, whose tasks have all completed, from pool
[2026-01-29T16:49:43.021+0530] {subprocess.py:106} INFO - 26/01/29 16:49:43 INFO DAGScheduler: ShuffleMapStage 41 (parquet at NativeMethodAccessorImpl.java:0) finished in 0.222 s
[2026-01-29T16:49:43.021+0530] {subprocess.py:106} INFO - 26/01/29 16:49:43 INFO DAGScheduler: looking for newly runnable stages
[2026-01-29T16:49:43.021+0530] {subprocess.py:106} INFO - 26/01/29 16:49:43 INFO DAGScheduler: running: Set()
[2026-01-29T16:49:43.021+0530] {subprocess.py:106} INFO - 26/01/29 16:49:43 INFO DAGScheduler: waiting: Set()
[2026-01-29T16:49:43.021+0530] {subprocess.py:106} INFO - 26/01/29 16:49:43 INFO DAGScheduler: failed: Set()
[2026-01-29T16:49:43.025+0530] {subprocess.py:106} INFO - 26/01/29 16:49:43 INFO ShufflePartitionsUtil: For shuffle(10), advisory target size: 67108864, actual target size 1048576, minimum partition size: 1048576
[2026-01-29T16:49:43.033+0530] {subprocess.py:106} INFO - 26/01/29 16:49:43 INFO HashAggregateExec: spark.sql.codegen.aggregate.map.twolevel.enabled is set to true, but current version of codegened fast hashmap does not support this aggregate.
[2026-01-29T16:49:43.055+0530] {subprocess.py:106} INFO - 26/01/29 16:49:43 INFO CodeGenerator: Code generated in 16.056486 ms
[2026-01-29T16:49:43.083+0530] {subprocess.py:106} INFO - 26/01/29 16:49:43 INFO SparkContext: Starting job: parquet at NativeMethodAccessorImpl.java:0
[2026-01-29T16:49:43.084+0530] {subprocess.py:106} INFO - 26/01/29 16:49:43 INFO DAGScheduler: Got job 22 (parquet at NativeMethodAccessorImpl.java:0) with 1 output partitions
[2026-01-29T16:49:43.084+0530] {subprocess.py:106} INFO - 26/01/29 16:49:43 INFO DAGScheduler: Final stage: ResultStage 43 (parquet at NativeMethodAccessorImpl.java:0)
[2026-01-29T16:49:43.084+0530] {subprocess.py:106} INFO - 26/01/29 16:49:43 INFO DAGScheduler: Parents of final stage: List(ShuffleMapStage 42)
[2026-01-29T16:49:43.084+0530] {subprocess.py:106} INFO - 26/01/29 16:49:43 INFO DAGScheduler: Missing parents: List()
[2026-01-29T16:49:43.085+0530] {subprocess.py:106} INFO - 26/01/29 16:49:43 INFO DAGScheduler: Submitting ResultStage 43 (MapPartitionsRDD[75] at parquet at NativeMethodAccessorImpl.java:0), which has no missing parents
[2026-01-29T16:49:43.089+0530] {subprocess.py:106} INFO - 26/01/29 16:49:43 INFO MemoryStore: Block broadcast_28 stored as values in memory (estimated size 55.8 KiB, free 365.8 MiB)
[2026-01-29T16:49:43.090+0530] {subprocess.py:106} INFO - 26/01/29 16:49:43 INFO MemoryStore: Block broadcast_28_piece0 stored as bytes in memory (estimated size 24.2 KiB, free 365.8 MiB)
[2026-01-29T16:49:43.091+0530] {subprocess.py:106} INFO - 26/01/29 16:49:43 INFO BlockManagerInfo: Added broadcast_28_piece0 in memory on Aishwarya92848DBDA:34839 (size: 24.2 KiB, free: 366.2 MiB)
[2026-01-29T16:49:43.091+0530] {subprocess.py:106} INFO - 26/01/29 16:49:43 INFO SparkContext: Created broadcast 28 from broadcast at DAGScheduler.scala:1585
[2026-01-29T16:49:43.091+0530] {subprocess.py:106} INFO - 26/01/29 16:49:43 INFO DAGScheduler: Submitting 1 missing tasks from ResultStage 43 (MapPartitionsRDD[75] at parquet at NativeMethodAccessorImpl.java:0) (first 15 tasks are for partitions Vector(0))
[2026-01-29T16:49:43.092+0530] {subprocess.py:106} INFO - 26/01/29 16:49:43 INFO TaskSchedulerImpl: Adding task set 43.0 with 1 tasks resource profile 0
[2026-01-29T16:49:43.093+0530] {subprocess.py:106} INFO - 26/01/29 16:49:43 INFO TaskSetManager: Starting task 0.0 in stage 43.0 (TID 40) (Aishwarya92848DBDA, executor driver, partition 0, NODE_LOCAL, 7615 bytes)
[2026-01-29T16:49:43.094+0530] {subprocess.py:106} INFO - 26/01/29 16:49:43 INFO Executor: Running task 0.0 in stage 43.0 (TID 40)
[2026-01-29T16:49:43.102+0530] {subprocess.py:106} INFO - 26/01/29 16:49:43 INFO ShuffleBlockFetcherIterator: Getting 4 (88.9 KiB) non-empty blocks including 4 (88.9 KiB) local and 0 (0.0 B) host-local and 0 (0.0 B) push-merged-local and 0 (0.0 B) remote blocks
[2026-01-29T16:49:43.103+0530] {subprocess.py:106} INFO - 26/01/29 16:49:43 INFO ShuffleBlockFetcherIterator: Started 0 remote fetches in 0 ms
[2026-01-29T16:49:43.120+0530] {subprocess.py:106} INFO - 26/01/29 16:49:43 INFO CodeGenerator: Code generated in 16.395129 ms
[2026-01-29T16:49:43.136+0530] {subprocess.py:106} INFO - 26/01/29 16:49:43 INFO Executor: Finished task 0.0 in stage 43.0 (TID 40). 78638 bytes result sent to driver
[2026-01-29T16:49:43.138+0530] {subprocess.py:106} INFO - 26/01/29 16:49:43 INFO TaskSetManager: Finished task 0.0 in stage 43.0 (TID 40) in 46 ms on Aishwarya92848DBDA (executor driver) (1/1)
[2026-01-29T16:49:43.138+0530] {subprocess.py:106} INFO - 26/01/29 16:49:43 INFO TaskSchedulerImpl: Removed TaskSet 43.0, whose tasks have all completed, from pool
[2026-01-29T16:49:43.139+0530] {subprocess.py:106} INFO - 26/01/29 16:49:43 INFO DAGScheduler: ResultStage 43 (parquet at NativeMethodAccessorImpl.java:0) finished in 0.052 s
[2026-01-29T16:49:43.139+0530] {subprocess.py:106} INFO - 26/01/29 16:49:43 INFO DAGScheduler: Job 22 is finished. Cancelling potential speculative or zombie tasks for this job
[2026-01-29T16:49:43.140+0530] {subprocess.py:106} INFO - 26/01/29 16:49:43 INFO TaskSchedulerImpl: Killing all running tasks in stage 43: Stage finished
[2026-01-29T16:49:43.140+0530] {subprocess.py:106} INFO - 26/01/29 16:49:43 INFO DAGScheduler: Job 22 finished: parquet at NativeMethodAccessorImpl.java:0, took 0.057088 s
[2026-01-29T16:49:43.143+0530] {subprocess.py:106} INFO - 26/01/29 16:49:43 INFO DAGScheduler: Registering RDD 76 (parquet at NativeMethodAccessorImpl.java:0) as input to shuffle 11
[2026-01-29T16:49:43.144+0530] {subprocess.py:106} INFO - 26/01/29 16:49:43 INFO DAGScheduler: Got map stage job 23 (parquet at NativeMethodAccessorImpl.java:0) with 1 output partitions
[2026-01-29T16:49:43.144+0530] {subprocess.py:106} INFO - 26/01/29 16:49:43 INFO DAGScheduler: Final stage: ShuffleMapStage 45 (parquet at NativeMethodAccessorImpl.java:0)
[2026-01-29T16:49:43.144+0530] {subprocess.py:106} INFO - 26/01/29 16:49:43 INFO DAGScheduler: Parents of final stage: List(ShuffleMapStage 44)
[2026-01-29T16:49:43.144+0530] {subprocess.py:106} INFO - 26/01/29 16:49:43 INFO DAGScheduler: Missing parents: List()
[2026-01-29T16:49:43.144+0530] {subprocess.py:106} INFO - 26/01/29 16:49:43 INFO DAGScheduler: Submitting ShuffleMapStage 45 (MapPartitionsRDD[76] at parquet at NativeMethodAccessorImpl.java:0), which has no missing parents
[2026-01-29T16:49:43.152+0530] {subprocess.py:106} INFO - 26/01/29 16:49:43 INFO MemoryStore: Block broadcast_29 stored as values in memory (estimated size 70.0 KiB, free 365.7 MiB)
[2026-01-29T16:49:43.153+0530] {subprocess.py:106} INFO - 26/01/29 16:49:43 INFO MemoryStore: Block broadcast_29_piece0 stored as bytes in memory (estimated size 27.2 KiB, free 365.7 MiB)
[2026-01-29T16:49:43.154+0530] {subprocess.py:106} INFO - 26/01/29 16:49:43 INFO BlockManagerInfo: Added broadcast_29_piece0 in memory on Aishwarya92848DBDA:34839 (size: 27.2 KiB, free: 366.2 MiB)
[2026-01-29T16:49:43.154+0530] {subprocess.py:106} INFO - 26/01/29 16:49:43 INFO SparkContext: Created broadcast 29 from broadcast at DAGScheduler.scala:1585
[2026-01-29T16:49:43.155+0530] {subprocess.py:106} INFO - 26/01/29 16:49:43 INFO DAGScheduler: Submitting 1 missing tasks from ShuffleMapStage 45 (MapPartitionsRDD[76] at parquet at NativeMethodAccessorImpl.java:0) (first 15 tasks are for partitions Vector(0))
[2026-01-29T16:49:43.155+0530] {subprocess.py:106} INFO - 26/01/29 16:49:43 INFO TaskSchedulerImpl: Adding task set 45.0 with 1 tasks resource profile 0
[2026-01-29T16:49:43.156+0530] {subprocess.py:106} INFO - 26/01/29 16:49:43 INFO TaskSetManager: Starting task 0.0 in stage 45.0 (TID 41) (Aishwarya92848DBDA, executor driver, partition 0, NODE_LOCAL, 7604 bytes)
[2026-01-29T16:49:43.156+0530] {subprocess.py:106} INFO - 26/01/29 16:49:43 INFO Executor: Running task 0.0 in stage 45.0 (TID 41)
[2026-01-29T16:49:43.163+0530] {subprocess.py:106} INFO - 26/01/29 16:49:43 INFO ShuffleBlockFetcherIterator: Getting 4 (88.9 KiB) non-empty blocks including 4 (88.9 KiB) local and 0 (0.0 B) host-local and 0 (0.0 B) push-merged-local and 0 (0.0 B) remote blocks
[2026-01-29T16:49:43.163+0530] {subprocess.py:106} INFO - 26/01/29 16:49:43 INFO ShuffleBlockFetcherIterator: Started 0 remote fetches in 1 ms
[2026-01-29T16:49:43.207+0530] {subprocess.py:106} INFO - 26/01/29 16:49:43 INFO Executor: Finished task 0.0 in stage 45.0 (TID 41). 5675 bytes result sent to driver
[2026-01-29T16:49:43.208+0530] {subprocess.py:106} INFO - 26/01/29 16:49:43 INFO TaskSetManager: Finished task 0.0 in stage 45.0 (TID 41) in 53 ms on Aishwarya92848DBDA (executor driver) (1/1)
[2026-01-29T16:49:43.209+0530] {subprocess.py:106} INFO - 26/01/29 16:49:43 INFO TaskSchedulerImpl: Removed TaskSet 45.0, whose tasks have all completed, from pool
[2026-01-29T16:49:43.209+0530] {subprocess.py:106} INFO - 26/01/29 16:49:43 INFO DAGScheduler: ShuffleMapStage 45 (parquet at NativeMethodAccessorImpl.java:0) finished in 0.062 s
[2026-01-29T16:49:43.209+0530] {subprocess.py:106} INFO - 26/01/29 16:49:43 INFO DAGScheduler: looking for newly runnable stages
[2026-01-29T16:49:43.210+0530] {subprocess.py:106} INFO - 26/01/29 16:49:43 INFO DAGScheduler: running: Set()
[2026-01-29T16:49:43.210+0530] {subprocess.py:106} INFO - 26/01/29 16:49:43 INFO DAGScheduler: waiting: Set()
[2026-01-29T16:49:43.210+0530] {subprocess.py:106} INFO - 26/01/29 16:49:43 INFO DAGScheduler: failed: Set()
[2026-01-29T16:49:43.212+0530] {subprocess.py:106} INFO - 26/01/29 16:49:43 INFO ShufflePartitionsUtil: For shuffle(11), advisory target size: 67108864, actual target size 1048576, minimum partition size: 1048576
[2026-01-29T16:49:43.229+0530] {subprocess.py:106} INFO - 26/01/29 16:49:43 INFO ParquetUtils: Using default output committer for Parquet: org.apache.parquet.hadoop.ParquetOutputCommitter
[2026-01-29T16:49:43.230+0530] {subprocess.py:106} INFO - 26/01/29 16:49:43 INFO FileOutputCommitter: File Output Committer Algorithm version is 1
[2026-01-29T16:49:43.230+0530] {subprocess.py:106} INFO - 26/01/29 16:49:43 INFO FileOutputCommitter: FileOutputCommitter skip cleanup _temporary folders under output directory:false, ignore cleanup failures: false
[2026-01-29T16:49:43.231+0530] {subprocess.py:106} INFO - 26/01/29 16:49:43 INFO SQLHadoopMapReduceCommitProtocol: Using user defined output committer class org.apache.parquet.hadoop.ParquetOutputCommitter
[2026-01-29T16:49:43.231+0530] {subprocess.py:106} INFO - 26/01/29 16:49:43 INFO FileOutputCommitter: File Output Committer Algorithm version is 1
[2026-01-29T16:49:43.231+0530] {subprocess.py:106} INFO - 26/01/29 16:49:43 INFO FileOutputCommitter: FileOutputCommitter skip cleanup _temporary folders under output directory:false, ignore cleanup failures: false
[2026-01-29T16:49:43.231+0530] {subprocess.py:106} INFO - 26/01/29 16:49:43 INFO SQLHadoopMapReduceCommitProtocol: Using output committer class org.apache.parquet.hadoop.ParquetOutputCommitter
[2026-01-29T16:49:43.242+0530] {subprocess.py:106} INFO - 26/01/29 16:49:43 INFO SparkContext: Starting job: parquet at NativeMethodAccessorImpl.java:0
[2026-01-29T16:49:43.243+0530] {subprocess.py:106} INFO - 26/01/29 16:49:43 INFO DAGScheduler: Got job 24 (parquet at NativeMethodAccessorImpl.java:0) with 1 output partitions
[2026-01-29T16:49:43.243+0530] {subprocess.py:106} INFO - 26/01/29 16:49:43 INFO DAGScheduler: Final stage: ResultStage 48 (parquet at NativeMethodAccessorImpl.java:0)
[2026-01-29T16:49:43.244+0530] {subprocess.py:106} INFO - 26/01/29 16:49:43 INFO DAGScheduler: Parents of final stage: List(ShuffleMapStage 47)
[2026-01-29T16:49:43.244+0530] {subprocess.py:106} INFO - 26/01/29 16:49:43 INFO DAGScheduler: Missing parents: List()
[2026-01-29T16:49:43.244+0530] {subprocess.py:106} INFO - 26/01/29 16:49:43 INFO DAGScheduler: Submitting ResultStage 48 (MapPartitionsRDD[79] at parquet at NativeMethodAccessorImpl.java:0), which has no missing parents
[2026-01-29T16:49:43.259+0530] {subprocess.py:106} INFO - 26/01/29 16:49:43 INFO MemoryStore: Block broadcast_30 stored as values in memory (estimated size 250.0 KiB, free 365.4 MiB)
[2026-01-29T16:49:43.260+0530] {subprocess.py:106} INFO - 26/01/29 16:49:43 INFO MemoryStore: Block broadcast_30_piece0 stored as bytes in memory (estimated size 92.6 KiB, free 365.3 MiB)
[2026-01-29T16:49:43.261+0530] {subprocess.py:106} INFO - 26/01/29 16:49:43 INFO BlockManagerInfo: Added broadcast_30_piece0 in memory on Aishwarya92848DBDA:34839 (size: 92.6 KiB, free: 366.1 MiB)
[2026-01-29T16:49:43.261+0530] {subprocess.py:106} INFO - 26/01/29 16:49:43 INFO SparkContext: Created broadcast 30 from broadcast at DAGScheduler.scala:1585
[2026-01-29T16:49:43.262+0530] {subprocess.py:106} INFO - 26/01/29 16:49:43 INFO DAGScheduler: Submitting 1 missing tasks from ResultStage 48 (MapPartitionsRDD[79] at parquet at NativeMethodAccessorImpl.java:0) (first 15 tasks are for partitions Vector(0))
[2026-01-29T16:49:43.262+0530] {subprocess.py:106} INFO - 26/01/29 16:49:43 INFO TaskSchedulerImpl: Adding task set 48.0 with 1 tasks resource profile 0
[2026-01-29T16:49:43.263+0530] {subprocess.py:106} INFO - 26/01/29 16:49:43 INFO TaskSetManager: Starting task 0.0 in stage 48.0 (TID 42) (Aishwarya92848DBDA, executor driver, partition 0, NODE_LOCAL, 7615 bytes)
[2026-01-29T16:49:43.263+0530] {subprocess.py:106} INFO - 26/01/29 16:49:43 INFO Executor: Running task 0.0 in stage 48.0 (TID 42)
[2026-01-29T16:49:43.272+0530] {subprocess.py:106} INFO - 26/01/29 16:49:43 INFO ShuffleBlockFetcherIterator: Getting 1 (48.8 KiB) non-empty blocks including 1 (48.8 KiB) local and 0 (0.0 B) host-local and 0 (0.0 B) push-merged-local and 0 (0.0 B) remote blocks
[2026-01-29T16:49:43.272+0530] {subprocess.py:106} INFO - 26/01/29 16:49:43 INFO ShuffleBlockFetcherIterator: Started 0 remote fetches in 0 ms
[2026-01-29T16:49:43.276+0530] {subprocess.py:106} INFO - 26/01/29 16:49:43 INFO FileOutputCommitter: File Output Committer Algorithm version is 1
[2026-01-29T16:49:43.277+0530] {subprocess.py:106} INFO - 26/01/29 16:49:43 INFO FileOutputCommitter: FileOutputCommitter skip cleanup _temporary folders under output directory:false, ignore cleanup failures: false
[2026-01-29T16:49:43.277+0530] {subprocess.py:106} INFO - 26/01/29 16:49:43 INFO SQLHadoopMapReduceCommitProtocol: Using user defined output committer class org.apache.parquet.hadoop.ParquetOutputCommitter
[2026-01-29T16:49:43.277+0530] {subprocess.py:106} INFO - 26/01/29 16:49:43 INFO FileOutputCommitter: File Output Committer Algorithm version is 1
[2026-01-29T16:49:43.278+0530] {subprocess.py:106} INFO - 26/01/29 16:49:43 INFO FileOutputCommitter: FileOutputCommitter skip cleanup _temporary folders under output directory:false, ignore cleanup failures: false
[2026-01-29T16:49:43.278+0530] {subprocess.py:106} INFO - 26/01/29 16:49:43 INFO SQLHadoopMapReduceCommitProtocol: Using output committer class org.apache.parquet.hadoop.ParquetOutputCommitter
[2026-01-29T16:49:43.278+0530] {subprocess.py:106} INFO - 26/01/29 16:49:43 INFO CodecConfig: Compression: SNAPPY
[2026-01-29T16:49:43.278+0530] {subprocess.py:106} INFO - 26/01/29 16:49:43 INFO CodecConfig: Compression: SNAPPY
[2026-01-29T16:49:43.279+0530] {subprocess.py:106} INFO - 26/01/29 16:49:43 INFO ParquetOutputFormat: ParquetRecordWriter [block size: 134217728b, row group padding size: 8388608b, validating: false]
[2026-01-29T16:49:43.280+0530] {subprocess.py:106} INFO - 26/01/29 16:49:43 INFO ParquetWriteSupport: Initialized Parquet WriteSupport with Catalyst schema:
[2026-01-29T16:49:43.280+0530] {subprocess.py:106} INFO - {
[2026-01-29T16:49:43.280+0530] {subprocess.py:106} INFO -   "type" : "struct",
[2026-01-29T16:49:43.281+0530] {subprocess.py:106} INFO -   "fields" : [ {
[2026-01-29T16:49:43.281+0530] {subprocess.py:106} INFO -     "name" : "city",
[2026-01-29T16:49:43.281+0530] {subprocess.py:106} INFO -     "type" : "string",
[2026-01-29T16:49:43.281+0530] {subprocess.py:106} INFO -     "nullable" : true,
[2026-01-29T16:49:43.281+0530] {subprocess.py:106} INFO -     "metadata" : { }
[2026-01-29T16:49:43.281+0530] {subprocess.py:106} INFO -   }, {
[2026-01-29T16:49:43.281+0530] {subprocess.py:106} INFO -     "name" : "year",
[2026-01-29T16:49:43.281+0530] {subprocess.py:106} INFO -     "type" : "integer",
[2026-01-29T16:49:43.282+0530] {subprocess.py:106} INFO -     "nullable" : true,
[2026-01-29T16:49:43.282+0530] {subprocess.py:106} INFO -     "metadata" : { }
[2026-01-29T16:49:43.282+0530] {subprocess.py:106} INFO -   }, {
[2026-01-29T16:49:43.282+0530] {subprocess.py:106} INFO -     "name" : "season",
[2026-01-29T16:49:43.282+0530] {subprocess.py:106} INFO -     "type" : "string",
[2026-01-29T16:49:43.282+0530] {subprocess.py:106} INFO -     "nullable" : true,
[2026-01-29T16:49:43.282+0530] {subprocess.py:106} INFO -     "metadata" : { }
[2026-01-29T16:49:43.282+0530] {subprocess.py:106} INFO -   }, {
[2026-01-29T16:49:43.283+0530] {subprocess.py:106} INFO -     "name" : "avg_wind_speed",
[2026-01-29T16:49:43.283+0530] {subprocess.py:106} INFO -     "type" : "double",
[2026-01-29T16:49:43.283+0530] {subprocess.py:106} INFO -     "nullable" : true,
[2026-01-29T16:49:43.283+0530] {subprocess.py:106} INFO -     "metadata" : { }
[2026-01-29T16:49:43.283+0530] {subprocess.py:106} INFO -   }, {
[2026-01-29T16:49:43.283+0530] {subprocess.py:106} INFO -     "name" : "max_wind_gust",
[2026-01-29T16:49:43.283+0530] {subprocess.py:106} INFO -     "type" : "double",
[2026-01-29T16:49:43.283+0530] {subprocess.py:106} INFO -     "nullable" : true,
[2026-01-29T16:49:43.284+0530] {subprocess.py:106} INFO -     "metadata" : { }
[2026-01-29T16:49:43.284+0530] {subprocess.py:106} INFO -   } ]
[2026-01-29T16:49:43.284+0530] {subprocess.py:106} INFO - }
[2026-01-29T16:49:43.284+0530] {subprocess.py:106} INFO - and corresponding Parquet message type:
[2026-01-29T16:49:43.284+0530] {subprocess.py:106} INFO - message spark_schema {
[2026-01-29T16:49:43.284+0530] {subprocess.py:106} INFO -   optional binary city (STRING);
[2026-01-29T16:49:43.284+0530] {subprocess.py:106} INFO -   optional int32 year;
[2026-01-29T16:49:43.284+0530] {subprocess.py:106} INFO -   optional binary season (STRING);
[2026-01-29T16:49:43.284+0530] {subprocess.py:106} INFO -   optional double avg_wind_speed;
[2026-01-29T16:49:43.285+0530] {subprocess.py:106} INFO -   optional double max_wind_gust;
[2026-01-29T16:49:43.285+0530] {subprocess.py:106} INFO - }
[2026-01-29T16:49:43.285+0530] {subprocess.py:106} INFO - 
[2026-01-29T16:49:43.285+0530] {subprocess.py:106} INFO - 
[2026-01-29T16:49:43.309+0530] {subprocess.py:106} INFO - 26/01/29 16:49:43 INFO FileOutputCommitter: Saved output of task 'attempt_202601291649437108609120953577711_0048_m_000000_42' to hdfs://localhost:9000/weather/analytics/city_seasonal_wind/_temporary/0/task_202601291649437108609120953577711_0048_m_000000
[2026-01-29T16:49:43.310+0530] {subprocess.py:106} INFO - 26/01/29 16:49:43 INFO SparkHadoopMapRedUtil: attempt_202601291649437108609120953577711_0048_m_000000_42: Committed. Elapsed time: 3 ms.
[2026-01-29T16:49:43.310+0530] {subprocess.py:106} INFO - 26/01/29 16:49:43 INFO Executor: Finished task 0.0 in stage 48.0 (TID 42). 7771 bytes result sent to driver
[2026-01-29T16:49:43.311+0530] {subprocess.py:106} INFO - 26/01/29 16:49:43 INFO TaskSetManager: Finished task 0.0 in stage 48.0 (TID 42) in 48 ms on Aishwarya92848DBDA (executor driver) (1/1)
[2026-01-29T16:49:43.312+0530] {subprocess.py:106} INFO - 26/01/29 16:49:43 INFO TaskSchedulerImpl: Removed TaskSet 48.0, whose tasks have all completed, from pool
[2026-01-29T16:49:43.313+0530] {subprocess.py:106} INFO - 26/01/29 16:49:43 INFO DAGScheduler: ResultStage 48 (parquet at NativeMethodAccessorImpl.java:0) finished in 0.066 s
[2026-01-29T16:49:43.313+0530] {subprocess.py:106} INFO - 26/01/29 16:49:43 INFO DAGScheduler: Job 24 is finished. Cancelling potential speculative or zombie tasks for this job
[2026-01-29T16:49:43.313+0530] {subprocess.py:106} INFO - 26/01/29 16:49:43 INFO TaskSchedulerImpl: Killing all running tasks in stage 48: Stage finished
[2026-01-29T16:49:43.313+0530] {subprocess.py:106} INFO - 26/01/29 16:49:43 INFO DAGScheduler: Job 24 finished: parquet at NativeMethodAccessorImpl.java:0, took 0.070573 s
[2026-01-29T16:49:43.314+0530] {subprocess.py:106} INFO - 26/01/29 16:49:43 INFO FileFormatWriter: Start to commit write Job 9738b312-471d-40dc-abaa-fb80668cb8a3.
[2026-01-29T16:49:43.326+0530] {subprocess.py:106} INFO - 26/01/29 16:49:43 INFO FileFormatWriter: Write Job 9738b312-471d-40dc-abaa-fb80668cb8a3 committed. Elapsed time: 11 ms.
[2026-01-29T16:49:43.326+0530] {subprocess.py:106} INFO - 26/01/29 16:49:43 INFO FileFormatWriter: Finished processing stats for write job 9738b312-471d-40dc-abaa-fb80668cb8a3.
[2026-01-29T16:49:43.327+0530] {subprocess.py:106} INFO - 26/01/29 16:49:43 INFO SparkContext: SparkContext is stopping with exitCode 0.
[2026-01-29T16:49:43.341+0530] {subprocess.py:106} INFO - 26/01/29 16:49:43 INFO SparkUI: Stopped Spark web UI at http://Aishwarya92848DBDA:4040
[2026-01-29T16:49:43.370+0530] {subprocess.py:106} INFO - 26/01/29 16:49:43 INFO MapOutputTrackerMasterEndpoint: MapOutputTrackerMasterEndpoint stopped!
[2026-01-29T16:49:43.390+0530] {subprocess.py:106} INFO - 26/01/29 16:49:43 INFO MemoryStore: MemoryStore cleared
[2026-01-29T16:49:43.390+0530] {subprocess.py:106} INFO - 26/01/29 16:49:43 INFO BlockManager: BlockManager stopped
[2026-01-29T16:49:43.399+0530] {subprocess.py:106} INFO - 26/01/29 16:49:43 INFO BlockManagerMaster: BlockManagerMaster stopped
[2026-01-29T16:49:43.402+0530] {subprocess.py:106} INFO - 26/01/29 16:49:43 INFO OutputCommitCoordinator$OutputCommitCoordinatorEndpoint: OutputCommitCoordinator stopped!
[2026-01-29T16:49:43.410+0530] {subprocess.py:106} INFO - 26/01/29 16:49:43 INFO SparkContext: Successfully stopped SparkContext
[2026-01-29T16:49:43.931+0530] {subprocess.py:106} INFO - 26/01/29 16:49:43 INFO ShutdownHookManager: Shutdown hook called
[2026-01-29T16:49:43.932+0530] {subprocess.py:106} INFO - 26/01/29 16:49:43 INFO ShutdownHookManager: Deleting directory /tmp/spark-6e1b3707-bb9f-4c22-9d02-04f85ade57f2
[2026-01-29T16:49:43.936+0530] {subprocess.py:106} INFO - 26/01/29 16:49:43 INFO ShutdownHookManager: Deleting directory /tmp/spark-b9a2a29d-ca48-477f-bcce-97eb2e342377
[2026-01-29T16:49:43.940+0530] {subprocess.py:106} INFO - 26/01/29 16:49:43 INFO ShutdownHookManager: Deleting directory /tmp/spark-b9a2a29d-ca48-477f-bcce-97eb2e342377/pyspark-3f2aa5aa-3255-47a1-926c-893772542c4e
[2026-01-29T16:49:44.040+0530] {subprocess.py:110} INFO - Command exited with return code 0
[2026-01-29T16:49:44.060+0530] {taskinstance.py:349} INFO - ::group::Post task execution logs
[2026-01-29T16:49:44.060+0530] {taskinstance.py:361} INFO - Marking task as SUCCESS. dag_id=weather_system_pipeline_v5, task_id=analyze_weather_data, run_id=scheduled__2026-01-27T00:00:00+00:00, execution_date=20260127T000000, start_date=20260129T111926, end_date=20260129T111944
[2026-01-29T16:49:44.086+0530] {local_task_job_runner.py:266} INFO - Task exited with return code 0
[2026-01-29T16:49:44.093+0530] {taskinstance.py:3924} INFO - 0 downstream tasks scheduled from follow-on schedule check
[2026-01-29T16:49:44.094+0530] {local_task_job_runner.py:245} INFO - ::endgroup::
